Sa_est_nm,Sa_true_bw_nm,Sa_true_nm,Sq_est_nm,Sq_true_bw_nm,Sq_true_nm,Sz_est_nm,Sz_true_bw_nm,Sz_true_nm,bias_Sa_bw_nm,bias_Sa_nm,bias_Sq_bw_nm,bias_Sq_nm,bias_Sz_bw_nm,bias_Sz_nm,deadtime1_s,deadtime2_s,file,height_rmse_nm,lambda1_nm,lambda2_nm,lambda_class_nm,lambda_eff_nm,material,material_code,method,nx,ny,rep,sample_group,stem,sur_resample,treatment,treatment_code,unwrap_method
790.6211318898908,370.44200772359346,382.78488492918075,1046.7327239588221,560.8800217865193,924.2360826616774,8730.796207280493,17289.644262562797,44222.947324976805,420.17912416629736,407.83624696071,485.8527021723028,122.49664129714475,-8558.848055282304,-35492.15111769631,0.0,0.0,/Users/dawid/Library/Mobile Documents/com~apple~CloudDocs/Dokumenty/Publikacje własne/Manuscripts/Quantum_interference/data/1.4301_oselkowane.sur,1203.2615976506129,810.0000000000001,809.0,532.0,655289.9999999508,Stainless steel 1.4301 (AISI 304),1.4301,classical,384,384,0,,1.4301_oselkowane,area,Honed,oselkowane,simple
684.100668021628,370.44200772359346,382.78488492918075,903.8143859303657,560.8800217865193,924.2360826616774,19557.42992961061,17289.644262562797,44222.947324976805,313.6586602980346,301.3157830924473,342.9343641438464,-20.42169673131171,2267.7856670478154,-24665.51739536619,0.0,0.0,/Users/dawid/Library/Mobile Documents/com~apple~CloudDocs/Dokumenty/Publikacje własne/Manuscripts/Quantum_interference/data/1.4301_oselkowane.sur,710.355289943603,810.0000000000001,809.0,532.0,655289.9999999508,Stainless steel 1.4301 (AISI 304),1.4301,quantum_like,384,384,0,,1.4301_oselkowane,area,Honed,oselkowane,simple
359.7504608694638,370.44200772359346,382.78488492918075,483.3037687524052,560.8800217865193,924.2360826616774,8989.512955527409,17289.644262562797,44222.947324976805,-10.691546854129703,-23.03442405971701,-77.57625303411409,-440.9323139092722,-8300.131307035388,-35233.434369449395,0.0,0.0,/Users/dawid/Library/Mobile Documents/com~apple~CloudDocs/Dokumenty/Publikacje własne/Manuscripts/Quantum_interference/data/1.4301_oselkowane.sur,288.88662740266125,810.0000000000001,809.0,532.0,655289.9999999508,Stainless steel 1.4301 (AISI 304),1.4301,hybrid,384,384,0,,1.4301_oselkowane,area,Honed,oselkowane,simple
862.205429662895,397.68964471807294,453.17839917015544,1121.6931425895527,481.94799094043367,539.7002414210604,9091.333654551025,2923.629338118136,4309.3120301784875,464.515784944822,409.0270304927395,639.7451516491192,581.9929011684925,6167.704316432889,4782.021624372537,0.0,0.0,/Users/dawid/Library/Mobile Documents/com~apple~CloudDocs/Dokumenty/Publikacje własne/Manuscripts/Quantum_interference/data/1.4301_szkielkowane.sur,1201.224633592924,810.0000000000001,809.0,532.0,655289.9999999508,Stainless steel 1.4301 (AISI 304),1.4301,classical,384,384,0,,1.4301_szkielkowane,area,Glass bead blasted,szkielkowane,simple
684.9635263653079,397.68964471807294,453.17839917015544,857.2198087552433,481.94799094043367,539.7002414210604,7185.908497960502,2923.629338118136,4309.3120301784875,287.27388164723493,231.78512719515246,375.27181781480965,317.519567334183,4262.279159842366,2876.5964677820143,0.0,0.0,/Users/dawid/Library/Mobile Documents/com~apple~CloudDocs/Dokumenty/Publikacje własne/Manuscripts/Quantum_interference/data/1.4301_szkielkowane.sur,709.6028381379423,810.0000000000001,809.0,532.0,655289.9999999508,Stainless steel 1.4301 (AISI 304),1.4301,quantum_like,384,384,0,,1.4301_szkielkowane,area,Glass bead blasted,szkielkowane,simple
279.64115221140713,397.68964471807294,453.17839917015544,342.4543060669703,481.94799094043367,539.7002414210604,2765.5755960860997,2923.629338118136,4309.3120301784875,-118.04849250666584,-173.5372469587483,-139.4936848734634,-197.24593535409002,-158.05374203203598,-1543.736434092388,0.0,0.0,/Users/dawid/Library/Mobile Documents/com~apple~CloudDocs/Dokumenty/Publikacje własne/Manuscripts/Quantum_interference/data/1.4301_szkielkowane.sur,348.8183765621995,810.0000000000001,809.0,532.0,655289.9999999508,Stainless steel 1.4301 (AISI 304),1.4301,hybrid,384,384,0,,1.4301_szkielkowane,area,Glass bead blasted,szkielkowane,simple
31.95938456069599,31.959460864610843,33.84118699522956,39.39578925603843,39.39568335910058,41.899689585882065,295.01770625452957,294.4287286917873,417.17396197934573,-7.630391485013142e-05,-1.8818024345335727,0.00010589693784256307,-2.5039003298436375,0.588977562742302,-122.15625572481615,0.0,0.0,/Users/dawid/Library/Mobile Documents/com~apple~CloudDocs/Dokumenty/Publikacje własne/Manuscripts/Quantum_interference/data/1.4301_szlifowane.sur,0.2491936551646215,810.0000000000001,809.0,532.0,655289.9999999508,Stainless steel 1.4301 (AISI 304),1.4301,classical,384,384,0,,1.4301_szlifowane,area,Grinding,szlifowane,simple
567.8171681419944,31.959460864610843,33.84118699522956,710.8941264310973,39.39568335910058,41.899689585882065,6409.461918615524,294.4287286917873,417.17396197934573,535.8577072773836,533.975981146765,671.4984430719968,668.9944368452152,6115.033189923737,5992.287956636178,0.0,0.0,/Users/dawid/Library/Mobile Documents/com~apple~CloudDocs/Dokumenty/Publikacje własne/Manuscripts/Quantum_interference/data/1.4301_szlifowane.sur,709.8557424513865,810.0000000000001,809.0,532.0,655289.9999999508,Stainless steel 1.4301 (AISI 304),1.4301,quantum_like,384,384,0,,1.4301_szlifowane,area,Grinding,szlifowane,simple
106.93344823675628,31.959460864610843,33.84118699522956,154.94986585079275,39.39568335910058,41.899689585882065,1239.91072145164,294.4287286917873,417.17396197934573,74.97398737214543,73.0922612415267,115.55418249169217,113.05017626491069,945.4819927598528,822.7367594722944,0.0,0.0,/Users/dawid/Library/Mobile Documents/com~apple~CloudDocs/Dokumenty/Publikacje własne/Manuscripts/Quantum_interference/data/1.4301_szlifowane.sur,154.59386487111772,810.0000000000001,809.0,532.0,655289.9999999508,Stainless steel 1.4301 (AISI 304),1.4301,hybrid,384,384,0,,1.4301_szlifowane,area,Grinding,szlifowane,simple
834.4467452121665,667.5085428357019,719.0243698335206,1081.1302831167627,911.6044641605722,1182.6790015108243,9703.782814995224,40379.177619195776,88645.45204885582,166.93820237646466,115.42237537864601,169.5258189561904,-101.54871839406165,-30675.39480420055,-78941.6692338606,0.0,0.0,/Users/dawid/Library/Mobile Documents/com~apple~CloudDocs/Dokumenty/Publikacje własne/Manuscripts/Quantum_interference/data/1.4301_t_wyk.sur,1407.5110320203526,810.0000000000001,809.0,532.0,655289.9999999508,Stainless steel 1.4301 (AISI 304),1.4301,classical,384,384,0,,1.4301_t_wyk,area,Turning (finishing),t_wyk,simple
874.050273648043,667.5085428357019,719.0243698335206,1155.8917253564398,911.6044641605722,1182.6790015108243,40530.56900487125,40379.177619195776,88645.45204885582,206.54173081234114,155.02590381452248,244.28726119586767,-26.78727615438436,151.39138567547525,-48114.88304398457,0.0,0.0,/Users/dawid/Library/Mobile Documents/com~apple~CloudDocs/Dokumenty/Publikacje własne/Manuscripts/Quantum_interference/data/1.4301_t_wyk.sur,709.2110115013692,810.0000000000001,809.0,532.0,655289.9999999508,Stainless steel 1.4301 (AISI 304),1.4301,quantum_like,384,384,0,,1.4301_t_wyk,area,Turning (finishing),t_wyk,simple
349.02070442931176,667.5085428357019,719.0243698335206,512.56221865114,911.6044641605722,1182.6790015108243,16500.697488036836,40379.177619195776,88645.45204885582,-318.48783840639015,-370.0036654042088,-399.04224550943223,-670.1167828596842,-23878.48013115894,-72144.75456081898,0.0,0.0,/Users/dawid/Library/Mobile Documents/com~apple~CloudDocs/Dokumenty/Publikacje własne/Manuscripts/Quantum_interference/data/1.4301_t_wyk.sur,619.2413856125964,810.0000000000001,809.0,532.0,655289.9999999508,Stainless steel 1.4301 (AISI 304),1.4301,hybrid,384,384,0,,1.4301_t_wyk,area,Turning (finishing),t_wyk,simple
643.7171560611905,434.40175715252997,467.573643958579,829.6974037956875,562.0228635045755,606.1052304901839,6781.9520038033115,3250.2339770310136,3779.3551222935625,209.31539890866057,176.14351210261154,267.67454029111195,223.59217330550356,3531.718026772298,3002.5968815097494,0.0,0.0,/Users/dawid/Library/Mobile Documents/com~apple~CloudDocs/Dokumenty/Publikacje własne/Manuscripts/Quantum_interference/data/AL_oselkowane.sur,913.0274368041524,810.0000000000001,809.0,532.0,655289.9999999508,Aluminium 7075,AL,classical,384,384,0,,AL_oselkowane,area,Honed,oselkowane,simple
719.7370767322808,434.40175715252997,467.573643958579,903.0162261626575,562.0228635045755,606.1052304901839,7795.4954483049705,3250.2339770310136,3779.3551222935625,285.33531957975083,252.16343277370183,340.993362658082,296.9109956724736,4545.261471273957,4016.140326011408,0.0,0.0,/Users/dawid/Library/Mobile Documents/com~apple~CloudDocs/Dokumenty/Publikacje własne/Manuscripts/Quantum_interference/data/AL_oselkowane.sur,710.1214749925117,810.0000000000001,809.0,532.0,655289.9999999508,Aluminium 7075,AL,quantum_like,384,384,0,,AL_oselkowane,area,Honed,oselkowane,simple
298.4563866675878,434.40175715252997,467.573643958579,368.1488157779416,562.0228635045755,606.1052304901839,2770.405472954642,3250.2339770310136,3779.3551222935625,-135.94537048494217,-169.1172572909912,-193.87404772663393,-237.95641471224232,-479.828504076372,-1008.9496493389205,0.0,0.0,/Users/dawid/Library/Mobile Documents/com~apple~CloudDocs/Dokumenty/Publikacje własne/Manuscripts/Quantum_interference/data/AL_oselkowane.sur,392.06362747717577,810.0000000000001,809.0,532.0,655289.9999999508,Aluminium 7075,AL,hybrid,384,384,0,,AL_oselkowane,area,Honed,oselkowane,simple
931.0994278071105,533.1923029499998,546.3689426510782,1213.1069122791355,707.910069385118,922.2410215602662,10133.934829798936,43512.51092895624,85338.86653628112,397.90712485711066,384.7304851560323,505.1968428940174,290.8658907188692,-33378.576099157304,-75204.93170648218,0.0,0.0,/Users/dawid/Library/Mobile Documents/com~apple~CloudDocs/Dokumenty/Publikacje własne/Manuscripts/Quantum_interference/data/Al7075_t_wyk.sur,1346.1452308832581,810.0000000000001,809.0,532.0,655289.9999999508,Aluminium 7075,Al7075,classical,384,384,0,,Al7075_t_wyk,area,Turning (finishing),t_wyk,simple
780.6264128169162,533.1923029499998,546.3689426510782,1003.0205520065672,707.910069385118,922.2410215602662,44021.67279803049,43512.51092895624,85338.86653628112,247.43410986691632,234.25747016583796,295.1104826214492,80.77953044630102,509.16186907425407,-41317.19373825062,0.0,0.0,/Users/dawid/Library/Mobile Documents/com~apple~CloudDocs/Dokumenty/Publikacje własne/Manuscripts/Quantum_interference/data/Al7075_t_wyk.sur,709.972879299662,810.0000000000001,809.0,532.0,655289.9999999508,Aluminium 7075,Al7075,quantum_like,384,384,0,,Al7075_t_wyk,area,Turning (finishing),t_wyk,simple
508.6566492921387,533.1923029499998,546.3689426510782,651.5875337304319,707.910069385118,922.2410215602662,12093.865884956767,43512.51092895624,85338.86653628112,-24.53565365786115,-37.71229335893952,-56.32253565468616,-270.6534878298343,-31418.645043999473,-73245.00065132434,0.0,0.0,/Users/dawid/Library/Mobile Documents/com~apple~CloudDocs/Dokumenty/Publikacje własne/Manuscripts/Quantum_interference/data/Al7075_t_wyk.sur,300.43479866250334,810.0000000000001,809.0,532.0,655289.9999999508,Aluminium 7075,Al7075,hybrid,384,384,0,,Al7075_t_wyk,area,Turning (finishing),t_wyk,simple
729.8765202773218,295.5019687090061,299.70349938185274,959.4104690785745,357.94343901521125,364.15267521941,8007.226659919976,2525.742051918396,3032.6030471767835,434.37455156831567,430.1730208954691,601.4670300633632,595.2577938591644,5481.4846080015795,4974.623612743192,0.0,0.0,/Users/dawid/Library/Mobile Documents/com~apple~CloudDocs/Dokumenty/Publikacje własne/Manuscripts/Quantum_interference/data/Al_szkielkowane.sur,1020.4653813207293,810.0000000000001,809.0,532.0,655289.9999999508,Aluminium 7075,Al,classical,384,384,0,,Al_szkielkowane,area,Glass bead blasted,szkielkowane,simple
634.9263254241209,295.5019687090061,299.70349938185274,794.6640710028876,357.94343901521125,364.15267521941,7065.616675129501,2525.742051918396,3032.6030471767835,339.42435671511487,335.22282604226825,436.72063198767626,430.5113957834775,4539.874623211105,4033.013627952718,0.0,0.0,/Users/dawid/Library/Mobile Documents/com~apple~CloudDocs/Dokumenty/Publikacje własne/Manuscripts/Quantum_interference/data/Al_szkielkowane.sur,710.6903822179371,810.0000000000001,809.0,532.0,655289.9999999508,Aluminium 7075,Al,quantum_like,384,384,0,,Al_szkielkowane,area,Glass bead blasted,szkielkowane,simple
304.98629282285407,295.5019687090061,299.70349938185274,370.8705216268149,357.94343901521125,364.15267521941,2537.5387305742997,2525.742051918396,3032.6030471767835,9.484324113847917,5.282793441001323,12.927082611603634,6.717846407404866,11.796678655903834,-495.0643166024838,0.0,0.0,/Users/dawid/Library/Mobile Documents/com~apple~CloudDocs/Dokumenty/Publikacje własne/Manuscripts/Quantum_interference/data/Al_szkielkowane.sur,176.14834152197432,810.0000000000001,809.0,532.0,655289.9999999508,Aluminium 7075,Al,hybrid,384,384,0,,Al_szkielkowane,area,Glass bead blasted,szkielkowane,simple
66.27378225443331,64.64059552009462,66.55707432300152,86.47298171541601,82.5965356268205,84.85770719843457,1028.8060417096933,494.8598877629803,638.6250286224301,1.633186734338693,-0.28329206856820754,3.876446088595521,1.6152745169814435,533.946153946713,390.1810130872632,0.0,0.0,/Users/dawid/Library/Mobile Documents/com~apple~CloudDocs/Dokumenty/Publikacje własne/Manuscripts/Quantum_interference/data/Al_szlifowane.sur,25.508227506435457,810.0000000000001,809.0,532.0,655289.9999999508,Aluminium 7075,Al,classical,384,384,0,,Al_szlifowane,area,Grinding,szlifowane,simple
570.6826004236397,64.64059552009462,66.55707432300152,715.681716491467,82.5965356268205,84.85770719843457,6793.09422877338,494.8598877629803,638.6250286224301,506.0420049035451,504.1255261006381,633.0851808646465,630.8240092930324,6298.2343410104,6154.46920015095,0.0,0.0,/Users/dawid/Library/Mobile Documents/com~apple~CloudDocs/Dokumenty/Publikacje własne/Manuscripts/Quantum_interference/data/Al_szlifowane.sur,711.3156295346795,810.0000000000001,809.0,532.0,655289.9999999508,Aluminium 7075,Al,quantum_like,384,384,0,,Al_szlifowane,area,Grinding,szlifowane,simple
128.0697340154106,64.64059552009462,66.55707432300152,170.2420481922279,82.5965356268205,84.85770719843457,1474.1753982022985,494.8598877629803,638.6250286224301,63.42913849531598,61.51265969240908,87.64551256540743,85.38434099379334,979.3155104393181,835.5503695798683,0.0,0.0,/Users/dawid/Library/Mobile Documents/com~apple~CloudDocs/Dokumenty/Publikacje własne/Manuscripts/Quantum_interference/data/Al_szlifowane.sur,154.63743633162184,810.0000000000001,809.0,532.0,655289.9999999508,Aluminium 7075,Al,hybrid,384,384,0,,Al_szlifowane,area,Grinding,szlifowane,simple
565.1580613524193,257.55370430266316,297.16816890965,708.8292106837496,313.0818430641457,365.33382951310733,5006.123123238845,2007.5659264763929,2768.298898994887,307.6043570497562,267.9898924427693,395.74736761960384,343.4953811706422,2998.5571967624523,2237.824224243958,0.0,0.0,/Users/dawid/Library/Mobile Documents/com~apple~CloudDocs/Dokumenty/Publikacje własne/Manuscripts/Quantum_interference/data/C45_oselkowane.sur,690.8080824841971,810.0000000000001,809.0,532.0,655289.9999999508,Steel C45,C45,classical,384,384,0,,C45_oselkowane,area,Honed,oselkowane,simple
620.3837997507247,257.55370430266316,297.16816890965,775.9691415069293,313.0818430641457,365.33382951310733,6846.765564431981,2007.5659264763929,2768.298898994887,362.8300954480615,323.2156308410747,462.88729844278356,410.6353119938219,4839.1996379555885,4078.466665437094,0.0,0.0,/Users/dawid/Library/Mobile Documents/com~apple~CloudDocs/Dokumenty/Publikacje własne/Manuscripts/Quantum_interference/data/C45_oselkowane.sur,710.225275555921,810.0000000000001,809.0,532.0,655289.9999999508,Steel C45,C45,quantum_like,384,384,0,,C45_oselkowane,area,Honed,oselkowane,simple
184.96763596517343,257.55370430266316,297.16816890965,230.7335373546791,313.0818430641457,365.33382951310733,1961.5344621377762,2007.5659264763929,2768.298898994887,-72.58606833748973,-112.20053294447658,-82.3483057094666,-134.60029215842823,-46.03146433861652,-806.7644368571107,0.0,0.0,/Users/dawid/Library/Mobile Documents/com~apple~CloudDocs/Dokumenty/Publikacje własne/Manuscripts/Quantum_interference/data/C45_oselkowane.sur,293.65747710007685,810.0000000000001,809.0,532.0,655289.9999999508,Steel C45,C45,hybrid,384,384,0,,C45_oselkowane,area,Honed,oselkowane,simple
890.0260341643262,245.5158406070807,304.0087497191734,1133.2852986491707,304.9275135223134,380.88187998390504,8668.730263539313,2050.2247331297126,2637.5771352498405,644.5101935572455,586.0172844451529,828.3577851268574,752.4034186652657,6618.5055304096,6031.153128289473,0.0,0.0,/Users/dawid/Library/Mobile Documents/com~apple~CloudDocs/Dokumenty/Publikacje własne/Manuscripts/Quantum_interference/data/C45_szkielkowane.sur,1167.5338048366266,810.0000000000001,809.0,532.0,655289.9999999508,Steel C45,C45,classical,384,384,0,,C45_szkielkowane,area,Glass bead blasted,szkielkowane,simple
615.8462254428913,245.5158406070807,304.0087497191734,770.9009610206758,304.9275135223134,380.88187998390504,7068.403583513796,2050.2247331297126,2637.5771352498405,370.3303848358106,311.83747572371783,465.9734474983625,390.0190810367708,5018.178850384083,4430.826448263955,0.0,0.0,/Users/dawid/Library/Mobile Documents/com~apple~CloudDocs/Dokumenty/Publikacje własne/Manuscripts/Quantum_interference/data/C45_szkielkowane.sur,708.2677648749905,810.0000000000001,809.0,532.0,655289.9999999508,Steel C45,C45,quantum_like,384,384,0,,C45_szkielkowane,area,Glass bead blasted,szkielkowane,simple
158.62536965221852,245.5158406070807,304.0087497191734,198.99930061618517,304.9275135223134,380.88187998390504,1707.4282100055482,2050.2247331297126,2637.5771352498405,-86.89047095486217,-145.3833800669549,-105.92821290612821,-181.88257936771987,-342.79652312416454,-930.1489252442925,0.0,0.0,/Users/dawid/Library/Mobile Documents/com~apple~CloudDocs/Dokumenty/Publikacje własne/Manuscripts/Quantum_interference/data/C45_szkielkowane.sur,303.4763284745423,810.0000000000001,809.0,532.0,655289.9999999508,Steel C45,C45,hybrid,384,384,0,,C45_szkielkowane,area,Glass bead blasted,szkielkowane,simple
917.0301341733394,257.40700459572884,294.2677905732902,1153.210156853632,324.1384358516213,373.10076478927004,8548.619928211407,2597.028874240986,4746.313267479542,659.6231295776107,622.7623436000492,829.0717210020107,780.1093920643619,5951.59105397042,3802.3066607318638,0.0,0.0,/Users/dawid/Library/Mobile Documents/com~apple~CloudDocs/Dokumenty/Publikacje własne/Manuscripts/Quantum_interference/data/C45_szlifowane.sur,1112.9251827706696,810.0000000000001,809.0,532.0,655289.9999999508,Steel C45,C45,classical,384,384,0,,C45_szlifowane,area,Grinding,szlifowane,simple
624.4567807029996,257.40700459572884,294.2677905732902,782.8347767541643,324.1384358516213,373.10076478927004,6694.823037937408,2597.028874240986,4746.313267479542,367.04977610727076,330.1889901297094,458.69634090254306,409.7340119648943,4097.794163696422,1948.509770457866,0.0,0.0,/Users/dawid/Library/Mobile Documents/com~apple~CloudDocs/Dokumenty/Publikacje własne/Manuscripts/Quantum_interference/data/C45_szlifowane.sur,711.3287622647459,810.0000000000001,809.0,532.0,655289.9999999508,Steel C45,C45,quantum_like,384,384,0,,C45_szlifowane,area,Grinding,szlifowane,simple
216.14731322044312,257.40700459572884,294.2677905732902,267.7177988252904,324.1384358516213,373.10076478927004,2029.1654701203179,2597.028874240986,4746.313267479542,-41.259691375285705,-78.12047735284709,-56.42063702633092,-105.38296596397969,-567.8634041206682,-2717.1477973592246,0.0,0.0,/Users/dawid/Library/Mobile Documents/com~apple~CloudDocs/Dokumenty/Publikacje własne/Manuscripts/Quantum_interference/data/C45_szlifowane.sur,266.46243405306916,810.0000000000001,809.0,532.0,655289.9999999508,Steel C45,C45,hybrid,384,384,0,,C45_szlifowane,area,Grinding,szlifowane,simple
847.8787568617444,2903.487731406728,3227.486193601588,1121.61422683964,4002.9883936931906,4810.678022931261,11373.072723993693,95279.07776685555,102791.46656079737,-2055.6089745449835,-2379.6074367398437,-2881.3741668535504,-3689.0637960916206,-83906.00504286186,-91418.39383680368,0.0,0.0,/Users/dawid/Library/Mobile Documents/com~apple~CloudDocs/Dokumenty/Publikacje własne/Manuscripts/Quantum_interference/data/C45_t_wyk.sur,4161.835702065833,810.0000000000001,809.0,532.0,655289.9999999508,Steel C45,C45,classical,384,384,0,,C45_t_wyk,area,Turning (finishing),t_wyk,simple
2964.632627939893,2903.487731406728,3227.486193601588,4066.423529331974,4002.9883936931906,4810.678022931261,97186.01956705836,95279.07776685555,102791.46656079737,61.14489653316484,-262.85356566169503,63.43513563878331,-744.2544935992867,1906.9418002028121,-5605.446993739004,0.0,0.0,/Users/dawid/Library/Mobile Documents/com~apple~CloudDocs/Dokumenty/Publikacje własne/Manuscripts/Quantum_interference/data/C45_t_wyk.sur,710.4549848467302,810.0000000000001,809.0,532.0,655289.9999999508,Steel C45,C45,quantum_like,384,384,0,,C45_t_wyk,area,Turning (finishing),t_wyk,simple
1868.631964352217,2903.487731406728,3227.486193601588,2432.270576095638,4002.9883936931906,4810.678022931261,39875.66954527442,95279.07776685555,102791.46656079737,-1034.8557670545113,-1358.854229249371,-1570.7178175975532,-2378.407446835623,-55403.40822158114,-62915.79701552296,0.0,0.0,/Users/dawid/Library/Mobile Documents/com~apple~CloudDocs/Dokumenty/Publikacje własne/Manuscripts/Quantum_interference/data/C45_t_wyk.sur,2717.4888488268957,810.0000000000001,809.0,532.0,655289.9999999508,Steel C45,C45,hybrid,384,384,0,,C45_t_wyk,area,Turning (finishing),t_wyk,simple
826.783933764722,1342.4114468342752,1520.863677324698,1072.9832756982887,2054.646812033018,2711.1025465307293,9948.919637311274,43635.0339949804,95448.76015739111,-515.6275130695533,-694.0797435599761,-981.6635363347293,-1638.1192708324406,-33686.11435766913,-85499.84052007983,0.0,0.0,/Users/dawid/Library/Mobile Documents/com~apple~CloudDocs/Dokumenty/Publikacje własne/Manuscripts/Quantum_interference/data/ELLOR_t_wyk.sur,2334.2536000732175,810.0000000000001,809.0,532.0,655289.9999999508,Graphite,ELLOR,classical,384,384,0,,ELLOR_t_wyk,area,Turning (finishing),t_wyk,simple
1476.4587243168717,1342.4114468342752,1520.863677324698,2174.0664227434067,2054.646812033018,2711.1025465307293,43943.42437675232,43635.0339949804,95448.76015739111,134.04727748259637,-44.40495300782639,119.41961071038902,-537.0361237873221,308.39038177192316,-51505.33578063879,0.0,0.0,/Users/dawid/Library/Mobile Documents/com~apple~CloudDocs/Dokumenty/Publikacje własne/Manuscripts/Quantum_interference/data/ELLOR_t_wyk.sur,711.160947358288,810.0000000000001,809.0,532.0,655289.9999999508,Graphite,ELLOR,quantum_like,384,384,0,,ELLOR_t_wyk,area,Turning (finishing),t_wyk,simple
807.6369168453965,1342.4114468342752,1520.863677324698,1110.1913864917506,2054.646812033018,2711.1025465307293,17596.114124866523,43635.0339949804,95448.76015739111,-534.7745299888787,-713.2267604793016,-944.4554255412673,-1600.9111600389786,-26038.919870113878,-77852.64603252459,0.0,0.0,/Users/dawid/Library/Mobile Documents/com~apple~CloudDocs/Dokumenty/Publikacje własne/Manuscripts/Quantum_interference/data/ELLOR_t_wyk.sur,1441.7546316019557,810.0000000000001,809.0,532.0,655289.9999999508,Graphite,ELLOR,hybrid,384,384,0,,ELLOR_t_wyk,area,Turning (finishing),t_wyk,simple
723.6272039433027,169.32348373228493,182.7126111276782,937.0867450215329,358.7649176553475,690.4123953098978,7496.629327794288,27055.82039298537,72932.940179508,554.3037202110177,540.9145928156244,578.3218273661854,246.6743497116352,-19559.19106519108,-65436.310851713715,0.0,0.0,/Users/dawid/Library/Mobile Documents/com~apple~CloudDocs/Dokumenty/Publikacje własne/Manuscripts/Quantum_interference/data/Graphite_oselkowane.sur,994.5396817857531,810.0000000000001,809.0,532.0,655289.9999999508,Graphite,Graphite,classical,384,384,0,,Graphite_oselkowane,area,Honed,oselkowane,simple
601.7700649893063,169.32348373228493,182.7126111276782,793.8401910653392,358.7649176553475,690.4123953098978,26273.87163250156,27055.82039298537,72932.940179508,432.4465812570214,419.0574538616281,435.07527340999167,103.42779575544144,-781.9487604838099,-46659.06854700644,0.0,0.0,/Users/dawid/Library/Mobile Documents/com~apple~CloudDocs/Dokumenty/Publikacje własne/Manuscripts/Quantum_interference/data/Graphite_oselkowane.sur,709.2530252184425,810.0000000000001,809.0,532.0,655289.9999999508,Graphite,Graphite,quantum_like,384,384,0,,Graphite_oselkowane,area,Honed,oselkowane,simple
198.58305274673498,169.32348373228493,182.7126111276782,285.1732300614854,358.7649176553475,690.4123953098978,9077.99429231449,27055.82039298537,72932.940179508,29.259569014450047,15.87044161905679,-73.59168759386209,-405.23916524841235,-17977.826100670878,-63854.94588719351,0.0,0.0,/Users/dawid/Library/Mobile Documents/com~apple~CloudDocs/Dokumenty/Publikacje własne/Manuscripts/Quantum_interference/data/Graphite_oselkowane.sur,269.20190050182566,810.0000000000001,809.0,532.0,655289.9999999508,Graphite,Graphite,hybrid,384,384,0,,Graphite_oselkowane,area,Honed,oselkowane,simple
903.1483439685326,3938.5433373238798,4108.088201239449,1159.5028368539793,4972.519340315079,5287.391144681693,9769.614565929656,69555.97409919245,134314.12938102838,-3035.394993355347,-3204.9398572709165,-3813.0165034610995,-4127.888307827713,-59786.35953326279,-124544.51481509874,0.0,0.0,/Users/dawid/Library/Mobile Documents/com~apple~CloudDocs/Dokumenty/Publikacje własne/Manuscripts/Quantum_interference/data/Graphite_szkielkowane.sur,5106.003590652132,810.0000000000001,809.0,532.0,655289.9999999508,Graphite,Graphite,classical,384,384,0,,Graphite_szkielkowane,area,Glass bead blasted,szkielkowane,simple
3978.837283742906,3938.5433373238798,4108.088201239449,5021.721159422224,4972.519340315079,5287.391144681693,70105.71713575868,69555.97409919245,134314.12938102838,40.293946419026476,-129.2509174965429,49.20181910714567,-265.6699852594679,549.743036566233,-64208.41224526972,0.0,0.0,/Users/dawid/Library/Mobile Documents/com~apple~CloudDocs/Dokumenty/Publikacje własne/Manuscripts/Quantum_interference/data/Graphite_szkielkowane.sur,709.1390998591484,810.0000000000001,809.0,532.0,655289.9999999508,Graphite,Graphite,quantum_like,384,384,0,,Graphite_szkielkowane,area,Glass bead blasted,szkielkowane,simple
3062.426711685369,3938.5433373238798,4108.088201239449,3880.336544119306,4972.519340315079,5287.391144681693,31164.3179347747,69555.97409919245,134314.12938102838,-876.1166256385109,-1045.6614895540802,-1092.182796195773,-1407.054600562387,-38391.65616441774,-103149.81144625369,0.0,0.0,/Users/dawid/Library/Mobile Documents/com~apple~CloudDocs/Dokumenty/Publikacje własne/Manuscripts/Quantum_interference/data/Graphite_szkielkowane.sur,1998.1934269231579,810.0000000000001,809.0,532.0,655289.9999999508,Graphite,Graphite,hybrid,384,384,0,,Graphite_szkielkowane,area,Glass bead blasted,szkielkowane,simple
855.8025769094619,697.1338227587333,734.1358655009894,1119.5875110310285,929.9994802990783,988.924907794223,9402.689286802093,25195.937848300215,31332.969758396513,158.66875415072857,121.66671140847241,189.5880307319501,130.66260323680547,-15793.248561498121,-21930.280471594422,0.0,0.0,/Users/dawid/Library/Mobile Documents/com~apple~CloudDocs/Dokumenty/Publikacje własne/Manuscripts/Quantum_interference/data/Graphite_szlifowane.sur,1421.8429344814638,810.0000000000001,809.0,532.0,655289.9999999508,Graphite,Graphite,classical,384,384,0,,Graphite_szlifowane,area,Grinding,szlifowane,simple
899.2089707933256,697.1338227587333,734.1358655009894,1168.362995932718,929.9994802990783,988.924907794223,25814.807784938515,25195.937848300215,31332.969758396513,202.0751480345924,165.07310529233624,238.36351563363962,179.438088138495,618.8699366382998,-5518.161973457999,0.0,0.0,/Users/dawid/Library/Mobile Documents/com~apple~CloudDocs/Dokumenty/Publikacje własne/Manuscripts/Quantum_interference/data/Graphite_szlifowane.sur,708.4428085762956,810.0000000000001,809.0,532.0,655289.9999999508,Graphite,Graphite,quantum_like,384,384,0,,Graphite_szlifowane,area,Grinding,szlifowane,simple
618.6542472412657,697.1338227587333,734.1358655009894,793.2837425067602,929.9994802990783,988.924907794223,13699.915040795424,25195.937848300215,31332.969758396513,-78.47957551746757,-115.48161825972372,-136.71573779231812,-195.64116528746277,-11496.02280750479,-17633.054717601088,0.0,0.0,/Users/dawid/Library/Mobile Documents/com~apple~CloudDocs/Dokumenty/Publikacje własne/Manuscripts/Quantum_interference/data/Graphite_szlifowane.sur,431.7808054620215,810.0000000000001,809.0,532.0,655289.9999999508,Graphite,Graphite,hybrid,384,384,0,,Graphite_szlifowane,area,Grinding,szlifowane,simple
0.41758866446440956,0.36907056756677825,0.38374216577089826,0.5187176670892466,0.45425144015451246,0.49961149964288243,10.571250793262015,11.041962007138556,14.90811096860517,0.04851809689763132,0.0338464986935113,0.06446622693473407,0.019106167446364147,-0.47071121387654236,-4.336860175343155,0.0,0.0,/Users/dawid/Library/Mobile Documents/com~apple~CloudDocs/Dokumenty/Publikacje własne/Manuscripts/Quantum_interference/data/MO58A_t_wyk.sur,0.24961363539178927,810.0000000000001,809.0,532.0,655289.9999999508,Brass,MO58A,classical,384,384,0,,MO58A_t_wyk,area,Turning (finishing),t_wyk,simple
566.003469072129,0.36907056756677825,0.38374216577089826,709.8702295584517,0.45425144015451246,0.49961149964288243,6554.21704871807,11.041962007138556,14.90811096860517,565.6343985045621,565.619726906358,709.4159781182972,709.3706180588088,6543.175086710931,6539.308937749465,0.0,0.0,/Users/dawid/Library/Mobile Documents/com~apple~CloudDocs/Dokumenty/Publikacje własne/Manuscripts/Quantum_interference/data/MO58A_t_wyk.sur,709.870726070019,810.0000000000001,809.0,532.0,655289.9999999508,Brass,MO58A,quantum_like,384,384,0,,MO58A_t_wyk,area,Turning (finishing),t_wyk,simple
87.85343621711534,0.36907056756677825,0.38374216577089826,153.34555077395714,0.45425144015451246,0.49961149964288243,1070.7837989454301,11.041962007138556,14.90811096860517,87.48436564954856,87.46969405134445,152.89129933380266,152.84593927431428,1059.7418369382915,1055.875687976825,0.0,0.0,/Users/dawid/Library/Mobile Documents/com~apple~CloudDocs/Dokumenty/Publikacje własne/Manuscripts/Quantum_interference/data/MO58A_t_wyk.sur,153.34762018677452,810.0000000000001,809.0,532.0,655289.9999999508,Brass,MO58A,hybrid,384,384,0,,MO58A_t_wyk,area,Turning (finishing),t_wyk,simple
924.4487752204795,736.6203937447175,792.9141407912094,1189.823112058095,963.2877191879955,1032.4920184592152,9440.977466960394,15076.426405991766,23497.55744491682,187.82838147576194,131.53463442927003,226.53539287009949,157.33109359887982,-5635.448939031373,-14056.579977956428,0.0,0.0,/Users/dawid/Library/Mobile Documents/com~apple~CloudDocs/Dokumenty/Publikacje własne/Manuscripts/Quantum_interference/data/Mosiadz_oselkowane.sur,1357.529561947889,810.0000000000001,809.0,532.0,655289.9999999508,Brass,Mosiadz,classical,384,384,0,,Mosiadz_oselkowane,area,Honed,oselkowane,simple
931.2321920931605,736.6203937447175,792.9141407912094,1197.5956742176102,963.2877191879955,1032.4920184592152,17025.683608257812,15076.426405991766,23497.55744491682,194.6117983484429,138.318051301951,234.3079550296146,165.1036557583949,1949.2572022660443,-6471.8738366590105,0.0,0.0,/Users/dawid/Library/Mobile Documents/com~apple~CloudDocs/Dokumenty/Publikacje własne/Manuscripts/Quantum_interference/data/Mosiadz_oselkowane.sur,711.7232342764923,810.0000000000001,809.0,532.0,655289.9999999508,Brass,Mosiadz,quantum_like,384,384,0,,Mosiadz_oselkowane,area,Honed,oselkowane,simple
440.70499692501454,736.6203937447175,792.9141407912094,611.1658495381921,963.2877191879955,1032.4920184592152,5302.867351359609,15076.426405991766,23497.55744491682,-295.915396819703,-352.2091438661949,-352.12186964980344,-421.3261689210231,-9773.559054632156,-18194.690093557212,0.0,0.0,/Users/dawid/Library/Mobile Documents/com~apple~CloudDocs/Dokumenty/Publikacje własne/Manuscripts/Quantum_interference/data/Mosiadz_oselkowane.sur,600.0858765203654,810.0000000000001,809.0,532.0,655289.9999999508,Brass,Mosiadz,hybrid,384,384,0,,Mosiadz_oselkowane,area,Honed,oselkowane,simple
1029.4872492275267,2055.5913367132807,2155.756816476956,1323.059433615284,2596.9000233483534,2802.067527088578,10926.324915019475,44213.28257409525,82025.36716815887,-1026.104087485754,-1126.2695672494294,-1273.8405897330697,-1479.0080934732941,-33286.95765907577,-71099.0422531394,0.0,0.0,/Users/dawid/Library/Mobile Documents/com~apple~CloudDocs/Dokumenty/Publikacje własne/Manuscripts/Quantum_interference/data/Mosiadz_szkielkowane.sur,2805.7003654475534,810.0000000000001,809.0,532.0,655289.9999999508,Brass,Mosiadz,classical,384,384,0,,Mosiadz_szkielkowane,area,Glass bead blasted,szkielkowane,simple
2122.301572011941,2055.5913367132807,2155.756816476956,2687.6417586784023,2596.9000233483534,2802.067527088578,43677.77823283372,44213.28257409525,82025.36716815887,66.71023529866054,-33.45524446501478,90.74173533004864,-114.4257684101757,-535.5043412615237,-38347.588935325155,0.0,0.0,/Users/dawid/Library/Mobile Documents/com~apple~CloudDocs/Dokumenty/Publikacje własne/Manuscripts/Quantum_interference/data/Mosiadz_szkielkowane.sur,709.862823698235,810.0000000000001,809.0,532.0,655289.9999999508,Brass,Mosiadz,quantum_like,384,384,0,,Mosiadz_szkielkowane,area,Glass bead blasted,szkielkowane,simple
1041.5812412684322,2055.5913367132807,2155.756816476956,1306.1253215555282,2596.9000233483534,2802.067527088578,11080.111734755033,44213.28257409525,82025.36716815887,-1014.0100954448484,-1114.1755752085237,-1290.7747017928255,-1495.9422055330497,-33133.170839340215,-70945.25543340384,0.0,0.0,/Users/dawid/Library/Mobile Documents/com~apple~CloudDocs/Dokumenty/Publikacje własne/Manuscripts/Quantum_interference/data/Mosiadz_szkielkowane.sur,1593.3537892615404,810.0000000000001,809.0,532.0,655289.9999999508,Brass,Mosiadz,hybrid,384,384,0,,Mosiadz_szkielkowane,area,Glass bead blasted,szkielkowane,simple
834.0896009859626,157247.52520386296,169535.81421614034,1082.7035660963716,190944.7807959656,204695.70044101938,10233.03917602632,1076037.610195612,1248162.7352467102,-156413.435602877,-168701.72461515438,-189862.07722986923,-203612.996874923,-1065804.571019586,-1237929.696070684,0.0,0.0,/Users/dawid/Library/Mobile Documents/com~apple~CloudDocs/Dokumenty/Publikacje własne/Manuscripts/Quantum_interference/data/Mosiadz_szlifowane.sur,190943.02851085953,810.0000000000001,809.0,532.0,655289.9999999508,Brass,Mosiadz,classical,384,384,0,,Mosiadz_szlifowane,area,Grinding,szlifowane,simple
567756.371104835,157247.52520386296,169535.81421614034,693911.501495388,190944.7807959656,204695.70044101938,4448992.956754993,1076037.610195612,1248162.7352467102,410508.84590097197,398220.5568886946,502966.7206994224,489215.80105436867,3372955.3465593806,3200830.2215082822,0.0,0.0,/Users/dawid/Library/Mobile Documents/com~apple~CloudDocs/Dokumenty/Publikacje własne/Manuscripts/Quantum_interference/data/Mosiadz_szlifowane.sur,684867.4120810585,810.0000000000001,809.0,532.0,655289.9999999508,Brass,Mosiadz,quantum_like,384,384,0,,Mosiadz_szlifowane,area,Grinding,szlifowane,simple
515392.88265660714,157247.52520386296,169535.81421614034,611636.0436519197,190944.7807959656,204695.70044101938,3205538.338679395,1076037.610195612,1248162.7352467102,358145.3574527442,345857.0684404668,420691.26285595406,406940.3432109003,2129500.728483783,1957375.603432685,0.0,0.0,/Users/dawid/Library/Mobile Documents/com~apple~CloudDocs/Dokumenty/Publikacje własne/Manuscripts/Quantum_interference/data/Mosiadz_szlifowane.sur,631852.518055437,810.0000000000001,809.0,532.0,655289.9999999508,Brass,Mosiadz,hybrid,384,384,0,,Mosiadz_szlifowane,area,Grinding,szlifowane,simple
882.4805722402813,1836.801705537178,1863.3965300423874,1147.4140724543217,2206.848776360736,2274.685531479601,9153.823118493261,23016.96486793393,42456.7727785019,-954.3211332968967,-980.915957802106,-1059.434703906414,-1127.2714590252795,-13863.141749440669,-33302.94966000864,0.0,0.0,/Users/dawid/Library/Mobile Documents/com~apple~CloudDocs/Dokumenty/Publikacje własne/Manuscripts/Quantum_interference/data/P1-1.4301-t.zgrub.sur,2477.1188613486383,810.0000000000001,809.0,532.0,655289.9999999508,Stainless steel 1.4301 (AISI 304),1.4301,classical,384,384,0,P1,P1-1.4301-t.zgrub,area,Turning (roughing),t.zgrub,simple
1905.770352056787,1836.801705537178,1863.3965300423874,2319.9019232795085,2206.848776360736,2274.685531479601,24368.11287914949,23016.96486793393,42456.7727785019,68.96864651960905,42.373822014399686,113.05314691877273,45.21639179990728,1351.148011215559,-18088.659899352413,0.0,0.0,/Users/dawid/Library/Mobile Documents/com~apple~CloudDocs/Dokumenty/Publikacje własne/Manuscripts/Quantum_interference/data/P1-1.4301-t.zgrub.sur,710.3780412521116,810.0000000000001,809.0,532.0,655289.9999999508,Stainless steel 1.4301 (AISI 304),1.4301,quantum_like,384,384,0,P1,P1-1.4301-t.zgrub,area,Turning (roughing),t.zgrub,simple
1475.564456055232,1836.801705537178,1863.3965300423874,1713.9658316350879,2206.848776360736,2274.685531479601,15229.379110893598,23016.96486793393,42456.7727785019,-361.23724948194604,-387.8320739871554,-492.882944725648,-560.7196998445135,-7787.585757040332,-27227.393667608307,0.0,0.0,/Users/dawid/Library/Mobile Documents/com~apple~CloudDocs/Dokumenty/Publikacje własne/Manuscripts/Quantum_interference/data/P1-1.4301-t.zgrub.sur,726.0614779974902,810.0000000000001,809.0,532.0,655289.9999999508,Stainless steel 1.4301 (AISI 304),1.4301,hybrid,384,384,0,P1,P1-1.4301-t.zgrub,area,Turning (roughing),t.zgrub,simple
931.3790194467783,313.3136051992397,347.6274194739767,1163.455407324353,428.3432279531097,601.8393081218546,8463.159481417826,24790.39366463767,78579.84712886067,618.0654142475386,583.7515999728016,735.1121793712432,561.6160992024983,-16327.234183219842,-70116.68764744284,0.0,0.0,/Users/dawid/Library/Mobile Documents/com~apple~CloudDocs/Dokumenty/Publikacje własne/Manuscripts/Quantum_interference/data/P1-1.4301_frez_wyk.sur,1227.738399793008,810.0000000000001,809.0,532.0,655289.9999999508,Stainless steel 1.4301 (AISI 304),1.4301,classical,384,384,0,P1,P1-1.4301_frez_wyk,area,Milling (finishing),frez_wyk,simple
651.2754362318943,313.3136051992397,347.6274194739767,827.4021270029331,428.3432279531097,601.8393081218546,26364.291239460086,24790.39366463767,78579.84712886067,337.9618310326547,303.6480167579177,399.0588990498233,225.56281888107839,1573.8975748224166,-52215.55588940058,0.0,0.0,/Users/dawid/Library/Mobile Documents/com~apple~CloudDocs/Dokumenty/Publikacje własne/Manuscripts/Quantum_interference/data/P1-1.4301_frez_wyk.sur,709.2779137074725,810.0000000000001,809.0,532.0,655289.9999999508,Stainless steel 1.4301 (AISI 304),1.4301,quantum_like,384,384,0,P1,P1-1.4301_frez_wyk,area,Milling (finishing),frez_wyk,simple
288.62511074189865,313.3136051992397,347.6274194739767,367.9335936427176,428.3432279531097,601.8393081218546,6267.578829276069,24790.39366463767,78579.84712886067,-24.688494457341076,-59.00230873207808,-60.40963431039214,-233.9057144791371,-18522.8148353616,-72312.2682995846,0.0,0.0,/Users/dawid/Library/Mobile Documents/com~apple~CloudDocs/Dokumenty/Publikacje własne/Manuscripts/Quantum_interference/data/P1-1.4301_frez_wyk.sur,248.88048189750074,810.0000000000001,809.0,532.0,655289.9999999508,Stainless steel 1.4301 (AISI 304),1.4301,hybrid,384,384,0,P1,P1-1.4301_frez_wyk,area,Milling (finishing),frez_wyk,simple
896.4867881445922,769.247408540633,779.0817824786186,1181.1577598688511,896.4825086882001,914.4578575056264,8055.410868808002,15006.470114876005,25224.51211973308,127.2393796039591,117.40500566597359,284.67525118065106,266.69990236322485,-6951.059246068003,-17169.101250925083,0.0,0.0,/Users/dawid/Library/Mobile Documents/com~apple~CloudDocs/Dokumenty/Publikacje własne/Manuscripts/Quantum_interference/data/P1-1.4301_frez_zgrub.sur,1024.524021239403,810.0000000000001,809.0,532.0,655289.9999999508,Stainless steel 1.4301 (AISI 304),1.4301,classical,384,384,0,P1,P1-1.4301_frez_zgrub,area,Milling (roughing),frez_zgrub,simple
929.7372377817015,769.247408540633,779.0817824786186,1140.4880934955384,896.4825086882001,914.4578575056264,18079.679278490294,15006.470114876005,25224.51211973308,160.4898292410685,150.655455303083,244.00558480733827,226.0302359899121,3073.2091636142877,-7144.83284124279,0.0,0.0,/Users/dawid/Library/Mobile Documents/com~apple~CloudDocs/Dokumenty/Publikacje własne/Manuscripts/Quantum_interference/data/P1-1.4301_frez_zgrub.sur,707.8546457127904,810.0000000000001,809.0,532.0,655289.9999999508,Stainless steel 1.4301 (AISI 304),1.4301,quantum_like,384,384,0,P1,P1-1.4301_frez_zgrub,area,Milling (roughing),frez_zgrub,simple
725.0591771993476,769.247408540633,779.0817824786186,834.8179322254705,896.4825086882001,914.4578575056264,5830.732641672649,15006.470114876005,25224.51211973308,-44.18823134128547,-54.02260527927098,-61.66457646272966,-79.63992528015586,-9175.737473203355,-19393.779478060434,0.0,0.0,/Users/dawid/Library/Mobile Documents/com~apple~CloudDocs/Dokumenty/Publikacje własne/Manuscripts/Quantum_interference/data/P1-1.4301_frez_zgrub.sur,240.03896021122415,810.0000000000001,809.0,532.0,655289.9999999508,Stainless steel 1.4301 (AISI 304),1.4301,hybrid,384,384,0,P1,P1-1.4301_frez_zgrub,area,Milling (roughing),frez_zgrub,simple
219.24654175262404,194.51821949227175,205.35721843028773,296.7590479587559,395.91814558162355,751.2053660424251,5426.894923052497,50019.13117010472,70877.09415226404,24.72832226035229,13.889323322336303,-99.15909762286763,-454.4463180836692,-44592.23624705223,-65450.19922921155,0.0,0.0,/Users/dawid/Library/Mobile Documents/com~apple~CloudDocs/Dokumenty/Publikacje własne/Manuscripts/Quantum_interference/data/P1-1.4301_nagniat.sur,433.1872938652173,810.0000000000001,809.0,532.0,655289.9999999508,Stainless steel 1.4301 (AISI 304),1.4301,classical,384,384,0,P1,P1-1.4301_nagniat,area,Burnishing,nagniat,simple
605.3964715311217,194.51821949227175,205.35721843028773,816.7261259694535,395.91814558162355,751.2053660424251,49258.24495318663,50019.13117010472,70877.09415226404,410.87825203884995,400.03925310083395,420.80798038782996,65.5207599270284,-760.8862169180937,-21618.849199077406,0.0,0.0,/Users/dawid/Library/Mobile Documents/com~apple~CloudDocs/Dokumenty/Publikacje własne/Manuscripts/Quantum_interference/data/P1-1.4301_nagniat.sur,712.0771115919217,810.0000000000001,809.0,532.0,655289.9999999508,Stainless steel 1.4301 (AISI 304),1.4301,quantum_like,384,384,0,P1,P1-1.4301_nagniat,area,Burnishing,nagniat,simple
220.45653766650491,194.51821949227175,205.35721843028773,298.46104473667964,395.91814558162355,751.2053660424251,10360.739779145686,50019.13117010472,70877.09415226404,25.93831817423316,15.099319236217175,-97.4571008449439,-452.7443213057455,-39658.391390959034,-60516.354373118345,0.0,0.0,/Users/dawid/Library/Mobile Documents/com~apple~CloudDocs/Dokumenty/Publikacje własne/Manuscripts/Quantum_interference/data/P1-1.4301_nagniat.sur,302.53726813034035,810.0000000000001,809.0,532.0,655289.9999999508,Stainless steel 1.4301 (AISI 304),1.4301,hybrid,384,384,0,P1,P1-1.4301_nagniat,area,Burnishing,nagniat,simple
799.3812853504301,389.0856433196449,631.8049335855268,1052.2457663617886,592.2462377613579,1158.9868653377114,9736.586702600276,38711.8726237414,76898.75565772936,410.2956420307852,167.57635176490322,459.9995286004308,-106.74109897592275,-28975.285921141127,-67162.16895512908,0.0,0.0,/Users/dawid/Library/Mobile Documents/com~apple~CloudDocs/Dokumenty/Publikacje własne/Manuscripts/Quantum_interference/data/P1-1.4301_wedm_wyk.sur,1202.0396949835006,810.0000000000001,809.0,532.0,655289.9999999508,Stainless steel 1.4301 (AISI 304),1.4301,classical,384,384,0,P1,P1-1.4301_wedm_wyk,area,Wire EDM (finishing),wedm_wyk,simple
692.1358934689771,389.0856433196449,631.8049335855268,922.4190949167354,592.2462377613579,1158.9868653377114,39627.77545541077,38711.8726237414,76898.75565772936,303.05025014933227,60.33095988345033,330.1728571553775,-236.56777042097596,915.9028316693633,-37270.9802023186,0.0,0.0,/Users/dawid/Library/Mobile Documents/com~apple~CloudDocs/Dokumenty/Publikacje własne/Manuscripts/Quantum_interference/data/P1-1.4301_wedm_wyk.sur,708.5931644727418,810.0000000000001,809.0,532.0,655289.9999999508,Stainless steel 1.4301 (AISI 304),1.4301,quantum_like,384,384,0,P1,P1-1.4301_wedm_wyk,area,Wire EDM (finishing),wedm_wyk,simple
272.39557261451176,389.0856433196449,631.8049335855268,378.71822818680124,592.2462377613579,1158.9868653377114,16144.757644688883,38711.8726237414,76898.75565772936,-116.69007070513308,-359.409360971015,-213.5280095745566,-780.2686371509102,-22567.11497905252,-60753.99801304048,0.0,0.0,/Users/dawid/Library/Mobile Documents/com~apple~CloudDocs/Dokumenty/Publikacje własne/Manuscripts/Quantum_interference/data/P1-1.4301_wedm_wyk.sur,450.088972272937,810.0000000000001,809.0,532.0,655289.9999999508,Stainless steel 1.4301 (AISI 304),1.4301,hybrid,384,384,0,P1,P1-1.4301_wedm_wyk,area,Wire EDM (finishing),wedm_wyk,simple
0.20487613571332022,0.04661418792658889,0.05372627427155684,0.2572407483992234,0.06322822990052307,0.08613583044120729,2.9878139921466276,2.453703619814605,3.412098775156563,0.15826194778673133,0.1511498614417634,0.19401251849870033,0.1711049179580161,0.5341103723320229,-0.4242847830099352,0.0,0.0,/Users/dawid/Library/Mobile Documents/com~apple~CloudDocs/Dokumenty/Publikacje własne/Manuscripts/Quantum_interference/data/P1-1.4301_wedm_zgru.sur,0.24946997248722538,810.0000000000001,809.0,532.0,655289.9999999508,Stainless steel 1.4301 (AISI 304),1.4301,classical,384,384,0,P1,P1-1.4301_wedm_zgru,area,Wire EDM (roughing),wedm_zgru,simple
563.8950774552122,0.04661418792658889,0.05372627427155684,707.2279339262221,0.06322822990052307,0.08613583044120729,6354.099892027335,2.453703619814605,3.412098775156563,563.8484632672858,563.8413511809407,707.1647056963216,707.1417980957809,6351.646188407521,6350.687793252178,0.0,0.0,/Users/dawid/Library/Mobile Documents/com~apple~CloudDocs/Dokumenty/Publikacje własne/Manuscripts/Quantum_interference/data/P1-1.4301_wedm_zgru.sur,707.2280330352232,810.0000000000001,809.0,532.0,655289.9999999508,Stainless steel 1.4301 (AISI 304),1.4301,quantum_like,384,384,0,P1,P1-1.4301_wedm_zgru,area,Wire EDM (roughing),wedm_zgru,simple
87.81239563148026,0.04661418792658889,0.05372627427155684,151.42250198131362,0.06322822990052307,0.08613583044120729,1330.3693774380497,2.453703619814605,3.412098775156563,87.76578144355368,87.75866935720872,151.3592737514131,151.3363661508724,1327.915673818235,1326.957278662893,0.0,0.0,/Users/dawid/Library/Mobile Documents/com~apple~CloudDocs/Dokumenty/Publikacje własne/Manuscripts/Quantum_interference/data/P1-1.4301_wedm_zgru.sur,151.4229348118226,810.0000000000001,809.0,532.0,655289.9999999508,Stainless steel 1.4301 (AISI 304),1.4301,hybrid,384,384,0,P1,P1-1.4301_wedm_zgru,area,Wire EDM (roughing),wedm_zgru,simple
391.01443077487437,327.4149858830326,330.4382999039521,495.4238169227382,406.09346686219754,411.1023927935191,3410.0174545348923,2358.3141167283443,5098.419384523485,63.59944489184174,60.57613087092226,89.33035006054058,84.3214241292191,1051.703337806548,-1688.4019299885929,0.0,0.0,/Users/dawid/Library/Mobile Documents/com~apple~CloudDocs/Dokumenty/Publikacje własne/Manuscripts/Quantum_interference/data/P1-AL70752_nagniat.sur,256.8444287264602,810.0000000000001,809.0,532.0,655289.9999999508,Aluminium 7075,AL70752,classical,384,384,0,P1,P1-AL70752_nagniat,area,Burnishing,nagniat,simple
650.0269835793473,327.4149858830326,330.4382999039521,815.006265617274,406.09346686219754,411.1023927935191,7230.265345815826,2358.3141167283443,5098.419384523485,322.6119976963147,319.5886836753952,408.91279875507644,403.9038728237549,4871.951229087482,2131.8459612923407,0.0,0.0,/Users/dawid/Library/Mobile Documents/com~apple~CloudDocs/Dokumenty/Publikacje własne/Manuscripts/Quantum_interference/data/P1-AL70752_nagniat.sur,708.9234174551766,810.0000000000001,809.0,532.0,655289.9999999508,Aluminium 7075,AL70752,quantum_like,384,384,0,P1,P1-AL70752_nagniat,area,Burnishing,nagniat,simple
342.98343402742523,327.4149858830326,330.4382999039521,427.80007327301354,406.09346686219754,411.1023927935191,2679.9541925503195,2358.3141167283443,5098.419384523485,15.568448144392603,12.545134123473124,21.70660641081598,16.697680479494483,321.64007582197496,-2418.465191973166,0.0,0.0,/Users/dawid/Library/Mobile Documents/com~apple~CloudDocs/Dokumenty/Publikacje własne/Manuscripts/Quantum_interference/data/P1-AL70752_nagniat.sur,152.8835014452126,810.0000000000001,809.0,532.0,655289.9999999508,Aluminium 7075,AL70752,hybrid,384,384,0,P1,P1-AL70752_nagniat,area,Burnishing,nagniat,simple
0.19930117102687636,0.00040794510845480004,0.0007220720332325905,0.2499815045574275,0.0006512720413349943,0.0014155996819883096,2.3167412014844997,0.037320538408724346,0.10982922986895624,0.19889322591842157,0.1985790989936438,0.2493302325160925,0.24856590487543917,2.279420663075775,2.2069119716155434,0.0,0.0,/Users/dawid/Library/Mobile Documents/com~apple~CloudDocs/Dokumenty/Publikacje własne/Manuscripts/Quantum_interference/data/P1-AL70752_wedm_wyk.sur,0.2499813160792868,810.0000000000001,809.0,532.0,655289.9999999508,Aluminium 7075,AL70752,classical,384,384,0,P1,P1-AL70752_wedm_wyk,area,Wire EDM (finishing),wedm_wyk,simple
566.6098400710454,0.00040794510845480004,0.0007220720332325905,709.9261347542035,0.0006512720413349943,0.0014155996819883096,6444.938280563843,0.037320538408724346,0.10982922986895624,566.6094321259369,566.6091179990121,709.9254834821622,709.9247191545215,6444.900960025435,6444.828451333975,0.0,0.0,/Users/dawid/Library/Mobile Documents/com~apple~CloudDocs/Dokumenty/Publikacje własne/Manuscripts/Quantum_interference/data/P1-AL70752_wedm_wyk.sur,709.9261370297825,810.0000000000001,809.0,532.0,655289.9999999508,Aluminium 7075,AL70752,quantum_like,384,384,0,P1,P1-AL70752_wedm_wyk,area,Wire EDM (finishing),wedm_wyk,simple
88.10291018760955,0.00040794510845480004,0.0007220720332325905,152.64713869016035,0.0006512720413349943,0.0014155996819883096,1338.5807474492478,0.037320538408724346,0.10982922986895624,88.1025022425011,88.10218811557633,152.64648741811902,152.64572309047836,1338.5434269108391,1338.4709182193787,0.0,0.0,/Users/dawid/Library/Mobile Documents/com~apple~CloudDocs/Dokumenty/Publikacje własne/Manuscripts/Quantum_interference/data/P1-AL70752_wedm_wyk.sur,152.6471448397675,810.0000000000001,809.0,532.0,655289.9999999508,Aluminium 7075,AL70752,hybrid,384,384,0,P1,P1-AL70752_wedm_wyk,area,Wire EDM (finishing),wedm_wyk,simple
872.8736092371229,4735.23215734928,5090.885428896734,1138.245728564851,5909.981735755725,6421.666175283541,10230.91920388652,67427.69865971543,122915.12441126864,-3862.3585481121568,-4218.011819659611,-4771.736007190874,-5283.420446718689,-57196.77945582891,-112684.20520738211,0.0,0.0,/Users/dawid/Library/Mobile Documents/com~apple~CloudDocs/Dokumenty/Publikacje własne/Manuscripts/Quantum_interference/data/P1-AL70752_wedm_zgru_1prz.sur,6009.677218895895,810.0000000000001,809.0,532.0,655289.9999999508,Aluminium 7075,AL70752,classical,384,384,0,P1,P1-AL70752_wedm_zgru_1prz,area,Wire EDM (roughing),wedm_zgru_1prz,simple
4768.095026995197,4735.23215734928,5090.885428896734,5952.0429599129875,5909.981735755725,6421.666175283541,67745.82395237751,67427.69865971543,122915.12441126864,32.862869645917705,-322.7904019015369,42.061224157262615,-469.62321537055294,318.1252926620886,-55169.30045889113,0.0,0.0,/Users/dawid/Library/Mobile Documents/com~apple~CloudDocs/Dokumenty/Publikacje własne/Manuscripts/Quantum_interference/data/P1-AL70752_wedm_zgru_1prz.sur,711.0149690601162,810.0000000000001,809.0,532.0,655289.9999999508,Aluminium 7075,AL70752,quantum_like,384,384,0,P1,P1-AL70752_wedm_zgru_1prz,area,Wire EDM (roughing),wedm_zgru_1prz,simple
3314.7336378955315,4735.23215734928,5090.885428896734,4141.676509255882,5909.981735755725,6421.666175283541,39953.66670759273,67427.69865971543,122915.12441126864,-1420.498519453748,-1776.1517910012026,-1768.3052264998432,-2279.9896660276586,-27474.031952122692,-82961.4577036759,0.0,0.0,/Users/dawid/Library/Mobile Documents/com~apple~CloudDocs/Dokumenty/Publikacje własne/Manuscripts/Quantum_interference/data/P1-AL70752_wedm_zgru_1prz.sur,2897.4824160684716,810.0000000000001,809.0,532.0,655289.9999999508,Aluminium 7075,AL70752,hybrid,384,384,0,P1,P1-AL70752_wedm_zgru_1prz,area,Wire EDM (roughing),wedm_zgru_1prz,simple
859.309185812835,376594.41349327355,386337.33015214914,1126.3818249901785,481653.2885862967,687536.3225057478,8909.783756337463,10220051.038080774,37520538.8651078,-375735.1043074607,-385478.0209663363,-480526.90676130657,-686409.9406807576,-10211141.254324436,-37511629.08135146,0.0,0.0,/Users/dawid/Library/Mobile Documents/com~apple~CloudDocs/Dokumenty/Publikacje własne/Manuscripts/Quantum_interference/data/P1-AL7075_frez_wyk.sur,481669.48901146953,810.0000000000001,809.0,532.0,655289.9999999508,Aluminium 7075,AL7075,classical,384,384,0,P1,P1-AL7075_frez_wyk,area,Milling (finishing),frez_wyk,simple
403657.1960431254,376594.41349327355,386337.33015214914,497278.8076194433,481653.2885862967,687536.3225057478,5058829.8643194325,10220051.038080774,37520538.8651078,27062.782549851858,17319.86589097623,15625.519033146555,-190257.51488630447,-5161221.173761341,-32461709.00078836,0.0,0.0,/Users/dawid/Library/Mobile Documents/com~apple~CloudDocs/Dokumenty/Publikacje własne/Manuscripts/Quantum_interference/data/P1-AL7075_frez_wyk.sur,303066.10697549535,810.0000000000001,809.0,532.0,655289.9999999508,Aluminium 7075,AL7075,quantum_like,384,384,0,P1,P1-AL7075_frez_wyk,area,Milling (finishing),frez_wyk,simple
379611.2575362485,376594.41349327355,386337.33015214914,463843.99094944366,481653.2885862967,687536.3225057478,2941474.9833502825,10220051.038080774,37520538.8651078,3016.8440429749435,-6726.072615900682,-17809.297636853076,-223692.33155630413,-7278576.054730491,-34579063.88175751,0.0,0.0,/Users/dawid/Library/Mobile Documents/com~apple~CloudDocs/Dokumenty/Publikacje własne/Manuscripts/Quantum_interference/data/P1-AL7075_frez_wyk.sur,240446.19505764125,810.0000000000001,809.0,532.0,655289.9999999508,Aluminium 7075,AL7075,hybrid,384,384,0,P1,P1-AL7075_frez_wyk,area,Milling (finishing),frez_wyk,simple
284.3362034315773,146.74622492387584,176.1165973340421,366.43735019531874,192.3022877529632,345.94806999303705,3490.425411169381,8234.585865802506,53690.94074605003,137.5899785077015,108.21960609753523,174.13506244235558,20.489280202281712,-4744.1604546331255,-50200.51533488065,0.0,0.0,/Users/dawid/Library/Mobile Documents/com~apple~CloudDocs/Dokumenty/Publikacje własne/Manuscripts/Quantum_interference/data/P1-AL7075_frez_zgr.sur,362.3398407179258,810.0000000000001,809.0,532.0,655289.9999999508,Aluminium 7075,AL7075,classical,384,384,0,P1,P1-AL7075_frez_zgr,area,Milling (roughing),frez_zgr,simple
585.6129172694522,146.74622492387584,176.1165973340421,733.947024042944,192.3022877529632,345.94806999303705,8964.263085643328,8234.585865802506,53690.94074605003,438.8666923455763,409.4963199354101,541.6447362899808,387.99895404990696,729.677219840823,-44726.677660406705,0.0,0.0,/Users/dawid/Library/Mobile Documents/com~apple~CloudDocs/Dokumenty/Publikacje własne/Manuscripts/Quantum_interference/data/P1-AL7075_frez_zgr.sur,709.0964484370409,810.0000000000001,809.0,532.0,655289.9999999508,Aluminium 7075,AL7075,quantum_like,384,384,0,P1,P1-AL7075_frez_zgr,area,Milling (roughing),frez_zgr,simple
180.3906207224956,146.74622492387584,176.1165973340421,226.30416250661207,192.3022877529632,345.94806999303705,2122.249047155182,8234.585865802506,53690.94074605003,33.64439579861978,4.274023388453525,34.00187475364887,-119.643907486425,-6112.336818647324,-51568.69169889485,0.0,0.0,/Users/dawid/Library/Mobile Documents/com~apple~CloudDocs/Dokumenty/Publikacje własne/Manuscripts/Quantum_interference/data/P1-AL7075_frez_zgr.sur,170.27130675932105,810.0000000000001,809.0,532.0,655289.9999999508,Aluminium 7075,AL7075,hybrid,384,384,0,P1,P1-AL7075_frez_zgr,area,Milling (roughing),frez_zgr,simple
834.4030845944263,2810.590284636878,2851.069027265254,1097.3583558925582,3243.23166031914,3375.9853169491635,10190.889550595517,17955.76770518815,59633.0796095711,-1976.187200042452,-2016.6659426708277,-2145.873304426582,-2278.6269610566055,-7764.878154592634,-49442.190058975575,0.0,0.0,/Users/dawid/Library/Mobile Documents/com~apple~CloudDocs/Dokumenty/Publikacje własne/Manuscripts/Quantum_interference/data/P1-AL7075_t_zgrub.sur,3447.5138611640987,810.0000000000001,809.0,532.0,655289.9999999508,Aluminium 7075,AL7075,classical,384,384,0,P1,P1-AL7075_t_zgrub,area,Turning (roughing),t_zgrub,simple
2857.1514169701086,2810.590284636878,2851.069027265254,3320.965145775374,3243.23166031914,3375.9853169491635,20528.779759459136,17955.76770518815,59633.0796095711,46.56113233323011,6.08238970485444,77.73348545623432,-55.020171173789464,2573.0120542709833,-39104.29985011196,0.0,0.0,/Users/dawid/Library/Mobile Documents/com~apple~CloudDocs/Dokumenty/Publikacje własne/Manuscripts/Quantum_interference/data/P1-AL7075_t_zgrub.sur,707.8915071457144,810.0000000000001,809.0,532.0,655289.9999999508,Aluminium 7075,AL7075,quantum_like,384,384,0,P1,P1-AL7075_t_zgrub,area,Turning (roughing),t_zgrub,simple
2276.175825666976,2810.590284636878,2851.069027265254,2590.403495923114,3243.23166031914,3375.9853169491635,12878.455864191885,17955.76770518815,59633.0796095711,-534.4144589699023,-574.893201598278,-652.8281643960256,-785.5818210260494,-5077.311840996265,-46754.623745379206,0.0,0.0,/Users/dawid/Library/Mobile Documents/com~apple~CloudDocs/Dokumenty/Publikacje własne/Manuscripts/Quantum_interference/data/P1-AL7075_t_zgrub.sur,805.7415505088336,810.0000000000001,809.0,532.0,655289.9999999508,Aluminium 7075,AL7075,hybrid,384,384,0,P1,P1-AL7075_t_zgrub,area,Turning (roughing),t_zgrub,simple
996.7871755545551,142.664848360751,168.57388938374433,1315.2789434231322,198.27952126314753,322.9701285319562,11126.795416561165,3653.225807721874,15504.124678627684,854.1223271938042,828.2132861708108,1116.9994221599848,992.3088148911761,7473.56960883929,-4377.329262066521,0.0,0.0,/Users/dawid/Library/Mobile Documents/com~apple~CloudDocs/Dokumenty/Publikacje własne/Manuscripts/Quantum_interference/data/P1-C45_frez_wyk.sur,1321.297666849657,810.0000000000001,809.0,532.0,655289.9999999508,Steel C45,C45,classical,384,384,0,P1,P1-C45_frez_wyk,area,Milling (finishing),frez_wyk,simple
586.5892775182796,142.664848360751,168.57388938374433,736.3908295114492,198.27952126314753,322.9701285319562,6884.384627117874,3653.225807721874,15504.124678627684,443.92442915752855,418.01538813453516,538.1113082483017,413.420700979493,3231.158819396,-8619.74005150981,0.0,0.0,/Users/dawid/Library/Mobile Documents/com~apple~CloudDocs/Dokumenty/Publikacje własne/Manuscripts/Quantum_interference/data/P1-C45_frez_wyk.sur,709.1991597639865,810.0000000000001,809.0,532.0,655289.9999999508,Steel C45,C45,quantum_like,384,384,0,P1,P1-C45_frez_wyk,area,Milling (finishing),frez_wyk,simple
150.17277796433757,142.664848360751,168.57388938374433,191.00299314611675,198.27952126314753,322.9701285319562,2226.4219257272725,3653.225807721874,15504.124678627684,7.50792960358657,-18.40111141940676,-7.276528117030758,-131.96713538583944,-1426.8038819946014,-13277.702752900414,0.0,0.0,/Users/dawid/Library/Mobile Documents/com~apple~CloudDocs/Dokumenty/Publikacje własne/Manuscripts/Quantum_interference/data/P1-C45_frez_wyk.sur,205.8568155462554,810.0000000000001,809.0,532.0,655289.9999999508,Steel C45,C45,hybrid,384,384,0,P1,P1-C45_frez_wyk,area,Milling (finishing),frez_wyk,simple
0.19959697599367285,0.013876608766653314,0.014215393199252453,0.2501180660293682,0.016800050251089996,0.017415753488415692,2.2613516749100393,0.21891328495481047,0.3893552769154757,0.18572036722701954,0.18538158279442038,0.23331801577827818,0.2327023125409525,2.0424383899552288,1.8719963979945633,0.0,0.0,/Users/dawid/Library/Mobile Documents/com~apple~CloudDocs/Dokumenty/Publikacje własne/Manuscripts/Quantum_interference/data/P1-C45_frez_zgr.sur,0.24953892572556996,810.0000000000001,809.0,532.0,655289.9999999508,Steel C45,C45,classical,384,384,0,P1,P1-C45_frez_zgr,area,Milling (roughing),frez_zgr,simple
564.7668231606642,0.013876608766653314,0.014215393199252453,707.0628379123651,0.016800050251089996,0.017415753488415692,5929.290412093137,0.21891328495481047,0.3893552769154757,564.7529465518976,564.752607767465,707.0460378621141,707.0454221588768,5929.071498808183,5928.901056816221,0.0,0.0,/Users/dawid/Library/Mobile Documents/com~apple~CloudDocs/Dokumenty/Publikacje własne/Manuscripts/Quantum_interference/data/P1-C45_frez_zgr.sur,707.0628270198416,810.0000000000001,809.0,532.0,655289.9999999508,Steel C45,C45,quantum_like,384,384,0,P1,P1-C45_frez_zgr,area,Milling (roughing),frez_zgr,simple
87.84958961612115,0.013876608766653314,0.014215393199252453,154.08965434947572,0.016800050251089996,0.017415753488415692,1067.9664922033032,0.21891328495481047,0.3893552769154757,87.8357130073545,87.8353742229219,154.07285429922464,154.0722385959873,1067.7475789183486,1067.577136926388,0.0,0.0,/Users/dawid/Library/Mobile Documents/com~apple~CloudDocs/Dokumenty/Publikacje własne/Manuscripts/Quantum_interference/data/P1-C45_frez_zgr.sur,154.0895877246125,810.0000000000001,809.0,532.0,655289.9999999508,Steel C45,C45,hybrid,384,384,0,P1,P1-C45_frez_zgr,area,Milling (roughing),frez_zgr,simple
539.5592662148908,177.32295740947745,209.73484587406048,717.1284936299976,608.6058405754117,1330.3937512601992,7497.813469097497,73372.64268512737,157120.78884941927,362.23630880541333,329.82442034083033,108.52265305458589,-613.2652576302017,-65874.82921602986,-149622.9753803218,0.0,0.0,/Users/dawid/Library/Mobile Documents/com~apple~CloudDocs/Dokumenty/Publikacje własne/Manuscripts/Quantum_interference/data/P1-C45_nagniat.sur,943.4528602637444,810.0000000000001,809.0,532.0,655289.9999999508,Steel C45,C45,classical,384,384,0,P1,P1-C45_nagniat,area,Burnishing,nagniat,simple
611.6770919116424,177.32295740947745,209.73484587406048,930.6089422054051,608.6058405754117,1330.3937512601992,72235.99795787896,73372.64268512737,157120.78884941927,434.3541345021649,401.942246037582,322.0031016299934,-399.78480905479415,-1136.6447272484063,-84884.79089154032,0.0,0.0,/Users/dawid/Library/Mobile Documents/com~apple~CloudDocs/Dokumenty/Publikacje własne/Manuscripts/Quantum_interference/data/P1-C45_nagniat.sur,707.7955348954922,810.0000000000001,809.0,532.0,655289.9999999508,Steel C45,C45,quantum_like,384,384,0,P1,P1-C45_nagniat,area,Burnishing,nagniat,simple
199.21749841832062,177.32295740947745,209.73484587406048,357.6593643294795,608.6058405754117,1330.3937512601992,20974.942027328994,73372.64268512737,157120.78884941927,21.894541008843156,-10.51734745573986,-250.9464762459322,-972.7343869307198,-52397.70065779838,-136145.8468220903,0.0,0.0,/Users/dawid/Library/Mobile Documents/com~apple~CloudDocs/Dokumenty/Publikacje własne/Manuscripts/Quantum_interference/data/P1-C45_nagniat.sur,462.4806774760906,810.0000000000001,809.0,532.0,655289.9999999508,Steel C45,C45,hybrid,384,384,0,P1,P1-C45_nagniat,area,Burnishing,nagniat,simple
915.6869537679289,5235.982509180509,5352.809007024925,1169.820126728568,7211.951443328866,7452.142131531978,8970.34676955835,95356.62926115682,131214.74393826575,-4320.295555412579,-4437.122053256997,-6042.131316600297,-6282.32200480341,-86386.28249159848,-122244.39716870741,0.0,0.0,/Users/dawid/Library/Mobile Documents/com~apple~CloudDocs/Dokumenty/Publikacje własne/Manuscripts/Quantum_interference/data/P1-C45_t_zgrubne.sur,7321.063968616502,810.0000000000001,809.0,532.0,655289.9999999508,Steel C45,C45,classical,384,384,0,P1,P1-C45_t_zgrubne,area,Turning (roughing),t_zgrubne,simple
5271.307331611726,5235.982509180509,5352.809007024925,7247.554385940842,7211.951443328866,7452.142131531978,92755.3933525074,95356.62926115682,131214.74393826575,35.324822431216795,-81.50167541319985,35.602942611976225,-204.58774559113627,-2601.235908649438,-38459.35058575836,0.0,0.0,/Users/dawid/Library/Mobile Documents/com~apple~CloudDocs/Dokumenty/Publikacje własne/Manuscripts/Quantum_interference/data/P1-C45_t_zgrubne.sur,708.4874944652693,810.0000000000001,809.0,532.0,655289.9999999508,Steel C45,C45,quantum_like,384,384,0,P1,P1-C45_t_zgrubne,area,Turning (roughing),t_zgrubne,simple
4829.8301200430005,5235.982509180509,5352.809007024925,6714.34994354244,7211.951443328866,7452.142131531978,67856.89250893566,95356.62926115682,131214.74393826575,-406.1523891375086,-522.9788869819253,-497.6014997864258,-737.7921879895383,-27499.736752221164,-63357.85142933008,0.0,0.0,/Users/dawid/Library/Mobile Documents/com~apple~CloudDocs/Dokumenty/Publikacje własne/Manuscripts/Quantum_interference/data/P1-C45_t_zgrubne.sur,1531.7356798177932,810.0000000000001,809.0,532.0,655289.9999999508,Steel C45,C45,hybrid,384,384,0,P1,P1-C45_t_zgrubne,area,Turning (roughing),t_zgrubne,simple
868.5955388435476,94323.38817400392,164445.50446808158,1147.5663224580169,133826.60541293217,259806.01315388278,10208.641139037525,7031691.576580352,14845451.98272266,-93454.79263516038,-163576.908929238,-132679.03909047417,-258658.44683142478,-7021482.935441315,-14835243.341583624,0.0,0.0,/Users/dawid/Library/Mobile Documents/com~apple~CloudDocs/Dokumenty/Publikacje własne/Manuscripts/Quantum_interference/data/P1-C45_wedm_wyk.sur,133771.3974948267,810.0000000000001,809.0,532.0,655289.9999999508,Steel C45,C45,classical,384,384,0,P1,P1-C45_wedm_wyk,area,Wire EDM (finishing),wedm_wyk,simple
870046.7567526385,94323.38817400392,164445.50446808158,1152442.349048174,133826.60541293217,259806.01315388278,10242783.408649467,7031691.576580352,14845451.98272266,775723.3685786346,705601.2522845569,1018615.7436352418,892636.3358942912,3211091.8320691143,-4602668.5740731945,0.0,0.0,/Users/dawid/Library/Mobile Documents/com~apple~CloudDocs/Dokumenty/Publikacje własne/Manuscripts/Quantum_interference/data/P1-C45_wedm_wyk.sur,1160422.733599175,810.0000000000001,809.0,532.0,655289.9999999508,Steel C45,C45,quantum_like,384,384,0,P1,P1-C45_wedm_wyk,area,Wire EDM (finishing),wedm_wyk,simple
455297.35695625073,94323.38817400392,164445.50446808158,577785.6759735544,133826.60541293217,259806.01315388278,4548193.434405387,7031691.576580352,14845451.98272266,360973.9687822468,290851.8524881692,443959.07056062226,317979.6628196716,-2483498.1421749652,-10297258.548317274,0.0,0.0,/Users/dawid/Library/Mobile Documents/com~apple~CloudDocs/Dokumenty/Publikacje własne/Manuscripts/Quantum_interference/data/P1-C45_wedm_wyk.sur,599452.1326154772,810.0000000000001,809.0,532.0,655289.9999999508,Steel C45,C45,hybrid,384,384,0,P1,P1-C45_wedm_wyk,area,Wire EDM (finishing),wedm_wyk,simple
846.2353234819179,3732.315118111553,4474.643435891885,1087.862025771258,5227.6601613710145,6990.219229140815,8862.922754234662,182551.93616268004,233363.97390964086,-2886.0797946296357,-3628.408112409967,-4139.798135599756,-5902.357203369556,-173689.01340844537,-224501.0511554062,0.0,0.0,/Users/dawid/Library/Mobile Documents/com~apple~CloudDocs/Dokumenty/Publikacje własne/Manuscripts/Quantum_interference/data/P1-C45_wedm_zgru_1prz.sur,5345.595101011574,810.0000000000001,809.0,532.0,655289.9999999508,Steel C45,C45,classical,384,384,0,P1,P1-C45_wedm_zgru_1prz,area,Wire EDM (roughing),wedm_zgru_1prz,simple
3776.7021597368066,3732.315118111553,4474.643435891885,5275.751067558621,5227.6601613710145,6990.219229140815,181987.2621412754,182551.93616268004,233363.97390964086,44.38704162525331,-697.9412761550781,48.09090618760621,-1714.468161582194,-564.6740214046517,-51376.71176836547,0.0,0.0,/Users/dawid/Library/Mobile Documents/com~apple~CloudDocs/Dokumenty/Publikacje własne/Manuscripts/Quantum_interference/data/P1-C45_wedm_zgru_1prz.sur,709.4347673591766,810.0000000000001,809.0,532.0,655289.9999999508,Steel C45,C45,quantum_like,384,384,0,P1,P1-C45_wedm_zgru_1prz,area,Wire EDM (roughing),wedm_zgru_1prz,simple
2268.3209910776377,3732.315118111553,4474.643435891885,2987.010361342019,5227.6601613710145,6990.219229140815,67577.6515213244,182551.93616268004,233363.97390964086,-1463.9941270339154,-2206.322444814247,-2240.6498000289953,-4003.2088677987954,-114974.28464135565,-165786.32238831648,0.0,0.0,/Users/dawid/Library/Mobile Documents/com~apple~CloudDocs/Dokumenty/Publikacje własne/Manuscripts/Quantum_interference/data/P1-C45_wedm_zgru_1prz.sur,3370.659620908249,810.0000000000001,809.0,532.0,655289.9999999508,Steel C45,C45,hybrid,384,384,0,P1,P1-C45_wedm_zgru_1prz,area,Wire EDM (roughing),wedm_zgru_1prz,simple
224.8051611044933,22.744017168081392,27.297418640221498,290.26588545409066,36.05221975863757,52.32595042339795,2330.3817358178994,690.3272654226815,1708.9317205210828,202.0611439364119,197.5077424642718,254.21366569545313,237.9399350306927,1640.054470395218,621.4500152968166,0.0,0.0,/Users/dawid/Library/Mobile Documents/com~apple~CloudDocs/Dokumenty/Publikacje własne/Manuscripts/Quantum_interference/data/P1-ELLOR_frez_wyk.sur,289.98134278067994,810.0000000000001,809.0,532.0,655289.9999999508,Graphite,ELLOR,classical,384,384,0,P1,P1-ELLOR_frez_wyk,area,Milling (finishing),frez_wyk,simple
568.3767283309965,22.744017168081392,27.297418640221498,712.2025178433086,36.05221975863757,52.32595042339795,5880.09169906092,690.3272654226815,1708.9317205210828,545.632711162915,541.079309690775,676.1502980846709,659.8765674199105,5189.764433638239,4171.159978539838,0.0,0.0,/Users/dawid/Library/Mobile Documents/com~apple~CloudDocs/Dokumenty/Publikacje własne/Manuscripts/Quantum_interference/data/P1-ELLOR_frez_wyk.sur,711.2533307372548,810.0000000000001,809.0,532.0,655289.9999999508,Graphite,ELLOR,quantum_like,384,384,0,P1,P1-ELLOR_frez_wyk,area,Milling (finishing),frez_wyk,simple
100.66391730683377,22.744017168081392,27.297418640221498,154.53262649321255,36.05221975863757,52.32595042339795,1323.6826149895069,690.3272654226815,1708.9317205210828,77.91990013875237,73.36649866661226,118.48040673457498,102.2066760698146,633.3553495668253,-385.24910553157594,0.0,0.0,/Users/dawid/Library/Mobile Documents/com~apple~CloudDocs/Dokumenty/Publikacje własne/Manuscripts/Quantum_interference/data/P1-ELLOR_frez_wyk.sur,155.67903624434803,810.0000000000001,809.0,532.0,655289.9999999508,Graphite,ELLOR,hybrid,384,384,0,P1,P1-ELLOR_frez_wyk,area,Milling (finishing),frez_wyk,simple
0.20014177338431216,0.014418864401315153,0.01663394778151025,0.25098731439533717,0.02295815271126547,0.02991984577749072,2.0531340154594084,0.41254262036459755,0.8378487410273452,0.18572290898299698,0.1835078256028019,0.22802916168407172,0.22106746861784646,1.6405913950948108,1.2152852744320632,0.0,0.0,/Users/dawid/Library/Mobile Documents/com~apple~CloudDocs/Dokumenty/Publikacje własne/Manuscripts/Quantum_interference/data/P1-ELLOR_frez_zgr.sur,0.24988273661419624,810.0000000000001,809.0,532.0,655289.9999999508,Graphite,ELLOR,classical,384,384,0,P1,P1-ELLOR_frez_zgr,area,Milling (roughing),frez_zgr,simple
567.3625605180781,0.014418864401315153,0.01663394778151025,710.6617352010109,0.02295815271126547,0.02991984577749072,6435.690373738453,0.41254262036459755,0.8378487410273452,567.3481416536769,567.3459265702967,710.6387770482996,710.6318153552334,6435.277831118088,6434.852524997425,0.0,0.0,/Users/dawid/Library/Mobile Documents/com~apple~CloudDocs/Dokumenty/Publikacje własne/Manuscripts/Quantum_interference/data/P1-ELLOR_frez_zgr.sur,710.6617906362185,810.0000000000001,809.0,532.0,655289.9999999508,Graphite,ELLOR,quantum_like,384,384,0,P1,P1-ELLOR_frez_zgr,area,Milling (roughing),frez_zgr,simple
86.91883571405721,0.014418864401315153,0.01663394778151025,153.32934236238978,0.02295815271126547,0.02991984577749072,1067.0153459331646,0.41254262036459755,0.8378487410273452,86.9044168496559,86.90220176627571,153.30638420967853,153.2994225166123,1066.6028033128,1066.1774971921373,0.0,0.0,/Users/dawid/Library/Mobile Documents/com~apple~CloudDocs/Dokumenty/Publikacje własne/Manuscripts/Quantum_interference/data/P1-ELLOR_frez_zgr.sur,153.32960922654252,810.0000000000001,809.0,532.0,655289.9999999508,Graphite,ELLOR,hybrid,384,384,0,P1,P1-ELLOR_frez_zgr,area,Milling (roughing),frez_zgr,simple
831.9862244147635,1864377.8858421268,2018004.8643047118,1111.0839705799258,2749025.9268768635,3090351.901157858,10950.752650764001,38791015.80434153,61174725.89370246,-1863545.899617712,-2017172.878080297,-2747914.8429062837,-3089240.817187278,-38780065.051690765,-61163775.1410517,0.0,0.0,/Users/dawid/Library/Mobile Documents/com~apple~CloudDocs/Dokumenty/Publikacje własne/Manuscripts/Quantum_interference/data/P1-ELLOR_t_zgrub.sur,2749030.82019955,810.0000000000001,809.0,532.0,655289.9999999508,Graphite,ELLOR,classical,384,384,0,P1,P1-ELLOR_t_zgrub,area,Turning (roughing),t_zgrub,simple
1157900.7274690045,1864377.8858421268,2018004.8643047118,1493892.6792903172,2749025.9268768635,3090351.901157858,12217903.690140843,38791015.80434153,61174725.89370246,-706477.1583731225,-860104.1368357075,-1255133.2475865462,-1596459.2218675406,-26573112.114200685,-48956822.20356163,0.0,0.0,/Users/dawid/Library/Mobile Documents/com~apple~CloudDocs/Dokumenty/Publikacje własne/Manuscripts/Quantum_interference/data/P1-ELLOR_t_zgrub.sur,3116140.4481830704,810.0000000000001,809.0,532.0,655289.9999999508,Graphite,ELLOR,quantum_like,384,384,0,P1,P1-ELLOR_t_zgrub,area,Turning (roughing),t_zgrub,simple
732262.0585968278,1864377.8858421268,2018004.8643047118,926519.1869601387,2749025.9268768635,3090351.901157858,6319428.672756298,38791015.80434153,61174725.89370246,-1132115.827245299,-1285742.805707884,-1822506.7399167246,-2163832.7141977195,-32471587.131585233,-54855297.22094617,0.0,0.0,/Users/dawid/Library/Mobile Documents/com~apple~CloudDocs/Dokumenty/Publikacje własne/Manuscripts/Quantum_interference/data/P1-ELLOR_t_zgrub.sur,2889048.5960565996,810.0000000000001,809.0,532.0,655289.9999999508,Graphite,ELLOR,hybrid,384,384,0,P1,P1-ELLOR_t_zgrub,area,Turning (roughing),t_zgrub,simple
860.2443323541003,1043.5376391554346,1288.9111898407098,1124.1887269443628,1686.1874677194198,2635.0106342366944,9849.458341465705,35152.31563660213,94762.18475820428,-183.29330680133444,-428.6668574866095,-561.9987407750572,-1510.8219072923318,-25302.85729513642,-84912.72641673859,0.0,0.0,/Users/dawid/Library/Mobile Documents/com~apple~CloudDocs/Dokumenty/Publikacje własne/Manuscripts/Quantum_interference/data/P1-ELLOR_wedm_wyk.sur,2037.929711726603,810.0000000000001,809.0,532.0,655289.9999999508,Graphite,ELLOR,classical,384,384,0,P1,P1-ELLOR_wedm_wyk,area,Wire EDM (finishing),wedm_wyk,simple
1206.3030711368488,1043.5376391554346,1288.9111898407098,1831.5870512674476,1686.1874677194198,2635.0106342366944,37159.297654796,35152.31563660213,94762.18475820428,162.7654319814141,-82.60811870386095,145.39958354802778,-803.4235829692469,2006.982018193875,-57602.887103408284,0.0,0.0,/Users/dawid/Library/Mobile Documents/com~apple~CloudDocs/Dokumenty/Publikacje własne/Manuscripts/Quantum_interference/data/P1-ELLOR_wedm_wyk.sur,709.8163388433288,810.0000000000001,809.0,532.0,655289.9999999508,Graphite,ELLOR,quantum_like,384,384,0,P1,P1-ELLOR_wedm_wyk,area,Wire EDM (finishing),wedm_wyk,simple
619.432286530821,1043.5376391554346,1288.9111898407098,897.7914406024372,1686.1874677194198,2635.0106342366944,18667.693041142207,35152.31563660213,94762.18475820428,-424.10535262461366,-669.4789033098888,-788.3960271169826,-1737.2191936342572,-16484.622595459918,-76094.49171706208,0.0,0.0,/Users/dawid/Library/Mobile Documents/com~apple~CloudDocs/Dokumenty/Publikacje własne/Manuscripts/Quantum_interference/data/P1-ELLOR_wedm_wyk.sur,1188.122786165376,810.0000000000001,809.0,532.0,655289.9999999508,Graphite,ELLOR,hybrid,384,384,0,P1,P1-ELLOR_wedm_wyk,area,Wire EDM (finishing),wedm_wyk,simple
897.9711842527097,1168.5079994359726,1449.8944742396523,1194.1905725191302,1753.460983765134,2498.4242966125526,10388.345342653385,34782.02592957281,69211.50170978007,-270.53681518326283,-551.9232899869426,-559.2704112460038,-1304.233724093422,-24393.68058691943,-58823.156367126685,0.0,0.0,/Users/dawid/Library/Mobile Documents/com~apple~CloudDocs/Dokumenty/Publikacje własne/Manuscripts/Quantum_interference/data/P1-ELLOR_wedm_zgru_1prz.sur,2109.953242276293,810.0000000000001,809.0,532.0,655289.9999999508,Graphite,ELLOR,classical,384,384,0,P1,P1-ELLOR_wedm_zgru_1prz,area,Wire EDM (roughing),wedm_zgru_1prz,simple
1310.9429909016624,1168.5079994359726,1449.8944742396523,1891.6965045176555,1753.460983765134,2498.4242966125526,35884.23110406431,34782.02592957281,69211.50170978007,142.4349914656899,-138.9514833379898,138.23552075252155,-606.7277920948968,1102.2051744914957,-33327.27060571576,0.0,0.0,/Users/dawid/Library/Mobile Documents/com~apple~CloudDocs/Dokumenty/Publikacje własne/Manuscripts/Quantum_interference/data/P1-ELLOR_wedm_zgru_1prz.sur,710.243402634485,810.0000000000001,809.0,532.0,655289.9999999508,Graphite,ELLOR,quantum_like,384,384,0,P1,P1-ELLOR_wedm_zgru_1prz,area,Wire EDM (roughing),wedm_zgru_1prz,simple
707.5935156620027,1168.5079994359726,1449.8944742396523,973.0567034279524,1753.460983765134,2498.4242966125526,21555.700438047,34782.02592957281,69211.50170978007,-460.91448377396983,-742.3009585776496,-780.4042803371816,-1525.3675931845999,-13226.325491525813,-47655.80127173307,0.0,0.0,/Users/dawid/Library/Mobile Documents/com~apple~CloudDocs/Dokumenty/Publikacje własne/Manuscripts/Quantum_interference/data/P1-ELLOR_wedm_zgru_1prz.sur,1209.3913623148164,810.0000000000001,809.0,532.0,655289.9999999508,Graphite,ELLOR,hybrid,384,384,0,P1,P1-ELLOR_wedm_zgru_1prz,area,Wire EDM (roughing),wedm_zgru_1prz,simple
471.82596317874373,366.16612138211394,371.232885286238,591.9303220866279,420.8438012420073,433.87656132110186,4844.577898229727,5155.77248370212,10944.451287199645,105.65984179662979,100.59307789250572,171.0865208446206,158.05376076552608,-311.1945854723918,-6099.873388969918,0.0,0.0,/Users/dawid/Library/Mobile Documents/com~apple~CloudDocs/Dokumenty/Publikacje własne/Manuscripts/Quantum_interference/data/P1-MO58A_frez_wyk.sur,540.2497558744302,810.0000000000001,809.0,532.0,655289.9999999508,Brass,MO58A,classical,384,384,0,P1,P1-MO58A_frez_wyk,area,Milling (finishing),frez_wyk,simple
660.4403895853602,366.16612138211394,371.232885286238,825.4790844518154,420.8438012420073,433.87656132110186,7344.26452997285,5155.77248370212,10944.451287199645,294.2742682032462,289.20750429912215,404.6352832098081,391.60252313071356,2188.492046270731,-3600.1867572267956,0.0,0.0,/Users/dawid/Library/Mobile Documents/com~apple~CloudDocs/Dokumenty/Publikacje własne/Manuscripts/Quantum_interference/data/P1-MO58A_frez_wyk.sur,709.6502765814663,810.0000000000001,809.0,532.0,655289.9999999508,Brass,MO58A,quantum_like,384,384,0,P1,P1-MO58A_frez_wyk,area,Milling (finishing),frez_wyk,simple
377.63040156321307,366.16612138211394,371.232885286238,443.74662382338136,420.8438012420073,433.87656132110186,2570.571437880631,5155.77248370212,10944.451287199645,11.464280181099124,6.397516276975056,22.902822581374025,9.870062502279508,-2585.201045821488,-8373.879849319015,0.0,0.0,/Users/dawid/Library/Mobile Documents/com~apple~CloudDocs/Dokumenty/Publikacje własne/Manuscripts/Quantum_interference/data/P1-MO58A_frez_wyk.sur,164.3544986353539,810.0000000000001,809.0,532.0,655289.9999999508,Brass,MO58A,hybrid,384,384,0,P1,P1-MO58A_frez_wyk,area,Milling (finishing),frez_wyk,simple
852.4545481816413,1582.813678551049,1635.1765763826413,1092.693040497109,1960.1827867960276,2024.9415456585623,8914.735324556992,12195.119074216684,15746.571803058374,-730.3591303694076,-782.7220282010001,-867.4897462989186,-932.2485051614534,-3280.3837496596916,-6831.836478501384,0.0,0.0,/Users/dawid/Library/Mobile Documents/com~apple~CloudDocs/Dokumenty/Publikacje własne/Manuscripts/Quantum_interference/data/P1-MO58A_frez_zgr.sur,2190.1395844657795,810.0000000000001,809.0,532.0,655289.9999999508,Brass,MO58A,classical,384,384,0,P1,P1-MO58A_frez_zgr,area,Milling (roughing),frez_zgr,simple
1680.635033353296,1582.813678551049,1635.1765763826413,2083.3749698017727,1960.1827867960276,2024.9415456585623,15167.40935109652,12195.119074216684,15746.571803058374,97.82135480224703,45.458456970654545,123.19218300574506,58.43342414321025,2972.290276879837,-579.1624519618548,0.0,0.0,/Users/dawid/Library/Mobile Documents/com~apple~CloudDocs/Dokumenty/Publikacje własne/Manuscripts/Quantum_interference/data/P1-MO58A_frez_zgr.sur,709.5317216039989,810.0000000000001,809.0,532.0,655289.9999999508,Brass,MO58A,quantum_like,384,384,0,P1,P1-MO58A_frez_zgr,area,Milling (roughing),frez_zgr,simple
1356.5054192303528,1582.813678551049,1635.1765763826413,1695.6616232681306,1960.1827867960276,2024.9415456585623,10130.08753560294,12195.119074216684,15746.571803058374,-226.30825932069604,-278.6711571522885,-264.52116352789693,-329.27992239043175,-2065.0315386137427,-5616.484267455435,0.0,0.0,/Users/dawid/Library/Mobile Documents/com~apple~CloudDocs/Dokumenty/Publikacje własne/Manuscripts/Quantum_interference/data/P1-MO58A_frez_zgr.sur,683.931737820707,810.0000000000001,809.0,532.0,655289.9999999508,Brass,MO58A,hybrid,384,384,0,P1,P1-MO58A_frez_zgr,area,Milling (roughing),frez_zgr,simple
148.45573973269015,145.52871358746802,149.36655947912297,185.80133809846745,181.36428078017937,187.34316490288163,1396.7933344924231,1065.465651367746,3484.618675857259,2.92702614522213,-0.9108197464328351,4.437057318288058,-1.5418268044141725,331.32768312467715,-2087.825341364836,0.0,0.0,/Users/dawid/Library/Mobile Documents/com~apple~CloudDocs/Dokumenty/Publikacje własne/Manuscripts/Quantum_interference/data/P1-MO58A_nagniat.sur,42.4176951493711,810.0000000000001,809.0,532.0,655289.9999999508,Brass,MO58A,classical,384,384,0,P1,P1-MO58A_nagniat,area,Burnishing,nagniat,simple
582.0991618404248,145.52871358746802,149.36655947912297,729.259156548085,181.36428078017937,187.34316490288163,6445.493383172603,1065.465651367746,3484.618675857259,436.57044825295685,432.73260236130193,547.8948757679055,541.9159916452033,5380.027731804857,2960.874707315344,0.0,0.0,/Users/dawid/Library/Mobile Documents/com~apple~CloudDocs/Dokumenty/Publikacje własne/Manuscripts/Quantum_interference/data/P1-MO58A_nagniat.sur,706.7142030320288,810.0000000000001,809.0,532.0,655289.9999999508,Brass,MO58A,quantum_like,384,384,0,P1,P1-MO58A_nagniat,area,Burnishing,nagniat,simple
185.00336081084274,145.52871358746802,149.36655947912297,233.5112056615145,181.36428078017937,187.34316490288163,1881.4187740423479,1065.465651367746,3484.618675857259,39.47464722337473,35.63680133171977,52.14692488133512,46.16804075863289,815.9531226746019,-1603.199901814911,0.0,0.0,/Users/dawid/Library/Mobile Documents/com~apple~CloudDocs/Dokumenty/Publikacje własne/Manuscripts/Quantum_interference/data/P1-MO58A_nagniat.sur,151.52062775935946,810.0000000000001,809.0,532.0,655289.9999999508,Brass,MO58A,hybrid,384,384,0,P1,P1-MO58A_nagniat,area,Burnishing,nagniat,simple
828.6766869412935,1320.4606785737492,1386.8772375518495,1082.1060784619,1700.0413040985693,2154.5371115300177,9957.28657654252,29749.45926328632,97070.55657722981,-491.78399163245575,-558.2005506105561,-617.9352256366692,-1072.4310330681174,-19792.172686743805,-87113.2700006873,0.0,0.0,/Users/dawid/Library/Mobile Documents/com~apple~CloudDocs/Dokumenty/Publikacje własne/Manuscripts/Quantum_interference/data/P1-MO58A_t_zgrub.sur,2009.0833690762263,810.0000000000001,809.0,532.0,655289.9999999508,Brass,MO58A,classical,384,384,0,P1,P1-MO58A_t_zgrub,area,Turning (roughing),t_zgrub,simple
1440.94310199522,1320.4606785737492,1386.8772375518495,1844.64642995198,1700.0413040985693,2154.5371115300177,31919.687951528776,29749.45926328632,97070.55657722981,120.48242342147093,54.06586444337059,144.60512585341058,-309.8906815780377,2170.2286882424537,-65150.86862570103,0.0,0.0,/Users/dawid/Library/Mobile Documents/com~apple~CloudDocs/Dokumenty/Publikacje własne/Manuscripts/Quantum_interference/data/P1-MO58A_t_zgrub.sur,710.3634253234351,810.0000000000001,809.0,532.0,655289.9999999508,Brass,MO58A,quantum_like,384,384,0,P1,P1-MO58A_t_zgrub,area,Turning (roughing),t_zgrub,simple
1066.0399707805752,1320.4606785737492,1386.8772375518495,1343.933625154003,1700.0413040985693,2154.5371115300177,16971.93964333728,29749.45926328632,97070.55657722981,-254.42070779317405,-320.83726677127436,-356.10767894456643,-810.6034863760148,-12777.519619949046,-80098.61693389252,0.0,0.0,/Users/dawid/Library/Mobile Documents/com~apple~CloudDocs/Dokumenty/Publikacje własne/Manuscripts/Quantum_interference/data/P1-MO58A_t_zgrub.sur,722.3887121638147,810.0000000000001,809.0,532.0,655289.9999999508,Brass,MO58A,hybrid,384,384,0,P1,P1-MO58A_t_zgrub,area,Turning (roughing),t_zgrub,simple
826.5268743078833,399.4385559669791,623.3622952841346,1102.0083699852341,741.1573762165801,1678.008257576369,9569.018683379827,35871.175065826836,119387.24119355052,427.08831834090415,203.16457902374864,360.850993768654,-575.999887591135,-26302.156382447007,-109818.2225101707,0.0,0.0,/Users/dawid/Library/Mobile Documents/com~apple~CloudDocs/Dokumenty/Publikacje własne/Manuscripts/Quantum_interference/data/P1-MO58A_wedm_wyk.sur,1321.4942507989851,810.0000000000001,809.0,532.0,655289.9999999508,Brass,MO58A,classical,384,384,0,P1,P1-MO58A_wedm_wyk,area,Wire EDM (finishing),wedm_wyk,simple
702.9656492967017,399.4385559669791,623.3622952841346,1027.49573957018,741.1573762165801,1678.008257576369,36612.321309466344,35871.175065826836,119387.24119355052,303.5270933297227,79.60335401256715,286.3383633535997,-650.5125180061893,741.1462436395112,-82774.91988408419,0.0,0.0,/Users/dawid/Library/Mobile Documents/com~apple~CloudDocs/Dokumenty/Publikacje własne/Manuscripts/Quantum_interference/data/P1-MO58A_wedm_wyk.sur,709.4700327711291,810.0000000000001,809.0,532.0,655289.9999999508,Brass,MO58A,quantum_like,384,384,0,P1,P1-MO58A_wedm_wyk,area,Wire EDM (finishing),wedm_wyk,simple
280.56703262219065,399.4385559669791,623.3622952841346,463.347163337207,741.1573762165801,1678.008257576369,15075.978485629672,35871.175065826836,119387.24119355052,-118.87152334478844,-342.795262661944,-277.8102128793731,-1214.6610942391621,-20795.19658019716,-104311.26270792086,0.0,0.0,/Users/dawid/Library/Mobile Documents/com~apple~CloudDocs/Dokumenty/Publikacje własne/Manuscripts/Quantum_interference/data/P1-MO58A_wedm_wyk.sur,527.4245364226081,810.0000000000001,809.0,532.0,655289.9999999508,Brass,MO58A,hybrid,384,384,0,P1,P1-MO58A_wedm_wyk,area,Wire EDM (finishing),wedm_wyk,simple
863.7528719376581,80264.23844862024,88536.39320245878,1121.647263812408,100720.89669610976,114712.78171870453,8850.472959723078,1352403.3994031684,2608601.8359336206,-79400.4855766826,-87672.64033052113,-99599.24943229737,-113591.13445489213,-1343552.9264434453,-2599751.3629738973,0.0,0.0,/Users/dawid/Library/Mobile Documents/com~apple~CloudDocs/Dokumenty/Publikacje własne/Manuscripts/Quantum_interference/data/P1-MO58A_wedm_zgru_1prz.sur,100730.28328344556,810.0000000000001,809.0,532.0,655289.9999999508,Brass,MO58A,classical,384,384,0,P1,P1-MO58A_wedm_zgru_1prz,area,Wire EDM (roughing),wedm_zgru_1prz,simple
362417.43779299397,80264.23844862024,88536.39320245878,473899.5714870514,100720.89669610976,114712.78171870453,3993292.1142123537,1352403.3994031684,2608601.8359336206,282153.19934437366,273881.04459053517,373178.6747909416,359186.7897683469,2640888.7148091854,1384690.2782787334,0.0,0.0,/Users/dawid/Library/Mobile Documents/com~apple~CloudDocs/Dokumenty/Publikacje własne/Manuscripts/Quantum_interference/data/P1-MO58A_wedm_zgru_1prz.sur,465808.79566168337,810.0000000000001,809.0,532.0,655289.9999999508,Brass,MO58A,quantum_like,384,384,0,P1,P1-MO58A_wedm_zgru_1prz,area,Wire EDM (roughing),wedm_zgru_1prz,simple
207832.488852335,80264.23844862024,88536.39320245878,266413.6730620139,100720.89669610976,114712.78171870453,1966671.6679458984,1352403.3994031684,2608601.8359336206,127568.25040371474,119296.09564987621,165692.77636590414,151700.8913433094,614268.26854273,-641930.167987722,0.0,0.0,/Users/dawid/Library/Mobile Documents/com~apple~CloudDocs/Dokumenty/Publikacje własne/Manuscripts/Quantum_interference/data/P1-MO58A_wedm_zgru_1prz.sur,265671.72501362,810.0000000000001,809.0,532.0,655289.9999999508,Brass,MO58A,hybrid,384,384,0,P1,P1-MO58A_wedm_zgru_1prz,area,Wire EDM (roughing),wedm_zgru_1prz,simple
795.2150283829322,495.8856965219637,548.7149225512189,1039.9067218824325,643.3556224424575,713.3317760266872,7848.6276822123045,6010.845905741514,8954.240732494147,299.3293318609686,246.50010583171334,396.55109943997496,326.5749458557452,1837.7817764707906,-1105.6130502818432,0.0,0.0,/Users/dawid/Library/Mobile Documents/com~apple~CloudDocs/Dokumenty/Publikacje własne/Manuscripts/Quantum_interference/data/P1-Ti6A14V_frez_wyk.sur,1205.7018147967326,810.0000000000001,809.0,532.0,655289.9999999508,Titanium,Ti6A14V,classical,384,384,0,P1,P1-Ti6A14V_frez_wyk,area,Milling (finishing),frez_wyk,simple
758.0247195094175,495.8856965219637,548.7149225512189,957.3770383588521,643.3556224424575,713.3317760266872,9428.32451021476,6010.845905741514,8954.240732494147,262.13902298745387,209.30979695819863,314.02141591639463,244.0452623321649,3417.4786044732455,474.08377772061175,0.0,0.0,/Users/dawid/Library/Mobile Documents/com~apple~CloudDocs/Dokumenty/Publikacje własne/Manuscripts/Quantum_interference/data/P1-Ti6A14V_frez_wyk.sur,709.5982679882239,810.0000000000001,809.0,532.0,655289.9999999508,Titanium,Ti6A14V,quantum_like,384,384,0,P1,P1-Ti6A14V_frez_wyk,area,Milling (finishing),frez_wyk,simple
348.7137470145706,495.8856965219637,548.7149225512189,463.4252248735553,643.3556224424575,713.3317760266872,4453.842741707252,6010.845905741514,8954.240732494147,-147.1719495073931,-200.00117553664833,-179.93039756890224,-249.90655115313194,-1557.0031640342622,-4500.397990786896,0.0,0.0,/Users/dawid/Library/Mobile Documents/com~apple~CloudDocs/Dokumenty/Publikacje własne/Manuscripts/Quantum_interference/data/P1-Ti6A14V_frez_wyk.sur,394.84972881262786,810.0000000000001,809.0,532.0,655289.9999999508,Titanium,Ti6A14V,hybrid,384,384,0,P1,P1-Ti6A14V_frez_wyk,area,Milling (finishing),frez_wyk,simple
967.3668883924247,650.4661620714733,683.9830450019091,1260.297400610958,831.7541609163306,1071.5743326150443,10731.361171113324,22160.941226327785,70791.5363647731,316.9007263209513,283.3838433905156,428.5432396946273,188.72306799591374,-11429.580055214461,-60060.175193659765,0.0,0.0,/Users/dawid/Library/Mobile Documents/com~apple~CloudDocs/Dokumenty/Publikacje własne/Manuscripts/Quantum_interference/data/P1-Ti6A14V_frez_zgr.sur,1426.6116982491644,810.0000000000001,809.0,532.0,655289.9999999508,Titanium,Ti6A14V,classical,384,384,0,P1,P1-Ti6A14V_frez_zgr,area,Milling (roughing),frez_zgr,simple
863.8006262255229,650.4661620714733,683.9830450019091,1091.3795847684046,831.7541609163306,1071.5743326150443,20501.035671209956,22160.941226327785,70791.5363647731,213.33446415404967,179.81758122361393,259.625423852074,19.805252153360396,-1659.905555117829,-50290.50069356314,0.0,0.0,/Users/dawid/Library/Mobile Documents/com~apple~CloudDocs/Dokumenty/Publikacje własne/Manuscripts/Quantum_interference/data/P1-Ti6A14V_frez_zgr.sur,709.6993646882676,810.0000000000001,809.0,532.0,655289.9999999508,Titanium,Ti6A14V,quantum_like,384,384,0,P1,P1-Ti6A14V_frez_zgr,area,Milling (roughing),frez_zgr,simple
616.3686443078101,650.4661620714733,683.9830450019091,775.3480311394253,831.7541609163306,1071.5743326150443,7245.997538064962,22160.941226327785,70791.5363647731,-34.09751776366321,-67.61440069409896,-56.406129776905395,-296.226301475619,-14914.943688262823,-63545.538826708136,0.0,0.0,/Users/dawid/Library/Mobile Documents/com~apple~CloudDocs/Dokumenty/Publikacje własne/Manuscripts/Quantum_interference/data/P1-Ti6A14V_frez_zgr.sur,297.55584865778746,810.0000000000001,809.0,532.0,655289.9999999508,Titanium,Ti6A14V,hybrid,384,384,0,P1,P1-Ti6A14V_frez_zgr,area,Milling (roughing),frez_zgr,simple
742.8501025466795,305.56320256149,347.8317815466067,982.7004296953468,454.35972721145276,803.7426150092576,8435.352952003543,14891.38355097837,44965.60414799983,437.28689998518956,395.0183210000729,528.3407024838941,178.95781468608914,-6456.030598974827,-36530.25119599629,0.0,0.0,/Users/dawid/Library/Mobile Documents/com~apple~CloudDocs/Dokumenty/Publikacje własne/Manuscripts/Quantum_interference/data/P1-Ti6A14V_nagniat.sur,1095.9411629620358,810.0000000000001,809.0,532.0,655289.9999999508,Titanium,Ti6A14V,classical,384,384,0,P1,P1-Ti6A14V_nagniat,area,Burnishing,nagniat,simple
649.1326997423041,305.56320256149,347.8317815466067,842.9397176994866,454.35972721145276,803.7426150092576,17809.191328779278,14891.38355097837,44965.60414799983,343.5694971808141,301.3009181956974,388.57999048803384,39.19710269022889,2917.8077778009097,-27156.412819220554,0.0,0.0,/Users/dawid/Library/Mobile Documents/com~apple~CloudDocs/Dokumenty/Publikacje własne/Manuscripts/Quantum_interference/data/P1-Ti6A14V_nagniat.sur,710.4340493809473,810.0000000000001,809.0,532.0,655289.9999999508,Titanium,Ti6A14V,quantum_like,384,384,0,P1,P1-Ti6A14V_nagniat,area,Burnishing,nagniat,simple
268.24685572750025,305.56320256149,347.8317815466067,356.58062709913725,454.35972721145276,803.7426150092576,7758.908880077989,14891.38355097837,44965.60414799983,-37.31634683398975,-79.58492581910643,-97.77910011231549,-447.16198791012044,-7132.474670900379,-37206.695267921845,0.0,0.0,/Users/dawid/Library/Mobile Documents/com~apple~CloudDocs/Dokumenty/Publikacje własne/Manuscripts/Quantum_interference/data/P1-Ti6A14V_nagniat.sur,296.83402523027456,810.0000000000001,809.0,532.0,655289.9999999508,Titanium,Ti6A14V,hybrid,384,384,0,P1,P1-Ti6A14V_nagniat,area,Burnishing,nagniat,simple
914.5756483684066,111.7473040974018,120.19932196150366,1140.6711080813157,133.46996313903048,143.5085523769773,7683.191834631235,3499.5405070345682,3825.7073651355636,802.8283442710049,794.376326406903,1007.2011449422849,997.1625557043382,4183.651327596666,3857.4844694956714,0.0,0.0,/Users/dawid/Library/Mobile Documents/com~apple~CloudDocs/Dokumenty/Publikacje własne/Manuscripts/Quantum_interference/data/P1-Ti6A14V_t_wyk.sur,1135.5731518349448,810.0000000000001,809.0,532.0,655289.9999999508,Titanium,Ti6A14V,classical,384,384,0,P1,P1-Ti6A14V_t_wyk,area,Turning (finishing),t_wyk,simple
574.7632994932618,111.7473040974018,120.19932196150366,720.3758299496302,133.46996313903048,143.5085523769773,7185.920707755409,3499.5405070345682,3825.7073651355636,463.01599539586005,454.5639775317582,586.9058668105998,576.8672775726529,3686.3802007208415,3360.213342619846,0.0,0.0,/Users/dawid/Library/Mobile Documents/com~apple~CloudDocs/Dokumenty/Publikacje własne/Manuscripts/Quantum_interference/data/P1-Ti6A14V_t_wyk.sur,707.9101754481046,810.0000000000001,809.0,532.0,655289.9999999508,Titanium,Ti6A14V,quantum_like,384,384,0,P1,P1-Ti6A14V_t_wyk,area,Turning (finishing),t_wyk,simple
138.10431672148306,111.7473040974018,120.19932196150366,168.53020904477867,133.46996313903048,143.5085523769773,1733.0215789315257,3499.5405070345682,3825.7073651355636,26.357012624081268,17.904994759979406,35.060245905748175,25.021656667801377,-1766.5189281030423,-2092.685786204038,0.0,0.0,/Users/dawid/Library/Mobile Documents/com~apple~CloudDocs/Dokumenty/Publikacje własne/Manuscripts/Quantum_interference/data/P1-Ti6A14V_t_wyk.sur,182.42326430408946,810.0000000000001,809.0,532.0,655289.9999999508,Titanium,Ti6A14V,hybrid,384,384,0,P1,P1-Ti6A14V_t_wyk,area,Turning (finishing),t_wyk,simple
832.4555940314946,2963.1498600143173,3004.2986216553054,1080.818323580001,3429.197020892221,3551.4597919526173,8517.272599078084,38147.77613202825,70976.5955354702,-2130.6942659828223,-2171.843027623811,-2348.37869731222,-2470.641468372616,-29630.50353295017,-62459.32293639213,0.0,0.0,/Users/dawid/Library/Mobile Documents/com~apple~CloudDocs/Dokumenty/Publikacje własne/Manuscripts/Quantum_interference/data/P1-Ti6A14V_t_zgrub.sur,3584.7487912810643,810.0000000000001,809.0,532.0,655289.9999999508,Titanium,Ti6A14V,classical,384,384,0,P1,P1-Ti6A14V_t_zgrub,area,Turning (roughing),t_zgrub,simple
3001.3998011167328,2963.1498600143173,3004.2986216553054,3501.561840544723,3429.197020892221,3551.4597919526173,39517.495628663906,38147.77613202825,70976.5955354702,38.24994110241572,-2.8988205385727315,72.36481965250199,-49.89795140789424,1369.719496635651,-31459.099906806296,0.0,0.0,/Users/dawid/Library/Mobile Documents/com~apple~CloudDocs/Dokumenty/Publikacje własne/Manuscripts/Quantum_interference/data/P1-Ti6A14V_t_zgrub.sur,710.6458319171197,810.0000000000001,809.0,532.0,655289.9999999508,Titanium,Ti6A14V,quantum_like,384,384,0,P1,P1-Ti6A14V_t_zgrub,area,Turning (roughing),t_zgrub,simple
2395.9854202998563,2963.1498600143173,3004.2986216553054,2735.425061741148,3429.197020892221,3551.4597919526173,16172.223415080422,38147.77613202825,70976.5955354702,-567.164439714461,-608.3132013554495,-693.771959151073,-816.0347302114693,-21975.55271694783,-54804.37212038978,0.0,0.0,/Users/dawid/Library/Mobile Documents/com~apple~CloudDocs/Dokumenty/Publikacje własne/Manuscripts/Quantum_interference/data/P1-Ti6A14V_t_zgrub.sur,906.6901562777019,810.0000000000001,809.0,532.0,655289.9999999508,Titanium,Ti6A14V,hybrid,384,384,0,P1,P1-Ti6A14V_t_zgrub,area,Turning (roughing),t_zgrub,simple
895.3822128402522,230.07954047060718,409.00644899786334,1147.2801959029734,289.13699955923164,520.0834351728039,10527.68542217485,9613.568616179513,19334.36500722471,665.302672369645,486.37576384238884,858.1431963437417,627.1967607301696,914.1168059953384,-8806.679585049858,0.0,0.0,/Users/dawid/Library/Mobile Documents/com~apple~CloudDocs/Dokumenty/Publikacje własne/Manuscripts/Quantum_interference/data/P1-Ti6A14V_wedm_wyk.sur,1192.2975407084832,810.0000000000001,809.0,532.0,655289.9999999508,Titanium,Ti6A14V,classical,384,384,0,P1,P1-Ti6A14V_wedm_wyk,area,Wire EDM (finishing),wedm_wyk,simple
610.6473095632147,230.07954047060718,409.00644899786334,766.6993514482483,289.13699955923164,520.0834351728039,11547.606476766792,9613.568616179513,19334.36500722471,380.5677690926075,201.64086056535135,477.56235188901667,246.61591627544445,1934.0378605872802,-7786.758530457917,0.0,0.0,/Users/dawid/Library/Mobile Documents/com~apple~CloudDocs/Dokumenty/Publikacje własne/Manuscripts/Quantum_interference/data/P1-Ti6A14V_wedm_wyk.sur,710.8468891936617,810.0000000000001,809.0,532.0,655289.9999999508,Titanium,Ti6A14V,quantum_like,384,384,0,P1,P1-Ti6A14V_wedm_wyk,area,Wire EDM (finishing),wedm_wyk,simple
216.38747450659199,230.07954047060718,409.00644899786334,267.5347217392683,289.13699955923164,520.0834351728039,2722.077888950221,9613.568616179513,19334.36500722471,-13.692065964015224,-192.61897449127136,-21.602277819963344,-252.54871343353557,-6891.490727229292,-16612.28711827449,0.0,0.0,/Users/dawid/Library/Mobile Documents/com~apple~CloudDocs/Dokumenty/Publikacje własne/Manuscripts/Quantum_interference/data/P1-Ti6A14V_wedm_wyk.sur,232.90037186541468,810.0000000000001,809.0,532.0,655289.9999999508,Titanium,Ti6A14V,hybrid,384,384,0,P1,P1-Ti6A14V_wedm_wyk,area,Wire EDM (finishing),wedm_wyk,simple
929.0249594155172,3853.857307641824,4401.629858763449,1201.606750478285,4873.281722469973,5552.950033863544,9477.819747579531,54090.382403839896,73584.54434948617,-2924.8323482263067,-3472.6048993479326,-3671.674971991688,-4351.34328338526,-44612.562656260365,-64106.724601906644,0.0,0.0,/Users/dawid/Library/Mobile Documents/com~apple~CloudDocs/Dokumenty/Publikacje własne/Manuscripts/Quantum_interference/data/P1-Ti6A14V_wedm_zgru_1prz.sur,5039.710848815651,810.0000000000001,809.0,532.0,655289.9999999508,Titanium,Ti6A14V,classical,384,384,0,P1,P1-Ti6A14V_wedm_zgru_1prz,area,Wire EDM (roughing),wedm_zgru_1prz,simple
3898.9458084643115,3853.857307641824,4401.629858763449,4927.346087449212,4873.281722469973,5552.950033863544,54438.24649023473,54090.382403839896,73584.54434948617,45.088500822487624,-502.684050299138,54.064364979239485,-625.6039464143322,347.86408639483176,-19146.29785925145,0.0,0.0,/Users/dawid/Library/Mobile Documents/com~apple~CloudDocs/Dokumenty/Publikacje własne/Manuscripts/Quantum_interference/data/P1-Ti6A14V_wedm_zgru_1prz.sur,709.4461813027095,810.0000000000001,809.0,532.0,655289.9999999508,Titanium,Ti6A14V,quantum_like,384,384,0,P1,P1-Ti6A14V_wedm_zgru_1prz,area,Wire EDM (roughing),wedm_zgru_1prz,simple
2214.9490170038266,3853.857307641824,4401.629858763449,2810.1667713245824,4873.281722469973,5552.950033863544,28935.554883750243,54090.382403839896,73584.54434948617,-1638.9082906379974,-2186.680841759623,-2063.1149511453905,-2742.7832625389624,-25154.827520089653,-44648.98946573593,0.0,0.0,/Users/dawid/Library/Mobile Documents/com~apple~CloudDocs/Dokumenty/Publikacje własne/Manuscripts/Quantum_interference/data/P1-Ti6A14V_wedm_zgru_1prz.sur,3064.5034952866868,810.0000000000001,809.0,532.0,655289.9999999508,Titanium,Ti6A14V,hybrid,384,384,0,P1,P1-Ti6A14V_wedm_zgru_1prz,area,Wire EDM (roughing),wedm_zgru_1prz,simple
438.1501587048408,305.2930172999309,313.44194181447756,582.4281178057287,469.92150016905305,820.2161239650844,8933.105280298141,13929.75158579409,41617.377154131675,132.8571414049099,124.70821689036329,112.50661763667566,-237.7880061593557,-4996.6463054959495,-32684.27187383353,0.0,0.0,/Users/dawid/Library/Mobile Documents/com~apple~CloudDocs/Dokumenty/Publikacje własne/Manuscripts/Quantum_interference/data/Ti_oselkowane.sur,743.6248636484582,810.0000000000001,809.0,532.0,655289.9999999508,Titanium,Ti,classical,384,384,0,,Ti_oselkowane,area,Honed,oselkowane,simple
649.0969002911902,305.2930172999309,313.44194181447756,849.7604562091071,469.92150016905305,820.2161239650844,15355.31341162975,13929.75158579409,41617.377154131675,343.80388299125923,335.65495847671264,379.8389560400541,29.54433224402276,1425.5618258356585,-26262.063742501927,0.0,0.0,/Users/dawid/Library/Mobile Documents/com~apple~CloudDocs/Dokumenty/Publikacje własne/Manuscripts/Quantum_interference/data/Ti_oselkowane.sur,708.8283082903275,810.0000000000001,809.0,532.0,655289.9999999508,Titanium,Ti,quantum_like,384,384,0,,Ti_oselkowane,area,Honed,oselkowane,simple
314.1705082559901,305.2930172999309,313.44194181447756,416.1449809096977,469.92150016905305,820.2161239650844,6314.989020720644,13929.75158579409,41617.377154131675,8.877490956059175,0.7285664415125556,-53.77651925935537,-404.0711430553867,-7614.762565073447,-35302.388133411034,0.0,0.0,/Users/dawid/Library/Mobile Documents/com~apple~CloudDocs/Dokumenty/Publikacje własne/Manuscripts/Quantum_interference/data/Ti_oselkowane.sur,257.6958427568541,810.0000000000001,809.0,532.0,655289.9999999508,Titanium,Ti,hybrid,384,384,0,,Ti_oselkowane,area,Honed,oselkowane,simple
815.4729255759986,357.40456479157774,362.86787323690766,1084.3365887827224,443.2899634498956,450.1454615793234,10408.732363529478,2978.412111877436,5483.871984749424,458.06836078442086,452.60505233909095,641.0466253328269,634.1911272033991,7430.320251652042,4924.860378780054,0.0,0.0,/Users/dawid/Library/Mobile Documents/com~apple~CloudDocs/Dokumenty/Publikacje własne/Manuscripts/Quantum_interference/data/Ti_szkielkowane.sur,1126.5668669032427,810.0000000000001,809.0,532.0,655289.9999999508,Titanium,Ti,classical,384,384,0,,Ti_szkielkowane,area,Glass bead blasted,szkielkowane,simple
667.528172401981,357.40456479157774,362.86787323690766,835.5904187101133,443.2899634498956,450.1454615793234,7715.744072361122,2978.412111877436,5483.871984749424,310.1236076104033,304.6602991650734,392.30045526021775,385.44495713078993,4737.331960483686,2231.872087611697,0.0,0.0,/Users/dawid/Library/Mobile Documents/com~apple~CloudDocs/Dokumenty/Publikacje własne/Manuscripts/Quantum_interference/data/Ti_szkielkowane.sur,708.0966852729772,810.0000000000001,809.0,532.0,655289.9999999508,Titanium,Ti,quantum_like,384,384,0,,Ti_szkielkowane,area,Glass bead blasted,szkielkowane,simple
350.9936171398979,357.40456479157774,362.86787323690766,436.25854618504934,443.2899634498956,450.1454615793234,2971.7540892810334,2978.412111877436,5483.871984749424,-6.410947651679843,-11.874256097009777,-7.031417264846274,-13.886915394274096,-6.658022596402522,-2512.117895468391,0.0,0.0,/Users/dawid/Library/Mobile Documents/com~apple~CloudDocs/Dokumenty/Publikacje własne/Manuscripts/Quantum_interference/data/Ti_szkielkowane.sur,205.13919467354842,810.0000000000001,809.0,532.0,655289.9999999508,Titanium,Ti,hybrid,384,384,0,,Ti_szkielkowane,area,Glass bead blasted,szkielkowane,simple
783.6122918829857,263.99143220190996,269.0687259091993,1027.6485682247328,325.01567004633114,332.064684239527,9755.342612079046,2723.1644116003654,3640.405667431295,519.6208596810757,514.5435659737864,702.6328981784017,695.5838839852057,7032.178200478681,6114.936944647751,0.0,0.0,/Users/dawid/Library/Mobile Documents/com~apple~CloudDocs/Dokumenty/Publikacje własne/Manuscripts/Quantum_interference/data/Ti_szlifowane.sur,1044.1886128163144,810.0000000000001,809.0,532.0,655289.9999999508,Titanium,Ti,classical,384,384,0,,Ti_szlifowane,area,Grinding,szlifowane,simple
622.1008361221006,263.99143220190996,269.0687259091993,780.1411724337786,325.01567004633114,332.064684239527,7616.160652268059,2723.1644116003654,3640.405667431295,358.1094039201907,353.03211021290133,455.1255023874475,448.07648819425157,4892.996240667693,3975.754984836764,0.0,0.0,/Users/dawid/Library/Mobile Documents/com~apple~CloudDocs/Dokumenty/Publikacje własne/Manuscripts/Quantum_interference/data/Ti_szlifowane.sur,708.6070945217397,810.0000000000001,809.0,532.0,655289.9999999508,Titanium,Ti,quantum_like,384,384,0,,Ti_szlifowane,area,Grinding,szlifowane,simple
277.69903086960545,263.99143220190996,269.0687259091993,343.08124467669813,325.01567004633114,332.064684239527,2471.1979645880274,2723.1644116003654,3640.405667431295,13.707598667695482,8.63030496040612,18.065574630367042,11.016560437171139,-251.9664470123377,-1169.2077028432675,0.0,0.0,/Users/dawid/Library/Mobile Documents/com~apple~CloudDocs/Dokumenty/Publikacje własne/Manuscripts/Quantum_interference/data/Ti_szlifowane.sur,173.8894125645036,810.0000000000001,809.0,532.0,655289.9999999508,Titanium,Ti,hybrid,384,384,0,,Ti_szlifowane,area,Grinding,szlifowane,simple
