method,step_nm,rms_nm,sample_reflectivity,sample_visibility_scale,coherence_model,incidence_cos,coherence_class,coherence_quant,lambda_class_nm,lambda1_nm,lambda2_nm,lambda_eff_um,class_visibility,class_visibility_eff,class_photons_per_pixel,class_photons_per_pixel_eff,class_mean_counts_per_pixel_frame,crlb_phi_rad_mean,crlb_phi_rad_median,crlb_phi_rad_p90,crlb_h_nm_mean,crlb_h_nm_median,crlb_h_nm_p90,quant_interferometer,quant_detector_model,quant_visibility,quant_visibility_eff,quant_pairs_per_pixel,quant_pairs_per_pixel_eff,gate_time_s,tau_c_s,eta1,eta2,dark1_hz,dark2_hz,phase_step_sigma_deg,deadtime1_s,deadtime2_s,background_drift_frac,amplitude_drift_frac,normalize_frames,hybrid_smooth_sigma_px,recon,rep,Sa_true_nm,Sq_true_nm,Sz_true_nm,Sa_est_nm,Sq_est_nm,Sz_est_nm,bias_Sa_nm,bias_Sq_nm,bias_Sz_nm,rmse_h_nm,step_est_nm,step_err_nm,quant_mean_counts_per_pixel_frame,crlb_phi_coarse_rad_median,crlb_h_coarse_nm_median,quant_target_mean_counts,quant_target_mean_counts_eff,su11_gain
classical,0.0,80.0,0.2,0.7,rayleigh,1.0,0.028130814138268814,0.2138907659724164,532.0,810.0,809.0,655.2899999999507,0.85,0.016737834412269944,80000.0,16000.0,15999.268997192383,0.7737730205101766,0.548723342083133,1.310173028336669,32.75784707806075,23.230320587127885,55.466456661612035,-,simple,0.6,0.08983412170841489,30000.0,6000.0,1.0,1e-06,1.0,1.0,0.0,0.0,0.0,0.0,0.0,0.0,0.0,0,1.5,psi4,0,64.5222403252258,79.78676508330491,545.2659088492186,219.48783491856025,286.19402097768705,2060.178219204394,154.96559459333443,206.40725589438213,1514.9123103551751,279.8318035974467,-398.7673549017495,-398.7673549017495,,,,,,
quant_diff,0.0,80.0,0.2,0.7,rayleigh,1.0,0.028130814138268814,0.2138907659724164,532.0,810.0,809.0,655.2899999999507,0.85,0.016737834412269944,80000.0,16000.0,15999.268997192383,0.20725557815282453,0.19815911382483176,0.2651845447049462,10807.615975655353,10333.268823846964,13828.39847975889,diff,simple,0.6,0.08983412170841489,30000.0,6000.0,1.0,1e-06,1.0,1.0,0.0,0.0,0.0,0.0,0.0,0.0,0.0,0,1.5,psi4,0,64.5222403252258,79.78676508330491,545.2659088492186,8648.661193438904,10906.631757295518,91713.15522193906,8584.13895311368,10826.844992212213,91167.88931308984,10905.757000476402,-314.13707805490856,-314.13707805490856,5999.634918212891,nan,nan,0.0,0.0,0.0
hybrid_diff,0.0,80.0,0.2,0.7,rayleigh,1.0,0.028130814138268814,0.2138907659724164,532.0,810.0,809.0,655.2899999999507,0.85,0.016737834412269944,80000.0,16000.0,15999.268997192383,0.7737730205101766,0.548723342083133,1.310173028336669,32.75784707806075,23.230320587127885,55.466456661612035,diff,simple,0.6,0.08983412170841489,30000.0,6000.0,1.0,1e-06,1.0,1.0,0.0,0.0,0.0,0.0,0.0,0.0,0.0,0,1.5,psi4,0,64.5222403252258,79.78676508330491,545.2659088492186,1624.4857678086976,2036.963149286374,15463.806988242482,1559.9635274834716,1957.176384203069,14918.541079393264,2032.994316296313,-134.8424160193655,-134.8424160193655,5999.634918212891,0.19815911382483176,10333.268823846964,0.0,0.0,0.0
quant_noon2,0.0,80.0,0.2,0.7,rayleigh,1.0,0.028130814138268814,0.2138907659724164,532.0,810.0,809.0,0.405,0.85,0.016737834412269944,80000.0,16000.0,15999.268997192383,0.20794427685706834,0.19928844096438902,0.26611257968886476,6.701810308768089,6.422842447313376,8.576509326474795,noon2,simple,0.6,0.08983412170841489,30000.0,6000.0,1.0,1e-06,1.0,1.0,0.0,0.0,0.0,0.0,0.0,0.0,0.0,0,1.5,psi4,0,64.5222403252258,79.78676508330491,545.2659088492186,64.67292531334208,79.9842459534352,551.4938912400658,0.15068498811628128,0.19748087013028423,6.2279823908471625,6.737758881617484,-4.102597980916043,-4.102597980916043,5999.566009521484,nan,nan,0.0,0.0,0.0
hybrid_noon2,0.0,80.0,0.2,0.7,rayleigh,1.0,0.028130814138268814,0.2138907659724164,532.0,810.0,809.0,0.405,0.85,0.016737834412269944,80000.0,16000.0,15999.268997192383,0.7737730205101766,0.548723342083133,1.310173028336669,32.75784707806075,23.230320587127885,55.466456661612035,noon2,simple,0.6,0.08983412170841489,30000.0,6000.0,1.0,1e-06,1.0,1.0,0.0,0.0,0.0,0.0,0.0,0.0,0.0,0,1.5,psi4,0,64.5222403252258,79.78676508330491,545.2659088492186,69.38972386804579,86.29013247620112,668.4022641741021,4.867483542819984,6.503367392896203,123.1363553248835,34.83079458149046,-5.376945403977313,-5.376945403977313,5999.566009521484,0.19928844096438902,6.422842447313376,0.0,0.0,0.0
classical,0.0,80.0,0.2,0.7,rayleigh,1.0,0.028130814138268814,0.2138907659724164,532.0,810.0,809.0,655.2899999999507,0.85,0.016737834412269944,80000.0,16000.0,16000.63525390625,0.7638711259388348,0.5489363563642904,1.2937216762422397,32.33864824383772,23.239338592489453,54.76998513591665,-,simple,0.6,0.08983412170841489,30000.0,6000.0,1.0,1e-06,1.0,1.0,0.0,0.0,0.0,0.0,0.0,0.0,0.0,0,1.5,psi4,1,63.45540927048641,79.93200411533286,560.8268298638247,202.72423843431775,264.4074151916407,2147.3695454254603,139.26882916383136,184.47541107630786,1586.5427155616355,257.6095201534255,156.91822742533367,156.91822742533367,,,,,,
quant_diff,0.0,80.0,0.2,0.7,rayleigh,1.0,0.028130814138268814,0.2138907659724164,532.0,810.0,809.0,655.2899999999507,0.85,0.016737834412269944,80000.0,16000.0,16000.63525390625,0.20841248541279073,0.1993149388130661,0.2676661199784816,10867.9444333818,10393.540845083913,13957.803501375613,diff,simple,0.6,0.08983412170841489,30000.0,6000.0,1.0,1e-06,1.0,1.0,0.0,0.0,0.0,0.0,0.0,0.0,0.0,0,1.5,psi4,1,63.45540927048641,79.93200411533286,560.8268298638247,8560.493154910375,10853.654605482807,110484.57778254394,8497.03774563989,10773.722601367474,109923.75095268013,10853.306264548935,161.0977113836066,161.0977113836066,6000.399230957031,nan,nan,0.0,0.0,0.0
hybrid_diff,0.0,80.0,0.2,0.7,rayleigh,1.0,0.028130814138268814,0.2138907659724164,532.0,810.0,809.0,655.2899999999507,0.85,0.016737834412269944,80000.0,16000.0,16000.63525390625,0.7638711259388348,0.5489363563642904,1.2937216762422397,32.33864824383772,23.239338592489453,54.76998513591665,diff,simple,0.6,0.08983412170841489,30000.0,6000.0,1.0,1e-06,1.0,1.0,0.0,0.0,0.0,0.0,0.0,0.0,0.0,0,1.5,psi4,1,63.45540927048641,79.93200411533286,560.8268298638247,1626.323348305433,2050.365587351332,17040.229406240687,1562.8679390349466,1970.4335832359993,16479.402576376862,2048.930356757333,70.4983377119841,70.4983377119841,6000.399230957031,0.1993149388130661,10393.540845083913,0.0,0.0,0.0
quant_noon2,0.0,80.0,0.2,0.7,rayleigh,1.0,0.028130814138268814,0.2138907659724164,532.0,810.0,809.0,0.405,0.85,0.016737834412269944,80000.0,16000.0,16000.63525390625,0.2084555240534044,0.1991411379840738,0.2677568018538603,6.718287231251937,6.418095037829885,8.629500758707605,noon2,simple,0.6,0.08983412170841489,30000.0,6000.0,1.0,1e-06,1.0,1.0,0.0,0.0,0.0,0.0,0.0,0.0,0.0,0,1.5,psi4,1,63.45540927048641,79.93200411533286,560.8268298638247,63.712955194137564,80.20151974028556,570.2739163892763,0.2575459236511457,0.2695156249527034,9.447086525451581,6.742190810026844,3.7623280605162104,3.7623280605162104,6000.41259765625,nan,nan,0.0,0.0,0.0
hybrid_noon2,0.0,80.0,0.2,0.7,rayleigh,1.0,0.028130814138268814,0.2138907659724164,532.0,810.0,809.0,0.405,0.85,0.016737834412269944,80000.0,16000.0,16000.63525390625,0.7638711259388348,0.5489363563642904,1.2937216762422397,32.33864824383772,23.239338592489453,54.76998513591665,noon2,simple,0.6,0.08983412170841489,30000.0,6000.0,1.0,1e-06,1.0,1.0,0.0,0.0,0.0,0.0,0.0,0.0,0.0,0,1.5,psi4,1,63.45540927048641,79.93200411533286,560.8268298638247,68.79090424432164,86.42853170923475,696.1702970937533,5.335494973835228,6.496527593901889,135.3434672299286,35.37242872389031,2.673519378718861,2.673519378718861,6000.41259765625,0.1991411379840738,6.418095037829885,0.0,0.0,0.0
classical,0.0,80.0,0.2,0.7,rayleigh,1.0,0.028130814138268814,0.2138907659724164,532.0,810.0,809.0,655.2899999999507,0.85,0.016737834412269944,80000.0,16000.0,16000.006561279297,0.7761626494088214,0.5518697421191192,1.2840439818056544,32.85901253092638,23.363524108694566,54.36027786257072,-,simple,0.6,0.08983412170841489,30000.0,6000.0,1.0,1e-06,1.0,1.0,0.0,0.0,0.0,0.0,0.0,0.0,0.0,0,1.5,psi4,2,64.34518646245138,79.68847520541914,509.18388229070416,193.90086325968736,261.0616067826965,2020.3734296834436,129.55567679723598,181.37313157727735,1511.1895473927395,255.0163171671385,-248.64756358182734,-248.64756358182734,,,,,,
quant_diff,0.0,80.0,0.2,0.7,rayleigh,1.0,0.028130814138268814,0.2138907659724164,532.0,810.0,809.0,655.2899999999507,0.85,0.016737834412269944,80000.0,16000.0,16000.006561279297,0.20805122494839268,0.19906831861406832,0.2672586533395447,10849.10602912171,10380.68050894067,13936.55561509062,diff,simple,0.6,0.08983412170841489,30000.0,6000.0,1.0,1e-06,1.0,1.0,0.0,0.0,0.0,0.0,0.0,0.0,0.0,0,1.5,psi4,2,64.34518646245138,79.68847520541914,509.18388229070416,8623.091572177163,10883.926477848221,92008.26972289759,8558.746385714712,10804.238002642802,91499.08584060687,10884.047626357175,93.70405623980733,93.70405623980733,5999.941146850586,nan,nan,0.0,0.0,0.0
hybrid_diff,0.0,80.0,0.2,0.7,rayleigh,1.0,0.028130814138268814,0.2138907659724164,532.0,810.0,809.0,655.2899999999507,0.85,0.016737834412269944,80000.0,16000.0,16000.006561279297,0.7761626494088214,0.5518697421191192,1.2840439818056544,32.85901253092638,23.363524108694566,54.36027786257072,diff,simple,0.6,0.08983412170841489,30000.0,6000.0,1.0,1e-06,1.0,1.0,0.0,0.0,0.0,0.0,0.0,0.0,0.0,0,1.5,psi4,2,64.34518646245138,79.68847520541914,509.18388229070416,1608.7724249208215,2006.9858320829367,15297.005453848724,1544.42723845837,1927.2973568775176,14787.821571558019,2007.6860262344255,100.73405257202195,100.73405257202195,5999.941146850586,0.19906831861406832,10380.68050894067,0.0,0.0,0.0
quant_noon2,0.0,80.0,0.2,0.7,rayleigh,1.0,0.028130814138268814,0.2138907659724164,532.0,810.0,809.0,0.405,0.85,0.016737834412269944,80000.0,16000.0,16000.006561279297,0.20776841475510663,0.19905342579327284,0.2673319105102686,6.696142470895068,6.41526817251097,8.615806988291666,noon2,simple,0.6,0.08983412170841489,30000.0,6000.0,1.0,1e-06,1.0,1.0,0.0,0.0,0.0,0.0,0.0,0.0,0.0,0,1.5,psi4,2,64.34518646245138,79.68847520541914,509.18388229070416,64.54693928816891,79.93429342845803,520.4109453983486,0.2017528257175396,0.2458182230388918,11.227063107644456,6.715159846318248,8.513931363258523,8.513931363258523,6000.122177124023,nan,nan,0.0,0.0,0.0
hybrid_noon2,0.0,80.0,0.2,0.7,rayleigh,1.0,0.028130814138268814,0.2138907659724164,532.0,810.0,809.0,0.405,0.85,0.016737834412269944,80000.0,16000.0,16000.006561279297,0.7761626494088214,0.5518697421191192,1.2840439818056544,32.85901253092638,23.363524108694566,54.36027786257072,noon2,simple,0.6,0.08983412170841489,30000.0,6000.0,1.0,1e-06,1.0,1.0,0.0,0.0,0.0,0.0,0.0,0.0,0.0,0,1.5,psi4,2,64.34518646245138,79.68847520541914,509.18388229070416,69.89133774386306,86.74059223432428,631.3491663313868,5.546151281411696,7.052117028905135,122.16528404068261,35.315754809975374,7.832453661470413,7.832453661470413,6000.122177124023,0.19905342579327284,6.41526817251097,0.0,0.0,0.0
classical,0.0,80.0,0.2,0.7,rayleigh,1.0,0.028130814138268814,0.2138907659724164,532.0,810.0,809.0,655.2899999999507,0.85,0.016737834412269944,80000.0,16000.0,15999.553009033203,0.7530203405630723,0.5457762151594419,1.2755504939828537,31.879277913528544,23.105553335586528,54.00070423066091,-,simple,0.6,0.08983412170841489,30000.0,6000.0,1.0,1e-06,1.0,1.0,0.0,0.0,0.0,0.0,0.0,0.0,0.0,0,1.5,psi4,3,64.69882142805872,79.9962728428014,496.99731553182613,183.4972451570482,247.55575163137743,2087.1971879364714,118.79842372898949,167.55947878857603,1590.1998724046452,242.1911409982422,230.06291011348037,230.06291011348037,,,,,,
quant_diff,0.0,80.0,0.2,0.7,rayleigh,1.0,0.028130814138268814,0.2138907659724164,532.0,810.0,809.0,655.2899999999507,0.85,0.016737834412269944,80000.0,16000.0,15999.553009033203,0.20770084833064817,0.19850884305395716,0.266880927819313,10830.83517742652,10351.505916607199,13916.858618738326,diff,simple,0.6,0.08983412170841489,30000.0,6000.0,1.0,1e-06,1.0,1.0,0.0,0.0,0.0,0.0,0.0,0.0,0.0,0,1.5,psi4,3,64.69882142805872,79.9962728428014,496.99731553182613,8538.937653362518,10756.509951368418,88055.50083591221,8474.238831934459,10676.513678525616,87558.50352038039,10755.637942858952,-149.4043903700845,-149.4043903700845,5999.720657348633,nan,nan,0.0,0.0,0.0
hybrid_diff,0.0,80.0,0.2,0.7,rayleigh,1.0,0.028130814138268814,0.2138907659724164,532.0,810.0,809.0,655.2899999999507,0.85,0.016737834412269944,80000.0,16000.0,15999.553009033203,0.7530203405630723,0.5457762151594419,1.2755504939828537,31.879277913528544,23.105553335586528,54.00070423066091,diff,simple,0.6,0.08983412170841489,30000.0,6000.0,1.0,1e-06,1.0,1.0,0.0,0.0,0.0,0.0,0.0,0.0,0.0,0,1.5,psi4,3,64.69882142805872,79.9962728428014,496.99731553182613,1705.8852804898272,2148.801902284562,16361.751128095622,1641.1864590617686,2068.8056294417606,15864.753812563798,2144.905862835928,10.141942954589204,10.141942954589204,5999.720657348633,0.19850884305395716,10351.505916607199,0.0,0.0,0.0
quant_noon2,0.0,80.0,0.2,0.7,rayleigh,1.0,0.028130814138268814,0.2138907659724164,532.0,810.0,809.0,0.405,0.85,0.016737834412269944,80000.0,16000.0,15999.553009033203,0.20802584229110482,0.1993007539207703,0.2674735158135392,6.704439071025589,6.423239280057487,8.620370768048332,noon2,simple,0.6,0.08983412170841489,30000.0,6000.0,1.0,1e-06,1.0,1.0,0.0,0.0,0.0,0.0,0.0,0.0,0.0,0,1.5,psi4,3,64.69882142805872,79.9962728428014,496.99731553182613,64.86575522380821,80.16126524309517,502.3887542953533,0.16693379574949554,0.1649924002937676,5.391438763527197,6.69403968710747,3.234300434499888,3.234300434499888,5999.717330932617,nan,nan,0.0,0.0,0.0
hybrid_noon2,0.0,80.0,0.2,0.7,rayleigh,1.0,0.028130814138268814,0.2138907659724164,532.0,810.0,809.0,0.405,0.85,0.016737834412269944,80000.0,16000.0,15999.553009033203,0.7530203405630723,0.5457762151594419,1.2755504939828537,31.879277913528544,23.105553335586528,54.00070423066091,noon2,simple,0.6,0.08983412170841489,30000.0,6000.0,1.0,1e-06,1.0,1.0,0.0,0.0,0.0,0.0,0.0,0.0,0.0,0,1.5,psi4,3,64.69882142805872,79.9962728428014,496.99731553182613,71.38568214423003,89.25185117471358,629.2855676506847,6.686860716171314,9.255578331912181,132.28825211885857,44.15573659619027,2.7819525906811413,2.7819525906811413,5999.717330932617,0.1993007539207703,6.423239280057487,0.0,0.0,0.0
classical,0.0,80.0,0.2,0.7,rayleigh,1.0,0.028130814138268814,0.2138907659724164,532.0,810.0,809.0,655.2899999999507,0.85,0.016737834412269944,80000.0,16000.0,16000.6689453125,0.7636121143652181,0.5519454143787652,1.2855543324188858,32.32768293321679,23.366727710065803,54.424218880299506,-,simple,0.6,0.08983412170841489,30000.0,6000.0,1.0,1e-06,1.0,1.0,0.0,0.0,0.0,0.0,0.0,0.0,0.0,0,1.5,psi4,4,64.64017692465141,79.88821086621266,496.3154119796947,209.98136567550466,273.6828760484542,2031.2548130340163,145.34118875085323,193.79466518224154,1534.9394010543215,266.93076092737783,195.94657308934836,195.94657308934836,,,,,,
quant_diff,0.0,80.0,0.2,0.7,rayleigh,1.0,0.028130814138268814,0.2138907659724164,532.0,810.0,809.0,655.2899999999507,0.85,0.016737834412269944,80000.0,16000.0,16000.6689453125,0.2078188842000388,0.19932420954295055,0.2669865870648198,10836.99031380015,10394.024279543426,13922.36835970594,diff,simple,0.6,0.08983412170841489,30000.0,6000.0,1.0,1e-06,1.0,1.0,0.0,0.0,0.0,0.0,0.0,0.0,0.0,0,1.5,psi4,4,64.64017692465141,79.88821086621266,496.3154119796947,8526.810669967697,10754.612620154694,107024.1863742844,8462.170493043046,10674.724409288481,106527.8709623047,10754.291069177463,338.607717015874,338.607717015874,6000.386459350586,nan,nan,0.0,0.0,0.0
hybrid_diff,0.0,80.0,0.2,0.7,rayleigh,1.0,0.028130814138268814,0.2138907659724164,532.0,810.0,809.0,655.2899999999507,0.85,0.016737834412269944,80000.0,16000.0,16000.6689453125,0.7636121143652181,0.5519454143787652,1.2855543324188858,32.32768293321679,23.366727710065803,54.424218880299506,diff,simple,0.6,0.08983412170841489,30000.0,6000.0,1.0,1e-06,1.0,1.0,0.0,0.0,0.0,0.0,0.0,0.0,0.0,0,1.5,psi4,4,64.64017692465141,79.88821086621266,496.3154119796947,1695.803371671534,2140.1190217554044,17745.92145943069,1631.1631947468825,2060.2308108891916,17249.606047450998,2138.758199014318,274.08659362196545,274.08659362196545,6000.386459350586,0.19932420954295055,10394.024279543426,0.0,0.0,0.0
quant_noon2,0.0,80.0,0.2,0.7,rayleigh,1.0,0.028130814138268814,0.2138907659724164,532.0,810.0,809.0,0.405,0.85,0.016737834412269944,80000.0,16000.0,16000.6689453125,0.2081303550557699,0.19930261269527355,0.26653425480410037,6.7078073999558985,6.42329918627042,8.590099441465936,noon2,simple,0.6,0.08983412170841489,30000.0,6000.0,1.0,1e-06,1.0,1.0,0.0,0.0,0.0,0.0,0.0,0.0,0.0,0,1.5,psi4,4,64.64017692465141,79.88821086621266,496.3154119796947,64.83240067486638,80.14157404561549,510.25972010391996,0.19222375021497135,0.25336317940282455,13.944308124225206,6.669892724885724,-16.513973752286724,-16.513973752286724,6000.393508911133,nan,nan,0.0,0.0,0.0
hybrid_noon2,0.0,80.0,0.2,0.7,rayleigh,1.0,0.028130814138268814,0.2138907659724164,532.0,810.0,809.0,0.405,0.85,0.016737834412269944,80000.0,16000.0,16000.6689453125,0.7636121143652181,0.5519454143787652,1.2855543324188858,32.32768293321679,23.366727710065803,54.424218880299506,noon2,simple,0.6,0.08983412170841489,30000.0,6000.0,1.0,1e-06,1.0,1.0,0.0,0.0,0.0,0.0,0.0,0.0,0.0,0,1.5,psi4,4,64.64017692465141,79.88821086621266,496.3154119796947,69.63408425455016,86.43247725942832,630.7408609011653,4.993907329898745,6.544266393215664,134.42544892147055,34.92064406849748,-12.702069177138187,-12.702069177138187,6000.393508911133,0.19930261269527355,6.42329918627042,0.0,0.0,0.0
classical,0.0,80.0,0.2,0.7,rayleigh,1.0,0.028130814138268814,0.2138907659724164,532.0,810.0,809.0,655.2899999999507,0.85,0.016737834412269944,80000.0,16000.0,16000.041854858398,0.7804144092190722,0.5491587123185493,1.2698343207265377,33.03901169603685,23.248752079588947,53.75870880766381,-,simple,0.6,0.08983412170841489,30000.0,6000.0,1.0,1e-06,1.0,1.0,0.0,0.0,0.0,0.0,0.0,0.0,0.0,0,1.5,psi4,5,63.83196241206738,78.72142622258168,497.24798357818315,212.89535112636952,280.8667236100351,2227.679062189066,149.06338871430214,202.14529738745338,1730.4310786108827,273.39049226997207,-247.76251059710904,-247.76251059710904,,,,,,
quant_diff,0.0,80.0,0.2,0.7,rayleigh,1.0,0.028130814138268814,0.2138907659724164,532.0,810.0,809.0,655.2899999999507,0.85,0.016737834412269944,80000.0,16000.0,16000.041854858398,0.20822255551947044,0.19951654032357075,0.26686144299001924,10858.04028813467,10404.053622231168,13915.842556568927,diff,simple,0.6,0.08983412170841489,30000.0,6000.0,1.0,1e-06,1.0,1.0,0.0,0.0,0.0,0.0,0.0,0.0,0.0,0,1.5,psi4,5,63.83196241206738,78.72142622258168,497.24798357818315,8485.080624909222,10783.701291153424,95494.13214040746,8421.248662497155,10704.979864930843,94996.88415682927,10783.066471106355,152.92264015699192,152.92264015699192,6000.02326965332,nan,nan,0.0,0.0,0.0
hybrid_diff,0.0,80.0,0.2,0.7,rayleigh,1.0,0.028130814138268814,0.2138907659724164,532.0,810.0,809.0,655.2899999999507,0.85,0.016737834412269944,80000.0,16000.0,16000.041854858398,0.7804144092190722,0.5491587123185493,1.2698343207265377,33.03901169603685,23.248752079588947,53.75870880766381,diff,simple,0.6,0.08983412170841489,30000.0,6000.0,1.0,1e-06,1.0,1.0,0.0,0.0,0.0,0.0,0.0,0.0,0.0,0,1.5,psi4,5,63.83196241206738,78.72142622258168,497.24798357818315,1629.8898374583248,2049.492894565585,14332.30011902396,1566.0578750462573,1970.771468343003,13835.052135445776,2046.4389720357867,165.7090927554562,165.7090927554562,6000.02326965332,0.19951654032357075,10404.053622231168,0.0,0.0,0.0
quant_noon2,0.0,80.0,0.2,0.7,rayleigh,1.0,0.028130814138268814,0.2138907659724164,532.0,810.0,809.0,0.405,0.85,0.016737834412269944,80000.0,16000.0,16000.041854858398,0.20835806862279616,0.1994628047242925,0.2663774345739684,6.715146352265665,6.4284619953060345,8.585045301718464,noon2,simple,0.6,0.08983412170841489,30000.0,6000.0,1.0,1e-06,1.0,1.0,0.0,0.0,0.0,0.0,0.0,0.0,0.0,0,1.5,psi4,5,63.83196241206738,78.72142622258168,497.24798357818315,64.06089001996328,79.01223832273298,498.3187945285453,0.22892760789590053,0.29081210015130166,1.0708109503621481,6.631501428899743,-16.677749853067613,-16.677749853067613,6000.025405883789,nan,nan,0.0,0.0,0.0
hybrid_noon2,0.0,80.0,0.2,0.7,rayleigh,1.0,0.028130814138268814,0.2138907659724164,532.0,810.0,809.0,0.405,0.85,0.016737834412269944,80000.0,16000.0,16000.041854858398,0.7804144092190722,0.5491587123185493,1.2698343207265377,33.03901169603685,23.248752079588947,53.75870880766381,noon2,simple,0.6,0.08983412170841489,30000.0,6000.0,1.0,1e-06,1.0,1.0,0.0,0.0,0.0,0.0,0.0,0.0,0.0,0,1.5,psi4,5,63.83196241206738,78.72142622258168,497.24798357818315,69.13981641066165,85.54975073906834,604.7314460851563,5.307853998594279,6.828324516486662,107.48346250697311,35.050244039074464,-14.17123115281831,-14.17123115281831,6000.025405883789,0.1994628047242925,6.4284619953060345,0.0,0.0,0.0
classical,0.0,80.0,0.2,0.7,rayleigh,1.0,0.028130814138268814,0.2138907659724164,532.0,810.0,809.0,655.2899999999507,0.85,0.016737834412269944,80000.0,16000.0,15999.553741455078,0.764602665205286,0.5475900823569111,1.2664346018077652,32.36961811586325,23.182343793123323,53.614780976765665,-,simple,0.6,0.08983412170841489,30000.0,6000.0,1.0,1e-06,1.0,1.0,0.0,0.0,0.0,0.0,0.0,0.0,0.0,0,1.5,psi4,6,64.00824378958805,79.81191698851954,520.6375093880803,221.13638154248133,294.30049508777165,2461.5352108850307,157.12813775289328,214.4885780992521,1940.8977014969503,285.77112841287607,151.26215421638582,151.26215421638582,,,,,,
quant_diff,0.0,80.0,0.2,0.7,rayleigh,1.0,0.028130814138268814,0.2138907659724164,532.0,810.0,809.0,655.2899999999507,0.85,0.016737834412269944,80000.0,16000.0,15999.553741455078,0.208238654649182,0.19941067466949133,0.2661153800596818,10858.879798525735,10398.533117815801,13876.938119271643,diff,simple,0.6,0.08983412170841489,30000.0,6000.0,1.0,1e-06,1.0,1.0,0.0,0.0,0.0,0.0,0.0,0.0,0.0,0,1.5,psi4,6,64.00824378958805,79.81191698851954,520.6375093880803,8556.715128512355,10828.869166499608,98404.92893250263,8492.706884722766,10749.057249511088,97884.29142311456,10827.114637868503,180.76266348721788,180.76266348721788,5999.752365112305,nan,nan,0.0,0.0,0.0
hybrid_diff,0.0,80.0,0.2,0.7,rayleigh,1.0,0.028130814138268814,0.2138907659724164,532.0,810.0,809.0,655.2899999999507,0.85,0.016737834412269944,80000.0,16000.0,15999.553741455078,0.764602665205286,0.5475900823569111,1.2664346018077652,32.36961811586325,23.182343793123323,53.614780976765665,diff,simple,0.6,0.08983412170841489,30000.0,6000.0,1.0,1e-06,1.0,1.0,0.0,0.0,0.0,0.0,0.0,0.0,0.0,0,1.5,psi4,6,64.00824378958805,79.81191698851954,520.6375093880803,1707.7854088833137,2137.4115571167845,17161.88755663969,1643.7771650937257,2057.599640128265,16641.250047251608,2129.5710920952847,240.74527451523537,240.74527451523537,5999.752365112305,0.19941067466949133,10398.533117815801,0.0,0.0,0.0
quant_noon2,0.0,80.0,0.2,0.7,rayleigh,1.0,0.028130814138268814,0.2138907659724164,532.0,810.0,809.0,0.405,0.85,0.016737834412269944,80000.0,16000.0,15999.553741455078,0.20852560893737793,0.1997668421373892,0.26665715647475585,6.72054598828532,6.438260779384825,8.594060424166747,noon2,simple,0.6,0.08983412170841489,30000.0,6000.0,1.0,1e-06,1.0,1.0,0.0,0.0,0.0,0.0,0.0,0.0,0.0,0,1.5,psi4,6,64.00824378958805,79.81191698851954,520.6375093880803,64.28411813760653,80.13799856153013,539.4815389351579,0.2758743480184698,0.32608157301057755,18.844029547077596,6.713436591415052,-3.6739468832546356,-3.6739468832546356,5999.762832641602,nan,nan,0.0,0.0,0.0
hybrid_noon2,0.0,80.0,0.2,0.7,rayleigh,1.0,0.028130814138268814,0.2138907659724164,532.0,810.0,809.0,0.405,0.85,0.016737834412269944,80000.0,16000.0,15999.553741455078,0.764602665205286,0.5475900823569111,1.2664346018077652,32.36961811586325,23.182343793123323,53.614780976765665,noon2,simple,0.6,0.08983412170841489,30000.0,6000.0,1.0,1e-06,1.0,1.0,0.0,0.0,0.0,0.0,0.0,0.0,0.0,0,1.5,psi4,6,64.00824378958805,79.81191698851954,520.6375093880803,69.47249517870762,86.89127174525179,633.3379733664655,5.464251389119563,7.079354756732241,112.70046397838519,35.41391920439115,-2.662548291551966,-2.662548291551966,5999.762832641602,0.1997668421373892,6.438260779384825,0.0,0.0,0.0
classical,0.0,80.0,0.2,0.7,rayleigh,1.0,0.028130814138268814,0.2138907659724164,532.0,810.0,809.0,655.2899999999507,0.85,0.016737834412269944,80000.0,16000.0,16000.172836303711,0.756394016624127,0.5517302589898139,1.3032636815273897,32.02210321444958,23.357619060445735,55.17394797988205,-,simple,0.6,0.08983412170841489,30000.0,6000.0,1.0,1e-06,1.0,1.0,0.0,0.0,0.0,0.0,0.0,0.0,0.0,0,1.5,psi4,7,64.103334789993,79.63279081774465,493.21196767035946,224.66724419644333,289.63444074337843,2430.6137432471146,160.56390940645034,210.00164992563379,1937.4017755767554,279.78441927764544,210.3914909524264,210.3914909524264,,,,,,
quant_diff,0.0,80.0,0.2,0.7,rayleigh,1.0,0.028130814138268814,0.2138907659724164,532.0,810.0,809.0,655.2899999999507,0.85,0.016737834412269944,80000.0,16000.0,16000.172836303711,0.20742700268349235,0.19868153106591635,0.26504114981785304,10816.55513431529,10360.510961168548,13820.920963899545,diff,simple,0.6,0.08983412170841489,30000.0,6000.0,1.0,1e-06,1.0,1.0,0.0,0.0,0.0,0.0,0.0,0.0,0.0,0,1.5,psi4,7,64.103334789993,79.63279081774465,493.21196767035946,8517.48155470253,10700.784739701687,87708.70881719855,8453.378219912538,10621.151948883942,87215.4968495282,10700.33729588004,191.71614415439205,191.71614415439205,6000.201873779297,nan,nan,0.0,0.0,0.0
hybrid_diff,0.0,80.0,0.2,0.7,rayleigh,1.0,0.028130814138268814,0.2138907659724164,532.0,810.0,809.0,655.2899999999507,0.85,0.016737834412269944,80000.0,16000.0,16000.172836303711,0.756394016624127,0.5517302589898139,1.3032636815273897,32.02210321444958,23.357619060445735,55.17394797988205,diff,simple,0.6,0.08983412170841489,30000.0,6000.0,1.0,1e-06,1.0,1.0,0.0,0.0,0.0,0.0,0.0,0.0,0.0,0,1.5,psi4,7,64.103334789993,79.63279081774465,493.21196767035946,1647.7151660469228,2084.740547783933,18005.860021759072,1583.6118312569297,2005.107756966188,17512.648054088713,2082.177292742025,-31.95317105343872,-31.95317105343872,6000.201873779297,0.19868153106591635,10360.510961168548,0.0,0.0,0.0
quant_noon2,0.0,80.0,0.2,0.7,rayleigh,1.0,0.028130814138268814,0.2138907659724164,532.0,810.0,809.0,0.405,0.85,0.016737834412269944,80000.0,16000.0,16000.172836303711,0.20710957074875264,0.19828706052738326,0.26478068222078194,6.6749086691266815,6.390569081404216,8.533583768163059,noon2,simple,0.6,0.08983412170841489,30000.0,6000.0,1.0,1e-06,1.0,1.0,0.0,0.0,0.0,0.0,0.0,0.0,0.0,0,1.5,psi4,7,64.103334789993,79.63279081774465,493.21196767035946,64.28254043217397,79.89556790906411,510.9449658917387,0.17920564218097404,0.2627770913194613,17.73299822137927,6.679985184502048,-8.07881081200516,-8.07881081200516,6000.152420043945,nan,nan,0.0,0.0,0.0
hybrid_noon2,0.0,80.0,0.2,0.7,rayleigh,1.0,0.028130814138268814,0.2138907659724164,532.0,810.0,809.0,0.405,0.85,0.016737834412269944,80000.0,16000.0,16000.172836303711,0.756394016624127,0.5517302589898139,1.3032636815273897,32.02210321444958,23.357619060445735,55.17394797988205,noon2,simple,0.6,0.08983412170841489,30000.0,6000.0,1.0,1e-06,1.0,1.0,0.0,0.0,0.0,0.0,0.0,0.0,0.0,0,1.5,psi4,7,64.103334789993,79.63279081774465,493.21196767035946,69.09851962616573,86.32537589028527,590.1011501041734,4.99518483617272,6.692585072540612,96.88918243381397,34.65707268210151,-8.648771319235513,-8.648771319235513,6000.152420043945,0.19828706052738326,6.390569081404216,0.0,0.0,0.0
classical,0.0,80.0,0.2,0.7,rayleigh,1.0,0.028130814138268814,0.2138907659724164,532.0,810.0,809.0,655.2899999999507,0.85,0.016737834412269944,80000.0,16000.0,15999.747497558594,0.7742582493919341,0.5508078390284856,1.2907409763969178,32.778389347027414,23.318568213189494,54.64379656752449,-,simple,0.6,0.08983412170841489,30000.0,6000.0,1.0,1e-06,1.0,1.0,0.0,0.0,0.0,0.0,0.0,0.0,0.0,0,1.5,psi4,8,62.863164559627535,78.96757030862183,543.477455814894,217.31028013775943,288.40214102605654,2482.6599998085308,154.4471155781319,209.4345707174347,1939.182543993637,279.72244361916626,-164.36323698733622,-164.36323698733622,,,,,,
quant_diff,0.0,80.0,0.2,0.7,rayleigh,1.0,0.028130814138268814,0.2138907659724164,532.0,810.0,809.0,655.2899999999507,0.85,0.016737834412269944,80000.0,16000.0,15999.747497558594,0.2078804191797827,0.19917525772708902,0.2661864675100291,10840.19913662687,10386.25699029092,13880.645068299937,diff,simple,0.6,0.08983412170841489,30000.0,6000.0,1.0,1e-06,1.0,1.0,0.0,0.0,0.0,0.0,0.0,0.0,0.0,0,1.5,psi4,8,62.863164559627535,78.96757030862183,543.477455814894,8568.839396941783,10850.927667621958,105072.71260048331,8505.976232382154,10771.960097313335,104529.23514466842,10850.371500291858,111.42410267474439,111.42410267474439,5999.724105834961,nan,nan,0.0,0.0,0.0
hybrid_diff,0.0,80.0,0.2,0.7,rayleigh,1.0,0.028130814138268814,0.2138907659724164,532.0,810.0,809.0,655.2899999999507,0.85,0.016737834412269944,80000.0,16000.0,15999.747497558594,0.7742582493919341,0.5508078390284856,1.2907409763969178,32.778389347027414,23.318568213189494,54.64379656752449,diff,simple,0.6,0.08983412170841489,30000.0,6000.0,1.0,1e-06,1.0,1.0,0.0,0.0,0.0,0.0,0.0,0.0,0.0,0,1.5,psi4,8,62.863164559627535,78.96757030862183,543.477455814894,1681.104183376991,2103.5106824882487,15793.154216093373,1618.2410188173635,2024.5431121796269,15249.676760278478,2101.161851454307,212.66813099646936,212.66813099646936,5999.724105834961,0.19917525772708902,10386.25699029092,0.0,0.0,0.0
quant_noon2,0.0,80.0,0.2,0.7,rayleigh,1.0,0.028130814138268814,0.2138907659724164,532.0,810.0,809.0,0.405,0.85,0.016737834412269944,80000.0,16000.0,15999.747497558594,0.20799166444345202,0.19906474140782082,0.2661330130323892,6.703337557412455,6.415632862048829,8.577167870169022,noon2,simple,0.6,0.08983412170841489,30000.0,6000.0,1.0,1e-06,1.0,1.0,0.0,0.0,0.0,0.0,0.0,0.0,0.0,0,1.5,psi4,8,62.863164559627535,78.96757030862183,543.477455814894,63.06647307094438,79.24939358817363,558.6443690103869,0.20330851131684918,0.2818232795518111,15.166913195492896,6.673537632962761,-6.583724202554615,-6.583724202554615,5999.758026123047,nan,nan,0.0,0.0,0.0
hybrid_noon2,0.0,80.0,0.2,0.7,rayleigh,1.0,0.028130814138268814,0.2138907659724164,532.0,810.0,809.0,0.405,0.85,0.016737834412269944,80000.0,16000.0,15999.747497558594,0.7742582493919341,0.5508078390284856,1.2907409763969178,32.778389347027414,23.318568213189494,54.64379656752449,noon2,simple,0.6,0.08983412170841489,30000.0,6000.0,1.0,1e-06,1.0,1.0,0.0,0.0,0.0,0.0,0.0,0.0,0.0,0,1.5,psi4,8,62.863164559627535,78.96757030862183,543.477455814894,68.42463544305423,85.77844923276245,665.2463446467596,5.561470883426701,6.810878924140634,121.76888883186561,34.99553932636301,-5.243926704804561,-5.243926704804561,5999.758026123047,0.19906474140782082,6.415632862048829,0.0,0.0,0.0
classical,0.0,80.0,0.2,0.7,rayleigh,1.0,0.028130814138268814,0.2138907659724164,532.0,810.0,809.0,655.2899999999507,0.85,0.016737834412269944,80000.0,16000.0,15999.85415649414,0.7629263688916886,0.5497762932918175,1.2736476716591967,32.29865175125398,23.27489750278722,53.92014783874382,-,simple,0.6,0.08983412170841489,30000.0,6000.0,1.0,1e-06,1.0,1.0,0.0,0.0,0.0,0.0,0.0,0.0,0.0,0,1.5,psi4,9,63.58644271620053,79.33494372303691,582.1652103988696,212.4066284142335,280.15621627440925,2248.9082294953314,148.820185698033,200.82127255137237,1666.7430190964615,275.46442564537796,-525.5008403557667,-525.5008403557667,,,,,,
quant_diff,0.0,80.0,0.2,0.7,rayleigh,1.0,0.028130814138268814,0.2138907659724164,532.0,810.0,809.0,655.2899999999507,0.85,0.016737834412269944,80000.0,16000.0,15999.85415649414,0.2076700442774689,0.1989156863049582,0.26597552577211653,10829.228859371186,10372.721295504574,13869.645232652976,diff,simple,0.6,0.08983412170841489,30000.0,6000.0,1.0,1e-06,1.0,1.0,0.0,0.0,0.0,0.0,0.0,0.0,0.0,0,1.5,psi4,9,63.58644271620053,79.33494372303691,582.1652103988696,8617.508809912628,10921.816803898295,98986.92024832146,8553.922367196428,10842.48186017526,98404.75503792259,10922.214560494529,149.64144230426663,149.64144230426663,5999.713943481445,nan,nan,0.0,0.0,0.0
hybrid_diff,0.0,80.0,0.2,0.7,rayleigh,1.0,0.028130814138268814,0.2138907659724164,532.0,810.0,809.0,655.2899999999507,0.85,0.016737834412269944,80000.0,16000.0,15999.85415649414,0.7629263688916886,0.5497762932918175,1.2736476716591967,32.29865175125398,23.27489750278722,53.92014783874382,diff,simple,0.6,0.08983412170841489,30000.0,6000.0,1.0,1e-06,1.0,1.0,0.0,0.0,0.0,0.0,0.0,0.0,0.0,0,1.5,psi4,9,63.58644271620053,79.33494372303691,582.1652103988696,1612.503259277776,2033.1384407371213,16398.573902722947,1548.9168165615754,1953.803497014084,15816.408692324076,2035.2894906870974,2.266962364440863,2.266962364440863,5999.713943481445,0.1989156863049582,10372.721295504574,0.0,0.0,0.0
quant_noon2,0.0,80.0,0.2,0.7,rayleigh,1.0,0.028130814138268814,0.2138907659724164,532.0,810.0,809.0,0.405,0.85,0.016737834412269944,80000.0,16000.0,15999.85415649414,0.2078599615428707,0.19912797320304285,0.2656661982901109,6.699092920963927,6.4176707517347875,8.562122955736315,noon2,simple,0.6,0.08983412170841489,30000.0,6000.0,1.0,1e-06,1.0,1.0,0.0,0.0,0.0,0.0,0.0,0.0,0.0,0,1.5,psi4,9,63.58644271620053,79.33494372303691,582.1652103988696,63.82858974933804,79.6536569417014,622.4541682772968,0.2421470331375174,0.3187132186644891,40.28895787842719,6.69744163031864,-7.586664262411636,-7.586664262411636,5999.8785400390625,nan,nan,0.0,0.0,0.0
hybrid_noon2,0.0,80.0,0.2,0.7,rayleigh,1.0,0.028130814138268814,0.2138907659724164,532.0,810.0,809.0,0.405,0.85,0.016737834412269944,80000.0,16000.0,15999.85415649414,0.7629263688916886,0.5497762932918175,1.2736476716591967,32.29865175125398,23.27489750278722,53.92014783874382,noon2,simple,0.6,0.08983412170841489,30000.0,6000.0,1.0,1e-06,1.0,1.0,0.0,0.0,0.0,0.0,0.0,0.0,0.0,0,1.5,psi4,9,63.58644271620053,79.33494372303691,582.1652103988696,69.34816511646558,86.73355825486975,681.4323252982858,5.761722400265055,7.3986145318328385,99.26711489941619,35.23883682694004,-7.777170899252241,-7.777170899252241,5999.8785400390625,0.19912797320304285,6.4176707517347875,0.0,0.0,0.0
classical,100.0,80.0,0.2,0.7,rayleigh,1.0,0.028130814138268814,0.2138907659724164,532.0,810.0,809.0,655.2899999999507,0.85,0.016737834412269944,80000.0,16000.0,15999.290451049805,0.7764890902291623,0.5487660506491159,1.2978105473076058,32.87283247319537,23.23212866344524,54.94308837101375,-,simple,0.6,0.08983412170841489,30000.0,6000.0,1.0,1e-06,1.0,1.0,0.0,0.0,0.0,0.0,0.0,0.0,0.0,0,1.5,psi4,0,66.46933561365422,82.10626844244788,536.513958509378,198.65632811728224,272.4876317335034,2130.5968457098015,132.186992503628,190.38136329105552,1594.0828872004236,264.5738209926,64.88882711535649,-35.111172884643516,,,,,,
quant_diff,100.0,80.0,0.2,0.7,rayleigh,1.0,0.028130814138268814,0.2138907659724164,532.0,810.0,809.0,655.2899999999507,0.85,0.016737834412269944,80000.0,16000.0,15999.290451049805,0.2074725337208598,0.19872375832695177,0.26578365123529857,10818.92941042031,10362.71295749136,13859.639681401151,diff,simple,0.6,0.08983412170841489,30000.0,6000.0,1.0,1e-06,1.0,1.0,0.0,0.0,0.0,0.0,0.0,0.0,0.0,0,1.5,psi4,0,66.46933561365422,82.10626844244788,536.513958509378,8550.340073973899,10808.732179892917,98253.80519001359,8483.870738360245,10726.625911450468,97717.29123150422,10809.346992156743,-19.58781027190099,-119.58781027190099,5999.627136230469,nan,nan,0.0,0.0,0.0
hybrid_diff,100.0,80.0,0.2,0.7,rayleigh,1.0,0.028130814138268814,0.2138907659724164,532.0,810.0,809.0,655.2899999999507,0.85,0.016737834412269944,80000.0,16000.0,15999.290451049805,0.7764890902291623,0.5487660506491159,1.2978105473076058,32.87283247319537,23.23212866344524,54.94308837101375,diff,simple,0.6,0.08983412170841489,30000.0,6000.0,1.0,1e-06,1.0,1.0,0.0,0.0,0.0,0.0,0.0,0.0,0.0,0,1.5,psi4,0,66.46933561365422,82.10626844244788,536.513958509378,1658.9874761641017,2075.4309520384277,18790.250596921436,1592.5181405504475,1993.3246835959799,18253.736638412058,2078.136320094488,171.35121456132944,71.35121456132943,5999.627136230469,0.19872375832695177,10362.71295749136,0.0,0.0,0.0
quant_noon2,100.0,80.0,0.2,0.7,rayleigh,1.0,0.028130814138268814,0.2138907659724164,532.0,810.0,809.0,0.405,0.85,0.016737834412269944,80000.0,16000.0,15999.290451049805,0.20824517585694147,0.1988501563169668,0.26778747253846674,6.711507945316335,6.408717025769372,8.630489240397889,noon2,simple,0.6,0.08983412170841489,30000.0,6000.0,1.0,1e-06,1.0,1.0,0.0,0.0,0.0,0.0,0.0,0.0,0.0,0,1.5,psi4,0,66.46933561365422,82.10626844244788,536.513958509378,66.69140472398519,82.46773623556363,551.4733360409155,0.22206911033095061,0.3614677931157522,14.959377531537513,6.69614731885876,94.68406986700154,-5.31593013299847,5999.590377807617,nan,nan,0.0,0.0,0.0
hybrid_noon2,100.0,80.0,0.2,0.7,rayleigh,1.0,0.028130814138268814,0.2138907659724164,532.0,810.0,809.0,0.405,0.85,0.016737834412269944,80000.0,16000.0,15999.290451049805,0.7764890902291623,0.5487660506491159,1.2978105473076058,32.87283247319537,23.23212866344524,54.94308837101375,noon2,simple,0.6,0.08983412170841489,30000.0,6000.0,1.0,1e-06,1.0,1.0,0.0,0.0,0.0,0.0,0.0,0.0,0.0,0,1.5,psi4,0,66.46933561365422,82.10626844244788,536.513958509378,71.32279323581017,88.64153769482796,660.4213213850358,4.853457622155931,6.535269252380079,123.90736287565781,35.22351335507683,95.69217245899635,-4.307827541003658,5999.590377807617,0.1988501563169668,6.408717025769372,0.0,0.0,0.0
classical,100.0,80.0,0.2,0.7,rayleigh,1.0,0.028130814138268814,0.2138907659724164,532.0,810.0,809.0,655.2899999999507,0.85,0.016737834412269944,80000.0,16000.0,16000.672378540039,0.7850683271666612,0.5484377169249259,1.3085497212291621,33.236036312300214,23.218228584685072,55.397733606428,-,simple,0.6,0.08983412170841489,30000.0,6000.0,1.0,1e-06,1.0,1.0,0.0,0.0,0.0,0.0,0.0,0.0,0.0,0,1.5,psi4,1,66.5940578178298,83.02614878613545,572.1321407824572,215.97464473905123,284.49170602498447,2432.8533075476157,149.38058692122144,201.46555723884904,1860.7211667651586,277.85730577531945,-154.77985729727268,-254.77985729727268,,,,,,
quant_diff,100.0,80.0,0.2,0.7,rayleigh,1.0,0.028130814138268814,0.2138907659724164,532.0,810.0,809.0,655.2899999999507,0.85,0.016737834412269944,80000.0,16000.0,16000.672378540039,0.20841880666640888,0.19887849913040906,0.2667214779959703,10868.274063504174,10370.782121151204,13908.543897014391,diff,simple,0.6,0.08983412170841489,30000.0,6000.0,1.0,1e-06,1.0,1.0,0.0,0.0,0.0,0.0,0.0,0.0,0.0,0,1.5,psi4,1,66.5940578178298,83.02614878613545,572.1321407824572,8527.00451073065,10767.161511155897,95863.99891865965,8460.410452912822,10684.135362369761,95291.86677787719,10766.112312953102,266.0572767453639,166.0572767453639,6000.40901184082,nan,nan,0.0,0.0,0.0
hybrid_diff,100.0,80.0,0.2,0.7,rayleigh,1.0,0.028130814138268814,0.2138907659724164,532.0,810.0,809.0,655.2899999999507,0.85,0.016737834412269944,80000.0,16000.0,16000.672378540039,0.7850683271666612,0.5484377169249259,1.3085497212291621,33.236036312300214,23.218228584685072,55.397733606428,diff,simple,0.6,0.08983412170841489,30000.0,6000.0,1.0,1e-06,1.0,1.0,0.0,0.0,0.0,0.0,0.0,0.0,0.0,0,1.5,psi4,1,66.5940578178298,83.02614878613545,572.1321407824572,1633.9689206886399,2062.6363907684026,16613.10922642066,1567.37486287081,1979.610241982267,16040.9770856382,2057.9548605432433,216.85035203249683,116.85035203249683,6000.40901184082,0.19887849913040906,10370.782121151204,0.0,0.0,0.0
quant_noon2,100.0,80.0,0.2,0.7,rayleigh,1.0,0.028130814138268814,0.2138907659724164,532.0,810.0,809.0,0.405,0.85,0.016737834412269944,80000.0,16000.0,16000.672378540039,0.2078919793411383,0.19903452445444747,0.2652131661695528,6.700124818613322,6.414659003606184,8.547522239709656,noon2,simple,0.6,0.08983412170841489,30000.0,6000.0,1.0,1e-06,1.0,1.0,0.0,0.0,0.0,0.0,0.0,0.0,0.0,0,1.5,psi4,1,66.5940578178298,83.02614878613545,572.1321407824572,66.78112440542826,83.30314589639197,589.6415959456228,0.18706658759845662,0.2769971102565173,17.509455163165686,6.696998916989926,103.74729953494376,3.74729953494375,6000.426330566406,nan,nan,0.0,0.0,0.0
hybrid_noon2,100.0,80.0,0.2,0.7,rayleigh,1.0,0.028130814138268814,0.2138907659724164,532.0,810.0,809.0,0.405,0.85,0.016737834412269944,80000.0,16000.0,16000.672378540039,0.7850683271666612,0.5484377169249259,1.3085497212291621,33.236036312300214,23.218228584685072,55.397733606428,noon2,simple,0.6,0.08983412170841489,30000.0,6000.0,1.0,1e-06,1.0,1.0,0.0,0.0,0.0,0.0,0.0,0.0,0.0,0,1.5,psi4,1,66.5940578178298,83.02614878613545,572.1321407824572,71.6499827928355,89.66137509870326,686.064111036225,5.055924975005694,6.6352263125678155,113.9319702537678,35.27570085813143,103.66069301769906,3.6606930176990513,6000.426330566406,0.19903452445444747,6.414659003606184,0.0,0.0,0.0
classical,100.0,80.0,0.2,0.7,rayleigh,1.0,0.028130814138268814,0.2138907659724164,532.0,810.0,809.0,655.2899999999507,0.85,0.016737834412269944,80000.0,16000.0,15999.966934204102,0.7675380251495263,0.5470685795228167,1.2806891958161135,32.49388720980127,23.16026585859057,54.218252276886,-,simple,0.6,0.08983412170841489,30000.0,6000.0,1.0,1e-06,1.0,1.0,0.0,0.0,0.0,0.0,0.0,0.0,0.0,0,1.5,psi4,2,67.57849341894904,84.91526705599118,567.7634357581269,213.18240200196092,277.2189476324342,2250.288136319563,145.6039085830119,192.30368057644304,1682.524700561436,264.0990887533176,398.75157729018457,298.75157729018457,,,,,,
quant_diff,100.0,80.0,0.2,0.7,rayleigh,1.0,0.028130814138268814,0.2138907659724164,532.0,810.0,809.0,655.2899999999507,0.85,0.016737834412269944,80000.0,16000.0,15999.966934204102,0.2083179820047067,0.19904247150689666,0.26783774860363124,10863.016428297131,10379.33267738466,13966.753302811976,diff,simple,0.6,0.08983412170841489,30000.0,6000.0,1.0,1e-06,1.0,1.0,0.0,0.0,0.0,0.0,0.0,0.0,0.0,0,1.5,psi4,2,67.57849341894904,84.91526705599118,567.7634357581269,8560.861397099145,10836.126743808998,103463.04595551833,8493.282903680196,10751.211476753007,102895.2825197602,10834.92912287168,385.6312749919185,285.6312749919185,5999.962127685547,nan,nan,0.0,0.0,0.0
hybrid_diff,100.0,80.0,0.2,0.7,rayleigh,1.0,0.028130814138268814,0.2138907659724164,532.0,810.0,809.0,655.2899999999507,0.85,0.016737834412269944,80000.0,16000.0,15999.966934204102,0.7675380251495263,0.5470685795228167,1.2806891958161135,32.49388720980127,23.16026585859057,54.218252276886,diff,simple,0.6,0.08983412170841489,30000.0,6000.0,1.0,1e-06,1.0,1.0,0.0,0.0,0.0,0.0,0.0,0.0,0.0,0,1.5,psi4,2,67.57849341894904,84.91526705599118,567.7634357581269,1595.2583907555625,2033.7108470837395,18081.66917710719,1527.6798973366135,1948.7955800277482,17513.905741349063,2028.3989330219765,419.11299856857414,319.11299856857414,5999.962127685547,0.19904247150689666,10379.33267738466,0.0,0.0,0.0
quant_noon2,100.0,80.0,0.2,0.7,rayleigh,1.0,0.028130814138268814,0.2138907659724164,532.0,810.0,809.0,0.405,0.85,0.016737834412269944,80000.0,16000.0,15999.966934204102,0.2081663270074958,0.19890622033342142,0.2670990123706331,6.708966735526692,6.410523906002411,8.608300943034287,noon2,simple,0.6,0.08983412170841489,30000.0,6000.0,1.0,1e-06,1.0,1.0,0.0,0.0,0.0,0.0,0.0,0.0,0.0,0,1.5,psi4,2,67.57849341894904,84.91526705599118,567.7634357581269,67.19870269747933,82.51643118528999,506.1397268749368,-0.37979072146969634,-2.3988358707011828,-61.62370888319013,51.13849926793097,-95.27893211448811,-195.27893211448813,6000.028060913086,nan,nan,0.0,0.0,0.0
hybrid_noon2,100.0,80.0,0.2,0.7,rayleigh,1.0,0.028130814138268814,0.2138907659724164,532.0,810.0,809.0,0.405,0.85,0.016737834412269944,80000.0,16000.0,15999.966934204102,0.7675380251495263,0.5470685795228167,1.2806891958161135,32.49388720980127,23.16026585859057,54.218252276886,noon2,simple,0.6,0.08983412170841489,30000.0,6000.0,1.0,1e-06,1.0,1.0,0.0,0.0,0.0,0.0,0.0,0.0,0.0,0,1.5,psi4,2,67.57849341894904,84.91526705599118,567.7634357581269,75.85500226941585,93.8558116118937,609.7254478025656,8.27650885046681,8.940544555902523,41.962012044438666,75.53761567155279,-147.43366382670106,-247.43366382670106,6000.028060913086,0.19890622033342142,6.410523906002411,0.0,0.0,0.0
classical,100.0,80.0,0.2,0.7,rayleigh,1.0,0.028130814138268814,0.2138907659724164,532.0,810.0,809.0,655.2899999999507,0.85,0.016737834412269944,80000.0,16000.0,15999.535537719727,0.7662353293219999,0.5485567603959423,1.283769352683872,32.43873730204253,23.223268315608514,54.34865137969258,-,simple,0.6,0.08983412170841489,30000.0,6000.0,1.0,1e-06,1.0,1.0,0.0,0.0,0.0,0.0,0.0,0.0,0.0,0,1.5,psi4,3,69.04038702551911,84.80996715147839,488.32369384504455,170.27840406594453,228.16590199256134,1676.6160992341097,101.23801704042542,143.35593484108296,1188.2924053890652,223.87886701807915,86.93400498481081,-13.065995015189195,,,,,,
quant_diff,100.0,80.0,0.2,0.7,rayleigh,1.0,0.028130814138268814,0.2138907659724164,532.0,810.0,809.0,655.2899999999507,0.85,0.016737834412269944,80000.0,16000.0,15999.535537719727,0.20757065119069862,0.1989165978280526,0.2662814994539053,10824.04587553055,10372.768828080752,13885.600634581857,diff,simple,0.6,0.08983412170841489,30000.0,6000.0,1.0,1e-06,1.0,1.0,0.0,0.0,0.0,0.0,0.0,0.0,0.0,0,1.5,psi4,3,69.04038702551911,84.80996715147839,488.32369384504455,8578.977470404812,10838.684495417241,114501.50077618795,8509.937083379293,10753.874528265764,114013.17708234291,10838.907498907009,-46.17834778951083,-146.1783477895108,5999.720443725586,nan,nan,0.0,0.0,0.0
hybrid_diff,100.0,80.0,0.2,0.7,rayleigh,1.0,0.028130814138268814,0.2138907659724164,532.0,810.0,809.0,655.2899999999507,0.85,0.016737834412269944,80000.0,16000.0,15999.535537719727,0.7662353293219999,0.5485567603959423,1.283769352683872,32.43873730204253,23.223268315608514,54.34865137969258,diff,simple,0.6,0.08983412170841489,30000.0,6000.0,1.0,1e-06,1.0,1.0,0.0,0.0,0.0,0.0,0.0,0.0,0.0,0,1.5,psi4,3,69.04038702551911,84.80996715147839,488.32369384504455,1622.2509723524272,2071.213119154123,21086.696905773835,1553.2105853269081,1986.4031520026447,20598.37321192879,2072.6379334990133,-185.50985422033537,-285.50985422033534,5999.720443725586,0.1989165978280526,10372.768828080752,0.0,0.0,0.0
quant_noon2,100.0,80.0,0.2,0.7,rayleigh,1.0,0.028130814138268814,0.2138907659724164,532.0,810.0,809.0,0.405,0.85,0.016737834412269944,80000.0,16000.0,15999.535537719727,0.20797048144432215,0.19916234594754068,0.2657710600350047,6.702654853160697,6.418778546654165,8.565502531907136,noon2,simple,0.6,0.08983412170841489,30000.0,6000.0,1.0,1e-06,1.0,1.0,0.0,0.0,0.0,0.0,0.0,0.0,0.0,0,1.5,psi4,3,69.04038702551911,84.80996715147839,488.32369384504455,66.84154638367973,83.24343074201035,582.2241383103992,-2.1988406418393818,-1.5665364094680363,93.9004444653547,51.04815049975222,-99.627818222188,-199.62781822218798,5999.72216796875,nan,nan,0.0,0.0,0.0
hybrid_noon2,100.0,80.0,0.2,0.7,rayleigh,1.0,0.028130814138268814,0.2138907659724164,532.0,810.0,809.0,0.405,0.85,0.016737834412269944,80000.0,16000.0,15999.535537719727,0.7662353293219999,0.5485567603959423,1.283769352683872,32.43873730204253,23.223268315608514,54.34865137969258,noon2,simple,0.6,0.08983412170841489,30000.0,6000.0,1.0,1e-06,1.0,1.0,0.0,0.0,0.0,0.0,0.0,0.0,0.0,0,1.5,psi4,3,69.04038702551911,84.80996715147839,488.32369384504455,85.01236509582029,105.45415765179703,694.2863729365514,15.971978070301185,20.644190500318643,205.96267909150683,91.43004035599276,-59.75873504880886,-159.75873504880886,5999.72216796875,0.19916234594754068,6.418778546654165,0.0,0.0,0.0
classical,100.0,80.0,0.2,0.7,rayleigh,1.0,0.028130814138268814,0.2138907659724164,532.0,810.0,809.0,655.2899999999507,0.85,0.016737834412269944,80000.0,16000.0,16000.607849121094,0.768173539546926,0.5454666433883398,1.263897453384798,32.520791848363366,23.09244754814158,53.50737025314144,-,simple,0.6,0.08983412170841489,30000.0,6000.0,1.0,1e-06,1.0,1.0,0.0,0.0,0.0,0.0,0.0,0.0,0.0,0,1.5,psi4,4,66.3401150377009,82.9911642293113,533.2122285415393,205.62761181299655,279.5942170205903,2257.777001171519,139.28749677529566,196.603052791279,1724.5647726299796,270.6098113207132,-125.0401966748556,-225.0401966748556,,,,,,
quant_diff,100.0,80.0,0.2,0.7,rayleigh,1.0,0.028130814138268814,0.2138907659724164,532.0,810.0,809.0,655.2899999999507,0.85,0.016737834412269944,80000.0,16000.0,16000.607849121094,0.20776432605244877,0.1989515764320408,0.26534626144651385,10834.145307104787,10374.592833603976,13836.831412929008,diff,simple,0.6,0.08983412170841489,30000.0,6000.0,1.0,1e-06,1.0,1.0,0.0,0.0,0.0,0.0,0.0,0.0,0.0,0,1.5,psi4,4,66.3401150377009,82.9911642293113,533.2122285415393,8587.90829302861,10865.762434116468,95365.00639614795,8521.56817799091,10782.771269887156,94831.79416760641,10865.215919807544,548.1610345861983,448.16103458619824,6000.38737487793,nan,nan,0.0,0.0,0.0
hybrid_diff,100.0,80.0,0.2,0.7,rayleigh,1.0,0.028130814138268814,0.2138907659724164,532.0,810.0,809.0,655.2899999999507,0.85,0.016737834412269944,80000.0,16000.0,16000.607849121094,0.768173539546926,0.5454666433883398,1.263897453384798,32.520791848363366,23.09244754814158,53.50737025314144,diff,simple,0.6,0.08983412170841489,30000.0,6000.0,1.0,1e-06,1.0,1.0,0.0,0.0,0.0,0.0,0.0,0.0,0.0,0,1.5,psi4,4,66.3401150377009,82.9911642293113,533.2122285415393,1690.1856192882992,2144.7479954675387,19160.903957550923,1623.8455042505984,2061.7568312382273,18627.69172900938,2142.9969158267413,409.33352435996045,309.33352435996045,6000.38737487793,0.1989515764320408,10374.592833603976,0.0,0.0,0.0
quant_noon2,100.0,80.0,0.2,0.7,rayleigh,1.0,0.028130814138268814,0.2138907659724164,532.0,810.0,809.0,0.405,0.85,0.016737834412269944,80000.0,16000.0,16000.607849121094,0.2077980447759763,0.19873914578635604,0.2658963248605547,6.6970974131628465,6.405139281146278,8.569539676433955,noon2,simple,0.6,0.08983412170841489,30000.0,6000.0,1.0,1e-06,1.0,1.0,0.0,0.0,0.0,0.0,0.0,0.0,0.0,0,1.5,psi4,4,66.3401150377009,82.9911642293113,533.2122285415393,68.44554444175041,84.7305069070661,526.9186085779479,2.1054294040495116,1.739342677754812,-6.293619963591442,51.036308221039384,-120.3216154014858,-220.32161540148581,6000.360366821289,nan,nan,0.0,0.0,0.0
hybrid_noon2,100.0,80.0,0.2,0.7,rayleigh,1.0,0.028130814138268814,0.2138907659724164,532.0,810.0,809.0,0.405,0.85,0.016737834412269944,80000.0,16000.0,16000.607849121094,0.768173539546926,0.5454666433883398,1.263897453384798,32.520791848363366,23.09244754814158,53.50737025314144,noon2,simple,0.6,0.08983412170841489,30000.0,6000.0,1.0,1e-06,1.0,1.0,0.0,0.0,0.0,0.0,0.0,0.0,0.0,0,1.5,psi4,4,66.3401150377009,82.9911642293113,533.2122285415393,77.82732329784308,96.87406697720108,679.3784659422436,11.487208260142177,13.882902747889787,146.1662374007043,74.93573249646037,-174.3348204506112,-274.33482045061123,6000.360366821289,0.19873914578635604,6.405139281146278,0.0,0.0,0.0
classical,100.0,80.0,0.2,0.7,rayleigh,1.0,0.028130814138268814,0.2138907659724164,532.0,810.0,809.0,655.2899999999507,0.85,0.016737834412269944,80000.0,16000.0,15999.998443603516,0.7730767899982807,0.5486818513366262,1.3034761092661191,32.72837200974584,23.228564067459715,55.182941153843906,-,simple,0.6,0.08983412170841489,30000.0,6000.0,1.0,1e-06,1.0,1.0,0.0,0.0,0.0,0.0,0.0,0.0,0.0,0,1.5,psi4,5,65.80098003529673,82.06631774471597,548.8136308955244,188.1880417115764,256.7788156035547,2223.46153184342,122.38706167627966,174.71249785883873,1674.6479009478956,256.55400657131116,-160.77549623264693,-260.7754962326469,,,,,,
quant_diff,100.0,80.0,0.2,0.7,rayleigh,1.0,0.028130814138268814,0.2138907659724164,532.0,810.0,809.0,655.2899999999507,0.85,0.016737834412269944,80000.0,16000.0,15999.998443603516,0.20813720503292282,0.1995081962643926,0.26659169405237704,10853.589574237543,10403.618510240072,13901.776141788387,diff,simple,0.6,0.08983412170841489,30000.0,6000.0,1.0,1e-06,1.0,1.0,0.0,0.0,0.0,0.0,0.0,0.0,0.0,0,1.5,psi4,5,65.80098003529673,82.06631774471597,548.8136308955244,8585.049124302735,10821.139986704004,99782.29083808861,8519.24814426744,10739.073668959287,99233.4772071931,10820.335163137137,-81.60926788090488,-181.60926788090487,5999.9935302734375,nan,nan,0.0,0.0,0.0
hybrid_diff,100.0,80.0,0.2,0.7,rayleigh,1.0,0.028130814138268814,0.2138907659724164,532.0,810.0,809.0,655.2899999999507,0.85,0.016737834412269944,80000.0,16000.0,15999.998443603516,0.7730767899982807,0.5486818513366262,1.3034761092661191,32.72837200974584,23.228564067459715,55.182941153843906,diff,simple,0.6,0.08983412170841489,30000.0,6000.0,1.0,1e-06,1.0,1.0,0.0,0.0,0.0,0.0,0.0,0.0,0.0,0,1.5,psi4,5,65.80098003529673,82.06631774471597,548.8136308955244,1673.407639546273,2093.6138735113223,15782.61037862831,1607.6066595109762,2011.5475557666064,15233.796747732786,2089.730120511494,220.37533406360168,120.37533406360167,5999.9935302734375,0.1995081962643926,10403.618510240072,0.0,0.0,0.0
quant_noon2,100.0,80.0,0.2,0.7,rayleigh,1.0,0.028130814138268814,0.2138907659724164,532.0,810.0,809.0,0.405,0.85,0.016737834412269944,80000.0,16000.0,15999.998443603516,0.20745289877133088,0.19906304672317626,0.26546080618033074,6.685973745385479,6.415578244267602,8.555503398903738,noon2,simple,0.6,0.08983412170841489,30000.0,6000.0,1.0,1e-06,1.0,1.0,0.0,0.0,0.0,0.0,0.0,0.0,0.0,0,1.5,psi4,5,65.80098003529673,82.06631774471597,548.8136308955244,68.39279039535538,83.56650164165659,495.8371951103255,2.5918103600586444,1.5001838969406138,-52.97643578519883,51.00283798650852,-119.14481033220245,-219.14481033220247,5999.988555908203,nan,nan,0.0,0.0,0.0
hybrid_noon2,100.0,80.0,0.2,0.7,rayleigh,1.0,0.028130814138268814,0.2138907659724164,532.0,810.0,809.0,0.405,0.85,0.016737834412269944,80000.0,16000.0,15999.998443603516,0.7730767899982807,0.5486818513366262,1.3034761092661191,32.72837200974584,23.228564067459715,55.182941153843906,noon2,simple,0.6,0.08983412170841489,30000.0,6000.0,1.0,1e-06,1.0,1.0,0.0,0.0,0.0,0.0,0.0,0.0,0.0,0,1.5,psi4,5,65.80098003529673,82.06631774471597,548.8136308955244,77.65135056954703,95.48344233548175,622.9796841020291,11.85037053425029,13.417124590765782,74.16605320650469,74.50973640666098,-174.69800830311755,-274.69800830311755,5999.988555908203,0.19906304672317626,6.415578244267602,0.0,0.0,0.0
classical,100.0,80.0,0.2,0.7,rayleigh,1.0,0.028130814138268814,0.2138907659724164,532.0,810.0,809.0,655.2899999999507,0.85,0.016737834412269944,80000.0,16000.0,15999.55435180664,0.7756086642311733,0.5436118954744877,1.2539365082244487,32.83555944940003,23.013926396692973,53.08567149954502,-,simple,0.6,0.08983412170841489,30000.0,6000.0,1.0,1e-06,1.0,1.0,0.0,0.0,0.0,0.0,0.0,0.0,0.0,0,1.5,psi4,6,66.46664978741335,83.66139272147217,515.2276876546931,183.53793376744508,253.53103286129385,2726.6737754907003,117.07128398003172,169.86964013982168,2211.446087836008,242.05607003575625,89.03624432477622,-10.96375567522379,,,,,,
quant_diff,100.0,80.0,0.2,0.7,rayleigh,1.0,0.028130814138268814,0.2138907659724164,532.0,810.0,809.0,655.2899999999507,0.85,0.016737834412269944,80000.0,16000.0,15999.55435180664,0.20802620615590378,0.19909674656681586,0.26683990138933283,10847.801391129313,10382.162922099378,13914.719241337583,diff,simple,0.6,0.08983412170841489,30000.0,6000.0,1.0,1e-06,1.0,1.0,0.0,0.0,0.0,0.0,0.0,0.0,0.0,0,1.5,psi4,6,66.46664978741335,83.66139272147217,515.2276876546931,8620.111375670174,10890.532635833328,90284.03943935508,8553.644725882763,10806.871243111857,89768.81175170038,10889.117329291652,88.61396820624553,-11.386031793754482,5999.765838623047,nan,nan,0.0,0.0,0.0
hybrid_diff,100.0,80.0,0.2,0.7,rayleigh,1.0,0.028130814138268814,0.2138907659724164,532.0,810.0,809.0,655.2899999999507,0.85,0.016737834412269944,80000.0,16000.0,15999.55435180664,0.7756086642311733,0.5436118954744877,1.2539365082244487,32.83555944940003,23.013926396692973,53.08567149954502,diff,simple,0.6,0.08983412170841489,30000.0,6000.0,1.0,1e-06,1.0,1.0,0.0,0.0,0.0,0.0,0.0,0.0,0.0,0,1.5,psi4,6,66.46664978741335,83.66139272147217,515.2276876546931,1649.7113682219879,2080.076998100004,17243.294682767362,1583.2447184345745,1996.415605378532,16728.066995112666,2073.1983532486483,209.59499604819726,109.59499604819726,5999.765838623047,0.19909674656681586,10382.162922099378,0.0,0.0,0.0
quant_noon2,100.0,80.0,0.2,0.7,rayleigh,1.0,0.028130814138268814,0.2138907659724164,532.0,810.0,809.0,0.405,0.85,0.016737834412269944,80000.0,16000.0,15999.55435180664,0.2078512323423713,0.19929817282281526,0.26670728120580633,6.69881158864366,6.423156094171613,8.59567588790711,noon2,simple,0.6,0.08983412170841489,30000.0,6000.0,1.0,1e-06,1.0,1.0,0.0,0.0,0.0,0.0,0.0,0.0,0.0,0,1.5,psi4,6,66.46664978741335,83.66139272147217,515.2276876546931,66.6613973019146,83.92222299350621,529.7492606318317,0.19474751450125038,0.2608302720340379,14.521572977138623,6.733840135830461,95.96373909321616,-4.036260906783843,5999.78923034668,nan,nan,0.0,0.0,0.0
hybrid_noon2,100.0,80.0,0.2,0.7,rayleigh,1.0,0.028130814138268814,0.2138907659724164,532.0,810.0,809.0,0.405,0.85,0.016737834412269944,80000.0,16000.0,15999.55435180664,0.7756086642311733,0.5436118954744877,1.2539365082244487,32.83555944940003,23.013926396692973,53.08567149954502,noon2,simple,0.6,0.08983412170841489,30000.0,6000.0,1.0,1e-06,1.0,1.0,0.0,0.0,0.0,0.0,0.0,0.0,0.0,0,1.5,psi4,6,66.46664978741335,83.66139272147217,515.2276876546931,72.11289851512957,90.29024526118813,666.296600170317,5.646248727716229,6.628852539715952,151.0689125156239,35.126691984449586,95.00930884466261,-4.990691155337397,5999.78923034668,0.19929817282281526,6.423156094171613,0.0,0.0,0.0
classical,100.0,80.0,0.2,0.7,rayleigh,1.0,0.028130814138268814,0.2138907659724164,532.0,810.0,809.0,655.2899999999507,0.85,0.016737834412269944,80000.0,16000.0,16000.216262817383,0.7658759011886697,0.5493877753991538,1.280501097280709,32.42352083479038,23.258449514323395,54.210289084974335,-,simple,0.6,0.08983412170841489,30000.0,6000.0,1.0,1e-06,1.0,1.0,0.0,0.0,0.0,0.0,0.0,0.0,0.0,0,1.5,psi4,7,67.06119255774648,82.85904894982276,520.8866336151156,239.4377895914552,320.2904217552278,2836.690967643482,172.37659703370875,237.431372805405,2315.804334028366,312.51216186007065,107.67493993442976,7.6749399344297515,,,,,,
quant_diff,100.0,80.0,0.2,0.7,rayleigh,1.0,0.028130814138268814,0.2138907659724164,532.0,810.0,809.0,655.2899999999507,0.85,0.016737834412269944,80000.0,16000.0,16000.216262817383,0.20728721820062274,0.19891283237297985,0.2644676961414501,10809.265887754716,10372.572473450578,13791.017464222345,diff,simple,0.6,0.08983412170841489,30000.0,6000.0,1.0,1e-06,1.0,1.0,0.0,0.0,0.0,0.0,0.0,0.0,0.0,0,1.5,psi4,7,67.06119255774648,82.85904894982276,520.8866336151156,8517.100372925588,10777.326511723179,95536.39463067308,8450.039180367841,10694.467462773357,95015.50799705797,10776.525847650375,-188.59901862709643,-288.5990186270964,6000.188537597656,nan,nan,0.0,0.0,0.0
hybrid_diff,100.0,80.0,0.2,0.7,rayleigh,1.0,0.028130814138268814,0.2138907659724164,532.0,810.0,809.0,655.2899999999507,0.85,0.016737834412269944,80000.0,16000.0,16000.216262817383,0.7658759011886697,0.5493877753991538,1.280501097280709,32.42352083479038,23.258449514323395,54.210289084974335,diff,simple,0.6,0.08983412170841489,30000.0,6000.0,1.0,1e-06,1.0,1.0,0.0,0.0,0.0,0.0,0.0,0.0,0.0,0,1.5,psi4,7,67.06119255774648,82.85904894982276,520.8866336151156,1630.575821243321,2063.492223078982,18483.059890264678,1563.5146286855745,1980.6331741291594,17962.173256649567,2059.270676852951,90.24846455901626,-9.75153544098375,6000.188537597656,0.19891283237297985,10372.572473450578,0.0,0.0,0.0
quant_noon2,100.0,80.0,0.2,0.7,rayleigh,1.0,0.028130814138268814,0.2138907659724164,532.0,810.0,809.0,0.405,0.85,0.016737834412269944,80000.0,16000.0,16000.216262817383,0.2077257697193152,0.1991380753921227,0.2665914074281924,6.694768069325549,6.417996333933728,8.591941406299506,noon2,simple,0.6,0.08983412170841489,30000.0,6000.0,1.0,1e-06,1.0,1.0,0.0,0.0,0.0,0.0,0.0,0.0,0.0,0,1.5,psi4,7,67.06119255774648,82.85904894982276,520.8866336151156,67.23743383252831,83.097676415152,528.1349011402406,0.1762412747818309,0.23862746532922596,7.248267525124933,6.712460445983476,92.68709621995303,-7.312903780046974,6000.1558837890625,nan,nan,0.0,0.0,0.0
hybrid_noon2,100.0,80.0,0.2,0.7,rayleigh,1.0,0.028130814138268814,0.2138907659724164,532.0,810.0,809.0,0.405,0.85,0.016737834412269944,80000.0,16000.0,16000.216262817383,0.7658759011886697,0.5493877753991538,1.280501097280709,32.42352083479038,23.258449514323395,54.210289084974335,noon2,simple,0.6,0.08983412170841489,30000.0,6000.0,1.0,1e-06,1.0,1.0,0.0,0.0,0.0,0.0,0.0,0.0,0.0,0,1.5,psi4,7,67.06119255774648,82.85904894982276,520.8866336151156,71.87477559516215,89.11525232743095,600.0411321783515,4.813583037415671,6.256203377608183,79.15449856323596,35.149226506010514,92.32364750139995,-7.676352498600057,6000.1558837890625,0.1991380753921227,6.417996333933728,0.0,0.0,0.0
classical,100.0,80.0,0.2,0.7,rayleigh,1.0,0.028130814138268814,0.2138907659724164,532.0,810.0,809.0,655.2899999999507,0.85,0.016737834412269944,80000.0,16000.0,15999.640563964844,0.7912471636266987,0.5540543270061736,1.2926410673632456,33.497618681435796,23.456008979273264,54.72423732684217,-,simple,0.6,0.08983412170841489,30000.0,6000.0,1.0,1e-06,1.0,1.0,0.0,0.0,0.0,0.0,0.0,0.0,0.0,0,1.5,psi4,8,67.81681803268243,85.40987999063286,592.6992100723561,213.56557363249175,282.8960787289432,2693.226313196521,145.7487555998093,197.48619873831035,2100.527103124165,278.2451984083844,-52.642244161394515,-152.6422441613945,,,,,,
quant_diff,100.0,80.0,0.2,0.7,rayleigh,1.0,0.028130814138268814,0.2138907659724164,532.0,810.0,809.0,655.2899999999507,0.85,0.016737834412269944,80000.0,16000.0,15999.640563964844,0.20812590469103157,0.19944183663232415,0.26692698251740116,10853.000302978151,10400.158099542936,13919.260201823558,diff,simple,0.6,0.08983412170841489,30000.0,6000.0,1.0,1e-06,1.0,1.0,0.0,0.0,0.0,0.0,0.0,0.0,0.0,0,1.5,psi4,8,67.81681803268243,85.40987999063286,592.6992100723561,8496.916484916957,10715.422702318578,97822.75620905652,8429.099666884274,10630.012822327944,97230.05699898416,10714.756793014822,338.26111177889794,238.26111177889797,5999.759307861328,nan,nan,0.0,0.0,0.0
hybrid_diff,100.0,80.0,0.2,0.7,rayleigh,1.0,0.028130814138268814,0.2138907659724164,532.0,810.0,809.0,655.2899999999507,0.85,0.016737834412269944,80000.0,16000.0,15999.640563964844,0.7912471636266987,0.5540543270061736,1.2926410673632456,33.497618681435796,23.456008979273264,54.72423732684217,diff,simple,0.6,0.08983412170841489,30000.0,6000.0,1.0,1e-06,1.0,1.0,0.0,0.0,0.0,0.0,0.0,0.0,0.0,0,1.5,psi4,8,67.81681803268243,85.40987999063286,592.6992100723561,1659.1642468087732,2086.892585299896,17054.885037584118,1591.3474287760907,2001.4827053092629,16462.18582751176,2083.599733912419,379.2654608591315,279.2654608591315,5999.759307861328,0.19944183663232415,10400.158099542936,0.0,0.0,0.0
quant_noon2,100.0,80.0,0.2,0.7,rayleigh,1.0,0.028130814138268814,0.2138907659724164,532.0,810.0,809.0,0.405,0.85,0.016737834412269944,80000.0,16000.0,15999.640563964844,0.20823218949911326,0.19932280055602258,0.26651431681871346,6.7110894096005085,6.423949818330724,8.589456862607687,noon2,simple,0.6,0.08983412170841489,30000.0,6000.0,1.0,1e-06,1.0,1.0,0.0,0.0,0.0,0.0,0.0,0.0,0.0,0,1.5,psi4,8,67.81681803268243,85.40987999063286,592.6992100723561,63.99418988270122,80.47111285894441,505.91521215965855,-3.822628149981207,-4.938767131688454,-86.78399791269752,51.05473659652185,-109.49140438084648,-209.4914043808465,5999.786895751953,nan,nan,0.0,0.0,0.0
hybrid_noon2,100.0,80.0,0.2,0.7,rayleigh,1.0,0.028130814138268814,0.2138907659724164,532.0,810.0,809.0,0.405,0.85,0.016737834412269944,80000.0,16000.0,15999.640563964844,0.7912471636266987,0.5540543270061736,1.2926410673632456,33.497618681435796,23.456008979273264,54.72423732684217,noon2,simple,0.6,0.08983412170841489,30000.0,6000.0,1.0,1e-06,1.0,1.0,0.0,0.0,0.0,0.0,0.0,0.0,0.0,0,1.5,psi4,8,67.81681803268243,85.40987999063286,592.6992100723561,73.00777938553661,91.80397684085528,672.6188888460904,5.19096135285418,6.394096850222425,79.9196787737343,75.33655894822165,-163.4289350977007,-263.42893509770073,5999.786895751953,0.19932280055602258,6.423949818330724,0.0,0.0,0.0
classical,100.0,80.0,0.2,0.7,rayleigh,1.0,0.028130814138268814,0.2138907659724164,532.0,810.0,809.0,655.2899999999507,0.85,0.016737834412269944,80000.0,16000.0,15999.80029296875,0.7725674460521701,0.5486246004764299,1.3121824181288289,32.706808824348364,23.22614033999225,55.55152461020552,-,simple,0.6,0.08983412170841489,30000.0,6000.0,1.0,1e-06,1.0,1.0,0.0,0.0,0.0,0.0,0.0,0.0,0.0,0,1.5,psi4,9,67.57591376662617,84.74512974149731,633.8141795463687,219.79174929414128,280.76518925196564,2365.775025273731,152.2158355275151,196.02005951046831,1731.9608457273625,279.3159774347976,67.60541913890057,-32.39458086109943,,,,,,
quant_diff,100.0,80.0,0.2,0.7,rayleigh,1.0,0.028130814138268814,0.2138907659724164,532.0,810.0,809.0,655.2899999999507,0.85,0.016737834412269944,80000.0,16000.0,15999.80029296875,0.20820437234260394,0.19921204922787078,0.2674211820882944,10857.092102351004,10388.175531712875,13945.03089144818,diff,simple,0.6,0.08983412170841489,30000.0,6000.0,1.0,1e-06,1.0,1.0,0.0,0.0,0.0,0.0,0.0,0.0,0.0,0,1.5,psi4,9,67.57591376662617,84.74512974149731,633.8141795463687,8528.19396196766,10770.803858851306,92773.37072584257,8460.618048201033,10686.058729109809,92139.55654629621,10770.771552537215,109.3601999965281,9.360199996528088,5999.889114379883,nan,nan,0.0,0.0,0.0
hybrid_diff,100.0,80.0,0.2,0.7,rayleigh,1.0,0.028130814138268814,0.2138907659724164,532.0,810.0,809.0,655.2899999999507,0.85,0.016737834412269944,80000.0,16000.0,15999.80029296875,0.7725674460521701,0.5486246004764299,1.3121824181288289,32.706808824348364,23.22614033999225,55.55152461020552,diff,simple,0.6,0.08983412170841489,30000.0,6000.0,1.0,1e-06,1.0,1.0,0.0,0.0,0.0,0.0,0.0,0.0,0.0,0,1.5,psi4,9,67.57591376662617,84.74512974149731,633.8141795463687,1646.6085392135685,2080.344451286818,16285.655624325393,1579.0326254469423,1995.5993215453211,15651.841444779024,2080.152446847476,185.7752067570846,85.77520675708459,5999.889114379883,0.19921204922787078,10388.175531712875,0.0,0.0,0.0
quant_noon2,100.0,80.0,0.2,0.7,rayleigh,1.0,0.028130814138268814,0.2138907659724164,532.0,810.0,809.0,0.405,0.85,0.016737834412269944,80000.0,16000.0,15999.80029296875,0.20749142488481875,0.1986813798496266,0.26566517040031284,6.687215398718921,6.40327754993578,8.562089828003495,noon2,simple,0.6,0.08983412170841489,30000.0,6000.0,1.0,1e-06,1.0,1.0,0.0,0.0,0.0,0.0,0.0,0.0,0.0,0,1.5,psi4,9,67.57591376662617,84.74512974149731,633.8141795463687,65.99426143626292,82.00979060539824,593.0654103537191,-1.5816523303632597,-2.7353391360990735,-40.74876919264957,51.00159688261487,-110.30334505148457,-210.30334505148457,5999.868148803711,nan,nan,0.0,0.0,0.0
hybrid_noon2,100.0,80.0,0.2,0.7,rayleigh,1.0,0.028130814138268814,0.2138907659724164,532.0,810.0,809.0,0.405,0.85,0.016737834412269944,80000.0,16000.0,15999.80029296875,0.7725674460521701,0.5486246004764299,1.3121824181288289,32.706808824348364,23.22614033999225,55.55152461020552,noon2,simple,0.6,0.08983412170841489,30000.0,6000.0,1.0,1e-06,1.0,1.0,0.0,0.0,0.0,0.0,0.0,0.0,0.0,0,1.5,psi4,9,67.57591376662617,84.74512974149731,633.8141795463687,75.44574756165851,93.50381478304823,658.9032105978409,7.8698337950323305,8.758685041550912,25.089031051472286,75.5539962161473,-165.518761357123,-265.518761357123,5999.868148803711,0.1986813798496266,6.40327754993578,0.0,0.0,0.0
classical,200.0,80.0,0.2,0.7,rayleigh,1.0,0.028130814138268814,0.2138907659724164,532.0,810.0,809.0,655.2899999999507,0.85,0.016737834412269944,80000.0,16000.0,15999.25163269043,0.7736756395508333,0.5516893092215476,1.283105839909796,32.75372443422343,23.35588544320762,54.3205614238381,-,simple,0.6,0.08983412170841489,30000.0,6000.0,1.0,1e-06,1.0,1.0,0.0,0.0,0.0,0.0,0.0,0.0,0.0,0,1.5,psi4,0,74.2000002254282,91.4697865790749,550.9250878591621,228.88451585728671,293.00760194764706,2514.0662586652975,154.68451563185852,201.53781536857215,1963.1411708061353,289.5934424819098,-315.2120616647125,-515.2120616647125,,,,,,
quant_diff,200.0,80.0,0.2,0.7,rayleigh,1.0,0.028130814138268814,0.2138907659724164,532.0,810.0,809.0,655.2899999999507,0.85,0.016737834412269944,80000.0,16000.0,15999.25163269043,0.20737776745445266,0.19875798885807036,0.2652175509561026,10813.987698241064,10364.497953766342,13830.119634337567,diff,simple,0.6,0.08983412170841489,30000.0,6000.0,1.0,1e-06,1.0,1.0,0.0,0.0,0.0,0.0,0.0,0.0,0.0,0,1.5,psi4,0,74.2000002254282,91.4697865790749,550.9250878591621,8595.890107832603,10880.287177208174,84408.50357999404,8521.690107607175,10788.8173906291,83857.57849213487,10879.192056041824,73.42629100505624,-126.57370899494377,5999.629913330078,nan,nan,0.0,0.0,0.0
hybrid_diff,200.0,80.0,0.2,0.7,rayleigh,1.0,0.028130814138268814,0.2138907659724164,532.0,810.0,809.0,655.2899999999507,0.85,0.016737834412269944,80000.0,16000.0,15999.25163269043,0.7736756395508333,0.5516893092215476,1.283105839909796,32.75372443422343,23.35588544320762,54.3205614238381,diff,simple,0.6,0.08983412170841489,30000.0,6000.0,1.0,1e-06,1.0,1.0,0.0,0.0,0.0,0.0,0.0,0.0,0.0,0,1.5,psi4,0,74.2000002254282,91.4697865790749,550.9250878591621,1631.953676714534,2056.184060616204,14826.612177493302,1557.7536764891058,1964.7142740371291,14275.68708963414,2051.395689529095,61.21206479302462,-138.7879352069754,5999.629913330078,0.19875798885807036,10364.497953766342,0.0,0.0,0.0
quant_noon2,200.0,80.0,0.2,0.7,rayleigh,1.0,0.028130814138268814,0.2138907659724164,532.0,810.0,809.0,0.405,0.85,0.016737834412269944,80000.0,16000.0,15999.25163269043,0.20754502807712144,0.19914326249033648,0.26556597275475463,6.688942969355567,6.418163508278736,8.55889279938768,noon2,simple,0.6,0.08983412170841489,30000.0,6000.0,1.0,1e-06,1.0,1.0,0.0,0.0,0.0,0.0,0.0,0.0,0.0,0,1.5,psi4,0,74.2000002254282,91.4697865790749,550.9250878591621,64.78039927370205,80.10231890167287,544.584361160156,-9.419600951726158,-11.367467677402038,-6.340726699005975,51.028566443361555,-7.989961167327006,-207.98996116732704,5999.585922241211,nan,nan,0.0,0.0,0.0
hybrid_noon2,200.0,80.0,0.2,0.7,rayleigh,1.0,0.028130814138268814,0.2138907659724164,532.0,810.0,809.0,0.405,0.85,0.016737834412269944,80000.0,16000.0,15999.25163269043,0.7736756395508333,0.5516893092215476,1.283105839909796,32.75372443422343,23.35588544320762,54.3205614238381,noon2,simple,0.6,0.08983412170841489,30000.0,6000.0,1.0,1e-06,1.0,1.0,0.0,0.0,0.0,0.0,0.0,0.0,0.0,0,1.5,psi4,0,74.2000002254282,91.4697865790749,550.9250878591621,72.12082365918899,89.60375082923454,681.1364083116963,-2.079176566239214,-1.8660357498403697,130.21132045253427,75.89160866546067,-63.71225749338945,-263.7122574933895,5999.585922241211,0.19914326249033648,6.418163508278736,0.0,0.0,0.0
classical,200.0,80.0,0.2,0.7,rayleigh,1.0,0.028130814138268814,0.2138907659724164,532.0,810.0,809.0,655.2899999999507,0.85,0.016737834412269944,80000.0,16000.0,16000.640274047852,0.7764334673542206,0.54506468407526,1.2836587487055118,32.87047766683345,23.07543051425638,54.34396893650406,-,simple,0.6,0.08983412170841489,30000.0,6000.0,1.0,1e-06,1.0,1.0,0.0,0.0,0.0,0.0,0.0,0.0,0.0,0,1.5,psi4,1,75.36105158312895,92.9910134734254,610.0350954982972,217.63907630785118,289.6367960377835,2232.7699986136504,142.27802472472223,196.6457825643581,1622.734903115353,284.0217480036104,-226.65318373590412,-426.6531837359041,,,,,,
quant_diff,200.0,80.0,0.2,0.7,rayleigh,1.0,0.028130814138268814,0.2138907659724164,532.0,810.0,809.0,655.2899999999507,0.85,0.016737834412269944,80000.0,16000.0,16000.640274047852,0.20842481249932346,0.1993225110335527,0.267185501100957,10868.58724559719,10393.935708526582,13932.740994951266,diff,simple,0.6,0.08983412170841489,30000.0,6000.0,1.0,1e-06,1.0,1.0,0.0,0.0,0.0,0.0,0.0,0.0,0.0,0,1.5,psi4,1,75.36105158312895,92.9910134734254,610.0350954982972,8613.941443650598,10902.72416470133,107736.43388773248,8538.580392067468,10809.733151227905,107126.39879223418,10901.772045913092,381.9666879801322,181.96668798013218,6000.437545776367,nan,nan,0.0,0.0,0.0
hybrid_diff,200.0,80.0,0.2,0.7,rayleigh,1.0,0.028130814138268814,0.2138907659724164,532.0,810.0,809.0,655.2899999999507,0.85,0.016737834412269944,80000.0,16000.0,16000.640274047852,0.7764334673542206,0.54506468407526,1.2836587487055118,32.87047766683345,23.07543051425638,54.34396893650406,diff,simple,0.6,0.08983412170841489,30000.0,6000.0,1.0,1e-06,1.0,1.0,0.0,0.0,0.0,0.0,0.0,0.0,0.0,0,1.5,psi4,1,75.36105158312895,92.9910134734254,610.0350954982972,1645.4673618835295,2070.6825902755118,17329.896916337788,1570.1063103004005,1977.6915768020865,16719.861820839487,2067.0527815556497,374.0884748846949,174.08847488469488,6000.437545776367,0.1993225110335527,10393.935708526582,0.0,0.0,0.0
quant_noon2,200.0,80.0,0.2,0.7,rayleigh,1.0,0.028130814138268814,0.2138907659724164,532.0,810.0,809.0,0.405,0.85,0.016737834412269944,80000.0,16000.0,16000.640274047852,0.20850143685595846,0.1996232885692596,0.26719975259097806,6.719766949271167,6.433634209241648,8.611547687101591,noon2,simple,0.6,0.08983412170841489,30000.0,6000.0,1.0,1e-06,1.0,1.0,0.0,0.0,0.0,0.0,0.0,0.0,0.0,0,1.5,psi4,1,75.36105158312895,92.9910134734254,610.0350954982972,63.81796768830129,80.37927182314502,580.7164883893672,-11.543083894827664,-12.611741650280383,-29.318607108930056,51.09791350518994,0.623630097693894,-199.37636990230612,6000.428176879883,nan,nan,0.0,0.0,0.0
hybrid_noon2,200.0,80.0,0.2,0.7,rayleigh,1.0,0.028130814138268814,0.2138907659724164,532.0,810.0,809.0,0.405,0.85,0.016737834412269944,80000.0,16000.0,16000.640274047852,0.7764334673542206,0.54506468407526,1.2836587487055118,32.87047766683345,23.07543051425638,54.34396893650406,noon2,simple,0.6,0.08983412170841489,30000.0,6000.0,1.0,1e-06,1.0,1.0,0.0,0.0,0.0,0.0,0.0,0.0,0.0,0,1.5,psi4,1,75.36105158312895,92.9910134734254,610.0350954982972,70.54254432990481,88.8756534767831,668.6952814805328,-4.818507253224136,-4.115359996642298,58.66018598223556,75.55386423508004,-57.472579780085916,-257.47257978008594,6000.428176879883,0.1996232885692596,6.433634209241648,0.0,0.0,0.0
classical,200.0,80.0,0.2,0.7,rayleigh,1.0,0.028130814138268814,0.2138907659724164,532.0,810.0,809.0,655.2899999999507,0.85,0.016737834412269944,80000.0,16000.0,15999.945251464844,0.7748588509724528,0.5491202328556767,1.2834742096513678,32.80381594398539,23.247123043260444,54.336156435996365,-,simple,0.6,0.08983412170841489,30000.0,6000.0,1.0,1e-06,1.0,1.0,0.0,0.0,0.0,0.0,0.0,0.0,0.0,0,1.5,psi4,2,76.27085615586273,96.54389251531796,626.3607622551053,188.6263843856138,244.4503363982903,2056.961962363934,112.35552822975106,147.9064438829723,1430.6012001088288,243.7510689228188,-103.86373308212023,-303.8637330821203,,,,,,
quant_diff,200.0,80.0,0.2,0.7,rayleigh,1.0,0.028130814138268814,0.2138907659724164,532.0,810.0,809.0,655.2899999999507,0.85,0.016737834412269944,80000.0,16000.0,15999.945251464844,0.20807886516128093,0.19905185927774155,0.26702140196815577,10850.547364544593,10379.822215099704,13924.183828842346,diff,simple,0.6,0.08983412170841489,30000.0,6000.0,1.0,1e-06,1.0,1.0,0.0,0.0,0.0,0.0,0.0,0.0,0.0,0,1.5,psi4,2,76.27085615586273,96.54389251531796,626.3607622551053,8587.30182788425,10857.704033247723,96525.15639086557,8511.030971728389,10761.160140732405,95898.79562861046,10858.029135185147,256.7261518157807,56.72615181578071,5999.938171386719,nan,nan,0.0,0.0,0.0
hybrid_diff,200.0,80.0,0.2,0.7,rayleigh,1.0,0.028130814138268814,0.2138907659724164,532.0,810.0,809.0,655.2899999999507,0.85,0.016737834412269944,80000.0,16000.0,15999.945251464844,0.7748588509724528,0.5491202328556767,1.2834742096513678,32.80381594398539,23.247123043260444,54.336156435996365,diff,simple,0.6,0.08983412170841489,30000.0,6000.0,1.0,1e-06,1.0,1.0,0.0,0.0,0.0,0.0,0.0,0.0,0.0,0,1.5,psi4,2,76.27085615586273,96.54389251531796,626.3607622551053,1598.1723398271072,2003.0605601423147,18943.765989603187,1521.9014836712445,1906.5166676269967,18317.40522734808,2004.7494569589526,259.6932516542679,59.693251654267875,5999.938171386719,0.19905185927774155,10379.822215099704,0.0,0.0,0.0
quant_noon2,200.0,80.0,0.2,0.7,rayleigh,1.0,0.028130814138268814,0.2138907659724164,532.0,810.0,809.0,0.405,0.85,0.016737834412269944,80000.0,16000.0,15999.945251464844,0.20801725994342102,0.1990803007638719,0.2662543353188606,6.704162471606503,6.416134322605267,8.581077951092846,noon2,simple,0.6,0.08983412170841489,30000.0,6000.0,1.0,1e-06,1.0,1.0,0.0,0.0,0.0,0.0,0.0,0.0,0.0,0,1.5,psi4,2,76.27085615586273,96.54389251531796,626.3607622551053,64.52794670646495,79.90357192781393,511.6318936862282,-11.742909449397793,-16.640320587504043,-114.72886856887722,51.04654781413136,5.9312423198497255,-194.0687576801503,5999.953598022461,nan,nan,0.0,0.0,0.0
hybrid_noon2,200.0,80.0,0.2,0.7,rayleigh,1.0,0.028130814138268814,0.2138907659724164,532.0,810.0,809.0,0.405,0.85,0.016737834412269944,80000.0,16000.0,15999.945251464844,0.7748588509724528,0.5491202328556767,1.2834742096513678,32.80381594398539,23.247123043260444,54.336156435996365,noon2,simple,0.6,0.08983412170841489,30000.0,6000.0,1.0,1e-06,1.0,1.0,0.0,0.0,0.0,0.0,0.0,0.0,0.0,0,1.5,psi4,2,76.27085615586273,96.54389251531796,626.3607622551053,70.62406289625827,87.55276642659132,633.7518170175289,-5.646793259604469,-8.991126088726647,7.391054762423542,75.28944596611329,-49.10928231613841,-249.1092823161384,5999.953598022461,0.1990803007638719,6.416134322605267,0.0,0.0,0.0
classical,200.0,80.0,0.2,0.7,rayleigh,1.0,0.028130814138268814,0.2138907659724164,532.0,810.0,809.0,655.2899999999507,0.85,0.016737834412269944,80000.0,16000.0,15999.615219116211,0.7650846250014548,0.5506169311413436,1.3014401730934697,32.39002198738911,23.310486086768407,55.09674935852856,-,simple,0.6,0.08983412170841489,30000.0,6000.0,1.0,1e-06,1.0,1.0,0.0,0.0,0.0,0.0,0.0,0.0,0.0,0,1.5,psi4,3,78.39054320248098,96.10321790618217,562.1563252312376,259.83045609262336,322.22701689327613,2355.8903251672036,181.43991289014235,226.123798987094,1793.733999935966,329.45799250649367,-195.27377067804804,-395.27377067804804,,,,,,
quant_diff,200.0,80.0,0.2,0.7,rayleigh,1.0,0.028130814138268814,0.2138907659724164,532.0,810.0,809.0,655.2899999999507,0.85,0.016737834412269944,80000.0,16000.0,15999.615219116211,0.20746754762676228,0.1992016080863658,0.26703843076001965,10818.669403955326,10387.631064592912,13925.071817694732,diff,simple,0.6,0.08983412170841489,30000.0,6000.0,1.0,1e-06,1.0,1.0,0.0,0.0,0.0,0.0,0.0,0.0,0.0,0,1.5,psi4,3,78.39054320248098,96.10321790618217,562.1563252312376,8583.662594430229,10852.262248003448,98435.48111846668,8505.272051227748,10756.159030097266,97873.32479323543,10851.30691118539,314.07633468755984,114.07633468755982,5999.727584838867,nan,nan,0.0,0.0,0.0
hybrid_diff,200.0,80.0,0.2,0.7,rayleigh,1.0,0.028130814138268814,0.2138907659724164,532.0,810.0,809.0,655.2899999999507,0.85,0.016737834412269944,80000.0,16000.0,15999.615219116211,0.7650846250014548,0.5506169311413436,1.3014401730934697,32.39002198738911,23.310486086768407,55.09674935852856,diff,simple,0.6,0.08983412170841489,30000.0,6000.0,1.0,1e-06,1.0,1.0,0.0,0.0,0.0,0.0,0.0,0.0,0.0,0,1.5,psi4,3,78.39054320248098,96.10321790618217,562.1563252312376,1706.6017744429928,2139.2250801066098,17384.10089000198,1628.2112312405118,2043.1218622004278,16821.944564770743,2135.668876845922,157.38358838870042,-42.6164116112996,5999.727584838867,0.1992016080863658,10387.631064592912,0.0,0.0,0.0
quant_noon2,200.0,80.0,0.2,0.7,rayleigh,1.0,0.028130814138268814,0.2138907659724164,532.0,810.0,809.0,0.405,0.85,0.016737834412269944,80000.0,16000.0,15999.615219116211,0.20704788406173014,0.19830850181227574,0.26435306847634865,6.672920576541257,6.391260109915784,8.51980225782804,noon2,simple,0.6,0.08983412170841489,30000.0,6000.0,1.0,1e-06,1.0,1.0,0.0,0.0,0.0,0.0,0.0,0.0,0.0,0,1.5,psi4,3,78.39054320248098,96.10321790618217,562.1563252312376,64.94916652913804,80.36951286906111,512.5190653656124,-13.441376673342948,-15.73370503712105,-49.63725986562518,51.021602739588985,0.07870540153432637,-199.9212945984657,5999.694488525391,nan,nan,0.0,0.0,0.0
hybrid_noon2,200.0,80.0,0.2,0.7,rayleigh,1.0,0.028130814138268814,0.2138907659724164,532.0,810.0,809.0,0.405,0.85,0.016737834412269944,80000.0,16000.0,15999.615219116211,0.7650846250014548,0.5506169311413436,1.3014401730934697,32.39002198738911,23.310486086768407,55.09674935852856,noon2,simple,0.6,0.08983412170841489,30000.0,6000.0,1.0,1e-06,1.0,1.0,0.0,0.0,0.0,0.0,0.0,0.0,0.0,0,1.5,psi4,3,78.39054320248098,96.10321790618217,562.1563252312376,85.26003809922426,105.9710865771642,683.997690084574,6.869494896743271,9.867868670982036,121.84136485333632,93.47931508908671,40.05748988266974,-159.94251011733027,5999.694488525391,0.19830850181227574,6.391260109915784,0.0,0.0,0.0
classical,200.0,80.0,0.2,0.7,rayleigh,1.0,0.028130814138268814,0.2138907659724164,532.0,810.0,809.0,655.2899999999507,0.85,0.016737834412269944,80000.0,16000.0,16000.599060058594,0.7885823938797238,0.5515657940616296,1.30653572384819,33.38480508163868,23.350656402373723,55.31247059457214,-,simple,0.6,0.08983412170841489,30000.0,6000.0,1.0,1e-06,1.0,1.0,0.0,0.0,0.0,0.0,0.0,0.0,0.0,0,1.5,psi4,4,73.15419916060102,92.96618497637702,609.2941011821183,209.5404341377309,280.56013824997416,2127.1541917313657,136.38623497712987,187.59395327359715,1517.8600905492472,264.6590359813721,222.78974919234568,22.789749192345667,,,,,,
quant_diff,200.0,80.0,0.2,0.7,rayleigh,1.0,0.028130814138268814,0.2138907659724164,532.0,810.0,809.0,655.2899999999507,0.85,0.016737834412269944,80000.0,16000.0,16000.599060058594,0.20777768468769048,0.19919097433247918,0.26731059383832034,10834.841910790623,10387.076553445804,13939.264121029782,diff,simple,0.6,0.08983412170841489,30000.0,6000.0,1.0,1e-06,1.0,1.0,0.0,0.0,0.0,0.0,0.0,0.0,0.0,0,1.5,psi4,4,73.15419916060102,92.96618497637702,609.2941011821183,8554.559119454065,10800.053432785719,98376.01967533621,8481.404920293464,10707.08724780934,97766.72557415409,10799.389305275567,656.5799227529715,456.5799227529714,6000.390335083008,nan,nan,0.0,0.0,0.0
hybrid_diff,200.0,80.0,0.2,0.7,rayleigh,1.0,0.028130814138268814,0.2138907659724164,532.0,810.0,809.0,655.2899999999507,0.85,0.016737834412269944,80000.0,16000.0,16000.599060058594,0.7885823938797238,0.5515657940616296,1.30653572384819,33.38480508163868,23.350656402373723,55.31247059457214,diff,simple,0.6,0.08983412170841489,30000.0,6000.0,1.0,1e-06,1.0,1.0,0.0,0.0,0.0,0.0,0.0,0.0,0.0,0,1.5,psi4,4,73.15419916060102,92.96618497637702,609.2941011821183,1680.696520634129,2123.55866609749,17652.939921662237,1607.542321473528,2030.5924811211132,17043.645820480117,2120.6647863081116,447.7159809243658,247.71598092436582,6000.390335083008,0.19919097433247918,10387.076553445804,0.0,0.0,0.0
quant_noon2,200.0,80.0,0.2,0.7,rayleigh,1.0,0.028130814138268814,0.2138907659724164,532.0,810.0,809.0,0.405,0.85,0.016737834412269944,80000.0,16000.0,16000.599060058594,0.20798582047111222,0.19944416591808378,0.2658310499944251,6.703149212752709,6.427861287532391,8.567435940869105,noon2,simple,0.6,0.08983412170841489,30000.0,6000.0,1.0,1e-06,1.0,1.0,0.0,0.0,0.0,0.0,0.0,0.0,0.0,0,1.5,psi4,4,73.15419916060102,92.96618497637702,609.2941011821183,64.89393764516255,80.21219841751524,504.02917265945933,-8.260261515438463,-12.753986558861788,-105.26492852265905,51.0601280347086,-19.971012732907678,-219.9710127329077,6000.358749389648,nan,nan,0.0,0.0,0.0
hybrid_noon2,200.0,80.0,0.2,0.7,rayleigh,1.0,0.028130814138268814,0.2138907659724164,532.0,810.0,809.0,0.405,0.85,0.016737834412269944,80000.0,16000.0,16000.599060058594,0.7885823938797238,0.5515657940616296,1.30653572384819,33.38480508163868,23.350656402373723,55.31247059457214,noon2,simple,0.6,0.08983412170841489,30000.0,6000.0,1.0,1e-06,1.0,1.0,0.0,0.0,0.0,0.0,0.0,0.0,0.0,0,1.5,psi4,4,73.15419916060102,92.96618497637702,609.2941011821183,71.85278694736581,89.19306300670146,614.0952821120849,-1.3014122132352026,-3.773121969675568,4.801180929966561,75.29793992691936,-71.7773759199636,-271.7773759199636,6000.358749389648,0.19944416591808378,6.427861287532391,0.0,0.0,0.0
classical,200.0,80.0,0.2,0.7,rayleigh,1.0,0.028130814138268814,0.2138907659724164,532.0,810.0,809.0,655.2899999999507,0.85,0.016737834412269944,80000.0,16000.0,15999.713684082031,0.7821235419323882,0.548314411410012,1.285354683775385,33.111368196683514,23.213008419217466,54.4157667120799,-,simple,0.6,0.08983412170841489,30000.0,6000.0,1.0,1e-06,1.0,1.0,0.0,0.0,0.0,0.0,0.0,0.0,0.0,0,1.5,psi4,5,73.56495889279522,92.3172203547603,600.3792782128653,190.8635461343207,256.25974939740706,2347.9400184786873,117.2985872415255,163.9425290426468,1747.560740265822,248.4564015629272,-72.55382126652717,-272.5538212665272,,,,,,
quant_diff,200.0,80.0,0.2,0.7,rayleigh,1.0,0.028130814138268814,0.2138907659724164,532.0,810.0,809.0,655.2899999999507,0.85,0.016737834412269944,80000.0,16000.0,15999.713684082031,0.20814998296299397,0.19924614981588212,0.26608013472220876,10854.25589628496,10389.953751932833,13875.10020457841,diff,simple,0.6,0.08983412170841489,30000.0,6000.0,1.0,1e-06,1.0,1.0,0.0,0.0,0.0,0.0,0.0,0.0,0.0,0,1.5,psi4,5,73.56495889279522,92.3172203547603,600.3792782128653,8549.41742637466,10793.391588250259,99014.70618537097,8475.852467481865,10701.0743678955,98414.3269071581,10792.492006508017,276.074794247201,76.07479424720097,6000.017181396484,nan,nan,0.0,0.0,0.0
hybrid_diff,200.0,80.0,0.2,0.7,rayleigh,1.0,0.028130814138268814,0.2138907659724164,532.0,810.0,809.0,655.2899999999507,0.85,0.016737834412269944,80000.0,16000.0,15999.713684082031,0.7821235419323882,0.548314411410012,1.285354683775385,33.111368196683514,23.213008419217466,54.4157667120799,diff,simple,0.6,0.08983412170841489,30000.0,6000.0,1.0,1e-06,1.0,1.0,0.0,0.0,0.0,0.0,0.0,0.0,0.0,0,1.5,psi4,5,73.56495889279522,92.3172203547603,600.3792782128653,1654.3056196365667,2074.571651855486,15128.64854670347,1580.7406607437717,1982.2544315007258,14528.269268490605,2070.2425509408763,290.004471837707,90.00447183770699,6000.017181396484,0.19924614981588212,10389.953751932833,0.0,0.0,0.0
quant_noon2,200.0,80.0,0.2,0.7,rayleigh,1.0,0.028130814138268814,0.2138907659724164,532.0,810.0,809.0,0.405,0.85,0.016737834412269944,80000.0,16000.0,15999.713684082031,0.20724281703710606,0.1991020942831631,0.26360115571856807,6.679203047228301,6.416836703235587,8.495568954812676,noon2,simple,0.6,0.08983412170841489,30000.0,6000.0,1.0,1e-06,1.0,1.0,0.0,0.0,0.0,0.0,0.0,0.0,0.0,0,1.5,psi4,5,73.56495889279522,92.3172203547603,600.3792782128653,64.16772582709518,79.0892804189348,505.1638643898139,-9.39723306570003,-13.227939935825487,-95.21541382305139,51.07968144604799,-18.614368275344564,-218.6143682753446,6000.029067993164,nan,nan,0.0,0.0,0.0
hybrid_noon2,200.0,80.0,0.2,0.7,rayleigh,1.0,0.028130814138268814,0.2138907659724164,532.0,810.0,809.0,0.405,0.85,0.016737834412269944,80000.0,16000.0,15999.713684082031,0.7821235419323882,0.548314411410012,1.285354683775385,33.111368196683514,23.213008419217466,54.4157667120799,noon2,simple,0.6,0.08983412170841489,30000.0,6000.0,1.0,1e-06,1.0,1.0,0.0,0.0,0.0,0.0,0.0,0.0,0.0,0,1.5,psi4,5,73.56495889279522,92.3172203547603,600.3792782128653,71.19505538447152,87.91091204644994,598.2898621404751,-2.369903508323695,-4.406308308310357,-2.0894160723902813,75.09766268289701,-76.46699922435964,-276.46699922435965,6000.029067993164,0.1991020942831631,6.416836703235587,0.0,0.0,0.0
classical,200.0,80.0,0.2,0.7,rayleigh,1.0,0.028130814138268814,0.2138907659724164,532.0,810.0,809.0,655.2899999999507,0.85,0.016737834412269944,80000.0,16000.0,15999.580764770508,0.7622829146260166,0.551114908623066,1.276248310391872,32.2714109766626,23.331568070453784,54.030246438271234,-,simple,0.6,0.08983412170841489,30000.0,6000.0,1.0,1e-06,1.0,1.0,0.0,0.0,0.0,0.0,0.0,0.0,0.0,0,1.5,psi4,6,75.11212064345636,94.2246585295157,588.1050058469235,207.9897278135696,276.3580624193997,2098.2095546533997,132.87760717011324,182.133403889884,1510.1045488064763,284.8341783413428,37.8247462176504,-162.1752537823496,,,,,,
quant_diff,200.0,80.0,0.2,0.7,rayleigh,1.0,0.028130814138268814,0.2138907659724164,532.0,810.0,809.0,655.2899999999507,0.85,0.016737834412269944,80000.0,16000.0,15999.580764770508,0.20807305662968445,0.19940426262561317,0.2666188385012057,10850.244470989514,10398.198753315355,13903.191624939316,diff,simple,0.6,0.08983412170841489,30000.0,6000.0,1.0,1e-06,1.0,1.0,0.0,0.0,0.0,0.0,0.0,0.0,0.0,0,1.5,psi4,6,75.11212064345636,94.2246585295157,588.1050058469235,8611.724827988824,10868.207192794776,99931.74605809923,8536.612707345368,10773.98253426526,99343.64105225231,10866.415179362548,468.6605086987493,268.6605086987493,5999.762405395508,nan,nan,0.0,0.0,0.0
hybrid_diff,200.0,80.0,0.2,0.7,rayleigh,1.0,0.028130814138268814,0.2138907659724164,532.0,810.0,809.0,655.2899999999507,0.85,0.016737834412269944,80000.0,16000.0,15999.580764770508,0.7622829146260166,0.551114908623066,1.276248310391872,32.2714109766626,23.331568070453784,54.030246438271234,diff,simple,0.6,0.08983412170841489,30000.0,6000.0,1.0,1e-06,1.0,1.0,0.0,0.0,0.0,0.0,0.0,0.0,0.0,0,1.5,psi4,6,75.11212064345636,94.2246585295157,588.1050058469235,1674.078788781736,2110.323137220239,16231.05135658506,1598.9666681382794,2016.0984786907234,15642.946350738133,2102.656292359268,385.8650433657493,185.86504336574924,5999.762405395508,0.19940426262561317,10398.198753315355,0.0,0.0,0.0
quant_noon2,200.0,80.0,0.2,0.7,rayleigh,1.0,0.028130814138268814,0.2138907659724164,532.0,810.0,809.0,0.405,0.85,0.016737834412269944,80000.0,16000.0,15999.580764770508,0.20764065153500483,0.19900799293517413,0.266624593744594,6.692024805920098,6.4138039225620656,8.593010963974915,noon2,simple,0.6,0.08983412170841489,30000.0,6000.0,1.0,1e-06,1.0,1.0,0.0,0.0,0.0,0.0,0.0,0.0,0.0,0,1.5,psi4,6,75.11212064345636,94.2246585295157,588.1050058469235,64.16369196649077,80.0404013032004,534.8236792326584,-10.948428676965584,-14.184257226315287,-53.281326614265225,51.02216929862658,-6.28574125086227,-206.2857412508623,5999.780807495117,nan,nan,0.0,0.0,0.0
hybrid_noon2,200.0,80.0,0.2,0.7,rayleigh,1.0,0.028130814138268814,0.2138907659724164,532.0,810.0,809.0,0.405,0.85,0.016737834412269944,80000.0,16000.0,15999.580764770508,0.7622829146260166,0.551114908623066,1.276248310391872,32.2714109766626,23.331568070453784,54.030246438271234,noon2,simple,0.6,0.08983412170841489,30000.0,6000.0,1.0,1e-06,1.0,1.0,0.0,0.0,0.0,0.0,0.0,0.0,0.0,0,1.5,psi4,6,75.11212064345636,94.2246585295157,588.1050058469235,71.22924470475618,88.85946097401755,671.7977949596524,-3.882875938700182,-5.365197555498138,83.69278911272879,75.4188588300705,-61.50239241008468,-261.5023924100847,5999.780807495117,0.19900799293517413,6.4138039225620656,0.0,0.0,0.0
classical,200.0,80.0,0.2,0.7,rayleigh,1.0,0.028130814138268814,0.2138907659724164,532.0,810.0,809.0,655.2899999999507,0.85,0.016737834412269944,80000.0,16000.0,16000.204498291016,0.7613942391536925,0.5518532893461439,1.2752033431395666,32.23378870959877,23.362827577015572,53.98600752512067,-,simple,0.6,0.08983412170841489,30000.0,6000.0,1.0,1e-06,1.0,1.0,0.0,0.0,0.0,0.0,0.0,0.0,0.0,0,1.5,psi4,7,75.30037225998319,92.9496299966221,612.0189450772916,250.20499708280528,332.9527586786208,2490.562210195835,174.90462482282211,240.00312868199867,1878.5432651185436,346.5399207018728,-388.709579890375,-588.7095798903749,,,,,,
quant_diff,200.0,80.0,0.2,0.7,rayleigh,1.0,0.028130814138268814,0.2138907659724164,532.0,810.0,809.0,655.2899999999507,0.85,0.016737834412269944,80000.0,16000.0,16000.204498291016,0.20720187307320065,0.19862931609691767,0.264724229691402,10804.81545331627,10357.788142616942,13804.394745149893,diff,simple,0.6,0.08983412170841489,30000.0,6000.0,1.0,1e-06,1.0,1.0,0.0,0.0,0.0,0.0,0.0,0.0,0.0,0,1.5,psi4,7,75.30037225998319,92.9496299966221,612.0189450772916,8588.041386760642,10841.53016261553,104499.27290732166,8512.74101450066,10748.58053261891,103887.25396224437,10841.197279313947,496.9946740799325,296.9946740799325,6000.1861572265625,nan,nan,0.0,0.0,0.0
hybrid_diff,200.0,80.0,0.2,0.7,rayleigh,1.0,0.028130814138268814,0.2138907659724164,532.0,810.0,809.0,655.2899999999507,0.85,0.016737834412269944,80000.0,16000.0,16000.204498291016,0.7613942391536925,0.5518532893461439,1.2752033431395666,32.23378870959877,23.362827577015572,53.98600752512067,diff,simple,0.6,0.08983412170841489,30000.0,6000.0,1.0,1e-06,1.0,1.0,0.0,0.0,0.0,0.0,0.0,0.0,0.0,0,1.5,psi4,7,75.30037225998319,92.9496299966221,612.0189450772916,1656.2218629032545,2095.522394269501,17468.280332636532,1580.9214906432712,2002.5727642728789,16856.26138755924,2093.7372014012153,150.3845644242028,-49.61543557579719,6000.1861572265625,0.19862931609691767,10357.788142616942,0.0,0.0,0.0
quant_noon2,200.0,80.0,0.2,0.7,rayleigh,1.0,0.028130814138268814,0.2138907659724164,532.0,810.0,809.0,0.405,0.85,0.016737834412269944,80000.0,16000.0,16000.204498291016,0.20741257694373177,0.19862847057822441,0.2645112420031595,6.684674218204657,6.4015723435897725,8.52490001280633,noon2,simple,0.6,0.08983412170841489,30000.0,6000.0,1.0,1e-06,1.0,1.0,0.0,0.0,0.0,0.0,0.0,0.0,0.0,0,1.5,psi4,7,75.30037225998319,92.9496299966221,612.0189450772916,64.27901619819879,79.94266774600577,503.34420171014506,-11.021356061784394,-13.006962250616324,-108.67474336714652,51.09247263219005,-10.148803863656942,-210.14880386365695,6000.157318115234,nan,nan,0.0,0.0,0.0
hybrid_noon2,200.0,80.0,0.2,0.7,rayleigh,1.0,0.028130814138268814,0.2138907659724164,532.0,810.0,809.0,0.405,0.85,0.016737834412269944,80000.0,16000.0,16000.204498291016,0.7613942391536925,0.5518532893461439,1.2752033431395666,32.23378870959877,23.362827577015572,53.98600752512067,noon2,simple,0.6,0.08983412170841489,30000.0,6000.0,1.0,1e-06,1.0,1.0,0.0,0.0,0.0,0.0,0.0,0.0,0.0,0,1.5,psi4,7,75.30037225998319,92.9496299966221,612.0189450772916,71.28065653063372,88.99603387979556,611.2891447742261,-4.019715729349462,-3.95359611682653,-0.7298003030654733,75.8819341419326,-68.47201892784044,-268.47201892784045,6000.157318115234,0.19862847057822441,6.4015723435897725,0.0,0.0,0.0
classical,200.0,80.0,0.2,0.7,rayleigh,1.0,0.028130814138268814,0.2138907659724164,532.0,810.0,809.0,655.2899999999507,0.85,0.016737834412269944,80000.0,16000.0,16000.192474365234,0.7629240573128193,0.5438004815131177,1.2655790889141922,32.298553890065875,23.02191022715843,53.578562654598656,-,simple,0.6,0.08983412170841489,30000.0,6000.0,1.0,1e-06,1.0,1.0,0.0,0.0,0.0,0.0,0.0,0.0,0.0,0,1.5,psi4,8,77.85167488619841,97.99790377235044,642.166302492448,197.74499328874148,258.30001922478027,2180.6085735195766,119.89331840254307,160.3021154524298,1538.4422710271285,264.8572001805475,-399.41665881676096,-599.4166588167609,,,,,,
quant_diff,200.0,80.0,0.2,0.7,rayleigh,1.0,0.028130814138268814,0.2138907659724164,532.0,810.0,809.0,655.2899999999507,0.85,0.016737834412269944,80000.0,16000.0,16000.192474365234,0.2079401298825581,0.1993951085468434,0.2663415091749195,10843.312830120598,10397.72140178235,13888.729920776746,diff,simple,0.6,0.08983412170841489,30000.0,6000.0,1.0,1e-06,1.0,1.0,0.0,0.0,0.0,0.0,0.0,0.0,0.0,0,1.5,psi4,8,77.85167488619841,97.99790377235044,642.166302492448,8554.859161757635,10842.015254011496,104221.14035786534,8477.007486871436,10744.017350239146,103578.97405537289,10840.443548785419,156.1265939358529,-43.87340606414713,5999.730880737305,nan,nan,0.0,0.0,0.0
hybrid_diff,200.0,80.0,0.2,0.7,rayleigh,1.0,0.028130814138268814,0.2138907659724164,532.0,810.0,809.0,655.2899999999507,0.85,0.016737834412269944,80000.0,16000.0,16000.192474365234,0.7629240573128193,0.5438004815131177,1.2655790889141922,32.298553890065875,23.02191022715843,53.578562654598656,diff,simple,0.6,0.08983412170841489,30000.0,6000.0,1.0,1e-06,1.0,1.0,0.0,0.0,0.0,0.0,0.0,0.0,0.0,0,1.5,psi4,8,77.85167488619841,97.99790377235044,642.166302492448,1691.0614719220575,2118.166832291801,15293.104714469016,1613.209797035859,2020.1689285194502,14650.93841197657,2110.5155314872286,318.93310086563247,118.93310086563243,5999.730880737305,0.1993951085468434,10397.72140178235,0.0,0.0,0.0
quant_noon2,200.0,80.0,0.2,0.7,rayleigh,1.0,0.028130814138268814,0.2138907659724164,532.0,810.0,809.0,0.405,0.85,0.016737834412269944,80000.0,16000.0,16000.192474365234,0.20819413092076158,0.19931532323728668,0.26668832178062524,6.709862824398986,6.423708832752551,8.595064846944368,noon2,simple,0.6,0.08983412170841489,30000.0,6000.0,1.0,1e-06,1.0,1.0,0.0,0.0,0.0,0.0,0.0,0.0,0.0,0,1.5,psi4,8,77.85167488619841,97.99790377235044,642.166302492448,63.03400976632556,79.1811674749195,551.6106213378622,-14.817665119872853,-18.816736297430946,-90.55568115458583,51.1423656911477,-9.651999828294189,-209.6519998282942,5999.759201049805,nan,nan,0.0,0.0,0.0
hybrid_noon2,200.0,80.0,0.2,0.7,rayleigh,1.0,0.028130814138268814,0.2138907659724164,532.0,810.0,809.0,0.405,0.85,0.016737834412269944,80000.0,16000.0,16000.192474365234,0.7629240573128193,0.5438004815131177,1.2655790889141922,32.298553890065875,23.02191022715843,53.578562654598656,noon2,simple,0.6,0.08983412170841489,30000.0,6000.0,1.0,1e-06,1.0,1.0,0.0,0.0,0.0,0.0,0.0,0.0,0.0,0,1.5,psi4,8,77.85167488619841,97.99790377235044,642.166302492448,69.07303158096691,86.83695948874157,664.158064725593,-8.778643305231503,-11.160944283608877,21.99176223314501,75.31811784512823,-63.52770650775263,-263.52770650775267,5999.759201049805,0.19931532323728668,6.423708832752551,0.0,0.0,0.0
classical,200.0,80.0,0.2,0.7,rayleigh,1.0,0.028130814138268814,0.2138907659724164,532.0,810.0,809.0,655.2899999999507,0.85,0.016737834412269944,80000.0,16000.0,15999.830017089844,0.7668429222604252,0.5459404707795744,1.2523874907755173,32.46445987963966,23.112507132557205,53.020093513018836,-,simple,0.6,0.08983412170841489,30000.0,6000.0,1.0,1e-06,1.0,1.0,0.0,0.0,0.0,0.0,0.0,0.0,0.0,0,1.5,psi4,9,77.15346612948882,96.536064962595,718.5788746571542,201.4728604302642,280.2163445005675,2675.0780769322723,124.31939430077539,183.6802795379725,1956.499202275118,275.22488428256395,-65.16682666512821,-265.1668266651282,,,,,,
quant_diff,200.0,80.0,0.2,0.7,rayleigh,1.0,0.028130814138268814,0.2138907659724164,532.0,810.0,809.0,655.2899999999507,0.85,0.016737834412269944,80000.0,16000.0,15999.830017089844,0.20818212538283634,0.19886326519058015,0.26732508726983945,10855.932005238361,10369.987727229773,13940.01990016694,diff,simple,0.6,0.08983412170841489,30000.0,6000.0,1.0,1e-06,1.0,1.0,0.0,0.0,0.0,0.0,0.0,0.0,0.0,0,1.5,psi4,9,77.15346612948882,96.536064962595,718.5788746571542,8532.192273243545,10796.263777373937,96753.91307081036,8455.038807114055,10699.727712411343,96035.33419615321,10796.357731855185,204.1824802087097,4.182480208709684,5999.865829467773,nan,nan,0.0,0.0,0.0
hybrid_diff,200.0,80.0,0.2,0.7,rayleigh,1.0,0.028130814138268814,0.2138907659724164,532.0,810.0,809.0,655.2899999999507,0.85,0.016737834412269944,80000.0,16000.0,15999.830017089844,0.7668429222604252,0.5459404707795744,1.2523874907755173,32.46445987963966,23.112507132557205,53.020093513018836,diff,simple,0.6,0.08983412170841489,30000.0,6000.0,1.0,1e-06,1.0,1.0,0.0,0.0,0.0,0.0,0.0,0.0,0.0,0,1.5,psi4,9,77.15346612948882,96.536064962595,718.5788746571542,1696.9664546180027,2126.4203706485073,15278.312693325228,1619.812988488514,2029.884305685912,14559.733818668074,2126.816483886962,319.1096112123357,119.10961121233571,5999.865829467773,0.19886326519058015,10369.987727229773,0.0,0.0,0.0
quant_noon2,200.0,80.0,0.2,0.7,rayleigh,1.0,0.028130814138268814,0.2138907659724164,532.0,810.0,809.0,0.405,0.85,0.016737834412269944,80000.0,16000.0,15999.830017089844,0.20762594361158715,0.19901292360388262,0.2661619266165407,6.691550786080403,6.413962832472351,8.578099722486664,noon2,simple,0.6,0.08983412170841489,30000.0,6000.0,1.0,1e-06,1.0,1.0,0.0,0.0,0.0,0.0,0.0,0.0,0.0,0,1.5,psi4,9,77.15346612948882,96.536064962595,718.5788746571542,63.8093031156611,79.56097588815534,583.1286070063215,-13.34416301382772,-16.975089074439673,-135.45026765083273,51.11281068744221,-9.731244635585124,-209.73124463558514,5999.870346069336,nan,nan,0.0,0.0,0.0
hybrid_noon2,200.0,80.0,0.2,0.7,rayleigh,1.0,0.028130814138268814,0.2138907659724164,532.0,810.0,809.0,0.405,0.85,0.016737834412269944,80000.0,16000.0,15999.830017089844,0.7668429222604252,0.5459404707795744,1.2523874907755173,32.46445987963966,23.112507132557205,53.020093513018836,noon2,simple,0.6,0.08983412170841489,30000.0,6000.0,1.0,1e-06,1.0,1.0,0.0,0.0,0.0,0.0,0.0,0.0,0.0,0,1.5,psi4,9,77.15346612948882,96.536064962595,718.5788746571542,70.2082060042079,87.32476403199342,651.2521928326785,-6.945260125280928,-9.211300930601581,-67.3266818244757,75.3744252758437,-68.06745458647637,-268.0674545864764,5999.870346069336,0.19901292360388262,6.413962832472351,0.0,0.0,0.0
classical,300.0,80.0,0.2,0.7,rayleigh,1.0,0.028130814138268814,0.2138907659724164,532.0,810.0,809.0,655.2899999999507,0.85,0.016737834412269944,80000.0,16000.0,15999.261154174805,0.7848134753431021,0.5490007163153512,1.3108508991960408,33.22524710559175,23.242063284846154,55.49515447009253,-,simple,0.6,0.08983412170841489,30000.0,6000.0,1.0,1e-06,1.0,1.0,0.0,0.0,0.0,0.0,0.0,0.0,0.0,0,1.5,psi4,0,86.25504218177429,106.02723942597525,600.110177585236,204.33732548068798,273.5393722758033,2184.554607541497,118.08228329891368,167.51213284982805,1584.4444299562608,282.5794314776156,-26.387127490858525,-326.3871274908586,,,,,,
quant_diff,300.0,80.0,0.2,0.7,rayleigh,1.0,0.028130814138268814,0.2138907659724164,532.0,810.0,809.0,655.2899999999507,0.85,0.016737834412269944,80000.0,16000.0,15999.261154174805,0.20748699306024876,0.1983199141629677,0.265121550927527,10819.6834117783,10341.653969949268,13825.113585999836,diff,simple,0.6,0.08983412170841489,30000.0,6000.0,1.0,1e-06,1.0,1.0,0.0,0.0,0.0,0.0,0.0,0.0,0.0,0,1.5,psi4,0,86.25504218177429,106.02723942597525,600.110177585236,8487.050964088054,10751.447478003083,95105.55816806351,8400.79592190628,10645.420238577108,94505.44799047826,10750.484746319045,116.96836674027792,-183.03163325972213,5999.655258178711,nan,nan,0.0,0.0,0.0
hybrid_diff,300.0,80.0,0.2,0.7,rayleigh,1.0,0.028130814138268814,0.2138907659724164,532.0,810.0,809.0,655.2899999999507,0.85,0.016737834412269944,80000.0,16000.0,15999.261154174805,0.7848134753431021,0.5490007163153512,1.3108508991960408,33.22524710559175,23.242063284846154,55.49515447009253,diff,simple,0.6,0.08983412170841489,30000.0,6000.0,1.0,1e-06,1.0,1.0,0.0,0.0,0.0,0.0,0.0,0.0,0.0,0,1.5,psi4,0,86.25504218177429,106.02723942597525,600.110177585236,1643.6198272949769,2066.42541248173,17937.18626882504,1557.3647851132027,1960.3981730557546,17337.076091239804,2062.348124607442,257.234070936757,-42.765929063243036,5999.655258178711,0.1983199141629677,10341.653969949268,0.0,0.0,0.0
quant_noon2,300.0,80.0,0.2,0.7,rayleigh,1.0,0.028130814138268814,0.2138907659724164,532.0,810.0,809.0,0.405,0.85,0.016737834412269944,80000.0,16000.0,15999.261154174805,0.20718380645218415,0.1985002191682685,0.2652596014726518,6.677301202405575,6.3974389448045414,8.549018797334146,noon2,simple,0.6,0.08983412170841489,30000.0,6000.0,1.0,1e-06,1.0,1.0,0.0,0.0,0.0,0.0,0.0,0.0,0.0,0,1.5,psi4,0,86.25504218177429,106.02723942597525,600.110177585236,66.55307376992229,82.27938896921209,538.2071793479487,-19.701968411851986,-23.74785045676317,-61.90299823728724,51.06915780005266,92.40085099421059,-207.59914900578946,5999.614349365234,nan,nan,0.0,0.0,0.0
hybrid_noon2,300.0,80.0,0.2,0.7,rayleigh,1.0,0.028130814138268814,0.2138907659724164,532.0,810.0,809.0,0.405,0.85,0.016737834412269944,80000.0,16000.0,15999.261154174805,0.7848134753431021,0.5490007163153512,1.3108508991960408,33.22524710559175,23.242063284846154,55.49515447009253,noon2,simple,0.6,0.08983412170841489,30000.0,6000.0,1.0,1e-06,1.0,1.0,0.0,0.0,0.0,0.0,0.0,0.0,0.0,0,1.5,psi4,0,86.25504218177429,106.02723942597525,600.110177585236,70.07059655539395,87.32969254106364,620.6472798720876,-16.18444562638033,-18.69754688491162,20.537102286851592,76.15697954109618,36.72041516851734,-263.2795848314827,5999.614349365234,0.1985002191682685,6.3974389448045414,0.0,0.0,0.0
classical,300.0,80.0,0.2,0.7,rayleigh,1.0,0.028130814138268814,0.2138907659724164,532.0,810.0,809.0,655.2899999999507,0.85,0.016737834412269944,80000.0,16000.0,16000.673248291016,0.7843518620590644,0.5449429379051514,1.2940723078631164,33.205704608028654,23.070276363986153,54.78482920092403,-,simple,0.6,0.08983412170841489,30000.0,6000.0,1.0,1e-06,1.0,1.0,0.0,0.0,0.0,0.0,0.0,0.0,0.0,0,1.5,psi4,1,88.40799229779111,107.94020055366508,664.4207892575814,214.16587913825393,286.948677726176,2110.7176983598174,125.75788684046282,179.0084771725109,1446.2969091022362,289.87681744925084,89.16187413221738,-210.83812586778265,,,,,,
quant_diff,300.0,80.0,0.2,0.7,rayleigh,1.0,0.028130814138268814,0.2138907659724164,532.0,810.0,809.0,655.2899999999507,0.85,0.016737834412269944,80000.0,16000.0,16000.673248291016,0.2084063732649569,0.1989689810459136,0.2667426989847474,10867.625707356845,10375.500420191598,13909.65049351409,diff,simple,0.6,0.08983412170841489,30000.0,6000.0,1.0,1e-06,1.0,1.0,0.0,0.0,0.0,0.0,0.0,0.0,0.0,0,1.5,psi4,1,88.40799229779111,107.94020055366508,664.4207892575814,8547.994342888698,10789.331766511754,100089.72155123549,8459.586350590907,10681.391565958089,99425.30076197791,10788.261390206897,170.45259846783324,-129.54740153216682,6000.417526245117,nan,nan,0.0,0.0,0.0
hybrid_diff,300.0,80.0,0.2,0.7,rayleigh,1.0,0.028130814138268814,0.2138907659724164,532.0,810.0,809.0,655.2899999999507,0.85,0.016737834412269944,80000.0,16000.0,16000.673248291016,0.7843518620590644,0.5449429379051514,1.2940723078631164,33.205704608028654,23.070276363986153,54.78482920092403,diff,simple,0.6,0.08983412170841489,30000.0,6000.0,1.0,1e-06,1.0,1.0,0.0,0.0,0.0,0.0,0.0,0.0,0.0,0,1.5,psi4,1,88.40799229779111,107.94020055366508,664.4207892575814,1663.1014578630259,2099.4855892762057,17713.996790538495,1574.6934655652346,1991.5453887225406,17049.576001280915,2095.010188667001,446.2887690514751,146.28876905147504,6000.417526245117,0.1989689810459136,10375.500420191598,0.0,0.0,0.0
quant_noon2,300.0,80.0,0.2,0.7,rayleigh,1.0,0.028130814138268814,0.2138907659724164,532.0,810.0,809.0,0.405,0.85,0.016737834412269944,80000.0,16000.0,16000.673248291016,0.2084452038595605,0.19979836005556298,0.26699101013466436,6.717954623004493,6.439276566460672,8.604820152366107,noon2,simple,0.6,0.08983412170841489,30000.0,6000.0,1.0,1e-06,1.0,1.0,0.0,0.0,0.0,0.0,0.0,0.0,0.0,0,1.5,psi4,1,88.40799229779111,107.94020055366508,664.4207892575814,66.57677384802503,83.08243270854686,588.2637329165852,-21.83121844976608,-24.857767845118214,-76.15705634099618,51.093539878287196,101.18823609034614,-198.81176390965388,6000.415740966797,nan,nan,0.0,0.0,0.0
hybrid_noon2,300.0,80.0,0.2,0.7,rayleigh,1.0,0.028130814138268814,0.2138907659724164,532.0,810.0,809.0,0.405,0.85,0.016737834412269944,80000.0,16000.0,16000.673248291016,0.7843518620590644,0.5449429379051514,1.2940723078631164,33.205704608028654,23.070276363986153,54.78482920092403,noon2,simple,0.6,0.08983412170841489,30000.0,6000.0,1.0,1e-06,1.0,1.0,0.0,0.0,0.0,0.0,0.0,0.0,0.0,0,1.5,psi4,1,88.40799229779111,107.94020055366508,664.4207892575814,70.02060780666807,88.3294375954817,700.3413842222408,-18.38738449112305,-19.610762958183376,35.92059496465936,76.15021124055767,41.988254556569416,-258.01174544343064,6000.415740966797,0.19979836005556298,6.439276566460672,0.0,0.0,0.0
classical,300.0,80.0,0.2,0.7,rayleigh,1.0,0.028130814138268814,0.2138907659724164,532.0,810.0,809.0,655.2899999999507,0.85,0.016737834412269944,80000.0,16000.0,15999.967346191406,0.782086776928258,0.5550159091944633,1.3246299334144243,33.109811742334244,23.496717767822403,56.078492844324764,-,simple,0.6,0.08983412170841489,30000.0,6000.0,1.0,1e-06,1.0,1.0,0.0,0.0,0.0,0.0,0.0,0.0,0.0,0,1.5,psi4,2,89.71249987617506,112.608236328528,684.958088752084,202.2448862684983,261.8815149565478,1903.7506356724846,112.53238639232325,149.27327862801982,1218.7925469204006,258.246024412553,433.5835018491945,133.58350184919442,,,,,,
quant_diff,300.0,80.0,0.2,0.7,rayleigh,1.0,0.028130814138268814,0.2138907659724164,532.0,810.0,809.0,655.2899999999507,0.85,0.016737834412269944,80000.0,16000.0,15999.967346191406,0.20836459891322928,0.1991685905627375,0.2677617707132369,10865.44732858833,10385.90932219629,13962.791335325548,diff,simple,0.6,0.08983412170841489,30000.0,6000.0,1.0,1e-06,1.0,1.0,0.0,0.0,0.0,0.0,0.0,0.0,0.0,0,1.5,psi4,2,89.71249987617506,112.608236328528,684.958088752084,8517.388511058984,10801.152718395057,94061.93168777422,8427.676011182808,10688.544482066529,93376.97359902214,10799.312373390321,671.4519556284768,371.45195562847675,5999.959823608398,nan,nan,0.0,0.0,0.0
hybrid_diff,300.0,80.0,0.2,0.7,rayleigh,1.0,0.028130814138268814,0.2138907659724164,532.0,810.0,809.0,655.2899999999507,0.85,0.016737834412269944,80000.0,16000.0,15999.967346191406,0.782086776928258,0.5550159091944633,1.3246299334144243,33.109811742334244,23.496717767822403,56.078492844324764,diff,simple,0.6,0.08983412170841489,30000.0,6000.0,1.0,1e-06,1.0,1.0,0.0,0.0,0.0,0.0,0.0,0.0,0.0,0,1.5,psi4,2,89.71249987617506,112.608236328528,684.958088752084,1606.4049624940005,2047.010242366181,16362.753369727487,1516.6924626178256,1934.402006037653,15677.795280975402,2038.7116431048878,573.7761849914675,273.7761849914675,5999.959823608398,0.1991685905627375,10385.90932219629,0.0,0.0,0.0
quant_noon2,300.0,80.0,0.2,0.7,rayleigh,1.0,0.028130814138268814,0.2138907659724164,532.0,810.0,809.0,0.405,0.85,0.016737834412269944,80000.0,16000.0,15999.967346191406,0.20809876794831128,0.19912701277544803,0.26639362417726514,6.706789382987171,6.417639798232949,8.58556707443522,noon2,simple,0.6,0.08983412170841489,30000.0,6000.0,1.0,1e-06,1.0,1.0,0.0,0.0,0.0,0.0,0.0,0.0,0.0,0,1.5,psi4,2,89.71249987617506,112.608236328528,684.958088752084,67.65478359056738,84.95267153735871,572.3825649671063,-22.05771628560769,-27.655564791169283,-112.57552378497765,51.06497434466111,105.14473359562304,-194.85526640437698,5999.993072509766,nan,nan,0.0,0.0,0.0
hybrid_noon2,300.0,80.0,0.2,0.7,rayleigh,1.0,0.028130814138268814,0.2138907659724164,532.0,810.0,809.0,0.405,0.85,0.016737834412269944,80000.0,16000.0,15999.967346191406,0.782086776928258,0.5550159091944633,1.3246299334144243,33.109811742334244,23.496717767822403,56.078492844324764,noon2,simple,0.6,0.08983412170841489,30000.0,6000.0,1.0,1e-06,1.0,1.0,0.0,0.0,0.0,0.0,0.0,0.0,0.0,0,1.5,psi4,2,89.71249987617506,112.608236328528,684.958088752084,71.32477585298257,89.12570188176292,667.0686041516425,-18.3877240231925,-23.48253444676507,-17.889484600441477,76.07328540494287,50.412800166221636,-249.5871998337784,5999.993072509766,0.19912701277544803,6.417639798232949,0.0,0.0,0.0
classical,300.0,80.0,0.2,0.7,rayleigh,1.0,0.028130814138268814,0.2138907659724164,532.0,810.0,809.0,655.2899999999507,0.85,0.016737834412269944,80000.0,16000.0,15999.553924560547,0.7735714292302017,0.5509477178488126,1.2786490365073595,32.74931266790861,23.324490013102746,54.13188169419628,-,simple,0.6,0.08983412170841489,30000.0,6000.0,1.0,1e-06,1.0,1.0,0.0,0.0,0.0,0.0,0.0,0.0,0.0,0,1.5,psi4,3,91.42226755295385,111.9316646879014,651.6383672985103,249.11650839242353,312.81073680677827,2233.625000420007,157.69424083946967,200.87907211887685,1581.9866331214967,340.5116510497534,-135.92007051961585,-435.9200705196159,,,,,,
quant_diff,300.0,80.0,0.2,0.7,rayleigh,1.0,0.028130814138268814,0.2138907659724164,532.0,810.0,809.0,655.2899999999507,0.85,0.016737834412269944,80000.0,16000.0,15999.553924560547,0.20758775680538108,0.1989583194422877,0.2656332117955177,10824.937870410315,10374.944456783036,13851.794818033728,diff,simple,0.6,0.08983412170841489,30000.0,6000.0,1.0,1e-06,1.0,1.0,0.0,0.0,0.0,0.0,0.0,0.0,0.0,0,1.5,psi4,3,91.42226755295385,111.9316646879014,651.6383672985103,8605.611904938634,10875.924628138759,95118.70244488258,8514.189637385682,10763.992963450857,94467.06407758407,10875.73529751588,369.68661693515156,69.68661693515152,5999.727890014648,nan,nan,0.0,0.0,0.0
hybrid_diff,300.0,80.0,0.2,0.7,rayleigh,1.0,0.028130814138268814,0.2138907659724164,532.0,810.0,809.0,655.2899999999507,0.85,0.016737834412269944,80000.0,16000.0,15999.553924560547,0.7735714292302017,0.5509477178488126,1.2786490365073595,32.74931266790861,23.324490013102746,54.13188169419628,diff,simple,0.6,0.08983412170841489,30000.0,6000.0,1.0,1e-06,1.0,1.0,0.0,0.0,0.0,0.0,0.0,0.0,0.0,0,1.5,psi4,3,91.42226755295385,111.9316646879014,651.6383672985103,1645.104878966,2068.370879413707,17160.69890739209,1553.682611413046,1956.4392147258054,16509.06054009358,2068.655680362561,178.36081955931647,-121.63918044068357,5999.727890014648,0.1989583194422877,10374.944456783036,0.0,0.0,0.0
quant_noon2,300.0,80.0,0.2,0.7,rayleigh,1.0,0.028130814138268814,0.2138907659724164,532.0,810.0,809.0,0.405,0.85,0.016737834412269944,80000.0,16000.0,15999.553924560547,0.2075623171667041,0.1988560972732079,0.26625325282000717,6.689500177279467,6.4089084961112475,8.581043063371554,noon2,simple,0.6,0.08983412170841489,30000.0,6000.0,1.0,1e-06,1.0,1.0,0.0,0.0,0.0,0.0,0.0,0.0,0.0,0,1.5,psi4,3,91.42226755295385,111.9316646879014,651.6383672985103,69.02740168625024,84.86781999199509,507.26372746117875,-22.394865866703604,-27.063844695906322,-144.37463983733153,51.10198080796664,99.72427312394608,-200.27572687605397,5999.73616027832,nan,nan,0.0,0.0,0.0
hybrid_noon2,300.0,80.0,0.2,0.7,rayleigh,1.0,0.028130814138268814,0.2138907659724164,532.0,810.0,809.0,0.405,0.85,0.016737834412269944,80000.0,16000.0,15999.553924560547,0.7735714292302017,0.5509477178488126,1.2786490365073595,32.74931266790861,23.324490013102746,54.13188169419628,noon2,simple,0.6,0.08983412170841489,30000.0,6000.0,1.0,1e-06,1.0,1.0,0.0,0.0,0.0,0.0,0.0,0.0,0.0,0,1.5,psi4,3,91.42226755295385,111.9316646879014,651.6383672985103,89.64434965970877,111.33891864537509,669.3797934312596,-1.7779178932450874,-0.5927460425263239,17.741426132749318,94.65878881955922,133.26663182385187,-166.7333681761482,5999.73616027832,0.1988560972732079,6.4089084961112475,0.0,0.0,0.0
classical,300.0,80.0,0.2,0.7,rayleigh,1.0,0.028130814138268814,0.2138907659724164,532.0,810.0,809.0,655.2899999999507,0.85,0.016737834412269944,80000.0,16000.0,16000.589981079102,0.7731870333219228,0.5481242922002909,1.2682413256368905,32.73303918453938,23.204959681624445,53.691269018268784,-,simple,0.6,0.08983412170841489,30000.0,6000.0,1.0,1e-06,1.0,1.0,0.0,0.0,0.0,0.0,0.0,0.0,0.0,0,1.5,psi4,4,84.67183227858101,107.92432933394005,700.0195537339044,208.64335659777493,284.47430341184184,1978.0313644983992,123.97152431919392,176.54997407790182,1278.0118107644946,266.3887975331443,19.49776859425911,-280.50223140574093,,,,,,
quant_diff,300.0,80.0,0.2,0.7,rayleigh,1.0,0.028130814138268814,0.2138907659724164,532.0,810.0,809.0,655.2899999999507,0.85,0.016737834412269944,80000.0,16000.0,16000.589981079102,0.20783834014282954,0.19928821832932808,0.2664319058099584,10838.004869644681,10392.147470152835,13893.443772754577,diff,simple,0.6,0.08983412170841489,30000.0,6000.0,1.0,1e-06,1.0,1.0,0.0,0.0,0.0,0.0,0.0,0.0,0.0,0,1.5,psi4,4,84.67183227858101,107.92432933394005,700.0195537339044,8539.648558833418,10795.780422708327,92876.48561402722,8454.976726554836,10687.856093374387,92176.46606029331,10794.30894317429,515.343313844682,215.34331384468203,6000.396408081055,nan,nan,0.0,0.0,0.0
hybrid_diff,300.0,80.0,0.2,0.7,rayleigh,1.0,0.028130814138268814,0.2138907659724164,532.0,810.0,809.0,655.2899999999507,0.85,0.016737834412269944,80000.0,16000.0,16000.589981079102,0.7731870333219228,0.5481242922002909,1.2682413256368905,32.73303918453938,23.204959681624445,53.691269018268784,diff,simple,0.6,0.08983412170841489,30000.0,6000.0,1.0,1e-06,1.0,1.0,0.0,0.0,0.0,0.0,0.0,0.0,0.0,0,1.5,psi4,4,84.67183227858101,107.92432933394005,700.0195537339044,1672.0282908216213,2120.9800396781598,18308.848935249895,1587.3564585430404,2013.0557103442197,17608.829381515992,2114.1255167360155,570.9075545542245,270.9075545542244,6000.396408081055,0.19928821832932808,10392.147470152835,0.0,0.0,0.0
quant_noon2,300.0,80.0,0.2,0.7,rayleigh,1.0,0.028130814138268814,0.2138907659724164,532.0,810.0,809.0,0.405,0.85,0.016737834412269944,80000.0,16000.0,16000.589981079102,0.2073786877433478,0.1988379130815535,0.26527124823153003,6.683582007368552,6.408322440053691,8.549394159281556,noon2,simple,0.6,0.08983412170841489,30000.0,6000.0,1.0,1e-06,1.0,1.0,0.0,0.0,0.0,0.0,0.0,0.0,0.0,0,1.5,psi4,4,84.67183227858101,107.92432933394005,700.0195537339044,68.63386709312302,85.00077430975072,530.6644673253994,-16.03796518545799,-22.92355502418933,-169.3550864085051,101.45976683134397,-123.08484413911268,-423.0848441391127,6000.36213684082,nan,nan,0.0,0.0,0.0
hybrid_noon2,300.0,80.0,0.2,0.7,rayleigh,1.0,0.028130814138268814,0.2138907659724164,532.0,810.0,809.0,0.405,0.85,0.016737834412269944,80000.0,16000.0,16000.589981079102,0.7731870333219228,0.5481242922002909,1.2682413256368905,32.73303918453938,23.204959681624445,53.691269018268784,noon2,simple,0.6,0.08983412170841489,30000.0,6000.0,1.0,1e-06,1.0,1.0,0.0,0.0,0.0,0.0,0.0,0.0,0.0,0,1.5,psi4,4,84.67183227858101,107.92432933394005,700.0195537339044,71.24493082073718,89.45111905959972,718.3011858489714,-13.426901457843824,-18.473210274340328,18.28163211506696,85.51738579675207,4.103845613344142,-295.8961543866559,6000.36213684082,0.1988379130815535,6.408322440053691,0.0,0.0,0.0
classical,300.0,80.0,0.2,0.7,rayleigh,1.0,0.028130814138268814,0.2138907659724164,532.0,810.0,809.0,655.2899999999507,0.85,0.016737834412269944,80000.0,16000.0,16000.050735473633,0.7691438477446513,0.54926078166317,1.2711685336950747,32.561870054396856,23.253073207224332,53.81519300035909,-,simple,0.6,0.08983412170841489,30000.0,6000.0,1.0,1e-06,1.0,1.0,0.0,0.0,0.0,0.0,0.0,0.0,0.0,0,1.5,psi4,5,86.17963085561422,107.51664496288667,651.9449255302065,184.32480958970194,252.13573434266507,2011.3285454599154,98.14517873408771,144.61908937977842,1359.3836199297089,249.793768659998,-1.868802118203426,-301.86880211820346,,,,,,
quant_diff,300.0,80.0,0.2,0.7,rayleigh,1.0,0.028130814138268814,0.2138907659724164,532.0,810.0,809.0,655.2899999999507,0.85,0.016737834412269944,80000.0,16000.0,16000.050735473633,0.20826558118158212,0.19890996148287485,0.26728332738026345,10860.283918136554,10372.422767092663,13937.84227554643,diff,simple,0.6,0.08983412170841489,30000.0,6000.0,1.0,1e-06,1.0,1.0,0.0,0.0,0.0,0.0,0.0,0.0,0.0,0,1.5,psi4,5,86.17963085561422,107.51664496288667,651.9449255302065,8520.77225596939,10754.880539374712,105772.1073171864,8434.592625113777,10647.363894411827,105120.16239165621,10752.814531448048,273.56644964545956,-26.433550354540483,5999.988998413086,nan,nan,0.0,0.0,0.0
hybrid_diff,300.0,80.0,0.2,0.7,rayleigh,1.0,0.028130814138268814,0.2138907659724164,532.0,810.0,809.0,655.2899999999507,0.85,0.016737834412269944,80000.0,16000.0,16000.050735473633,0.7691438477446513,0.54926078166317,1.2711685336950747,32.561870054396856,23.253073207224332,53.81519300035909,diff,simple,0.6,0.08983412170841489,30000.0,6000.0,1.0,1e-06,1.0,1.0,0.0,0.0,0.0,0.0,0.0,0.0,0.0,0,1.5,psi4,5,86.17963085561422,107.51664496288667,651.9449255302065,1661.75918322032,2089.5665992434238,17378.077117522193,1575.579552364706,1982.049954280537,16726.132191991983,2080.204059769028,470.4676590711177,170.46765907111762,5999.988998413086,0.19890996148287485,10372.422767092663,0.0,0.0,0.0
quant_noon2,300.0,80.0,0.2,0.7,rayleigh,1.0,0.028130814138268814,0.2138907659724164,532.0,810.0,809.0,0.405,0.85,0.016737834412269944,80000.0,16000.0,16000.050735473633,0.207399241572496,0.1993800984126253,0.2651233388689434,6.684244434179005,6.42579646384487,8.544627206779046,noon2,simple,0.6,0.08983412170841489,30000.0,6000.0,1.0,1e-06,1.0,1.0,0.0,0.0,0.0,0.0,0.0,0.0,0.0,0,1.5,psi4,5,86.17963085561422,107.51664496288667,651.9449255302065,65.88292518199249,82.15321807622034,553.6225704418109,-20.296705673621734,-25.363426886666332,-98.32235508839568,51.102237301303425,81.57834775236827,-218.42165224763176,5999.98974609375,nan,nan,0.0,0.0,0.0
hybrid_noon2,300.0,80.0,0.2,0.7,rayleigh,1.0,0.028130814138268814,0.2138907659724164,532.0,810.0,809.0,0.405,0.85,0.016737834412269944,80000.0,16000.0,16000.050735473633,0.7691438477446513,0.54926078166317,1.2711685336950747,32.561870054396856,23.253073207224332,53.81519300035909,noon2,simple,0.6,0.08983412170841489,30000.0,6000.0,1.0,1e-06,1.0,1.0,0.0,0.0,0.0,0.0,0.0,0.0,0.0,0,1.5,psi4,5,86.17963085561422,107.51664496288667,651.9449255302065,69.99041839724647,87.33862227762464,657.5931918413017,-16.189212458367752,-20.17802268526204,5.648266311095148,75.12887541877615,27.707770855516078,-272.29222914448394,5999.98974609375,0.1993800984126253,6.42579646384487,0.0,0.0,0.0
classical,300.0,80.0,0.2,0.7,rayleigh,1.0,0.028130814138268814,0.2138907659724164,532.0,810.0,809.0,655.2899999999507,0.85,0.016737834412269944,80000.0,16000.0,15999.594375610352,0.7713321226454606,0.5463431088164099,1.2740293586725067,32.65451114250071,23.12955290035843,53.93630664046251,-,simple,0.6,0.08983412170841489,30000.0,6000.0,1.0,1e-06,1.0,1.0,0.0,0.0,0.0,0.0,0.0,0.0,0.0,0,1.5,psi4,6,87.97540893686707,109.57698217282972,684.2767673126426,233.02041013781295,297.53024946557883,2108.4960839170626,145.04500120094588,187.95326729274913,1424.21931660442,289.6561915404962,453.1422588645722,153.1422588645722,,,,,,
quant_diff,300.0,80.0,0.2,0.7,rayleigh,1.0,0.028130814138268814,0.2138907659724164,532.0,810.0,809.0,655.2899999999507,0.85,0.016737834412269944,80000.0,16000.0,15999.594375610352,0.20814291750226827,0.19919307030387312,0.26710841035421007,10853.887458499616,10387.185850643607,13928.720996099883,diff,simple,0.6,0.08983412170841489,30000.0,6000.0,1.0,1e-06,1.0,1.0,0.0,0.0,0.0,0.0,0.0,0.0,0.0,0,1.5,psi4,6,87.97540893686707,109.57698217282972,684.2767673126426,8540.55186030632,10796.899140595946,90032.6985817596,8452.576451369454,10687.322158423116,89348.42181444696,10795.288197213904,444.84555275363294,144.8455527536329,5999.761962890625,nan,nan,0.0,0.0,0.0
hybrid_diff,300.0,80.0,0.2,0.7,rayleigh,1.0,0.028130814138268814,0.2138907659724164,532.0,810.0,809.0,655.2899999999507,0.85,0.016737834412269944,80000.0,16000.0,15999.594375610352,0.7713321226454606,0.5463431088164099,1.2740293586725067,32.65451114250071,23.12955290035843,53.93630664046251,diff,simple,0.6,0.08983412170841489,30000.0,6000.0,1.0,1e-06,1.0,1.0,0.0,0.0,0.0,0.0,0.0,0.0,0.0,0,1.5,psi4,6,87.97540893686707,109.57698217282972,684.2767673126426,1650.1756866899664,2087.9186018137902,16709.899614267546,1562.2002777530993,1978.3416196409605,16025.622846954902,2079.9450988143767,424.8801615740513,124.88016157405121,5999.761962890625,0.19919307030387312,10387.185850643607,0.0,0.0,0.0
quant_noon2,300.0,80.0,0.2,0.7,rayleigh,1.0,0.028130814138268814,0.2138907659724164,532.0,810.0,809.0,0.405,0.85,0.016737834412269944,80000.0,16000.0,15999.594375610352,0.20768793323591686,0.1986842631068473,0.26484256083360364,6.693548641994731,6.403370474075153,8.535578046301266,noon2,simple,0.6,0.08983412170841489,30000.0,6000.0,1.0,1e-06,1.0,1.0,0.0,0.0,0.0,0.0,0.0,0.0,0.0,0,1.5,psi4,6,87.97540893686707,109.57698217282972,684.2767673126426,67.85626961888653,84.21250870682141,541.7820349400365,-20.119139317980533,-25.364473466008302,-142.49473237260617,101.51215162830873,-109.20323489054245,-409.2032348905425,5999.79573059082,nan,nan,0.0,0.0,0.0
hybrid_noon2,300.0,80.0,0.2,0.7,rayleigh,1.0,0.028130814138268814,0.2138907659724164,532.0,810.0,809.0,0.405,0.85,0.016737834412269944,80000.0,16000.0,15999.594375610352,0.7713321226454606,0.5463431088164099,1.2740293586725067,32.65451114250071,23.12955290035843,53.93630664046251,noon2,simple,0.6,0.08983412170841489,30000.0,6000.0,1.0,1e-06,1.0,1.0,0.0,0.0,0.0,0.0,0.0,0.0,0.0,0,1.5,psi4,6,87.97540893686707,109.57698217282972,684.2767673126426,89.39632464820626,108.98255462719463,687.8715707024411,1.4209157113391881,-0.594427545635092,3.5948033897983684,130.11564912377014,-129.17643393134065,-429.1764339313407,5999.79573059082,0.1986842631068473,6.403370474075153,0.0,0.0,0.0
classical,300.0,80.0,0.2,0.7,rayleigh,1.0,0.028130814138268814,0.2138907659724164,532.0,810.0,809.0,655.2899999999507,0.85,0.016737834412269944,80000.0,16000.0,16000.233505249023,0.777644557772214,0.547068515734128,1.2910108492814716,32.921749439897056,23.16026315808272,54.655221694077625,-,simple,0.6,0.08983412170841489,30000.0,6000.0,1.0,1e-06,1.0,1.0,0.0,0.0,0.0,0.0,0.0,0.0,0.0,0,1.5,psi4,7,87.5823043159869,107.99729878261834,710.8469985473521,210.42931327644197,290.09788183157247,2557.312806821168,122.84700896045507,182.1005830489541,1846.465808273816,288.1981969694664,274.8908049460989,-25.109195053901136,,,,,,
quant_diff,300.0,80.0,0.2,0.7,rayleigh,1.0,0.028130814138268814,0.2138907659724164,532.0,810.0,809.0,655.2899999999507,0.85,0.016737834412269944,80000.0,16000.0,16000.233505249023,0.20726012911620278,0.1988104389432527,0.2646363604402577,10807.853291654035,10367.233032762013,13799.812686944753,diff,simple,0.6,0.08983412170841489,30000.0,6000.0,1.0,1e-06,1.0,1.0,0.0,0.0,0.0,0.0,0.0,0.0,0.0,0,1.5,psi4,7,87.5823043159869,107.99729878261834,710.8469985473521,8577.14971579268,10838.349843271235,100951.41309535748,8489.567411476693,10730.352544488616,100240.56609681014,10837.547804563408,156.58267351030625,-143.4173264896938,6000.19743347168,nan,nan,0.0,0.0,0.0
hybrid_diff,300.0,80.0,0.2,0.7,rayleigh,1.0,0.028130814138268814,0.2138907659724164,532.0,810.0,809.0,655.2899999999507,0.85,0.016737834412269944,80000.0,16000.0,16000.233505249023,0.777644557772214,0.547068515734128,1.2910108492814716,32.921749439897056,23.16026315808272,54.655221694077625,diff,simple,0.6,0.08983412170841489,30000.0,6000.0,1.0,1e-06,1.0,1.0,0.0,0.0,0.0,0.0,0.0,0.0,0.0,0,1.5,psi4,7,87.5823043159869,107.99729878261834,710.8469985473521,1652.904239332643,2090.900764792773,18594.872575805024,1565.3219350166562,1982.9034660101545,17884.025577257675,2086.8941318079355,244.72371875250678,-55.276281247493245,6000.19743347168,0.1988104389432527,10367.233032762013,0.0,0.0,0.0
quant_noon2,300.0,80.0,0.2,0.7,rayleigh,1.0,0.028130814138268814,0.2138907659724164,532.0,810.0,809.0,0.405,0.85,0.016737834412269944,80000.0,16000.0,16000.233505249023,0.20841096112676288,0.20010983523573062,0.26722520604832495,6.716851018216074,6.449315061411931,8.612368023421588,noon2,simple,0.6,0.08983412170841489,30000.0,6000.0,1.0,1e-06,1.0,1.0,0.0,0.0,0.0,0.0,0.0,0.0,0.0,0,1.5,psi4,7,87.5823043159869,107.99729878261834,710.8469985473521,67.12171512799445,82.90900658670398,521.0820431604703,-20.460589187992458,-25.088292195914374,-189.76495538688178,51.1367745676711,90.38349971641239,-209.61650028358764,6000.133071899414,nan,nan,0.0,0.0,0.0
hybrid_noon2,300.0,80.0,0.2,0.7,rayleigh,1.0,0.028130814138268814,0.2138907659724164,532.0,810.0,809.0,0.405,0.85,0.016737834412269944,80000.0,16000.0,16000.233505249023,0.777644557772214,0.547068515734128,1.2910108492814716,32.921749439897056,23.16026315808272,54.655221694077625,noon2,simple,0.6,0.08983412170841489,30000.0,6000.0,1.0,1e-06,1.0,1.0,0.0,0.0,0.0,0.0,0.0,0.0,0.0,0,1.5,psi4,7,87.5823043159869,107.99729878261834,710.8469985473521,70.40722399538531,87.78352009028536,648.0200928561375,-17.17508032060159,-20.21377869233298,-62.826905691214606,76.21687465545244,31.727290374383895,-268.27270962561613,6000.133071899414,0.20010983523573062,6.449315061411931,0.0,0.0,0.0
classical,300.0,80.0,0.2,0.7,rayleigh,1.0,0.028130814138268814,0.2138907659724164,532.0,810.0,809.0,655.2899999999507,0.85,0.016737834412269944,80000.0,16000.0,15999.625701904297,0.750414016678427,0.5452134315372325,1.2636309337578258,31.768938631870967,23.081727770019228,53.49608708746851,-,simple,0.6,0.08983412170841489,30000.0,6000.0,1.0,1e-06,1.0,1.0,0.0,0.0,0.0,0.0,0.0,0.0,0.0,0,1.5,psi4,8,91.5745069104876,114.72620359677546,722.1935147096324,186.1721870417002,256.448355049707,2039.7383462962525,94.5976801312126,141.72215145293157,1317.5448315866201,265.46817353603876,14.99041042794931,-285.00958957205074,,,,,,
quant_diff,300.0,80.0,0.2,0.7,rayleigh,1.0,0.028130814138268814,0.2138907659724164,532.0,810.0,809.0,655.2899999999507,0.85,0.016737834412269944,80000.0,16000.0,15999.625701904297,0.20798551516077468,0.1991369394105795,0.2672907459100564,10845.6795054221,10384.258831045416,13938.229124584808,diff,simple,0.6,0.08983412170841489,30000.0,6000.0,1.0,1e-06,1.0,1.0,0.0,0.0,0.0,0.0,0.0,0.0,0.0,0,1.5,psi4,8,91.5745069104876,114.72620359677546,722.1935147096324,8532.032096385692,10786.223020179737,91340.337048184,8440.457589475203,10671.496816582963,90618.14353347434,10784.731616401968,567.8765299159118,267.8765299159117,5999.742294311523,nan,nan,0.0,0.0,0.0
hybrid_diff,300.0,80.0,0.2,0.7,rayleigh,1.0,0.028130814138268814,0.2138907659724164,532.0,810.0,809.0,655.2899999999507,0.85,0.016737834412269944,80000.0,16000.0,15999.625701904297,0.750414016678427,0.5452134315372325,1.2636309337578258,31.768938631870967,23.081727770019228,53.49608708746851,diff,simple,0.6,0.08983412170841489,30000.0,6000.0,1.0,1e-06,1.0,1.0,0.0,0.0,0.0,0.0,0.0,0.0,0.0,0,1.5,psi4,8,91.5745069104876,114.72620359677546,722.1935147096324,1639.9408644308357,2059.275559591985,15907.835197357274,1548.3663575203482,1944.5493559952092,15185.641682647642,2052.0478726992,470.6417122181888,170.64171221818876,5999.742294311523,0.1991369394105795,10384.258831045416,0.0,0.0,0.0
quant_noon2,300.0,80.0,0.2,0.7,rayleigh,1.0,0.028130814138268814,0.2138907659724164,532.0,810.0,809.0,0.405,0.85,0.016737834412269944,80000.0,16000.0,15999.625701904297,0.20828188762167657,0.199425030771,0.2661915431117545,6.712691124228847,6.427244583250241,8.579054228837757,noon2,simple,0.6,0.08983412170841489,30000.0,6000.0,1.0,1e-06,1.0,1.0,0.0,0.0,0.0,0.0,0.0,0.0,0.0,0,1.5,psi4,8,91.5745069104876,114.72620359677546,722.1935147096324,64.21216615529548,80.77666435618914,513.3802792923373,-27.362340755192122,-33.94953924058632,-208.8132354172951,101.48669947596937,-112.29722682164929,-412.2972268216493,5999.75553894043,nan,nan,0.0,0.0,0.0
hybrid_noon2,300.0,80.0,0.2,0.7,rayleigh,1.0,0.028130814138268814,0.2138907659724164,532.0,810.0,809.0,0.405,0.85,0.016737834412269944,80000.0,16000.0,15999.625701904297,0.750414016678427,0.5452134315372325,1.2636309337578258,31.768938631870967,23.081727770019228,53.49608708746851,noon2,simple,0.6,0.08983412170841489,30000.0,6000.0,1.0,1e-06,1.0,1.0,0.0,0.0,0.0,0.0,0.0,0.0,0.0,0,1.5,psi4,8,91.5745069104876,114.72620359677546,722.1935147096324,84.22077056698883,104.83292096495107,717.2097855568014,-7.353736343498776,-9.893282631824386,-4.983729152830906,131.31837234245216,-131.04898717726843,-431.04898717726843,5999.75553894043,0.199425030771,6.427244583250241,0.0,0.0,0.0
classical,300.0,80.0,0.2,0.7,rayleigh,1.0,0.028130814138268814,0.2138907659724164,532.0,810.0,809.0,655.2899999999507,0.85,0.016737834412269944,80000.0,16000.0,15999.86164855957,0.7695174621945842,0.5503146849861096,1.2774879783735724,32.57768710241048,23.29769043084523,54.082728048634614,-,simple,0.6,0.08983412170841489,30000.0,6000.0,1.0,1e-06,1.0,1.0,0.0,0.0,0.0,0.0,0.0,0.0,0.0,0,1.5,psi4,9,90.63341705704975,112.72292475896323,803.3435697679399,213.62253145369706,292.5413691132425,2598.7938458803605,122.9891143966473,179.8184443542793,1795.4502761124204,313.1269016648205,-242.02768411759038,-542.0276841175904,,,,,,
quant_diff,300.0,80.0,0.2,0.7,rayleigh,1.0,0.028130814138268814,0.2138907659724164,532.0,810.0,809.0,655.2899999999507,0.85,0.016737834412269944,80000.0,16000.0,15999.86164855957,0.20829629785267406,0.1991420777912838,0.2676181935095149,10861.885679537481,10384.526778696734,13955.304312324693,diff,simple,0.6,0.08983412170841489,30000.0,6000.0,1.0,1e-06,1.0,1.0,0.0,0.0,0.0,0.0,0.0,0.0,0.0,0,1.5,psi4,9,90.63341705704975,112.72292475896323,803.3435697679399,8460.650398772645,10706.218837628134,91622.17527513515,8370.016981715593,10593.49591286917,90818.83170536719,10706.028893483171,304.81813756235,4.818137562349969,5999.886642456055,nan,nan,0.0,0.0,0.0
hybrid_diff,300.0,80.0,0.2,0.7,rayleigh,1.0,0.028130814138268814,0.2138907659724164,532.0,810.0,809.0,655.2899999999507,0.85,0.016737834412269944,80000.0,16000.0,15999.86164855957,0.7695174621945842,0.5503146849861096,1.2774879783735724,32.57768710241048,23.29769043084523,54.082728048634614,diff,simple,0.6,0.08983412170841489,30000.0,6000.0,1.0,1e-06,1.0,1.0,0.0,0.0,0.0,0.0,0.0,0.0,0.0,0,1.5,psi4,9,90.63341705704975,112.72292475896323,803.3435697679399,1619.3697265444691,2054.3957547196974,15078.011109585328,1528.7363094874192,1941.6728299607344,14274.667539817388,2052.249066351998,253.612459770284,-46.38754022971603,5999.886642456055,0.1991420777912838,10384.526778696734,0.0,0.0,0.0
quant_noon2,300.0,80.0,0.2,0.7,rayleigh,1.0,0.028130814138268814,0.2138907659724164,532.0,810.0,809.0,0.405,0.85,0.016737834412269944,80000.0,16000.0,15999.86164855957,0.2076421750512399,0.19897084455110647,0.2652383389124255,6.692073907135887,6.412606671899236,8.548333528917677,noon2,simple,0.6,0.08983412170841489,30000.0,6000.0,1.0,1e-06,1.0,1.0,0.0,0.0,0.0,0.0,0.0,0.0,0.0,0,1.5,psi4,9,90.63341705704975,112.72292475896323,803.3435697679399,66.16027310064192,82.16690303714917,595.8886684513288,-24.473143956407835,-30.55602172181405,-207.45490131661109,101.49437730758733,-112.67820051635464,-412.67820051635465,5999.913070678711,nan,nan,0.0,0.0,0.0
hybrid_noon2,300.0,80.0,0.2,0.7,rayleigh,1.0,0.028130814138268814,0.2138907659724164,532.0,810.0,809.0,0.405,0.85,0.016737834412269944,80000.0,16000.0,15999.86164855957,0.7695174621945842,0.5503146849861096,1.2774879783735724,32.57768710241048,23.29769043084523,54.082728048634614,noon2,simple,0.6,0.08983412170841489,30000.0,6000.0,1.0,1e-06,1.0,1.0,0.0,0.0,0.0,0.0,0.0,0.0,0.0,0,1.5,psi4,9,90.63341705704975,112.72292475896323,803.3435697679399,88.16456872293652,106.79084257263152,620.8566555910442,-2.4688483341132295,-5.932082186331707,-182.48691417689577,131.50446619516967,-135.09227960838007,-435.0922796083801,5999.913070678711,0.19897084455110647,6.412606671899236,0.0,0.0,0.0
classical,400.0,80.0,0.2,0.7,rayleigh,1.0,0.028130814138268814,0.2138907659724164,532.0,810.0,809.0,655.2899999999507,0.85,0.016737834412269944,80000.0,16000.0,15999.279296875,0.7677060746246065,0.5467746247047036,1.2529625623891318,32.50100162043631,23.1478212182059,53.0444392933425,-,simple,0.6,0.08983412170841489,30000.0,6000.0,1.0,1e-06,1.0,1.0,0.0,0.0,0.0,0.0,0.0,0.0,0.0,0,1.5,psi4,0,101.16989979395719,123.96209197959682,682.4082355530777,207.6660640504551,284.8584816651104,2497.134486524013,106.4961642564979,160.89638968551358,1814.726250970935,300.6745673688251,-214.23313214860963,-614.2331321486097,,,,,,
quant_diff,400.0,80.0,0.2,0.7,rayleigh,1.0,0.028130814138268814,0.2138907659724164,532.0,810.0,809.0,655.2899999999507,0.85,0.016737834412269944,80000.0,16000.0,15999.279296875,0.20726120598179212,0.19855330639645746,0.26493932769783346,10807.909446233085,10353.824516352597,13815.611314910568,diff,simple,0.6,0.08983412170841489,30000.0,6000.0,1.0,1e-06,1.0,1.0,0.0,0.0,0.0,0.0,0.0,0.0,0.0,0,1.5,psi4,0,101.16989979395719,123.96209197959682,682.4082355530777,8608.670679707804,10848.814863399095,105132.18164795985,8507.500779913848,10724.852771419497,104449.77341240678,10847.05244783085,175.652709608276,-224.34729039172402,5999.641418457031,nan,nan,0.0,0.0,0.0
hybrid_diff,400.0,80.0,0.2,0.7,rayleigh,1.0,0.028130814138268814,0.2138907659724164,532.0,810.0,809.0,655.2899999999507,0.85,0.016737834412269944,80000.0,16000.0,15999.279296875,0.7677060746246065,0.5467746247047036,1.2529625623891318,32.50100162043631,23.1478212182059,53.0444392933425,diff,simple,0.6,0.08983412170841489,30000.0,6000.0,1.0,1e-06,1.0,1.0,0.0,0.0,0.0,0.0,0.0,0.0,0.0,0,1.5,psi4,0,101.16989979395719,123.96209197959682,682.4082355530777,1647.785714341423,2072.750251767939,17417.94092046269,1546.6158145474658,1948.7881597883422,16735.532684909616,2065.00369706474,229.3346324574927,-170.66536754250734,5999.641418457031,0.19855330639645746,10353.824516352597,0.0,0.0,0.0
quant_noon2,400.0,80.0,0.2,0.7,rayleigh,1.0,0.028130814138268814,0.2138907659724164,532.0,810.0,809.0,0.405,0.85,0.016737834412269944,80000.0,16000.0,15999.279296875,0.20817698116408653,0.19914289550940403,0.26582244757832246,6.7093101070180845,6.418151680895779,8.567158694667441,noon2,simple,0.6,0.08983412170841489,30000.0,6000.0,1.0,1e-06,1.0,1.0,0.0,0.0,0.0,0.0,0.0,0.0,0.0,0,1.5,psi4,0,101.16989979395719,123.96209197959682,682.4082355530777,64.76050990661999,80.12391647761429,555.5679566555089,-36.40938988733721,-43.83817550198255,-126.84027889756884,101.41028169320494,-9.741732344118061,-409.7417323441181,5999.600509643555,nan,nan,0.0,0.0,0.0
hybrid_noon2,400.0,80.0,0.2,0.7,rayleigh,1.0,0.028130814138268814,0.2138907659724164,532.0,810.0,809.0,0.405,0.85,0.016737834412269944,80000.0,16000.0,15999.279296875,0.7677060746246065,0.5467746247047036,1.2529625623891318,32.50100162043631,23.1478212182059,53.0444392933425,noon2,simple,0.6,0.08983412170841489,30000.0,6000.0,1.0,1e-06,1.0,1.0,0.0,0.0,0.0,0.0,0.0,0.0,0.0,0,1.5,psi4,0,101.16989979395719,123.96209197959682,682.4082355530777,84.94720089980679,104.01312949267603,718.5054747984728,-16.2226988941504,-19.948962486920802,36.09723924539508,132.79843353172456,-30.48820342101153,-430.4882034210116,5999.600509643555,0.19914289550940403,6.418151680895779,0.0,0.0,0.0
classical,400.0,80.0,0.2,0.7,rayleigh,1.0,0.028130814138268814,0.2138907659724164,532.0,810.0,809.0,655.2899999999507,0.85,0.016737834412269944,80000.0,16000.0,15999.810333251953,0.7847775822787582,0.5491057580669014,1.2783541588878038,33.22372756500069,23.246510249967557,54.119397986814256,-,simple,0.6,0.08983412170841489,30000.0,6000.0,1.0,1e-06,1.0,1.0,0.0,0.0,0.0,0.0,0.0,0.0,0.0,0,1.5,psi4,1,103.943090108026,126.11350565466599,750.3574308983065,189.93678626795406,250.01518850659116,1923.6474805371022,85.99369615992806,123.90168285192517,1173.2900496387958,259.05425721295956,292.84387695422464,-107.15612304577539,,,,,,
quant_diff,400.0,80.0,0.2,0.7,rayleigh,1.0,0.028130814138268814,0.2138907659724164,532.0,810.0,809.0,655.2899999999507,0.85,0.016737834412269944,80000.0,16000.0,15999.810333251953,0.20835131055021783,0.19929960126642743,0.2673999666327047,10864.754389340795,10392.741048448488,13943.924583483848,diff,simple,0.6,0.08983412170841489,30000.0,6000.0,1.0,1e-06,1.0,1.0,0.0,0.0,0.0,0.0,0.0,0.0,0.0,0,1.5,psi4,1,103.943090108026,126.11350565466599,750.3574308983065,8571.638191434822,10841.463182728046,99480.16683675886,8467.695101326795,10715.34967707338,98729.80940586055,10840.029873952055,578.0419019379804,178.0419019379803,6000.422134399414,nan,nan,0.0,0.0,0.0
hybrid_diff,400.0,80.0,0.2,0.7,rayleigh,1.0,0.028130814138268814,0.2138907659724164,532.0,810.0,809.0,655.2899999999507,0.85,0.016737834412269944,80000.0,16000.0,15999.810333251953,0.7847775822787582,0.5491057580669014,1.2783541588878038,33.22372756500069,23.246510249967557,54.119397986814256,diff,simple,0.6,0.08983412170841489,30000.0,6000.0,1.0,1e-06,1.0,1.0,0.0,0.0,0.0,0.0,0.0,0.0,0.0,0,1.5,psi4,1,103.943090108026,126.11350565466599,750.3574308983065,1648.5604758303434,2087.4133440988103,17601.900624802965,1544.6173857223175,1961.2998384441446,16851.54319390466,2082.2229514161395,582.3974256025073,182.3974256025072,6000.422134399414,0.19929960126642743,10392.741048448488,0.0,0.0,0.0
quant_noon2,400.0,80.0,0.2,0.7,rayleigh,1.0,0.028130814138268814,0.2138907659724164,532.0,810.0,809.0,0.405,0.85,0.016737834412269944,80000.0,16000.0,15999.810333251953,0.20842464199318606,0.19894845980565945,0.2677113275887394,6.717291937163274,6.4118852367144665,8.628035174256919,noon2,simple,0.6,0.08983412170841489,30000.0,6000.0,1.0,1e-06,1.0,1.0,0.0,0.0,0.0,0.0,0.0,0.0,0.0,0,1.5,psi4,1,103.943090108026,126.11350565466599,750.3574308983065,63.771582010100104,80.3224096037703,570.301545062828,-40.1715080979259,-45.79109605089569,-180.0558858354784,101.43466772739649,-0.9444866243171263,-400.94448662431716,6000.453430175781,nan,nan,0.0,0.0,0.0
hybrid_noon2,400.0,80.0,0.2,0.7,rayleigh,1.0,0.028130814138268814,0.2138907659724164,532.0,810.0,809.0,0.405,0.85,0.016737834412269944,80000.0,16000.0,15999.810333251953,0.7847775822787582,0.5491057580669014,1.2783541588878038,33.22372756500069,23.246510249967557,54.119397986814256,noon2,simple,0.6,0.08983412170841489,30000.0,6000.0,1.0,1e-06,1.0,1.0,0.0,0.0,0.0,0.0,0.0,0.0,0.0,0,1.5,psi4,1,103.943090108026,126.11350565466599,750.3574308983065,83.38355439036434,103.19854725914234,698.5973551625001,-20.559535717661664,-22.914958395523648,-51.760075735806396,132.34584794428645,-31.84905050850983,-431.8490505085099,6000.453430175781,0.19894845980565945,6.4118852367144665,0.0,0.0,0.0
classical,400.0,80.0,0.2,0.7,rayleigh,1.0,0.028130814138268814,0.2138907659724164,532.0,810.0,809.0,655.2899999999507,0.85,0.016737834412269944,80000.0,16000.0,16000.770462036133,0.7679642746442399,0.5455451060900218,1.2997502902050642,32.51193257374497,23.095769283475974,55.02520780335555,-,simple,0.6,0.08983412170841489,30000.0,6000.0,1.0,1e-06,1.0,1.0,0.0,0.0,0.0,0.0,0.0,0.0,0.0,0,1.5,psi4,2,106.39342282856397,131.49250054747353,750.0176607605317,213.92586613684938,290.325262050681,2495.7020273055264,107.53244330828542,158.83276150320745,1745.6843665449946,324.20822469439577,59.87855633746945,-340.12144366253057,,,,,,
quant_diff,400.0,80.0,0.2,0.7,rayleigh,1.0,0.028130814138268814,0.2138907659724164,532.0,810.0,809.0,655.2899999999507,0.85,0.016737834412269944,80000.0,16000.0,16000.770462036133,0.2081395373530983,0.1992118413505654,0.26766725751377207,10853.711196154856,10388.164691676113,13957.862819656391,diff,simple,0.6,0.08983412170841489,30000.0,6000.0,1.0,1e-06,1.0,1.0,0.0,0.0,0.0,0.0,0.0,0.0,0.0,0,1.5,psi4,2,106.39342282856397,131.49250054747353,750.0176607605317,8536.164554069408,10771.758473151902,91868.93540201573,8429.771131240843,10640.26597260443,91118.9177412552,10772.250945730331,15.121740203002938,-384.8782597969971,5999.954299926758,nan,nan,0.0,0.0,0.0
hybrid_diff,400.0,80.0,0.2,0.7,rayleigh,1.0,0.028130814138268814,0.2138907659724164,532.0,810.0,809.0,655.2899999999507,0.85,0.016737834412269944,80000.0,16000.0,16000.770462036133,0.7679642746442399,0.5455451060900218,1.2997502902050642,32.51193257374497,23.095769283475974,55.02520780335555,diff,simple,0.6,0.08983412170841489,30000.0,6000.0,1.0,1e-06,1.0,1.0,0.0,0.0,0.0,0.0,0.0,0.0,0.0,0,1.5,psi4,2,106.39342282856397,131.49250054747353,750.0176607605317,1604.7132358425101,2017.5854967084888,17907.678389978868,1498.319813013946,1886.092996161015,17157.66072921834,2019.7749465906513,106.51229875016361,-293.48770124983645,5999.954299926758,0.1992118413505654,10388.164691676113,0.0,0.0,0.0
quant_noon2,400.0,80.0,0.2,0.7,rayleigh,1.0,0.028130814138268814,0.2138907659724164,532.0,810.0,809.0,0.405,0.85,0.016737834412269944,80000.0,16000.0,16000.770462036133,0.20847758328502103,0.19946847380149024,0.26852534324846256,6.718998175491839,6.428644703291939,8.654269983996745,noon2,simple,0.6,0.08983412170841489,30000.0,6000.0,1.0,1e-06,1.0,1.0,0.0,0.0,0.0,0.0,0.0,0.0,0.0,0,1.5,psi4,2,106.39342282856397,131.49250054747353,750.0176607605317,64.49754288076336,79.86156732739924,514.3906817543977,-41.895879947800594,-51.63093322007429,-235.62697900613395,101.5772525089336,2.261114802567739,-397.7388851974323,6000.003753662109,nan,nan,0.0,0.0,0.0
hybrid_noon2,400.0,80.0,0.2,0.7,rayleigh,1.0,0.028130814138268814,0.2138907659724164,532.0,810.0,809.0,0.405,0.85,0.016737834412269944,80000.0,16000.0,16000.770462036133,0.7679642746442399,0.5455451060900218,1.2997502902050642,32.51193257374497,23.095769283475974,55.02520780335555,noon2,simple,0.6,0.08983412170841489,30000.0,6000.0,1.0,1e-06,1.0,1.0,0.0,0.0,0.0,0.0,0.0,0.0,0.0,0,1.5,psi4,2,106.39342282856397,131.49250054747353,750.0176607605317,86.13175108849771,105.6391983640227,629.7334730779733,-20.261671740066262,-25.85330218345083,-120.28418768255848,132.08149848745134,-11.252239598014201,-411.2522395980142,6000.003753662109,0.19946847380149024,6.428644703291939,0.0,0.0,0.0
classical,400.0,80.0,0.2,0.7,rayleigh,1.0,0.028130814138268814,0.2138907659724164,532.0,810.0,809.0,655.2899999999507,0.85,0.016737834412269944,80000.0,16000.0,15999.556030273438,0.7870961773809215,0.5483213933115605,1.2883595576518672,33.32188578682978,23.213303999519667,54.542978693275316,-,simple,0.6,0.08983412170841489,30000.0,6000.0,1.0,1e-06,1.0,1.0,0.0,0.0,0.0,0.0,0.0,0.0,0.0,0,1.5,psi4,3,106.90206981448044,130.65732942273013,750.4664207685706,226.19038235549334,306.18979443389355,2657.2899211226486,119.28831254101291,175.5324650111634,1906.8235003540779,306.81748688267305,504.54438801171506,104.54438801171504,,,,,,
quant_diff,400.0,80.0,0.2,0.7,rayleigh,1.0,0.028130814138268814,0.2138907659724164,532.0,810.0,809.0,655.2899999999507,0.85,0.016737834412269944,80000.0,16000.0,15999.556030273438,0.2075336485531134,0.19906817695038606,0.2675569025741786,10822.116324100996,10380.673121700773,13952.10821551607,diff,simple,0.6,0.08983412170841489,30000.0,6000.0,1.0,1e-06,1.0,1.0,0.0,0.0,0.0,0.0,0.0,0.0,0.0,0,1.5,psi4,3,106.90206981448044,130.65732942273013,750.4664207685706,8519.35704214334,10785.496836698188,91465.76077595224,8412.454972328858,10654.839507275457,90715.29435518367,10784.065488532979,397.18873876591425,-2.811261234085792,5999.727478027344,nan,nan,0.0,0.0,0.0
hybrid_diff,400.0,80.0,0.2,0.7,rayleigh,1.0,0.028130814138268814,0.2138907659724164,532.0,810.0,809.0,655.2899999999507,0.85,0.016737834412269944,80000.0,16000.0,15999.556030273438,0.7870961773809215,0.5483213933115605,1.2883595576518672,33.32188578682978,23.213303999519667,54.542978693275316,diff,simple,0.6,0.08983412170841489,30000.0,6000.0,1.0,1e-06,1.0,1.0,0.0,0.0,0.0,0.0,0.0,0.0,0.0,0,1.5,psi4,3,106.90206981448044,130.65732942273013,750.4664207685706,1665.3410448134277,2096.549228006394,16581.377775260924,1558.4389749989473,1965.8918985836638,15830.911354492357,2090.9730381297722,282.8206982482808,-117.17930175171924,5999.727478027344,0.19906817695038606,10380.673121700773,0.0,0.0,0.0
quant_noon2,400.0,80.0,0.2,0.7,rayleigh,1.0,0.028130814138268814,0.2138907659724164,532.0,810.0,809.0,0.405,0.85,0.016737834412269944,80000.0,16000.0,15999.556030273438,0.20740480632084968,0.19895445299833409,0.26486793225843863,6.684423779763533,6.4120783905778795,8.536395738805608,noon2,simple,0.6,0.08983412170841489,30000.0,6000.0,1.0,1e-06,1.0,1.0,0.0,0.0,0.0,0.0,0.0,0.0,0.0,0,1.5,psi4,3,106.90206981448044,130.65732942273013,750.4664207685706,64.78629222294217,80.15238481150527,516.7783983071242,-42.115777591538276,-50.50494461122487,-233.68802246144634,101.45685627041415,-2.7377729443502314,-402.73777294435024,5999.736175537109,nan,nan,0.0,0.0,0.0
hybrid_noon2,400.0,80.0,0.2,0.7,rayleigh,1.0,0.028130814138268814,0.2138907659724164,532.0,810.0,809.0,0.405,0.85,0.016737834412269944,80000.0,16000.0,15999.556030273438,0.7870961773809215,0.5483213933115605,1.2883595576518672,33.32188578682978,23.213303999519667,54.542978693275316,noon2,simple,0.6,0.08983412170841489,30000.0,6000.0,1.0,1e-06,1.0,1.0,0.0,0.0,0.0,0.0,0.0,0.0,0.0,0,1.5,psi4,3,106.90206981448044,130.65732942273013,750.4664207685706,76.85621067826249,95.16237297211768,733.5206481825534,-30.045859136217953,-35.49495645061246,-16.94577258601722,87.10571301588372,115.68177430529383,-284.3182256947062,5999.736175537109,0.19895445299833409,6.4120783905778795,0.0,0.0,0.0
classical,400.0,80.0,0.2,0.7,rayleigh,1.0,0.028130814138268814,0.2138907659724164,532.0,810.0,809.0,655.2899999999507,0.85,0.016737834412269944,80000.0,16000.0,16000.61198425293,0.7727816304166263,0.5413894646402873,1.2791670537724846,32.71587636543779,22.91983930981018,54.15381206641781,-,simple,0.6,0.08983412170841489,30000.0,6000.0,1.0,1e-06,1.0,1.0,0.0,0.0,0.0,0.0,0.0,0.0,0.0,0,1.5,psi4,4,99.32948573817109,126.10464416306375,792.9878745542669,210.04805199612622,275.76783103027424,2249.1583202737634,110.71856625795512,149.66318686721047,1456.1704457194967,283.29412752127547,87.03966452265918,-312.9603354773409,,,,,,
quant_diff,400.0,80.0,0.2,0.7,rayleigh,1.0,0.028130814138268814,0.2138907659724164,532.0,810.0,809.0,655.2899999999507,0.85,0.016737834412269944,80000.0,16000.0,16000.61198425293,0.20773618277217318,0.19893392859810521,0.26626478742831994,10832.677738568274,10373.672563984801,13884.729163925616,diff,simple,0.6,0.08983412170841489,30000.0,6000.0,1.0,1e-06,1.0,1.0,0.0,0.0,0.0,0.0,0.0,0.0,0.0,0,1.5,psi4,4,99.32948573817109,126.10464416306375,792.9878745542669,8498.665031764665,10743.216863692063,93457.09703960676,8399.335546026494,10617.112219528999,92664.10916505249,10741.608720904058,715.5156373076774,315.5156373076773,6000.392837524414,nan,nan,0.0,0.0,0.0
hybrid_diff,400.0,80.0,0.2,0.7,rayleigh,1.0,0.028130814138268814,0.2138907659724164,532.0,810.0,809.0,655.2899999999507,0.85,0.016737834412269944,80000.0,16000.0,16000.61198425293,0.7727816304166263,0.5413894646402873,1.2791670537724846,32.71587636543779,22.91983930981018,54.15381206641781,diff,simple,0.6,0.08983412170841489,30000.0,6000.0,1.0,1e-06,1.0,1.0,0.0,0.0,0.0,0.0,0.0,0.0,0.0,0,1.5,psi4,4,99.32948573817109,126.10464416306375,792.9878745542669,1668.5802505736792,2110.3704446147685,18929.68667307102,1569.250764835508,1984.2658004517048,18136.698798516754,2103.1825642518834,733.5334767439725,333.5334767439724,6000.392837524414,0.19893392859810521,10373.672563984801,0.0,0.0,0.0
quant_noon2,400.0,80.0,0.2,0.7,rayleigh,1.0,0.028130814138268814,0.2138907659724164,532.0,810.0,809.0,0.405,0.85,0.016737834412269944,80000.0,16000.0,16000.61198425293,0.20753191684149885,0.19892987190793154,0.2660282988572569,6.6885204089687935,6.411286169663937,8.573793050005742,noon2,simple,0.6,0.08983412170841489,30000.0,6000.0,1.0,1e-06,1.0,1.0,0.0,0.0,0.0,0.0,0.0,0.0,0.0,0,1.5,psi4,4,99.32948573817109,126.10464416306375,792.9878745542669,65.03035558261797,80.34138664704894,508.1701467366605,-34.2991301555531,-45.76325751601482,-284.81772781760645,101.39240963657782,-21.716994448937555,-421.71699444893756,6000.404495239258,nan,nan,0.0,0.0,0.0
hybrid_noon2,400.0,80.0,0.2,0.7,rayleigh,1.0,0.028130814138268814,0.2138907659724164,532.0,810.0,809.0,0.405,0.85,0.016737834412269944,80000.0,16000.0,16000.61198425293,0.7727816304166263,0.5413894646402873,1.2791670537724846,32.71587636543779,22.91983930981018,54.15381206641781,noon2,simple,0.6,0.08983412170841489,30000.0,6000.0,1.0,1e-06,1.0,1.0,0.0,0.0,0.0,0.0,0.0,0.0,0.0,0,1.5,psi4,4,99.32948573817109,126.10464416306375,792.9878745542669,83.90647671856027,103.90329519158317,666.6541390207318,-15.42300901961081,-22.201348971480584,-126.33373553353509,132.60392292334885,-32.22957241382688,-432.22957241382693,6000.404495239258,0.19892987190793154,6.411286169663937,0.0,0.0,0.0
classical,400.0,80.0,0.2,0.7,rayleigh,1.0,0.028130814138268814,0.2138907659724164,532.0,810.0,809.0,655.2899999999507,0.85,0.016737834412269944,80000.0,16000.0,16000.048828125,0.7758578729981946,0.5492600335251361,1.2931415291747002,32.84610975609749,23.25304153463992,54.74542448516054,-,simple,0.6,0.08983412170841489,30000.0,6000.0,1.0,1e-06,1.0,1.0,0.0,0.0,0.0,0.0,0.0,0.0,0.0,0,1.5,psi4,5,101.5026268970363,125.88470843718412,703.5105728475477,184.50511694463688,243.63065152858624,1955.6714288298701,83.0024900476006,117.74594309140214,1252.1608559823226,262.9593768850412,8.371432916479302,-391.62856708352075,,,,,,
quant_diff,400.0,80.0,0.2,0.7,rayleigh,1.0,0.028130814138268814,0.2138907659724164,532.0,810.0,809.0,655.2899999999507,0.85,0.016737834412269944,80000.0,16000.0,16000.048828125,0.20820999643706734,0.19945419044995522,0.26692720801784575,10857.385378188079,10400.80230568677,13919.271960842201,diff,simple,0.6,0.08983412170841489,30000.0,6000.0,1.0,1e-06,1.0,1.0,0.0,0.0,0.0,0.0,0.0,0.0,0.0,0,1.5,psi4,5,101.5026268970363,125.88470843718412,703.5105728475477,8503.257233598284,10746.385608678196,100996.92676737276,8401.754606701248,10620.500900241012,100293.41619452521,10745.82652832927,638.4514512875113,238.4514512875113,6000.023742675781,nan,nan,0.0,0.0,0.0
hybrid_diff,400.0,80.0,0.2,0.7,rayleigh,1.0,0.028130814138268814,0.2138907659724164,532.0,810.0,809.0,655.2899999999507,0.85,0.016737834412269944,80000.0,16000.0,16000.048828125,0.7758578729981946,0.5492600335251361,1.2931415291747002,32.84610975609749,23.25304153463992,54.74542448516054,diff,simple,0.6,0.08983412170841489,30000.0,6000.0,1.0,1e-06,1.0,1.0,0.0,0.0,0.0,0.0,0.0,0.0,0.0,0,1.5,psi4,5,101.5026268970363,125.88470843718412,703.5105728475477,1632.2210660866258,2058.0270941360895,15932.06341465422,1530.7184391895896,1932.1423856989056,15228.552841806673,2054.8989420749062,427.2226516926282,27.22265169262814,6000.023742675781,0.19945419044995522,10400.80230568677,0.0,0.0,0.0
quant_noon2,400.0,80.0,0.2,0.7,rayleigh,1.0,0.028130814138268814,0.2138907659724164,532.0,810.0,809.0,0.405,0.85,0.016737834412269944,80000.0,16000.0,16000.048828125,0.207514813524378,0.19864058090218428,0.2653747009606516,6.687969188282525,6.401962645718706,8.552728324457805,noon2,simple,0.6,0.08983412170841489,30000.0,6000.0,1.0,1e-06,1.0,1.0,0.0,0.0,0.0,0.0,0.0,0.0,0.0,0,1.5,psi4,5,101.5026268970363,125.88470843718412,703.5105728475477,64.13521003119372,79.08764717460951,504.5589108775344,-37.367416865842564,-46.79706126257459,-198.95166197001325,101.42296649671984,-21.711714179823215,-421.7117141798233,6000.01155090332,nan,nan,0.0,0.0,0.0
hybrid_noon2,400.0,80.0,0.2,0.7,rayleigh,1.0,0.028130814138268814,0.2138907659724164,532.0,810.0,809.0,0.405,0.85,0.016737834412269944,80000.0,16000.0,16000.048828125,0.7758578729981946,0.5492600335251361,1.2931415291747002,32.84610975609749,23.25304153463992,54.74542448516054,noon2,simple,0.6,0.08983412170841489,30000.0,6000.0,1.0,1e-06,1.0,1.0,0.0,0.0,0.0,0.0,0.0,0.0,0.0,0,1.5,psi4,5,101.5026268970363,125.88470843718412,703.5105728475477,84.67996911447553,104.55374865442191,642.3313632063675,-16.82265778256076,-21.330959782762196,-61.17920964118013,131.8453487666428,-41.45888644686935,-441.4588864468694,6000.01155090332,0.19864058090218428,6.401962645718706,0.0,0.0,0.0
classical,400.0,80.0,0.2,0.7,rayleigh,1.0,0.028130814138268814,0.2138907659724164,532.0,810.0,809.0,655.2899999999507,0.85,0.016737834412269944,80000.0,16000.0,15999.530670166016,0.7680364088691096,0.5465699898292399,1.2819503241147936,32.51498639165377,23.139157956784793,54.27164241437972,-,simple,0.6,0.08983412170841489,30000.0,6000.0,1.0,1e-06,1.0,1.0,0.0,0.0,0.0,0.0,0.0,0.0,0.0,0,1.5,psi4,6,103.42717016079035,128.00669854893852,780.760927722824,210.39361887289013,277.80587353305714,2399.817970244599,106.96644871209976,149.79917498411862,1619.057042521775,277.33178191997143,-96.40216368936119,-496.4021636893612,,,,,,
quant_diff,400.0,80.0,0.2,0.7,rayleigh,1.0,0.028130814138268814,0.2138907659724164,532.0,810.0,809.0,655.2899999999507,0.85,0.016737834412269944,80000.0,16000.0,15999.530670166016,0.2081622655044292,0.1994306800342343,0.26629760745369396,10854.896385637381,10399.576323994,13886.440607514807,diff,simple,0.6,0.08983412170841489,30000.0,6000.0,1.0,1e-06,1.0,1.0,0.0,0.0,0.0,0.0,0.0,0.0,0.0,0,1.5,psi4,6,103.42717016079035,128.00669854893852,780.760927722824,8637.214345439861,10897.229091302843,93336.83057612387,8533.78717527907,10769.222392753903,92556.06964840104,10894.249470135668,832.141491094252,432.14149109425205,5999.7545166015625,nan,nan,0.0,0.0,0.0
hybrid_diff,400.0,80.0,0.2,0.7,rayleigh,1.0,0.028130814138268814,0.2138907659724164,532.0,810.0,809.0,655.2899999999507,0.85,0.016737834412269944,80000.0,16000.0,15999.530670166016,0.7680364088691096,0.5465699898292399,1.2819503241147936,32.51498639165377,23.139157956784793,54.27164241437972,diff,simple,0.6,0.08983412170841489,30000.0,6000.0,1.0,1e-06,1.0,1.0,0.0,0.0,0.0,0.0,0.0,0.0,0.0,0,1.5,psi4,6,103.42717016079035,128.00669854893852,780.760927722824,1702.184348840449,2137.885577573723,15934.497021687319,1598.7571786796586,2009.8788790247843,15153.736093964495,2124.6976045245283,515.9737491607666,115.97374916076659,5999.7545166015625,0.1994306800342343,10399.576323994,0.0,0.0,0.0
quant_noon2,400.0,80.0,0.2,0.7,rayleigh,1.0,0.028130814138268814,0.2138907659724164,532.0,810.0,809.0,0.405,0.85,0.016737834412269944,80000.0,16000.0,15999.530670166016,0.20798861933187313,0.1993773978938748,0.266194401553072,6.703239416889046,6.425709429160989,8.579146353188463,noon2,simple,0.6,0.08983412170841489,30000.0,6000.0,1.0,1e-06,1.0,1.0,0.0,0.0,0.0,0.0,0.0,0.0,0.0,0,1.5,psi4,6,103.42717016079035,128.00669854893852,780.760927722824,64.21444021586439,80.03880327610952,538.1111075432392,-39.21272994492597,-47.967895272829004,-242.64982017958485,101.42696244254259,-9.191450595763929,-409.19145059576397,5999.816986083984,nan,nan,0.0,0.0,0.0
hybrid_noon2,400.0,80.0,0.2,0.7,rayleigh,1.0,0.028130814138268814,0.2138907659724164,532.0,810.0,809.0,0.405,0.85,0.016737834412269944,80000.0,16000.0,15999.530670166016,0.7680364088691096,0.5465699898292399,1.2819503241147936,32.51498639165377,23.139157956784793,54.27164241437972,noon2,simple,0.6,0.08983412170841489,30000.0,6000.0,1.0,1e-06,1.0,1.0,0.0,0.0,0.0,0.0,0.0,0.0,0.0,0,1.5,psi4,6,103.42717016079035,128.00669854893852,780.760927722824,86.42440670383297,105.07106729940566,687.0418679467089,-17.002763456957386,-22.935631249532875,-93.71905977611516,133.5280440737215,-35.87233011291184,-435.87233011291187,5999.816986083984,0.1993773978938748,6.425709429160989,0.0,0.0,0.0
classical,400.0,80.0,0.2,0.7,rayleigh,1.0,0.028130814138268814,0.2138907659724164,532.0,810.0,809.0,655.2899999999507,0.85,0.016737834412269944,80000.0,16000.0,16000.181442260742,0.7648722702569632,0.5490403407315061,1.276710591149719,32.381031903654005,23.243740793017864,54.049817193481466,-,simple,0.6,0.08983412170841489,30000.0,6000.0,1.0,1e-06,1.0,1.0,0.0,0.0,0.0,0.0,0.0,0.0,0.0,0,1.5,psi4,7,102.44771972527744,126.2417144860157,809.6750520174126,218.36726913543947,291.12434540681147,2314.4281576343105,115.91954941016203,164.88263092079578,1504.753105616898,292.93531211688065,-30.241496161758217,-430.2414961617582,,,,,,
quant_diff,400.0,80.0,0.2,0.7,rayleigh,1.0,0.028130814138268814,0.2138907659724164,532.0,810.0,809.0,655.2899999999507,0.85,0.016737834412269944,80000.0,16000.0,16000.181442260742,0.20737594755699368,0.19899021010243534,0.26544527725435535,10813.89279728338,10376.607437394498,13841.994723061396,diff,simple,0.6,0.08983412170841489,30000.0,6000.0,1.0,1e-06,1.0,1.0,0.0,0.0,0.0,0.0,0.0,0.0,0.0,0,1.5,psi4,7,102.44771972527744,126.2417144860157,809.6750520174126,8572.216891680677,10803.88067676383,94288.96186885753,8469.7691719554,10677.638962277815,93479.28681684012,10802.989718449115,188.12701732630694,-211.87298267369312,6000.193954467773,nan,nan,0.0,0.0,0.0
hybrid_diff,400.0,80.0,0.2,0.7,rayleigh,1.0,0.028130814138268814,0.2138907659724164,532.0,810.0,809.0,655.2899999999507,0.85,0.016737834412269944,80000.0,16000.0,16000.181442260742,0.7648722702569632,0.5490403407315061,1.276710591149719,32.381031903654005,23.243740793017864,54.049817193481466,diff,simple,0.6,0.08983412170841489,30000.0,6000.0,1.0,1e-06,1.0,1.0,0.0,0.0,0.0,0.0,0.0,0.0,0.0,0,1.5,psi4,7,102.44771972527744,126.2417144860157,809.6750520174126,1644.1734739888261,2072.6548924133695,18935.415888722047,1541.7257542635487,1946.4131779273537,18125.740836704634,2068.8472238708196,250.95658606019035,-149.04341393980968,6000.193954467773,0.19899021010243534,10376.607437394498,0.0,0.0,0.0
quant_noon2,400.0,80.0,0.2,0.7,rayleigh,1.0,0.028130814138268814,0.2138907659724164,532.0,810.0,809.0,0.405,0.85,0.016737834412269944,80000.0,16000.0,16000.181442260742,0.20729061376779645,0.19822241959381726,0.26563920480938336,6.680743482133785,6.388485776773337,8.561252986193782,noon2,simple,0.6,0.08983412170841489,30000.0,6000.0,1.0,1e-06,1.0,1.0,0.0,0.0,0.0,0.0,0.0,0.0,0.0,0,1.5,psi4,7,102.44771972527744,126.2417144860157,809.6750520174126,64.32437145329901,79.95617834627691,499.55306981392704,-38.12334827197842,-46.285536139738774,-310.1219822034855,101.48621947050796,-12.60663093931947,-412.60663093931953,6000.268539428711,nan,nan,0.0,0.0,0.0
hybrid_noon2,400.0,80.0,0.2,0.7,rayleigh,1.0,0.028130814138268814,0.2138907659724164,532.0,810.0,809.0,0.405,0.85,0.016737834412269944,80000.0,16000.0,16000.181442260742,0.7648722702569632,0.5490403407315061,1.276710591149719,32.381031903654005,23.243740793017864,54.049817193481466,noon2,simple,0.6,0.08983412170841489,30000.0,6000.0,1.0,1e-06,1.0,1.0,0.0,0.0,0.0,0.0,0.0,0.0,0.0,0,1.5,psi4,7,102.44771972527744,126.2417144860157,809.6750520174126,87.19202149595176,105.5540283971773,632.3720408001077,-15.255698229325665,-20.687686088838397,-177.30301121730483,131.8461999882517,-24.96425763283698,-424.964257632837,6000.268539428711,0.19822241959381726,6.388485776773337,0.0,0.0,0.0
classical,400.0,80.0,0.2,0.7,rayleigh,1.0,0.028130814138268814,0.2138907659724164,532.0,810.0,809.0,655.2899999999507,0.85,0.016737834412269944,80000.0,16000.0,15999.58236694336,0.7591746636349318,0.5451703852804449,1.2616794855861777,32.13982250310861,23.079905397489107,53.41347210982886,-,simple,0.6,0.08983412170841489,30000.0,6000.0,1.0,1e-06,1.0,1.0,0.0,0.0,0.0,0.0,0.0,0.0,0.0,0,1.5,psi4,8,107.5898155752017,134.0536666558437,805.7862632904785,187.40878350735932,255.07354896978185,2196.8010494550613,79.81896793215763,121.01988231393815,1391.014786164583,251.63607305762778,141.04268440783537,-258.95731559216466,,,,,,
quant_diff,400.0,80.0,0.2,0.7,rayleigh,1.0,0.028130814138268814,0.2138907659724164,532.0,810.0,809.0,655.2899999999507,0.85,0.016737834412269944,80000.0,16000.0,15999.58236694336,0.20783037010958344,0.1991219983527978,0.2649231785949708,10837.589261730023,10383.479709845331,13814.769198603512,diff,simple,0.6,0.08983412170841489,30000.0,6000.0,1.0,1e-06,1.0,1.0,0.0,0.0,0.0,0.0,0.0,0.0,0.0,0,1.5,psi4,8,107.5898155752017,134.0536666558437,805.7862632904785,8508.240541115543,10786.62371305754,96066.49681187802,8400.650725540343,10652.570046401695,95260.71054858755,10785.365971526673,844.4591529415177,444.45915294151763,5999.739898681641,nan,nan,0.0,0.0,0.0
hybrid_diff,400.0,80.0,0.2,0.7,rayleigh,1.0,0.028130814138268814,0.2138907659724164,532.0,810.0,809.0,655.2899999999507,0.85,0.016737834412269944,80000.0,16000.0,15999.58236694336,0.7591746636349318,0.5451703852804449,1.2616794855861777,32.13982250310861,23.079905397489107,53.41347210982886,diff,simple,0.6,0.08983412170841489,30000.0,6000.0,1.0,1e-06,1.0,1.0,0.0,0.0,0.0,0.0,0.0,0.0,0.0,0,1.5,psi4,8,107.5898155752017,134.0536666558437,805.7862632904785,1664.5596461592474,2078.852181966659,14718.769922373778,1556.969830584046,1944.7985153108152,13912.983659083302,2072.3124180777922,594.5013604212676,194.50136042126752,5999.739898681641,0.1991219983527978,10383.479709845331,0.0,0.0,0.0
quant_noon2,400.0,80.0,0.2,0.7,rayleigh,1.0,0.028130814138268814,0.2138907659724164,532.0,810.0,809.0,0.405,0.85,0.016737834412269944,80000.0,16000.0,15999.58236694336,0.20773638206321907,0.19896975345578527,0.26604746922420514,6.695110093241043,6.412571507123451,8.574410889384534,noon2,simple,0.6,0.08983412170841489,30000.0,6000.0,1.0,1e-06,1.0,1.0,0.0,0.0,0.0,0.0,0.0,0.0,0.0,0,1.5,psi4,8,107.5898155752017,134.0536666558437,805.7862632904785,62.97690473833336,79.11743361113164,553.6401347957999,-44.61291083686834,-54.93623304471207,-252.1461284946785,101.45921121623054,-11.44865637205746,-411.44865637205754,5999.794204711914,nan,nan,0.0,0.0,0.0
hybrid_noon2,400.0,80.0,0.2,0.7,rayleigh,1.0,0.028130814138268814,0.2138907659724164,532.0,810.0,809.0,0.405,0.85,0.016737834412269944,80000.0,16000.0,15999.58236694336,0.7591746636349318,0.5451703852804449,1.2616794855861777,32.13982250310861,23.079905397489107,53.41347210982886,noon2,simple,0.6,0.08983412170841489,30000.0,6000.0,1.0,1e-06,1.0,1.0,0.0,0.0,0.0,0.0,0.0,0.0,0.0,0,1.5,psi4,8,107.5898155752017,134.0536666558437,805.7862632904785,82.03634999858792,102.42927431587695,736.5817678988138,-25.55346557661377,-31.624392339966757,-69.20449539166455,132.60470266920487,-30.270894858094607,-430.2708948580946,5999.794204711914,0.19896975345578527,6.412571507123451,0.0,0.0,0.0
classical,400.0,80.0,0.2,0.7,rayleigh,1.0,0.028130814138268814,0.2138907659724164,532.0,810.0,809.0,655.2899999999507,0.85,0.016737834412269944,80000.0,16000.0,15999.846801757812,0.7733802721000524,0.5465326280924471,1.3056288721758245,32.741219989731256,23.137576239630036,55.27407883417418,-,simple,0.6,0.08983412170841489,30000.0,6000.0,1.0,1e-06,1.0,1.0,0.0,0.0,0.0,0.0,0.0,0.0,0.0,0,1.5,psi4,9,106.29727612631883,131.69462706640985,888.1082648787254,203.0253153898109,267.68078567515187,2198.4089297497717,96.72803926349206,135.98615860874202,1310.3006648710461,306.4379425352989,-383.8107966412526,-783.8107966412526,,,,,,
quant_diff,400.0,80.0,0.2,0.7,rayleigh,1.0,0.028130814138268814,0.2138907659724164,532.0,810.0,809.0,655.2899999999507,0.85,0.016737834412269944,80000.0,16000.0,15999.846801757812,0.2077460984000874,0.19862280817027622,0.26602290872377504,10833.194802087672,10357.448778183109,13872.116079275695,diff,simple,0.6,0.08983412170841489,30000.0,6000.0,1.0,1e-06,1.0,1.0,0.0,0.0,0.0,0.0,0.0,0.0,0.0,0,1.5,psi4,9,106.29727612631883,131.69462706640985,888.1082648787254,8611.117257707778,10901.072813176832,104869.85360640234,8504.81998158146,10769.378186110422,103981.74534152361,10901.284406148423,469.7983694432165,69.79836944321646,5999.621520996094,nan,nan,0.0,0.0,0.0
hybrid_diff,400.0,80.0,0.2,0.7,rayleigh,1.0,0.028130814138268814,0.2138907659724164,532.0,810.0,809.0,655.2899999999507,0.85,0.016737834412269944,80000.0,16000.0,15999.846801757812,0.7733802721000524,0.5465326280924471,1.3056288721758245,32.741219989731256,23.137576239630036,55.27407883417418,diff,simple,0.6,0.08983412170841489,30000.0,6000.0,1.0,1e-06,1.0,1.0,0.0,0.0,0.0,0.0,0.0,0.0,0.0,0,1.5,psi4,9,106.29727612631883,131.69462706640985,888.1082648787254,1640.1513453904881,2064.595278671493,15927.05482914712,1533.8540692641693,1932.9006516050827,15038.946564268395,2067.3922721040276,181.31392411616466,-218.68607588383537,5999.621520996094,0.19862280817027622,10357.448778183109,0.0,0.0,0.0
quant_noon2,400.0,80.0,0.2,0.7,rayleigh,1.0,0.028130814138268814,0.2138907659724164,532.0,810.0,809.0,0.405,0.85,0.016737834412269944,80000.0,16000.0,15999.846801757812,0.20759449708494698,0.19894983968025187,0.2659587190427615,6.690537299873439,6.411929708521569,8.57155057079393,noon2,simple,0.6,0.08983412170841489,30000.0,6000.0,1.0,1e-06,1.0,1.0,0.0,0.0,0.0,0.0,0.0,0.0,0.0,0,1.5,psi4,9,106.29727612631883,131.69462706640985,888.1082648787254,63.787437141071194,79.55984095798259,590.9520811715422,-42.50983898524764,-52.13478610842727,-297.15618370718323,101.49244823342269,-13.261618498746847,-413.2616184987469,5999.867462158203,nan,nan,0.0,0.0,0.0
hybrid_noon2,400.0,80.0,0.2,0.7,rayleigh,1.0,0.028130814138268814,0.2138907659724164,532.0,810.0,809.0,0.405,0.85,0.016737834412269944,80000.0,16000.0,15999.846801757812,0.7733802721000524,0.5465326280924471,1.3056288721758245,32.741219989731256,23.137576239630036,55.27407883417418,noon2,simple,0.6,0.08983412170841489,30000.0,6000.0,1.0,1e-06,1.0,1.0,0.0,0.0,0.0,0.0,0.0,0.0,0.0,0,1.5,psi4,9,106.29727612631883,131.69462706640985,888.1082648787254,86.14088987978423,104.28403836972417,684.8644044072429,-20.1563862465346,-27.410588696685693,-203.24386047148255,133.66818375305715,-36.7593764821895,-436.7593764821895,5999.867462158203,0.19894983968025187,6.411929708521569,0.0,0.0,0.0
classical,600.0,80.0,0.2,0.7,rayleigh,1.0,0.028130814138268814,0.2138907659724164,532.0,810.0,809.0,655.2899999999507,0.85,0.016737834412269944,80000.0,16000.0,15999.321594238281,0.7650739849479198,0.5424884491659874,1.295983451685896,32.389571538436556,22.966365055836196,54.865737885294436,-,simple,0.6,0.08983412170841489,30000.0,6000.0,1.0,1e-06,1.0,1.0,0.0,0.0,0.0,0.0,0.0,0.0,0.0,0,1.5,psi4,0,135.91567305555859,165.42540027416595,872.4222687260319,231.12081269554565,299.45950066020623,2235.927446669638,95.20513963998708,134.03410038604028,1363.505177943606,298.0373800675148,-53.69055761316562,-653.6905576131657,,,,,,
quant_diff,600.0,80.0,0.2,0.7,rayleigh,1.0,0.028130814138268814,0.2138907659724164,532.0,810.0,809.0,655.2899999999507,0.85,0.016737834412269944,80000.0,16000.0,15999.321594238281,0.20723570791506618,0.19860568978344367,0.2646534764741316,10806.579815852318,10356.5561172827,13800.705225147029,diff,simple,0.6,0.08983412170841489,30000.0,6000.0,1.0,1e-06,1.0,1.0,0.0,0.0,0.0,0.0,0.0,0.0,0.0,0,1.5,psi4,0,135.91567305555859,165.42540027416595,872.4222687260319,8594.883635771648,10820.076347439051,100199.23068513768,8458.96796271609,10654.650947164886,99326.80841641164,10818.426370955773,630.5771382885733,30.577138288573266,5999.6417236328125,nan,nan,0.0,0.0,0.0
hybrid_diff,600.0,80.0,0.2,0.7,rayleigh,1.0,0.028130814138268814,0.2138907659724164,532.0,810.0,809.0,655.2899999999507,0.85,0.016737834412269944,80000.0,16000.0,15999.321594238281,0.7650739849479198,0.5424884491659874,1.295983451685896,32.389571538436556,22.966365055836196,54.865737885294436,diff,simple,0.6,0.08983412170841489,30000.0,6000.0,1.0,1e-06,1.0,1.0,0.0,0.0,0.0,0.0,0.0,0.0,0.0,0,1.5,psi4,0,135.91567305555859,165.42540027416595,872.4222687260319,1651.8477294303862,2087.095757212854,18736.14803315214,1515.9320563748274,1921.670356938688,17863.725764426108,2081.0646941296723,473.8133305572834,-126.18666944271668,5999.6417236328125,0.19860568978344367,10356.5561172827,0.0,0.0,0.0
quant_noon2,600.0,80.0,0.2,0.7,rayleigh,1.0,0.028130814138268814,0.2138907659724164,532.0,810.0,809.0,0.405,0.85,0.016737834412269944,80000.0,16000.0,15999.321594238281,0.20753798021715097,0.19926021542657696,0.26412070176184027,6.688715824750682,6.421932769955872,8.512313339805173,noon2,simple,0.6,0.08983412170841489,30000.0,6000.0,1.0,1e-06,1.0,1.0,0.0,0.0,0.0,0.0,0.0,0.0,0.0,0,1.5,psi4,0,135.91567305555859,165.42540027416595,872.4222687260319,64.80071224650854,80.14773446332921,550.109627369331,-71.11496080905003,-85.27766581083672,-322.312641356701,152.00839279754743,-12.203059188937027,-612.2030591889371,5999.612152099609,nan,nan,0.0,0.0,0.0
hybrid_noon2,600.0,80.0,0.2,0.7,rayleigh,1.0,0.028130814138268814,0.2138907659724164,532.0,810.0,809.0,0.405,0.85,0.016737834412269944,80000.0,16000.0,15999.321594238281,0.7650739849479198,0.5424884491659874,1.295983451685896,32.389571538436556,22.966365055836196,54.865737885294436,noon2,simple,0.6,0.08983412170841489,30000.0,6000.0,1.0,1e-06,1.0,1.0,0.0,0.0,0.0,0.0,0.0,0.0,0.0,0,1.5,psi4,0,135.91567305555859,165.42540027416595,872.4222687260319,70.61566349326773,87.97989871140831,622.5400592266657,-65.30000956229085,-77.44550156275763,-249.88220949936624,143.13025169554365,51.936423318583145,-548.063576681417,5999.612152099609,0.19926021542657696,6.421932769955872,0.0,0.0,0.0
classical,600.0,80.0,0.2,0.7,rayleigh,1.0,0.028130814138268814,0.2138907659724164,532.0,810.0,809.0,655.2899999999507,0.85,0.016737834412269944,80000.0,16000.0,16000.614166259766,0.7593345596970993,0.5484209163707553,1.2574400029586434,32.14659173725614,23.21751732961445,53.2339927018866,-,simple,0.6,0.08983412170841489,30000.0,6000.0,1.0,1e-06,1.0,1.0,0.0,0.0,0.0,0.0,0.0,0.0,0.0,0,1.5,psi4,1,138.79621063575652,167.81236082892593,944.2921383135226,219.69548420542245,297.97175152326105,2438.1794204918624,80.89927356966592,130.15939069433514,1493.8872821783398,321.47603830863204,68.86091770291527,-531.1390822970848,,,,,,
quant_diff,600.0,80.0,0.2,0.7,rayleigh,1.0,0.028130814138268814,0.2138907659724164,532.0,810.0,809.0,655.2899999999507,0.85,0.016737834412269944,80000.0,16000.0,16000.614166259766,0.20846484626036854,0.19915429238621335,0.26752295971553164,10870.674858964667,10385.163724888838,13950.33822030223,diff,simple,0.6,0.08983412170841489,30000.0,6000.0,1.0,1e-06,1.0,1.0,0.0,0.0,0.0,0.0,0.0,0.0,0.0,0,1.5,psi4,1,138.79621063575652,167.81236082892593,944.2921383135226,8553.407921951735,10817.648035833083,91846.42672826373,8414.611711315978,10649.835675004157,90902.1345899502,10816.108148681933,679.2394907754981,79.23949077549807,6000.433837890625,nan,nan,0.0,0.0,0.0
hybrid_diff,600.0,80.0,0.2,0.7,rayleigh,1.0,0.028130814138268814,0.2138907659724164,532.0,810.0,809.0,655.2899999999507,0.85,0.016737834412269944,80000.0,16000.0,16000.614166259766,0.7593345596970993,0.5484209163707553,1.2574400029586434,32.14659173725614,23.21751732961445,53.2339927018866,diff,simple,0.6,0.08983412170841489,30000.0,6000.0,1.0,1e-06,1.0,1.0,0.0,0.0,0.0,0.0,0.0,0.0,0.0,0,1.5,psi4,1,138.79621063575652,167.81236082892593,944.2921383135226,1641.0042605460703,2059.1082260182866,16484.622360054433,1502.2080499103138,1891.2958651893605,15540.33022174091,2053.9474688557207,858.2359795553025,258.2359795553024,6000.433837890625,0.19915429238621335,10385.163724888838,0.0,0.0,0.0
quant_noon2,600.0,80.0,0.2,0.7,rayleigh,1.0,0.028130814138268814,0.2138907659724164,532.0,810.0,809.0,0.405,0.85,0.016737834412269944,80000.0,16000.0,16000.614166259766,0.20882690849015356,0.20033523113880616,0.266967132209025,6.7302565342033835,6.456579318017676,8.60405059366211,noon2,simple,0.6,0.08983412170841489,30000.0,6000.0,1.0,1e-06,1.0,1.0,0.0,0.0,0.0,0.0,0.0,0.0,0.0,0,1.5,psi4,1,138.79621063575652,167.81236082892593,944.2921383135226,63.64893495544701,80.2413186998151,572.1617780551601,-75.14727568030952,-87.57104212911082,-372.13036025836254,151.93219888505826,-4.433706678159658,-604.4337066781598,5999.971893310547,nan,nan,0.0,0.0,0.0
hybrid_noon2,600.0,80.0,0.2,0.7,rayleigh,1.0,0.028130814138268814,0.2138907659724164,532.0,810.0,809.0,0.405,0.85,0.016737834412269944,80000.0,16000.0,16000.614166259766,0.7593345596970993,0.5484209163707553,1.2574400029586434,32.14659173725614,23.21751732961445,53.2339927018866,noon2,simple,0.6,0.08983412170841489,30000.0,6000.0,1.0,1e-06,1.0,1.0,0.0,0.0,0.0,0.0,0.0,0.0,0.0,0,1.5,psi4,1,138.79621063575652,167.81236082892593,944.2921383135226,70.9992006134244,89.14192500040748,734.5637099382401,-67.79701002233212,-78.67043582851844,-209.7284283752826,143.65899020476678,59.81102358868534,-540.1889764113147,5999.971893310547,0.20033523113880616,6.456579318017676,0.0,0.0,0.0
classical,600.0,80.0,0.2,0.7,rayleigh,1.0,0.028130814138268814,0.2138907659724164,532.0,810.0,809.0,655.2899999999507,0.85,0.016737834412269944,80000.0,16000.0,15999.925094604492,0.7655716218029576,0.546299134596743,1.2674238790112646,32.41063910161806,23.12769124232042,53.65666223973433,-,simple,0.6,0.08983412170841489,30000.0,6000.0,1.0,1e-06,1.0,1.0,0.0,0.0,0.0,0.0,0.0,0.0,0.0,0,1.5,psi4,2,143.7409089716534,173.95090294453453,900.5519412314288,232.33586993959122,297.7191625200283,2396.380242872977,88.59496096793784,123.76825957549376,1495.828301641548,260.5343598517376,48.77101574295098,-551.2289842570491,,,,,,
quant_diff,600.0,80.0,0.2,0.7,rayleigh,1.0,0.028130814138268814,0.2138907659724164,532.0,810.0,809.0,655.2899999999507,0.85,0.016737834412269944,80000.0,16000.0,15999.925094604492,0.20822613114155547,0.1990324094834322,0.26738584736630605,10858.226743672873,10378.80797987586,13943.188315681291,diff,simple,0.6,0.08983412170841489,30000.0,6000.0,1.0,1e-06,1.0,1.0,0.0,0.0,0.0,0.0,0.0,0.0,0.0,0,1.5,psi4,2,143.7409089716534,173.95090294453453,900.5519412314288,8563.105324812037,10808.736812040395,92192.53481975003,8419.364415840384,10634.785909095861,91291.9828785186,10808.094920506743,549.8201602984064,-50.17983970159367,5999.958602905273,nan,nan,0.0,0.0,0.0
hybrid_diff,600.0,80.0,0.2,0.7,rayleigh,1.0,0.028130814138268814,0.2138907659724164,532.0,810.0,809.0,655.2899999999507,0.85,0.016737834412269944,80000.0,16000.0,15999.925094604492,0.7655716218029576,0.546299134596743,1.2674238790112646,32.41063910161806,23.12769124232042,53.65666223973433,diff,simple,0.6,0.08983412170841489,30000.0,6000.0,1.0,1e-06,1.0,1.0,0.0,0.0,0.0,0.0,0.0,0.0,0.0,0,1.5,psi4,2,143.7409089716534,173.95090294453453,900.5519412314288,1587.6752275060558,1988.6620385217705,17528.615146886194,1443.9343185344023,1814.711135577236,16628.063205654766,1985.1314609045435,575.1012198474075,-24.898780152592547,5999.958602905273,0.1990324094834322,10378.80797987586,0.0,0.0,0.0
quant_noon2,600.0,80.0,0.2,0.7,rayleigh,1.0,0.028130814138268814,0.2138907659724164,532.0,810.0,809.0,0.405,0.85,0.016737834412269944,80000.0,16000.0,15999.925094604492,0.20822567709882855,0.19938559026259123,0.26681378098076125,6.710879522259426,6.425973459996301,8.599108255945612,noon2,simple,0.6,0.08983412170841489,30000.0,6000.0,1.0,1e-06,1.0,1.0,0.0,0.0,0.0,0.0,0.0,0.0,0.0,0,1.5,psi4,2,143.7409089716534,173.95090294453453,900.5519412314288,64.59674480237149,79.92510046722174,509.3731125962296,-79.1441641692819,-94.0258024773128,-391.17882863519924,152.030178555388,0.08445041092212029,-599.915549589078,5999.977066040039,nan,nan,0.0,0.0,0.0
hybrid_noon2,600.0,80.0,0.2,0.7,rayleigh,1.0,0.028130814138268814,0.2138907659724164,532.0,810.0,809.0,0.405,0.85,0.016737834412269944,80000.0,16000.0,15999.925094604492,0.7655716218029576,0.546299134596743,1.2674238790112646,32.41063910161806,23.12769124232042,53.65666223973433,noon2,simple,0.6,0.08983412170841489,30000.0,6000.0,1.0,1e-06,1.0,1.0,0.0,0.0,0.0,0.0,0.0,0.0,0.0,0,1.5,psi4,2,143.7409089716534,173.95090294453453,900.5519412314288,71.82762776272696,90.36907530423831,654.186363870599,-71.91328120892642,-83.58182764029621,-246.36557736082975,142.77454170358146,67.69455288287016,-532.30544711713,5999.977066040039,0.19938559026259123,6.425973459996301,0.0,0.0,0.0
classical,600.0,80.0,0.2,0.7,rayleigh,1.0,0.028130814138268814,0.2138907659724164,532.0,810.0,809.0,655.2899999999507,0.85,0.016737834412269944,80000.0,16000.0,15999.545761108398,0.779385751482299,0.55149142226359,1.2884325826656957,32.99546324973064,23.347507856324007,54.54607022292608,-,simple,0.6,0.08983412170841489,30000.0,6000.0,1.0,1e-06,1.0,1.0,0.0,0.0,0.0,0.0,0.0,0.0,0.0,0,1.5,psi4,3,142.1919093093877,172.9333148604109,948.1225277086917,202.81337388560692,267.0096675501621,1788.610066675001,60.62146457621922,94.07635268975116,840.4875389663093,334.0128706510951,-250.08652720705243,-850.0865272070525,,,,,,
quant_diff,600.0,80.0,0.2,0.7,rayleigh,1.0,0.028130814138268814,0.2138907659724164,532.0,810.0,809.0,655.2899999999507,0.85,0.016737834412269944,80000.0,16000.0,15999.545761108398,0.20750838120223342,0.19921660053982476,0.2662921142572812,10820.798724702869,10388.412865888498,13886.154157529545,diff,simple,0.6,0.08983412170841489,30000.0,6000.0,1.0,1e-06,1.0,1.0,0.0,0.0,0.0,0.0,0.0,0.0,0.0,0,1.5,psi4,3,142.1919093093877,172.9333148604109,948.1225277086917,8522.510971488053,10768.459241752893,87176.2580530715,8380.319062178665,10595.525926892484,86228.13552536281,10766.500171224801,637.8325767332816,37.83257673328149,5999.733993530273,nan,nan,0.0,0.0,0.0
hybrid_diff,600.0,80.0,0.2,0.7,rayleigh,1.0,0.028130814138268814,0.2138907659724164,532.0,810.0,809.0,655.2899999999507,0.85,0.016737834412269944,80000.0,16000.0,15999.545761108398,0.779385751482299,0.55149142226359,1.2884325826656957,32.99546324973064,23.347507856324007,54.54607022292608,diff,simple,0.6,0.08983412170841489,30000.0,6000.0,1.0,1e-06,1.0,1.0,0.0,0.0,0.0,0.0,0.0,0.0,0.0,0,1.5,psi4,3,142.1919093093877,172.9333148604109,948.1225277086917,1668.9196288252203,2092.9981203652574,16864.45069521034,1526.7277195158326,1920.0648055048462,15916.328167501648,2085.5913428615036,486.40622610548,-113.59377389452008,5999.733993530273,0.19921660053982476,10388.412865888498,0.0,0.0,0.0
quant_noon2,600.0,80.0,0.2,0.7,rayleigh,1.0,0.028130814138268814,0.2138907659724164,532.0,810.0,809.0,0.405,0.85,0.016737834412269944,80000.0,16000.0,15999.545761108398,0.20748277785435584,0.19860764036072054,0.26604679057311054,6.686936714646571,6.400901009093285,8.574389017222574,noon2,simple,0.6,0.08983412170841489,30000.0,6000.0,1.0,1e-06,1.0,1.0,0.0,0.0,0.0,0.0,0.0,0.0,0.0,0,1.5,psi4,3,142.1919093093877,172.9333148604109,948.1225277086917,64.8378088369053,80.24084148637348,519.0397912472657,-77.3541004724824,-92.6924733740374,-429.08273646142595,151.96547545697362,-4.009351258788757,-604.0093512587889,5999.747207641602,nan,nan,0.0,0.0,0.0
hybrid_noon2,600.0,80.0,0.2,0.7,rayleigh,1.0,0.028130814138268814,0.2138907659724164,532.0,810.0,809.0,0.405,0.85,0.016737834412269944,80000.0,16000.0,15999.545761108398,0.779385751482299,0.55149142226359,1.2884325826656957,32.99546324973064,23.347507856324007,54.54607022292608,noon2,simple,0.6,0.08983412170841489,30000.0,6000.0,1.0,1e-06,1.0,1.0,0.0,0.0,0.0,0.0,0.0,0.0,0.0,0,1.5,psi4,3,142.1919093093877,172.9333148604109,948.1225277086917,72.17490071984362,89.50104424665949,611.4224850190886,-70.01700858954408,-83.4322706137514,-336.70004268960304,141.3687997537699,62.909674468316425,-537.0903255316837,5999.747207641602,0.19860764036072054,6.400901009093285,0.0,0.0,0.0
classical,600.0,80.0,0.2,0.7,rayleigh,1.0,0.028130814138268814,0.2138907659724164,532.0,810.0,809.0,655.2899999999507,0.85,0.016737834412269944,80000.0,16000.0,16000.606262207031,0.7786145393500519,0.5513640969984588,1.2860688629882358,32.962813818407426,23.342117513867258,54.446001642506225,-,simple,0.6,0.08983412170841489,30000.0,6000.0,1.0,1e-06,1.0,1.0,0.0,0.0,0.0,0.0,0.0,0.0,0.0,0,1.5,psi4,4,133.40782873380468,167.81279875711923,978.9245161949922,194.81057128191145,266.9813462153296,2173.8161789187507,61.402742548106765,99.16854745821041,1194.8916627237586,279.43647490120895,37.75241625955498,-562.2475837404451,,,,,,
quant_diff,600.0,80.0,0.2,0.7,rayleigh,1.0,0.028130814138268814,0.2138907659724164,532.0,810.0,809.0,655.2899999999507,0.85,0.016737834412269944,80000.0,16000.0,16000.606262207031,0.2076409243116479,0.19923828131597177,0.2663873556779465,10827.710360276387,10389.543438608129,13891.12064725542,diff,simple,0.6,0.08983412170841489,30000.0,6000.0,1.0,1e-06,1.0,1.0,0.0,0.0,0.0,0.0,0.0,0.0,0.0,0,1.5,psi4,4,133.40782873380468,167.81279875711923,978.9245161949922,8598.590956801216,10846.929035880803,84123.15057160483,8465.18312806741,10679.116237123682,83144.22605540983,10844.400760352195,849.6510139717853,249.6510139717852,6000.379058837891,nan,nan,0.0,0.0,0.0
hybrid_diff,600.0,80.0,0.2,0.7,rayleigh,1.0,0.028130814138268814,0.2138907659724164,532.0,810.0,809.0,655.2899999999507,0.85,0.016737834412269944,80000.0,16000.0,16000.606262207031,0.7786145393500519,0.5513640969984588,1.2860688629882358,32.962813818407426,23.342117513867258,54.446001642506225,diff,simple,0.6,0.08983412170841489,30000.0,6000.0,1.0,1e-06,1.0,1.0,0.0,0.0,0.0,0.0,0.0,0.0,0.0,0,1.5,psi4,4,133.40782873380468,167.81279875711923,978.9245161949922,1640.0578019125671,2065.024214175189,16775.63067678086,1506.6499731787626,1897.2114154180697,15796.70616058587,2051.8741339648413,807.3182929019914,207.31829290199138,6000.379058837891,0.19923828131597177,10389.543438608129,0.0,0.0,0.0
quant_noon2,600.0,80.0,0.2,0.7,rayleigh,1.0,0.028130814138268814,0.2138907659724164,532.0,810.0,809.0,0.405,0.85,0.016737834412269944,80000.0,16000.0,16000.606262207031,0.20838102446182938,0.19976118501796553,0.26693507939542555,6.7158861931547955,6.438078456784536,8.603017567507926,noon2,simple,0.6,0.08983412170841489,30000.0,6000.0,1.0,1e-06,1.0,1.0,0.0,0.0,0.0,0.0,0.0,0.0,0.0,0,1.5,psi4,4,133.40782873380468,167.81279875711923,978.9245161949922,64.95958178709535,80.2620517041818,509.6861962503413,-68.44824694670935,-87.55074705293741,-469.2383199446508,152.00417095398066,-25.22196496321594,-625.221964963216,6000.3670654296875,nan,nan,0.0,0.0,0.0
hybrid_noon2,600.0,80.0,0.2,0.7,rayleigh,1.0,0.028130814138268814,0.2138907659724164,532.0,810.0,809.0,0.405,0.85,0.016737834412269944,80000.0,16000.0,16000.606262207031,0.7786145393500519,0.5513640969984588,1.2860688629882358,32.962813818407426,23.342117513867258,54.446001642506225,noon2,simple,0.6,0.08983412170841489,30000.0,6000.0,1.0,1e-06,1.0,1.0,0.0,0.0,0.0,0.0,0.0,0.0,0.0,0,1.5,psi4,4,133.40782873380468,167.81279875711923,978.9245161949922,71.0784835983942,89.36595968189677,629.2567749338102,-62.32934513541049,-78.44683907522244,-349.66774126118185,143.44288485643267,42.68252764837883,-557.3174723516213,6000.3670654296875,0.19976118501796553,6.438078456784536,0.0,0.0,0.0
classical,600.0,80.0,0.2,0.7,rayleigh,1.0,0.028130814138268814,0.2138907659724164,532.0,810.0,809.0,655.2899999999507,0.85,0.016737834412269944,80000.0,16000.0,15999.697967529297,0.7692093747941473,0.5512987029090441,1.2950297404706292,32.56464415611657,23.339349041041153,54.82536231607939,-,simple,0.6,0.08983412170841489,30000.0,6000.0,1.0,1e-06,1.0,1.0,0.0,0.0,0.0,0.0,0.0,0.0,0.0,0,1.5,psi4,5,136.4314199043615,167.8408021887819,882.6532987864657,221.6572607518159,286.9569340312553,1951.5961351424708,85.22584084745442,119.11613184247337,1068.942836356005,324.72942402517157,-414.7149750138274,-1014.7149750138274,,,,,,
quant_diff,600.0,80.0,0.2,0.7,rayleigh,1.0,0.028130814138268814,0.2138907659724164,532.0,810.0,809.0,655.2899999999507,0.85,0.016737834412269944,80000.0,16000.0,15999.697967529297,0.20817336269036263,0.19907074935642655,0.26710974132961796,10855.475063060916,10380.80726321275,13928.790401571185,diff,simple,0.6,0.08983412170841489,30000.0,6000.0,1.0,1e-06,1.0,1.0,0.0,0.0,0.0,0.0,0.0,0.0,0.0,0,1.5,psi4,5,136.4314199043615,167.8408021887819,882.6532987864657,8511.502338963564,10755.806508805617,99507.2322820871,8375.070919059202,10587.965706616837,98624.57898330063,10752.360190660538,577.6722013698231,-22.32779863017697,6000.017013549805,nan,nan,0.0,0.0,0.0
hybrid_diff,600.0,80.0,0.2,0.7,rayleigh,1.0,0.028130814138268814,0.2138907659724164,532.0,810.0,809.0,655.2899999999507,0.85,0.016737834412269944,80000.0,16000.0,15999.697967529297,0.7692093747941473,0.5512987029090441,1.2950297404706292,32.56464415611657,23.339349041041153,54.82536231607939,diff,simple,0.6,0.08983412170841489,30000.0,6000.0,1.0,1e-06,1.0,1.0,0.0,0.0,0.0,0.0,0.0,0.0,0.0,0,1.5,psi4,5,136.4314199043615,167.8408021887819,882.6532987864657,1629.0277865419598,2038.357039362535,15879.486941512734,1492.5963666375983,1870.516237173753,14996.833642726267,2022.3715684731142,683.045380552285,83.04538055228493,6000.017013549805,0.19907074935642655,10380.80726321275,0.0,0.0,0.0
quant_noon2,600.0,80.0,0.2,0.7,rayleigh,1.0,0.028130814138268814,0.2138907659724164,532.0,810.0,809.0,0.405,0.85,0.016737834412269944,80000.0,16000.0,15999.697967529297,0.2080730960892192,0.19952583778422467,0.26587667691116956,6.705962007824417,6.430493479976982,8.568906445110038,noon2,simple,0.6,0.08983412170841489,30000.0,6000.0,1.0,1e-06,1.0,1.0,0.0,0.0,0.0,0.0,0.0,0.0,0.0,0,1.5,psi4,5,136.4314199043615,167.8408021887819,882.6532987864657,64.14103855088163,79.06838712846431,506.7694609314452,-72.29038135347984,-88.7724150603176,-375.8838378550205,151.99966460489551,-23.542421963034062,-623.5424219630341,6000.015319824219,nan,nan,0.0,0.0,0.0
hybrid_noon2,600.0,80.0,0.2,0.7,rayleigh,1.0,0.028130814138268814,0.2138907659724164,532.0,810.0,809.0,0.405,0.85,0.016737834412269944,80000.0,16000.0,15999.697967529297,0.7692093747941473,0.5512987029090441,1.2950297404706292,32.56464415611657,23.339349041041153,54.82536231607939,noon2,simple,0.6,0.08983412170841489,30000.0,6000.0,1.0,1e-06,1.0,1.0,0.0,0.0,0.0,0.0,0.0,0.0,0.0,0,1.5,psi4,5,136.4314199043615,167.8408021887819,882.6532987864657,71.17331895543909,88.845942739952,648.1470332555058,-65.2581009489224,-78.99485944882991,-234.50626553095987,142.82740361538498,40.37908390380823,-559.6209160961919,6000.015319824219,0.19952583778422467,6.430493479976982,0.0,0.0,0.0
classical,600.0,80.0,0.2,0.7,rayleigh,1.0,0.028130814138268814,0.2138907659724164,532.0,810.0,809.0,655.2899999999507,0.85,0.016737834412269944,80000.0,16000.0,15999.590881347656,0.7636517688326208,0.5523355831049066,1.2776354418892288,32.329361713614546,23.383245586919607,54.0889709482543,-,simple,0.6,0.08983412170841489,30000.0,6000.0,1.0,1e-06,1.0,1.0,0.0,0.0,0.0,0.0,0.0,0.0,0.0,0,1.5,psi4,6,138.47669714001222,169.97713931163597,973.7292485431865,253.01340538915443,325.2528172122184,2621.7490805638954,114.53670824914224,155.27567790058245,1648.0198320207087,317.04185755924647,388.91300813698984,-211.0869918630102,,,,,,
quant_diff,600.0,80.0,0.2,0.7,rayleigh,1.0,0.028130814138268814,0.2138907659724164,532.0,810.0,809.0,655.2899999999507,0.85,0.016737834412269944,80000.0,16000.0,15999.590881347656,0.20822928851771477,0.19873147773460179,0.2664174585842056,10858.391389224631,10363.11549620315,13892.690403078153,diff,simple,0.6,0.08983412170841489,30000.0,6000.0,1.0,1e-06,1.0,1.0,0.0,0.0,0.0,0.0,0.0,0.0,0.0,0,1.5,psi4,6,138.47669714001222,169.97713931163597,973.7292485431865,8638.200041072643,10898.47616500266,97172.42303094782,8499.72334393263,10728.499025691022,96198.69378240463,10894.814287465117,851.9764447949897,251.97644479498962,5999.76042175293,nan,nan,0.0,0.0,0.0
hybrid_diff,600.0,80.0,0.2,0.7,rayleigh,1.0,0.028130814138268814,0.2138907659724164,532.0,810.0,809.0,655.2899999999507,0.85,0.016737834412269944,80000.0,16000.0,15999.590881347656,0.7636517688326208,0.5523355831049066,1.2776354418892288,32.329361713614546,23.383245586919607,54.0889709482543,diff,simple,0.6,0.08983412170841489,30000.0,6000.0,1.0,1e-06,1.0,1.0,0.0,0.0,0.0,0.0,0.0,0.0,0.0,0,1.5,psi4,6,138.47669714001222,169.97713931163597,973.7292485431865,1716.6156278447406,2151.919059335088,15754.752515067428,1578.1389307047286,1981.9419200234522,14781.023266524242,2136.691854077397,795.124627016037,195.124627016037,5999.76042175293,0.19873147773460179,10363.11549620315,0.0,0.0,0.0
quant_noon2,600.0,80.0,0.2,0.7,rayleigh,1.0,0.028130814138268814,0.2138907659724164,532.0,810.0,809.0,0.405,0.85,0.016737834412269944,80000.0,16000.0,15999.590881347656,0.2078189548350341,0.19942163898515125,0.26552434183029605,6.6977713208628735,6.427135269804785,8.557551081486531,noon2,simple,0.6,0.08983412170841489,30000.0,6000.0,1.0,1e-06,1.0,1.0,0.0,0.0,0.0,0.0,0.0,0.0,0.0,0,1.5,psi4,6,138.47669714001222,169.97713931163597,973.7292485431865,64.20495963334162,80.03152672809712,541.8606886465324,-74.27173750667059,-89.94561258353883,-431.86855989665406,151.93542103950634,-11.499502450641012,-611.4995024506411,5999.761169433594,nan,nan,0.0,0.0,0.0
hybrid_noon2,600.0,80.0,0.2,0.7,rayleigh,1.0,0.028130814138268814,0.2138907659724164,532.0,810.0,809.0,0.405,0.85,0.016737834412269944,80000.0,16000.0,15999.590881347656,0.7636517688326208,0.5523355831049066,1.2776354418892288,32.329361713614546,23.383245586919607,54.0889709482543,noon2,simple,0.6,0.08983412170841489,30000.0,6000.0,1.0,1e-06,1.0,1.0,0.0,0.0,0.0,0.0,0.0,0.0,0.0,0,1.5,psi4,6,138.47669714001222,169.97713931163597,973.7292485431865,72.28547254365222,90.49871195682667,622.8122840657664,-66.19122459635999,-79.47842735480928,-350.91696447742,143.64238151067445,53.262835127877906,-546.7371648721222,5999.761169433594,0.19942163898515125,6.427135269804785,0.0,0.0,0.0
classical,600.0,80.0,0.2,0.7,rayleigh,1.0,0.028130814138268814,0.2138907659724164,532.0,810.0,809.0,655.2899999999507,0.85,0.016737834412269944,80000.0,16000.0,16000.176971435547,0.7683094631968045,0.5508676678653165,1.2874730392951192,32.526546205285854,23.3211010798517,54.5054477481629,-,simple,0.6,0.08983412170841489,30000.0,6000.0,1.0,1e-06,1.0,1.0,0.0,0.0,0.0,0.0,0.0,0.0,0.0,0,1.5,psi4,7,137.24918656807094,168.02794902337513,1007.3311589575333,199.97371760579406,264.9185537367291,2400.9384993561557,62.72453103772313,96.89060471335398,1393.6073403986222,283.9031660075926,-185.6093151714284,-785.6093151714284,,,,,,
quant_diff,600.0,80.0,0.2,0.7,rayleigh,1.0,0.028130814138268814,0.2138907659724164,532.0,810.0,809.0,655.2899999999507,0.85,0.016737834412269944,80000.0,16000.0,16000.176971435547,0.20751540811067015,0.1986990173223443,0.2657954464378991,10821.165152128162,10361.422805115086,13860.2547578261,diff,simple,0.6,0.08983412170841489,30000.0,6000.0,1.0,1e-06,1.0,1.0,0.0,0.0,0.0,0.0,0.0,0.0,0.0,0,1.5,psi4,7,137.24918656807094,168.02794902337513,1007.3311589575333,8526.915815411381,10745.751360471535,98615.3100613731,8389.66662884331,10577.72341144816,97607.97890241556,10744.959015132074,564.075939259244,-35.92406074075602,6000.177764892578,nan,nan,0.0,0.0,0.0
hybrid_diff,600.0,80.0,0.2,0.7,rayleigh,1.0,0.028130814138268814,0.2138907659724164,532.0,810.0,809.0,655.2899999999507,0.85,0.016737834412269944,80000.0,16000.0,16000.176971435547,0.7683094631968045,0.5508676678653165,1.2874730392951192,32.526546205285854,23.3211010798517,54.5054477481629,diff,simple,0.6,0.08983412170841489,30000.0,6000.0,1.0,1e-06,1.0,1.0,0.0,0.0,0.0,0.0,0.0,0.0,0.0,0,1.5,psi4,7,137.24918656807094,168.02794902337513,1007.3311589575333,1655.2080493779233,2095.833693426478,20501.476854270873,1517.9588628098525,1927.805744403103,19494.14569531334,2094.2102106119164,514.4081050815312,-85.59189491846885,6000.177764892578,0.1986990173223443,10361.422805115086,0.0,0.0,0.0
quant_noon2,600.0,80.0,0.2,0.7,rayleigh,1.0,0.028130814138268814,0.2138907659724164,532.0,810.0,809.0,0.405,0.85,0.016737834412269944,80000.0,16000.0,16000.176971435547,0.20747055406748877,0.19874090270542955,0.2645822527689186,6.686542755735673,6.405195904673197,8.52718860996895,noon2,simple,0.6,0.08983412170841489,30000.0,6000.0,1.0,1e-06,1.0,1.0,0.0,0.0,0.0,0.0,0.0,0.0,0.0,0,1.5,psi4,7,137.24918656807094,168.02794902337513,1007.3311589575333,64.3237509225647,79.93888406179867,504.995605160557,-72.92543564550624,-88.08906496157644,-502.33555379697634,151.97711163575715,-14.756965031941638,-614.7569650319417,6000.140838623047,nan,nan,0.0,0.0,0.0
hybrid_noon2,600.0,80.0,0.2,0.7,rayleigh,1.0,0.028130814138268814,0.2138907659724164,532.0,810.0,809.0,0.405,0.85,0.016737834412269944,80000.0,16000.0,16000.176971435547,0.7683094631968045,0.5508676678653165,1.2874730392951192,32.526546205285854,23.3211010798517,54.5054477481629,noon2,simple,0.6,0.08983412170841489,30000.0,6000.0,1.0,1e-06,1.0,1.0,0.0,0.0,0.0,0.0,0.0,0.0,0.0,0,1.5,psi4,7,137.24918656807094,168.02794902337513,1007.3311589575333,70.8925951390989,88.54586966528812,651.079432765413,-66.35659142897202,-79.48207935808699,-356.2517261921203,143.37325794726266,49.827003563758616,-550.1729964362414,6000.140838623047,0.19874090270542955,6.405195904673197,0.0,0.0,0.0
classical,600.0,80.0,0.2,0.7,rayleigh,1.0,0.028130814138268814,0.2138907659724164,532.0,810.0,809.0,655.2899999999507,0.85,0.016737834412269944,80000.0,16000.0,15999.577453613281,0.7511137815415814,0.5471278700172593,1.2622853133498815,31.7985633277058,23.162775934412096,53.439119958374896,-,simple,0.6,0.08983412170841489,30000.0,6000.0,1.0,1e-06,1.0,1.0,0.0,0.0,0.0,0.0,0.0,0.0,0.0,0,1.5,psi4,8,143.56337020262956,177.02052525272532,974.6939236570537,202.57712187328684,272.67242288508606,2575.123750594324,59.013751670657314,95.65189763236077,1600.4298269372705,298.34514969200643,263.2411110418945,-336.7588889581056,,,,,,
quant_diff,600.0,80.0,0.2,0.7,rayleigh,1.0,0.028130814138268814,0.2138907659724164,532.0,810.0,809.0,655.2899999999507,0.85,0.016737834412269944,80000.0,16000.0,15999.577453613281,0.20773491949859518,0.19927317781467363,0.2659572551528558,10832.611863498349,10391.363162642705,13868.69248707012,diff,simple,0.6,0.08983412170841489,30000.0,6000.0,1.0,1e-06,1.0,1.0,0.0,0.0,0.0,0.0,0.0,0.0,0.0,0,1.5,psi4,8,143.56337020262956,177.02052525272532,974.6939236570537,8587.056411799857,10841.322284794085,112784.18621486917,8443.493041597229,10664.30175954136,111809.49229121213,10836.773524437272,530.7978457365824,-69.20215426341771,5999.733734130859,nan,nan,0.0,0.0,0.0
hybrid_diff,600.0,80.0,0.2,0.7,rayleigh,1.0,0.028130814138268814,0.2138907659724164,532.0,810.0,809.0,655.2899999999507,0.85,0.016737834412269944,80000.0,16000.0,15999.577453613281,0.7511137815415814,0.5471278700172593,1.2622853133498815,31.7985633277058,23.162775934412096,53.439119958374896,diff,simple,0.6,0.08983412170841489,30000.0,6000.0,1.0,1e-06,1.0,1.0,0.0,0.0,0.0,0.0,0.0,0.0,0.0,0,1.5,psi4,8,143.56337020262956,177.02052525272532,974.6939236570537,1674.1517433628758,2117.828022502835,16464.989789321105,1530.5883731602462,1940.80749725011,15490.295865664053,2096.280289379364,834.7159523404754,234.71595234047527,5999.733734130859,0.19927317781467363,10391.363162642705,0.0,0.0,0.0
quant_noon2,600.0,80.0,0.2,0.7,rayleigh,1.0,0.028130814138268814,0.2138907659724164,532.0,810.0,809.0,0.405,0.85,0.016737834412269944,80000.0,16000.0,15999.577453613281,0.2076789375803338,0.1988852031211693,0.2660861571866927,6.693258722126622,6.409846544875374,8.575657758929312,noon2,simple,0.6,0.08983412170841489,30000.0,6000.0,1.0,1e-06,1.0,1.0,0.0,0.0,0.0,0.0,0.0,0.0,0.0,0,1.5,psi4,8,143.56337020262956,177.02052525272532,974.6939236570537,62.98771723332134,79.08777376315324,557.0125723579621,-80.57565296930821,-97.93275148957208,-417.6813512990916,152.02555994417048,-14.70439745047863,-614.7043974504787,5999.77490234375,nan,nan,0.0,0.0,0.0
hybrid_noon2,600.0,80.0,0.2,0.7,rayleigh,1.0,0.028130814138268814,0.2138907659724164,532.0,810.0,809.0,0.405,0.85,0.016737834412269944,80000.0,16000.0,15999.577453613281,0.7511137815415814,0.5471278700172593,1.2622853133498815,31.7985633277058,23.162775934412096,53.439119958374896,noon2,simple,0.6,0.08983412170841489,30000.0,6000.0,1.0,1e-06,1.0,1.0,0.0,0.0,0.0,0.0,0.0,0.0,0.0,0,1.5,psi4,8,143.56337020262956,177.02052525272532,974.6939236570537,71.55624938779106,90.10861235731335,692.8965249404184,-72.00712081483849,-86.91191289541196,-281.79739871663526,142.31943154194738,53.32076932665241,-546.6792306733477,5999.77490234375,0.1988852031211693,6.409846544875374,0.0,0.0,0.0
classical,600.0,80.0,0.2,0.7,rayleigh,1.0,0.028130814138268814,0.2138907659724164,532.0,810.0,809.0,655.2899999999507,0.85,0.016737834412269944,80000.0,16000.0,15999.796875,0.7483945282256335,0.549016165189294,1.2730079472789342,31.683443154309728,23.2427173162439,53.89306496965267,-,simple,0.6,0.08983412170841489,30000.0,6000.0,1.0,1e-06,1.0,1.0,0.0,0.0,0.0,0.0,0.0,0.0,0.0,0,1.5,psi4,9,141.2691437645516,174.26078782856652,1057.6376551002966,189.92272617157087,259.7777501822418,2313.414469996954,48.653582407019286,85.51696235367528,1255.7768148966575,274.201329449949,94.51277642326241,-505.4872235767376,,,,,,
quant_diff,600.0,80.0,0.2,0.7,rayleigh,1.0,0.028130814138268814,0.2138907659724164,532.0,810.0,809.0,655.2899999999507,0.85,0.016737834412269944,80000.0,16000.0,15999.796875,0.20781089248579696,0.19883922494016132,0.26563083146283445,10836.573575301323,10368.734116606594,13851.670692440759,diff,simple,0.6,0.08983412170841489,30000.0,6000.0,1.0,1e-06,1.0,1.0,0.0,0.0,0.0,0.0,0.0,0.0,0.0,0,1.5,psi4,9,141.2691437645516,174.26078782856652,1057.6376551002966,8628.839150512693,10906.220071110001,98818.72575189597,8487.570006748141,10731.959283281436,97761.08809679568,10906.95925715775,263.17986053033434,-336.8201394696657,5999.612503051758,nan,nan,0.0,0.0,0.0
hybrid_diff,600.0,80.0,0.2,0.7,rayleigh,1.0,0.028130814138268814,0.2138907659724164,532.0,810.0,809.0,655.2899999999507,0.85,0.016737834412269944,80000.0,16000.0,15999.796875,0.7483945282256335,0.549016165189294,1.2730079472789342,31.683443154309728,23.2427173162439,53.89306496965267,diff,simple,0.6,0.08983412170841489,30000.0,6000.0,1.0,1e-06,1.0,1.0,0.0,0.0,0.0,0.0,0.0,0.0,0.0,0,1.5,psi4,9,141.2691437645516,174.26078782856652,1057.6376551002966,1627.4589982717896,2058.5782260814203,21248.53956920126,1486.189854507238,1884.317438252854,20190.901914100963,2062.0719886711167,377.40594732965934,-222.59405267034072,5999.612503051758,0.19883922494016132,10368.734116606594,0.0,0.0,0.0
quant_noon2,600.0,80.0,0.2,0.7,rayleigh,1.0,0.028130814138268814,0.2138907659724164,532.0,810.0,809.0,0.405,0.85,0.016737834412269944,80000.0,16000.0,15999.796875,0.20827553950238115,0.19920167746125672,0.2663209686638013,6.712486531479393,6.420046157131673,8.583225468902812,noon2,simple,0.6,0.08983412170841489,30000.0,6000.0,1.0,1e-06,1.0,1.0,0.0,0.0,0.0,0.0,0.0,0.0,0.0,0,1.5,psi4,9,141.2691437645516,174.26078782856652,1057.6376551002966,63.79444010826147,79.58334163549347,605.1698926787582,-77.47470365629012,-94.67744619307304,-452.4677624215383,152.05935547863746,-14.801349543329966,-614.80134954333,5999.923538208008,nan,nan,0.0,0.0,0.0
hybrid_noon2,600.0,80.0,0.2,0.7,rayleigh,1.0,0.028130814138268814,0.2138907659724164,532.0,810.0,809.0,0.405,0.85,0.016737834412269944,80000.0,16000.0,15999.796875,0.7483945282256335,0.549016165189294,1.2730079472789342,31.683443154309728,23.2427173162439,53.89306496965267,noon2,simple,0.6,0.08983412170841489,30000.0,6000.0,1.0,1e-06,1.0,1.0,0.0,0.0,0.0,0.0,0.0,0.0,0.0,0,1.5,psi4,9,141.2691437645516,174.26078782856652,1057.6376551002966,71.45290190253057,89.52937885888718,657.7670939816761,-69.81624186202102,-84.73140896967932,-399.8705611186204,142.94493814996412,51.98887207064893,-548.0111279293511,5999.923538208008,0.19920167746125672,6.420046157131673,0.0,0.0,0.0
classical,800.0,80.0,0.2,0.7,rayleigh,1.0,0.028130814138268814,0.2138907659724164,532.0,810.0,809.0,655.2899999999507,0.85,0.016737834412269944,80000.0,16000.0,15999.297653198242,0.8067482607476848,0.5481965074940364,1.2947771557594576,34.15386095865637,23.208016931601513,54.814669088060974,-,simple,0.6,0.08983412170841489,30000.0,6000.0,1.0,1e-06,1.0,1.0,0.0,0.0,0.0,0.0,0.0,0.0,0.0,0,1.5,psi4,0,174.07833244840458,210.62670837420285,1063.0466964865154,215.64433463376523,280.9589754317811,2452.8033061170995,41.56600218536067,70.33226705757822,1389.7566096305839,342.6357301328412,126.47173086025492,-673.5282691397451,,,,,,
quant_diff,800.0,80.0,0.2,0.7,rayleigh,1.0,0.028130814138268814,0.2138907659724164,532.0,810.0,809.0,655.2899999999507,0.85,0.016737834412269944,80000.0,16000.0,15999.297653198242,0.20746585371187345,0.19838982389279053,0.2663767115742927,10818.581072525227,10345.299505184656,13890.565596406026,diff,simple,0.6,0.08983412170841489,30000.0,6000.0,1.0,1e-06,1.0,1.0,0.0,0.0,0.0,0.0,0.0,0.0,0.0,0,1.5,psi4,0,174.07833244840458,210.62670837420285,1063.0466964865154,8563.158260120485,10813.898880734412,93404.7917803923,8389.079927672079,10603.27217236021,92341.74508390579,10812.589063574764,701.5801718640485,-98.41982813595166,5999.639862060547,nan,nan,0.0,0.0,0.0
hybrid_diff,800.0,80.0,0.2,0.7,rayleigh,1.0,0.028130814138268814,0.2138907659724164,532.0,810.0,809.0,655.2899999999507,0.85,0.016737834412269944,80000.0,16000.0,15999.297653198242,0.8067482607476848,0.5481965074940364,1.2947771557594576,34.15386095865637,23.208016931601513,54.814669088060974,diff,simple,0.6,0.08983412170841489,30000.0,6000.0,1.0,1e-06,1.0,1.0,0.0,0.0,0.0,0.0,0.0,0.0,0.0,0,1.5,psi4,0,174.07833244840458,210.62670837420285,1063.0466964865154,1632.476604270086,2042.1517744360724,17797.0534125595,1458.3982718216814,1831.5250660618694,16734.006716072985,2034.7693249126455,642.263340772896,-157.73665922710413,5999.639862060547,0.19838982389279053,10345.299505184656,0.0,0.0,0.0
quant_noon2,800.0,80.0,0.2,0.7,rayleigh,1.0,0.028130814138268814,0.2138907659724164,532.0,810.0,809.0,0.405,0.85,0.016737834412269944,80000.0,16000.0,15999.297653198242,0.2077334499680764,0.19939846082258425,0.2651132339540909,6.695015595110339,6.42638826367806,8.544301536731517,noon2,simple,0.6,0.08983412170841489,30000.0,6000.0,1.0,1e-06,1.0,1.0,0.0,0.0,0.0,0.0,0.0,0.0,0.0,0,1.5,psi4,0,174.07833244840458,210.62670837420285,1063.0466964865154,64.7973121171277,80.16729916967378,548.7318745490612,-109.28102033127686,-130.45940920452907,-514.3148219374542,202.5334480700347,-14.815787800828819,-814.8157878008288,5999.608261108398,nan,nan,0.0,0.0,0.0
hybrid_noon2,800.0,80.0,0.2,0.7,rayleigh,1.0,0.028130814138268814,0.2138907659724164,532.0,810.0,809.0,0.405,0.85,0.016737834412269944,80000.0,16000.0,15999.297653198242,0.8067482607476848,0.5481965074940364,1.2947771557594576,34.15386095865637,23.208016931601513,54.814669088060974,noon2,simple,0.6,0.08983412170841489,30000.0,6000.0,1.0,1e-06,1.0,1.0,0.0,0.0,0.0,0.0,0.0,0.0,0.0,0,1.5,psi4,0,174.07833244840458,210.62670837420285,1063.0466964865154,69.83869806442846,86.77918096452997,647.9503830461633,-104.23963438397611,-123.84752740967288,-415.0963134403521,202.93963423488492,-3.839954141451695,-803.8399541414518,5999.608261108398,0.19939846082258425,6.42638826367806,0.0,0.0,0.0
classical,800.0,80.0,0.2,0.7,rayleigh,1.0,0.028130814138268814,0.2138907659724164,532.0,810.0,809.0,655.2899999999507,0.85,0.016737834412269944,80000.0,16000.0,16000.655776977539,0.7625481952549304,0.5440721890348739,1.2781395755744915,32.2826416890865,23.033413023471724,54.110313556139296,-,simple,0.6,0.08983412170841489,30000.0,6000.0,1.0,1e-06,1.0,1.0,0.0,0.0,0.0,0.0,0.0,0.0,0.0,0,1.5,psi4,1,176.51592970994787,213.11134414249113,1141.9482452536436,193.3884783136755,266.57989252870493,2371.163616480341,16.872548603727655,53.46854838621379,1229.2153712266972,313.75539860245686,15.441939574107236,-784.5580604258928,,,,,,
quant_diff,800.0,80.0,0.2,0.7,rayleigh,1.0,0.028130814138268814,0.2138907659724164,532.0,810.0,809.0,655.2899999999507,0.85,0.016737834412269944,80000.0,16000.0,16000.655776977539,0.20845928886508908,0.1993892160347105,0.26718581516386275,10870.385061244671,10397.41412895123,13932.757372176466,diff,simple,0.6,0.08983412170841489,30000.0,6000.0,1.0,1e-06,1.0,1.0,0.0,0.0,0.0,0.0,0.0,0.0,0.0,0,1.5,psi4,1,176.51592970994787,213.11134414249113,1141.9482452536436,8526.92348072274,10798.50779889052,116791.0913492474,8350.407551012793,10585.396454748028,115649.14310399376,10797.746078312515,1143.6537858746453,343.6537858746452,6000.430725097656,nan,nan,0.0,0.0,0.0
hybrid_diff,800.0,80.0,0.2,0.7,rayleigh,1.0,0.028130814138268814,0.2138907659724164,532.0,810.0,809.0,655.2899999999507,0.85,0.016737834412269944,80000.0,16000.0,16000.655776977539,0.7625481952549304,0.5440721890348739,1.2781395755744915,32.2826416890865,23.033413023471724,54.110313556139296,diff,simple,0.6,0.08983412170841489,30000.0,6000.0,1.0,1e-06,1.0,1.0,0.0,0.0,0.0,0.0,0.0,0.0,0.0,0,1.5,psi4,1,176.51592970994787,213.11134414249113,1141.9482452536436,1639.5239815041402,2054.970769206502,15423.503018116096,1463.0080517941924,1841.8594250640112,14281.554772862453,2052.068865713004,887.0614166655519,87.06141666555179,6000.430725097656,0.1993892160347105,10397.41412895123,0.0,0.0,0.0
quant_noon2,800.0,80.0,0.2,0.7,rayleigh,1.0,0.028130814138268814,0.2138907659724164,532.0,810.0,809.0,0.405,0.85,0.016737834412269944,80000.0,16000.0,16000.655776977539,0.20851565020050322,0.19974614327347398,0.2682043945860748,6.720225029389706,6.437593678266854,8.643926169361954,noon2,simple,0.6,0.08983412170841489,30000.0,6000.0,1.0,1e-06,1.0,1.0,0.0,0.0,0.0,0.0,0.0,0.0,0.0,0,1.5,psi4,1,176.51592970994787,213.11134414249113,1141.9482452536436,63.71251375213526,80.32498676930977,572.773798691738,-112.8034159578126,-132.78635737318137,-569.1744465619056,202.610373674678,-5.651555309178554,-805.6515553091787,6000.412307739258,nan,nan,0.0,0.0,0.0
hybrid_noon2,800.0,80.0,0.2,0.7,rayleigh,1.0,0.028130814138268814,0.2138907659724164,532.0,810.0,809.0,0.405,0.85,0.016737834412269944,80000.0,16000.0,16000.655776977539,0.7625481952549304,0.5440721890348739,1.2781395755744915,32.2826416890865,23.033413023471724,54.110313556139296,noon2,simple,0.6,0.08983412170841489,30000.0,6000.0,1.0,1e-06,1.0,1.0,0.0,0.0,0.0,0.0,0.0,0.0,0.0,0,1.5,psi4,1,176.51592970994787,213.11134414249113,1141.9482452536436,68.94090150396786,86.61638985993122,705.9822933158097,-107.57502820597999,-126.4949542825599,-435.9659519378339,203.18734845083316,3.3565170858880826,-796.643482914112,6000.412307739258,0.19974614327347398,6.437593678266854,0.0,0.0,0.0
classical,800.0,80.0,0.2,0.7,rayleigh,1.0,0.028130814138268814,0.2138907659724164,532.0,810.0,809.0,655.2899999999507,0.85,0.016737834412269944,80000.0,16000.0,16000.717880249023,0.7624895962316112,0.5472804635691362,1.2888928405605868,32.280160886843554,23.16923601521743,54.565555339798436,-,simple,0.6,0.08983412170841489,30000.0,6000.0,1.0,1e-06,1.0,1.0,0.0,0.0,0.0,0.0,0.0,0.0,0.0,0,1.5,psi4,2,183.31600097789558,219.60564652800684,1060.2755912601385,220.59072912614388,290.1179881874217,2434.4200843052804,37.2747281482483,70.51234165941487,1374.1444930451419,320.16250330046245,-123.72717604925424,-923.7271760492542,,,,,,
quant_diff,800.0,80.0,0.2,0.7,rayleigh,1.0,0.028130814138268814,0.2138907659724164,532.0,810.0,809.0,655.2899999999507,0.85,0.016737834412269944,80000.0,16000.0,16000.717880249023,0.20828622836852817,0.19911342128895074,0.2672725350603929,10861.360592981593,10383.0324475179,13937.279495766576,diff,simple,0.6,0.08983412170841489,30000.0,6000.0,1.0,1e-06,1.0,1.0,0.0,0.0,0.0,0.0,0.0,0.0,0.0,0,1.5,psi4,2,183.31600097789558,219.60564652800684,1060.2755912601385,8564.071884672847,10826.274616853581,109955.14125838873,8380.755883694952,10606.668970325574,108894.8656671286,10826.579557337636,436.4413946579385,-363.5586053420616,5999.972900390625,nan,nan,0.0,0.0,0.0
hybrid_diff,800.0,80.0,0.2,0.7,rayleigh,1.0,0.028130814138268814,0.2138907659724164,532.0,810.0,809.0,655.2899999999507,0.85,0.016737834412269944,80000.0,16000.0,16000.717880249023,0.7624895962316112,0.5472804635691362,1.2888928405605868,32.280160886843554,23.16923601521743,54.565555339798436,diff,simple,0.6,0.08983412170841489,30000.0,6000.0,1.0,1e-06,1.0,1.0,0.0,0.0,0.0,0.0,0.0,0.0,0.0,0,1.5,psi4,2,183.31600097789558,219.60564652800684,1060.2755912601385,1591.4389207660467,1990.0506350867354,16536.44636544008,1408.1229197881512,1770.4449885587285,15476.170774179938,1991.1454334771543,545.0411194937077,-254.95888050629236,5999.972900390625,0.19911342128895074,10383.0324475179,0.0,0.0,0.0
quant_noon2,800.0,80.0,0.2,0.7,rayleigh,1.0,0.028130814138268814,0.2138907659724164,532.0,810.0,809.0,0.405,0.85,0.016737834412269944,80000.0,16000.0,16000.717880249023,0.2081569786400388,0.19918337562867705,0.2666109875198814,6.708665448151342,6.419456309639328,8.592572450646152,noon2,simple,0.6,0.08983412170841489,30000.0,6000.0,1.0,1e-06,1.0,1.0,0.0,0.0,0.0,0.0,0.0,0.0,0.0,0,1.5,psi4,2,183.31600097789558,219.60564652800684,1060.2755912601385,64.6077780245488,79.91113069940451,512.6266893509453,-118.70822295334679,-139.69451582860233,-547.6489019091932,202.54870829256345,-2.0068284337443982,-802.0068284337445,5999.956100463867,nan,nan,0.0,0.0,0.0
hybrid_noon2,800.0,80.0,0.2,0.7,rayleigh,1.0,0.028130814138268814,0.2138907659724164,532.0,810.0,809.0,0.405,0.85,0.016737834412269944,80000.0,16000.0,16000.717880249023,0.7624895962316112,0.5472804635691362,1.2888928405605868,32.280160886843554,23.16923601521743,54.565555339798436,noon2,simple,0.6,0.08983412170841489,30000.0,6000.0,1.0,1e-06,1.0,1.0,0.0,0.0,0.0,0.0,0.0,0.0,0.0,0,1.5,psi4,2,183.31600097789558,219.60564652800684,1060.2755912601385,69.75212964408554,86.55472809551486,585.0818632883254,-113.56387133381006,-133.05091843249198,-475.19372797181313,203.2760760147794,10.605741516902244,-789.3942584830979,5999.956100463867,0.19918337562867705,6.419456309639328,0.0,0.0,0.0
classical,800.0,80.0,0.2,0.7,rayleigh,1.0,0.028130814138268814,0.2138907659724164,532.0,810.0,809.0,655.2899999999507,0.85,0.016737834412269944,80000.0,16000.0,15999.591720581055,0.7727906983358661,0.5475764355125918,1.2853066307282965,32.716260257747166,23.18176605103688,54.413732376006614,-,simple,0.6,0.08983412170841489,30000.0,6000.0,1.0,1e-06,1.0,1.0,0.0,0.0,0.0,0.0,0.0,0.0,0.0,0,1.5,psi4,3,180.56653772330347,218.4939574956563,1145.7786346488124,239.13136983697882,316.0777641160561,2439.4250198326563,58.56483211367534,97.58380662039974,1293.6463851838441,389.5156182194154,241.2950305518652,-558.7049694481348,,,,,,
quant_diff,800.0,80.0,0.2,0.7,rayleigh,1.0,0.028130814138268814,0.2138907659724164,532.0,810.0,809.0,655.2899999999507,0.85,0.016737834412269944,80000.0,16000.0,15999.591720581055,0.2075079919310715,0.19901464291313403,0.2653811215653102,10820.778425643774,10377.88151859217,13838.64923988534,diff,simple,0.6,0.08983412170841489,30000.0,6000.0,1.0,1e-06,1.0,1.0,0.0,0.0,0.0,0.0,0.0,0.0,0.0,0,1.5,psi4,3,180.56653772330347,218.4939574956563,1145.7786346488124,8552.66002557223,10815.286298625178,94861.4808315688,8372.093487848926,10596.792341129521,93715.70219691998,10812.507552960522,674.3188279174095,-125.68117208259059,5999.730850219727,nan,nan,0.0,0.0,0.0
hybrid_diff,800.0,80.0,0.2,0.7,rayleigh,1.0,0.028130814138268814,0.2138907659724164,532.0,810.0,809.0,655.2899999999507,0.85,0.016737834412269944,80000.0,16000.0,15999.591720581055,0.7727906983358661,0.5475764355125918,1.2853066307282965,32.716260257747166,23.18176605103688,54.413732376006614,diff,simple,0.6,0.08983412170841489,30000.0,6000.0,1.0,1e-06,1.0,1.0,0.0,0.0,0.0,0.0,0.0,0.0,0.0,0,1.5,psi4,3,180.56653772330347,218.4939574956563,1145.7786346488124,1669.922771840988,2090.7643434898964,18219.833711360505,1489.3562341176844,1872.2703859942399,17074.05507671169,2078.17255457618,594.645693514881,-205.35430648511897,5999.730850219727,0.19901464291313403,10377.88151859217,0.0,0.0,0.0
quant_noon2,800.0,80.0,0.2,0.7,rayleigh,1.0,0.028130814138268814,0.2138907659724164,532.0,810.0,809.0,0.405,0.85,0.016737834412269944,80000.0,16000.0,15999.591720581055,0.20730381834152467,0.19829249369019633,0.2652071010765612,6.68116905070279,6.390744186134677,8.547326768579843,noon2,simple,0.6,0.08983412170841489,30000.0,6000.0,1.0,1e-06,1.0,1.0,0.0,0.0,0.0,0.0,0.0,0.0,0.0,0,1.5,psi4,3,180.56653772330347,218.4939574956563,1145.7786346488124,64.7736649911961,80.26691923850139,519.5466164905002,-115.79287273210738,-138.2270382571549,-626.232018158312,202.53200703957668,-6.960212328105894,-806.960212328106,5999.706756591797,nan,nan,0.0,0.0,0.0
hybrid_noon2,800.0,80.0,0.2,0.7,rayleigh,1.0,0.028130814138268814,0.2138907659724164,532.0,810.0,809.0,0.405,0.85,0.016737834412269944,80000.0,16000.0,15999.591720581055,0.7727906983358661,0.5475764355125918,1.2853066307282965,32.716260257747166,23.18176605103688,54.413732376006614,noon2,simple,0.6,0.08983412170841489,30000.0,6000.0,1.0,1e-06,1.0,1.0,0.0,0.0,0.0,0.0,0.0,0.0,0.0,0,1.5,psi4,3,180.56653772330347,218.4939574956563,1145.7786346488124,70.81580066138304,88.35004010547112,609.8162030583676,-109.75073706192043,-130.14391739018518,-535.9624315904447,204.3009505150306,3.546530424238954,-796.4534695757611,5999.706756591797,0.19829249369019633,6.390744186134677,0.0,0.0,0.0
classical,800.0,80.0,0.2,0.7,rayleigh,1.0,0.028130814138268814,0.2138907659724164,532.0,810.0,809.0,655.2899999999507,0.85,0.016737834412269944,80000.0,16000.0,16000.618179321289,0.792204630015162,0.5517194733523612,1.284952065651833,33.53815322671497,23.357162448166747,54.39872178731181,-,simple,0.6,0.08983412170841489,30000.0,6000.0,1.0,1e-06,1.0,1.0,0.0,0.0,0.0,0.0,0.0,0.0,0.0,0,1.5,psi4,4,170.86788518460727,213.1172775508249,1174.2672944338044,221.99048482017471,311.5393511339563,2686.7487494998863,51.12259963556744,98.42207358313142,1512.481455066082,329.36158903017986,64.89602323676861,-735.1039767632315,,,,,,
quant_diff,800.0,80.0,0.2,0.7,rayleigh,1.0,0.028130814138268814,0.2138907659724164,532.0,810.0,809.0,655.2899999999507,0.85,0.016737834412269944,80000.0,16000.0,16000.618179321289,0.20784656466741952,0.19927304953860453,0.2665249614435429,10838.433748346732,10391.356473517586,13898.296281724977,diff,simple,0.6,0.08983412170841489,30000.0,6000.0,1.0,1e-06,1.0,1.0,0.0,0.0,0.0,0.0,0.0,0.0,0.0,0,1.5,psi4,4,170.86788518460727,213.1172775508249,1174.2672944338044,8595.098772446707,10817.41308238439,90253.28432614183,8424.2308872621,10604.295804833566,89079.01703170802,10812.604401163002,1103.9530856266629,303.95308562666276,6000.367767333984,nan,nan,0.0,0.0,0.0
hybrid_diff,800.0,80.0,0.2,0.7,rayleigh,1.0,0.028130814138268814,0.2138907659724164,532.0,810.0,809.0,655.2899999999507,0.85,0.016737834412269944,80000.0,16000.0,16000.618179321289,0.792204630015162,0.5517194733523612,1.284952065651833,33.53815322671497,23.357162448166747,54.39872178731181,diff,simple,0.6,0.08983412170841489,30000.0,6000.0,1.0,1e-06,1.0,1.0,0.0,0.0,0.0,0.0,0.0,0.0,0.0,0,1.5,psi4,4,170.86788518460727,213.1172775508249,1174.2672944338044,1678.0923465361284,2124.653247406124,17576.207237490104,1507.2244613515213,1911.5359698552988,16401.9399430563,2104.804621299762,1089.279885505754,289.27988550575384,6000.367767333984,0.19927304953860453,10391.356473517586,0.0,0.0,0.0
quant_noon2,800.0,80.0,0.2,0.7,rayleigh,1.0,0.028130814138268814,0.2138907659724164,532.0,810.0,809.0,0.405,0.85,0.016737834412269944,80000.0,16000.0,16000.618179321289,0.2074358866604224,0.19870166504436967,0.2648374049384654,6.685425464172917,6.403931318961305,8.53541187759631,noon2,simple,0.6,0.08983412170841489,30000.0,6000.0,1.0,1e-06,1.0,1.0,0.0,0.0,0.0,0.0,0.0,0.0,0.0,0,1.5,psi4,4,170.86788518460727,213.1172775508249,1174.2672944338044,65.0348092570035,80.34519835021678,507.2472270105589,-105.83307592760377,-132.77207920060812,-667.0200674232456,202.6049306945641,-26.612474742322263,-826.6124747423223,6000.343307495117,nan,nan,0.0,0.0,0.0
hybrid_noon2,800.0,80.0,0.2,0.7,rayleigh,1.0,0.028130814138268814,0.2138907659724164,532.0,810.0,809.0,0.405,0.85,0.016737834412269944,80000.0,16000.0,16000.618179321289,0.792204630015162,0.5517194733523612,1.284952065651833,33.53815322671497,23.357162448166747,54.39872178731181,noon2,simple,0.6,0.08983412170841489,30000.0,6000.0,1.0,1e-06,1.0,1.0,0.0,0.0,0.0,0.0,0.0,0.0,0.0,0,1.5,psi4,4,170.86788518460727,213.1172775508249,1174.2672944338044,70.1368619750159,87.231180291566,643.7825279443712,-100.73102320959137,-125.88609725925889,-530.4847664894332,202.65118704407274,-11.880901424423561,-811.8809014244237,6000.343307495117,0.19870166504436967,6.403931318961305,0.0,0.0,0.0
classical,800.0,80.0,0.2,0.7,rayleigh,1.0,0.028130814138268814,0.2138907659724164,532.0,810.0,809.0,655.2899999999507,0.85,0.016737834412269944,80000.0,16000.0,16000.032119750977,0.7595839261384747,0.5514318768307758,1.285405703788263,32.15714871913124,23.344986987631735,54.41792665528738,-,simple,0.6,0.08983412170841489,30000.0,6000.0,1.0,1e-06,1.0,1.0,0.0,0.0,0.0,0.0,0.0,0.0,0.0,0,1.5,psi4,5,174.74304093263183,213.29133680767788,1080.3094057265864,264.9731049596896,349.32402697442075,2956.191756374124,90.23006402705772,136.03269016674287,1875.8823506475374,346.3228306473659,59.0388090974837,-740.9611909025164,,,,,,
quant_diff,800.0,80.0,0.2,0.7,rayleigh,1.0,0.028130814138268814,0.2138907659724164,532.0,810.0,809.0,655.2899999999507,0.85,0.016737834412269944,80000.0,16000.0,16000.032119750977,0.20811623784769567,0.19921893619782755,0.2664270044882518,10852.496212659316,10388.534661861226,13893.188186857926,diff,simple,0.6,0.08983412170841489,30000.0,6000.0,1.0,1e-06,1.0,1.0,0.0,0.0,0.0,0.0,0.0,0.0,0.0,0,1.5,psi4,5,174.74304093263183,213.29133680767788,1080.3094057265864,8544.914444266466,10833.435031426081,100817.69642985046,8370.171403333834,10620.143694618402,99737.38702412388,10830.868451473796,884.7941894704812,84.79418947048117,6000.012908935547,nan,nan,0.0,0.0,0.0
hybrid_diff,800.0,80.0,0.2,0.7,rayleigh,1.0,0.028130814138268814,0.2138907659724164,532.0,810.0,809.0,655.2899999999507,0.85,0.016737834412269944,80000.0,16000.0,16000.032119750977,0.7595839261384747,0.5514318768307758,1.285405703788263,32.15714871913124,23.344986987631735,54.41792665528738,diff,simple,0.6,0.08983412170841489,30000.0,6000.0,1.0,1e-06,1.0,1.0,0.0,0.0,0.0,0.0,0.0,0.0,0.0,0,1.5,psi4,5,174.74304093263183,213.29133680767788,1080.3094057265864,1642.5410632481044,2061.061653723511,16450.462502580347,1467.7980223154725,1847.7703169158333,15370.15309685376,2050.2963551506805,930.2273576606866,130.22735766068652,6000.012908935547,0.19921893619782755,10388.534661861226,0.0,0.0,0.0
quant_noon2,800.0,80.0,0.2,0.7,rayleigh,1.0,0.028130814138268814,0.2138907659724164,532.0,810.0,809.0,0.405,0.85,0.016737834412269944,80000.0,16000.0,16000.032119750977,0.20779532406973772,0.19932292859487688,0.2643983775489488,6.697009727858915,6.42395394487908,8.521262518309463,noon2,simple,0.6,0.08983412170841489,30000.0,6000.0,1.0,1e-06,1.0,1.0,0.0,0.0,0.0,0.0,0.0,0.0,0.0,0,1.5,psi4,5,174.74304093263183,213.29133680767788,1080.3094057265864,64.18769126756604,79.05866424676144,495.09947577335055,-110.55534966506578,-134.23267256091643,-585.2099299532358,202.5618214042311,-25.672846530514978,-825.672846530515,5999.995223999023,nan,nan,0.0,0.0,0.0
hybrid_noon2,800.0,80.0,0.2,0.7,rayleigh,1.0,0.028130814138268814,0.2138907659724164,532.0,810.0,809.0,0.405,0.85,0.016737834412269944,80000.0,16000.0,16000.032119750977,0.7595839261384747,0.5514318768307758,1.285405703788263,32.15714871913124,23.344986987631735,54.41792665528738,noon2,simple,0.6,0.08983412170841489,30000.0,6000.0,1.0,1e-06,1.0,1.0,0.0,0.0,0.0,0.0,0.0,0.0,0.0,0,1.5,psi4,5,174.74304093263183,213.29133680767788,1080.3094057265864,69.15780056001012,85.70486636983264,573.6281522220596,-105.5852403726217,-127.58647043784522,-506.68125350452675,202.22338643135075,-13.993094287391534,-813.9930942873916,5999.995223999023,0.19932292859487688,6.42395394487908,0.0,0.0,0.0
classical,800.0,80.0,0.2,0.7,rayleigh,1.0,0.028130814138268814,0.2138907659724164,532.0,810.0,809.0,655.2899999999507,0.85,0.016737834412269944,80000.0,16000.0,15999.597274780273,0.7626142007750796,0.5432973756322926,1.271002874467442,32.285436046964136,23.000611131595146,53.8081797813633,-,simple,0.6,0.08983412170841489,30000.0,6000.0,1.0,1e-06,1.0,1.0,0.0,0.0,0.0,0.0,0.0,0.0,0.0,0,1.5,psi4,6,176.30223289605732,215.40154437818973,1166.7690594810463,207.90968759817815,274.55054403014117,2128.559667466072,31.607454702120837,59.148999651951456,961.7906079850258,336.91355754587636,178.62851927507262,-621.3714807249274,,,,,,
quant_diff,800.0,80.0,0.2,0.7,rayleigh,1.0,0.028130814138268814,0.2138907659724164,532.0,810.0,809.0,655.2899999999507,0.85,0.016737834412269944,80000.0,16000.0,15999.597274780273,0.20824309492588902,0.19935293057858583,0.26723211782579465,10859.111342621689,10395.521975896572,13935.17188566397,diff,simple,0.6,0.08983412170841489,30000.0,6000.0,1.0,1e-06,1.0,1.0,0.0,0.0,0.0,0.0,0.0,0.0,0.0,0,1.5,psi4,6,176.30223289605732,215.40154437818973,1166.7690594810463,8572.846247140766,10837.99001896227,81757.70910927394,8396.54401424471,10622.588474584081,80590.94004979289,10832.925836369277,1158.4812067658852,358.48120676588525,5999.7635498046875,nan,nan,0.0,0.0,0.0
hybrid_diff,800.0,80.0,0.2,0.7,rayleigh,1.0,0.028130814138268814,0.2138907659724164,532.0,810.0,809.0,655.2899999999507,0.85,0.016737834412269944,80000.0,16000.0,15999.597274780273,0.7626142007750796,0.5432973756322926,1.271002874467442,32.285436046964136,23.000611131595146,53.8081797813633,diff,simple,0.6,0.08983412170841489,30000.0,6000.0,1.0,1e-06,1.0,1.0,0.0,0.0,0.0,0.0,0.0,0.0,0.0,0,1.5,psi4,6,176.30223289605732,215.40154437818973,1166.7690594810463,1704.2811472614123,2152.694042930085,17520.219633186065,1527.9789143653552,1937.292498551895,16353.450573705019,2130.530121011423,949.1767836049518,149.1767836049517,5999.7635498046875,0.19935293057858583,10395.521975896572,0.0,0.0,0.0
quant_noon2,800.0,80.0,0.2,0.7,rayleigh,1.0,0.028130814138268814,0.2138907659724164,532.0,810.0,809.0,0.405,0.85,0.016737834412269944,80000.0,16000.0,15999.597274780273,0.2077455288403038,0.19889817960482453,0.26587420443182724,6.6954048835852875,6.410264762357704,8.56882675987996,noon2,simple,0.6,0.08983412170841489,30000.0,6000.0,1.0,1e-06,1.0,1.0,0.0,0.0,0.0,0.0,0.0,0.0,0.0,0,1.5,psi4,6,176.30223289605732,215.40154437818973,1166.7690594810463,64.27724939082141,80.07062894073634,546.2811589908875,-112.0249835052359,-135.3309154374534,-620.4879004901587,202.5751772758233,-14.085809916436315,-814.0858099164363,5999.76383972168,nan,nan,0.0,0.0,0.0
hybrid_noon2,800.0,80.0,0.2,0.7,rayleigh,1.0,0.028130814138268814,0.2138907659724164,532.0,810.0,809.0,0.405,0.85,0.016737834412269944,80000.0,16000.0,15999.597274780273,0.7626142007750796,0.5432973756322926,1.271002874467442,32.285436046964136,23.000611131595146,53.8081797813633,noon2,simple,0.6,0.08983412170841489,30000.0,6000.0,1.0,1e-06,1.0,1.0,0.0,0.0,0.0,0.0,0.0,0.0,0.0,0,1.5,psi4,6,176.30223289605732,215.40154437818973,1166.7690594810463,69.5759353652653,86.88169725079054,687.4559115545264,-106.72629753079202,-128.51984712739917,-479.3131479265197,202.85935383761955,-2.335311937078411,-802.3353119370785,5999.76383972168,0.19889817960482453,6.410264762357704,0.0,0.0,0.0
classical,800.0,80.0,0.2,0.7,rayleigh,1.0,0.028130814138268814,0.2138907659724164,532.0,810.0,809.0,655.2899999999507,0.85,0.016737834412269944,80000.0,16000.0,16000.203338623047,0.7802933153891767,0.5502680971524727,1.2968462411269874,33.0338851627297,23.295718124898237,54.90226426166408,-,simple,0.6,0.08983412170841489,30000.0,6000.0,1.0,1e-06,1.0,1.0,0.0,0.0,0.0,0.0,0.0,0.0,0.0,0,1.5,psi4,7,175.50348702129085,213.37501551589554,1204.9872658976542,243.37016535106773,320.0383333525576,2513.794586545261,67.86667832977687,106.663317836662,1308.8073206476067,401.11380884067245,172.56728035073425,-627.4327196492658,,,,,,
quant_diff,800.0,80.0,0.2,0.7,rayleigh,1.0,0.028130814138268814,0.2138907659724164,532.0,810.0,809.0,655.2899999999507,0.85,0.016737834412269944,80000.0,16000.0,16000.203338623047,0.20740372197225954,0.19848431728435606,0.26603675225786255,10815.341130866569,10350.22698794473,13872.837968652557,diff,simple,0.6,0.08983412170841489,30000.0,6000.0,1.0,1e-06,1.0,1.0,0.0,0.0,0.0,0.0,0.0,0.0,0.0,0,1.5,psi4,7,175.50348702129085,213.37501551589554,1204.9872658976542,8521.546983755987,10795.65550813276,89501.97378213091,8346.043496734697,10582.280492616865,88296.98651623326,10794.492572085073,746.4356938793146,-53.56430612068548,6000.172302246094,nan,nan,0.0,0.0,0.0
hybrid_diff,800.0,80.0,0.2,0.7,rayleigh,1.0,0.028130814138268814,0.2138907659724164,532.0,810.0,809.0,655.2899999999507,0.85,0.016737834412269944,80000.0,16000.0,16000.203338623047,0.7802933153891767,0.5502680971524727,1.2968462411269874,33.0338851627297,23.295718124898237,54.90226426166408,diff,simple,0.6,0.08983412170841489,30000.0,6000.0,1.0,1e-06,1.0,1.0,0.0,0.0,0.0,0.0,0.0,0.0,0.0,0,1.5,psi4,7,175.50348702129085,213.37501551589554,1204.9872658976542,1645.8614260237425,2075.5189882500786,19093.87446462126,1470.3579390024518,1862.1439727341829,17888.88719872361,2073.1138484033377,567.2459562608512,-232.75404373914887,6000.172302246094,0.19848431728435606,10350.22698794473,0.0,0.0,0.0
quant_noon2,800.0,80.0,0.2,0.7,rayleigh,1.0,0.028130814138268814,0.2138907659724164,532.0,810.0,809.0,0.405,0.85,0.016737834412269944,80000.0,16000.0,16000.203338623047,0.20761429947723525,0.19887358011689138,0.26646989470403054,6.691175508718527,6.409471948512031,8.588025187782975,noon2,simple,0.6,0.08983412170841489,30000.0,6000.0,1.0,1e-06,1.0,1.0,0.0,0.0,0.0,0.0,0.0,0.0,0.0,0,1.5,psi4,7,175.50348702129085,213.37501551589554,1204.9872658976542,64.30184182723937,79.95756148894267,511.73433366211026,-111.2016451940515,-133.41745402695287,-693.2529322355439,202.60014099605044,-16.661551540901485,-816.6615515409017,6000.145950317383,nan,nan,0.0,0.0,0.0
hybrid_noon2,800.0,80.0,0.2,0.7,rayleigh,1.0,0.028130814138268814,0.2138907659724164,532.0,810.0,809.0,0.405,0.85,0.016737834412269944,80000.0,16000.0,16000.203338623047,0.7802933153891767,0.5502680971524727,1.2968462411269874,33.0338851627297,23.295718124898237,54.90226426166408,noon2,simple,0.6,0.08983412170841489,30000.0,6000.0,1.0,1e-06,1.0,1.0,0.0,0.0,0.0,0.0,0.0,0.0,0.0,0,1.5,psi4,7,175.50348702129085,213.37501551589554,1204.9872658976542,69.08939236295987,86.18792954070089,631.0006117922713,-106.41409465833098,-127.18708597519465,-573.9866541053827,202.85541025785113,-8.554674635778047,-808.5546746357782,6000.145950317383,0.19887358011689138,6.409471948512031,0.0,0.0,0.0
classical,800.0,80.0,0.2,0.7,rayleigh,1.0,0.028130814138268814,0.2138907659724164,532.0,810.0,809.0,655.2899999999507,0.85,0.016737834412269944,80000.0,16000.0,16000.094284057617,0.7813631220174098,0.5484768198598386,1.2893353708584414,33.07917565619722,23.21988401583635,54.58428995504126,-,simple,0.6,0.08983412170841489,30000.0,6000.0,1.0,1e-06,1.0,1.0,0.0,0.0,0.0,0.0,0.0,0.0,0.0,0,1.5,psi4,8,182.3307035147117,222.93773030691537,1145.1104985772104,190.41083653859621,268.0688459058193,2345.0959612446604,8.080133023884512,45.13111559890391,1199.9854626674498,314.3128324419899,-24.47721615756252,-824.4772161575626,,,,,,
quant_diff,800.0,80.0,0.2,0.7,rayleigh,1.0,0.028130814138268814,0.2138907659724164,532.0,810.0,809.0,655.2899999999507,0.85,0.016737834412269944,80000.0,16000.0,16000.094284057617,0.20828531694796124,0.19905094172900112,0.26644855024339326,10861.313065751841,10379.774368308252,13894.311718728815,diff,simple,0.6,0.08983412170841489,30000.0,6000.0,1.0,1e-06,1.0,1.0,0.0,0.0,0.0,0.0,0.0,0.0,0.0,0,1.5,psi4,8,182.3307035147117,222.93773030691537,1145.1104985772104,8588.41871166043,10848.537708218633,98012.65905550003,8406.088008145718,10625.59997791172,96867.54855692282,10845.677805351343,569.3995970158901,-230.60040298410993,6000.068328857422,nan,nan,0.0,0.0,0.0
hybrid_diff,800.0,80.0,0.2,0.7,rayleigh,1.0,0.028130814138268814,0.2138907659724164,532.0,810.0,809.0,655.2899999999507,0.85,0.016737834412269944,80000.0,16000.0,16000.094284057617,0.7813631220174098,0.5484768198598386,1.2893353708584414,33.07917565619722,23.21988401583635,54.58428995504126,diff,simple,0.6,0.08983412170841489,30000.0,6000.0,1.0,1e-06,1.0,1.0,0.0,0.0,0.0,0.0,0.0,0.0,0.0,0,1.5,psi4,8,182.3307035147117,222.93773030691537,1145.1104985772104,1743.1049200398727,2166.0384797017045,16159.668682665651,1560.7742165251611,1943.100749394789,15014.55818408844,2149.0141339021666,720.5586851234076,-79.44131487659247,6000.068328857422,0.19905094172900112,10379.774368308252,0.0,0.0,0.0
quant_noon2,800.0,80.0,0.2,0.7,rayleigh,1.0,0.028130814138268814,0.2138907659724164,532.0,810.0,809.0,0.405,0.85,0.016737834412269944,80000.0,16000.0,16000.094284057617,0.20717759049093057,0.19842897938564882,0.2650294833288503,6.677100868961261,6.395142966685928,8.541602348217713,noon2,simple,0.6,0.08983412170841489,30000.0,6000.0,1.0,1e-06,1.0,1.0,0.0,0.0,0.0,0.0,0.0,0.0,0.0,0,1.5,psi4,8,182.3307035147117,222.93773030691537,1145.1104985772104,62.90639729386371,79.0542015699382,554.6485050189793,-119.42430622084798,-143.88352873697718,-590.4619935582311,202.51219257595366,-17.05364653468404,-817.0536465346842,5999.742324829102,nan,nan,0.0,0.0,0.0
hybrid_noon2,800.0,80.0,0.2,0.7,rayleigh,1.0,0.028130814138268814,0.2138907659724164,532.0,810.0,809.0,0.405,0.85,0.016737834412269944,80000.0,16000.0,16000.094284057617,0.7813631220174098,0.5484768198598386,1.2893353708584414,33.07917565619722,23.21988401583635,54.58428995504126,noon2,simple,0.6,0.08983412170841489,30000.0,6000.0,1.0,1e-06,1.0,1.0,0.0,0.0,0.0,0.0,0.0,0.0,0.0,0,1.5,psi4,8,182.3307035147117,222.93773030691537,1145.1104985772104,68.60575599149395,86.06321733553824,666.6526660937925,-113.72494752321775,-136.87451297137713,-478.45783248341786,202.82911934800876,-2.8195004433835837,-802.8195004433836,5999.742324829102,0.19842897938564882,6.395142966685928,0.0,0.0,0.0
classical,800.0,80.0,0.2,0.7,rayleigh,1.0,0.028130814138268814,0.2138907659724164,532.0,810.0,809.0,655.2899999999507,0.85,0.016737834412269944,80000.0,16000.0,15999.826416015625,0.768135440637941,0.5473745965939156,1.2814131240121458,32.519178922865464,23.173221157047116,54.24889993261001,-,simple,0.6,0.08983412170841489,30000.0,6000.0,1.0,1e-06,1.0,1.0,0.0,0.0,0.0,0.0,0.0,0.0,0.0,0,1.5,psi4,9,179.05394133173743,219.9755758439515,1228.6620380364232,218.35148605392214,293.00625978223417,2336.1119112878573,39.29754472218471,73.03068393828266,1107.4498732514342,333.2495268252402,10.258798530138192,-789.7412014698618,,,,,,
quant_diff,800.0,80.0,0.2,0.7,rayleigh,1.0,0.028130814138268814,0.2138907659724164,532.0,810.0,809.0,655.2899999999507,0.85,0.016737834412269944,80000.0,16000.0,15999.826416015625,0.2081834395119923,0.19935733617026596,0.26704042768690134,10856.000532239595,10395.751711295972,13925.175950085575,diff,simple,0.6,0.08983412170841489,30000.0,6000.0,1.0,1e-06,1.0,1.0,0.0,0.0,0.0,0.0,0.0,0.0,0.0,0,1.5,psi4,9,179.05394133173743,219.9755758439515,1228.6620380364232,8537.432531548064,10801.094301528894,92747.34444268359,8358.378590216325,10581.118725684943,91518.68240464717,10800.02653501156,1077.8101635168318,277.81016351683166,5999.903915405273,nan,nan,0.0,0.0,0.0
hybrid_diff,800.0,80.0,0.2,0.7,rayleigh,1.0,0.028130814138268814,0.2138907659724164,532.0,810.0,809.0,655.2899999999507,0.85,0.016737834412269944,80000.0,16000.0,15999.826416015625,0.768135440637941,0.5473745965939156,1.2814131240121458,32.519178922865464,23.173221157047116,54.24889993261001,diff,simple,0.6,0.08983412170841489,30000.0,6000.0,1.0,1e-06,1.0,1.0,0.0,0.0,0.0,0.0,0.0,0.0,0.0,0,1.5,psi4,9,179.05394133173743,219.9755758439515,1228.6620380364232,1685.9351030707865,2134.93590722261,17527.90313071603,1506.881161739049,1914.960331378658,16299.241092679604,2128.699464720526,830.2310349679933,30.231034967993242,5999.903915405273,0.19935733617026596,10395.751711295972,0.0,0.0,0.0
quant_noon2,800.0,80.0,0.2,0.7,rayleigh,1.0,0.028130814138268814,0.2138907659724164,532.0,810.0,809.0,0.405,0.85,0.016737834412269944,80000.0,16000.0,15999.826416015625,0.20812608712452035,0.1996228336626612,0.2673812284841584,6.707669849328983,6.433619548113306,8.617396451155553,noon2,simple,0.6,0.08983412170841489,30000.0,6000.0,1.0,1e-06,1.0,1.0,0.0,0.0,0.0,0.0,0.0,0.0,0.0,0,1.5,psi4,9,179.05394133173743,219.9755758439515,1228.6620380364232,63.823124078054775,79.57205391222426,594.6584330331106,-115.23081725368267,-140.40352193172723,-634.0036050033126,202.63341499540525,-17.194211081081733,-817.1942110810818,5999.863143920898,nan,nan,0.0,0.0,0.0
hybrid_noon2,800.0,80.0,0.2,0.7,rayleigh,1.0,0.028130814138268814,0.2138907659724164,532.0,810.0,809.0,0.405,0.85,0.016737834412269944,80000.0,16000.0,15999.826416015625,0.768135440637941,0.5473745965939156,1.2814131240121458,32.519178922865464,23.173221157047116,54.24889993261001,noon2,simple,0.6,0.08983412170841489,30000.0,6000.0,1.0,1e-06,1.0,1.0,0.0,0.0,0.0,0.0,0.0,0.0,0.0,0,1.5,psi4,9,179.05394133173743,219.9755758439515,1228.6620380364232,68.90967028097464,86.0161030993472,706.5841814856068,-110.14427105076281,-133.95947274460428,-522.0778565508164,202.71060928814742,-6.241740493552063,-806.2417404935521,5999.863143920898,0.1996228336626612,6.433619548113306,0.0,0.0,0.0
