method,step_nm,rms_nm,sample_reflectivity,sample_visibility_scale,coherence_model,incidence_cos,coherence_class,coherence_quant,lambda_class_nm,lambda1_nm,lambda2_nm,lambda_eff_um,class_visibility,class_visibility_eff,class_photons_per_pixel,class_photons_per_pixel_eff,class_mean_counts_per_pixel_frame,crlb_phi_rad_mean,crlb_phi_rad_median,crlb_phi_rad_p90,crlb_h_nm_mean,crlb_h_nm_median,crlb_h_nm_p90,quant_interferometer,quant_detector_model,quant_visibility,quant_visibility_eff,quant_pairs_per_pixel,quant_pairs_per_pixel_eff,gate_time_s,tau_c_s,eta1,eta2,dark1_hz,dark2_hz,phase_step_sigma_deg,background_drift_frac,amplitude_drift_frac,normalize_frames,hybrid_smooth_sigma_px,recon,rep,Sa_true_nm,Sq_true_nm,Sz_true_nm,Sa_est_nm,Sq_est_nm,Sz_est_nm,bias_Sa_nm,bias_Sq_nm,bias_Sz_nm,rmse_h_nm,step_est_nm,step_err_nm,quant_mean_counts_per_pixel_frame,crlb_phi_coarse_rad_median,crlb_h_coarse_nm_median,quant_target_mean_counts,quant_target_mean_counts_eff,su11_gain
classical,0.0,20.0,1.0,1.0,rayleigh,1.0,0.799970355855317,0.9081069557844099,532.0,810.0,809.0,655.2899999999507,0.85,0.6799748024770194,80000.0,80000.0,79998.45913696289,0.007258752530301629,0.007265251119513169,0.007375388818965725,0.3073008480036297,0.307575967174203,0.3122386703449823,-,simple,0.6,0.544864173470646,30000.0,30000.0,1.0,1e-06,1.0,1.0,0.0,0.0,0.0,0.0,0.0,0,1.5,psi4,0,16.13056008130645,19.94669127082623,136.31647721230465,16.1325627732671,19.94530305717947,136.20628182188156,0.0020026919606496445,-0.001388213646758721,-0.11019539042309319,0.31228495441421505,-1.2341594457929084,-1.2341594457929084,,,,,,
quant_diff,0.0,20.0,1.0,1.0,rayleigh,1.0,0.799970355855317,0.9081069557844099,532.0,810.0,809.0,655.2899999999507,0.85,0.6799748024770194,80000.0,80000.0,79998.45913696289,0.014984052378470537,0.014980536422236741,0.01527041273992053,781.363210143388,781.1798659598405,796.2958495675452,diff,simple,0.6,0.544864173470646,30000.0,30000.0,1.0,1e-06,1.0,1.0,0.0,0.0,0.0,0.0,0.0,0,1.5,psi4,0,16.13056008130645,19.94669127082623,136.31647721230465,626.333462987669,783.9038148457477,6287.195532519857,610.2029029063625,763.9571235749214,6150.879055307552,783.4375099560954,3.3387336606823275,3.3387336606823275,29999.119720458984,nan,nan,0.0,0.0,0.0
hybrid_diff,0.0,20.0,1.0,1.0,rayleigh,1.0,0.799970355855317,0.9081069557844099,532.0,810.0,809.0,655.2899999999507,0.85,0.6799748024770194,80000.0,80000.0,79998.45913696289,0.007258752530301629,0.007265251119513169,0.007375388818965725,0.3073008480036297,0.307575967174203,0.3122386703449823,diff,simple,0.6,0.544864173470646,30000.0,30000.0,1.0,1e-06,1.0,1.0,0.0,0.0,0.0,0.0,0.0,0,1.5,psi4,0,16.13056008130645,19.94669127082623,136.31647721230465,110.76356653817712,166.12652273153157,1367.8140341780927,94.63300645687066,146.17983146070532,1231.4975569657881,164.36629005416563,-1.3267530227747464,-1.3267530227747464,29999.119720458984,0.014980536422236741,781.1798659598405,0.0,0.0,0.0
quant_noon2,0.0,20.0,1.0,1.0,rayleigh,1.0,0.799970355855317,0.9081069557844099,532.0,810.0,809.0,0.405,0.85,0.6799748024770194,80000.0,80000.0,79998.45913696289,0.014845121631178949,0.0148439907335675,0.015161718828199854,0.4784415839015165,0.47840513634265536,0.4886451556986869,noon2,simple,0.6,0.544864173470646,30000.0,30000.0,1.0,1e-06,1.0,1.0,0.0,0.0,0.0,0.0,0.0,0,1.5,psi4,0,16.13056008130645,19.94669127082623,136.31647721230465,16.133809696348848,19.951266324404735,136.5463977045429,0.0032496150423988023,0.004575053578505827,0.22992049223823893,0.48285572598535226,-1.1304721798617843,-1.1304721798617843,29999.12371826172,nan,nan,0.0,0.0,0.0
hybrid_noon2,0.0,20.0,1.0,1.0,rayleigh,1.0,0.799970355855317,0.9081069557844099,532.0,810.0,809.0,0.405,0.85,0.6799748024770194,80000.0,80000.0,79998.45913696289,0.007258752530301629,0.007265251119513169,0.007375388818965725,0.3073008480036297,0.307575967174203,0.3122386703449823,noon2,simple,0.6,0.544864173470646,30000.0,30000.0,1.0,1e-06,1.0,1.0,0.0,0.0,0.0,0.0,0.0,0,1.5,psi4,0,16.13056008130645,19.94669127082623,136.31647721230465,16.1325627732671,19.94530305717947,136.20628182188156,0.0020026919606496445,-0.001388213646758721,-0.11019539042309319,0.31228495441421505,-1.2341594457929084,-1.2341594457929084,29999.12371826172,0.0148439907335675,0.47840513634265536,0.0,0.0,0.0
classical,0.0,20.0,1.0,1.0,rayleigh,1.0,0.799970355855317,0.9081069557844099,532.0,810.0,809.0,655.2899999999507,0.85,0.6799748024770194,80000.0,80000.0,80001.29377746582,0.007264214534575262,0.007270728750967962,0.007380104335808849,0.3075320831281335,0.307807863878779,0.3124383027637234,-,simple,0.6,0.544864173470646,30000.0,30000.0,1.0,1e-06,1.0,1.0,0.0,0.0,0.0,0.0,0.0,0,1.5,psi4,1,15.863852317621603,19.983001028833215,140.20670746595619,15.864023898827947,19.984840170356822,140.94373288031775,0.0001715812063424391,0.001839141523608745,0.7370254143615562,0.3107679386105736,0.9118531739426199,0.9118531739426199,,,,,,
quant_diff,0.0,20.0,1.0,1.0,rayleigh,1.0,0.799970355855317,0.9081069557844099,532.0,810.0,809.0,655.2899999999507,0.85,0.6799748024770194,80000.0,80000.0,80001.29377746582,0.014987632948848792,0.01498492931927288,0.015276629683438746,781.5499237168747,781.4089393802537,796.6200403019325,diff,simple,0.6,0.544864173470646,30000.0,30000.0,1.0,1e-06,1.0,1.0,0.0,0.0,0.0,0.0,0.0,0,1.5,psi4,1,15.863852317621603,19.983001028833215,140.20670746595619,622.7016630227865,780.894941402737,6396.826081726748,606.837810705165,760.9119403739038,6256.619374260793,780.6702275893588,-9.5582083358653,-9.5582083358653,30000.8419342041,nan,nan,0.0,0.0,0.0
hybrid_diff,0.0,20.0,1.0,1.0,rayleigh,1.0,0.799970355855317,0.9081069557844099,532.0,810.0,809.0,655.2899999999507,0.85,0.6799748024770194,80000.0,80000.0,80001.29377746582,0.007264214534575262,0.007270728750967962,0.007380104335808849,0.3075320831281335,0.307807863878779,0.3124383027637234,diff,simple,0.6,0.544864173470646,30000.0,30000.0,1.0,1e-06,1.0,1.0,0.0,0.0,0.0,0.0,0.0,0,1.5,psi4,1,15.863852317621603,19.983001028833215,140.20670746595619,107.92029141044803,166.28481038151196,1369.1941042498797,92.05643909282642,146.30180935267873,1228.9873967839235,165.41329154024652,-0.2769790222767499,-0.2769790222767499,30000.8419342041,0.01498492931927288,781.4089393802537,0.0,0.0,0.0
quant_noon2,0.0,20.0,1.0,1.0,rayleigh,1.0,0.799970355855317,0.9081069557844099,532.0,810.0,809.0,0.405,0.85,0.6799748024770194,80000.0,80000.0,80001.29377746582,0.01485479644125736,0.014851566448170019,0.015173887129855313,0.47875339215562596,0.4786492931090104,0.4890373263835806,noon2,simple,0.6,0.544864173470646,30000.0,30000.0,1.0,1e-06,1.0,1.0,0.0,0.0,0.0,0.0,0.0,0,1.5,psi4,1,15.863852317621603,19.983001028833215,140.20670746595619,15.868691715528865,19.989569485141665,141.05260487624318,0.004839397907260317,0.006568456308450168,0.845897410286987,0.4803286367603072,0.9807601040346533,0.9807601040346533,30000.805068969727,nan,nan,0.0,0.0,0.0
hybrid_noon2,0.0,20.0,1.0,1.0,rayleigh,1.0,0.799970355855317,0.9081069557844099,532.0,810.0,809.0,0.405,0.85,0.6799748024770194,80000.0,80000.0,80001.29377746582,0.007264214534575262,0.007270728750967962,0.007380104335808849,0.3075320831281335,0.307807863878779,0.3124383027637234,noon2,simple,0.6,0.544864173470646,30000.0,30000.0,1.0,1e-06,1.0,1.0,0.0,0.0,0.0,0.0,0.0,0,1.5,psi4,1,15.863852317621603,19.983001028833215,140.20670746595619,15.864023898827947,19.984840170356822,140.94373288031775,0.0001715812063424391,0.001839141523608745,0.7370254143615562,0.3107679386105736,0.9118531739426199,0.9118531739426199,30000.805068969727,0.014851566448170019,0.4786492931090104,0.0,0.0,0.0
classical,0.0,20.0,1.0,1.0,rayleigh,1.0,0.799970355855317,0.9081069557844099,532.0,810.0,809.0,655.2899999999507,0.85,0.6799748024770194,80000.0,80000.0,79999.93424987793,0.007259498724978718,0.0072656074092597184,0.007377637939435589,0.3073324383156135,0.3075910507771765,0.3123338873433255,-,simple,0.6,0.544864173470646,30000.0,30000.0,1.0,1e-06,1.0,1.0,0.0,0.0,0.0,0.0,0.0,0,1.5,psi4,2,16.086296615612845,19.922118801354785,127.29597057267604,16.087776740248813,19.924625352637914,127.667682684154,0.0014801246359701348,0.0025065512831299705,0.3717121114779656,0.31319927876888093,1.7968645218821413,1.7968645218821413,,,,,,
quant_diff,0.0,20.0,1.0,1.0,rayleigh,1.0,0.799970355855317,0.9081069557844099,532.0,810.0,809.0,655.2899999999507,0.85,0.6799748024770194,80000.0,80000.0,79999.93424987793,0.014986757342836828,0.014982568468702986,0.015274961842247116,781.5042640844171,781.2858297078255,796.5330685192274,diff,simple,0.6,0.544864173470646,30000.0,30000.0,1.0,1e-06,1.0,1.0,0.0,0.0,0.0,0.0,0.0,0,1.5,psi4,2,16.086296615612845,19.922118801354785,127.29597057267604,620.6517715070858,776.3831859416056,6117.814782317347,604.565474891473,756.4610671402507,5990.5188117446705,776.096708463066,22.164810637642468,22.164810637642468,29999.958938598633,nan,nan,0.0,0.0,0.0
hybrid_diff,0.0,20.0,1.0,1.0,rayleigh,1.0,0.799970355855317,0.9081069557844099,532.0,810.0,809.0,655.2899999999507,0.85,0.6799748024770194,80000.0,80000.0,79999.93424987793,0.007259498724978718,0.0072656074092597184,0.007377637939435589,0.3073324383156135,0.3075910507771765,0.3123338873433255,diff,simple,0.6,0.544864173470646,30000.0,30000.0,1.0,1e-06,1.0,1.0,0.0,0.0,0.0,0.0,0.0,0,1.5,psi4,2,16.086296615612845,19.922118801354785,127.29597057267604,110.30637666316701,166.55625976094413,1411.6327203303656,94.22008004755416,146.63414095958936,1284.3367497576896,165.17756282493264,5.490142186268853,5.490142186268853,29999.958938598633,0.014982568468702986,781.2858297078255,0.0,0.0,0.0
quant_noon2,0.0,20.0,1.0,1.0,rayleigh,1.0,0.799970355855317,0.9081069557844099,532.0,810.0,809.0,0.405,0.85,0.6799748024770194,80000.0,80000.0,79999.93424987793,0.014847028454943487,0.014846848492521107,0.015165121585587981,0.47850303868813204,0.4784972387015407,0.48875482274452564,noon2,simple,0.6,0.544864173470646,30000.0,30000.0,1.0,1e-06,1.0,1.0,0.0,0.0,0.0,0.0,0.0,0,1.5,psi4,2,16.086296615612845,19.922118801354785,127.29597057267604,16.09753318718611,19.936705152533797,128.70883052995208,0.011236571573265138,0.014586351179010432,1.4128599572760379,0.4831173644977001,1.7983053626248495,1.7983053626248495,30000.014602661133,nan,nan,0.0,0.0,0.0
hybrid_noon2,0.0,20.0,1.0,1.0,rayleigh,1.0,0.799970355855317,0.9081069557844099,532.0,810.0,809.0,0.405,0.85,0.6799748024770194,80000.0,80000.0,79999.93424987793,0.007259498724978718,0.0072656074092597184,0.007377637939435589,0.3073324383156135,0.3075910507771765,0.3123338873433255,noon2,simple,0.6,0.544864173470646,30000.0,30000.0,1.0,1e-06,1.0,1.0,0.0,0.0,0.0,0.0,0.0,0,1.5,psi4,2,16.086296615612845,19.922118801354785,127.29597057267604,16.087776740248813,19.924625352637914,127.667682684154,0.0014801246359701348,0.0025065512831299705,0.3717121114779656,0.31319927876888093,1.7968645218821413,1.7968645218821413,30000.014602661133,0.014846848492521107,0.4784972387015407,0.0,0.0,0.0
classical,0.0,20.0,1.0,1.0,rayleigh,1.0,0.799970355855317,0.9081069557844099,532.0,810.0,809.0,655.2899999999507,0.85,0.6799748024770194,80000.0,80000.0,79999.08157348633,0.007258500029915325,0.007264086763990218,0.00737416062430273,0.30729015834552276,0.3075266739329626,0.3121866744600315,-,simple,0.6,0.544864173470646,30000.0,30000.0,1.0,1e-06,1.0,1.0,0.0,0.0,0.0,0.0,0.0,0,1.5,psi4,3,16.17470535701468,19.99906821070035,124.24932888295653,16.177387951440064,20.001811092194092,125.4379248227037,0.002682594425386492,0.0027428814937421274,1.1885959397471735,0.31192805906908067,0.7731163109434468,0.7731163109434468,,,,,,
quant_diff,0.0,20.0,1.0,1.0,rayleigh,1.0,0.799970355855317,0.9081069557844099,532.0,810.0,809.0,655.2899999999507,0.85,0.6799748024770194,80000.0,80000.0,79999.08157348633,0.014984871241703838,0.014983129194250511,0.015274172170780273,781.4059108486764,781.3150694824043,796.4918900571729,diff,simple,0.6,0.544864173470646,30000.0,30000.0,1.0,1e-06,1.0,1.0,0.0,0.0,0.0,0.0,0.0,0,1.5,psi4,3,16.17470535701468,19.99906821070035,124.24932888295653,625.2778149321373,784.4646474849121,6671.62427009978,609.1031095751226,764.4655792742118,6547.3749412168245,784.497179453191,-2.8482838200241742,-2.8482838200241742,29999.488647460938,nan,nan,0.0,0.0,0.0
hybrid_diff,0.0,20.0,1.0,1.0,rayleigh,1.0,0.799970355855317,0.9081069557844099,532.0,810.0,809.0,655.2899999999507,0.85,0.6799748024770194,80000.0,80000.0,79999.08157348633,0.007258500029915325,0.007264086763990218,0.00737416062430273,0.30729015834552276,0.3075266739329626,0.3121866744600315,diff,simple,0.6,0.544864173470646,30000.0,30000.0,1.0,1e-06,1.0,1.0,0.0,0.0,0.0,0.0,0.0,0,1.5,psi4,3,16.17470535701468,19.99906821070035,124.24932888295653,117.47177718471164,171.24127463258137,1375.1545003926753,101.29707182769697,151.242206421881,1250.9051715097187,171.44916013036337,1.9942686632150088,1.9942686632150088,29999.488647460938,0.014983129194250511,781.3150694824043,0.0,0.0,0.0
quant_noon2,0.0,20.0,1.0,1.0,rayleigh,1.0,0.799970355855317,0.9081069557844099,532.0,810.0,809.0,0.405,0.85,0.6799748024770194,80000.0,80000.0,79999.08157348633,0.014847707309875158,0.014845697105898377,0.015161778426828297,0.47852491741953074,0.47846013080487626,0.48864707649549133,noon2,simple,0.6,0.544864173470646,30000.0,30000.0,1.0,1e-06,1.0,1.0,0.0,0.0,0.0,0.0,0.0,0,1.5,psi4,3,16.17470535701468,19.99906821070035,124.24932888295653,16.174631091311763,20.001869901515608,124.23993178015242,-7.426570291684219e-05,0.0028016908152591943,-0.009397102804118592,0.4845995756540565,0.7799018497481395,0.7799018497481395,29999.36117553711,nan,nan,0.0,0.0,0.0
hybrid_noon2,0.0,20.0,1.0,1.0,rayleigh,1.0,0.799970355855317,0.9081069557844099,532.0,810.0,809.0,0.405,0.85,0.6799748024770194,80000.0,80000.0,79999.08157348633,0.007258500029915325,0.007264086763990218,0.00737416062430273,0.30729015834552276,0.3075266739329626,0.3121866744600315,noon2,simple,0.6,0.544864173470646,30000.0,30000.0,1.0,1e-06,1.0,1.0,0.0,0.0,0.0,0.0,0.0,0,1.5,psi4,3,16.17470535701468,19.99906821070035,124.24932888295653,16.177387951440064,20.001811092194092,125.4379248227037,0.002682594425386492,0.0027428814937421274,1.1885959397471735,0.31192805906908067,0.7731163109434468,0.7731163109434468,29999.36117553711,0.014845697105898377,0.47846013080487626,0.0,0.0,0.0
classical,0.0,20.0,1.0,1.0,rayleigh,1.0,0.799970355855317,0.9081069557844099,532.0,810.0,809.0,655.2899999999507,0.85,0.6799748024770194,80000.0,80000.0,80001.66641235352,0.007258279028063959,0.007264596309493257,0.0073761264417487316,0.3072808021846601,0.307548245651316,0.31226989776398834,-,simple,0.6,0.544864173470646,30000.0,30000.0,1.0,1e-06,1.0,1.0,0.0,0.0,0.0,0.0,0.0,0,1.5,psi4,4,16.160044231162853,19.972052716553165,124.07885299492368,16.16007077463701,19.973828916782818,124.70153536264748,2.654347415809936e-05,0.0017762002296522177,0.6226823677237927,0.30662459680401755,-4.286687443754818,-4.286687443754818,,,,,,
quant_diff,0.0,20.0,1.0,1.0,rayleigh,1.0,0.799970355855317,0.9081069557844099,532.0,810.0,809.0,655.2899999999507,0.85,0.6799748024770194,80000.0,80000.0,80001.66641235352,0.014985930927055444,0.014983602413037032,0.015270791543707692,781.4611695415292,781.3397461013053,796.3156027915513,diff,simple,0.6,0.544864173470646,30000.0,30000.0,1.0,1e-06,1.0,1.0,0.0,0.0,0.0,0.0,0.0,0,1.5,psi4,4,16.160044231162853,19.972052716553165,124.07885299492368,621.3567455890328,778.4639992761142,6292.652753795323,605.19670135787,758.491946559561,6168.5739008004,778.1853110786673,-19.45828454966327,-19.45828454966327,30000.88623046875,nan,nan,0.0,0.0,0.0
hybrid_diff,0.0,20.0,1.0,1.0,rayleigh,1.0,0.799970355855317,0.9081069557844099,532.0,810.0,809.0,655.2899999999507,0.85,0.6799748024770194,80000.0,80000.0,80001.66641235352,0.007258279028063959,0.007264596309493257,0.0073761264417487316,0.3072808021846601,0.307548245651316,0.31226989776398834,diff,simple,0.6,0.544864173470646,30000.0,30000.0,1.0,1e-06,1.0,1.0,0.0,0.0,0.0,0.0,0.0,0,1.5,psi4,4,16.160044231162853,19.972052716553165,124.07885299492368,109.77544930358314,165.78256133467002,1144.3194744121881,93.61540507242029,145.81050861811684,1020.2406214172644,164.74394905310623,-6.617172354614887,-6.617172354614887,30000.88623046875,0.014983602413037032,781.3397461013053,0.0,0.0,0.0
quant_noon2,0.0,20.0,1.0,1.0,rayleigh,1.0,0.799970355855317,0.9081069557844099,532.0,810.0,809.0,0.405,0.85,0.6799748024770194,80000.0,80000.0,80001.66641235352,0.01484672122256618,0.014845139541081298,0.01516247186810868,0.478493136933948,0.478442161117538,0.4886694253285135,noon2,simple,0.6,0.544864173470646,30000.0,30000.0,1.0,1e-06,1.0,1.0,0.0,0.0,0.0,0.0,0.0,0,1.5,psi4,4,16.160044231162853,19.972052716553165,124.07885299492368,16.164396347440533,19.977414747847725,123.65309186807919,0.004352116277679617,0.005362031294560629,-0.425761126844494,0.4809994359613564,-4.339207913660896,-4.339207913660896,30000.912536621094,nan,nan,0.0,0.0,0.0
hybrid_noon2,0.0,20.0,1.0,1.0,rayleigh,1.0,0.799970355855317,0.9081069557844099,532.0,810.0,809.0,0.405,0.85,0.6799748024770194,80000.0,80000.0,80001.66641235352,0.007258279028063959,0.007264596309493257,0.0073761264417487316,0.3072808021846601,0.307548245651316,0.31226989776398834,noon2,simple,0.6,0.544864173470646,30000.0,30000.0,1.0,1e-06,1.0,1.0,0.0,0.0,0.0,0.0,0.0,0,1.5,psi4,4,16.160044231162853,19.972052716553165,124.07885299492368,16.16007077463701,19.973828916782818,124.70153536264748,2.654347415809936e-05,0.0017762002296522177,0.6226823677237927,0.30662459680401755,-4.286687443754818,-4.286687443754818,30000.912536621094,0.014845139541081298,0.478442161117538,0.0,0.0,0.0
classical,0.0,20.0,1.0,1.0,rayleigh,1.0,0.799970355855317,0.9081069557844099,532.0,810.0,809.0,655.2899999999507,0.85,0.6799748024770194,80000.0,80000.0,80000.00296020508,0.007260527554831664,0.00726630415624323,0.0073754580626675505,0.3073759940484949,0.3076205477104282,0.3122416017919769,-,simple,0.6,0.544864173470646,30000.0,30000.0,1.0,1e-06,1.0,1.0,0.0,0.0,0.0,0.0,0.0,0,1.5,psi4,5,15.957990603016844,19.68035655564542,124.31199589454579,15.960004280275562,19.681346490158834,125.23483663758826,0.002013677258718829,0.000989934513412487,0.9228407430424639,0.30928537060583805,-4.0880039265107175,-4.0880039265107175,,,,,,
quant_diff,0.0,20.0,1.0,1.0,rayleigh,1.0,0.799970355855317,0.9081069557844099,532.0,810.0,809.0,655.2899999999507,0.85,0.6799748024770194,80000.0,80000.0,80000.00296020508,0.014988228679339806,0.014985501526127641,0.015271807208073482,781.5809888704848,781.438777862769,796.3685659519326,diff,simple,0.6,0.544864173470646,30000.0,30000.0,1.0,1e-06,1.0,1.0,0.0,0.0,0.0,0.0,0.0,0,1.5,psi4,5,15.957990603016844,19.68035655564542,124.31199589454579,619.3390128744337,775.0013358961602,5937.797209360299,603.3810222714169,755.3209793405148,5813.485213465754,774.9881088109953,-19.284894953071003,-19.284894953071003,30000.03382873535,nan,nan,0.0,0.0,0.0
hybrid_diff,0.0,20.0,1.0,1.0,rayleigh,1.0,0.799970355855317,0.9081069557844099,532.0,810.0,809.0,655.2899999999507,0.85,0.6799748024770194,80000.0,80000.0,80000.00296020508,0.007260527554831664,0.00726630415624323,0.0073754580626675505,0.3073759940484949,0.3076205477104282,0.3122416017919769,diff,simple,0.6,0.544864173470646,30000.0,30000.0,1.0,1e-06,1.0,1.0,0.0,0.0,0.0,0.0,0.0,0,1.5,psi4,5,15.957990603016844,19.68035655564542,124.31199589454579,111.89672998737706,167.47846954774099,1413.0861234783542,95.9387393843602,147.79811299209555,1288.7741275838084,167.6592882942454,-7.276939444260964,-7.276939444260964,30000.03382873535,0.014985501526127641,781.438777862769,0.0,0.0,0.0
quant_noon2,0.0,20.0,1.0,1.0,rayleigh,1.0,0.799970355855317,0.9081069557844099,532.0,810.0,809.0,0.405,0.85,0.6799748024770194,80000.0,80000.0,80000.00296020508,0.014850117972431277,0.014850232698458681,0.015165560928721433,0.47860261036407215,0.47860630785498054,0.4887689822798847,noon2,simple,0.6,0.544864173470646,30000.0,30000.0,1.0,1e-06,1.0,1.0,0.0,0.0,0.0,0.0,0.0,0,1.5,psi4,5,15.957990603016844,19.68035655564542,124.31199589454579,15.960540357285712,19.68407093514277,124.68273889213391,0.002549754268868706,0.0037143794973486573,0.37074299758811796,0.4823630029012477,-4.127048441517405,-4.127048441517405,30000.058837890625,nan,nan,0.0,0.0,0.0
hybrid_noon2,0.0,20.0,1.0,1.0,rayleigh,1.0,0.799970355855317,0.9081069557844099,532.0,810.0,809.0,0.405,0.85,0.6799748024770194,80000.0,80000.0,80000.00296020508,0.007260527554831664,0.00726630415624323,0.0073754580626675505,0.3073759940484949,0.3076205477104282,0.3122416017919769,noon2,simple,0.6,0.544864173470646,30000.0,30000.0,1.0,1e-06,1.0,1.0,0.0,0.0,0.0,0.0,0.0,0,1.5,psi4,5,15.957990603016844,19.68035655564542,124.31199589454579,15.960004280275562,19.681346490158834,125.23483663758826,0.002013677258718829,0.000989934513412487,0.9228407430424639,0.30928537060583805,-4.0880039265107175,-4.0880039265107175,30000.058837890625,0.014850232698458681,0.47860630785498054,0.0,0.0,0.0
classical,0.0,20.0,1.0,1.0,rayleigh,1.0,0.799970355855317,0.9081069557844099,532.0,810.0,809.0,655.2899999999507,0.85,0.6799748024770194,80000.0,80000.0,79998.90405273438,0.00726192069465662,0.007268867991614053,0.007378900566659113,0.3074349729223178,0.3077290882317239,0.3123873409381246,-,simple,0.6,0.544864173470646,30000.0,30000.0,1.0,1e-06,1.0,1.0,0.0,0.0,0.0,0.0,0.0,0,1.5,psi4,6,16.002060947397013,19.952979247129885,130.15937734702007,16.005439736301813,19.95545100383459,130.53845962708567,0.0033787889047998715,0.0024717567047021485,0.37908228006560674,0.31050447634559364,-0.9154272020179783,-0.9154272020179783,,,,,,
quant_diff,0.0,20.0,1.0,1.0,rayleigh,1.0,0.799970355855317,0.9081069557844099,532.0,810.0,809.0,655.2899999999507,0.85,0.6799748024770194,80000.0,80000.0,79998.90405273438,0.014987735638691956,0.014986222322959878,0.015276549496910503,781.5552786144336,781.4763647659959,796.6158588694644,diff,simple,0.6,0.544864173470646,30000.0,30000.0,1.0,1e-06,1.0,1.0,0.0,0.0,0.0,0.0,0.0,0,1.5,psi4,6,16.002060947397013,19.952979247129885,130.15937734702007,623.1713401383766,781.2501463835956,6877.272630724961,607.1692791909796,761.2971671364658,6747.113253377941,780.9775601687451,-15.896431648795776,-15.896431648795776,29999.40882873535,nan,nan,0.0,0.0,0.0
hybrid_diff,0.0,20.0,1.0,1.0,rayleigh,1.0,0.799970355855317,0.9081069557844099,532.0,810.0,809.0,655.2899999999507,0.85,0.6799748024770194,80000.0,80000.0,79998.90405273438,0.00726192069465662,0.007268867991614053,0.007378900566659113,0.3074349729223178,0.3077290882317239,0.3123873409381246,diff,simple,0.6,0.544864173470646,30000.0,30000.0,1.0,1e-06,1.0,1.0,0.0,0.0,0.0,0.0,0.0,0,1.5,psi4,6,16.002060947397013,19.952979247129885,130.15937734702007,113.58778290143186,169.10433515308554,1305.1711832089757,97.58572195403485,149.15135590595565,1175.0118058619557,168.07680319333923,-1.8395375115807238,-1.8395375115807238,29999.40882873535,0.014986222322959878,781.4763647659959,0.0,0.0,0.0
quant_noon2,0.0,20.0,1.0,1.0,rayleigh,1.0,0.799970355855317,0.9081069557844099,532.0,810.0,809.0,0.405,0.85,0.6799748024770194,80000.0,80000.0,79998.90405273438,0.014852193512513743,0.014848619145847243,0.01516875271413022,0.4786695026879733,0.47855430486798556,0.4888718499359668,noon2,simple,0.6,0.544864173470646,30000.0,30000.0,1.0,1e-06,1.0,1.0,0.0,0.0,0.0,0.0,0.0,0,1.5,psi4,6,16.002060947397013,19.952979247129885,130.15937734702007,16.006723224763892,19.959584268632028,130.86328798971311,0.00466227736687823,0.006605021502140952,0.7039106426930468,0.4829368673991791,-1.0427217659273247,-1.0427217659273247,29999.415588378906,nan,nan,0.0,0.0,0.0
hybrid_noon2,0.0,20.0,1.0,1.0,rayleigh,1.0,0.799970355855317,0.9081069557844099,532.0,810.0,809.0,0.405,0.85,0.6799748024770194,80000.0,80000.0,79998.90405273438,0.00726192069465662,0.007268867991614053,0.007378900566659113,0.3074349729223178,0.3077290882317239,0.3123873409381246,noon2,simple,0.6,0.544864173470646,30000.0,30000.0,1.0,1e-06,1.0,1.0,0.0,0.0,0.0,0.0,0.0,0,1.5,psi4,6,16.002060947397013,19.952979247129885,130.15937734702007,16.005439736301813,19.95545100383459,130.53845962708567,0.0033787889047998715,0.0024717567047021485,0.37908228006560674,0.31050447634559364,-0.9154272020179783,-0.9154272020179783,29999.415588378906,0.014848619145847243,0.47855430486798556,0.0,0.0,0.0
classical,0.0,20.0,1.0,1.0,rayleigh,1.0,0.799970355855317,0.9081069557844099,532.0,810.0,809.0,655.2899999999507,0.85,0.6799748024770194,80000.0,80000.0,80000.47381591797,0.007259497442327033,0.007265125240569012,0.007374599881332239,0.30733238401427887,0.3075706380620554,0.3122052705007556,-,simple,0.6,0.544864173470646,30000.0,30000.0,1.0,1e-06,1.0,1.0,0.0,0.0,0.0,0.0,0.0,0,1.5,psi4,7,16.02583369749825,19.908197704436162,123.30299191758986,16.026131901182982,19.91018901463264,124.00973483762623,0.0002982036847313915,0.00199131019647458,0.7067429200363593,0.30724385445195923,-1.9907690716759552,-1.9907690716759552,,,,,,
quant_diff,0.0,20.0,1.0,1.0,rayleigh,1.0,0.799970355855317,0.9081069557844099,532.0,810.0,809.0,655.2899999999507,0.85,0.6799748024770194,80000.0,80000.0,80000.47381591797,0.014984605390758672,0.014979313881256427,0.015270859622180161,781.392047699864,781.1161149450428,796.3191528334523,diff,simple,0.6,0.544864173470646,30000.0,30000.0,1.0,1e-06,1.0,1.0,0.0,0.0,0.0,0.0,0.0,0,1.5,psi4,7,16.02583369749825,19.908197704436162,123.30299191758986,621.9410992278573,778.9417727525608,6299.636467677865,605.9152655303591,759.0335750481246,6176.333475760276,778.5882971889187,12.862380033905692,12.862380033905692,30000.338104248047,nan,nan,0.0,0.0,0.0
hybrid_diff,0.0,20.0,1.0,1.0,rayleigh,1.0,0.799970355855317,0.9081069557844099,532.0,810.0,809.0,655.2899999999507,0.85,0.6799748024770194,80000.0,80000.0,80000.47381591797,0.007259497442327033,0.007265125240569012,0.007374599881332239,0.30733238401427887,0.3075706380620554,0.3122052705007556,diff,simple,0.6,0.544864173470646,30000.0,30000.0,1.0,1e-06,1.0,1.0,0.0,0.0,0.0,0.0,0.0,0,1.5,psi4,7,16.02583369749825,19.908197704436162,123.30299191758986,113.09769112519352,169.31883877009005,1357.0959555331453,97.07185742769528,149.41064106565386,1233.7929636155554,167.77303968674954,-1.0056636607641705,-1.0056636607641705,30000.338104248047,0.014979313881256427,781.1161149450428,0.0,0.0,0.0
quant_noon2,0.0,20.0,1.0,1.0,rayleigh,1.0,0.799970355855317,0.9081069557844099,532.0,810.0,809.0,0.405,0.85,0.6799748024770194,80000.0,80000.0,80000.47381591797,0.014847637166676749,0.01484570900994492,0.015164530428613671,0.4785226567830886,0.478460514458916,0.4887357704197182,noon2,simple,0.6,0.544864173470646,30000.0,30000.0,1.0,1e-06,1.0,1.0,0.0,0.0,0.0,0.0,0.0,0,1.5,psi4,7,16.02583369749825,19.908197704436162,123.30299191758986,16.024351146344234,19.908035166119166,123.20288128416792,-0.0014825511540181447,-0.00016253831699833952,-0.10011063342194124,0.4841784595268561,-1.9214159955391883,-1.9214159955391883,30000.30433654785,nan,nan,0.0,0.0,0.0
hybrid_noon2,0.0,20.0,1.0,1.0,rayleigh,1.0,0.799970355855317,0.9081069557844099,532.0,810.0,809.0,0.405,0.85,0.6799748024770194,80000.0,80000.0,80000.47381591797,0.007259497442327033,0.007265125240569012,0.007374599881332239,0.30733238401427887,0.3075706380620554,0.3122052705007556,noon2,simple,0.6,0.544864173470646,30000.0,30000.0,1.0,1e-06,1.0,1.0,0.0,0.0,0.0,0.0,0.0,0,1.5,psi4,7,16.02583369749825,19.908197704436162,123.30299191758986,16.026131901182982,19.91018901463264,124.00973483762623,0.0002982036847313915,0.00199131019647458,0.7067429200363593,0.30724385445195923,-1.9907690716759552,-1.9907690716759552,30000.30433654785,0.01484570900994492,0.478460514458916,0.0,0.0,0.0
classical,0.0,20.0,1.0,1.0,rayleigh,1.0,0.799970355855317,0.9081069557844099,532.0,810.0,809.0,655.2899999999507,0.85,0.6799748024770194,80000.0,80000.0,79998.90365600586,0.007263365015081711,0.007270429139601342,0.00737779134174872,0.30749611853784425,0.30779517976719784,0.3123403816632123,-,simple,0.6,0.544864173470646,30000.0,30000.0,1.0,1e-06,1.0,1.0,0.0,0.0,0.0,0.0,0.0,0,1.5,psi4,8,15.715791139906884,19.741892577155458,135.8693639537235,15.713762946584923,19.73939885677679,135.79135228929468,-0.0020281933219604875,-0.0024937203786655885,-0.07801166442881285,0.30985437887190914,-1.6628070942127986,-1.6628070942127986,,,,,,
quant_diff,0.0,20.0,1.0,1.0,rayleigh,1.0,0.799970355855317,0.9081069557844099,532.0,810.0,809.0,655.2899999999507,0.85,0.6799748024770194,80000.0,80000.0,79998.90365600586,0.014986754671159378,0.014984530722991166,0.015274411749204868,781.5041247662662,781.3881540504668,796.5043831906853,diff,simple,0.6,0.544864173470646,30000.0,30000.0,1.0,1e-06,1.0,1.0,0.0,0.0,0.0,0.0,0.0,0,1.5,psi4,8,15.715791139906884,19.741892577155458,135.8693639537235,622.6091591018322,782.6883542523499,6503.843532723753,606.8933679619254,762.9464616751944,6367.97416877003,782.5321932594311,-19.19143302979362,-19.19143302979362,29999.41714477539,nan,nan,0.0,0.0,0.0
hybrid_diff,0.0,20.0,1.0,1.0,rayleigh,1.0,0.799970355855317,0.9081069557844099,532.0,810.0,809.0,655.2899999999507,0.85,0.6799748024770194,80000.0,80000.0,79998.90365600586,0.007263365015081711,0.007270429139601342,0.00737779134174872,0.30749611853784425,0.30779517976719784,0.3123403816632123,diff,simple,0.6,0.544864173470646,30000.0,30000.0,1.0,1e-06,1.0,1.0,0.0,0.0,0.0,0.0,0.0,0,1.5,psi4,8,15.715791139906884,19.741892577155458,135.8693639537235,110.96538111222593,168.42765065533737,1172.8040521987898,95.24958997231904,148.68575807818192,1036.9346882450664,167.78318987918038,-3.2292154483845614,-3.2292154483845614,29999.41714477539,0.014984530722991166,781.3881540504668,0.0,0.0,0.0
quant_noon2,0.0,20.0,1.0,1.0,rayleigh,1.0,0.799970355855317,0.9081069557844099,532.0,810.0,809.0,0.405,0.85,0.6799748024770194,80000.0,80000.0,79998.90365600586,0.014852654113154807,0.014853431019993334,0.015165052522282745,0.47868434732890863,0.47870938616305253,0.48875259691182665,noon2,simple,0.6,0.544864173470646,30000.0,30000.0,1.0,1e-06,1.0,1.0,0.0,0.0,0.0,0.0,0.0,0,1.5,psi4,8,15.715791139906884,19.741892577155458,135.8693639537235,15.717939962756473,19.74469327638025,136.73139830180352,0.002148822849590634,0.0028006992247938817,0.862034348080026,0.4781802963574026,-1.6686875132480217,-1.6686875132480217,29999.355743408203,nan,nan,0.0,0.0,0.0
hybrid_noon2,0.0,20.0,1.0,1.0,rayleigh,1.0,0.799970355855317,0.9081069557844099,532.0,810.0,809.0,0.405,0.85,0.6799748024770194,80000.0,80000.0,79998.90365600586,0.007263365015081711,0.007270429139601342,0.00737779134174872,0.30749611853784425,0.30779517976719784,0.3123403816632123,noon2,simple,0.6,0.544864173470646,30000.0,30000.0,1.0,1e-06,1.0,1.0,0.0,0.0,0.0,0.0,0.0,0,1.5,psi4,8,15.715791139906884,19.741892577155458,135.8693639537235,15.713762946584923,19.73939885677679,135.79135228929468,-0.0020281933219604875,-0.0024937203786655885,-0.07801166442881285,0.30985437887190914,-1.6628070942127986,-1.6628070942127986,29999.355743408203,0.014853431019993334,0.47870938616305253,0.0,0.0,0.0
classical,0.0,20.0,1.0,1.0,rayleigh,1.0,0.799970355855317,0.9081069557844099,532.0,810.0,809.0,655.2899999999507,0.85,0.6799748024770194,80000.0,80000.0,79999.53018188477,0.00726042788738801,0.007267373468696684,0.007377057722030675,0.30737177460585297,0.3076658172829002,0.31230932371482156,-,simple,0.6,0.544864173470646,30000.0,30000.0,1.0,1e-06,1.0,1.0,0.0,0.0,0.0,0.0,0.0,0,1.5,psi4,9,15.896610679050132,19.83373593075923,145.5413025997174,15.899167680137651,19.836832164820144,145.28613872960688,0.0025570010875186648,0.003096234060916325,-0.25516387011052566,0.3108367648347151,-1.9128432836608795,-1.9128432836608795,,,,,,
quant_diff,0.0,20.0,1.0,1.0,rayleigh,1.0,0.799970355855317,0.9081069557844099,532.0,810.0,809.0,655.2899999999507,0.85,0.6799748024770194,80000.0,80000.0,79999.53018188477,0.014987389235740278,0.014985130390072772,0.015272534347331824,781.537214974806,781.4194244827947,796.4064835893492,diff,simple,0.6,0.544864173470646,30000.0,30000.0,1.0,1e-06,1.0,1.0,0.0,0.0,0.0,0.0,0.0,0,1.5,psi4,9,15.896610679050132,19.83373593075923,145.5413025997174,617.6654733406142,774.9647143974811,6622.138251313611,601.7688626615641,755.1309784667218,6476.596948713894,774.5710440055087,-15.774624379250579,-15.774624379250579,29999.7557220459,nan,nan,0.0,0.0,0.0
hybrid_diff,0.0,20.0,1.0,1.0,rayleigh,1.0,0.799970355855317,0.9081069557844099,532.0,810.0,809.0,655.2899999999507,0.85,0.6799748024770194,80000.0,80000.0,79999.53018188477,0.00726042788738801,0.007267373468696684,0.007377057722030675,0.30737177460585297,0.3076658172829002,0.31230932371482156,diff,simple,0.6,0.544864173470646,30000.0,30000.0,1.0,1e-06,1.0,1.0,0.0,0.0,0.0,0.0,0.0,0,1.5,psi4,9,15.896610679050132,19.83373593075923,145.5413025997174,110.28055882858918,168.4425109863631,1388.5602785109415,94.38394814953905,148.60877505560384,1243.0189759112243,167.00528481188147,-3.215215168903486,-3.215215168903486,29999.7557220459,0.014985130390072772,781.4194244827947,0.0,0.0,0.0
quant_noon2,0.0,20.0,1.0,1.0,rayleigh,1.0,0.799970355855317,0.9081069557844099,532.0,810.0,809.0,0.405,0.85,0.6799748024770194,80000.0,80000.0,79999.53018188477,0.014850859071942628,0.014849205485372588,0.015166459231596688,0.4786264951683094,0.47857320193182784,0.4887979335718402,noon2,simple,0.6,0.544864173470646,30000.0,30000.0,1.0,1e-06,1.0,1.0,0.0,0.0,0.0,0.0,0.0,0,1.5,psi4,9,15.896610679050132,19.83373593075923,145.5413025997174,15.902179316519417,19.83712361218931,144.8948563634582,0.005568637469284915,0.003387681430079402,-0.6464462362592153,0.4805689928947364,-1.8334972085378385,-1.8334972085378385,29999.7234954834,nan,nan,0.0,0.0,0.0
hybrid_noon2,0.0,20.0,1.0,1.0,rayleigh,1.0,0.799970355855317,0.9081069557844099,532.0,810.0,809.0,0.405,0.85,0.6799748024770194,80000.0,80000.0,79999.53018188477,0.00726042788738801,0.007267373468696684,0.007377057722030675,0.30737177460585297,0.3076658172829002,0.31230932371482156,noon2,simple,0.6,0.544864173470646,30000.0,30000.0,1.0,1e-06,1.0,1.0,0.0,0.0,0.0,0.0,0.0,0,1.5,psi4,9,15.896610679050132,19.83373593075923,145.5413025997174,15.899167680137651,19.836832164820144,145.28613872960688,0.0025570010875186648,0.003096234060916325,-0.25516387011052566,0.3108367648347151,-1.9128432836608795,-1.9128432836608795,29999.7234954834,0.014849205485372588,0.47857320193182784,0.0,0.0,0.0
classical,0.0,20.0,1.0,0.7,rayleigh,1.0,0.799970355855317,0.9081069557844099,532.0,810.0,809.0,655.2899999999507,0.85,0.47598236173391356,80000.0,80000.0,79998.43788146973,0.010439134230202436,0.010437725365440761,0.010595920977068305,0.44194299061351583,0.4418833460211181,0.448580591229666,-,simple,0.6,0.38140492142945215,30000.0,30000.0,1.0,1e-06,1.0,1.0,0.0,0.0,0.0,0.0,0.0,0,1.5,psi4,0,16.13056008130645,19.94669127082623,136.31647721230465,16.133114489822866,19.949521230143887,137.181281594541,0.002554408516416991,0.002829959317658203,0.8648043822363546,0.4424473503691482,-1.1867046066009503,-1.1867046066009503,,,,,,
quant_diff,0.0,20.0,1.0,0.7,rayleigh,1.0,0.799970355855317,0.9081069557844099,532.0,810.0,809.0,655.2899999999507,0.85,0.47598236173391356,80000.0,80000.0,79998.43788146973,0.021406768288401067,0.021393861104291492,0.02199135285194103,1116.2842177896907,1115.6111556196558,1146.7681522842176,diff,simple,0.6,0.38140492142945215,30000.0,30000.0,1.0,1e-06,1.0,1.0,0.0,0.0,0.0,0.0,0.0,0,1.5,psi4,0,16.13056008130645,19.94669127082623,136.31647721230465,894.928987023067,1115.6387284280663,8382.342081102588,878.7984269417606,1095.6920371572403,8246.025603890283,1115.2658041497812,42.386687376107595,42.386687376107595,29999.102935791016,nan,nan,0.0,0.0,0.0
hybrid_diff,0.0,20.0,1.0,0.7,rayleigh,1.0,0.799970355855317,0.9081069557844099,532.0,810.0,809.0,655.2899999999507,0.85,0.47598236173391356,80000.0,80000.0,79998.43788146973,0.010439134230202436,0.010437725365440761,0.010595920977068305,0.44194299061351583,0.4418833460211181,0.448580591229666,diff,simple,0.6,0.38140492142945215,30000.0,30000.0,1.0,1e-06,1.0,1.0,0.0,0.0,0.0,0.0,0.0,0,1.5,psi4,0,16.13056008130645,19.94669127082623,136.31647721230465,165.77155850600613,223.26931976047075,1665.3392770410446,149.6409984246997,203.3226284896445,1529.02279982874,221.78059255379856,3.7720685714046764,3.7720685714046764,29999.102935791016,0.021393861104291492,1115.6111556196558,0.0,0.0,0.0
quant_noon2,0.0,20.0,1.0,0.7,rayleigh,1.0,0.799970355855317,0.9081069557844099,532.0,810.0,809.0,0.405,0.85,0.47598236173391356,80000.0,80000.0,79998.43788146973,0.02131024591202476,0.021295681780302833,0.02191407570677743,0.6868052725190257,0.6863358869240601,0.7062660280847889,noon2,simple,0.6,0.38140492142945215,30000.0,30000.0,1.0,1e-06,1.0,1.0,0.0,0.0,0.0,0.0,0.0,0,1.5,psi4,0,16.13056008130645,19.94669127082623,136.31647721230465,16.134236003828107,19.956401714498142,136.3335244475953,0.0036759225216552935,0.009710443671912079,0.017047235290642983,0.6863077671919108,-1.27374759170827,-1.27374759170827,29999.082412719727,nan,nan,0.0,0.0,0.0
hybrid_noon2,0.0,20.0,1.0,0.7,rayleigh,1.0,0.799970355855317,0.9081069557844099,532.0,810.0,809.0,0.405,0.85,0.47598236173391356,80000.0,80000.0,79998.43788146973,0.010439134230202436,0.010437725365440761,0.010595920977068305,0.44194299061351583,0.4418833460211181,0.448580591229666,noon2,simple,0.6,0.38140492142945215,30000.0,30000.0,1.0,1e-06,1.0,1.0,0.0,0.0,0.0,0.0,0.0,0,1.5,psi4,0,16.13056008130645,19.94669127082623,136.31647721230465,16.133114489822866,19.949521230143887,137.181281594541,0.002554408516416991,0.002829959317658203,0.8648043822363546,0.4424473503691482,-1.1867046066009503,-1.1867046066009503,29999.082412719727,0.021295681780302833,0.6863358869240601,0.0,0.0,0.0
classical,0.0,20.0,1.0,0.7,rayleigh,1.0,0.799970355855317,0.9081069557844099,532.0,810.0,809.0,655.2899999999507,0.85,0.47598236173391356,80000.0,80000.0,80001.3515625,0.010444464126083451,0.010443852927552923,0.010601217827606976,0.4421686329008331,0.44214275767971944,0.4488048345353149,-,simple,0.6,0.38140492142945215,30000.0,30000.0,1.0,1e-06,1.0,1.0,0.0,0.0,0.0,0.0,0.0,0,1.5,psi4,1,15.863852317621603,19.983001028833215,140.20670746595619,15.862195062259165,19.98431305209638,141.11610804062636,-0.001657255362439573,0.0013120232631656551,0.9094005746701583,0.44445592008139284,0.9030584011763295,0.9030584011763295,,,,,,
quant_diff,0.0,20.0,1.0,0.7,rayleigh,1.0,0.799970355855317,0.9081069557844099,532.0,810.0,809.0,655.2899999999507,0.85,0.47598236173391356,80000.0,80000.0,80001.3515625,0.021414344259193547,0.021403702476240467,0.02200940543162345,1116.6792767970169,1116.1243469636283,1147.7095279051607,diff,simple,0.6,0.38140492142945215,30000.0,30000.0,1.0,1e-06,1.0,1.0,0.0,0.0,0.0,0.0,0.0,0,1.5,psi4,1,15.863852317621603,19.983001028833215,140.20670746595619,891.0041864273977,1115.361962060769,8713.368271738156,875.1403341097762,1095.3789610319357,8573.161564272199,1115.0381513447614,-4.398533633039449,-4.398533633039449,30000.917709350586,nan,nan,0.0,0.0,0.0
hybrid_diff,0.0,20.0,1.0,0.7,rayleigh,1.0,0.799970355855317,0.9081069557844099,532.0,810.0,809.0,655.2899999999507,0.85,0.47598236173391356,80000.0,80000.0,80001.3515625,0.010444464126083451,0.010443852927552923,0.010601217827606976,0.4421686329008331,0.44214275767971944,0.4488048345353149,diff,simple,0.6,0.38140492142945215,30000.0,30000.0,1.0,1e-06,1.0,1.0,0.0,0.0,0.0,0.0,0.0,0,1.5,psi4,1,15.863852317621603,19.983001028833215,140.20670746595619,158.86760423815903,221.72102375126417,1913.0520998182578,143.0037519205374,201.73802272243097,1772.8453923523016,220.40278717730848,1.1631447555891337,1.1631447555891337,30000.917709350586,0.021403702476240467,1116.1243469636283,0.0,0.0,0.0
quant_noon2,0.0,20.0,1.0,0.7,rayleigh,1.0,0.799970355855317,0.9081069557844099,532.0,810.0,809.0,0.405,0.85,0.47598236173391356,80000.0,80000.0,80001.3515625,0.021321504792415437,0.021311230254924013,0.0219216356613772,0.6871681335787666,0.6868369967842438,0.7065096769239699,noon2,simple,0.6,0.38140492142945215,30000.0,30000.0,1.0,1e-06,1.0,1.0,0.0,0.0,0.0,0.0,0.0,0,1.5,psi4,1,15.863852317621603,19.983001028833215,140.20670746595619,15.8751514430884,19.99640757209324,141.56463874129565,0.011299125466796924,0.013406543260024417,1.3579312753394606,0.6848114573610686,0.8817250362571236,0.8817250362571236,30000.912628173828,nan,nan,0.0,0.0,0.0
hybrid_noon2,0.0,20.0,1.0,0.7,rayleigh,1.0,0.799970355855317,0.9081069557844099,532.0,810.0,809.0,0.405,0.85,0.47598236173391356,80000.0,80000.0,80001.3515625,0.010444464126083451,0.010443852927552923,0.010601217827606976,0.4421686329008331,0.44214275767971944,0.4488048345353149,noon2,simple,0.6,0.38140492142945215,30000.0,30000.0,1.0,1e-06,1.0,1.0,0.0,0.0,0.0,0.0,0.0,0,1.5,psi4,1,15.863852317621603,19.983001028833215,140.20670746595619,15.862195062259165,19.98431305209638,141.11610804062636,-0.001657255362439573,0.0013120232631656551,0.9094005746701583,0.44445592008139284,0.9030584011763295,0.9030584011763295,30000.912628173828,0.021311230254924013,0.6868369967842438,0.0,0.0,0.0
classical,0.0,20.0,1.0,0.7,rayleigh,1.0,0.799970355855317,0.9081069557844099,532.0,810.0,809.0,655.2899999999507,0.85,0.47598236173391356,80000.0,80000.0,79999.86346435547,0.010441037615324108,0.01044133715131526,0.010595582859495299,0.4420235708316078,0.4420362517521523,0.448566276949564,-,simple,0.6,0.38140492142945215,30000.0,30000.0,1.0,1e-06,1.0,1.0,0.0,0.0,0.0,0.0,0.0,0,1.5,psi4,2,16.086296615612845,19.922118801354785,127.29597057267604,16.086658973330728,19.922860699076164,127.29414442406373,0.00036235771788515703,0.0007418977213787243,-0.0018261486123075314,0.44491912246149073,1.8251492024493827,1.8251492024493827,,,,,,
quant_diff,0.0,20.0,1.0,0.7,rayleigh,1.0,0.799970355855317,0.9081069557844099,532.0,810.0,809.0,655.2899999999507,0.85,0.47598236173391356,80000.0,80000.0,79999.86346435547,0.021413663862499474,0.021398650005305303,0.02201135708827297,1116.6437966123763,1115.8608791907363,1147.8112996199309,diff,simple,0.6,0.38140492142945215,30000.0,30000.0,1.0,1e-06,1.0,1.0,0.0,0.0,0.0,0.0,0.0,0,1.5,psi4,2,16.086296615612845,19.922118801354785,127.29597057267604,886.8790753748162,1111.9868891536532,8729.350343330128,870.7927787592034,1092.0647703522986,8602.054372757453,1111.6201353782183,32.3631961497195,32.3631961497195,30000.43930053711,nan,nan,0.0,0.0,0.0
hybrid_diff,0.0,20.0,1.0,0.7,rayleigh,1.0,0.799970355855317,0.9081069557844099,532.0,810.0,809.0,655.2899999999507,0.85,0.47598236173391356,80000.0,80000.0,79999.86346435547,0.010441037615324108,0.01044133715131526,0.010595582859495299,0.4420235708316078,0.4420362517521523,0.448566276949564,diff,simple,0.6,0.38140492142945215,30000.0,30000.0,1.0,1e-06,1.0,1.0,0.0,0.0,0.0,0.0,0.0,0,1.5,psi4,2,16.086296615612845,19.922118801354785,127.29597057267604,163.76012774610646,227.2942360624587,1627.2353194185355,147.67383113049362,207.37211726110394,1499.9393488458595,225.80166266160776,2.6631045088397904,2.6631045088397904,30000.43930053711,0.021398650005305303,1115.8608791907363,0.0,0.0,0.0
quant_noon2,0.0,20.0,1.0,0.7,rayleigh,1.0,0.799970355855317,0.9081069557844099,532.0,810.0,809.0,0.405,0.85,0.47598236173391356,80000.0,80000.0,79999.86346435547,0.021312670338610736,0.02130885227694449,0.02190834192298974,0.6868834090627782,0.6867603572268679,0.7060812346782216,noon2,simple,0.6,0.38140492142945215,30000.0,30000.0,1.0,1e-06,1.0,1.0,0.0,0.0,0.0,0.0,0.0,0,1.5,psi4,2,16.086296615612845,19.922118801354785,127.29597057267604,16.109213365863717,19.946432573291442,128.4236630762012,0.02291675025087267,0.024313771936655154,1.1276925035251442,0.685692196294951,1.9464859761263118,1.9464859761263118,30000.005096435547,nan,nan,0.0,0.0,0.0
hybrid_noon2,0.0,20.0,1.0,0.7,rayleigh,1.0,0.799970355855317,0.9081069557844099,532.0,810.0,809.0,0.405,0.85,0.47598236173391356,80000.0,80000.0,79999.86346435547,0.010441037615324108,0.01044133715131526,0.010595582859495299,0.4420235708316078,0.4420362517521523,0.448566276949564,noon2,simple,0.6,0.38140492142945215,30000.0,30000.0,1.0,1e-06,1.0,1.0,0.0,0.0,0.0,0.0,0.0,0,1.5,psi4,2,16.086296615612845,19.922118801354785,127.29597057267604,16.086658973330728,19.922860699076164,127.29414442406373,0.00036235771788515703,0.0007418977213787243,-0.0018261486123075314,0.44491912246149073,1.8251492024493827,1.8251492024493827,30000.005096435547,0.02130885227694449,0.6867603572268679,0.0,0.0,0.0
classical,0.0,20.0,1.0,0.7,rayleigh,1.0,0.799970355855317,0.9081069557844099,532.0,810.0,809.0,655.2899999999507,0.85,0.47598236173391356,80000.0,80000.0,79999.02635192871,0.0104385878316057,0.010438173954379966,0.010595474758462876,0.44191985871152245,0.4419023371302443,0.4485617004691295,-,simple,0.6,0.38140492142945215,30000.0,30000.0,1.0,1e-06,1.0,1.0,0.0,0.0,0.0,0.0,0.0,0,1.5,psi4,3,16.17470535701468,19.99906821070035,124.24932888295653,16.18041788842358,20.005769674323737,124.66179170810604,0.005712531408901038,0.0067014636233863785,0.412462825149506,0.44600415439798274,0.67880205149368,0.67880205149368,,,,,,
quant_diff,0.0,20.0,1.0,0.7,rayleigh,1.0,0.799970355855317,0.9081069557844099,532.0,810.0,809.0,655.2899999999507,0.85,0.47598236173391356,80000.0,80000.0,79999.02635192871,0.02140802857103774,0.02139491705797989,0.02199616841929262,1116.3499368930284,1115.6662197199998,1147.0192664067167,diff,simple,0.6,0.38140492142945215,30000.0,30000.0,1.0,1e-06,1.0,1.0,0.0,0.0,0.0,0.0,0.0,0,1.5,psi4,3,16.17470535701468,19.99906821070035,124.24932888295653,889.4290962214419,1117.585892606964,9862.475114972485,873.2543908644273,1097.5868243962639,9738.22578608953,1117.7211210203288,9.08706243452597,9.08706243452597,29999.46516418457,nan,nan,0.0,0.0,0.0
hybrid_diff,0.0,20.0,1.0,0.7,rayleigh,1.0,0.799970355855317,0.9081069557844099,532.0,810.0,809.0,655.2899999999507,0.85,0.47598236173391356,80000.0,80000.0,79999.02635192871,0.0104385878316057,0.010438173954379966,0.010595474758462876,0.44191985871152245,0.4419023371302443,0.4485617004691295,diff,simple,0.6,0.38140492142945215,30000.0,30000.0,1.0,1e-06,1.0,1.0,0.0,0.0,0.0,0.0,0.0,0,1.5,psi4,3,16.17470535701468,19.99906821070035,124.24932888295653,176.18663230031055,232.88801786213102,1861.872723572064,160.01192694329586,212.88894965143066,1737.6233946891075,233.5124294451568,4.421971755567879,4.421971755567879,29999.46516418457,0.02139491705797989,1115.6662197199998,0.0,0.0,0.0
quant_noon2,0.0,20.0,1.0,0.7,rayleigh,1.0,0.799970355855317,0.9081069557844099,532.0,810.0,809.0,0.405,0.85,0.47598236173391356,80000.0,80000.0,79999.02635192871,0.02131533982770652,0.02130742182674361,0.0219199404493711,0.6869694436957661,0.6867142554247536,0.7064550421464721,noon2,simple,0.6,0.38140492142945215,30000.0,30000.0,1.0,1e-06,1.0,1.0,0.0,0.0,0.0,0.0,0.0,0,1.5,psi4,3,16.17470535701468,19.99906821070035,124.24932888295653,16.170375259486672,20.002824506100357,126.14206785429943,-0.004330097528006055,0.0037562954000068976,1.8927389713428988,0.6950943136970793,0.6592177753946009,0.6592177753946009,29999.398071289062,nan,nan,0.0,0.0,0.0
hybrid_noon2,0.0,20.0,1.0,0.7,rayleigh,1.0,0.799970355855317,0.9081069557844099,532.0,810.0,809.0,0.405,0.85,0.47598236173391356,80000.0,80000.0,79999.02635192871,0.0104385878316057,0.010438173954379966,0.010595474758462876,0.44191985871152245,0.4419023371302443,0.4485617004691295,noon2,simple,0.6,0.38140492142945215,30000.0,30000.0,1.0,1e-06,1.0,1.0,0.0,0.0,0.0,0.0,0.0,0,1.5,psi4,3,16.17470535701468,19.99906821070035,124.24932888295653,16.18041788842358,20.005769674323737,124.66179170810604,0.005712531408901038,0.0067014636233863785,0.412462825149506,0.44600415439798274,0.67880205149368,0.67880205149368,29999.398071289062,0.02130742182674361,0.6867142554247536,0.0,0.0,0.0
classical,0.0,20.0,1.0,0.7,rayleigh,1.0,0.799970355855317,0.9081069557844099,532.0,810.0,809.0,655.2899999999507,0.85,0.47598236173391356,80000.0,80000.0,80001.71276855469,0.01043869987937193,0.0104376153462852,0.010594076813078078,0.44192460227778074,0.44187868833652844,0.44850251815089814,-,simple,0.6,0.38140492142945215,30000.0,30000.0,1.0,1e-06,1.0,1.0,0.0,0.0,0.0,0.0,0.0,0,1.5,psi4,4,16.160044231162853,19.972052716553165,124.07885299492368,16.16539407941462,19.98112319761421,124.0666081283882,0.0053498482517692235,0.009070481061045995,-0.012244866535482561,0.4439343420423449,-4.294708916773424,-4.294708916773424,,,,,,
quant_diff,0.0,20.0,1.0,0.7,rayleigh,1.0,0.799970355855317,0.9081069557844099,532.0,810.0,809.0,655.2899999999507,0.85,0.47598236173391356,80000.0,80000.0,80001.71276855469,0.021410809631677602,0.021410707072828782,0.02200141332608468,1116.4949589747912,1116.489610908105,1147.292769001638,diff,simple,0.6,0.38140492142945215,30000.0,30000.0,1.0,1e-06,1.0,1.0,0.0,0.0,0.0,0.0,0.0,0,1.5,psi4,4,16.160044231162853,19.972052716553165,124.07885299492368,890.797127361707,1115.3067241965193,8831.988110674545,874.637083130544,1095.3346714799661,8707.909257679621,1115.3163345340524,-38.39012009665124,-38.39012009665124,30000.905075073242,nan,nan,0.0,0.0,0.0
hybrid_diff,0.0,20.0,1.0,0.7,rayleigh,1.0,0.799970355855317,0.9081069557844099,532.0,810.0,809.0,655.2899999999507,0.85,0.47598236173391356,80000.0,80000.0,80001.71276855469,0.01043869987937193,0.0104376153462852,0.010594076813078078,0.44192460227778074,0.44187868833652844,0.44850251815089814,diff,simple,0.6,0.38140492142945215,30000.0,30000.0,1.0,1e-06,1.0,1.0,0.0,0.0,0.0,0.0,0.0,0,1.5,psi4,4,16.160044231162853,19.972052716553165,124.07885299492368,166.9217892791045,225.7147550427936,1675.0950717741491,150.76174504794164,205.74270232624045,1551.0162187792253,225.78872857843533,-11.863309985438402,-11.863309985438402,30000.905075073242,0.021410707072828782,1116.489610908105,0.0,0.0,0.0
quant_noon2,0.0,20.0,1.0,0.7,rayleigh,1.0,0.799970355855317,0.9081069557844099,532.0,810.0,809.0,0.405,0.85,0.47598236173391356,80000.0,80000.0,80001.71276855469,0.021314504013296175,0.021304145815477217,0.021908284239352392,0.686942506336796,0.6866086732639528,0.7060793755994276,noon2,simple,0.6,0.38140492142945215,30000.0,30000.0,1.0,1e-06,1.0,1.0,0.0,0.0,0.0,0.0,0.0,0,1.5,psi4,4,16.160044231162853,19.972052716553165,124.07885299492368,16.165868747866966,19.97992766198676,124.70862431915094,0.005824516704113904,0.00787494543359722,0.6297713242272611,0.6884842771839477,-4.393437444640912,-4.393437444640912,30000.866302490234,nan,nan,0.0,0.0,0.0
hybrid_noon2,0.0,20.0,1.0,0.7,rayleigh,1.0,0.799970355855317,0.9081069557844099,532.0,810.0,809.0,0.405,0.85,0.47598236173391356,80000.0,80000.0,80001.71276855469,0.01043869987937193,0.0104376153462852,0.010594076813078078,0.44192460227778074,0.44187868833652844,0.44850251815089814,noon2,simple,0.6,0.38140492142945215,30000.0,30000.0,1.0,1e-06,1.0,1.0,0.0,0.0,0.0,0.0,0.0,0,1.5,psi4,4,16.160044231162853,19.972052716553165,124.07885299492368,16.16539407941462,19.98112319761421,124.0666081283882,0.0053498482517692235,0.009070481061045995,-0.012244866535482561,0.4439343420423449,-4.294708916773424,-4.294708916773424,30000.866302490234,0.021304145815477217,0.6866086732639528,0.0,0.0,0.0
classical,0.0,20.0,1.0,0.7,rayleigh,1.0,0.799970355855317,0.9081069557844099,532.0,810.0,809.0,655.2899999999507,0.85,0.47598236173391356,80000.0,80000.0,79999.99584960938,0.010442033664568383,0.010441636172672434,0.01059729364000534,0.4420657387903777,0.44204891088555665,0.4486387032100391,-,simple,0.6,0.38140492142945215,30000.0,30000.0,1.0,1e-06,1.0,1.0,0.0,0.0,0.0,0.0,0.0,0,1.5,psi4,5,15.957990603016844,19.68035655564542,124.31199589454579,15.958058050198348,19.68120937179543,124.538558343816,6.74471815036527e-05,0.0008528161500071613,0.22656244927021127,0.4445039121362662,-4.042976313032898,-4.042976313032898,,,,,,
quant_diff,0.0,20.0,1.0,0.7,rayleigh,1.0,0.799970355855317,0.9081069557844099,532.0,810.0,809.0,655.2899999999507,0.85,0.47598236173391356,80000.0,80000.0,79999.99584960938,0.02141500679798916,0.021406694867549057,0.022007568805290628,1116.7138257579463,1116.2803891623494,1147.6137545982472,diff,simple,0.6,0.38140492142945215,30000.0,30000.0,1.0,1e-06,1.0,1.0,0.0,0.0,0.0,0.0,0.0,0,1.5,psi4,5,15.957990603016844,19.68035655564542,124.31199589454579,885.8259233355286,1107.9156936787742,8833.988712789785,869.8679327325117,1088.2353371231286,8709.67671689524,1107.843713768273,-9.120002177757533,-9.120002177757533,30000.038696289062,nan,nan,0.0,0.0,0.0
hybrid_diff,0.0,20.0,1.0,0.7,rayleigh,1.0,0.799970355855317,0.9081069557844099,532.0,810.0,809.0,655.2899999999507,0.85,0.47598236173391356,80000.0,80000.0,79999.99584960938,0.010442033664568383,0.010441636172672434,0.01059729364000534,0.4420657387903777,0.44204891088555665,0.4486387032100391,diff,simple,0.6,0.38140492142945215,30000.0,30000.0,1.0,1e-06,1.0,1.0,0.0,0.0,0.0,0.0,0.0,0,1.5,psi4,5,15.957990603016844,19.68035655564542,124.31199589454579,165.3506226165053,225.08557044964314,1657.9601115192993,149.39263201348845,205.4052138939977,1533.6481156247535,225.0833286650868,-6.448293973935689,-6.448293973935689,30000.038696289062,0.021406694867549057,1116.2803891623494,0.0,0.0,0.0
quant_noon2,0.0,20.0,1.0,0.7,rayleigh,1.0,0.799970355855317,0.9081069557844099,532.0,810.0,809.0,0.405,0.85,0.47598236173391356,80000.0,80000.0,79999.99584960938,0.021321329244207425,0.021312132282175305,0.021914622667321415,0.6871624758573429,0.6868660681086528,0.7062836560083247,noon2,simple,0.6,0.38140492142945215,30000.0,30000.0,1.0,1e-06,1.0,1.0,0.0,0.0,0.0,0.0,0.0,0,1.5,psi4,5,15.957990603016844,19.68035655564542,124.31199589454579,15.966466017120226,19.693740166910395,126.49541688080856,0.00847541410338161,0.01338361126497377,2.1834209862627723,0.6872702891433992,-4.053072179294462,-4.053072179294462,29999.99040222168,nan,nan,0.0,0.0,0.0
hybrid_noon2,0.0,20.0,1.0,0.7,rayleigh,1.0,0.799970355855317,0.9081069557844099,532.0,810.0,809.0,0.405,0.85,0.47598236173391356,80000.0,80000.0,79999.99584960938,0.010442033664568383,0.010441636172672434,0.01059729364000534,0.4420657387903777,0.44204891088555665,0.4486387032100391,noon2,simple,0.6,0.38140492142945215,30000.0,30000.0,1.0,1e-06,1.0,1.0,0.0,0.0,0.0,0.0,0.0,0,1.5,psi4,5,15.957990603016844,19.68035655564542,124.31199589454579,15.958058050198348,19.68120937179543,124.538558343816,6.74471815036527e-05,0.0008528161500071613,0.22656244927021127,0.4445039121362662,-4.042976313032898,-4.042976313032898,29999.99040222168,0.021312132282175305,0.6868660681086528,0.0,0.0,0.0
classical,0.0,20.0,1.0,0.7,rayleigh,1.0,0.799970355855317,0.9081069557844099,532.0,810.0,809.0,655.2899999999507,0.85,0.47598236173391356,80000.0,80000.0,79998.9513092041,0.010442298634893188,0.010442493624106795,0.010600226727144155,0.4420769563660105,0.44208521127626443,0.44876287608427107,-,simple,0.6,0.38140492142945215,30000.0,30000.0,1.0,1e-06,1.0,1.0,0.0,0.0,0.0,0.0,0.0,0,1.5,psi4,6,16.002060947397013,19.952979247129885,130.15937734702007,16.006769418275773,19.957799576766075,130.86971876031333,0.004708470878759548,0.004820329636190262,0.7103414132932663,0.4429578648016047,-0.8884337559019676,-0.8884337559019676,,,,,,
quant_diff,0.0,20.0,1.0,0.7,rayleigh,1.0,0.799970355855317,0.9081069557844099,532.0,810.0,809.0,655.2899999999507,0.85,0.47598236173391356,80000.0,80000.0,79998.9513092041,0.021414265945907597,0.02140214706114371,0.022003044180284335,1116.6751930472435,1116.0432377881925,1147.3778120487746,diff,simple,0.6,0.38140492142945215,30000.0,30000.0,1.0,1e-06,1.0,1.0,0.0,0.0,0.0,0.0,0.0,0,1.5,psi4,6,16.002060947397013,19.952979247129885,130.15937734702007,887.587564825299,1112.1976010269295,8338.399725088599,871.5855038779018,1092.2446217797997,8208.24034774158,1111.9181122994437,-22.364302979877536,-22.364302979877536,29999.41049194336,nan,nan,0.0,0.0,0.0
hybrid_diff,0.0,20.0,1.0,0.7,rayleigh,1.0,0.799970355855317,0.9081069557844099,532.0,810.0,809.0,655.2899999999507,0.85,0.47598236173391356,80000.0,80000.0,79998.9513092041,0.010442298634893188,0.010442493624106795,0.010600226727144155,0.4420769563660105,0.44208521127626443,0.44876287608427107,diff,simple,0.6,0.38140492142945215,30000.0,30000.0,1.0,1e-06,1.0,1.0,0.0,0.0,0.0,0.0,0.0,0,1.5,psi4,6,16.002060947397013,19.952979247129885,130.15937734702007,173.03310478308794,232.06930286836482,1883.441817928303,157.0310438356909,212.11632362123493,1753.282440581283,230.9243079332841,-3.3059503806573343,-3.3059503806573343,29999.41049194336,0.02140214706114371,1116.0432377881925,0.0,0.0,0.0
quant_noon2,0.0,20.0,1.0,0.7,rayleigh,1.0,0.799970355855317,0.9081069557844099,532.0,810.0,809.0,0.405,0.85,0.47598236173391356,80000.0,80000.0,79998.9513092041,0.021317279547629943,0.021301122198105024,0.021930800568627805,0.6870319586886062,0.686511225474665,0.7068050515830822,noon2,simple,0.6,0.38140492142945215,30000.0,30000.0,1.0,1e-06,1.0,1.0,0.0,0.0,0.0,0.0,0.0,0,1.5,psi4,6,16.002060947397013,19.952979247129885,130.15937734702007,16.014802079938296,19.968544913290824,130.85399298851308,0.012741132541282028,0.015565666160938274,0.6946156414930178,0.6884473422607736,-1.1503739225414416,-1.1503739225414416,29999.439529418945,nan,nan,0.0,0.0,0.0
hybrid_noon2,0.0,20.0,1.0,0.7,rayleigh,1.0,0.799970355855317,0.9081069557844099,532.0,810.0,809.0,0.405,0.85,0.47598236173391356,80000.0,80000.0,79998.9513092041,0.010442298634893188,0.010442493624106795,0.010600226727144155,0.4420769563660105,0.44208521127626443,0.44876287608427107,noon2,simple,0.6,0.38140492142945215,30000.0,30000.0,1.0,1e-06,1.0,1.0,0.0,0.0,0.0,0.0,0.0,0,1.5,psi4,6,16.002060947397013,19.952979247129885,130.15937734702007,16.006769418275773,19.957799576766075,130.86971876031333,0.004708470878759548,0.004820329636190262,0.7103414132932663,0.4429578648016047,-0.8884337559019676,-0.8884337559019676,29999.439529418945,0.021301122198105024,0.686511225474665,0.0,0.0,0.0
classical,0.0,20.0,1.0,0.7,rayleigh,1.0,0.799970355855317,0.9081069557844099,532.0,810.0,809.0,655.2899999999507,0.85,0.47598236173391356,80000.0,80000.0,80000.48002624512,0.010440052297635454,0.010439493322229224,0.010595996488531777,0.4419818571955509,0.44195819285162524,0.44858378802369675,-,simple,0.6,0.38140492142945215,30000.0,30000.0,1.0,1e-06,1.0,1.0,0.0,0.0,0.0,0.0,0.0,0,1.5,psi4,7,16.02583369749825,19.908197704436162,123.30299191758986,16.024349809499405,19.91142778930741,124.15321495402355,-0.001483887998844997,0.0032300848712460955,0.8502230364336921,0.4459885732243592,-1.9742228497969432,-1.9742228497969432,,,,,,
quant_diff,0.0,20.0,1.0,0.7,rayleigh,1.0,0.799970355855317,0.9081069557844099,532.0,810.0,809.0,655.2899999999507,0.85,0.47598236173391356,80000.0,80000.0,80000.48002624512,0.021408108195320408,0.021397192319000162,0.021999472328616397,1116.354089006458,1115.784866212271,1147.1915531239572,diff,simple,0.6,0.38140492142945215,30000.0,30000.0,1.0,1e-06,1.0,1.0,0.0,0.0,0.0,0.0,0.0,0,1.5,psi4,7,16.02583369749825,19.908197704436162,123.30299191758986,894.0599336789262,1119.2813047623392,8698.254731306468,878.034099981428,1099.3731070579029,8574.951739388878,1118.7579575632121,-18.236175804559082,-18.236175804559082,30000.313369750977,nan,nan,0.0,0.0,0.0
hybrid_diff,0.0,20.0,1.0,0.7,rayleigh,1.0,0.799970355855317,0.9081069557844099,532.0,810.0,809.0,655.2899999999507,0.85,0.47598236173391356,80000.0,80000.0,80000.48002624512,0.010440052297635454,0.010439493322229224,0.010595996488531777,0.4419818571955509,0.44195819285162524,0.44858378802369675,diff,simple,0.6,0.38140492142945215,30000.0,30000.0,1.0,1e-06,1.0,1.0,0.0,0.0,0.0,0.0,0.0,0,1.5,psi4,7,16.02583369749825,19.908197704436162,123.30299191758986,168.33706970612602,229.14429132482786,1659.7116617434685,152.3112360086278,209.2360936203917,1536.4086698258786,226.84945759717135,-2.6827051029215814,-2.6827051029215814,30000.313369750977,0.021397192319000162,1115.784866212271,0.0,0.0,0.0
quant_noon2,0.0,20.0,1.0,0.7,rayleigh,1.0,0.799970355855317,0.9081069557844099,532.0,810.0,809.0,0.405,0.85,0.47598236173391356,80000.0,80000.0,80000.48002624512,0.021312193408293188,0.021303628400625024,0.02190170665686562,0.6868680381347249,0.6865919975648532,0.7058673875092389,noon2,simple,0.6,0.38140492142945215,30000.0,30000.0,1.0,1e-06,1.0,1.0,0.0,0.0,0.0,0.0,0.0,0,1.5,psi4,7,16.02583369749825,19.908197704436162,123.30299191758986,16.033543115258905,19.913589948608344,124.04770716148195,0.007709417760655476,0.005392244172180898,0.7447152438920955,0.6813048699626442,-1.9438174893453326,-1.9438174893453326,30000.277267456055,nan,nan,0.0,0.0,0.0
hybrid_noon2,0.0,20.0,1.0,0.7,rayleigh,1.0,0.799970355855317,0.9081069557844099,532.0,810.0,809.0,0.405,0.85,0.47598236173391356,80000.0,80000.0,80000.48002624512,0.010440052297635454,0.010439493322229224,0.010595996488531777,0.4419818571955509,0.44195819285162524,0.44858378802369675,noon2,simple,0.6,0.38140492142945215,30000.0,30000.0,1.0,1e-06,1.0,1.0,0.0,0.0,0.0,0.0,0.0,0,1.5,psi4,7,16.02583369749825,19.908197704436162,123.30299191758986,16.024349809499405,19.91142778930741,124.15321495402355,-0.001483887998844997,0.0032300848712460955,0.8502230364336921,0.4459885732243592,-1.9742228497969432,-1.9742228497969432,30000.277267456055,0.021303628400625024,0.6865919975648532,0.0,0.0,0.0
classical,0.0,20.0,1.0,0.7,rayleigh,1.0,0.799970355855317,0.9081069557844099,532.0,810.0,809.0,655.2899999999507,0.85,0.47598236173391356,80000.0,80000.0,79998.92872619629,0.010443329698725207,0.010442571858705955,0.01059992638736536,0.442120606674876,0.44208852335482957,0.44875016113520405,-,simple,0.6,0.38140492142945215,30000.0,30000.0,1.0,1e-06,1.0,1.0,0.0,0.0,0.0,0.0,0.0,0,1.5,psi4,8,15.715791139906884,19.741892577155458,135.8693639537235,15.712708375081835,19.73999751614982,136.0923305229489,-0.0030827648250477497,-0.0018950610056374685,0.22296656922540772,0.44405353894460803,-1.7831311416542794,-1.7831311416542794,,,,,,
quant_diff,0.0,20.0,1.0,0.7,rayleigh,1.0,0.799970355855317,0.9081069557844099,532.0,810.0,809.0,655.2899999999507,0.85,0.47598236173391356,80000.0,80000.0,79998.92872619629,0.02141183546727595,0.021407164469049854,0.021989815511592053,1116.5484525275333,1116.3048771531066,1146.687985640387,diff,simple,0.6,0.38140492142945215,30000.0,30000.0,1.0,1e-06,1.0,1.0,0.0,0.0,0.0,0.0,0.0,0,1.5,psi4,8,15.715791139906884,19.741892577155458,135.8693639537235,886.9263438733665,1114.5626879623198,9126.430862166955,871.2105527334595,1094.8207953851643,8990.561498213232,1114.3359999008,-16.064093380017106,-16.064093380017106,29999.4461517334,nan,nan,0.0,0.0,0.0
hybrid_diff,0.0,20.0,1.0,0.7,rayleigh,1.0,0.799970355855317,0.9081069557844099,532.0,810.0,809.0,655.2899999999507,0.85,0.47598236173391356,80000.0,80000.0,79998.92872619629,0.010443329698725207,0.010442571858705955,0.01059992638736536,0.442120606674876,0.44208852335482957,0.44875016113520405,diff,simple,0.6,0.38140492142945215,30000.0,30000.0,1.0,1e-06,1.0,1.0,0.0,0.0,0.0,0.0,0.0,0,1.5,psi4,8,15.715791139906884,19.741892577155458,135.8693639537235,164.11839382551867,226.7467221466065,1638.2567580914208,148.40260268561178,207.00482956945103,1502.3873941376974,225.91955485365008,-2.006188381804324,-2.006188381804324,29999.4461517334,0.021407164469049854,1116.3048771531066,0.0,0.0,0.0
quant_noon2,0.0,20.0,1.0,0.7,rayleigh,1.0,0.799970355855317,0.9081069557844099,532.0,810.0,809.0,0.405,0.85,0.47598236173391356,80000.0,80000.0,79998.92872619629,0.021319623096577436,0.02131723579330483,0.021912461463975023,0.687107488636979,0.6870305485358887,0.7062140028537147,noon2,simple,0.6,0.38140492142945215,30000.0,30000.0,1.0,1e-06,1.0,1.0,0.0,0.0,0.0,0.0,0.0,0,1.5,psi4,8,15.715791139906884,19.741892577155458,135.8693639537235,15.724013803498512,19.7511641336669,138.2937914946314,0.008222663591627793,0.009271556511443346,2.424427540907891,0.6838486901201771,-1.6755303013667058,-1.6755303013667058,29999.46875,nan,nan,0.0,0.0,0.0
hybrid_noon2,0.0,20.0,1.0,0.7,rayleigh,1.0,0.799970355855317,0.9081069557844099,532.0,810.0,809.0,0.405,0.85,0.47598236173391356,80000.0,80000.0,79998.92872619629,0.010443329698725207,0.010442571858705955,0.01059992638736536,0.442120606674876,0.44208852335482957,0.44875016113520405,noon2,simple,0.6,0.38140492142945215,30000.0,30000.0,1.0,1e-06,1.0,1.0,0.0,0.0,0.0,0.0,0.0,0,1.5,psi4,8,15.715791139906884,19.741892577155458,135.8693639537235,15.712708375081835,19.73999751614982,136.0923305229489,-0.0030827648250477497,-0.0018950610056374685,0.22296656922540772,0.44405353894460803,-1.7831311416542794,-1.7831311416542794,29999.46875,0.02131723579330483,0.6870305485358887,0.0,0.0,0.0
classical,0.0,20.0,1.0,0.7,rayleigh,1.0,0.799970355855317,0.9081069557844099,532.0,810.0,809.0,655.2899999999507,0.85,0.47598236173391356,80000.0,80000.0,79999.05267333984,0.010440086974444245,0.010440073841601717,0.01059731190056078,0.44198332524570183,0.4419827692639915,0.4486394762745772,-,simple,0.6,0.38140492142945215,30000.0,30000.0,1.0,1e-06,1.0,1.0,0.0,0.0,0.0,0.0,0.0,0,1.5,psi4,9,15.896610679050132,19.83373593075923,145.5413025997174,15.90133045983475,19.840272185630667,144.72061121893157,0.0047197807846166,0.006536254871438582,-0.8206913807858538,0.4472313349220605,-1.9454967973236086,-1.9454967973236086,,,,,,
quant_diff,0.0,20.0,1.0,0.7,rayleigh,1.0,0.799970355855317,0.9081069557844099,532.0,810.0,809.0,655.2899999999507,0.85,0.47598236173391356,80000.0,80000.0,79999.05267333984,0.021413670917190007,0.021403798834865286,0.022013387571096412,1116.6441644885358,1116.1293717114413,1147.917181829696,diff,simple,0.6,0.38140492142945215,30000.0,30000.0,1.0,1e-06,1.0,1.0,0.0,0.0,0.0,0.0,0.0,0,1.5,psi4,9,15.896610679050132,19.83373593075923,145.5413025997174,879.7426278696769,1105.9609724861166,8188.345453952716,863.8460171906268,1086.1272365553573,8042.804151352998,1105.678136813029,-13.391746425739441,-13.391746425739441,29999.774169921875,nan,nan,0.0,0.0,0.0
hybrid_diff,0.0,20.0,1.0,0.7,rayleigh,1.0,0.799970355855317,0.9081069557844099,532.0,810.0,809.0,655.2899999999507,0.85,0.47598236173391356,80000.0,80000.0,79999.05267333984,0.010440086974444245,0.010440073841601717,0.01059731190056078,0.44198332524570183,0.4419827692639915,0.4486394762745772,diff,simple,0.6,0.38140492142945215,30000.0,30000.0,1.0,1e-06,1.0,1.0,0.0,0.0,0.0,0.0,0.0,0,1.5,psi4,9,15.896610679050132,19.83373593075923,145.5413025997174,167.90487194344,229.91335328717759,1875.3209836017218,152.0082612643899,210.07961735641837,1729.7796810020043,228.75507814294537,-2.203130563049817,-2.203130563049817,29999.774169921875,0.021403798834865286,1116.1293717114413,0.0,0.0,0.0
quant_noon2,0.0,20.0,1.0,0.7,rayleigh,1.0,0.799970355855317,0.9081069557844099,532.0,810.0,809.0,0.405,0.85,0.47598236173391356,80000.0,80000.0,79999.05267333984,0.02131826162016754,0.021307939943953767,0.021916132683751983,0.6870636097826202,0.6867309537600608,0.7063323221405874,noon2,simple,0.6,0.38140492142945215,30000.0,30000.0,1.0,1e-06,1.0,1.0,0.0,0.0,0.0,0.0,0.0,0,1.5,psi4,9,15.896610679050132,19.83373593075923,145.5413025997174,15.90429604663421,19.84653411836477,145.89324530513292,0.007685367584077008,0.012798187605538981,0.35194270541550055,0.6898606885507251,-1.8641230357642007,-1.8641230357642007,29999.811431884766,nan,nan,0.0,0.0,0.0
hybrid_noon2,0.0,20.0,1.0,0.7,rayleigh,1.0,0.799970355855317,0.9081069557844099,532.0,810.0,809.0,0.405,0.85,0.47598236173391356,80000.0,80000.0,79999.05267333984,0.010440086974444245,0.010440073841601717,0.01059731190056078,0.44198332524570183,0.4419827692639915,0.4486394762745772,noon2,simple,0.6,0.38140492142945215,30000.0,30000.0,1.0,1e-06,1.0,1.0,0.0,0.0,0.0,0.0,0.0,0,1.5,psi4,9,15.896610679050132,19.83373593075923,145.5413025997174,15.90133045983475,19.840272185630667,144.72061121893157,0.0047197807846166,0.006536254871438582,-0.8206913807858538,0.4472313349220605,-1.9454967973236086,-1.9454967973236086,29999.811431884766,0.021307939943953767,0.6867309537600608,0.0,0.0,0.0
classical,0.0,20.0,0.5,1.0,rayleigh,1.0,0.799970355855317,0.9081069557844099,532.0,810.0,809.0,655.2899999999507,0.85,0.6799748024770194,80000.0,40000.0,39998.87478637695,0.01026535046442684,0.010270634316177356,0.0104548497608995,0.4345858175498013,0.43480951054896066,0.4426083109822534,-,simple,0.6,0.544864173470646,30000.0,15000.0,1.0,1e-06,1.0,1.0,0.0,0.0,0.0,0.0,0.0,0,1.5,psi4,0,16.13056008130645,19.94669127082623,136.31647721230465,16.128843193798403,19.948477892841876,135.95980863785297,-0.0017168875080471342,0.001786622015647339,-0.3566685744516778,0.4378157407368218,-1.2406003733352455,-1.2406003733352455,,,,,,
quant_diff,0.0,20.0,0.5,1.0,rayleigh,1.0,0.799970355855317,0.9081069557844099,532.0,810.0,809.0,655.2899999999507,0.85,0.6799748024770194,80000.0,40000.0,39998.87478637695,0.021191014287305313,0.021179361312494503,0.021767496146252004,1105.0334403204606,1104.4257805515335,1135.09484857763,diff,simple,0.6,0.544864173470646,30000.0,15000.0,1.0,1e-06,1.0,1.0,0.0,0.0,0.0,0.0,0.0,0,1.5,psi4,0,16.13056008130645,19.94669127082623,136.31647721230465,889.5954579655407,1112.6606543432283,8337.866058857377,873.4648978842343,1092.713963072402,8201.549581645071,1112.4077057579616,-6.360864933958417,-6.360864933958417,14999.38217163086,nan,nan,0.0,0.0,0.0
hybrid_diff,0.0,20.0,0.5,1.0,rayleigh,1.0,0.799970355855317,0.9081069557844099,532.0,810.0,809.0,655.2899999999507,0.85,0.6799748024770194,80000.0,40000.0,39998.87478637695,0.01026535046442684,0.010270634316177356,0.0104548497608995,0.4345858175498013,0.43480951054896066,0.4426083109822534,diff,simple,0.6,0.544864173470646,30000.0,15000.0,1.0,1e-06,1.0,1.0,0.0,0.0,0.0,0.0,0.0,0,1.5,psi4,0,16.13056008130645,19.94669127082623,136.31647721230465,166.91419346610738,225.02228741997803,1625.6166940020482,150.78363338480094,205.0755961491518,1489.3002167897437,223.89129661634846,0.06947058736209075,0.06947058736209075,14999.38217163086,0.021179361312494503,1104.4257805515335,0.0,0.0,0.0
quant_noon2,0.0,20.0,0.5,1.0,rayleigh,1.0,0.799970355855317,0.9081069557844099,532.0,810.0,809.0,0.405,0.85,0.6799748024770194,80000.0,40000.0,39998.87478637695,0.02099329742948759,0.020984040894135157,0.021598141889506466,0.6765903791845195,0.6762920514546773,0.6960838362713043,noon2,simple,0.6,0.544864173470646,30000.0,15000.0,1.0,1e-06,1.0,1.0,0.0,0.0,0.0,0.0,0.0,0,1.5,psi4,0,16.13056008130645,19.94669127082623,136.31647721230465,16.139418080027852,19.955313059947272,136.26653620834125,0.008857998721401793,0.008621789121045149,-0.049941003963401,0.681049424089564,-1.2926852790184382,-1.2926852790184382,14999.42805480957,nan,nan,0.0,0.0,0.0
hybrid_noon2,0.0,20.0,0.5,1.0,rayleigh,1.0,0.799970355855317,0.9081069557844099,532.0,810.0,809.0,0.405,0.85,0.6799748024770194,80000.0,40000.0,39998.87478637695,0.01026535046442684,0.010270634316177356,0.0104548497608995,0.4345858175498013,0.43480951054896066,0.4426083109822534,noon2,simple,0.6,0.544864173470646,30000.0,15000.0,1.0,1e-06,1.0,1.0,0.0,0.0,0.0,0.0,0.0,0,1.5,psi4,0,16.13056008130645,19.94669127082623,136.31647721230465,16.128843193798403,19.948477892841876,135.95980863785297,-0.0017168875080471342,0.001786622015647339,-0.3566685744516778,0.4378157407368218,-1.2406003733352455,-1.2406003733352455,14999.42805480957,0.020984040894135157,0.6762920514546773,0.0,0.0,0.0
classical,0.0,20.0,0.5,1.0,rayleigh,1.0,0.799970355855317,0.9081069557844099,532.0,810.0,809.0,655.2899999999507,0.85,0.6799748024770194,80000.0,40000.0,40000.96658325195,0.010273303365363962,0.010277677584134375,0.010465066247392862,0.4349225053197541,0.43510768881125483,0.4430408281330891,-,simple,0.6,0.544864173470646,30000.0,15000.0,1.0,1e-06,1.0,1.0,0.0,0.0,0.0,0.0,0.0,0,1.5,psi4,1,15.863852317621603,19.983001028833215,140.20670746595619,15.870180286842924,19.988255364449206,141.01419739630563,0.006327969221319646,0.005254335615990788,0.8074899303494527,0.4372499870458488,0.9677412029350713,0.9677412029350713,,,,,,
quant_diff,0.0,20.0,0.5,1.0,rayleigh,1.0,0.799970355855317,0.9081069557844099,532.0,810.0,809.0,655.2899999999507,0.85,0.6799748024770194,80000.0,40000.0,40000.96658325195,0.02119888321829021,0.021190399263592778,0.021781658754204607,1105.4437761241174,1105.0013690963215,1135.8333764827878,diff,simple,0.6,0.544864173470646,30000.0,15000.0,1.0,1e-06,1.0,1.0,0.0,0.0,0.0,0.0,0.0,0,1.5,psi4,1,15.863852317621603,19.983001028833215,140.20670746595619,874.3516137129144,1098.1727429127698,9047.499521507836,858.4877613952928,1078.1897418839364,8907.292814041879,1097.8355248986886,-6.658506263437462,-6.658506263437462,15000.638732910156,nan,nan,0.0,0.0,0.0
hybrid_diff,0.0,20.0,0.5,1.0,rayleigh,1.0,0.799970355855317,0.9081069557844099,532.0,810.0,809.0,655.2899999999507,0.85,0.6799748024770194,80000.0,40000.0,40000.96658325195,0.010273303365363962,0.010277677584134375,0.010465066247392862,0.4349225053197541,0.43510768881125483,0.4430408281330891,diff,simple,0.6,0.544864173470646,30000.0,15000.0,1.0,1e-06,1.0,1.0,0.0,0.0,0.0,0.0,0.0,0,1.5,psi4,1,15.863852317621603,19.983001028833215,140.20670746595619,161.58008565979662,222.9576889230439,1650.654151025469,145.716233342175,202.9746878942107,1510.4474435595127,221.60121687063005,0.3428128773636,0.3428128773636,15000.638732910156,0.021190399263592778,1105.0013690963215,0.0,0.0,0.0
quant_noon2,0.0,20.0,0.5,1.0,rayleigh,1.0,0.799970355855317,0.9081069557844099,532.0,810.0,809.0,0.405,0.85,0.6799748024770194,80000.0,40000.0,40000.96658325195,0.021006987270698566,0.02099577022847628,0.02162123740666989,0.6770315873790407,0.6766700747164398,0.6968281788295685,noon2,simple,0.6,0.544864173470646,30000.0,15000.0,1.0,1e-06,1.0,1.0,0.0,0.0,0.0,0.0,0.0,0,1.5,psi4,1,15.863852317621603,19.983001028833215,140.20670746595619,15.883753923852925,20.005475951237525,140.85888941247856,0.019901606231321537,0.022474922404311936,0.6521819465223863,0.6816855803556345,0.8600274386392295,0.8600274386392295,15000.66291809082,nan,nan,0.0,0.0,0.0
hybrid_noon2,0.0,20.0,0.5,1.0,rayleigh,1.0,0.799970355855317,0.9081069557844099,532.0,810.0,809.0,0.405,0.85,0.6799748024770194,80000.0,40000.0,40000.96658325195,0.010273303365363962,0.010277677584134375,0.010465066247392862,0.4349225053197541,0.43510768881125483,0.4430408281330891,noon2,simple,0.6,0.544864173470646,30000.0,15000.0,1.0,1e-06,1.0,1.0,0.0,0.0,0.0,0.0,0.0,0,1.5,psi4,1,15.863852317621603,19.983001028833215,140.20670746595619,15.870180286842924,19.988255364449206,141.01419739630563,0.006327969221319646,0.005254335615990788,0.8074899303494527,0.4372499870458488,0.9677412029350713,0.9677412029350713,15000.66291809082,0.02099577022847628,0.6766700747164398,0.0,0.0,0.0
classical,0.0,20.0,0.5,1.0,rayleigh,1.0,0.799970355855317,0.9081069557844099,532.0,810.0,809.0,655.2899999999507,0.85,0.6799748024770194,80000.0,40000.0,39999.90084838867,0.010266376763099945,0.010270656941514609,0.010459031587274945,0.43462926612464026,0.4348104683974746,0.44278534950037524,-,simple,0.6,0.544864173470646,30000.0,15000.0,1.0,1e-06,1.0,1.0,0.0,0.0,0.0,0.0,0.0,0,1.5,psi4,2,16.086296615612845,19.922118801354785,127.29597057267604,16.090067028302226,19.928847338877432,127.97700410818558,0.0037704126893815595,0.006728537522645502,0.6810335355095471,0.44452001160249244,1.8877180375668918,1.8877180375668918,,,,,,
quant_diff,0.0,20.0,0.5,1.0,rayleigh,1.0,0.799970355855317,0.9081069557844099,532.0,810.0,809.0,655.2899999999507,0.85,0.6799748024770194,80000.0,40000.0,39999.90084838867,0.021196705130075835,0.021188675286669963,0.02177264363985809,1105.3301968362068,1104.91147004174,1135.3632714332539,diff,simple,0.6,0.544864173470646,30000.0,15000.0,1.0,1e-06,1.0,1.0,0.0,0.0,0.0,0.0,0.0,0,1.5,psi4,2,16.086296615612845,19.922118801354785,127.29597057267604,875.340814887082,1093.6607412675796,8395.652658492694,859.2545182714692,1073.7386224662248,8268.356687920017,1093.5263623852384,31.753227928740447,31.753227928740447,14999.966934204102,nan,nan,0.0,0.0,0.0
hybrid_diff,0.0,20.0,0.5,1.0,rayleigh,1.0,0.799970355855317,0.9081069557844099,532.0,810.0,809.0,655.2899999999507,0.85,0.6799748024770194,80000.0,40000.0,39999.90084838867,0.010266376763099945,0.010270656941514609,0.010459031587274945,0.43462926612464026,0.4348104683974746,0.44278534950037524,diff,simple,0.6,0.544864173470646,30000.0,15000.0,1.0,1e-06,1.0,1.0,0.0,0.0,0.0,0.0,0.0,0,1.5,psi4,2,16.086296615612845,19.922118801354785,127.29597057267604,162.9373878450845,223.82115934548915,1641.1477728572565,146.85109122947165,203.89904054413438,1513.8518022845806,223.2821670565984,4.5205027685245405,4.5205027685245405,14999.966934204102,0.021188675286669963,1104.91147004174,0.0,0.0,0.0
quant_noon2,0.0,20.0,0.5,1.0,rayleigh,1.0,0.799970355855317,0.9081069557844099,532.0,810.0,809.0,0.405,0.85,0.6799748024770194,80000.0,40000.0,39999.90084838867,0.02100273925123875,0.020998720140546337,0.021608152925955047,0.6768946784867262,0.6767651470666862,0.696406480723398,noon2,simple,0.6,0.544864173470646,30000.0,15000.0,1.0,1e-06,1.0,1.0,0.0,0.0,0.0,0.0,0.0,0,1.5,psi4,2,16.086296615612845,19.922118801354785,127.29597057267604,16.09388462532632,19.932997904303374,128.51807193682117,0.0075880097134795235,0.010879102948586614,1.2221013641451335,0.6841463359948672,1.813378770037482,1.813378770037482,14999.972290039062,nan,nan,0.0,0.0,0.0
hybrid_noon2,0.0,20.0,0.5,1.0,rayleigh,1.0,0.799970355855317,0.9081069557844099,532.0,810.0,809.0,0.405,0.85,0.6799748024770194,80000.0,40000.0,39999.90084838867,0.010266376763099945,0.010270656941514609,0.010459031587274945,0.43462926612464026,0.4348104683974746,0.44278534950037524,noon2,simple,0.6,0.544864173470646,30000.0,15000.0,1.0,1e-06,1.0,1.0,0.0,0.0,0.0,0.0,0.0,0,1.5,psi4,2,16.086296615612845,19.922118801354785,127.29597057267604,16.090067028302226,19.928847338877432,127.97700410818558,0.0037704126893815595,0.006728537522645502,0.6810335355095471,0.44452001160249244,1.8877180375668918,1.8877180375668918,14999.972290039062,0.020998720140546337,0.6767651470666862,0.0,0.0,0.0
classical,0.0,20.0,0.5,1.0,rayleigh,1.0,0.799970355855317,0.9081069557844099,532.0,810.0,809.0,655.2899999999507,0.85,0.6799748024770194,80000.0,40000.0,39999.33316040039,0.01026504491507185,0.010270488186848352,0.01045561966656639,0.4345728820522068,0.4348033241324196,0.44264090510408494,-,simple,0.6,0.544864173470646,30000.0,15000.0,1.0,1e-06,1.0,1.0,0.0,0.0,0.0,0.0,0.0,0,1.5,psi4,3,16.17470535701468,19.99906821070035,124.24932888295653,16.177648952104512,20.00231671373488,124.69295314237017,0.0029435950898346894,0.0032485030345301737,0.4436242594136469,0.44200667528631543,0.7979483318189662,0.7979483318189662,,,,,,
quant_diff,0.0,20.0,0.5,1.0,rayleigh,1.0,0.799970355855317,0.9081069557844099,532.0,810.0,809.0,655.2899999999507,0.85,0.6799748024770194,80000.0,40000.0,39999.33316040039,0.021192360055503914,0.021185015862256476,0.021759644721691385,1105.1036171813796,1104.720644520394,1134.685425669599,diff,simple,0.6,0.544864173470646,30000.0,15000.0,1.0,1e-06,1.0,1.0,0.0,0.0,0.0,0.0,0.0,0,1.5,psi4,3,16.17470535701468,19.99906821070035,124.24932888295653,887.1380241339142,1114.8385442166796,9223.748277988152,870.9633187768997,1094.8394760059793,9099.498949105197,1114.761208587862,12.161665703996768,12.161665703996768,14999.603576660156,nan,nan,0.0,0.0,0.0
hybrid_diff,0.0,20.0,0.5,1.0,rayleigh,1.0,0.799970355855317,0.9081069557844099,532.0,810.0,809.0,655.2899999999507,0.85,0.6799748024770194,80000.0,40000.0,39999.33316040039,0.01026504491507185,0.010270488186848352,0.01045561966656639,0.4345728820522068,0.4348033241324196,0.44264090510408494,diff,simple,0.6,0.544864173470646,30000.0,15000.0,1.0,1e-06,1.0,1.0,0.0,0.0,0.0,0.0,0.0,0,1.5,psi4,3,16.17470535701468,19.99906821070035,124.24932888295653,173.44654078519847,230.91891578978402,1871.9785057607833,157.27183542818378,210.91984757908367,1747.7291768778268,230.55496757346583,3.3863612492878934,3.3863612492878934,14999.603576660156,0.021185015862256476,1104.720644520394,0.0,0.0,0.0
quant_noon2,0.0,20.0,0.5,1.0,rayleigh,1.0,0.799970355855317,0.9081069557844099,532.0,810.0,809.0,0.405,0.85,0.6799748024770194,80000.0,40000.0,39999.33316040039,0.02099966380862603,0.02098798486411068,0.021601289725820948,0.6767955604281891,0.6764191611738721,0.6961852874974768,noon2,simple,0.6,0.544864173470646,30000.0,15000.0,1.0,1e-06,1.0,1.0,0.0,0.0,0.0,0.0,0.0,0,1.5,psi4,3,16.17470535701468,19.99906821070035,124.24932888295653,16.172031677522504,20.00310496049314,126.11671655394352,-0.0026736794921745966,0.0040367497927901366,1.8673876709869963,0.68139974152904,0.6766617066178582,0.6766617066178582,14999.596649169922,nan,nan,0.0,0.0,0.0
hybrid_noon2,0.0,20.0,0.5,1.0,rayleigh,1.0,0.799970355855317,0.9081069557844099,532.0,810.0,809.0,0.405,0.85,0.6799748024770194,80000.0,40000.0,39999.33316040039,0.01026504491507185,0.010270488186848352,0.01045561966656639,0.4345728820522068,0.4348033241324196,0.44264090510408494,noon2,simple,0.6,0.544864173470646,30000.0,15000.0,1.0,1e-06,1.0,1.0,0.0,0.0,0.0,0.0,0.0,0,1.5,psi4,3,16.17470535701468,19.99906821070035,124.24932888295653,16.177648952104512,20.00231671373488,124.69295314237017,0.0029435950898346894,0.0032485030345301737,0.4436242594136469,0.44200667528631543,0.7979483318189662,0.7979483318189662,14999.596649169922,0.02098798486411068,0.6764191611738721,0.0,0.0,0.0
classical,0.0,20.0,0.5,1.0,rayleigh,1.0,0.799970355855317,0.9081069557844099,532.0,810.0,809.0,655.2899999999507,0.85,0.6799748024770194,80000.0,40000.0,40001.143493652344,0.010264317748840422,0.010268227611607356,0.010456005124861233,0.43454209731355853,0.4347076221938793,0.4426572235638177,-,simple,0.6,0.544864173470646,30000.0,15000.0,1.0,1e-06,1.0,1.0,0.0,0.0,0.0,0.0,0.0,0,1.5,psi4,4,16.160044231162853,19.972052716553165,124.07885299492368,16.166611329101734,19.97862894446976,124.22506577031102,0.006567097938881617,0.006576227916596476,0.1462127753873353,0.43734569272754914,-4.4212866244107145,-4.4212866244107145,,,,,,
quant_diff,0.0,20.0,0.5,1.0,rayleigh,1.0,0.799970355855317,0.9081069557844099,532.0,810.0,809.0,655.2899999999507,0.85,0.6799748024770194,80000.0,40000.0,40001.143493652344,0.021194872931991796,0.021189686636734456,0.021770242987395466,1105.2346544461777,1104.9642082271798,1135.2380862385378,diff,simple,0.6,0.544864173470646,30000.0,15000.0,1.0,1e-06,1.0,1.0,0.0,0.0,0.0,0.0,0.0,0,1.5,psi4,4,16.160044231162853,19.972052716553165,124.07885299492368,876.4948104538283,1095.9922739021242,9002.16716838064,860.3347662226654,1076.020221185571,8878.088315385716,1095.7458006123106,15.879457252310871,15.879457252310871,15000.565994262695,nan,nan,0.0,0.0,0.0
hybrid_diff,0.0,20.0,0.5,1.0,rayleigh,1.0,0.799970355855317,0.9081069557844099,532.0,810.0,809.0,655.2899999999507,0.85,0.6799748024770194,80000.0,40000.0,40001.143493652344,0.010264317748840422,0.010268227611607356,0.010456005124861233,0.43454209731355853,0.4347076221938793,0.4426572235638177,diff,simple,0.6,0.544864173470646,30000.0,15000.0,1.0,1e-06,1.0,1.0,0.0,0.0,0.0,0.0,0.0,0,1.5,psi4,4,16.160044231162853,19.972052716553165,124.07885299492368,157.65756696463967,217.9047890273264,1922.9307509197606,141.4975227334768,197.9327363107732,1798.851897924837,216.83172029026767,-3.399136756230533,-3.399136756230533,15000.565994262695,0.021189686636734456,1104.9642082271798,0.0,0.0,0.0
quant_noon2,0.0,20.0,0.5,1.0,rayleigh,1.0,0.799970355855317,0.9081069557844099,532.0,810.0,809.0,0.405,0.85,0.6799748024770194,80000.0,40000.0,40001.143493652344,0.020996922356080663,0.02098782680438538,0.02160530847825528,0.6767072064941102,0.6764140670865886,0.6963148073712616,noon2,simple,0.6,0.544864173470646,30000.0,15000.0,1.0,1e-06,1.0,1.0,0.0,0.0,0.0,0.0,0.0,0,1.5,psi4,4,16.160044231162853,19.972052716553165,124.07885299492368,16.170502078409026,19.983596345732845,125.00997409252905,0.010457847246172762,0.011543629179680005,0.9311210976053658,0.6774186692420773,-4.357470167097875,-4.357470167097875,15000.598526000977,nan,nan,0.0,0.0,0.0
hybrid_noon2,0.0,20.0,0.5,1.0,rayleigh,1.0,0.799970355855317,0.9081069557844099,532.0,810.0,809.0,0.405,0.85,0.6799748024770194,80000.0,40000.0,40001.143493652344,0.010264317748840422,0.010268227611607356,0.010456005124861233,0.43454209731355853,0.4347076221938793,0.4426572235638177,noon2,simple,0.6,0.544864173470646,30000.0,15000.0,1.0,1e-06,1.0,1.0,0.0,0.0,0.0,0.0,0.0,0,1.5,psi4,4,16.160044231162853,19.972052716553165,124.07885299492368,16.166611329101734,19.97862894446976,124.22506577031102,0.006567097938881617,0.006576227916596476,0.1462127753873353,0.43734569272754914,-4.4212866244107145,-4.4212866244107145,15000.598526000977,0.02098782680438538,0.6764140670865886,0.0,0.0,0.0
classical,0.0,20.0,0.5,1.0,rayleigh,1.0,0.799970355855317,0.9081069557844099,532.0,810.0,809.0,655.2899999999507,0.85,0.6799748024770194,80000.0,40000.0,39999.98696899414,0.010268501235644762,0.010274271438595373,0.010460187345904579,0.43471920612629444,0.4349634889080084,0.4428342787902899,-,simple,0.6,0.544864173470646,30000.0,15000.0,1.0,1e-06,1.0,1.0,0.0,0.0,0.0,0.0,0.0,0,1.5,psi4,5,15.957990603016844,19.68035655564542,124.31199589454579,15.95931097452395,19.68201535757133,124.3357980247825,0.0013203715071060627,0.0016588019259107674,0.02380213023671266,0.4397663652786775,-4.057134035371952,-4.057134035371952,,,,,,
quant_diff,0.0,20.0,0.5,1.0,rayleigh,1.0,0.799970355855317,0.9081069557844099,532.0,810.0,809.0,655.2899999999507,0.85,0.6799748024770194,80000.0,40000.0,39999.98696899414,0.02119905948711355,0.021187783785713066,0.021780781329258522,1105.45296789482,1104.8649815463764,1135.787621999607,diff,simple,0.6,0.544864173470646,30000.0,15000.0,1.0,1e-06,1.0,1.0,0.0,0.0,0.0,0.0,0.0,0,1.5,psi4,5,15.957990603016844,19.68035655564542,124.31199589454579,873.8437752992962,1095.8722049375451,9413.904420985595,857.8857846962794,1076.1918483818997,9289.592425091048,1096.019597252576,6.146719966997438,6.146719966997438,15000.007125854492,nan,nan,0.0,0.0,0.0
hybrid_diff,0.0,20.0,0.5,1.0,rayleigh,1.0,0.799970355855317,0.9081069557844099,532.0,810.0,809.0,655.2899999999507,0.85,0.6799748024770194,80000.0,40000.0,39999.98696899414,0.010268501235644762,0.010274271438595373,0.010460187345904579,0.43471920612629444,0.4349634889080084,0.4428342787902899,diff,simple,0.6,0.544864173470646,30000.0,15000.0,1.0,1e-06,1.0,1.0,0.0,0.0,0.0,0.0,0.0,0,1.5,psi4,5,15.957990603016844,19.68035655564542,124.31199589454579,164.60307939875688,225.38758402316898,1871.6918606112554,148.64508879574004,205.70722746752355,1747.3798647167096,226.12671246694168,-1.6396957296042143,-1.6396957296042143,15000.007125854492,0.021187783785713066,1104.8649815463764,0.0,0.0,0.0
quant_noon2,0.0,20.0,0.5,1.0,rayleigh,1.0,0.799970355855317,0.9081069557844099,532.0,810.0,809.0,0.405,0.85,0.6799748024770194,80000.0,40000.0,39999.98696899414,0.02100640421411328,0.020993960490265605,0.021612534460282995,0.6770127961206663,0.6766117488880987,0.6965476926498384,noon2,simple,0.6,0.544864173470646,30000.0,15000.0,1.0,1e-06,1.0,1.0,0.0,0.0,0.0,0.0,0.0,0,1.5,psi4,5,15.957990603016844,19.68035655564542,124.31199589454579,15.960563311698763,19.69170606884985,125.62654979771754,0.0025727086819201587,0.011349513204429508,1.314553903171752,0.6798175688036427,-4.154594460929752,-4.154594460929752,15000.011810302734,nan,nan,0.0,0.0,0.0
hybrid_noon2,0.0,20.0,0.5,1.0,rayleigh,1.0,0.799970355855317,0.9081069557844099,532.0,810.0,809.0,0.405,0.85,0.6799748024770194,80000.0,40000.0,39999.98696899414,0.010268501235644762,0.010274271438595373,0.010460187345904579,0.43471920612629444,0.4349634889080084,0.4428342787902899,noon2,simple,0.6,0.544864173470646,30000.0,15000.0,1.0,1e-06,1.0,1.0,0.0,0.0,0.0,0.0,0.0,0,1.5,psi4,5,15.957990603016844,19.68035655564542,124.31199589454579,15.95931097452395,19.68201535757133,124.3357980247825,0.0013203715071060627,0.0016588019259107674,0.02380213023671266,0.4397663652786775,-4.057134035371952,-4.057134035371952,15000.011810302734,0.020993960490265605,0.6766117488880987,0.0,0.0,0.0
classical,0.0,20.0,0.5,1.0,rayleigh,1.0,0.799970355855317,0.9081069557844099,532.0,810.0,809.0,655.2899999999507,0.85,0.6799748024770194,80000.0,40000.0,39998.039947509766,0.010270111611048977,0.010274801844668896,0.010461893641064625,0.4347873817150411,0.4349859437630954,0.4429065151625092,-,simple,0.6,0.544864173470646,30000.0,15000.0,1.0,1e-06,1.0,1.0,0.0,0.0,0.0,0.0,0.0,0,1.5,psi4,6,16.002060947397013,19.952979247129885,130.15937734702007,16.0032368780553,19.956946167777357,131.05853665673766,0.0011759306582873458,0.003966920647469284,0.8991593097176052,0.43762912581724217,-0.9286900049949777,-0.9286900049949777,,,,,,
quant_diff,0.0,20.0,0.5,1.0,rayleigh,1.0,0.799970355855317,0.9081069557844099,532.0,810.0,809.0,655.2899999999507,0.85,0.6799748024770194,80000.0,40000.0,39998.039947509766,0.021198869347935627,0.021187351417886816,0.021783515958227754,1105.4430528361502,1104.8424351547762,1135.9302228405531,diff,simple,0.6,0.544864173470646,30000.0,15000.0,1.0,1e-06,1.0,1.0,0.0,0.0,0.0,0.0,0.0,0,1.5,psi4,6,16.002060947397013,19.952979247129885,130.15937734702007,881.6726749370036,1098.056606637659,9300.548754881836,865.6706139896066,1078.103627390529,9170.389377534815,1098.1396165028996,18.993319726148638,18.993319726148638,14999.570938110352,nan,nan,0.0,0.0,0.0
hybrid_diff,0.0,20.0,0.5,1.0,rayleigh,1.0,0.799970355855317,0.9081069557844099,532.0,810.0,809.0,655.2899999999507,0.85,0.6799748024770194,80000.0,40000.0,39998.039947509766,0.010270111611048977,0.010274801844668896,0.010461893641064625,0.4347873817150411,0.4349859437630954,0.4429065151625092,diff,simple,0.6,0.544864173470646,30000.0,15000.0,1.0,1e-06,1.0,1.0,0.0,0.0,0.0,0.0,0.0,0,1.5,psi4,6,16.002060947397013,19.952979247129885,130.15937734702007,166.2009896690856,226.82219191502776,1899.0917353239001,150.19892872168856,206.8692126678979,1768.9323579768802,227.3417312458809,3.397185696715278,3.397185696715278,14999.570938110352,0.021187351417886816,1104.8424351547762,0.0,0.0,0.0
quant_noon2,0.0,20.0,0.5,1.0,rayleigh,1.0,0.799970355855317,0.9081069557844099,532.0,810.0,809.0,0.405,0.85,0.6799748024770194,80000.0,40000.0,39998.039947509766,0.021006760025822975,0.02099941038860705,0.02161703123268737,0.6770242635321291,0.6767873929858275,0.6966926185699519,noon2,simple,0.6,0.544864173470646,30000.0,15000.0,1.0,1e-06,1.0,1.0,0.0,0.0,0.0,0.0,0.0,0,1.5,psi4,6,16.002060947397013,19.952979247129885,130.15937734702007,16.009362112518012,19.967812539553638,130.69721923487228,0.007301165120997793,0.01483329242375212,0.537841887852213,0.6882988116552712,-0.9190721050799497,-0.9190721050799497,14999.557403564453,nan,nan,0.0,0.0,0.0
hybrid_noon2,0.0,20.0,0.5,1.0,rayleigh,1.0,0.799970355855317,0.9081069557844099,532.0,810.0,809.0,0.405,0.85,0.6799748024770194,80000.0,40000.0,39998.039947509766,0.010270111611048977,0.010274801844668896,0.010461893641064625,0.4347873817150411,0.4349859437630954,0.4429065151625092,noon2,simple,0.6,0.544864173470646,30000.0,15000.0,1.0,1e-06,1.0,1.0,0.0,0.0,0.0,0.0,0.0,0,1.5,psi4,6,16.002060947397013,19.952979247129885,130.15937734702007,16.0032368780553,19.956946167777357,131.05853665673766,0.0011759306582873458,0.003966920647469284,0.8991593097176052,0.43762912581724217,-0.9286900049949777,-0.9286900049949777,14999.557403564453,0.02099941038860705,0.6767873929858275,0.0,0.0,0.0
classical,0.0,20.0,0.5,1.0,rayleigh,1.0,0.799970355855317,0.9081069557844099,532.0,810.0,809.0,655.2899999999507,0.85,0.6799748024770194,80000.0,40000.0,40000.47830200195,0.010265651058938105,0.010269539575115571,0.01045558491445067,0.43459854328302217,0.43476316445089125,0.442639433865799,-,simple,0.6,0.544864173470646,30000.0,15000.0,1.0,1e-06,1.0,1.0,0.0,0.0,0.0,0.0,0.0,0,1.5,psi4,7,16.02583369749825,19.908197704436162,123.30299191758986,16.033121767323063,19.91446463299456,124.0191996470679,0.007288069824810764,0.006266928558394998,0.7162077294780366,0.4375042759393648,-1.852437220513278,-1.852437220513278,,,,,,
quant_diff,0.0,20.0,0.5,1.0,rayleigh,1.0,0.799970355855317,0.9081069557844099,532.0,810.0,809.0,655.2899999999507,0.85,0.6799748024770194,80000.0,40000.0,40000.47830200195,0.021192046469750668,0.021183460100513186,0.02176239106896375,1105.0872648379266,1104.6395172686166,1134.8286375769455,diff,simple,0.6,0.544864173470646,30000.0,15000.0,1.0,1e-06,1.0,1.0,0.0,0.0,0.0,0.0,0.0,0,1.5,psi4,7,16.02583369749825,19.908197704436162,123.30299191758986,878.4597340301666,1101.4554034139583,8152.642434464734,862.4339003326684,1081.547205709522,8029.339442547143,1101.3605646679553,-6.6585231561361145,-6.6585231561361145,15000.286224365234,nan,nan,0.0,0.0,0.0
hybrid_diff,0.0,20.0,0.5,1.0,rayleigh,1.0,0.799970355855317,0.9081069557844099,532.0,810.0,809.0,655.2899999999507,0.85,0.6799748024770194,80000.0,40000.0,40000.47830200195,0.010265651058938105,0.010269539575115571,0.01045558491445067,0.43459854328302217,0.43476316445089125,0.442639433865799,diff,simple,0.6,0.544864173470646,30000.0,15000.0,1.0,1e-06,1.0,1.0,0.0,0.0,0.0,0.0,0.0,0,1.5,psi4,7,16.02583369749825,19.908197704436162,123.30299191758986,162.35030870289683,222.44998327062154,1611.2206778103282,146.32447500539857,202.54178556618538,1487.9176858927383,222.1058271094922,-4.690882212863467,-4.690882212863467,15000.286224365234,0.021183460100513186,1104.6395172686166,0.0,0.0,0.0
quant_noon2,0.0,20.0,0.5,1.0,rayleigh,1.0,0.799970355855317,0.9081069557844099,532.0,810.0,809.0,0.405,0.85,0.6799748024770194,80000.0,40000.0,40000.47830200195,0.02099682446254031,0.020988310017677883,0.02160642210937424,0.6767040514953392,0.6764296405078626,0.6963506984504777,noon2,simple,0.6,0.544864173470646,30000.0,15000.0,1.0,1e-06,1.0,1.0,0.0,0.0,0.0,0.0,0.0,0,1.5,psi4,7,16.02583369749825,19.908197704436162,123.30299191758986,16.035421936236798,19.915321897511603,123.90721434492069,0.0095882387385481,0.0071241930754406884,0.6042224273308296,0.6792632594540162,-1.7151469115943114,-1.7151469115943114,15000.225570678711,nan,nan,0.0,0.0,0.0
hybrid_noon2,0.0,20.0,0.5,1.0,rayleigh,1.0,0.799970355855317,0.9081069557844099,532.0,810.0,809.0,0.405,0.85,0.6799748024770194,80000.0,40000.0,40000.47830200195,0.010265651058938105,0.010269539575115571,0.01045558491445067,0.43459854328302217,0.43476316445089125,0.442639433865799,noon2,simple,0.6,0.544864173470646,30000.0,15000.0,1.0,1e-06,1.0,1.0,0.0,0.0,0.0,0.0,0.0,0,1.5,psi4,7,16.02583369749825,19.908197704436162,123.30299191758986,16.033121767323063,19.91446463299456,124.0191996470679,0.007288069824810764,0.006266928558394998,0.7162077294780366,0.4375042759393648,-1.852437220513278,-1.852437220513278,15000.225570678711,0.020988310017677883,0.6764296405078626,0.0,0.0,0.0
classical,0.0,20.0,0.5,1.0,rayleigh,1.0,0.799970355855317,0.9081069557844099,532.0,810.0,809.0,655.2899999999507,0.85,0.6799748024770194,80000.0,40000.0,39999.38432312012,0.01027140182826014,0.010275998682103993,0.010460996389473017,0.4348420033378949,0.4350366121330656,0.44286852982359276,-,simple,0.6,0.544864173470646,30000.0,15000.0,1.0,1e-06,1.0,1.0,0.0,0.0,0.0,0.0,0.0,0,1.5,psi4,8,15.715791139906884,19.741892577155458,135.8693639537235,15.722421708102504,19.75018155559288,136.08629873689856,0.006630568195619502,0.008288978437424994,0.2169347831750606,0.4409816566453043,-1.6972244501635958,-1.6972244501635958,,,,,,
quant_diff,0.0,20.0,0.5,1.0,rayleigh,1.0,0.799970355855317,0.9081069557844099,532.0,810.0,809.0,655.2899999999507,0.85,0.6799748024770194,80000.0,40000.0,39999.38432312012,0.021196553929195006,0.021187199636718876,0.021773366001012973,1105.3223122664901,1104.834520325221,1135.4009399101521,diff,simple,0.6,0.544864173470646,30000.0,15000.0,1.0,1e-06,1.0,1.0,0.0,0.0,0.0,0.0,0.0,0,1.5,psi4,8,15.715791139906884,19.741892577155458,135.8693639537235,871.4737367771819,1094.152143807103,8615.269791829582,855.757945637275,1074.4102512299476,8479.400427875858,1094.0569362700055,1.1813344301398376,1.1813344301398376,14999.611923217773,nan,nan,0.0,0.0,0.0
hybrid_diff,0.0,20.0,0.5,1.0,rayleigh,1.0,0.799970355855317,0.9081069557844099,532.0,810.0,809.0,655.2899999999507,0.85,0.6799748024770194,80000.0,40000.0,39999.38432312012,0.01027140182826014,0.010275998682103993,0.010460996389473017,0.4348420033378949,0.4350366121330656,0.44286852982359276,diff,simple,0.6,0.544864173470646,30000.0,15000.0,1.0,1e-06,1.0,1.0,0.0,0.0,0.0,0.0,0.0,0,1.5,psi4,8,15.715791139906884,19.741892577155458,135.8693639537235,165.40801466275803,226.02456954669972,1612.3701575373098,149.69222352285115,206.28267696954427,1476.5007935835863,225.6466849536542,-1.5999684707843276,-1.5999684707843276,14999.611923217773,0.021187199636718876,1104.834520325221,0.0,0.0,0.0
quant_noon2,0.0,20.0,0.5,1.0,rayleigh,1.0,0.799970355855317,0.9081069557844099,532.0,810.0,809.0,0.405,0.85,0.6799748024770194,80000.0,40000.0,39999.38432312012,0.021004910900024903,0.020994391544746152,0.021613720101888053,0.6769646682861188,0.6766256412894912,0.6965859045460799,noon2,simple,0.6,0.544864173470646,30000.0,15000.0,1.0,1e-06,1.0,1.0,0.0,0.0,0.0,0.0,0.0,0,1.5,psi4,8,15.715791139906884,19.741892577155458,135.8693639537235,15.731451690752188,19.759643406073625,136.8756123893471,0.01566055084530424,0.01775082891816857,1.0062484356236205,0.678924892019325,-1.7044161508980336,-1.7044161508980336,15000.120971679688,nan,nan,0.0,0.0,0.0
hybrid_noon2,0.0,20.0,0.5,1.0,rayleigh,1.0,0.799970355855317,0.9081069557844099,532.0,810.0,809.0,0.405,0.85,0.6799748024770194,80000.0,40000.0,39999.38432312012,0.01027140182826014,0.010275998682103993,0.010460996389473017,0.4348420033378949,0.4350366121330656,0.44286852982359276,noon2,simple,0.6,0.544864173470646,30000.0,15000.0,1.0,1e-06,1.0,1.0,0.0,0.0,0.0,0.0,0.0,0,1.5,psi4,8,15.715791139906884,19.741892577155458,135.8693639537235,15.722421708102504,19.75018155559288,136.08629873689856,0.006630568195619502,0.008288978437424994,0.2169347831750606,0.4409816566453043,-1.6972244501635958,-1.6972244501635958,15000.120971679688,0.020994391544746152,0.6766256412894912,0.0,0.0,0.0
classical,0.0,20.0,0.5,1.0,rayleigh,1.0,0.799970355855317,0.9081069557844099,532.0,810.0,809.0,655.2899999999507,0.85,0.6799748024770194,80000.0,40000.0,39999.743103027344,0.010268321840739326,0.01027293746620378,0.010461875727951766,0.4347116114044275,0.4349070149001898,0.44290575680702743,-,simple,0.6,0.544864173470646,30000.0,15000.0,1.0,1e-06,1.0,1.0,0.0,0.0,0.0,0.0,0.0,0,1.5,psi4,9,15.896610679050132,19.83373593075923,145.5413025997174,15.898268518720013,19.83898618310824,144.96002668715406,0.001657839669880558,0.005250252349011202,-0.5812759125633489,0.4418782853605588,-1.9305466444120967,-1.9305466444120967,,,,,,
quant_diff,0.0,20.0,0.5,1.0,rayleigh,1.0,0.799970355855317,0.9081069557844099,532.0,810.0,809.0,655.2899999999507,0.85,0.6799748024770194,80000.0,40000.0,39999.743103027344,0.021197601616491493,0.021189705896249182,0.021780536686204197,1105.3769453049053,1104.9652125400232,1135.774864764285,diff,simple,0.6,0.544864173470646,30000.0,15000.0,1.0,1e-06,1.0,1.0,0.0,0.0,0.0,0.0,0.0,0,1.5,psi4,9,15.896610679050132,19.83373593075923,145.5413025997174,877.1229236820141,1096.8992095262877,7969.053007097665,861.2263130029639,1077.0654735955284,7823.511704497947,1096.62912829046,-6.341138645500082,-6.341138645500082,14999.806594848633,nan,nan,0.0,0.0,0.0
hybrid_diff,0.0,20.0,0.5,1.0,rayleigh,1.0,0.799970355855317,0.9081069557844099,532.0,810.0,809.0,655.2899999999507,0.85,0.6799748024770194,80000.0,40000.0,39999.743103027344,0.010268321840739326,0.01027293746620378,0.010461875727951766,0.4347116114044275,0.4349070149001898,0.44290575680702743,diff,simple,0.6,0.544864173470646,30000.0,15000.0,1.0,1e-06,1.0,1.0,0.0,0.0,0.0,0.0,0.0,0,1.5,psi4,9,15.896610679050132,19.83373593075923,145.5413025997174,164.37333081301227,226.43118174269276,1855.29017180857,148.47672013396215,206.5974458119335,1709.7488692088525,225.33297466513068,-0.39499420549341213,-0.39499420549341213,14999.806594848633,0.021189705896249182,1104.9652125400232,0.0,0.0,0.0
quant_noon2,0.0,20.0,0.5,1.0,rayleigh,1.0,0.799970355855317,0.9081069557844099,532.0,810.0,809.0,0.405,0.85,0.6799748024770194,80000.0,40000.0,39999.743103027344,0.021003297207682573,0.020996521094344436,0.021617112441044806,0.6769126607957542,0.6766942742793792,0.6966952358240318,noon2,simple,0.6,0.544864173470646,30000.0,15000.0,1.0,1e-06,1.0,1.0,0.0,0.0,0.0,0.0,0.0,0,1.5,psi4,9,15.896610679050132,19.83373593075923,145.5413025997174,15.917441808620826,19.8544189338753,145.543329912894,0.020831129570692525,0.020683003116074256,0.0020273131765828835,0.6864240848607855,-1.9831524528389295,-1.9831524528389295,14999.843994140625,nan,nan,0.0,0.0,0.0
hybrid_noon2,0.0,20.0,0.5,1.0,rayleigh,1.0,0.799970355855317,0.9081069557844099,532.0,810.0,809.0,0.405,0.85,0.6799748024770194,80000.0,40000.0,39999.743103027344,0.010268321840739326,0.01027293746620378,0.010461875727951766,0.4347116114044275,0.4349070149001898,0.44290575680702743,noon2,simple,0.6,0.544864173470646,30000.0,15000.0,1.0,1e-06,1.0,1.0,0.0,0.0,0.0,0.0,0.0,0,1.5,psi4,9,15.896610679050132,19.83373593075923,145.5413025997174,15.898268518720013,19.83898618310824,144.96002668715406,0.001657839669880558,0.005250252349011202,-0.5812759125633489,0.4418782853605588,-1.9305466444120967,-1.9305466444120967,14999.843994140625,0.020996521094344436,0.6766942742793792,0.0,0.0,0.0
classical,0.0,20.0,0.5,0.7,rayleigh,1.0,0.799970355855317,0.9081069557844099,532.0,810.0,809.0,655.2899999999507,0.85,0.47598236173391356,80000.0,40000.0,39999.00061035156,0.01476273484685289,0.014758909098385287,0.015059377211669474,0.6249835516988089,0.6248215878154233,0.6375419699506224,-,simple,0.6,0.38140492142945215,30000.0,15000.0,1.0,1e-06,1.0,1.0,0.0,0.0,0.0,0.0,0.0,0,1.5,psi4,0,16.13056008130645,19.94669127082623,136.31647721230465,16.13959334191009,19.956841578467884,136.67836619773541,0.009033260603639978,0.010150307641654666,0.36188898543075,0.6300300304034344,-1.1800821998368705,-1.1800821998368705,,,,,,
quant_diff,0.0,20.0,0.5,0.7,rayleigh,1.0,0.799970355855317,0.9081069557844099,532.0,810.0,809.0,655.2899999999507,0.85,0.47598236173391356,80000.0,40000.0,39999.00061035156,0.030276682657708994,0.030241401278960467,0.031467484591161436,1578.817622655353,1576.9778285421903,1640.9135629167636,diff,simple,0.6,0.38140492142945215,30000.0,15000.0,1.0,1e-06,1.0,1.0,0.0,0.0,0.0,0.0,0.0,0,1.5,psi4,0,16.13056008130645,19.94669127082623,136.31647721230465,1260.1419235539747,1575.6080490356078,11980.525259882259,1244.011363472668,1555.6613577647818,11844.208782669955,1575.4949495188057,-27.743818328038298,-27.743818328038298,14999.368621826172,nan,nan,0.0,0.0,0.0
hybrid_diff,0.0,20.0,0.5,0.7,rayleigh,1.0,0.799970355855317,0.9081069557844099,532.0,810.0,809.0,655.2899999999507,0.85,0.47598236173391356,80000.0,40000.0,39999.00061035156,0.01476273484685289,0.014758909098385287,0.015059377211669474,0.6249835516988089,0.6248215878154233,0.6375419699506224,diff,simple,0.6,0.38140492142945215,30000.0,15000.0,1.0,1e-06,1.0,1.0,0.0,0.0,0.0,0.0,0.0,0,1.5,psi4,0,16.13056008130645,19.94669127082623,136.31647721230465,241.533659503123,313.14208427146195,2656.7021772243747,225.40309942181656,293.1953930006357,2520.38570001207,312.7578444730996,-1.913848466145698,-1.913848466145698,14999.368621826172,0.030241401278960467,1576.9778285421903,0.0,0.0,0.0
quant_noon2,0.0,20.0,0.5,0.7,rayleigh,1.0,0.799970355855317,0.9081069557844099,532.0,810.0,809.0,0.405,0.85,0.47598236173391356,80000.0,40000.0,39999.00061035156,0.030141137913093436,0.0301234768533026,0.03133957903049901,0.9714149955798795,0.9708457994742739,1.0100394057174131,noon2,simple,0.6,0.38140492142945215,30000.0,15000.0,1.0,1e-06,1.0,1.0,0.0,0.0,0.0,0.0,0.0,0,1.5,psi4,0,16.13056008130645,19.94669127082623,136.31647721230465,16.149309111935136,19.964902622980787,137.80065676162013,0.018749030628685992,0.01821135215455827,1.4841795493154804,0.9768088923096536,-1.1398203568239498,-1.1398203568239498,14999.314086914062,nan,nan,0.0,0.0,0.0
hybrid_noon2,0.0,20.0,0.5,0.7,rayleigh,1.0,0.799970355855317,0.9081069557844099,532.0,810.0,809.0,0.405,0.85,0.47598236173391356,80000.0,40000.0,39999.00061035156,0.01476273484685289,0.014758909098385287,0.015059377211669474,0.6249835516988089,0.6248215878154233,0.6375419699506224,noon2,simple,0.6,0.38140492142945215,30000.0,15000.0,1.0,1e-06,1.0,1.0,0.0,0.0,0.0,0.0,0.0,0,1.5,psi4,0,16.13056008130645,19.94669127082623,136.31647721230465,16.13959334191009,19.956841578467884,136.67836619773541,0.009033260603639978,0.010150307641654666,0.36188898543075,0.6300300304034344,-1.1800821998368705,-1.1800821998368705,14999.314086914062,0.0301234768533026,0.9708457994742739,0.0,0.0,0.0
classical,0.0,20.0,0.5,0.7,rayleigh,1.0,0.799970355855317,0.9081069557844099,532.0,810.0,809.0,655.2899999999507,0.85,0.47598236173391356,80000.0,40000.0,40000.91444396973,0.01477266485540214,0.014769705024205512,0.015074413052859314,0.6254039407443273,0.6252786356546614,0.638178515518032,-,simple,0.6,0.38140492142945215,30000.0,15000.0,1.0,1e-06,1.0,1.0,0.0,0.0,0.0,0.0,0.0,0,1.5,psi4,1,15.863852317621603,19.983001028833215,140.20670746595619,15.865854421216763,19.98550948410361,141.0652207256841,0.0020021035951598358,0.0025084552703942458,0.8585132597279111,0.6284535273241277,0.8346845838045062,0.8346845838045062,,,,,,
quant_diff,0.0,20.0,0.5,0.7,rayleigh,1.0,0.799970355855317,0.9081069557844099,532.0,810.0,809.0,655.2899999999507,0.85,0.47598236173391356,80000.0,40000.0,40000.91444396973,0.030292470695953304,0.03026361455923126,0.031481561549379936,1579.640910770801,1578.1361693929698,1641.6476245033655,diff,simple,0.6,0.38140492142945215,30000.0,15000.0,1.0,1e-06,1.0,1.0,0.0,0.0,0.0,0.0,0.0,0,1.5,psi4,1,15.863852317621603,19.983001028833215,140.20670746595619,1252.7192667484073,1572.9992499497707,12703.823596454216,1236.8554144307857,1553.0162489209374,12563.61688898826,1572.6621375952648,8.922832352978917,8.922832352978917,15000.613998413086,nan,nan,0.0,0.0,0.0
hybrid_diff,0.0,20.0,0.5,0.7,rayleigh,1.0,0.799970355855317,0.9081069557844099,532.0,810.0,809.0,655.2899999999507,0.85,0.47598236173391356,80000.0,40000.0,40000.91444396973,0.01477266485540214,0.014769705024205512,0.015074413052859314,0.6254039407443273,0.6252786356546614,0.638178515518032,diff,simple,0.6,0.38140492142945215,30000.0,15000.0,1.0,1e-06,1.0,1.0,0.0,0.0,0.0,0.0,0.0,0,1.5,psi4,1,15.863852317621603,19.983001028833215,140.20670746595619,236.35984517280622,310.8909663376119,2695.7827291689587,220.4959928551846,290.9079653087787,2555.5760217030024,309.4613664969042,1.800194608904465,1.800194608904465,15000.613998413086,0.03026361455923126,1578.1361693929698,0.0,0.0,0.0
quant_noon2,0.0,20.0,0.5,0.7,rayleigh,1.0,0.799970355855317,0.9081069557844099,532.0,810.0,809.0,0.405,0.85,0.47598236173391356,80000.0,40000.0,40000.91444396973,0.030161225113531927,0.03013536222701748,0.03136674316669228,0.9720623834715187,0.9712288517096606,1.0109148752937842,noon2,simple,0.6,0.38140492142945215,30000.0,15000.0,1.0,1e-06,1.0,1.0,0.0,0.0,0.0,0.0,0.0,0,1.5,psi4,1,15.863852317621603,19.983001028833215,140.20670746595619,15.894793605249621,20.011589147717448,143.02550449607176,0.03094128762801664,0.02858811888423479,2.8187970301155665,0.9766272321899317,0.9276019373291711,0.9276019373291711,15000.627670288086,nan,nan,0.0,0.0,0.0
hybrid_noon2,0.0,20.0,0.5,0.7,rayleigh,1.0,0.799970355855317,0.9081069557844099,532.0,810.0,809.0,0.405,0.85,0.47598236173391356,80000.0,40000.0,40000.91444396973,0.01477266485540214,0.014769705024205512,0.015074413052859314,0.6254039407443273,0.6252786356546614,0.638178515518032,noon2,simple,0.6,0.38140492142945215,30000.0,15000.0,1.0,1e-06,1.0,1.0,0.0,0.0,0.0,0.0,0.0,0,1.5,psi4,1,15.863852317621603,19.983001028833215,140.20670746595619,15.865854421216763,19.98550948410361,141.0652207256841,0.0020021035951598358,0.0025084552703942458,0.8585132597279111,0.6284535273241277,0.8346845838045062,0.8346845838045062,15000.627670288086,0.03013536222701748,0.9712288517096606,0.0,0.0,0.0
classical,0.0,20.0,0.5,0.7,rayleigh,1.0,0.799970355855317,0.9081069557844099,532.0,810.0,809.0,655.2899999999507,0.85,0.47598236173391356,80000.0,40000.0,39999.8934173584,0.014765745905497386,0.01476326641806314,0.015065431347847819,0.6251110255134871,0.6250060558802095,0.6377982731065392,-,simple,0.6,0.38140492142945215,30000.0,15000.0,1.0,1e-06,1.0,1.0,0.0,0.0,0.0,0.0,0.0,0,1.5,psi4,2,16.086296615612845,19.922118801354785,127.29597057267604,16.09453878529203,19.934027848192798,127.77329326482132,0.008242169679188662,0.01190904683801145,0.477322692145285,0.627186481040288,1.8164615294396202,1.8164615294396202,,,,,,
quant_diff,0.0,20.0,0.5,0.7,rayleigh,1.0,0.799970355855317,0.9081069557844099,532.0,810.0,809.0,655.2899999999507,0.85,0.47598236173391356,80000.0,40000.0,39999.8934173584,0.03028790767580292,0.030264323054428832,0.031481271061312065,1579.4029660558067,1578.1731148112026,1641.6324766192356,diff,simple,0.6,0.38140492142945215,30000.0,15000.0,1.0,1e-06,1.0,1.0,0.0,0.0,0.0,0.0,0.0,0,1.5,psi4,2,16.086296615612845,19.922118801354785,127.29597057267604,1259.9716287385133,1576.207464687581,12303.1984798318,1243.8853321229005,1556.2853458862262,12175.902509259124,1576.0609423498972,-18.317866742964018,-18.317866742964018,14999.94091796875,nan,nan,0.0,0.0,0.0
hybrid_diff,0.0,20.0,0.5,0.7,rayleigh,1.0,0.799970355855317,0.9081069557844099,532.0,810.0,809.0,655.2899999999507,0.85,0.47598236173391356,80000.0,40000.0,39999.8934173584,0.014765745905497386,0.01476326641806314,0.015065431347847819,0.6251110255134871,0.6250060558802095,0.6377982731065392,diff,simple,0.6,0.38140492142945215,30000.0,15000.0,1.0,1e-06,1.0,1.0,0.0,0.0,0.0,0.0,0.0,0,1.5,psi4,2,16.086296615612845,19.922118801354785,127.29597057267604,232.05216444981107,306.7358244052663,2592.5481603525277,215.96586783419824,286.8137056039115,2465.252189779852,306.08577989441187,8.138045360415504,8.138045360415504,14999.94091796875,0.030264323054428832,1578.1731148112026,0.0,0.0,0.0
quant_noon2,0.0,20.0,0.5,0.7,rayleigh,1.0,0.799970355855317,0.9081069557844099,532.0,810.0,809.0,0.405,0.85,0.47598236173391356,80000.0,40000.0,39999.8934173584,0.03015540871460414,0.03012684100463846,0.03134802596094806,0.9718749274718476,0.9709542222904424,1.010311640791234,noon2,simple,0.6,0.38140492142945215,30000.0,15000.0,1.0,1e-06,1.0,1.0,0.0,0.0,0.0,0.0,0.0,0,1.5,psi4,2,16.086296615612845,19.922118801354785,127.29597057267604,16.099565543455892,19.945701938474834,129.17446105349433,0.013268927843047854,0.023583137120046168,1.878490480818295,0.9756869473473817,1.7435591460397815,1.7435591460397815,14999.904510498047,nan,nan,0.0,0.0,0.0
hybrid_noon2,0.0,20.0,0.5,0.7,rayleigh,1.0,0.799970355855317,0.9081069557844099,532.0,810.0,809.0,0.405,0.85,0.47598236173391356,80000.0,40000.0,39999.8934173584,0.014765745905497386,0.01476326641806314,0.015065431347847819,0.6251110255134871,0.6250060558802095,0.6377982731065392,noon2,simple,0.6,0.38140492142945215,30000.0,15000.0,1.0,1e-06,1.0,1.0,0.0,0.0,0.0,0.0,0.0,0,1.5,psi4,2,16.086296615612845,19.922118801354785,127.29597057267604,16.09453878529203,19.934027848192798,127.77329326482132,0.008242169679188662,0.01190904683801145,0.477322692145285,0.627186481040288,1.8164615294396202,1.8164615294396202,14999.904510498047,0.03012684100463846,0.9709542222904424,0.0,0.0,0.0
classical,0.0,20.0,0.5,0.7,rayleigh,1.0,0.799970355855317,0.9081069557844099,532.0,810.0,809.0,655.2899999999507,0.85,0.47598236173391356,80000.0,40000.0,39999.22152709961,0.014764613845745608,0.014762647842406787,0.015065280637839736,0.6250630995206585,0.6249798683468891,0.637791892765965,-,simple,0.6,0.38140492142945215,30000.0,15000.0,1.0,1e-06,1.0,1.0,0.0,0.0,0.0,0.0,0.0,0,1.5,psi4,3,16.17470535701468,19.99906821070035,124.24932888295653,16.174839550284087,20.0021210055767,125.78192967519618,0.0001341932694097924,0.0030527948763510223,1.5326007922396525,0.6381858197755371,0.8669423269314639,0.8669423269314639,,,,,,
quant_diff,0.0,20.0,0.5,0.7,rayleigh,1.0,0.799970355855317,0.9081069557844099,532.0,810.0,809.0,655.2899999999507,0.85,0.47598236173391356,80000.0,40000.0,39999.22152709961,0.03027967398501054,0.03026394941114112,0.03146480734197727,1578.9736093700205,1578.153630688259,1640.7739542205275,diff,simple,0.6,0.38140492142945215,30000.0,15000.0,1.0,1e-06,1.0,1.0,0.0,0.0,0.0,0.0,0.0,0,1.5,psi4,3,16.17470535701468,19.99906821070035,124.24932888295653,1264.8975281011335,1590.7416421663984,13163.961300937706,1248.722822744119,1570.742573955698,13039.711972054749,1590.7002733915433,-0.9276174036537103,-0.9276174036537103,14999.555465698242,nan,nan,0.0,0.0,0.0
hybrid_diff,0.0,20.0,0.5,0.7,rayleigh,1.0,0.799970355855317,0.9081069557844099,532.0,810.0,809.0,655.2899999999507,0.85,0.47598236173391356,80000.0,40000.0,39999.22152709961,0.014764613845745608,0.014762647842406787,0.015065280637839736,0.6250630995206585,0.6249798683468891,0.637791892765965,diff,simple,0.6,0.38140492142945215,30000.0,15000.0,1.0,1e-06,1.0,1.0,0.0,0.0,0.0,0.0,0.0,0,1.5,psi4,3,16.17470535701468,19.99906821070035,124.24932888295653,255.18486208685755,325.7879314637783,2435.0166304561003,239.01015672984286,305.7888632530779,2310.767301573144,325.62187638499955,2.8889862380346205,2.8889862380346205,14999.555465698242,0.03026394941114112,1578.153630688259,0.0,0.0,0.0
quant_noon2,0.0,20.0,0.5,0.7,rayleigh,1.0,0.799970355855317,0.9081069557844099,532.0,810.0,809.0,0.405,0.85,0.47598236173391356,80000.0,40000.0,39999.22152709961,0.030147844499602987,0.030123205160210796,0.031347732818782476,0.971631141324719,0.9708370431113147,1.0103021931487364,noon2,simple,0.6,0.38140492142945215,30000.0,15000.0,1.0,1e-06,1.0,1.0,0.0,0.0,0.0,0.0,0.0,0,1.5,psi4,3,16.17470535701468,19.99906821070035,124.24932888295653,16.189232069886984,20.019882913961908,126.48550866149714,0.01452671287230359,0.020814703261559406,2.236179778540601,0.9799424146010545,0.6373864121039682,0.6373864121039682,14999.612060546875,nan,nan,0.0,0.0,0.0
hybrid_noon2,0.0,20.0,0.5,0.7,rayleigh,1.0,0.799970355855317,0.9081069557844099,532.0,810.0,809.0,0.405,0.85,0.47598236173391356,80000.0,40000.0,39999.22152709961,0.014764613845745608,0.014762647842406787,0.015065280637839736,0.6250630995206585,0.6249798683468891,0.637791892765965,noon2,simple,0.6,0.38140492142945215,30000.0,15000.0,1.0,1e-06,1.0,1.0,0.0,0.0,0.0,0.0,0.0,0,1.5,psi4,3,16.17470535701468,19.99906821070035,124.24932888295653,16.174839550284087,20.0021210055767,125.78192967519618,0.0001341932694097924,0.0030527948763510223,1.5326007922396525,0.6381858197755371,0.8669423269314639,0.8669423269314639,14999.612060546875,0.030123205160210796,0.9708370431113147,0.0,0.0,0.0
classical,0.0,20.0,0.5,0.7,rayleigh,1.0,0.799970355855317,0.9081069557844099,532.0,810.0,809.0,655.2899999999507,0.85,0.47598236173391356,80000.0,40000.0,40001.09483337402,0.014763205638766503,0.014761222677831667,0.015064870585961497,0.6250034827756272,0.624919533698387,0.6377745331315952,-,simple,0.6,0.38140492142945215,30000.0,15000.0,1.0,1e-06,1.0,1.0,0.0,0.0,0.0,0.0,0.0,0,1.5,psi4,4,16.160044231162853,19.972052716553165,124.07885299492368,16.171287169842245,19.982597185937372,125.1708980796107,0.011242938679391181,0.010544469384207156,1.0920450846870144,0.6276140826412312,-4.434274321257125,-4.434274321257125,,,,,,
quant_diff,0.0,20.0,0.5,0.7,rayleigh,1.0,0.799970355855317,0.9081069557844099,532.0,810.0,809.0,655.2899999999507,0.85,0.47598236173391356,80000.0,40000.0,40001.09483337402,0.030283868666507084,0.030258253318424945,0.03147795933682351,1579.1923465792138,1577.8566004071597,1641.4597823699016,diff,simple,0.6,0.38140492142945215,30000.0,15000.0,1.0,1e-06,1.0,1.0,0.0,0.0,0.0,0.0,0.0,0,1.5,psi4,4,16.160044231162853,19.972052716553165,124.07885299492368,1265.0297624648524,1577.1839925179493,11882.35960093755,1248.8697182336896,1557.2119398013963,11758.280747942628,1577.2118884609533,-7.998297741751727,-7.998297741751727,15000.623611450195,nan,nan,0.0,0.0,0.0
hybrid_diff,0.0,20.0,0.5,0.7,rayleigh,1.0,0.799970355855317,0.9081069557844099,532.0,810.0,809.0,655.2899999999507,0.85,0.47598236173391356,80000.0,40000.0,40001.09483337402,0.014763205638766503,0.014761222677831667,0.015064870585961497,0.6250034827756272,0.624919533698387,0.6377745331315952,diff,simple,0.6,0.38140492142945215,30000.0,15000.0,1.0,1e-06,1.0,1.0,0.0,0.0,0.0,0.0,0.0,0,1.5,psi4,4,16.160044231162853,19.972052716553165,124.07885299492368,228.7430965737224,301.51565551496384,2403.7038836551537,212.58305234255954,281.5436027984107,2279.62503066023,301.6747029910675,-4.910092179917838,-4.910092179917838,15000.623611450195,0.030258253318424945,1577.8566004071597,0.0,0.0,0.0
quant_noon2,0.0,20.0,0.5,0.7,rayleigh,1.0,0.799970355855317,0.9081069557844099,532.0,810.0,809.0,0.405,0.85,0.47598236173391356,80000.0,40000.0,40001.09483337402,0.030144111206980417,0.030118454070054382,0.03132726522791408,0.9715108214998035,0.9706839208159123,1.0096425457011091,noon2,simple,0.6,0.38140492142945215,30000.0,15000.0,1.0,1e-06,1.0,1.0,0.0,0.0,0.0,0.0,0.0,0,1.5,psi4,4,16.160044231162853,19.972052716553165,124.07885299492368,16.183160378493,20.000355402981214,125.86942615474725,0.023116147330148253,0.02830268642804819,1.7905731598235552,0.9719292070217974,-4.3091819431176885,-4.3091819431176885,15000.591033935547,nan,nan,0.0,0.0,0.0
hybrid_noon2,0.0,20.0,0.5,0.7,rayleigh,1.0,0.799970355855317,0.9081069557844099,532.0,810.0,809.0,0.405,0.85,0.47598236173391356,80000.0,40000.0,40001.09483337402,0.014763205638766503,0.014761222677831667,0.015064870585961497,0.6250034827756272,0.624919533698387,0.6377745331315952,noon2,simple,0.6,0.38140492142945215,30000.0,15000.0,1.0,1e-06,1.0,1.0,0.0,0.0,0.0,0.0,0.0,0,1.5,psi4,4,16.160044231162853,19.972052716553165,124.07885299492368,16.171287169842245,19.982597185937372,125.1708980796107,0.011242938679391181,0.010544469384207156,1.0920450846870144,0.6276140826412312,-4.434274321257125,-4.434274321257125,15000.591033935547,0.030118454070054382,0.9706839208159123,0.0,0.0,0.0
classical,0.0,20.0,0.5,0.7,rayleigh,1.0,0.799970355855317,0.9081069557844099,532.0,810.0,809.0,655.2899999999507,0.85,0.47598236173391356,80000.0,40000.0,40000.11538696289,0.014766944140971438,0.014763837960378518,0.015065427745283614,0.6251617530697369,0.625030252246934,0.6377981205912095,-,simple,0.6,0.38140492142945215,30000.0,15000.0,1.0,1e-06,1.0,1.0,0.0,0.0,0.0,0.0,0.0,0,1.5,psi4,5,15.957990603016844,19.68035655564542,124.31199589454579,15.968061844682925,19.694152064076935,125.12935929983406,0.01007124166608102,0.013795508431513512,0.8173634052882649,0.6316544211543715,-4.019898250975661,-4.019898250975661,,,,,,
quant_diff,0.0,20.0,0.5,0.7,rayleigh,1.0,0.799970355855317,0.9081069557844099,532.0,810.0,809.0,655.2899999999507,0.85,0.47598236173391356,80000.0,40000.0,40000.11538696289,0.03029354871723948,0.030261429109692217,0.0314828207025775,1579.6971256151896,1578.0222062390578,1641.7132847106081,diff,simple,0.6,0.38140492142945215,30000.0,15000.0,1.0,1e-06,1.0,1.0,0.0,0.0,0.0,0.0,0.0,0,1.5,psi4,5,15.957990603016844,19.68035655564542,124.31199589454579,1236.2263302574177,1551.2637407739335,11555.606336604287,1220.2683396544007,1531.583384218288,11431.294340709743,1550.9633351397026,28.144313259652026,28.144313259652026,15000.003967285156,nan,nan,0.0,0.0,0.0
hybrid_diff,0.0,20.0,0.5,0.7,rayleigh,1.0,0.799970355855317,0.9081069557844099,532.0,810.0,809.0,655.2899999999507,0.85,0.47598236173391356,80000.0,40000.0,40000.11538696289,0.014766944140971438,0.014763837960378518,0.015065427745283614,0.6251617530697369,0.625030252246934,0.6377981205912095,diff,simple,0.6,0.38140492142945215,30000.0,15000.0,1.0,1e-06,1.0,1.0,0.0,0.0,0.0,0.0,0.0,0,1.5,psi4,5,15.957990603016844,19.68035655564542,124.31199589454579,236.43281653162202,310.1739659858178,2500.3061989389284,220.47482592860518,290.4936094301724,2375.994203044383,308.90577207429493,1.1681039852770592,1.1681039852770592,15000.003967285156,0.030261429109692217,1578.0222062390578,0.0,0.0,0.0
quant_noon2,0.0,20.0,0.5,0.7,rayleigh,1.0,0.799970355855317,0.9081069557844099,532.0,810.0,809.0,0.405,0.85,0.47598236173391356,80000.0,40000.0,40000.11538696289,0.030161574630227596,0.030133835946410607,0.03136448580482191,0.9720736480017551,0.9711796614012769,1.0108421230580307,noon2,simple,0.6,0.38140492142945215,30000.0,15000.0,1.0,1e-06,1.0,1.0,0.0,0.0,0.0,0.0,0.0,0,1.5,psi4,5,15.957990603016844,19.68035655564542,124.31199589454579,15.977928075388899,19.70507660157151,126.92009568723378,0.019937472372056144,0.024720045926088653,2.608099792687983,0.9682518496077717,-4.129264509892778,-4.129264509892778,14999.99885559082,nan,nan,0.0,0.0,0.0
hybrid_noon2,0.0,20.0,0.5,0.7,rayleigh,1.0,0.799970355855317,0.9081069557844099,532.0,810.0,809.0,0.405,0.85,0.47598236173391356,80000.0,40000.0,40000.11538696289,0.014766944140971438,0.014763837960378518,0.015065427745283614,0.6251617530697369,0.625030252246934,0.6377981205912095,noon2,simple,0.6,0.38140492142945215,30000.0,15000.0,1.0,1e-06,1.0,1.0,0.0,0.0,0.0,0.0,0.0,0,1.5,psi4,5,15.957990603016844,19.68035655564542,124.31199589454579,15.968061844682925,19.694152064076935,125.12935929983406,0.01007124166608102,0.013795508431513512,0.8173634052882649,0.6316544211543715,-4.019898250975661,-4.019898250975661,14999.99885559082,0.030133835946410607,0.9711796614012769,0.0,0.0,0.0
classical,0.0,20.0,0.5,0.7,rayleigh,1.0,0.799970355855317,0.9081069557844099,532.0,810.0,809.0,655.2899999999507,0.85,0.47598236173391356,80000.0,40000.0,39999.292236328125,0.014768967578343981,0.014764638102945097,0.015071528027172253,0.625247415725664,0.6250641264544107,0.6380563773356865,-,simple,0.6,0.38140492142945215,30000.0,15000.0,1.0,1e-06,1.0,1.0,0.0,0.0,0.0,0.0,0.0,0,1.5,psi4,6,16.002060947397013,19.952979247129885,130.15937734702007,16.00696632977432,19.95984388302634,131.57274844377415,0.004905382377306154,0.006864635896456766,1.413371096754069,0.6315126406201561,-0.9971803123907712,-0.9971803123907712,,,,,,
quant_diff,0.0,20.0,0.5,0.7,rayleigh,1.0,0.799970355855317,0.9081069557844099,532.0,810.0,809.0,655.2899999999507,0.85,0.47598236173391356,80000.0,40000.0,39999.292236328125,0.030292132776291433,0.030259482861799674,0.031479568255188335,1579.6232895035293,1577.9207165710666,1641.5436815439461,diff,simple,0.6,0.38140492142945215,30000.0,15000.0,1.0,1e-06,1.0,1.0,0.0,0.0,0.0,0.0,0.0,0,1.5,psi4,6,16.002060947397013,19.952979247129885,130.15937734702007,1249.8734168001106,1570.5520615156056,13221.931012297382,1233.8713558527136,1550.5990822684757,13091.77163495036,1570.2628729903045,-13.985550312398637,-13.985550312398637,14999.559494018555,nan,nan,0.0,0.0,0.0
hybrid_diff,0.0,20.0,0.5,0.7,rayleigh,1.0,0.799970355855317,0.9081069557844099,532.0,810.0,809.0,655.2899999999507,0.85,0.47598236173391356,80000.0,40000.0,39999.292236328125,0.014768967578343981,0.014764638102945097,0.015071528027172253,0.625247415725664,0.6250641264544107,0.6380563773356865,diff,simple,0.6,0.38140492142945215,30000.0,15000.0,1.0,1e-06,1.0,1.0,0.0,0.0,0.0,0.0,0.0,0,1.5,psi4,6,16.002060947397013,19.952979247129885,130.15937734702007,244.12928338908083,318.25170492140586,2940.852050055809,228.12722244168378,298.29872567427594,2810.692672708789,316.9204469253209,3.136839008496044,3.136839008496044,14999.559494018555,0.030259482861799674,1577.9207165710666,0.0,0.0,0.0
quant_noon2,0.0,20.0,0.5,0.7,rayleigh,1.0,0.799970355855317,0.9081069557844099,532.0,810.0,809.0,0.405,0.85,0.47598236173391356,80000.0,40000.0,39999.292236328125,0.030159105782417397,0.030141266732102094,0.031339465538610015,0.9719940798118764,0.971419147271733,1.0100357480013982,noon2,simple,0.6,0.38140492142945215,30000.0,15000.0,1.0,1e-06,1.0,1.0,0.0,0.0,0.0,0.0,0.0,0,1.5,psi4,6,16.002060947397013,19.952979247129885,130.15937734702007,16.025109796284067,19.98294769313976,131.34548588252477,0.023048848887054423,0.029968446009874257,1.186108535504701,0.9785874140389307,-0.9209303354394245,-0.9209303354394245,14999.579681396484,nan,nan,0.0,0.0,0.0
hybrid_noon2,0.0,20.0,0.5,0.7,rayleigh,1.0,0.799970355855317,0.9081069557844099,532.0,810.0,809.0,0.405,0.85,0.47598236173391356,80000.0,40000.0,39999.292236328125,0.014768967578343981,0.014764638102945097,0.015071528027172253,0.625247415725664,0.6250641264544107,0.6380563773356865,noon2,simple,0.6,0.38140492142945215,30000.0,15000.0,1.0,1e-06,1.0,1.0,0.0,0.0,0.0,0.0,0.0,0,1.5,psi4,6,16.002060947397013,19.952979247129885,130.15937734702007,16.00696632977432,19.95984388302634,131.57274844377415,0.004905382377306154,0.006864635896456766,1.413371096754069,0.6315126406201561,-0.9971803123907712,-0.9971803123907712,14999.579681396484,0.030141266732102094,0.971419147271733,0.0,0.0,0.0
classical,0.0,20.0,0.5,0.7,rayleigh,1.0,0.799970355855317,0.9081069557844099,532.0,810.0,809.0,655.2899999999507,0.85,0.47598236173391356,80000.0,40000.0,40000.641540527344,0.014764229670326015,0.014762492846549822,0.015059865499445445,0.6250468353717251,0.6249733065639816,0.637562641718533,-,simple,0.6,0.38140492142945215,30000.0,15000.0,1.0,1e-06,1.0,1.0,0.0,0.0,0.0,0.0,0.0,0,1.5,psi4,7,16.02583369749825,19.908197704436162,123.30299191758986,16.0366672336369,19.917703042014303,123.56983883061494,0.010833536138651526,0.009505337578137821,0.26684691302508123,0.6219476321342232,-1.875041882419441,-1.875041882419441,,,,,,
quant_diff,0.0,20.0,0.5,0.7,rayleigh,1.0,0.799970355855317,0.9081069557844099,532.0,810.0,809.0,655.2899999999507,0.85,0.47598236173391356,80000.0,40000.0,40000.641540527344,0.03027928765396856,0.03025851554213203,0.03146464127797012,1578.953463627366,1577.8702744088496,1640.7652945934494,diff,simple,0.6,0.38140492142945215,30000.0,15000.0,1.0,1e-06,1.0,1.0,0.0,0.0,0.0,0.0,0.0,0,1.5,psi4,7,16.02583369749825,19.908197704436162,123.30299191758986,1264.22690950876,1582.9516873368016,12467.802355836171,1248.2010758112617,1563.0434896323654,12344.499363918581,1582.8780682434985,-26.339112099278683,-26.339112099278683,15000.22006225586,nan,nan,0.0,0.0,0.0
hybrid_diff,0.0,20.0,0.5,0.7,rayleigh,1.0,0.799970355855317,0.9081069557844099,532.0,810.0,809.0,655.2899999999507,0.85,0.47598236173391356,80000.0,40000.0,40000.641540527344,0.014764229670326015,0.014762492846549822,0.015059865499445445,0.6250468353717251,0.6249733065639816,0.637562641718533,diff,simple,0.6,0.38140492142945215,30000.0,15000.0,1.0,1e-06,1.0,1.0,0.0,0.0,0.0,0.0,0.0,0,1.5,psi4,7,16.02583369749825,19.908197704436162,123.30299191758986,242.79191143300537,312.9460545976215,2159.037907613382,226.76607773550714,293.0378568931854,2035.7349156957919,312.6813973443318,-7.351673346999545,-7.351673346999545,15000.22006225586,0.03025851554213203,1577.8702744088496,0.0,0.0,0.0
quant_noon2,0.0,20.0,0.5,0.7,rayleigh,1.0,0.799970355855317,0.9081069557844099,532.0,810.0,809.0,0.405,0.85,0.47598236173391356,80000.0,40000.0,40000.641540527344,0.030148134807776554,0.030120645719727092,0.031334494787961034,0.9716404976308396,0.9707545552213972,1.0098755462952242,noon2,simple,0.6,0.38140492142945215,30000.0,15000.0,1.0,1e-06,1.0,1.0,0.0,0.0,0.0,0.0,0.0,0,1.5,psi4,7,16.02583369749825,19.908197704436162,123.30299191758986,16.032929659308916,19.919364971475304,123.36999706232031,0.007095961810664757,0.0111672670391402,0.06700514473044329,0.9692971571190097,-1.8044081745739995,-1.8044081745739995,15000.168548583984,nan,nan,0.0,0.0,0.0
hybrid_noon2,0.0,20.0,0.5,0.7,rayleigh,1.0,0.799970355855317,0.9081069557844099,532.0,810.0,809.0,0.405,0.85,0.47598236173391356,80000.0,40000.0,40000.641540527344,0.014764229670326015,0.014762492846549822,0.015059865499445445,0.6250468353717251,0.6249733065639816,0.637562641718533,noon2,simple,0.6,0.38140492142945215,30000.0,15000.0,1.0,1e-06,1.0,1.0,0.0,0.0,0.0,0.0,0.0,0,1.5,psi4,7,16.02583369749825,19.908197704436162,123.30299191758986,16.0366672336369,19.917703042014303,123.56983883061494,0.010833536138651526,0.009505337578137821,0.26684691302508123,0.6219476321342232,-1.875041882419441,-1.875041882419441,15000.168548583984,0.030120645719727092,0.9707545552213972,0.0,0.0,0.0
classical,0.0,20.0,0.5,0.7,rayleigh,1.0,0.799970355855317,0.9081069557844099,532.0,810.0,809.0,655.2899999999507,0.85,0.47598236173391356,80000.0,40000.0,39999.359283447266,0.01476882084083008,0.014768340928233528,0.01506445617283191,0.6252412035614847,0.6252208863585945,0.6377569888627123,-,simple,0.6,0.38140492142945215,30000.0,15000.0,1.0,1e-06,1.0,1.0,0.0,0.0,0.0,0.0,0.0,0,1.5,psi4,8,15.715791139906884,19.741892577155458,135.8693639537235,15.724328260127853,19.75310078757174,137.4639319623722,0.008537120220969354,0.011208210416281221,1.5945680086486862,0.6257911032439989,-1.8097794725959793,-1.8097794725959793,,,,,,
quant_diff,0.0,20.0,0.5,0.7,rayleigh,1.0,0.799970355855317,0.9081069557844099,532.0,810.0,809.0,655.2899999999507,0.85,0.47598236173391356,80000.0,40000.0,39999.359283447266,0.030288228690934435,0.030279187785962343,0.03146382708160123,1579.4197058140062,1578.9482558782233,1640.7228372479722,diff,simple,0.6,0.38140492142945215,30000.0,15000.0,1.0,1e-06,1.0,1.0,0.0,0.0,0.0,0.0,0.0,0,1.5,psi4,8,15.715791139906884,19.741892577155458,135.8693639537235,1254.8763288161363,1579.2603663601192,13161.504027684412,1239.1605376762295,1559.5184737829636,13025.634663730689,1579.0943300494532,47.39274685563378,47.39274685563378,14999.983947753906,nan,nan,0.0,0.0,0.0
hybrid_diff,0.0,20.0,0.5,0.7,rayleigh,1.0,0.799970355855317,0.9081069557844099,532.0,810.0,809.0,655.2899999999507,0.85,0.47598236173391356,80000.0,40000.0,39999.359283447266,0.01476882084083008,0.014768340928233528,0.01506445617283191,0.6252412035614847,0.6252208863585945,0.6377569888627123,diff,simple,0.6,0.38140492142945215,30000.0,15000.0,1.0,1e-06,1.0,1.0,0.0,0.0,0.0,0.0,0.0,0,1.5,psi4,8,15.715791139906884,19.741892577155458,135.8693639537235,247.95447320544764,322.13916154403336,2405.4121535310146,232.23868206554076,302.3972689668779,2269.5427895772914,321.64564436219047,3.5279066046655636,3.5279066046655636,14999.983947753906,0.030279187785962343,1578.9482558782233,0.0,0.0,0.0
quant_noon2,0.0,20.0,0.5,0.7,rayleigh,1.0,0.799970355855317,0.9081069557844099,532.0,810.0,809.0,0.405,0.85,0.47598236173391356,80000.0,40000.0,39999.359283447266,0.030155790755246,0.030133840363884973,0.03133827424306948,0.9718872402123119,0.9711798037715104,1.0099973538851716,noon2,simple,0.6,0.38140492142945215,30000.0,15000.0,1.0,1e-06,1.0,1.0,0.0,0.0,0.0,0.0,0.0,0,1.5,psi4,8,15.715791139906884,19.741892577155458,135.8693639537235,15.737281090493054,19.768080689599582,135.96519894909574,0.021489950586170457,0.02618811244412675,0.09583499537224874,0.9707582303492638,-1.6694246594068456,-1.6694246594068456,14999.615051269531,nan,nan,0.0,0.0,0.0
hybrid_noon2,0.0,20.0,0.5,0.7,rayleigh,1.0,0.799970355855317,0.9081069557844099,532.0,810.0,809.0,0.405,0.85,0.47598236173391356,80000.0,40000.0,39999.359283447266,0.01476882084083008,0.014768340928233528,0.01506445617283191,0.6252412035614847,0.6252208863585945,0.6377569888627123,noon2,simple,0.6,0.38140492142945215,30000.0,15000.0,1.0,1e-06,1.0,1.0,0.0,0.0,0.0,0.0,0.0,0,1.5,psi4,8,15.715791139906884,19.741892577155458,135.8693639537235,15.724328260127853,19.75310078757174,137.4639319623722,0.008537120220969354,0.011208210416281221,1.5945680086486862,0.6257911032439989,-1.8097794725959793,-1.8097794725959793,14999.615051269531,0.030133840363884973,0.9711798037715104,0.0,0.0,0.0
classical,0.0,20.0,0.5,0.7,rayleigh,1.0,0.799970355855317,0.9081069557844099,532.0,810.0,809.0,655.2899999999507,0.85,0.47598236173391356,80000.0,40000.0,39999.71098327637,0.014766712395144911,0.014765384567733117,0.015067713676046868,0.6251519420603774,0.6250957282015988,0.6378948959612325,-,simple,0.6,0.38140492142945215,30000.0,15000.0,1.0,1e-06,1.0,1.0,0.0,0.0,0.0,0.0,0.0,0,1.5,psi4,9,15.896610679050132,19.83373593075923,145.5413025997174,15.908566452812307,19.845454167253816,146.0235198446139,0.011955773762174594,0.011718236494586464,0.4822172448965053,0.6266652679514156,-1.740975970906102,-1.740975970906102,,,,,,
quant_diff,0.0,20.0,0.5,0.7,rayleigh,1.0,0.799970355855317,0.9081069557844099,532.0,810.0,809.0,655.2899999999507,0.85,0.47598236173391356,80000.0,40000.0,39999.71098327637,0.03028929191140279,0.030267466981752436,0.031478880201466254,1579.475148850193,1578.3370590556556,1641.5078020734625,diff,simple,0.6,0.38140492142945215,30000.0,15000.0,1.0,1e-06,1.0,1.0,0.0,0.0,0.0,0.0,0.0,0,1.5,psi4,9,15.896610679050132,19.83373593075923,145.5413025997174,1253.4485316333369,1577.1604968209995,13436.202273302175,1237.5519209542867,1557.3267608902404,13290.660970702456,1577.174936417089,17.760319422970376,17.760319422970376,14999.801284790039,nan,nan,0.0,0.0,0.0
hybrid_diff,0.0,20.0,0.5,0.7,rayleigh,1.0,0.799970355855317,0.9081069557844099,532.0,810.0,809.0,655.2899999999507,0.85,0.47598236173391356,80000.0,40000.0,39999.71098327637,0.014766712395144911,0.014765384567733117,0.015067713676046868,0.6251519420603774,0.6250957282015988,0.6378948959612325,diff,simple,0.6,0.38140492142945215,30000.0,15000.0,1.0,1e-06,1.0,1.0,0.0,0.0,0.0,0.0,0.0,0,1.5,psi4,9,15.896610679050132,19.83373593075923,145.5413025997174,246.0258787917809,323.0172466238037,2464.9929610529416,230.12926811273076,303.18351069304447,2319.4516584532244,323.19870075840186,2.6840766112585768,2.6840766112585768,14999.801284790039,0.030267466981752436,1578.3370590556556,0.0,0.0,0.0
quant_noon2,0.0,20.0,0.5,0.7,rayleigh,1.0,0.799970355855317,0.9081069557844099,532.0,810.0,809.0,0.405,0.85,0.47598236173391356,80000.0,40000.0,39999.71098327637,0.030163457945474734,0.030134684994197698,0.03135266316408041,0.972134345135279,0.9712070252571048,1.0104610926358628,noon2,simple,0.6,0.38140492142945215,30000.0,15000.0,1.0,1e-06,1.0,1.0,0.0,0.0,0.0,0.0,0.0,0,1.5,psi4,9,15.896610679050132,19.83373593075923,145.5413025997174,15.906254434839635,19.853029950342066,146.15007076112556,0.009643755789502802,0.019294019582838717,0.6087681614081445,0.9712542851129495,-1.8025199186578438,-1.8025199186578438,14999.819564819336,nan,nan,0.0,0.0,0.0
hybrid_noon2,0.0,20.0,0.5,0.7,rayleigh,1.0,0.799970355855317,0.9081069557844099,532.0,810.0,809.0,0.405,0.85,0.47598236173391356,80000.0,40000.0,39999.71098327637,0.014766712395144911,0.014765384567733117,0.015067713676046868,0.6251519420603774,0.6250957282015988,0.6378948959612325,noon2,simple,0.6,0.38140492142945215,30000.0,15000.0,1.0,1e-06,1.0,1.0,0.0,0.0,0.0,0.0,0.0,0,1.5,psi4,9,15.896610679050132,19.83373593075923,145.5413025997174,15.908566452812307,19.845454167253816,146.0235198446139,0.011955773762174594,0.011718236494586464,0.4822172448965053,0.6266652679514156,-1.740975970906102,-1.740975970906102,14999.819564819336,0.030134684994197698,0.9712070252571048,0.0,0.0,0.0
classical,0.0,20.0,0.2,1.0,rayleigh,1.0,0.799970355855317,0.9081069557844099,532.0,810.0,809.0,655.2899999999507,0.85,0.6799748024770194,80000.0,16000.0,15999.311553955078,0.01623130623084965,0.01623357462847759,0.01663143864305437,0.6871558367811486,0.6872518698821211,0.7040955284252636,-,simple,0.6,0.544864173470646,30000.0,6000.0,1.0,1e-06,1.0,1.0,0.0,0.0,0.0,0.0,0.0,0,1.5,psi4,0,16.13056008130645,19.94669127082623,136.31647721230465,16.135131102602053,19.956148476206522,136.21978553099035,0.0045710212956007,0.009457205380294162,-0.09669168131430773,0.7000053851025814,-1.267592104335509,-1.267592104335509,,,,,,
quant_diff,0.0,20.0,0.2,1.0,rayleigh,1.0,0.799970355855317,0.9081069557844099,532.0,810.0,809.0,655.2899999999507,0.85,0.6799748024770194,80000.0,16000.0,15999.311553955078,0.03350885295744175,0.03346304947386229,0.034957501086256886,1747.363413696367,1744.9749305236292,1822.9050845147085,diff,simple,0.6,0.544864173470646,30000.0,6000.0,1.0,1e-06,1.0,1.0,0.0,0.0,0.0,0.0,0.0,0,1.5,psi4,0,16.13056008130645,19.94669127082623,136.31647721230465,1400.2102818274602,1748.7665941460398,13386.756542876505,1384.0797217461536,1728.8199028752135,13250.440065664201,1748.561867031,-15.845016914146507,-15.845016914146507,5999.643661499023,nan,nan,0.0,0.0,0.0
hybrid_diff,0.0,20.0,0.2,1.0,rayleigh,1.0,0.799970355855317,0.9081069557844099,532.0,810.0,809.0,655.2899999999507,0.85,0.6799748024770194,80000.0,16000.0,15999.311553955078,0.01623130623084965,0.01623357462847759,0.01663143864305437,0.6871558367811486,0.6872518698821211,0.7040955284252636,diff,simple,0.6,0.544864173470646,30000.0,6000.0,1.0,1e-06,1.0,1.0,0.0,0.0,0.0,0.0,0.0,0,1.5,psi4,0,16.13056008130645,19.94669127082623,136.31647721230465,272.793596112591,350.0945103210484,2855.5067646068173,256.6630360312845,330.14781905022215,2719.1902873945123,349.30741355241315,-3.672928617995306,-3.672928617995306,5999.643661499023,0.03346304947386229,1744.9749305236292,0.0,0.0,0.0
quant_noon2,0.0,20.0,0.2,1.0,rayleigh,1.0,0.799970355855317,0.9081069557844099,532.0,810.0,809.0,0.405,0.85,0.6799748024770194,80000.0,16000.0,15999.311553955078,0.03321321616337375,0.033167262478972837,0.03470072922504471,1.0704246244970652,1.0689435889018628,1.1183654984745004,noon2,simple,0.6,0.544864173470646,30000.0,6000.0,1.0,1e-06,1.0,1.0,0.0,0.0,0.0,0.0,0.0,0,1.5,psi4,0,16.13056008130645,19.94669127082623,136.31647721230465,16.14723580220498,19.959773488184236,136.7191464368901,0.016675720898526543,0.01308221735800589,0.40266922458546295,1.0825002958497132,-1.213397343713748,-1.213397343713748,5999.6083984375,nan,nan,0.0,0.0,0.0
hybrid_noon2,0.0,20.0,0.2,1.0,rayleigh,1.0,0.799970355855317,0.9081069557844099,532.0,810.0,809.0,0.405,0.85,0.6799748024770194,80000.0,16000.0,15999.311553955078,0.01623130623084965,0.01623357462847759,0.01663143864305437,0.6871558367811486,0.6872518698821211,0.7040955284252636,noon2,simple,0.6,0.544864173470646,30000.0,6000.0,1.0,1e-06,1.0,1.0,0.0,0.0,0.0,0.0,0.0,0,1.5,psi4,0,16.13056008130645,19.94669127082623,136.31647721230465,16.135131102602053,19.956148476206522,136.21978553099035,0.0045710212956007,0.009457205380294162,-0.09669168131430773,0.7000053851025814,-1.267592104335509,-1.267592104335509,5999.6083984375,0.033167262478972837,1.0689435889018628,0.0,0.0,0.0
classical,0.0,20.0,0.2,1.0,rayleigh,1.0,0.799970355855317,0.9081069557844099,532.0,810.0,809.0,655.2899999999507,0.85,0.6799748024770194,80000.0,16000.0,16000.679061889648,0.016242955800229848,0.016247994953520438,0.016645138440435588,0.6876490238039143,0.6878623574411962,0.7046755122909693,-,simple,0.6,0.544864173470646,30000.0,6000.0,1.0,1e-06,1.0,1.0,0.0,0.0,0.0,0.0,0.0,0,1.5,psi4,1,15.863852317621603,19.983001028833215,140.20670746595619,15.88575516395201,20.006474144119377,140.87598304454542,0.02190284633040654,0.023473115286161937,0.6692755785892366,0.6955398128017459,0.8430885341947318,0.8430885341947318,,,,,,
quant_diff,0.0,20.0,0.2,1.0,rayleigh,1.0,0.799970355855317,0.9081069557844099,532.0,810.0,809.0,655.2899999999507,0.85,0.6799748024770194,80000.0,16000.0,16000.679061889648,0.03352869843496026,0.03348540984362631,0.03497040489980727,1748.3982823439812,1746.1409415503867,1823.5779709224803,diff,simple,0.6,0.544864173470646,30000.0,6000.0,1.0,1e-06,1.0,1.0,0.0,0.0,0.0,0.0,0.0,0,1.5,psi4,1,15.863852317621603,19.983001028833215,140.20670746595619,1384.2985397863993,1735.9122231637568,13851.643144558,1368.4346874687776,1715.9292221349235,13711.436437092043,1735.688200405693,0.0,0.0,6000.392181396484,nan,nan,0.0,0.0,0.0
hybrid_diff,0.0,20.0,0.2,1.0,rayleigh,1.0,0.799970355855317,0.9081069557844099,532.0,810.0,809.0,655.2899999999507,0.85,0.6799748024770194,80000.0,16000.0,16000.679061889648,0.016242955800229848,0.016247994953520438,0.016645138440435588,0.6876490238039143,0.6878623574411962,0.7046755122909693,diff,simple,0.6,0.544864173470646,30000.0,6000.0,1.0,1e-06,1.0,1.0,0.0,0.0,0.0,0.0,0.0,0,1.5,psi4,1,15.863852317621603,19.983001028833215,140.20670746595619,260.02817771995166,339.87093384757867,2668.305792274811,244.16432540233006,319.88793281874547,2528.099084808855,338.7912292416445,3.069146565932877,3.069146565932877,6000.392181396484,0.03348540984362631,1746.1409415503867,0.0,0.0,0.0
quant_noon2,0.0,20.0,0.2,1.0,rayleigh,1.0,0.799970355855317,0.9081069557844099,532.0,810.0,809.0,0.405,0.85,0.6799748024770194,80000.0,16000.0,16000.679061889648,0.03323918756658938,0.03320903935363105,0.03473150078895459,1.071261653630227,1.070290010613892,1.1193572313913427,noon2,simple,0.6,0.544864173470646,30000.0,6000.0,1.0,1e-06,1.0,1.0,0.0,0.0,0.0,0.0,0.0,0,1.5,psi4,1,15.863852317621603,19.983001028833215,140.20670746595619,15.874786177131533,20.002392620962155,142.4076598153528,0.010933859509928897,0.01939159212894051,2.2009523493966094,1.0793503641201292,0.818585202318777,0.818585202318777,6000.378265380859,nan,nan,0.0,0.0,0.0
hybrid_noon2,0.0,20.0,0.2,1.0,rayleigh,1.0,0.799970355855317,0.9081069557844099,532.0,810.0,809.0,0.405,0.85,0.6799748024770194,80000.0,16000.0,16000.679061889648,0.016242955800229848,0.016247994953520438,0.016645138440435588,0.6876490238039143,0.6878623574411962,0.7046755122909693,noon2,simple,0.6,0.544864173470646,30000.0,6000.0,1.0,1e-06,1.0,1.0,0.0,0.0,0.0,0.0,0.0,0,1.5,psi4,1,15.863852317621603,19.983001028833215,140.20670746595619,15.88575516395201,20.006474144119377,140.87598304454542,0.02190284633040654,0.023473115286161937,0.6692755785892366,0.6955398128017459,0.8430885341947318,0.8430885341947318,6000.378265380859,0.03320903935363105,1.070290010613892,0.0,0.0,0.0
classical,0.0,20.0,0.2,1.0,rayleigh,1.0,0.799970355855317,0.9081069557844099,532.0,810.0,809.0,655.2899999999507,0.85,0.6799748024770194,80000.0,16000.0,15999.924346923828,0.01623497183683911,0.01624041964463243,0.0166412680109686,0.6873110209983134,0.687541655111773,0.7045116568278745,-,simple,0.6,0.544864173470646,30000.0,6000.0,1.0,1e-06,1.0,1.0,0.0,0.0,0.0,0.0,0.0,0,1.5,psi4,2,16.086296615612845,19.922118801354785,127.29597057267604,16.0899815814551,19.93293208557628,127.75010205326997,0.0036849658422549686,0.010813284221494355,0.45413148059393177,0.6910975270484039,1.7380555991569302,1.7380555991569302,,,,,,
quant_diff,0.0,20.0,0.2,1.0,rayleigh,1.0,0.799970355855317,0.9081069557844099,532.0,810.0,809.0,655.2899999999507,0.85,0.6799748024770194,80000.0,16000.0,15999.924346923828,0.03352418210622832,0.03347641335817693,0.03496249624082563,1748.1627724146965,1745.6718079293084,1823.16556344994,diff,simple,0.6,0.544864173470646,30000.0,6000.0,1.0,1e-06,1.0,1.0,0.0,0.0,0.0,0.0,0.0,0,1.5,psi4,2,16.086296615612845,19.922118801354785,127.29597057267604,1386.6651558108256,1743.6154939332014,14301.431167310107,1370.5788591952128,1723.6933751318466,14174.135196737432,1743.4297959119208,-16.1318858200967,-16.1318858200967,5999.997299194336,nan,nan,0.0,0.0,0.0
hybrid_diff,0.0,20.0,0.2,1.0,rayleigh,1.0,0.799970355855317,0.9081069557844099,532.0,810.0,809.0,655.2899999999507,0.85,0.6799748024770194,80000.0,16000.0,15999.924346923828,0.01623497183683911,0.01624041964463243,0.0166412680109686,0.6873110209983134,0.687541655111773,0.7045116568278745,diff,simple,0.6,0.544864173470646,30000.0,6000.0,1.0,1e-06,1.0,1.0,0.0,0.0,0.0,0.0,0.0,0,1.5,psi4,2,16.086296615612845,19.922118801354785,127.29597057267604,256.6245962949489,333.9224239941035,2708.4706853473544,240.53829967933606,314.0003051927487,2581.1747147746783,333.28799144840127,7.9895182030571235,7.9895182030571235,5999.997299194336,0.03347641335817693,1745.6718079293084,0.0,0.0,0.0
quant_noon2,0.0,20.0,0.2,1.0,rayleigh,1.0,0.799970355855317,0.9081069557844099,532.0,810.0,809.0,0.405,0.85,0.6799748024770194,80000.0,16000.0,15999.924346923828,0.03321782934150468,0.03318907532324397,0.03471096671758978,1.0705733020429025,1.0696465923545635,1.1186954413520418,noon2,simple,0.6,0.544864173470646,30000.0,6000.0,1.0,1e-06,1.0,1.0,0.0,0.0,0.0,0.0,0.0,0,1.5,psi4,2,16.086296615612845,19.922118801354785,127.29597057267604,16.107379304500057,19.955609225982986,130.73147474854352,0.02108268888721448,0.03349042462819946,3.4355041758674716,1.0766712743468747,1.893665776488729,1.893665776488729,5999.995559692383,nan,nan,0.0,0.0,0.0
hybrid_noon2,0.0,20.0,0.2,1.0,rayleigh,1.0,0.799970355855317,0.9081069557844099,532.0,810.0,809.0,0.405,0.85,0.6799748024770194,80000.0,16000.0,15999.924346923828,0.01623497183683911,0.01624041964463243,0.0166412680109686,0.6873110209983134,0.687541655111773,0.7045116568278745,noon2,simple,0.6,0.544864173470646,30000.0,6000.0,1.0,1e-06,1.0,1.0,0.0,0.0,0.0,0.0,0.0,0,1.5,psi4,2,16.086296615612845,19.922118801354785,127.29597057267604,16.0899815814551,19.93293208557628,127.75010205326997,0.0036849658422549686,0.010813284221494355,0.45413148059393177,0.6910975270484039,1.7380555991569302,1.7380555991569302,5999.995559692383,0.03318907532324397,1.0696465923545635,0.0,0.0,0.0
classical,0.0,20.0,0.2,1.0,rayleigh,1.0,0.799970355855317,0.9081069557844099,532.0,810.0,809.0,655.2899999999507,0.85,0.6799748024770194,80000.0,16000.0,15999.64077758789,0.016231195542454675,0.016235300711178936,0.01663432902255942,0.6871511507641648,0.6873249439641529,0.704217893262644,-,simple,0.6,0.544864173470646,30000.0,6000.0,1.0,1e-06,1.0,1.0,0.0,0.0,0.0,0.0,0.0,0,1.5,psi4,3,16.17470535701468,19.99906821070035,124.24932888295653,16.183459496159895,20.009786748769635,125.3020090887001,0.008754139145217023,0.010718538069284194,1.0526802057435685,0.6963521571727811,0.7556019640584957,0.7556019640584957,,,,,,
quant_diff,0.0,20.0,0.2,1.0,rayleigh,1.0,0.799970355855317,0.9081069557844099,532.0,810.0,809.0,655.2899999999507,0.85,0.6799748024770194,80000.0,16000.0,15999.64077758789,0.033513851393285256,0.03347369103643548,0.034957698146238766,1747.6240637380065,1745.5298488650174,1822.9153604678447,diff,simple,0.6,0.544864173470646,30000.0,6000.0,1.0,1e-06,1.0,1.0,0.0,0.0,0.0,0.0,0.0,0,1.5,psi4,3,16.17470535701468,19.99906821070035,124.24932888295653,1404.8304502400736,1759.581987461516,13820.804005361895,1388.6557448830588,1739.5829192508158,13696.55467647894,1759.3674235055428,-13.908158045124123,-13.908158045124123,5999.687194824219,nan,nan,0.0,0.0,0.0
hybrid_diff,0.0,20.0,0.2,1.0,rayleigh,1.0,0.799970355855317,0.9081069557844099,532.0,810.0,809.0,655.2899999999507,0.85,0.6799748024770194,80000.0,16000.0,15999.64077758789,0.016231195542454675,0.016235300711178936,0.01663432902255942,0.6871511507641648,0.6873249439641529,0.704217893262644,diff,simple,0.6,0.544864173470646,30000.0,6000.0,1.0,1e-06,1.0,1.0,0.0,0.0,0.0,0.0,0.0,0,1.5,psi4,3,16.17470535701468,19.99906821070035,124.24932888295653,285.4930334613844,361.3205664605406,2750.8685887041797,269.3183281043697,341.3214982498402,2626.6192598212233,360.3824113559939,0.42673882152954984,0.42673882152954984,5999.687194824219,0.03347369103643548,1745.5298488650174,0.0,0.0,0.0
quant_noon2,0.0,20.0,0.2,1.0,rayleigh,1.0,0.799970355855317,0.9081069557844099,532.0,810.0,809.0,0.405,0.85,0.6799748024770194,80000.0,16000.0,15999.64077758789,0.03320890944613829,0.033177879225826136,0.03468296067634203,1.0702858238414192,1.0692857547194676,1.1177928381220863,noon2,simple,0.6,0.544864173470646,30000.0,6000.0,1.0,1e-06,1.0,1.0,0.0,0.0,0.0,0.0,0.0,0,1.5,psi4,3,16.17470535701468,19.99906821070035,124.24932888295653,16.1971381126093,20.019661059144727,125.68325888485816,0.02243275559461947,0.020592848444378403,1.4339300019016377,1.0784818232495466,0.724243800303972,0.724243800303972,5999.714874267578,nan,nan,0.0,0.0,0.0
hybrid_noon2,0.0,20.0,0.2,1.0,rayleigh,1.0,0.799970355855317,0.9081069557844099,532.0,810.0,809.0,0.405,0.85,0.6799748024770194,80000.0,16000.0,15999.64077758789,0.016231195542454675,0.016235300711178936,0.01663432902255942,0.6871511507641648,0.6873249439641529,0.704217893262644,noon2,simple,0.6,0.544864173470646,30000.0,6000.0,1.0,1e-06,1.0,1.0,0.0,0.0,0.0,0.0,0.0,0,1.5,psi4,3,16.17470535701468,19.99906821070035,124.24932888295653,16.183459496159895,20.009786748769635,125.3020090887001,0.008754139145217023,0.010718538069284194,1.0526802057435685,0.6963521571727811,0.7556019640584957,0.7556019640584957,5999.714874267578,0.033177879225826136,1.0692857547194676,0.0,0.0,0.0
classical,0.0,20.0,0.2,1.0,rayleigh,1.0,0.799970355855317,0.9081069557844099,532.0,810.0,809.0,655.2899999999507,0.85,0.6799748024770194,80000.0,16000.0,16000.670181274414,0.016230126882702613,0.016232089657833713,0.016635146708355072,0.6871059088239462,0.6871890033308481,0.7042525101664928,-,simple,0.6,0.544864173470646,30000.0,6000.0,1.0,1e-06,1.0,1.0,0.0,0.0,0.0,0.0,0.0,0,1.5,psi4,4,16.160044231162853,19.972052716553165,124.07885299492368,16.167930405896772,19.985650049431857,125.33570906929529,0.007886174733919655,0.013597332878693927,1.2568560743716133,0.6926526588471873,-4.3463408373186985,-4.3463408373186985,,,,,,
quant_diff,0.0,20.0,0.2,1.0,rayleigh,1.0,0.799970355855317,0.9081069557844099,532.0,810.0,809.0,655.2899999999507,0.85,0.6799748024770194,80000.0,16000.0,16000.670181274414,0.033520473049725746,0.03348797958227749,0.03498349312060545,1747.9693587624847,1746.2749439678237,1824.2604734898516,diff,simple,0.6,0.544864173470646,30000.0,6000.0,1.0,1e-06,1.0,1.0,0.0,0.0,0.0,0.0,0.0,0,1.5,psi4,4,16.160044231162853,19.972052716553165,124.07885299492368,1392.782938198462,1743.234114149451,12652.694926191909,1376.6228939672994,1723.2620614328978,12528.616073196985,1743.1332832644844,79.24745689179287,79.24745689179287,6000.363265991211,nan,nan,0.0,0.0,0.0
hybrid_diff,0.0,20.0,0.2,1.0,rayleigh,1.0,0.799970355855317,0.9081069557844099,532.0,810.0,809.0,655.2899999999507,0.85,0.6799748024770194,80000.0,16000.0,16000.670181274414,0.016230126882702613,0.016232089657833713,0.016635146708355072,0.6871059088239462,0.6871890033308481,0.7042525101664928,diff,simple,0.6,0.544864173470646,30000.0,6000.0,1.0,1e-06,1.0,1.0,0.0,0.0,0.0,0.0,0.0,0,1.5,psi4,4,16.160044231162853,19.972052716553165,124.07885299492368,266.25614323044766,342.72805585418126,2409.953880784152,250.0960989992848,322.7560031376281,2285.875027789228,342.3833254217015,6.629475061637823,6.629475061637823,6000.363265991211,0.03348797958227749,1746.2749439678237,0.0,0.0,0.0
quant_noon2,0.0,20.0,0.2,1.0,rayleigh,1.0,0.799970355855317,0.9081069557844099,532.0,810.0,809.0,0.405,0.85,0.6799748024770194,80000.0,16000.0,16000.670181274414,0.033211504358054963,0.03317885240190279,0.03469345481101347,1.0703694549357508,1.0693171190905448,1.1181310522868886,noon2,simple,0.6,0.544864173470646,30000.0,6000.0,1.0,1e-06,1.0,1.0,0.0,0.0,0.0,0.0,0.0,0,1.5,psi4,4,16.160044231162853,19.972052716553165,124.07885299492368,16.180798201165363,19.999385546254132,125.0204860642923,0.020753970002508487,0.027332829700966496,0.9416330693686118,1.0739725780182763,-4.286043465577987,-4.286043465577987,6000.365081787109,nan,nan,0.0,0.0,0.0
hybrid_noon2,0.0,20.0,0.2,1.0,rayleigh,1.0,0.799970355855317,0.9081069557844099,532.0,810.0,809.0,0.405,0.85,0.6799748024770194,80000.0,16000.0,16000.670181274414,0.016230126882702613,0.016232089657833713,0.016635146708355072,0.6871059088239462,0.6871890033308481,0.7042525101664928,noon2,simple,0.6,0.544864173470646,30000.0,6000.0,1.0,1e-06,1.0,1.0,0.0,0.0,0.0,0.0,0.0,0,1.5,psi4,4,16.160044231162853,19.972052716553165,124.07885299492368,16.167930405896772,19.985650049431857,125.33570906929529,0.007886174733919655,0.013597332878693927,1.2568560743716133,0.6926526588471873,-4.3463408373186985,-4.3463408373186985,6000.365081787109,0.03317885240190279,1.0693171190905448,0.0,0.0,0.0
classical,0.0,20.0,0.2,1.0,rayleigh,1.0,0.799970355855317,0.9081069557844099,532.0,810.0,809.0,655.2899999999507,0.85,0.6799748024770194,80000.0,16000.0,15999.941986083984,0.016236494310453035,0.01623592336322071,0.016641886100059924,0.6873754752458814,0.687351304072126,0.7045378237623597,-,simple,0.6,0.544864173470646,30000.0,6000.0,1.0,1e-06,1.0,1.0,0.0,0.0,0.0,0.0,0.0,0,1.5,psi4,5,15.957990603016844,19.68035655564542,124.31199589454579,15.974381146986733,19.695567116895415,125.47217792993352,0.016390543969889267,0.015210561249994401,1.16018203538773,0.6883012263521655,-4.145207125728452,-4.145207125728452,,,,,,
quant_diff,0.0,20.0,0.2,1.0,rayleigh,1.0,0.799970355855317,0.9081069557844099,532.0,810.0,809.0,655.2899999999507,0.85,0.6799748024770194,80000.0,16000.0,15999.941986083984,0.03353005943418233,0.033484612816198495,0.034965563538438146,1748.4692534467447,1746.099379502028,1823.3255117368547,diff,simple,0.6,0.544864173470646,30000.0,6000.0,1.0,1e-06,1.0,1.0,0.0,0.0,0.0,0.0,0.0,0,1.5,psi4,5,15.957990603016844,19.68035655564542,124.31199589454579,1376.0733808763737,1729.3189649463338,13731.752679421297,1360.1153902733565,1709.6386083906884,13607.440683526751,1729.0970828379347,0.09858587073945044,0.09858587073945044,5999.999252319336,nan,nan,0.0,0.0,0.0
hybrid_diff,0.0,20.0,0.2,1.0,rayleigh,1.0,0.799970355855317,0.9081069557844099,532.0,810.0,809.0,655.2899999999507,0.85,0.6799748024770194,80000.0,16000.0,15999.941986083984,0.016236494310453035,0.01623592336322071,0.016641886100059924,0.6873754752458814,0.687351304072126,0.7045378237623597,diff,simple,0.6,0.544864173470646,30000.0,6000.0,1.0,1e-06,1.0,1.0,0.0,0.0,0.0,0.0,0.0,0,1.5,psi4,5,15.957990603016844,19.68035655564542,124.31199589454579,260.72442779242147,338.4218461846437,2648.9169610828444,244.7664371894046,318.7414896289983,2524.6049651882986,337.4214510593317,0.2784395895807259,0.2784395895807259,5999.999252319336,0.033484612816198495,1746.099379502028,0.0,0.0,0.0
quant_noon2,0.0,20.0,0.2,1.0,rayleigh,1.0,0.799970355855317,0.9081069557844099,532.0,810.0,809.0,0.405,0.85,0.6799748024770194,80000.0,16000.0,15999.941986083984,0.03321412724804562,0.03317254293452014,0.03468474689138602,1.0704539877319585,1.0691137720487944,1.1178504058252057,noon2,simple,0.6,0.544864173470646,30000.0,6000.0,1.0,1e-06,1.0,1.0,0.0,0.0,0.0,0.0,0.0,0,1.5,psi4,5,15.957990603016844,19.68035655564542,124.31199589454579,15.987440928498529,19.718282122224814,124.11238164440056,0.0294503254816853,0.03792556657939476,-0.19961425014523182,1.078533368842356,-3.955939193433373,-3.955939193433373,6000.017837524414,nan,nan,0.0,0.0,0.0
hybrid_noon2,0.0,20.0,0.2,1.0,rayleigh,1.0,0.799970355855317,0.9081069557844099,532.0,810.0,809.0,0.405,0.85,0.6799748024770194,80000.0,16000.0,15999.941986083984,0.016236494310453035,0.01623592336322071,0.016641886100059924,0.6873754752458814,0.687351304072126,0.7045378237623597,noon2,simple,0.6,0.544864173470646,30000.0,6000.0,1.0,1e-06,1.0,1.0,0.0,0.0,0.0,0.0,0.0,0,1.5,psi4,5,15.957990603016844,19.68035655564542,124.31199589454579,15.974381146986733,19.695567116895415,125.47217792993352,0.016390543969889267,0.015210561249994401,1.16018203538773,0.6883012263521655,-4.145207125728452,-4.145207125728452,6000.017837524414,0.03317254293452014,1.0691137720487944,0.0,0.0,0.0
classical,0.0,20.0,0.2,1.0,rayleigh,1.0,0.799970355855317,0.9081069557844099,532.0,810.0,809.0,655.2899999999507,0.85,0.6799748024770194,80000.0,16000.0,15999.55078125,0.01624026909125282,0.01624517308045853,0.01664199364946963,0.687535281402099,0.6877428928388059,0.7045423768897282,-,simple,0.6,0.544864173470646,30000.0,6000.0,1.0,1e-06,1.0,1.0,0.0,0.0,0.0,0.0,0.0,0,1.5,psi4,6,16.002060947397013,19.952979247129885,130.15937734702007,16.013707259238878,19.96791845971113,129.44920920570672,0.011646311841863174,0.014939212581242691,-0.7101681413133505,0.6978618482137787,-0.9565224938098006,-0.9565224938098006,,,,,,
quant_diff,0.0,20.0,0.2,1.0,rayleigh,1.0,0.799970355855317,0.9081069557844099,532.0,810.0,809.0,655.2899999999507,0.85,0.6799748024770194,80000.0,16000.0,15999.55078125,0.03353029588662275,0.03349162046436176,0.03497960005619738,1748.4815835716818,1746.4648025749118,1824.0574645022728,diff,simple,0.6,0.544864173470646,30000.0,6000.0,1.0,1e-06,1.0,1.0,0.0,0.0,0.0,0.0,0.0,0,1.5,psi4,6,16.002060947397013,19.952979247129885,130.15937734702007,1390.3181168285757,1747.4865049560376,14491.070156936952,1374.3160558811787,1727.5335257089077,14360.91077958993,1747.576403472907,0.0,0.0,5999.741561889648,nan,nan,0.0,0.0,0.0
hybrid_diff,0.0,20.0,0.2,1.0,rayleigh,1.0,0.799970355855317,0.9081069557844099,532.0,810.0,809.0,655.2899999999507,0.85,0.6799748024770194,80000.0,16000.0,15999.55078125,0.01624026909125282,0.01624517308045853,0.01664199364946963,0.687535281402099,0.6877428928388059,0.7045423768897282,diff,simple,0.6,0.544864173470646,30000.0,6000.0,1.0,1e-06,1.0,1.0,0.0,0.0,0.0,0.0,0.0,0,1.5,psi4,6,16.002060947397013,19.952979247129885,130.15937734702007,266.02220623012107,343.7631534890732,2422.1653758171533,250.02014528272403,323.81017424194334,2292.005998470133,344.3041843986267,4.115065617858518,4.115065617858518,5999.741561889648,0.03349162046436176,1746.4648025749118,0.0,0.0,0.0
quant_noon2,0.0,20.0,0.2,1.0,rayleigh,1.0,0.799970355855317,0.9081069557844099,532.0,810.0,809.0,0.405,0.85,0.6799748024770194,80000.0,16000.0,15999.55078125,0.03321919959166923,0.033188864275414766,0.03469322558932108,1.0706174636655121,1.0696397905202508,1.1181236647293935,noon2,simple,0.6,0.544864173470646,30000.0,6000.0,1.0,1e-06,1.0,1.0,0.0,0.0,0.0,0.0,0.0,0,1.5,psi4,6,16.002060947397013,19.952979247129885,130.15937734702007,16.033549068355292,19.99774488141408,132.95682828924518,0.03148812095827898,0.04476563428419402,2.797450942225117,1.0854304578451395,-0.929352583675189,-0.929352583675189,5999.814346313477,nan,nan,0.0,0.0,0.0
hybrid_noon2,0.0,20.0,0.2,1.0,rayleigh,1.0,0.799970355855317,0.9081069557844099,532.0,810.0,809.0,0.405,0.85,0.6799748024770194,80000.0,16000.0,15999.55078125,0.01624026909125282,0.01624517308045853,0.01664199364946963,0.687535281402099,0.6877428928388059,0.7045423768897282,noon2,simple,0.6,0.544864173470646,30000.0,6000.0,1.0,1e-06,1.0,1.0,0.0,0.0,0.0,0.0,0.0,0,1.5,psi4,6,16.002060947397013,19.952979247129885,130.15937734702007,16.013707259238878,19.96791845971113,129.44920920570672,0.011646311841863174,0.014939212581242691,-0.7101681413133505,0.6978618482137787,-0.9565224938098006,-0.9565224938098006,5999.814346313477,0.033188864275414766,1.0696397905202508,0.0,0.0,0.0
classical,0.0,20.0,0.2,1.0,rayleigh,1.0,0.799970355855317,0.9081069557844099,532.0,810.0,809.0,655.2899999999507,0.85,0.6799748024770194,80000.0,16000.0,16000.227615356445,0.01623443531972938,0.016237185532469948,0.0166372925001092,0.6872883074311957,0.6874047382784851,0.7043433527214538,-,simple,0.6,0.544864173470646,30000.0,6000.0,1.0,1e-06,1.0,1.0,0.0,0.0,0.0,0.0,0.0,0,1.5,psi4,7,16.02583369749825,19.908197704436162,123.30299191758986,16.024435854098016,19.90801858549385,122.3172929424295,-0.0013978434002333477,-0.000179118942312794,-0.9856989751603614,0.6923896514208968,-1.8929025219272493,-1.8929025219272493,,,,,,
quant_diff,0.0,20.0,0.2,1.0,rayleigh,1.0,0.799970355855317,0.9081069557844099,532.0,810.0,809.0,655.2899999999507,0.85,0.6799748024770194,80000.0,16000.0,16000.227615356445,0.033513889447524925,0.033476384433970274,0.03492362723698458,1747.6260481266163,1745.6702996383342,1821.138687885893,diff,simple,0.6,0.544864173470646,30000.0,6000.0,1.0,1e-06,1.0,1.0,0.0,0.0,0.0,0.0,0.0,0,1.5,psi4,7,16.02583369749825,19.908197704436162,123.30299191758986,1377.6799184304714,1728.4432832433733,13983.497190476162,1361.6540847329732,1708.5350855389372,13860.194198558573,1728.252268470268,-16.367372268952487,-16.367372268952487,6000.177871704102,nan,nan,0.0,0.0,0.0
hybrid_diff,0.0,20.0,0.2,1.0,rayleigh,1.0,0.799970355855317,0.9081069557844099,532.0,810.0,809.0,655.2899999999507,0.85,0.6799748024770194,80000.0,16000.0,16000.227615356445,0.01623443531972938,0.016237185532469948,0.0166372925001092,0.6872883074311957,0.6874047382784851,0.7043433527214538,diff,simple,0.6,0.544864173470646,30000.0,6000.0,1.0,1e-06,1.0,1.0,0.0,0.0,0.0,0.0,0.0,0,1.5,psi4,7,16.02583369749825,19.908197704436162,123.30299191758986,264.4497988264546,341.2952432310753,2773.2250404513215,248.4239651289563,321.3870455266391,2649.9220485337314,340.26419341291876,0.12377884886323588,0.12377884886323588,6000.177871704102,0.033476384433970274,1745.6702996383342,0.0,0.0,0.0
quant_noon2,0.0,20.0,0.2,1.0,rayleigh,1.0,0.799970355855317,0.9081069557844099,532.0,810.0,809.0,0.405,0.85,0.6799748024770194,80000.0,16000.0,16000.227615356445,0.033208774290366644,0.03317432044068454,0.034670491896840405,1.0702814679228176,1.0691710590745132,1.1173909833739548,noon2,simple,0.6,0.544864173470646,30000.0,6000.0,1.0,1e-06,1.0,1.0,0.0,0.0,0.0,0.0,0.0,0,1.5,psi4,7,16.02583369749825,19.908197704436162,123.30299191758986,16.045510545588783,19.93289000969557,124.77367928183489,0.01967684809053287,0.024692305259404333,1.4706873642450287,1.071909484315677,-1.9487501395561975,-1.9487501395561975,6000.141448974609,nan,nan,0.0,0.0,0.0
hybrid_noon2,0.0,20.0,0.2,1.0,rayleigh,1.0,0.799970355855317,0.9081069557844099,532.0,810.0,809.0,0.405,0.85,0.6799748024770194,80000.0,16000.0,16000.227615356445,0.01623443531972938,0.016237185532469948,0.0166372925001092,0.6872883074311957,0.6874047382784851,0.7043433527214538,noon2,simple,0.6,0.544864173470646,30000.0,6000.0,1.0,1e-06,1.0,1.0,0.0,0.0,0.0,0.0,0.0,0,1.5,psi4,7,16.02583369749825,19.908197704436162,123.30299191758986,16.024435854098016,19.90801858549385,122.3172929424295,-0.0013978434002333477,-0.000179118942312794,-0.9856989751603614,0.6923896514208968,-1.8929025219272493,-1.8929025219272493,6000.141448974609,0.03317432044068454,1.0691710590745132,0.0,0.0,0.0
classical,0.0,20.0,0.2,1.0,rayleigh,1.0,0.799970355855317,0.9081069557844099,532.0,810.0,809.0,655.2899999999507,0.85,0.6799748024770194,80000.0,16000.0,15999.54833984375,0.016243149752614875,0.01624601066076377,0.016646429734658963,0.6876572348198076,0.6877783519809928,0.7047301795093667,-,simple,0.6,0.544864173470646,30000.0,6000.0,1.0,1e-06,1.0,1.0,0.0,0.0,0.0,0.0,0.0,0,1.5,psi4,8,15.715791139906884,19.741892577155458,135.8693639537235,15.726353982385406,19.752107290562794,135.4435979415997,0.010562842478522471,0.010214713407339131,-0.4257660121237991,0.6923215723467901,-1.809824872724801,-1.809824872724801,,,,,,
quant_diff,0.0,20.0,0.2,1.0,rayleigh,1.0,0.799970355855317,0.9081069557844099,532.0,810.0,809.0,655.2899999999507,0.85,0.6799748024770194,80000.0,16000.0,15999.54833984375,0.033523764701840326,0.03348239663825304,0.03497805536447401,1748.1410063113563,1745.9838139747608,1823.9769145113112,diff,simple,0.6,0.544864173470646,30000.0,6000.0,1.0,1e-06,1.0,1.0,0.0,0.0,0.0,0.0,0.0,0,1.5,psi4,8,15.715791139906884,19.741892577155458,135.8693639537235,1384.7852235888754,1738.719431787475,13218.031968063997,1369.0694324489687,1718.9775392103197,13082.162604110274,1738.6797328610137,62.815900962405856,62.815900962405856,5999.737365722656,nan,nan,0.0,0.0,0.0
hybrid_diff,0.0,20.0,0.2,1.0,rayleigh,1.0,0.799970355855317,0.9081069557844099,532.0,810.0,809.0,655.2899999999507,0.85,0.6799748024770194,80000.0,16000.0,15999.54833984375,0.016243149752614875,0.01624601066076377,0.016646429734658963,0.6876572348198076,0.6877783519809928,0.7047301795093667,diff,simple,0.6,0.544864173470646,30000.0,6000.0,1.0,1e-06,1.0,1.0,0.0,0.0,0.0,0.0,0.0,0,1.5,psi4,8,15.715791139906884,19.741892577155458,135.8693639537235,275.5881914365862,349.1438823951472,2673.7108000597714,259.8724002966793,329.40198981799176,2537.841436106048,349.09412971174015,11.439503225660957,11.439503225660957,5999.737365722656,0.03348239663825304,1745.9838139747608,0.0,0.0,0.0
quant_noon2,0.0,20.0,0.2,1.0,rayleigh,1.0,0.799970355855317,0.9081069557844099,532.0,810.0,809.0,0.405,0.85,0.6799748024770194,80000.0,16000.0,15999.54833984375,0.03321663560651309,0.033163946237340036,0.03469888609186738,1.0705348293059105,1.0688367101615723,1.1183060963639209,noon2,simple,0.6,0.544864173470646,30000.0,6000.0,1.0,1e-06,1.0,1.0,0.0,0.0,0.0,0.0,0.0,0,1.5,psi4,8,15.715791139906884,19.741892577155458,135.8693639537235,15.747575945607455,19.789096026991917,136.2895854094328,0.03178480570057221,0.04720344983645964,0.42022145570929165,1.0860942315116127,-1.8135736552902293,-1.8135736552902293,6000.157943725586,nan,nan,0.0,0.0,0.0
hybrid_noon2,0.0,20.0,0.2,1.0,rayleigh,1.0,0.799970355855317,0.9081069557844099,532.0,810.0,809.0,0.405,0.85,0.6799748024770194,80000.0,16000.0,15999.54833984375,0.016243149752614875,0.01624601066076377,0.016646429734658963,0.6876572348198076,0.6877783519809928,0.7047301795093667,noon2,simple,0.6,0.544864173470646,30000.0,6000.0,1.0,1e-06,1.0,1.0,0.0,0.0,0.0,0.0,0.0,0,1.5,psi4,8,15.715791139906884,19.741892577155458,135.8693639537235,15.726353982385406,19.752107290562794,135.4435979415997,0.010562842478522471,0.010214713407339131,-0.4257660121237991,0.6923215723467901,-1.809824872724801,-1.809824872724801,6000.157943725586,0.033163946237340036,1.0688367101615723,0.0,0.0,0.0
classical,0.0,20.0,0.2,1.0,rayleigh,1.0,0.799970355855317,0.9081069557844099,532.0,810.0,809.0,655.2899999999507,0.85,0.6799748024770194,80000.0,16000.0,15999.767120361328,0.016238569513003218,0.016241539851621516,0.01664506543894361,0.6874633293917266,0.6875890793153463,0.7046724217571213,-,simple,0.6,0.544864173470646,30000.0,6000.0,1.0,1e-06,1.0,1.0,0.0,0.0,0.0,0.0,0.0,0,1.5,psi4,9,15.896610679050132,19.83373593075923,145.5413025997174,15.902331665170344,19.84151093287074,145.0038227163584,0.005720986120210999,0.007775002111511076,-0.5374798833590047,0.6913887282568498,-1.7124611900923579,-1.7124611900923579,,,,,,
quant_diff,0.0,20.0,0.2,1.0,rayleigh,1.0,0.799970355855317,0.9081069557844099,532.0,810.0,809.0,655.2899999999507,0.85,0.6799748024770194,80000.0,16000.0,15999.767120361328,0.033526321735610265,0.0334801931119232,0.034974150849354846,1748.2743462159733,1745.8689081827072,1823.7733084112722,diff,simple,0.6,0.544864173470646,30000.0,6000.0,1.0,1e-06,1.0,1.0,0.0,0.0,0.0,0.0,0.0,0,1.5,psi4,9,15.896610679050132,19.83373593075923,145.5413025997174,1377.539027436736,1730.9452584519317,13571.142254301034,1361.6424167576859,1711.1115225211724,13425.600951701315,1730.9416213516834,-15.4466740333595,-15.4466740333595,5999.857833862305,nan,nan,0.0,0.0,0.0
hybrid_diff,0.0,20.0,0.2,1.0,rayleigh,1.0,0.799970355855317,0.9081069557844099,532.0,810.0,809.0,655.2899999999507,0.85,0.6799748024770194,80000.0,16000.0,15999.767120361328,0.016238569513003218,0.016241539851621516,0.01664506543894361,0.6874633293917266,0.6875890793153463,0.7046724217571213,diff,simple,0.6,0.544864173470646,30000.0,6000.0,1.0,1e-06,1.0,1.0,0.0,0.0,0.0,0.0,0.0,0,1.5,psi4,9,15.896610679050132,19.83373593075923,145.5413025997174,267.86108001876437,346.31979945255756,2658.364284279041,251.96446933971427,326.4860635217983,2512.8229816793237,346.36558475135905,0.5962403592244646,0.5962403592244646,5999.857833862305,0.0334801931119232,1745.8689081827072,0.0,0.0,0.0
quant_noon2,0.0,20.0,0.2,1.0,rayleigh,1.0,0.799970355855317,0.9081069557844099,532.0,810.0,809.0,0.405,0.85,0.6799748024770194,80000.0,16000.0,15999.767120361328,0.03322192228238632,0.03319272682946673,0.034706406210386356,1.070705212926954,1.0697642762957427,1.1185484613309946,noon2,simple,0.6,0.544864173470646,30000.0,6000.0,1.0,1e-06,1.0,1.0,0.0,0.0,0.0,0.0,0.0,0,1.5,psi4,9,15.896610679050132,19.83373593075923,145.5413025997174,15.922499039141048,19.864009051989264,145.3740964694569,0.02588836009091494,0.030273121230034096,-0.16720613026049552,1.0749516666208119,-1.7794116448456505,-1.7794116448456505,5999.855987548828,nan,nan,0.0,0.0,0.0
hybrid_noon2,0.0,20.0,0.2,1.0,rayleigh,1.0,0.799970355855317,0.9081069557844099,532.0,810.0,809.0,0.405,0.85,0.6799748024770194,80000.0,16000.0,15999.767120361328,0.016238569513003218,0.016241539851621516,0.01664506543894361,0.6874633293917266,0.6875890793153463,0.7046724217571213,noon2,simple,0.6,0.544864173470646,30000.0,6000.0,1.0,1e-06,1.0,1.0,0.0,0.0,0.0,0.0,0.0,0,1.5,psi4,9,15.896610679050132,19.83373593075923,145.5413025997174,15.902331665170344,19.84151093287074,145.0038227163584,0.005720986120210999,0.007775002111511076,-0.5374798833590047,0.6913887282568498,-1.7124611900923579,-1.7124611900923579,5999.855987548828,0.03319272682946673,1.0697642762957427,0.0,0.0,0.0
classical,0.0,20.0,0.2,0.7,rayleigh,1.0,0.799970355855317,0.9081069557844099,532.0,810.0,809.0,655.2899999999507,0.85,0.47598236173391356,80000.0,16000.0,15999.345642089844,0.023341717687964746,0.023333041237786643,0.024067558701723033,0.988176633578501,0.9878093141959678,1.0189052688519324,-,simple,0.6,0.38140492142945215,30000.0,6000.0,1.0,1e-06,1.0,1.0,0.0,0.0,0.0,0.0,0.0,0,1.5,psi4,0,16.13056008130645,19.94669127082623,136.31647721230465,16.15867968504368,19.975312127930263,135.9739651986056,0.028119603737228868,0.028620857104034426,-0.34251201369903256,0.9870878271548238,-1.1377598562844866,-1.1377598562844866,,,,,,
quant_diff,0.0,20.0,0.2,0.7,rayleigh,1.0,0.799970355855317,0.9081069557844099,532.0,810.0,809.0,655.2899999999507,0.85,0.47598236173391356,80000.0,16000.0,15999.345642089844,0.04789268030188719,0.04777726735991092,0.05090942937821588,2497.4270963455683,2491.408735987709,2654.739463049794,diff,simple,0.6,0.38140492142945215,30000.0,6000.0,1.0,1e-06,1.0,1.0,0.0,0.0,0.0,0.0,0.0,0,1.5,psi4,0,16.13056008130645,19.94669127082623,136.31647721230465,1999.694148000009,2503.5087601927366,18954.68945449936,1983.5635879187025,2483.5620689219104,18818.372977287054,2503.395061613913,-26.21664432956353,-26.21664432956353,5999.622222900391,nan,nan,0.0,0.0,0.0
hybrid_diff,0.0,20.0,0.2,0.7,rayleigh,1.0,0.799970355855317,0.9081069557844099,532.0,810.0,809.0,655.2899999999507,0.85,0.47598236173391356,80000.0,16000.0,15999.345642089844,0.023341717687964746,0.023333041237786643,0.024067558701723033,0.988176633578501,0.9878093141959678,1.0189052688519324,diff,simple,0.6,0.38140492142945215,30000.0,6000.0,1.0,1e-06,1.0,1.0,0.0,0.0,0.0,0.0,0.0,0,1.5,psi4,0,16.13056008130645,19.94669127082623,136.31647721230465,392.46478374566396,494.91027154312314,3267.918534451141,376.33422366435747,474.96358027229695,3131.602057238836,494.49349455623235,-11.159397569229416,-11.159397569229416,5999.622222900391,0.04777726735991092,2491.408735987709,0.0,0.0,0.0
quant_noon2,0.0,20.0,0.2,0.7,rayleigh,1.0,0.799970355855317,0.9081069557844099,532.0,810.0,809.0,0.405,0.85,0.47598236173391356,80000.0,16000.0,15999.345642089844,0.04768846958759309,0.04758226431464204,0.05068282710411085,1.5369457718289745,1.5335228952590265,1.6334505488569546,noon2,simple,0.6,0.38140492142945215,30000.0,6000.0,1.0,1e-06,1.0,1.0,0.0,0.0,0.0,0.0,0.0,0,1.5,psi4,0,16.13056008130645,19.94669127082623,136.31647721230465,16.1478098040344,19.98267206800284,138.29459034321778,0.01724972272794665,0.0359807971766125,1.9781131309131301,1.539077944427424,-1.2225899765613046,-1.2225899765613046,5999.634475708008,nan,nan,0.0,0.0,0.0
hybrid_noon2,0.0,20.0,0.2,0.7,rayleigh,1.0,0.799970355855317,0.9081069557844099,532.0,810.0,809.0,0.405,0.85,0.47598236173391356,80000.0,16000.0,15999.345642089844,0.023341717687964746,0.023333041237786643,0.024067558701723033,0.988176633578501,0.9878093141959678,1.0189052688519324,noon2,simple,0.6,0.38140492142945215,30000.0,6000.0,1.0,1e-06,1.0,1.0,0.0,0.0,0.0,0.0,0.0,0,1.5,psi4,0,16.13056008130645,19.94669127082623,136.31647721230465,16.15867968504368,19.975312127930263,135.9739651986056,0.028119603737228868,0.028620857104034426,-0.34251201369903256,0.9870878271548238,-1.1377598562844866,-1.1377598562844866,5999.634475708008,0.04758226431464204,1.5335228952590265,0.0,0.0,0.0
classical,0.0,20.0,0.2,0.7,rayleigh,1.0,0.799970355855317,0.9081069557844099,532.0,810.0,809.0,655.2899999999507,0.85,0.47598236173391356,80000.0,16000.0,16000.632781982422,0.023359542686357503,0.023345264378056847,0.02409278664632356,0.9889312587153809,0.9883267834656005,1.0199732993071335,-,simple,0.6,0.38140492142945215,30000.0,6000.0,1.0,1e-06,1.0,1.0,0.0,0.0,0.0,0.0,0.0,0,1.5,psi4,1,15.863852317621603,19.983001028833215,140.20670746595619,15.880362480382894,20.005807021706858,141.01156213206235,0.01651016276129046,0.022805992873644442,0.8048546661061665,0.9971959700817108,0.8693031530410308,0.8693031530410308,,,,,,
quant_diff,0.0,20.0,0.2,0.7,rayleigh,1.0,0.799970355855317,0.9081069557844099,532.0,810.0,809.0,655.2899999999507,0.85,0.47598236173391356,80000.0,16000.0,16000.632781982422,0.047931999949536,0.04781792749332407,0.0509740392250497,2499.477471326419,2493.529012369965,2658.10862888383,diff,simple,0.6,0.38140492142945215,30000.0,6000.0,1.0,1e-06,1.0,1.0,0.0,0.0,0.0,0.0,0.0,0,1.5,psi4,1,15.863852317621603,19.983001028833215,140.20670746595619,1988.8771213219622,2488.7605388975417,18969.11366651304,1973.0132690043408,2468.7775378687084,18828.906959047083,2488.6922050392136,46.820480308766506,46.820480308766506,6000.405654907227,nan,nan,0.0,0.0,0.0
hybrid_diff,0.0,20.0,0.2,0.7,rayleigh,1.0,0.799970355855317,0.9081069557844099,532.0,810.0,809.0,655.2899999999507,0.85,0.47598236173391356,80000.0,16000.0,16000.632781982422,0.023359542686357503,0.023345264378056847,0.02409278664632356,0.9889312587153809,0.9883267834656005,1.0199732993071335,diff,simple,0.6,0.38140492142945215,30000.0,6000.0,1.0,1e-06,1.0,1.0,0.0,0.0,0.0,0.0,0.0,0,1.5,psi4,1,15.863852317621603,19.983001028833215,140.20670746595619,374.01187649550656,477.25928924887626,3739.525589037395,358.14802417788496,457.27628822004306,3599.3188815714393,476.94011464578995,8.745540456012177,8.745540456012177,6000.405654907227,0.04781792749332407,2493.529012369965,0.0,0.0,0.0
quant_noon2,0.0,20.0,0.2,0.7,rayleigh,1.0,0.799970355855317,0.9081069557844099,532.0,810.0,809.0,0.405,0.85,0.47598236173391356,80000.0,16000.0,16000.632781982422,0.04771564119028072,0.047615695898737695,0.050717618159546354,1.5378214820420664,1.5346003576365301,1.6345718254676636,noon2,simple,0.6,0.38140492142945215,30000.0,6000.0,1.0,1e-06,1.0,1.0,0.0,0.0,0.0,0.0,0.0,0,1.5,psi4,1,15.863852317621603,19.983001028833215,140.20670746595619,15.924863894771265,20.05585392521339,141.71922862491834,0.06101157714966174,0.07285289638017607,1.5125211589621483,1.551351973703668,1.0542506764591006,1.0542506764591006,6000.467300415039,nan,nan,0.0,0.0,0.0
hybrid_noon2,0.0,20.0,0.2,0.7,rayleigh,1.0,0.799970355855317,0.9081069557844099,532.0,810.0,809.0,0.405,0.85,0.47598236173391356,80000.0,16000.0,16000.632781982422,0.023359542686357503,0.023345264378056847,0.02409278664632356,0.9889312587153809,0.9883267834656005,1.0199732993071335,noon2,simple,0.6,0.38140492142945215,30000.0,6000.0,1.0,1e-06,1.0,1.0,0.0,0.0,0.0,0.0,0.0,0,1.5,psi4,1,15.863852317621603,19.983001028833215,140.20670746595619,15.880362480382894,20.005807021706858,141.01156213206235,0.01651016276129046,0.022805992873644442,0.8048546661061665,0.9971959700817108,0.8693031530410308,0.8693031530410308,6000.467300415039,0.047615695898737695,1.5346003576365301,0.0,0.0,0.0
classical,0.0,20.0,0.2,0.7,rayleigh,1.0,0.799970355855317,0.9081069557844099,532.0,810.0,809.0,655.2899999999507,0.85,0.47598236173391356,80000.0,16000.0,16000.013275146484,0.023348926039028203,0.023339409605684897,0.024072191091953785,0.9884818006695761,0.9880789204192633,1.0191013820876778,-,simple,0.6,0.38140492142945215,30000.0,6000.0,1.0,1e-06,1.0,1.0,0.0,0.0,0.0,0.0,0.0,0,1.5,psi4,2,16.086296615612845,19.922118801354785,127.29597057267604,16.108296198161668,19.952445963769584,128.96023738193497,0.021999582548823383,0.03032716241479829,1.6642668092589237,0.9946414293974677,1.8502865435742886,1.8502865435742886,,,,,,
quant_diff,0.0,20.0,0.2,0.7,rayleigh,1.0,0.799970355855317,0.9081069557844099,532.0,810.0,809.0,655.2899999999507,0.85,0.47598236173391356,80000.0,16000.0,16000.013275146484,0.04791994822792947,0.04781102106525749,0.05092260295952002,2498.8490183789536,2493.168867552767,2655.4264168535383,diff,simple,0.6,0.38140492142945215,30000.0,6000.0,1.0,1e-06,1.0,1.0,0.0,0.0,0.0,0.0,0.0,0,1.5,psi4,2,16.086296615612845,19.922118801354785,127.29597057267604,2002.9306032583045,2511.021154927985,19065.37759841146,1986.8443066426914,2491.0990361266304,18938.081627838787,2511.0345271052793,-1.4398444254423601,-1.4398444254423601,5999.983840942383,nan,nan,0.0,0.0,0.0
hybrid_diff,0.0,20.0,0.2,0.7,rayleigh,1.0,0.799970355855317,0.9081069557844099,532.0,810.0,809.0,655.2899999999507,0.85,0.47598236173391356,80000.0,16000.0,16000.013275146484,0.023348926039028203,0.023339409605684897,0.024072191091953785,0.9884818006695761,0.9880789204192633,1.0191013820876778,diff,simple,0.6,0.38140492142945215,30000.0,6000.0,1.0,1e-06,1.0,1.0,0.0,0.0,0.0,0.0,0.0,0,1.5,psi4,2,16.086296615612845,19.922118801354785,127.29597057267604,376.44237593718185,477.7260061643607,4010.7815674813965,360.35607932156904,457.8038873630059,3883.4855969087207,477.73877760457424,9.234727309174268,9.234727309174268,5999.983840942383,0.04781102106525749,2493.168867552767,0.0,0.0,0.0
quant_noon2,0.0,20.0,0.2,0.7,rayleigh,1.0,0.799970355855317,0.9081069557844099,532.0,810.0,809.0,0.405,0.85,0.47598236173391356,80000.0,16000.0,16000.013275146484,0.04770762447812146,0.04761239687051608,0.05075579357360253,1.5375631124201496,1.5344940336651338,1.6358021761526165,noon2,simple,0.6,0.38140492142945215,30000.0,6000.0,1.0,1e-06,1.0,1.0,0.0,0.0,0.0,0.0,0.0,0,1.5,psi4,2,16.086296615612845,19.922118801354785,127.29597057267604,16.1339522283781,19.98326310550762,129.44979922825112,0.047655612765257246,0.06114430415283481,2.1538286555750914,1.5520800749373815,1.8405379067397345,1.8405379067397345,6000.006256103516,nan,nan,0.0,0.0,0.0
hybrid_noon2,0.0,20.0,0.2,0.7,rayleigh,1.0,0.799970355855317,0.9081069557844099,532.0,810.0,809.0,0.405,0.85,0.47598236173391356,80000.0,16000.0,16000.013275146484,0.023348926039028203,0.023339409605684897,0.024072191091953785,0.9884818006695761,0.9880789204192633,1.0191013820876778,noon2,simple,0.6,0.38140492142945215,30000.0,6000.0,1.0,1e-06,1.0,1.0,0.0,0.0,0.0,0.0,0.0,0,1.5,psi4,2,16.086296615612845,19.922118801354785,127.29597057267604,16.108296198161668,19.952445963769584,128.96023738193497,0.021999582548823383,0.03032716241479829,1.6642668092589237,0.9946414293974677,1.8502865435742886,1.8502865435742886,6000.006256103516,0.04761239687051608,1.5344940336651338,0.0,0.0,0.0
classical,0.0,20.0,0.2,0.7,rayleigh,1.0,0.799970355855317,0.9081069557844099,532.0,810.0,809.0,655.2899999999507,0.85,0.47598236173391356,80000.0,16000.0,15999.626251220703,0.023344072902562178,0.02333236818473068,0.024072068322783205,0.9882763420945304,0.9877808203502297,1.019096184628463,-,simple,0.6,0.38140492142945215,30000.0,6000.0,1.0,1e-06,1.0,1.0,0.0,0.0,0.0,0.0,0.0,0,1.5,psi4,3,16.17470535701468,19.99906821070035,124.24932888295653,16.190239168274328,20.02357375043135,126.28496448335852,0.015533811259647244,0.024505539730998317,2.035635600401999,1.0030137596099677,0.5698326078570837,0.5698326078570837,,,,,,
quant_diff,0.0,20.0,0.2,0.7,rayleigh,1.0,0.799970355855317,0.9081069557844099,532.0,810.0,809.0,655.2899999999507,0.85,0.47598236173391356,80000.0,16000.0,15999.626251220703,0.04790038668561385,0.04779556884379775,0.05089384258047763,2497.8289559076657,2492.3630910472757,2653.92666888644,diff,simple,0.6,0.38140492142945215,30000.0,6000.0,1.0,1e-06,1.0,1.0,0.0,0.0,0.0,0.0,0.0,0,1.5,psi4,3,16.17470535701468,19.99906821070035,124.24932888295653,2010.535774847459,2520.5132352097326,21793.274849021574,1994.3610694904444,2500.514166999032,21669.025520138617,2520.32941824335,-79.990168581858,-79.990168581858,5999.759063720703,nan,nan,0.0,0.0,0.0
hybrid_diff,0.0,20.0,0.2,0.7,rayleigh,1.0,0.799970355855317,0.9081069557844099,532.0,810.0,809.0,655.2899999999507,0.85,0.47598236173391356,80000.0,16000.0,15999.626251220703,0.023344072902562178,0.02333236818473068,0.024072068322783205,0.9882763420945304,0.9877808203502297,1.019096184628463,diff,simple,0.6,0.38140492142945215,30000.0,6000.0,1.0,1e-06,1.0,1.0,0.0,0.0,0.0,0.0,0.0,0,1.5,psi4,3,16.17470535701468,19.99906821070035,124.24932888295653,406.1949108767607,509.61372638592303,3705.4621814435,390.02020551974596,489.6146581752227,3581.212852560543,508.76367309451143,-0.2521822749810172,-0.2521822749810172,5999.759063720703,0.04779556884379775,2492.3630910472757,0.0,0.0,0.0
quant_noon2,0.0,20.0,0.2,0.7,rayleigh,1.0,0.799970355855317,0.9081069557844099,532.0,810.0,809.0,0.405,0.85,0.47598236173391356,80000.0,16000.0,15999.626251220703,0.047696188369168495,0.04759146970558745,0.05073356736842571,1.537194539483055,1.5338195746621175,1.6350858505425534,noon2,simple,0.6,0.38140492142945215,30000.0,6000.0,1.0,1e-06,1.0,1.0,0.0,0.0,0.0,0.0,0.0,0,1.5,psi4,3,16.17470535701468,19.99906821070035,124.24932888295653,16.21761629499499,20.04929577351709,126.57853020887327,0.042910937980311,0.05022756281673944,2.32920132591674,1.5436405908584594,0.5259362716540221,0.5259362716540221,5999.742462158203,nan,nan,0.0,0.0,0.0
hybrid_noon2,0.0,20.0,0.2,0.7,rayleigh,1.0,0.799970355855317,0.9081069557844099,532.0,810.0,809.0,0.405,0.85,0.47598236173391356,80000.0,16000.0,15999.626251220703,0.023344072902562178,0.02333236818473068,0.024072068322783205,0.9882763420945304,0.9877808203502297,1.019096184628463,noon2,simple,0.6,0.38140492142945215,30000.0,6000.0,1.0,1e-06,1.0,1.0,0.0,0.0,0.0,0.0,0.0,0,1.5,psi4,3,16.17470535701468,19.99906821070035,124.24932888295653,16.190239168274328,20.02357375043135,126.28496448335852,0.015533811259647244,0.024505539730998317,2.035635600401999,1.0030137596099677,0.5698326078570837,0.5698326078570837,5999.742462158203,0.04759146970558745,1.5338195746621175,0.0,0.0,0.0
classical,0.0,20.0,0.2,0.7,rayleigh,1.0,0.799970355855317,0.9081069557844099,532.0,810.0,809.0,655.2899999999507,0.85,0.47598236173391356,80000.0,16000.0,16000.578964233398,0.023347548394387116,0.023338756353548422,0.024067523270888798,0.9884234777876919,0.9880512648497064,1.0189037688799523,-,simple,0.6,0.38140492142945215,30000.0,6000.0,1.0,1e-06,1.0,1.0,0.0,0.0,0.0,0.0,0.0,0,1.5,psi4,4,16.160044231162853,19.972052716553165,124.07885299492368,16.174257556259132,19.988331104088985,124.45822742827703,0.014213325096278779,0.016278387535818548,0.3793744333533449,0.9912395337762426,-4.35040653325158,-4.35040653325158,,,,,,
quant_diff,0.0,20.0,0.2,0.7,rayleigh,1.0,0.799970355855317,0.9081069557844099,532.0,810.0,809.0,655.2899999999507,0.85,0.47598236173391356,80000.0,16000.0,16000.578964233398,0.047913664655630295,0.047803490498227894,0.05087617881024691,2498.5213531987442,2492.7761761846496,2653.0055682481016,diff,simple,0.6,0.38140492142945215,30000.0,6000.0,1.0,1e-06,1.0,1.0,0.0,0.0,0.0,0.0,0.0,0,1.5,psi4,4,16.160044231162853,19.972052716553165,124.07885299492368,1983.6333233677874,2485.90384666926,20446.725822861063,1967.4732791366246,2465.9317939527073,20322.64696986614,2485.9229723475078,66.66910561566247,66.66910561566247,6000.349182128906,nan,nan,0.0,0.0,0.0
hybrid_diff,0.0,20.0,0.2,0.7,rayleigh,1.0,0.799970355855317,0.9081069557844099,532.0,810.0,809.0,655.2899999999507,0.85,0.47598236173391356,80000.0,16000.0,16000.578964233398,0.023347548394387116,0.023338756353548422,0.024067523270888798,0.9884234777876919,0.9880512648497064,1.0189037688799523,diff,simple,0.6,0.38140492142945215,30000.0,6000.0,1.0,1e-06,1.0,1.0,0.0,0.0,0.0,0.0,0.0,0,1.5,psi4,4,16.160044231162853,19.972052716553165,124.07885299492368,385.0650582826589,490.1483859299009,3962.241841777664,368.90501405149604,470.17633321334773,3838.1629887827407,490.3308426259766,4.863379256499712,4.863379256499712,6000.349182128906,0.047803490498227894,2492.7761761846496,0.0,0.0,0.0
quant_noon2,0.0,20.0,0.2,0.7,rayleigh,1.0,0.799970355855317,0.9081069557844099,532.0,810.0,809.0,0.405,0.85,0.47598236173391356,80000.0,16000.0,16000.578964233398,0.04769805134133143,0.04757870538762878,0.050723198828476215,1.5372545809818412,1.5334081950417082,1.6347516841544676,noon2,simple,0.6,0.38140492142945215,30000.0,6000.0,1.0,1e-06,1.0,1.0,0.0,0.0,0.0,0.0,0.0,0,1.5,psi4,4,16.160044231162853,19.972052716553165,124.07885299492368,16.206498451259183,20.031623585691,126.56926964688282,0.04645422009633155,0.05957086913783748,2.4904166519591335,1.5384888551819722,-4.2872996815448765,-4.2872996815448765,6000.374740600586,nan,nan,0.0,0.0,0.0
hybrid_noon2,0.0,20.0,0.2,0.7,rayleigh,1.0,0.799970355855317,0.9081069557844099,532.0,810.0,809.0,0.405,0.85,0.47598236173391356,80000.0,16000.0,16000.578964233398,0.023347548394387116,0.023338756353548422,0.024067523270888798,0.9884234777876919,0.9880512648497064,1.0189037688799523,noon2,simple,0.6,0.38140492142945215,30000.0,6000.0,1.0,1e-06,1.0,1.0,0.0,0.0,0.0,0.0,0.0,0,1.5,psi4,4,16.160044231162853,19.972052716553165,124.07885299492368,16.174257556259132,19.988331104088985,124.45822742827703,0.014213325096278779,0.016278387535818548,0.3793744333533449,0.9912395337762426,-4.35040653325158,-4.35040653325158,6000.374740600586,0.04757870538762878,1.5334081950417082,0.0,0.0,0.0
classical,0.0,20.0,0.2,0.7,rayleigh,1.0,0.799970355855317,0.9081069557844099,532.0,810.0,809.0,655.2899999999507,0.85,0.47598236173391356,80000.0,16000.0,16000.007308959961,0.023352033134958306,0.02334435523080991,0.024076585152662148,0.9886133402433755,0.9882882945215599,1.0192874055918852,-,simple,0.6,0.38140492142945215,30000.0,6000.0,1.0,1e-06,1.0,1.0,0.0,0.0,0.0,0.0,0.0,0,1.5,psi4,5,15.957990603016844,19.68035655564542,124.31199589454579,15.976904283670686,19.713338594199094,124.08703207146182,0.018913680653842583,0.03298203855367265,-0.22496382308397922,0.9897404933119561,-4.021144186737246,-4.021144186737246,,,,,,
quant_diff,0.0,20.0,0.2,0.7,rayleigh,1.0,0.799970355855317,0.9081069557844099,532.0,810.0,809.0,655.2899999999507,0.85,0.47598236173391356,80000.0,16000.0,16000.007308959961,0.04793199126871158,0.047828492299472156,0.05089370515511545,2499.4770186533597,2494.079928146145,2653.9195026593447,diff,simple,0.6,0.38140492142945215,30000.0,6000.0,1.0,1e-06,1.0,1.0,0.0,0.0,0.0,0.0,0.0,0,1.5,psi4,5,15.957990603016844,19.68035655564542,124.31199589454579,1979.1418655029759,2479.659921137657,18676.97950944441,1963.1838748999587,2459.9795645820113,18552.667513549863,2479.3452682163625,21.093731796544425,21.093731796544425,6000.004745483398,nan,nan,0.0,0.0,0.0
hybrid_diff,0.0,20.0,0.2,0.7,rayleigh,1.0,0.799970355855317,0.9081069557844099,532.0,810.0,809.0,655.2899999999507,0.85,0.47598236173391356,80000.0,16000.0,16000.007308959961,0.023352033134958306,0.02334435523080991,0.024076585152662148,0.9886133402433755,0.9882882945215599,1.0192874055918852,diff,simple,0.6,0.38140492142945215,30000.0,6000.0,1.0,1e-06,1.0,1.0,0.0,0.0,0.0,0.0,0.0,0,1.5,psi4,5,15.957990603016844,19.68035655564542,124.31199589454579,381.0804982348452,482.83620167053687,3721.7672951785353,365.12250763182834,463.15584511489146,3597.4552992839895,481.32599196751266,-2.215172286781886,-2.215172286781886,6000.004745483398,0.047828492299472156,2494.079928146145,0.0,0.0,0.0
quant_noon2,0.0,20.0,0.2,0.7,rayleigh,1.0,0.799970355855317,0.9081069557844099,532.0,810.0,809.0,0.405,0.85,0.47598236173391356,80000.0,16000.0,16000.007308959961,0.04772299427935928,0.04758337277756882,0.05077415525760313,1.5380584638380204,1.5335586197732178,1.6363939525889843,noon2,simple,0.6,0.38140492142945215,30000.0,6000.0,1.0,1e-06,1.0,1.0,0.0,0.0,0.0,0.0,0.0,0,1.5,psi4,5,15.957990603016844,19.68035655564542,124.31199589454579,16.00590789714569,19.741935118289444,125.46352106637308,0.047917294128847314,0.061578562644022755,1.151525171827284,1.5313765794863763,-4.0703968328631275,-4.0703968328631275,5999.97087097168,nan,nan,0.0,0.0,0.0
hybrid_noon2,0.0,20.0,0.2,0.7,rayleigh,1.0,0.799970355855317,0.9081069557844099,532.0,810.0,809.0,0.405,0.85,0.47598236173391356,80000.0,16000.0,16000.007308959961,0.023352033134958306,0.02334435523080991,0.024076585152662148,0.9886133402433755,0.9882882945215599,1.0192874055918852,noon2,simple,0.6,0.38140492142945215,30000.0,6000.0,1.0,1e-06,1.0,1.0,0.0,0.0,0.0,0.0,0.0,0,1.5,psi4,5,15.957990603016844,19.68035655564542,124.31199589454579,15.976904283670686,19.713338594199094,124.08703207146182,0.018913680653842583,0.03298203855367265,-0.22496382308397922,0.9897404933119561,-4.021144186737246,-4.021144186737246,5999.97087097168,0.04758337277756882,1.5335586197732178,0.0,0.0,0.0
classical,0.0,20.0,0.2,0.7,rayleigh,1.0,0.799970355855317,0.9081069557844099,532.0,810.0,809.0,655.2899999999507,0.85,0.47598236173391356,80000.0,16000.0,15999.554748535156,0.023355729341773872,0.02334577773629978,0.02408923030361906,0.9887698199530883,0.9883485165971166,1.0198227407746139,-,simple,0.6,0.38140492142945215,30000.0,6000.0,1.0,1e-06,1.0,1.0,0.0,0.0,0.0,0.0,0.0,0,1.5,psi4,6,16.002060947397013,19.952979247129885,130.15937734702007,16.02299731062933,19.981176268600862,130.57436126178752,0.020936363232315,0.02819702147097686,0.4149839147674575,0.9996132750272364,-1.0403727089545622,-1.0403727089545622,,,,,,
quant_diff,0.0,20.0,0.2,0.7,rayleigh,1.0,0.799970355855317,0.9081069557844099,532.0,810.0,809.0,655.2899999999507,0.85,0.47598236173391356,80000.0,16000.0,15999.554748535156,0.04792981062259134,0.04782291703111584,0.05092865800971541,2499.363305980068,2493.7891984109397,2655.742165446692,diff,simple,0.6,0.38140492142945215,30000.0,6000.0,1.0,1e-06,1.0,1.0,0.0,0.0,0.0,0.0,0.0,0,1.5,psi4,6,16.002060947397013,19.952979247129885,130.15937734702007,1998.4967716255082,2502.0097498376945,21920.985959972633,1982.4947106781115,2482.0567705905646,21790.82658262561,2501.8075293334277,23.462920838503422,23.462920838503422,5999.7977294921875,nan,nan,0.0,0.0,0.0
hybrid_diff,0.0,20.0,0.2,0.7,rayleigh,1.0,0.799970355855317,0.9081069557844099,532.0,810.0,809.0,655.2899999999507,0.85,0.47598236173391356,80000.0,16000.0,15999.554748535156,0.023355729341773872,0.02334577773629978,0.02408923030361906,0.9887698199530883,0.9883485165971166,1.0198227407746139,diff,simple,0.6,0.38140492142945215,30000.0,6000.0,1.0,1e-06,1.0,1.0,0.0,0.0,0.0,0.0,0.0,0,1.5,psi4,6,16.002060947397013,19.952979247129885,130.15937734702007,379.53471323070136,485.2591685523514,4343.109339687523,363.53265228330434,465.3061893052215,4212.949962340503,484.3237695182208,2.9189277117055616,2.9189277117055616,5999.7977294921875,0.04782291703111584,2493.7891984109397,0.0,0.0,0.0
quant_noon2,0.0,20.0,0.2,0.7,rayleigh,1.0,0.799970355855317,0.9081069557844099,532.0,810.0,809.0,0.405,0.85,0.47598236173391356,80000.0,16000.0,15999.554748535156,0.04771260264588483,0.04758893523841547,0.05069855918591248,1.5377235531715834,1.5337378916339666,1.6339575761701854,noon2,simple,0.6,0.38140492142945215,30000.0,6000.0,1.0,1e-06,1.0,1.0,0.0,0.0,0.0,0.0,0.0,0,1.5,psi4,6,16.002060947397013,19.952979247129885,130.15937734702007,16.053249602476267,20.026413271304776,134.65096982776691,0.0511886550792526,0.07343402417488885,4.491592480746851,1.5492282581665915,-1.0583939929047819,-1.0583939929047819,5999.793167114258,nan,nan,0.0,0.0,0.0
hybrid_noon2,0.0,20.0,0.2,0.7,rayleigh,1.0,0.799970355855317,0.9081069557844099,532.0,810.0,809.0,0.405,0.85,0.47598236173391356,80000.0,16000.0,15999.554748535156,0.023355729341773872,0.02334577773629978,0.02408923030361906,0.9887698199530883,0.9883485165971166,1.0198227407746139,noon2,simple,0.6,0.38140492142945215,30000.0,6000.0,1.0,1e-06,1.0,1.0,0.0,0.0,0.0,0.0,0.0,0,1.5,psi4,6,16.002060947397013,19.952979247129885,130.15937734702007,16.02299731062933,19.981176268600862,130.57436126178752,0.020936363232315,0.02819702147097686,0.4149839147674575,0.9996132750272364,-1.0403727089545622,-1.0403727089545622,5999.793167114258,0.04758893523841547,1.5337378916339666,0.0,0.0,0.0
classical,0.0,20.0,0.2,0.7,rayleigh,1.0,0.799970355855317,0.9081069557844099,532.0,810.0,809.0,655.2899999999507,0.85,0.47598236173391356,80000.0,16000.0,16000.207321166992,0.023348374999477048,0.02333141252826918,0.02406647381684508,0.9884584722917804,0.9877403624285974,1.0188593400175232,-,simple,0.6,0.38140492142945215,30000.0,6000.0,1.0,1e-06,1.0,1.0,0.0,0.0,0.0,0.0,0.0,0,1.5,psi4,7,16.02583369749825,19.908197704436162,123.30299191758986,16.037519090786745,19.919098545366516,126.11054287356177,0.011685393288494087,0.01090084093035325,2.807550955971909,0.9838725752550574,-1.8740497356910315,-1.8740497356910315,,,,,,
quant_diff,0.0,20.0,0.2,0.7,rayleigh,1.0,0.799970355855317,0.9081069557844099,532.0,810.0,809.0,655.2899999999507,0.85,0.47598236173391356,80000.0,16000.0,16000.207321166992,0.04789688565480323,0.04779100071868246,0.05084092774169119,2497.6463900300314,2492.1248801271413,2651.167354699992,diff,simple,0.6,0.38140492142945215,30000.0,6000.0,1.0,1e-06,1.0,1.0,0.0,0.0,0.0,0.0,0.0,0,1.5,psi4,7,16.02583369749825,19.908197704436162,123.30299191758986,1997.929570327841,2505.510088322426,21166.83619236529,1981.9037366303428,2485.6018906179897,21043.533200447702,2505.3728088070993,-44.39873833899212,-44.39873833899212,6000.172866821289,nan,nan,0.0,0.0,0.0
hybrid_diff,0.0,20.0,0.2,0.7,rayleigh,1.0,0.799970355855317,0.9081069557844099,532.0,810.0,809.0,655.2899999999507,0.85,0.47598236173391356,80000.0,16000.0,16000.207321166992,0.023348374999477048,0.02333141252826918,0.02406647381684508,0.9884584722917804,0.9877403624285974,1.0188593400175232,diff,simple,0.6,0.38140492142945215,30000.0,6000.0,1.0,1e-06,1.0,1.0,0.0,0.0,0.0,0.0,0.0,0,1.5,psi4,7,16.02583369749825,19.908197704436162,123.30299191758986,384.4736510787605,487.52703196494764,4252.807748433295,368.4478173812622,467.6188342605115,4129.504756515706,486.8643135739958,1.3815807766825583,1.3815807766825583,6000.172866821289,0.04779100071868246,2492.1248801271413,0.0,0.0,0.0
quant_noon2,0.0,20.0,0.2,0.7,rayleigh,1.0,0.799970355855317,0.9081069557844099,532.0,810.0,809.0,0.405,0.85,0.47598236173391356,80000.0,16000.0,16000.207321166992,0.04768607503177524,0.047587353279784556,0.05068501680256979,1.536868597986503,1.5336869068854513,1.6335211203770128,noon2,simple,0.6,0.38140492142945215,30000.0,6000.0,1.0,1e-06,1.0,1.0,0.0,0.0,0.0,0.0,0.0,0,1.5,psi4,7,16.02583369749825,19.908197704436162,123.30299191758986,16.06954235611616,19.963465536964847,122.8048339542382,0.04370865861790928,0.05526783252868452,-0.49815796335166335,1.5174027397744148,-1.6635489624662605,-1.6635489624662605,6000.187103271484,nan,nan,0.0,0.0,0.0
hybrid_noon2,0.0,20.0,0.2,0.7,rayleigh,1.0,0.799970355855317,0.9081069557844099,532.0,810.0,809.0,0.405,0.85,0.47598236173391356,80000.0,16000.0,16000.207321166992,0.023348374999477048,0.02333141252826918,0.02406647381684508,0.9884584722917804,0.9877403624285974,1.0188593400175232,noon2,simple,0.6,0.38140492142945215,30000.0,6000.0,1.0,1e-06,1.0,1.0,0.0,0.0,0.0,0.0,0.0,0,1.5,psi4,7,16.02583369749825,19.908197704436162,123.30299191758986,16.037519090786745,19.919098545366516,126.11054287356177,0.011685393288494087,0.01090084093035325,2.807550955971909,0.9838725752550574,-1.8740497356910315,-1.8740497356910315,6000.187103271484,0.047587353279784556,1.5336869068854513,0.0,0.0,0.0
classical,0.0,20.0,0.2,0.7,rayleigh,1.0,0.799970355855317,0.9081069557844099,532.0,810.0,809.0,655.2899999999507,0.85,0.47598236173391356,80000.0,16000.0,15999.557662963867,0.02335564521915421,0.023345894411738663,0.02407936072707063,0.9887662586039104,0.9883534560768908,1.019404910130835,-,simple,0.6,0.38140492142945215,30000.0,6000.0,1.0,1e-06,1.0,1.0,0.0,0.0,0.0,0.0,0.0,0,1.5,psi4,8,15.715791139906884,19.741892577155458,135.8693639537235,15.74445486254912,19.770710443526465,134.81375211048177,0.028663722642236364,0.028817866371008242,-1.0556118432417319,0.9881440709206194,-1.6120295200951806,-1.6120295200951806,,,,,,
quant_diff,0.0,20.0,0.2,0.7,rayleigh,1.0,0.799970355855317,0.9081069557844099,532.0,810.0,809.0,655.2899999999507,0.85,0.47598236173391356,80000.0,16000.0,15999.557662963867,0.04792091405884968,0.04782584822309152,0.050915316055459764,2498.8993829084684,2493.9420492895815,2655.0464316129155,diff,simple,0.6,0.38140492142945215,30000.0,6000.0,1.0,1e-06,1.0,1.0,0.0,0.0,0.0,0.0,0.0,0,1.5,psi4,8,15.715791139906884,19.741892577155458,135.8693639537235,1983.168564629965,2490.146027905461,19285.396251834805,1967.452773490058,2470.404135328305,19149.52688788108,2490.0947604824264,77.64058062710416,77.64058062710416,5999.735305786133,nan,nan,0.0,0.0,0.0
hybrid_diff,0.0,20.0,0.2,0.7,rayleigh,1.0,0.799970355855317,0.9081069557844099,532.0,810.0,809.0,655.2899999999507,0.85,0.47598236173391356,80000.0,16000.0,15999.557662963867,0.02335564521915421,0.023345894411738663,0.02407936072707063,0.9887662586039104,0.9883534560768908,1.019404910130835,diff,simple,0.6,0.38140492142945215,30000.0,6000.0,1.0,1e-06,1.0,1.0,0.0,0.0,0.0,0.0,0.0,0,1.5,psi4,8,15.715791139906884,19.741892577155458,135.8693639537235,382.72406084238463,487.4324860929947,3961.5672955050136,367.0082697024777,467.6905935158392,3825.6979315512904,487.31558529065836,13.229823530592476,13.229823530592476,5999.735305786133,0.04782584822309152,2493.9420492895815,0.0,0.0,0.0
quant_noon2,0.0,20.0,0.2,0.7,rayleigh,1.0,0.799970355855317,0.9081069557844099,532.0,810.0,809.0,0.405,0.85,0.47598236173391356,80000.0,16000.0,15999.557662963867,0.04770051379182022,0.04759674164181954,0.05070571693141815,1.5373339429932418,1.5339894832410956,1.634188262262356,noon2,simple,0.6,0.38140492142945215,30000.0,6000.0,1.0,1e-06,1.0,1.0,0.0,0.0,0.0,0.0,0.0,0,1.5,psi4,8,15.715791139906884,19.741892577155458,135.8693639537235,15.772741372389577,19.815179565069094,140.21706158752858,0.05695023248269357,0.07328698791363945,4.347697633805075,1.5411902804366406,-1.7498923128641797,-1.7498923128641797,5999.767379760742,nan,nan,0.0,0.0,0.0
hybrid_noon2,0.0,20.0,0.2,0.7,rayleigh,1.0,0.799970355855317,0.9081069557844099,532.0,810.0,809.0,0.405,0.85,0.47598236173391356,80000.0,16000.0,15999.557662963867,0.02335564521915421,0.023345894411738663,0.02407936072707063,0.9887662586039104,0.9883534560768908,1.019404910130835,noon2,simple,0.6,0.38140492142945215,30000.0,6000.0,1.0,1e-06,1.0,1.0,0.0,0.0,0.0,0.0,0.0,0,1.5,psi4,8,15.715791139906884,19.741892577155458,135.8693639537235,15.74445486254912,19.770710443526465,134.81375211048177,0.028663722642236364,0.028817866371008242,-1.0556118432417319,0.9881440709206194,-1.6120295200951806,-1.6120295200951806,5999.767379760742,0.04759674164181954,1.5339894832410956,0.0,0.0,0.0
classical,0.0,20.0,0.2,0.7,rayleigh,1.0,0.799970355855317,0.9081069557844099,532.0,810.0,809.0,655.2899999999507,0.85,0.47598236173391356,80000.0,16000.0,15999.792205810547,0.02335646879016316,0.023342724346604504,0.024092313055760907,0.9888011246595287,0.9882192506883083,1.0199532497489068,-,simple,0.6,0.38140492142945215,30000.0,6000.0,1.0,1e-06,1.0,1.0,0.0,0.0,0.0,0.0,0.0,0,1.5,psi4,9,15.896610679050132,19.83373593075923,145.5413025997174,15.911960274148733,19.85252122428884,145.18019885345086,0.015349595098600248,0.01878529352961235,-0.3611037462665351,0.9885114765208394,-2.0164207407026904,-2.0164207407026904,,,,,,
quant_diff,0.0,20.0,0.2,0.7,rayleigh,1.0,0.799970355855317,0.9081069557844099,532.0,810.0,809.0,655.2899999999507,0.85,0.47598236173391356,80000.0,16000.0,15999.792205810547,0.04792334697920155,0.04781698612039012,0.05096291369807685,2499.026250754906,2493.4799232344603,2657.5284735793457,diff,simple,0.6,0.38140492142945215,30000.0,6000.0,1.0,1e-06,1.0,1.0,0.0,0.0,0.0,0.0,0.0,0,1.5,psi4,9,15.896610679050132,19.83373593075923,145.5413025997174,1986.0748354420734,2485.176841308926,19302.32011973696,1970.1782247630233,2465.343105378167,19156.77881713724,2485.161059174481,-46.44522126624289,-46.44522126624289,5999.895034790039,nan,nan,0.0,0.0,0.0
hybrid_diff,0.0,20.0,0.2,0.7,rayleigh,1.0,0.799970355855317,0.9081069557844099,532.0,810.0,809.0,655.2899999999507,0.85,0.47598236173391356,80000.0,16000.0,15999.792205810547,0.02335646879016316,0.023342724346604504,0.024092313055760907,0.9888011246595287,0.9882192506883083,1.0199532497489068,diff,simple,0.6,0.38140492142945215,30000.0,6000.0,1.0,1e-06,1.0,1.0,0.0,0.0,0.0,0.0,0.0,0,1.5,psi4,9,15.896610679050132,19.83373593075923,145.5413025997174,395.27015701506,495.820074145124,3969.6486133180033,379.3735463360099,475.98633821436476,3824.1073107182856,495.7425888532458,-3.1784429673295893,-3.1784429673295893,5999.895034790039,0.04781698612039012,2493.4799232344603,0.0,0.0,0.0
quant_noon2,0.0,20.0,0.2,0.7,rayleigh,1.0,0.799970355855317,0.9081069557844099,532.0,810.0,809.0,0.405,0.85,0.47598236173391356,80000.0,16000.0,15999.792205810547,0.04772468177754294,0.04763100214766098,0.05071391325138753,1.5381128500076913,1.535093660834738,1.6344524204421098,noon2,simple,0.6,0.38140492142945215,30000.0,6000.0,1.0,1e-06,1.0,1.0,0.0,0.0,0.0,0.0,0.0,0,1.5,psi4,9,15.896610679050132,19.83373593075923,145.5413025997174,15.932858285610479,19.878893735355405,147.49521979285336,0.03624760656034691,0.04515780459617489,1.9539171931359616,1.5497701048441321,-1.870129775996834,-1.870129775996834,5999.850448608398,nan,nan,0.0,0.0,0.0
hybrid_noon2,0.0,20.0,0.2,0.7,rayleigh,1.0,0.799970355855317,0.9081069557844099,532.0,810.0,809.0,0.405,0.85,0.47598236173391356,80000.0,16000.0,15999.792205810547,0.02335646879016316,0.023342724346604504,0.024092313055760907,0.9888011246595287,0.9882192506883083,1.0199532497489068,noon2,simple,0.6,0.38140492142945215,30000.0,6000.0,1.0,1e-06,1.0,1.0,0.0,0.0,0.0,0.0,0.0,0,1.5,psi4,9,15.896610679050132,19.83373593075923,145.5413025997174,15.911960274148733,19.85252122428884,145.18019885345086,0.015349595098600248,0.01878529352961235,-0.3611037462665351,0.9885114765208394,-2.0164207407026904,-2.0164207407026904,5999.850448608398,0.04763100214766098,1.535093660834738,0.0,0.0,0.0
classical,0.0,50.0,1.0,1.0,rayleigh,1.0,0.24786307681935704,0.5474648795588514,532.0,810.0,809.0,655.2899999999507,0.85,0.2106836152964535,80000.0,80000.0,79998.4072265625,0.023706256753841984,0.023685947442373595,0.024442720796454865,1.0036094732581686,1.002749674193446,1.0347878367406491,-,simple,0.6,0.3284789277353108,30000.0,30000.0,1.0,1e-06,1.0,1.0,0.0,0.0,0.0,0.0,0.0,0,1.5,psi4,0,40.326400203266125,49.86672817706558,340.7911930307616,40.32170061310196,49.86914740625132,339.92025699589993,-0.004699590164163327,0.002419229185741355,-0.8709360348616935,1.010404962932869,-3.2290944082772217,-3.2290944082772217,,,,,,
quant_diff,0.0,50.0,1.0,1.0,rayleigh,1.0,0.24786307681935704,0.5474648795588514,532.0,810.0,809.0,655.2899999999507,0.85,0.2106836152964535,80000.0,80000.0,79998.4072265625,0.024857391616715796,0.02483822953430822,0.02565880115369112,1296.2215306545074,1295.222298547943,1338.0120898860205,diff,simple,0.6,0.3284789277353108,30000.0,30000.0,1.0,1e-06,1.0,1.0,0.0,0.0,0.0,0.0,0.0,0,1.5,psi4,0,40.326400203266125,49.86672817706558,340.7911930307616,1030.7586943732638,1290.1852703105235,10464.938621085807,990.4322941699975,1240.3185421334579,10124.147428055045,1288.732240812706,-4.750094002764025,-4.750094002764025,29999.08561706543,nan,nan,0.0,0.0,0.0
hybrid_diff,0.0,50.0,1.0,1.0,rayleigh,1.0,0.24786307681935704,0.5474648795588514,532.0,810.0,809.0,655.2899999999507,0.85,0.2106836152964535,80000.0,80000.0,79998.4072265625,0.023706256753841984,0.023685947442373595,0.024442720796454865,1.0036094732581686,1.002749674193446,1.0347878367406491,diff,simple,0.6,0.3284789277353108,30000.0,30000.0,1.0,1e-06,1.0,1.0,0.0,0.0,0.0,0.0,0.0,0,1.5,psi4,0,40.326400203266125,49.86672817706558,340.7911930307616,204.85405726065218,262.7797714788402,2029.1417150041543,164.52765705738605,212.91304330177465,1688.3505219733927,257.25747404261193,14.851173925082925,14.851173925082925,29999.08561706543,0.02483822953430822,1295.222298547943,0.0,0.0,0.0
quant_noon2,0.0,50.0,1.0,1.0,rayleigh,1.0,0.24786307681935704,0.5474648795588514,532.0,810.0,809.0,0.405,0.85,0.2106836152964535,80000.0,80000.0,79998.4072265625,0.024778779702361482,0.024764923565459097,0.025581900894973485,0.7985922178667306,0.7981456501489957,0.8244759111772074,noon2,simple,0.6,0.3284789277353108,30000.0,30000.0,1.0,1e-06,1.0,1.0,0.0,0.0,0.0,0.0,0.0,0,1.5,psi4,0,40.326400203266125,49.86672817706558,340.7911930307616,40.32549220153163,49.866384348150355,338.01259906214705,-0.0009080017344901422,-0.00034382891522368315,-2.7785939686145285,0.8007823338285984,-3.260755358468213,-3.260755358468213,29999.075576782227,nan,nan,0.0,0.0,0.0
hybrid_noon2,0.0,50.0,1.0,1.0,rayleigh,1.0,0.24786307681935704,0.5474648795588514,532.0,810.0,809.0,0.405,0.85,0.2106836152964535,80000.0,80000.0,79998.4072265625,0.023706256753841984,0.023685947442373595,0.024442720796454865,1.0036094732581686,1.002749674193446,1.0347878367406491,noon2,simple,0.6,0.3284789277353108,30000.0,30000.0,1.0,1e-06,1.0,1.0,0.0,0.0,0.0,0.0,0.0,0,1.5,psi4,0,40.326400203266125,49.86672817706558,340.7911930307616,40.32170061310196,49.86914740625132,339.92025699589993,-0.004699590164163327,0.002419229185741355,-0.8709360348616405,1.010404962932869,-3.2290944082772217,-3.2290944082772217,29999.075576782227,0.024764923565459097,0.7981456501489957,0.0,0.0,0.0
classical,0.0,50.0,1.0,1.0,rayleigh,1.0,0.24786307681935704,0.5474648795588514,532.0,810.0,809.0,655.2899999999507,0.85,0.2106836152964535,80000.0,80000.0,80001.50213623047,0.023709885582208164,0.023701953319082432,0.024446043495210488,1.0037631004867498,1.0034272864229763,1.0349285039063916,-,simple,0.6,0.3284789277353108,30000.0,30000.0,1.0,1e-06,1.0,1.0,0.0,0.0,0.0,0.0,0.0,0,1.5,psi4,1,39.65963079405401,49.95750257208303,350.5167686648905,39.66720074282012,49.97004124608984,350.0376900809246,0.007569948766111421,0.012538674006807166,-0.479078583965854,1.0035625682782696,2.383467568078209,2.383467568078209,,,,,,
quant_diff,0.0,50.0,1.0,1.0,rayleigh,1.0,0.24786307681935704,0.5474648795588514,532.0,810.0,809.0,655.2899999999507,0.85,0.2106836152964535,80000.0,80000.0,80001.50213623047,0.024866921339989377,0.024847594928410488,0.025673191407921816,1296.7184706665116,1295.7106693981755,1338.7624887071452,diff,simple,0.6,0.3284789277353108,30000.0,30000.0,1.0,1e-06,1.0,1.0,0.0,0.0,0.0,0.0,0.0,0,1.5,psi4,1,39.65963079405401,49.95750257208303,350.5167686648905,1027.4376069745256,1291.2430036634385,10023.24436741089,987.7779761804717,1241.2855010913554,9672.727598746002,1290.7963748861773,-7.655467586496109,-7.655467586496109,30000.840530395508,nan,nan,0.0,0.0,0.0
hybrid_diff,0.0,50.0,1.0,1.0,rayleigh,1.0,0.24786307681935704,0.5474648795588514,532.0,810.0,809.0,655.2899999999507,0.85,0.2106836152964535,80000.0,80000.0,80001.50213623047,0.023709885582208164,0.023701953319082432,0.024446043495210488,1.0037631004867498,1.0034272864229763,1.0349285039063916,diff,simple,0.6,0.3284789277353108,30000.0,30000.0,1.0,1e-06,1.0,1.0,0.0,0.0,0.0,0.0,0.0,0,1.5,psi4,1,39.65963079405401,49.95750257208303,350.5167686648905,199.36134735557536,260.1209966036226,1944.4187425252273,159.70171656152135,210.16349403153959,1593.9019738603367,258.4138303363114,-1.1284211424625412,-1.1284211424625412,30000.840530395508,0.024847594928410488,1295.7106693981755,0.0,0.0,0.0
quant_noon2,0.0,50.0,1.0,1.0,rayleigh,1.0,0.24786307681935704,0.5474648795588514,532.0,810.0,809.0,0.405,0.85,0.2106836152964535,80000.0,80000.0,80001.50213623047,0.024778856379557283,0.024765084366569906,0.025580601332482595,0.7985946890865644,0.7981508325880526,0.8244340277388652,noon2,simple,0.6,0.3284789277353108,30000.0,30000.0,1.0,1e-06,1.0,1.0,0.0,0.0,0.0,0.0,0.0,0,1.5,psi4,1,39.65963079405401,49.95750257208303,350.5167686648905,39.668004100679646,49.963055695936966,352.18853225193357,0.008373306625634671,0.005553123853931759,1.6717635870430967,0.8014023597682761,2.42590856297798,2.42590856297798,30000.90769958496,nan,nan,0.0,0.0,0.0
hybrid_noon2,0.0,50.0,1.0,1.0,rayleigh,1.0,0.24786307681935704,0.5474648795588514,532.0,810.0,809.0,0.405,0.85,0.2106836152964535,80000.0,80000.0,80001.50213623047,0.023709885582208164,0.023701953319082432,0.024446043495210488,1.0037631004867498,1.0034272864229763,1.0349285039063916,noon2,simple,0.6,0.3284789277353108,30000.0,30000.0,1.0,1e-06,1.0,1.0,0.0,0.0,0.0,0.0,0.0,0,1.5,psi4,1,39.65963079405401,49.95750257208303,350.5167686648905,39.66720074282012,49.97004124608984,350.03769008092456,0.007569948766111421,0.012538674006807166,-0.47907858396590697,1.0035625682782696,2.383467568078209,2.383467568078209,30000.90769958496,0.024765084366569906,0.7981508325880526,0.0,0.0,0.0
classical,0.0,50.0,1.0,1.0,rayleigh,1.0,0.24786307681935704,0.5474648795588514,532.0,810.0,809.0,655.2899999999507,0.85,0.2106836152964535,80000.0,80000.0,79999.86109924316,0.023706490678659826,0.023697131035730942,0.024434833936839644,1.0036193765155934,1.0032231340211635,1.034453944844249,-,simple,0.6,0.3284789277353108,30000.0,30000.0,1.0,1e-06,1.0,1.0,0.0,0.0,0.0,0.0,0.0,0,1.5,psi4,2,40.21574153903211,49.80529700338696,318.2399264316901,40.21835271252603,49.808545268652296,318.56982955137255,0.002611173493915673,0.0032482652653376093,0.32990311968244257,1.0190966538289443,4.721904653513127,4.721904653513127,,,,,,
quant_diff,0.0,50.0,1.0,1.0,rayleigh,1.0,0.24786307681935704,0.5474648795588514,532.0,810.0,809.0,655.2899999999507,0.85,0.2106836152964535,80000.0,80000.0,79999.86109924316,0.02486683959950897,0.024855807964796837,0.02565765393958264,1296.7142082011542,1296.1389490326678,1337.9522668904863,diff,simple,0.6,0.3284789277353108,30000.0,30000.0,1.0,1e-06,1.0,1.0,0.0,0.0,0.0,0.0,0.0,0,1.5,psi4,2,40.21574153903211,49.80529700338696,318.2399264316901,1033.539472910565,1295.4645461748328,9841.864858307104,993.3237313715329,1245.6592491714457,9523.624931875414,1294.2032963805243,26.486879002274332,26.486879002274332,30000.513870239258,nan,nan,0.0,0.0,0.0
hybrid_diff,0.0,50.0,1.0,1.0,rayleigh,1.0,0.24786307681935704,0.5474648795588514,532.0,810.0,809.0,655.2899999999507,0.85,0.2106836152964535,80000.0,80000.0,79999.86109924316,0.023706490678659826,0.023697131035730942,0.024434833936839644,1.0036193765155934,1.0032231340211635,1.034453944844249,diff,simple,0.6,0.3284789277353108,30000.0,30000.0,1.0,1e-06,1.0,1.0,0.0,0.0,0.0,0.0,0.0,0,1.5,psi4,2,40.21574153903211,49.80529700338696,318.2399264316901,199.79301749667604,260.97964626827957,2227.1825112782903,159.57727595764393,211.1743492648926,1908.9425848466,255.75136355902362,7.717597975279957,7.717597975279957,30000.513870239258,0.024855807964796837,1296.1389490326678,0.0,0.0,0.0
quant_noon2,0.0,50.0,1.0,1.0,rayleigh,1.0,0.24786307681935704,0.5474648795588514,532.0,810.0,809.0,0.405,0.85,0.2106836152964535,80000.0,80000.0,79999.86109924316,0.024777278069629084,0.024766818959154936,0.025573726233402025,0.7985438219316364,0.7982067365573448,0.8242124510232742,noon2,simple,0.6,0.3284789277353108,30000.0,30000.0,1.0,1e-06,1.0,1.0,0.0,0.0,0.0,0.0,0.0,0,1.5,psi4,2,40.21574153903211,49.80529700338696,318.2399264316901,40.2130189603397,49.80121229095974,318.9827508133319,-0.0027225786924074485,-0.004084712427220827,0.7428243816418305,0.8027163917287435,4.5213927713519,4.5213927713519,29999.95556640625,nan,nan,0.0,0.0,0.0
hybrid_noon2,0.0,50.0,1.0,1.0,rayleigh,1.0,0.24786307681935704,0.5474648795588514,532.0,810.0,809.0,0.405,0.85,0.2106836152964535,80000.0,80000.0,79999.86109924316,0.023706490678659826,0.023697131035730942,0.024434833936839644,1.0036193765155934,1.0032231340211635,1.034453944844249,noon2,simple,0.6,0.3284789277353108,30000.0,30000.0,1.0,1e-06,1.0,1.0,0.0,0.0,0.0,0.0,0.0,0,1.5,psi4,2,40.21574153903211,49.80529700338696,318.2399264316901,40.21835271252603,49.80854526865229,318.56982955137255,0.002611173493915673,0.0032482652653309917,0.32990311968244257,1.019096653828944,4.721904653513145,4.721904653513145,29999.95556640625,0.024766818959154936,0.7982067365573448,0.0,0.0,0.0
classical,0.0,50.0,1.0,1.0,rayleigh,1.0,0.24786307681935704,0.5474648795588514,532.0,810.0,809.0,655.2899999999507,0.85,0.2106836152964535,80000.0,80000.0,79998.96620178223,0.023699866266989195,0.023688740477616793,0.024430490030386786,1.0033389306241802,1.0028679179405855,1.0342700446312247,-,simple,0.6,0.3284789277353108,30000.0,30000.0,1.0,1e-06,1.0,1.0,0.0,0.0,0.0,0.0,0.0,0,1.5,psi4,3,40.4367633925367,49.99767052675088,310.6233222073913,40.444414732503766,50.00908444251445,313.5451182779677,0.007651339967069777,0.011413915763571491,2.921796070576353,1.0012599864576885,1.8173980078102774,1.8173980078102774,,,,,,
quant_diff,0.0,50.0,1.0,1.0,rayleigh,1.0,0.24786307681935704,0.5474648795588514,532.0,810.0,809.0,655.2899999999507,0.85,0.2106836152964535,80000.0,80000.0,79998.96620178223,0.02486711106024605,0.024852264676892118,0.02567538409691633,1296.7283638799786,1295.954179603026,1338.8768293720286,diff,simple,0.6,0.3284789277353108,30000.0,30000.0,1.0,1e-06,1.0,1.0,0.0,0.0,0.0,0.0,0.0,0,1.5,psi4,3,40.4367633925367,49.99767052675088,310.6233222073913,1038.5261199317383,1303.074223869045,9365.249770171546,998.0893565392014,1253.0765533422941,9054.626447964154,1302.3631977945352,5.247985993602377,5.247985993602377,30000.463928222656,nan,nan,0.0,0.0,0.0
hybrid_diff,0.0,50.0,1.0,1.0,rayleigh,1.0,0.24786307681935704,0.5474648795588514,532.0,810.0,809.0,655.2899999999507,0.85,0.2106836152964535,80000.0,80000.0,79998.96620178223,0.023699866266989195,0.023688740477616793,0.024430490030386786,1.0033389306241802,1.0028679179405855,1.0342700446312247,diff,simple,0.6,0.3284789277353108,30000.0,30000.0,1.0,1e-06,1.0,1.0,0.0,0.0,0.0,0.0,0.0,0,1.5,psi4,3,40.4367633925367,49.99767052675088,310.6233222073913,206.577252982471,267.6568903965195,2204.99448186546,166.1404895899343,217.65921986976858,1894.3711596580688,264.7718114019153,-0.31625287378176375,-0.31625287378176375,30000.463928222656,0.024852264676892118,1295.954179603026,0.0,0.0,0.0
quant_noon2,0.0,50.0,1.0,1.0,rayleigh,1.0,0.24786307681935704,0.5474648795588514,532.0,810.0,809.0,0.405,0.85,0.2106836152964535,80000.0,80000.0,79998.96620178223,0.02478281443225048,0.024769915254190263,0.02559375029916871,0.7987222526759201,0.7983065266660236,0.8248578041554061,noon2,simple,0.6,0.3284789277353108,30000.0,30000.0,1.0,1e-06,1.0,1.0,0.0,0.0,0.0,0.0,0.0,0,1.5,psi4,3,40.4367633925367,49.99767052675088,310.6233222073913,40.44533576375115,50.01154689910823,312.2246208669128,0.00857237121445842,0.013876372357354026,1.6012986595215162,0.8069301157350419,1.929223274265511,1.929223274265511,29999.39030456543,nan,nan,0.0,0.0,0.0
hybrid_noon2,0.0,50.0,1.0,1.0,rayleigh,1.0,0.24786307681935704,0.5474648795588514,532.0,810.0,809.0,0.405,0.85,0.2106836152964535,80000.0,80000.0,79998.96620178223,0.023699866266989195,0.023688740477616793,0.024430490030386786,1.0033389306241802,1.0028679179405855,1.0342700446312247,noon2,simple,0.6,0.3284789277353108,30000.0,30000.0,1.0,1e-06,1.0,1.0,0.0,0.0,0.0,0.0,0.0,0,1.5,psi4,3,40.4367633925367,49.99767052675088,310.6233222073913,40.444414732503766,50.00908444251445,313.5451182779677,0.007651339967069777,0.011413915763571491,2.921796070576353,1.0012599864576885,1.8173980078102208,1.8173980078102208,29999.39030456543,0.024769915254190263,0.7983065266660236,0.0,0.0,0.0
classical,0.0,50.0,1.0,1.0,rayleigh,1.0,0.24786307681935704,0.5474648795588514,532.0,810.0,809.0,655.2899999999507,0.85,0.2106836152964535,80000.0,80000.0,80001.73538208008,0.023702629640733785,0.02369631395373151,0.0244300173780896,1.0034559186454026,1.0031885426791574,1.0342500347946681,-,simple,0.6,0.3284789277353108,30000.0,30000.0,1.0,1e-06,1.0,1.0,0.0,0.0,0.0,0.0,0.0,0,1.5,psi4,4,40.40011057790714,49.93013179138292,310.1971324873092,40.40747753942065,49.94336245770142,310.72661808869765,0.007366961513505446,0.013230666318496459,0.5294856013884196,1.0038163140573895,-10.741225666235948,-10.741225666235948,,,,,,
quant_diff,0.0,50.0,1.0,1.0,rayleigh,1.0,0.24786307681935704,0.5474648795588514,532.0,810.0,809.0,655.2899999999507,0.85,0.2106836152964535,80000.0,80000.0,80001.73538208008,0.024861842032752095,0.024845297117785714,0.025666555528176215,1296.4536034791859,1295.5908470269821,1338.4164519896283,diff,simple,0.6,0.3284789277353108,30000.0,30000.0,1.0,1e-06,1.0,1.0,0.0,0.0,0.0,0.0,0.0,0,1.5,psi4,4,40.40011057790714,49.93013179138292,310.1971324873092,1035.953179002751,1290.2669962607506,10748.156464774955,995.553068424844,1240.3368644693678,10437.959332287646,1289.6256940507276,5.099749472550281,5.099749472550281,30000.86085510254,nan,nan,0.0,0.0,0.0
hybrid_diff,0.0,50.0,1.0,1.0,rayleigh,1.0,0.24786307681935704,0.5474648795588514,532.0,810.0,809.0,655.2899999999507,0.85,0.2106836152964535,80000.0,80000.0,80001.73538208008,0.023702629640733785,0.02369631395373151,0.0244300173780896,1.0034559186454026,1.0031885426791574,1.0342500347946681,diff,simple,0.6,0.3284789277353108,30000.0,30000.0,1.0,1e-06,1.0,1.0,0.0,0.0,0.0,0.0,0.0,0,1.5,psi4,4,40.40011057790714,49.93013179138292,310.1971324873092,200.80572389128412,260.8243085806891,1947.5851681076576,160.405613313377,210.8941767893062,1637.3880356203483,258.34424980861445,-28.261579918262882,-28.261579918262882,30000.86085510254,0.024845297117785714,1295.5908470269821,0.0,0.0,0.0
quant_noon2,0.0,50.0,1.0,1.0,rayleigh,1.0,0.24786307681935704,0.5474648795588514,532.0,810.0,809.0,0.405,0.85,0.2106836152964535,80000.0,80000.0,80001.73538208008,0.02478534757396564,0.0247703298601209,0.025595890298915427,0.7988038929860881,0.7983198889491412,0.8249267739418319,noon2,simple,0.6,0.3284789277353108,30000.0,30000.0,1.0,1e-06,1.0,1.0,0.0,0.0,0.0,0.0,0.0,0,1.5,psi4,4,40.40011057790714,49.93013179138292,310.1971324873092,40.39527191052638,49.92785973817565,309.4305733062552,-0.004838667380760121,-0.0022720532072708836,-0.7665591810540183,0.8030055412439577,-10.87045490098109,-10.87045490098109,30000.76527404785,nan,nan,0.0,0.0,0.0
hybrid_noon2,0.0,50.0,1.0,1.0,rayleigh,1.0,0.24786307681935704,0.5474648795588514,532.0,810.0,809.0,0.405,0.85,0.2106836152964535,80000.0,80000.0,80001.73538208008,0.023702629640733785,0.02369631395373151,0.0244300173780896,1.0034559186454026,1.0031885426791574,1.0342500347946681,noon2,simple,0.6,0.3284789277353108,30000.0,30000.0,1.0,1e-06,1.0,1.0,0.0,0.0,0.0,0.0,0.0,0,1.5,psi4,4,40.40011057790714,49.93013179138292,310.1971324873092,40.40747753942065,49.94336245770142,310.72661808869765,0.007366961513505446,0.013230666318496459,0.5294856013884196,1.0038163140573895,-10.741225666235948,-10.741225666235948,30000.76527404785,0.0247703298601209,0.7983198889491412,0.0,0.0,0.0
classical,0.0,50.0,1.0,1.0,rayleigh,1.0,0.24786307681935704,0.5474648795588514,532.0,810.0,809.0,655.2899999999507,0.85,0.2106836152964535,80000.0,80000.0,80000.15394592285,0.023712238705101446,0.02369684201566239,0.024437361069541544,1.0038627204500346,1.0032108982944616,1.0345609315501696,-,simple,0.6,0.3284789277353108,30000.0,30000.0,1.0,1e-06,1.0,1.0,0.0,0.0,0.0,0.0,0.0,0,1.5,psi4,5,39.89497650754211,49.20089138911356,310.7799897363645,39.90656165631563,49.217435530040305,311.8255685098175,0.011585148773519105,0.016544140926747376,1.0455787734530209,1.007081467105609,-9.961771334917392,-9.961771334917392,,,,,,
quant_diff,0.0,50.0,1.0,1.0,rayleigh,1.0,0.24786307681935704,0.5474648795588514,532.0,810.0,809.0,655.2899999999507,0.85,0.2106836152964535,80000.0,80000.0,80000.15394592285,0.024868583746606856,0.024853809426154876,0.02566076795316419,1296.8051590561665,1296.034732594455,1338.1146512433334,diff,simple,0.6,0.3284789277353108,30000.0,30000.0,1.0,1e-06,1.0,1.0,0.0,0.0,0.0,0.0,0.0,0,1.5,psi4,5,39.89497650754211,49.20089138911356,310.7799897363645,1024.5831605042051,1285.829470341204,10226.8739142829,984.6881839966629,1236.6285789520903,9916.093924546534,1284.9980050726967,-15.77939462344956,-15.77939462344956,30000.051513671875,nan,nan,0.0,0.0,0.0
hybrid_diff,0.0,50.0,1.0,1.0,rayleigh,1.0,0.24786307681935704,0.5474648795588514,532.0,810.0,809.0,655.2899999999507,0.85,0.2106836152964535,80000.0,80000.0,80000.15394592285,0.023712238705101446,0.02369684201566239,0.024437361069541544,1.0038627204500346,1.0032108982944616,1.0345609315501696,diff,simple,0.6,0.3284789277353108,30000.0,30000.0,1.0,1e-06,1.0,1.0,0.0,0.0,0.0,0.0,0.0,0,1.5,psi4,5,39.89497650754211,49.20089138911356,310.7799897363645,204.88460649536015,266.021145108913,2536.7162294977325,164.98962998781803,216.82025371979944,2225.9362397613677,262.97978100100073,-22.824020750677533,-22.824020750677533,30000.051513671875,0.024853809426154876,1296.034732594455,0.0,0.0,0.0
quant_noon2,0.0,50.0,1.0,1.0,rayleigh,1.0,0.24786307681935704,0.5474648795588514,532.0,810.0,809.0,0.405,0.85,0.2106836152964535,80000.0,80000.0,80000.15394592285,0.024782884749252228,0.024765973438993925,0.025583955947817413,0.7987245189138485,0.7981794863929401,0.8245421432204387,noon2,simple,0.6,0.3284789277353108,30000.0,30000.0,1.0,1e-06,1.0,1.0,0.0,0.0,0.0,0.0,0.0,0,1.5,psi4,5,39.89497650754211,49.20089138911356,310.7799897363645,39.895234698248636,49.210968618974285,309.717585806075,0.000258190706526145,0.010077229860726665,-1.0624039302894759,0.7938998970957076,-10.174913815554744,-10.174913815554744,30000.083770751953,nan,nan,0.0,0.0,0.0
hybrid_noon2,0.0,50.0,1.0,1.0,rayleigh,1.0,0.24786307681935704,0.5474648795588514,532.0,810.0,809.0,0.405,0.85,0.2106836152964535,80000.0,80000.0,80000.15394592285,0.023712238705101446,0.02369684201566239,0.024437361069541544,1.0038627204500346,1.0032108982944616,1.0345609315501696,noon2,simple,0.6,0.3284789277353108,30000.0,30000.0,1.0,1e-06,1.0,1.0,0.0,0.0,0.0,0.0,0.0,0,1.5,psi4,5,39.89497650754211,49.20089138911356,310.7799897363645,39.90656165631563,49.217435530040305,311.8255685098176,0.011585148773519105,0.016544140926747376,1.045578773453074,1.007081467105609,-9.961771334917392,-9.961771334917392,30000.083770751953,0.024765973438993925,0.7981794863929401,0.0,0.0,0.0
classical,0.0,50.0,1.0,1.0,rayleigh,1.0,0.24786307681935704,0.5474648795588514,532.0,810.0,809.0,655.2899999999507,0.85,0.2106836152964535,80000.0,80000.0,79997.14851379395,0.02371248823210801,0.023694647457396363,0.02444400738069949,1.0038732842294715,1.0031179911987413,1.034842304561084,-,simple,0.6,0.3284789277353108,30000.0,30000.0,1.0,1e-06,1.0,1.0,0.0,0.0,0.0,0.0,0.0,0,1.5,psi4,6,40.00515236849254,49.88244811782471,325.39844336755016,40.006861244963474,49.881713772224444,326.3806612037703,0.0017088764709306573,-0.0007343456002643697,0.982217836220143,1.0030985950734113,-2.467070485338108,-2.467070485338108,,,,,,
quant_diff,0.0,50.0,1.0,1.0,rayleigh,1.0,0.24786307681935704,0.5474648795588514,532.0,810.0,809.0,655.2899999999507,0.85,0.2106836152964535,80000.0,80000.0,79997.14851379395,0.024867208597898552,0.02485287105856282,0.025673566826035537,1296.7334501097475,1295.9858001764746,1338.7820653807362,diff,simple,0.6,0.3284789277353108,30000.0,30000.0,1.0,1e-06,1.0,1.0,0.0,0.0,0.0,0.0,0.0,0,1.5,psi4,6,40.00515236849254,49.88244811782471,325.39844336755016,1029.4982712492254,1289.3283036404405,9463.253580022098,989.4931188807328,1239.4458555226158,9137.855136654547,1287.8634584807355,-18.545355320641402,-18.545355320641402,29999.385360717773,nan,nan,0.0,0.0,0.0
hybrid_diff,0.0,50.0,1.0,1.0,rayleigh,1.0,0.24786307681935704,0.5474648795588514,532.0,810.0,809.0,655.2899999999507,0.85,0.2106836152964535,80000.0,80000.0,79997.14851379395,0.02371248823210801,0.023694647457396363,0.02444400738069949,1.0038732842294715,1.0031179911987413,1.034842304561084,diff,simple,0.6,0.3284789277353108,30000.0,30000.0,1.0,1e-06,1.0,1.0,0.0,0.0,0.0,0.0,0.0,0,1.5,psi4,6,40.00515236849254,49.88244811782471,325.39844336755016,206.82530519798132,264.5203743128173,2286.3956052505864,166.8201528294888,214.63792619499256,1960.9971618830361,258.43997658562535,-17.373369532371193,-17.373369532371193,29999.385360717773,0.02485287105856282,1295.9858001764746,0.0,0.0,0.0
quant_noon2,0.0,50.0,1.0,1.0,rayleigh,1.0,0.24786307681935704,0.5474648795588514,532.0,810.0,809.0,0.405,0.85,0.2106836152964535,80000.0,80000.0,79997.14851379395,0.02478526504908535,0.024778882389083913,0.025580582323047836,0.7988012333019562,0.7985955273443722,0.8244334150861501,noon2,simple,0.6,0.3284789277353108,30000.0,30000.0,1.0,1e-06,1.0,1.0,0.0,0.0,0.0,0.0,0.0,0,1.5,psi4,6,40.00515236849254,49.88244811782471,325.39844336755016,40.00767167034764,49.8789469268961,326.2715109743087,0.0025193018550988227,-0.0035011909286123584,0.873067606758541,0.8011274277042703,-2.5199515488395052,-2.5199515488395052,29999.332290649414,nan,nan,0.0,0.0,0.0
hybrid_noon2,0.0,50.0,1.0,1.0,rayleigh,1.0,0.24786307681935704,0.5474648795588514,532.0,810.0,809.0,0.405,0.85,0.2106836152964535,80000.0,80000.0,79997.14851379395,0.02371248823210801,0.023694647457396363,0.02444400738069949,1.0038732842294715,1.0031179911987413,1.034842304561084,noon2,simple,0.6,0.3284789277353108,30000.0,30000.0,1.0,1e-06,1.0,1.0,0.0,0.0,0.0,0.0,0.0,0,1.5,psi4,6,40.00515236849254,49.88244811782471,325.39844336755016,40.006861244963474,49.881713772224444,326.3806612037703,0.0017088764709306573,-0.0007343456002643697,0.982217836220143,1.0030985950734113,-2.467070485338108,-2.467070485338108,29999.332290649414,0.024778882389083913,0.7985955273443722,0.0,0.0,0.0
classical,0.0,50.0,1.0,1.0,rayleigh,1.0,0.24786307681935704,0.5474648795588514,532.0,810.0,809.0,655.2899999999507,0.85,0.2106836152964535,80000.0,80000.0,80000.47438049316,0.023702848985387315,0.023688019447397596,0.02443022292541581,1.0034652046484387,1.0028373929713332,1.0342587366848877,-,simple,0.6,0.3284789277353108,30000.0,30000.0,1.0,1e-06,1.0,1.0,0.0,0.0,0.0,0.0,0.0,0,1.5,psi4,7,40.064584243745635,49.770494261090406,308.2574797939747,40.0596738943966,49.78365351873208,308.214512991588,-0.004910349349034753,0.01315925764167002,-0.04296680238669247,1.000929643521616,-4.600405813994496,-4.600405813994496,,,,,,
quant_diff,0.0,50.0,1.0,1.0,rayleigh,1.0,0.24786307681935704,0.5474648795588514,532.0,810.0,809.0,655.2899999999507,0.85,0.2106836152964535,80000.0,80000.0,80000.47438049316,0.024858466011151468,0.02483585362116098,0.025660048214684626,1296.2775563719845,1295.0984034175162,1338.077119529305,diff,simple,0.6,0.3284789277353108,30000.0,30000.0,1.0,1e-06,1.0,1.0,0.0,0.0,0.0,0.0,0.0,0,1.5,psi4,7,40.064584243745635,49.770494261090406,308.2574797939747,1032.5277964042734,1296.1667173342269,10580.463042826399,992.4632121605277,1246.3962230731365,10272.205563032425,1294.9471732054897,-6.169789036107619,-6.169789036107619,30000.33836364746,nan,nan,0.0,0.0,0.0
hybrid_diff,0.0,50.0,1.0,1.0,rayleigh,1.0,0.24786307681935704,0.5474648795588514,532.0,810.0,809.0,655.2899999999507,0.85,0.2106836152964535,80000.0,80000.0,80000.47438049316,0.023702848985387315,0.023688019447397596,0.02443022292541581,1.0034652046484387,1.0028373929713332,1.0342587366848877,diff,simple,0.6,0.3284789277353108,30000.0,30000.0,1.0,1e-06,1.0,1.0,0.0,0.0,0.0,0.0,0.0,0,1.5,psi4,7,40.064584243745635,49.770494261090406,308.2574797939747,200.21512778882837,261.10355115338183,2002.8413019475888,160.1505435450827,211.3330568922914,1694.5838221536142,256.1951393231588,-2.620460130577074,-2.620460130577074,30000.33836364746,0.02483585362116098,1295.0984034175162,0.0,0.0,0.0
quant_noon2,0.0,50.0,1.0,1.0,rayleigh,1.0,0.24786307681935704,0.5474648795588514,532.0,810.0,809.0,0.405,0.85,0.2106836152964535,80000.0,80000.0,80000.47438049316,0.024773194336846594,0.02476230999956015,0.025556874630251827,0.79841220781427,0.798061417857783,0.8236693427953479,noon2,simple,0.6,0.3284789277353108,30000.0,30000.0,1.0,1e-06,1.0,1.0,0.0,0.0,0.0,0.0,0.0,0,1.5,psi4,7,40.064584243745635,49.770494261090406,308.2574797939747,40.06316288956293,49.77903207912662,308.78412357935076,-0.0014213541827039053,0.00853781803621518,0.5266437853760598,0.7979190162860027,-4.776262122636371,-4.776262122636371,30000.28775024414,nan,nan,0.0,0.0,0.0
hybrid_noon2,0.0,50.0,1.0,1.0,rayleigh,1.0,0.24786307681935704,0.5474648795588514,532.0,810.0,809.0,0.405,0.85,0.2106836152964535,80000.0,80000.0,80000.47438049316,0.023702848985387315,0.023688019447397596,0.02443022292541581,1.0034652046484387,1.0028373929713332,1.0342587366848877,noon2,simple,0.6,0.3284789277353108,30000.0,30000.0,1.0,1e-06,1.0,1.0,0.0,0.0,0.0,0.0,0.0,0,1.5,psi4,7,40.064584243745635,49.770494261090406,308.2574797939747,40.0596738943966,49.78365351873208,308.214512991588,-0.004910349349034753,0.01315925764167002,-0.04296680238669247,1.000929643521616,-4.600405813994496,-4.600405813994496,30000.28775024414,0.02476230999956015,0.798061417857783,0.0,0.0,0.0
classical,0.0,50.0,1.0,1.0,rayleigh,1.0,0.24786307681935704,0.5474648795588514,532.0,810.0,809.0,655.2899999999507,0.85,0.2106836152964535,80000.0,80000.0,79998.96743774414,0.02371252662757334,0.023692871127966565,0.024429427204781473,1.003874909709746,1.0030427899106642,1.0342250496808625,-,simple,0.6,0.3284789277353108,30000.0,30000.0,1.0,1e-06,1.0,1.0,0.0,0.0,0.0,0.0,0.0,0,1.5,psi4,8,39.28947784976722,49.35473144288865,339.67340988430885,39.2927409566423,49.35861456009803,342.10643019017226,0.0032631068750748546,0.0038831172093788517,2.433020305863385,1.0039115629007664,-4.417962535515304,-4.417962535515304,,,,,,
quant_diff,0.0,50.0,1.0,1.0,rayleigh,1.0,0.24786307681935704,0.5474648795588514,532.0,810.0,809.0,655.2899999999507,0.85,0.2106836152964535,80000.0,80000.0,79998.96743774414,0.02486395079617577,0.024852507717447778,0.025656212120311862,1296.5635677342843,1295.9668532739374,1337.8770813194933,diff,simple,0.6,0.3284789277353108,30000.0,30000.0,1.0,1e-06,1.0,1.0,0.0,0.0,0.0,0.0,0.0,0,1.5,psi4,8,39.28947784976722,49.35473144288865,339.67340988430885,1034.725002586344,1297.3554164349925,10254.853790897649,995.4355247365768,1248.000684992104,9915.180381013339,1295.9332829717532,-16.45958003246601,-16.45958003246601,29999.434661865234,nan,nan,0.0,0.0,0.0
hybrid_diff,0.0,50.0,1.0,1.0,rayleigh,1.0,0.24786307681935704,0.5474648795588514,532.0,810.0,809.0,655.2899999999507,0.85,0.2106836152964535,80000.0,80000.0,79998.96743774414,0.02371252662757334,0.023692871127966565,0.024429427204781473,1.003874909709746,1.0030427899106642,1.0342250496808625,diff,simple,0.6,0.3284789277353108,30000.0,30000.0,1.0,1e-06,1.0,1.0,0.0,0.0,0.0,0.0,0.0,0,1.5,psi4,8,39.28947784976722,49.35473144288865,339.67340988430885,210.85066322416174,272.36781974806917,1951.7684138566385,171.56118537439454,223.01308830518053,1612.0950039723296,266.33278278227607,-11.547086450526821,-11.547086450526821,29999.434661865234,0.024852507717447778,1295.9668532739374,0.0,0.0,0.0
quant_noon2,0.0,50.0,1.0,1.0,rayleigh,1.0,0.24786307681935704,0.5474648795588514,532.0,810.0,809.0,0.405,0.85,0.2106836152964535,80000.0,80000.0,79998.96743774414,0.024783602101695758,0.024770130943647772,0.025578038164317144,0.7987476383767822,0.7983134780947991,0.8243514197099551,noon2,simple,0.6,0.3284789277353108,30000.0,30000.0,1.0,1e-06,1.0,1.0,0.0,0.0,0.0,0.0,0.0,0,1.5,psi4,8,39.28947784976722,49.35473144288865,339.67340988430885,39.2991486058257,49.362730061872604,339.8094875445014,0.009670756058477456,0.007998618983952576,0.13607766019252393,0.7959343042219695,-4.096314320445606,-4.096314320445606,29999.3722076416,nan,nan,0.0,0.0,0.0
hybrid_noon2,0.0,50.0,1.0,1.0,rayleigh,1.0,0.24786307681935704,0.5474648795588514,532.0,810.0,809.0,0.405,0.85,0.2106836152964535,80000.0,80000.0,79998.96743774414,0.02371252662757334,0.023692871127966565,0.024429427204781473,1.003874909709746,1.0030427899106642,1.0342250496808625,noon2,simple,0.6,0.3284789277353108,30000.0,30000.0,1.0,1e-06,1.0,1.0,0.0,0.0,0.0,0.0,0.0,0,1.5,psi4,8,39.28947784976722,49.35473144288865,339.67340988430885,39.2927409566423,49.35861456009803,342.10643019017226,0.0032631068750748546,0.003883117209385469,2.433020305863385,1.0039115629007662,-4.417962535515304,-4.417962535515304,29999.3722076416,0.024770130943647772,0.7983134780947991,0.0,0.0,0.0
classical,0.0,50.0,1.0,1.0,rayleigh,1.0,0.24786307681935704,0.5474648795588514,532.0,810.0,809.0,655.2899999999507,0.85,0.2106836152964535,80000.0,80000.0,79999.5668334961,0.0237066062683403,0.023691774927330718,0.024435921376150662,1.0036242700295523,1.0029963820212133,1.0344999818211307,-,simple,0.6,0.3284789277353108,30000.0,30000.0,1.0,1e-06,1.0,1.0,0.0,0.0,0.0,0.0,0.0,0,1.5,psi4,9,39.74152669762534,49.58433982689807,363.8532564992935,39.75829719198584,49.597886232650055,366.0910145417773,0.01677049436050167,0.01354640575197938,2.2377580424838563,1.005973951097977,-4.653018595305093,-4.653018595305093,,,,,,
quant_diff,0.0,50.0,1.0,1.0,rayleigh,1.0,0.24786307681935704,0.5474648795588514,532.0,810.0,809.0,655.2899999999507,0.85,0.2106836152964535,80000.0,80000.0,79999.5668334961,0.024866485374564963,0.024850551538682465,0.025673453914837267,1296.6957366734014,1295.8648457474637,1338.7761774771095,diff,simple,0.6,0.3284789277353108,30000.0,30000.0,1.0,1e-06,1.0,1.0,0.0,0.0,0.0,0.0,0.0,0,1.5,psi4,9,39.74152669762534,49.58433982689807,363.8532564992935,1018.9964203465839,1277.5164390996822,10592.67865678511,979.2548936489586,1227.9320992727842,10228.825400285818,1276.4221317908257,7.901831740200557,7.901831740200557,29999.79753112793,nan,nan,0.0,0.0,0.0
hybrid_diff,0.0,50.0,1.0,1.0,rayleigh,1.0,0.24786307681935704,0.5474648795588514,532.0,810.0,809.0,655.2899999999507,0.85,0.2106836152964535,80000.0,80000.0,79999.5668334961,0.0237066062683403,0.023691774927330718,0.024435921376150662,1.0036242700295523,1.0029963820212133,1.0344999818211307,diff,simple,0.6,0.3284789277353108,30000.0,30000.0,1.0,1e-06,1.0,1.0,0.0,0.0,0.0,0.0,0.0,0,1.5,psi4,9,39.74152669762534,49.58433982689807,363.8532564992935,205.53125047237566,266.9816961630552,2114.145819883248,165.78972377475034,217.39735633615706,1750.2925633839543,262.695513398066,-15.14309256060482,-15.14309256060482,29999.79753112793,0.024850551538682465,1295.8648457474637,0.0,0.0,0.0
quant_noon2,0.0,50.0,1.0,1.0,rayleigh,1.0,0.24786307681935704,0.5474648795588514,532.0,810.0,809.0,0.405,0.85,0.2106836152964535,80000.0,80000.0,79999.5668334961,0.024780244219495064,0.024761364143725095,0.025586550938619612,0.7986394176077938,0.7980309339873838,0.824625776857162,noon2,simple,0.6,0.3284789277353108,30000.0,30000.0,1.0,1e-06,1.0,1.0,0.0,0.0,0.0,0.0,0.0,0,1.5,psi4,9,39.74152669762534,49.58433982689807,363.8532564992935,39.74705393981283,49.58866214155059,364.5859757618797,0.005527242187496697,0.0043223146525182944,0.7327192625861929,0.7955079795456159,-4.586039112568961,-4.586039112568961,29999.773361206055,nan,nan,0.0,0.0,0.0
hybrid_noon2,0.0,50.0,1.0,1.0,rayleigh,1.0,0.24786307681935704,0.5474648795588514,532.0,810.0,809.0,0.405,0.85,0.2106836152964535,80000.0,80000.0,79999.5668334961,0.0237066062683403,0.023691774927330718,0.024435921376150662,1.0036242700295523,1.0029963820212133,1.0344999818211307,noon2,simple,0.6,0.3284789277353108,30000.0,30000.0,1.0,1e-06,1.0,1.0,0.0,0.0,0.0,0.0,0.0,0,1.5,psi4,9,39.74152669762534,49.58433982689807,363.8532564992935,39.75829719198584,49.59788623265006,366.0910145417773,0.01677049436050167,0.013546405751985999,2.2377580424838563,1.005973951097977,-4.653018595305093,-4.653018595305093,29999.773361206055,0.024761364143725095,0.7980309339873838,0.0,0.0,0.0
classical,0.0,50.0,1.0,0.7,rayleigh,1.0,0.24786307681935704,0.5474648795588514,532.0,810.0,809.0,655.2899999999507,0.85,0.14747853070751743,80000.0,80000.0,79998.36724853516,0.03390366570457336,0.03385639884371219,0.035392340955796915,1.4353189722275927,1.4333179195171617,1.4983423588485447,-,simple,0.6,0.22993524941471757,30000.0,30000.0,1.0,1e-06,1.0,1.0,0.0,0.0,0.0,0.0,0.0,0,1.5,psi4,0,40.326400203266125,49.86672817706558,340.7911930307616,40.33537873059837,49.8828422584166,344.3297091650162,0.008978527332249436,0.016114081351024413,3.5385161342546234,1.430342745864932,-2.86912751746749,-2.86912751746749,,,,,,
quant_diff,0.0,50.0,1.0,0.7,rayleigh,1.0,0.24786307681935704,0.5474648795588514,532.0,810.0,809.0,655.2899999999507,0.85,0.14747853070751743,80000.0,80000.0,79998.36724853516,0.035516989871021296,0.03545860800760391,0.03717412098801947,1852.080366465195,1849.0359670556268,1938.4936581770305,diff,simple,0.6,0.22993524941471757,30000.0,30000.0,1.0,1e-06,1.0,1.0,0.0,0.0,0.0,0.0,0.0,0,1.5,psi4,0,40.326400203266125,49.86672817706558,340.7911930307616,1486.754726467215,1858.290008563271,14638.029907395337,1446.428326263949,1808.4232803862053,14297.238714364576,1857.5931637478768,50.83036241030788,50.83036241030788,29999.05194091797,nan,nan,0.0,0.0,0.0
hybrid_diff,0.0,50.0,1.0,0.7,rayleigh,1.0,0.24786307681935704,0.5474648795588514,532.0,810.0,809.0,655.2899999999507,0.85,0.14747853070751743,80000.0,80000.0,79998.36724853516,0.03390366570457336,0.03385639884371219,0.035392340955796915,1.4353189722275927,1.4333179195171617,1.4983423588485447,diff,simple,0.6,0.22993524941471757,30000.0,30000.0,1.0,1e-06,1.0,1.0,0.0,0.0,0.0,0.0,0.0,0,1.5,psi4,0,40.326400203266125,49.86672817706558,340.7911930307616,290.29001236080796,366.6729929450756,2720.8231992907663,249.96361215754186,316.80626476801,2380.032006260005,363.721593890683,16.405305628641205,16.405305628641205,29999.05194091797,0.03545860800760391,1849.0359670556268,0.0,0.0,0.0
quant_noon2,0.0,50.0,1.0,0.7,rayleigh,1.0,0.24786307681935704,0.5474648795588514,532.0,810.0,809.0,0.405,0.85,0.14747853070751743,80000.0,80000.0,79998.36724853516,0.03546652565990997,0.03541320821994791,0.03712259413878722,1.143046256796719,1.141327895636818,1.1964194824103973,noon2,simple,0.6,0.22993524941471757,30000.0,30000.0,1.0,1e-06,1.0,1.0,0.0,0.0,0.0,0.0,0.0,0,1.5,psi4,0,40.326400203266125,49.86672817706558,340.7911930307616,40.327819404195004,49.87247416818051,340.62989722366444,0.0014192009288799198,0.005745991114934031,-0.16129580709715233,1.147181820197279,-2.901745945260564,-2.901745945260564,29999.09503173828,nan,nan,0.0,0.0,0.0
hybrid_noon2,0.0,50.0,1.0,0.7,rayleigh,1.0,0.24786307681935704,0.5474648795588514,532.0,810.0,809.0,0.405,0.85,0.14747853070751743,80000.0,80000.0,79998.36724853516,0.03390366570457336,0.03385639884371219,0.035392340955796915,1.4353189722275927,1.4333179195171617,1.4983423588485447,noon2,simple,0.6,0.22993524941471757,30000.0,30000.0,1.0,1e-06,1.0,1.0,0.0,0.0,0.0,0.0,0.0,0,1.5,psi4,0,40.326400203266125,49.86672817706558,340.7911930307616,40.33537873059837,49.8828422584166,344.3297091650162,0.008978527332249436,0.016114081351024413,3.5385161342546234,1.430342745864932,-2.86912751746749,-2.86912751746749,29999.09503173828,0.03541320821994791,1.141327895636818,0.0,0.0,0.0
classical,0.0,50.0,1.0,0.7,rayleigh,1.0,0.24786307681935704,0.5474648795588514,532.0,810.0,809.0,655.2899999999507,0.85,0.14747853070751743,80000.0,80000.0,80001.37855529785,0.03390420034103027,0.033865276157657886,0.03540638195431071,1.435341606176869,1.4336937425104543,1.4989367875375095,-,simple,0.6,0.22993524941471757,30000.0,30000.0,1.0,1e-06,1.0,1.0,0.0,0.0,0.0,0.0,0.0,0,1.5,psi4,1,39.65963079405401,49.95750257208303,350.5167686648905,39.681354354687066,49.988778080117754,352.6757494249343,0.02172356063305491,0.03127550803472513,2.158980760043795,1.4358498234328203,2.3333811352579366,2.3333811352579366,,,,,,
quant_diff,0.0,50.0,1.0,0.7,rayleigh,1.0,0.24786307681935704,0.5474648795588514,532.0,810.0,809.0,655.2899999999507,0.85,0.14747853070751743,80000.0,80000.0,80001.37855529785,0.03553850868820774,0.03549133630620088,0.03718500736828727,1853.2024936208268,1850.742627430827,1939.0613428605884,diff,simple,0.6,0.22993524941471757,30000.0,30000.0,1.0,1e-06,1.0,1.0,0.0,0.0,0.0,0.0,0.0,0,1.5,psi4,1,39.65963079405401,49.95750257208303,350.5167686648905,1472.495873200508,1852.521146775027,14062.023120451962,1432.836242406454,1802.5636442029443,13711.506351787073,1851.3072616803192,-29.72322891396642,-29.72322891396642,30000.863891601562,nan,nan,0.0,0.0,0.0
hybrid_diff,0.0,50.0,1.0,0.7,rayleigh,1.0,0.24786307681935704,0.5474648795588514,532.0,810.0,809.0,655.2899999999507,0.85,0.14747853070751743,80000.0,80000.0,80001.37855529785,0.03390420034103027,0.033865276157657886,0.03540638195431071,1.435341606176869,1.4336937425104543,1.4989367875375095,diff,simple,0.6,0.22993524941471757,30000.0,30000.0,1.0,1e-06,1.0,1.0,0.0,0.0,0.0,0.0,0.0,0,1.5,psi4,1,39.65963079405401,49.95750257208303,350.5167686648905,286.70216146982585,366.86479515570846,3487.242597030889,247.04253067577181,316.9072925836254,3136.725828365999,361.54091755745293,3.106617798500877,3.106617798500877,30000.863891601562,0.03549133630620088,1850.742627430827,0.0,0.0,0.0
quant_noon2,0.0,50.0,1.0,0.7,rayleigh,1.0,0.24786307681935704,0.5474648795588514,532.0,810.0,809.0,0.405,0.85,0.14747853070751743,80000.0,80000.0,80001.37855529785,0.035482823450838676,0.03544111579112399,0.03711384365959941,1.1435715162792448,1.1422273252870465,1.1961374643019218,noon2,simple,0.6,0.22993524941471757,30000.0,30000.0,1.0,1e-06,1.0,1.0,0.0,0.0,0.0,0.0,0.0,0,1.5,psi4,1,39.65963079405401,49.95750257208303,350.5167686648905,39.66129675720011,49.959882236323274,347.1675259614368,0.0016659631461076855,0.0023796642402401937,-3.3492427034537062,1.1467539907169984,2.5632006754467898,2.5632006754467898,30000.83560180664,nan,nan,0.0,0.0,0.0
hybrid_noon2,0.0,50.0,1.0,0.7,rayleigh,1.0,0.24786307681935704,0.5474648795588514,532.0,810.0,809.0,0.405,0.85,0.14747853070751743,80000.0,80000.0,80001.37855529785,0.03390420034103027,0.033865276157657886,0.03540638195431071,1.435341606176869,1.4336937425104543,1.4989367875375095,noon2,simple,0.6,0.22993524941471757,30000.0,30000.0,1.0,1e-06,1.0,1.0,0.0,0.0,0.0,0.0,0.0,0,1.5,psi4,1,39.65963079405401,49.95750257208303,350.5167686648905,39.681354354687066,49.988778080117754,352.6757494249342,0.02172356063305491,0.03127550803472513,2.1589807600437423,1.4358498234328203,2.3333811352579366,2.3333811352579366,30000.83560180664,0.03544111579112399,1.1422273252870465,0.0,0.0,0.0
classical,0.0,50.0,1.0,0.7,rayleigh,1.0,0.24786307681935704,0.5474648795588514,532.0,810.0,809.0,655.2899999999507,0.85,0.14747853070751743,80000.0,80000.0,79999.90270996094,0.03390008148695793,0.03387142194110561,0.03537788133712863,1.43516723360473,1.4339539255732117,1.4977302077853942,-,simple,0.6,0.22993524941471757,30000.0,30000.0,1.0,1e-06,1.0,1.0,0.0,0.0,0.0,0.0,0.0,0,1.5,psi4,2,40.21574153903211,49.80529700338696,318.2399264316901,40.24061885082985,49.83379775471808,317.53924067010547,0.024877311797737094,0.028500751331114228,-0.7006857615846305,1.4472509846860968,4.6662461583150145,4.6662461583150145,,,,,,
quant_diff,0.0,50.0,1.0,0.7,rayleigh,1.0,0.24786307681935704,0.5474648795588514,532.0,810.0,809.0,655.2899999999507,0.85,0.14747853070751743,80000.0,80000.0,79999.90270996094,0.03553271645977624,0.03549209128810166,0.03718316142934871,1852.9004502158248,1850.7819969596226,1938.9650839355443,diff,simple,0.6,0.22993524941471757,30000.0,30000.0,1.0,1e-06,1.0,1.0,0.0,0.0,0.0,0.0,0.0,0,1.5,psi4,2,40.21574153903211,49.80529700338696,318.2399264316901,1473.2361674722806,1842.1464391531476,14858.173569100272,1433.0204259332484,1792.3411421497606,14539.933642668582,1841.0465213523776,21.919945828552194,21.919945828552194,29999.913375854492,nan,nan,0.0,0.0,0.0
hybrid_diff,0.0,50.0,1.0,0.7,rayleigh,1.0,0.24786307681935704,0.5474648795588514,532.0,810.0,809.0,655.2899999999507,0.85,0.14747853070751743,80000.0,80000.0,79999.90270996094,0.03390008148695793,0.03387142194110561,0.03537788133712863,1.43516723360473,1.4339539255732117,1.4977302077853942,diff,simple,0.6,0.22993524941471757,30000.0,30000.0,1.0,1e-06,1.0,1.0,0.0,0.0,0.0,0.0,0.0,0,1.5,psi4,2,40.21574153903211,49.80529700338696,318.2399264316901,285.5293798706068,361.3072151629103,3020.7144538651537,245.31363833157474,311.50191815952337,2702.4745274334637,356.4106299119509,-2.9095499462338656,-2.9095499462338656,29999.913375854492,0.03549209128810166,1850.7819969596226,0.0,0.0,0.0
quant_noon2,0.0,50.0,1.0,0.7,rayleigh,1.0,0.24786307681935704,0.5474648795588514,532.0,810.0,809.0,0.405,0.85,0.14747853070751743,80000.0,80000.0,79999.90270996094,0.03546160933195047,0.035429235420482756,0.03710774211296184,1.1428878090726546,1.1418444342951002,1.195940818312077,noon2,simple,0.6,0.22993524941471757,30000.0,30000.0,1.0,1e-06,1.0,1.0,0.0,0.0,0.0,0.0,0.0,0,1.5,psi4,2,40.21574153903211,49.80529700338696,318.2399264316901,40.22470903555234,49.806446040925934,317.0965634127645,0.008967496520228024,0.0011490375389705924,-1.143363018925567,1.1484611198994652,4.459449418188158,4.459449418188158,29999.99252319336,nan,nan,0.0,0.0,0.0
hybrid_noon2,0.0,50.0,1.0,0.7,rayleigh,1.0,0.24786307681935704,0.5474648795588514,532.0,810.0,809.0,0.405,0.85,0.14747853070751743,80000.0,80000.0,79999.90270996094,0.03390008148695793,0.03387142194110561,0.03537788133712863,1.43516723360473,1.4339539255732117,1.4977302077853942,noon2,simple,0.6,0.22993524941471757,30000.0,30000.0,1.0,1e-06,1.0,1.0,0.0,0.0,0.0,0.0,0.0,0,1.5,psi4,2,40.21574153903211,49.80529700338696,318.2399264316901,40.24061885082985,49.83379775471808,317.5392406701054,0.024877311797737094,0.028500751331114228,-0.7006857615846834,1.4472509846860966,4.666246158314996,4.666246158314996,29999.99252319336,0.035429235420482756,1.1418444342951002,0.0,0.0,0.0
classical,0.0,50.0,1.0,0.7,rayleigh,1.0,0.24786307681935704,0.5474648795588514,532.0,810.0,809.0,655.2899999999507,0.85,0.14747853070751743,80000.0,80000.0,79998.89213562012,0.03388498510874008,0.033845538031356745,0.035388010802388375,1.4345281251892321,1.4328581246925132,1.4981590408736072,-,simple,0.6,0.22993524941471757,30000.0,30000.0,1.0,1e-06,1.0,1.0,0.0,0.0,0.0,0.0,0.0,0,1.5,psi4,3,40.4367633925367,49.99767052675088,310.6233222073913,40.45166554814869,50.02238003304437,311.77563198282223,0.014902155611995165,0.02470950629348815,1.1523097754309148,1.4313633937763943,1.62703675289725,1.62703675289725,,,,,,
quant_diff,0.0,50.0,1.0,0.7,rayleigh,1.0,0.24786307681935704,0.5474648795588514,532.0,810.0,809.0,655.2899999999507,0.85,0.14747853070751743,80000.0,80000.0,79998.89213562012,0.03553740588042388,0.03549289135446987,0.03718194413873635,1853.1449862517657,1850.823717477544,1938.9016067081204,diff,simple,0.6,0.22993524941471757,30000.0,30000.0,1.0,1e-06,1.0,1.0,0.0,0.0,0.0,0.0,0.0,0,1.5,psi4,3,40.4367633925367,49.99767052675088,310.6233222073913,1496.1010091042822,1876.891181362928,14105.631359192426,1455.6642457117455,1826.893510836177,13795.008036985037,1876.2890109137463,21.44955967337095,21.44955967337095,30000.536590576172,nan,nan,0.0,0.0,0.0
hybrid_diff,0.0,50.0,1.0,0.7,rayleigh,1.0,0.24786307681935704,0.5474648795588514,532.0,810.0,809.0,655.2899999999507,0.85,0.14747853070751743,80000.0,80000.0,79998.89213562012,0.03388498510874008,0.033845538031356745,0.035388010802388375,1.4345281251892321,1.4328581246925132,1.4981590408736072,diff,simple,0.6,0.22993524941471757,30000.0,30000.0,1.0,1e-06,1.0,1.0,0.0,0.0,0.0,0.0,0.0,0,1.5,psi4,3,40.4367633925367,49.99767052675088,310.6233222073913,293.70855796284764,373.5930927659784,3092.0049472859973,253.27179457031093,323.5954222392275,2781.3816250786062,370.90097252828497,-2.790153921083651,-2.790153921083651,30000.536590576172,0.03549289135446987,1850.823717477544,0.0,0.0,0.0
quant_noon2,0.0,50.0,1.0,0.7,rayleigh,1.0,0.24786307681935704,0.5474648795588514,532.0,810.0,809.0,0.405,0.85,0.14747853070751743,80000.0,80000.0,79998.89213562012,0.03546349123742201,0.035412645569019484,0.03712467057515827,1.1429484607706955,1.1413097620298283,1.196486403620672,noon2,simple,0.6,0.22993524941471757,30000.0,30000.0,1.0,1e-06,1.0,1.0,0.0,0.0,0.0,0.0,0.0,0,1.5,psi4,3,40.4367633925367,49.99767052675088,310.6233222073913,40.44302333567372,50.00881977787968,311.8841267177137,0.006259943137027547,0.011149251128801762,1.260804510322373,1.1464191201565852,1.7887027289578292,1.7887027289578292,29999.419006347656,nan,nan,0.0,0.0,0.0
hybrid_noon2,0.0,50.0,1.0,0.7,rayleigh,1.0,0.24786307681935704,0.5474648795588514,532.0,810.0,809.0,0.405,0.85,0.14747853070751743,80000.0,80000.0,79998.89213562012,0.03388498510874008,0.033845538031356745,0.035388010802388375,1.4345281251892321,1.4328581246925132,1.4981590408736072,noon2,simple,0.6,0.22993524941471757,30000.0,30000.0,1.0,1e-06,1.0,1.0,0.0,0.0,0.0,0.0,0.0,0,1.5,psi4,3,40.4367633925367,49.99767052675088,310.6233222073913,40.45166554814869,50.02238003304437,311.77563198282223,0.014902155611995165,0.02470950629348815,1.1523097754309148,1.4313633937763945,1.6270367528972531,1.6270367528972531,29999.419006347656,0.035412645569019484,1.1413097620298283,0.0,0.0,0.0
classical,0.0,50.0,1.0,0.7,rayleigh,1.0,0.24786307681935704,0.5474648795588514,532.0,810.0,809.0,655.2899999999507,0.85,0.14747853070751743,80000.0,80000.0,80001.64260864258,0.03389027561057259,0.03385206094595939,0.03539008110586013,1.4347520997210415,1.4331342736837458,1.4982466876159142,-,simple,0.6,0.22993524941471757,30000.0,30000.0,1.0,1e-06,1.0,1.0,0.0,0.0,0.0,0.0,0.0,0,1.5,psi4,4,40.40011057790714,49.93013179138292,310.1971324873092,40.41870121062107,49.94473575141796,308.83742831702483,0.018590632713934664,0.014603960035036674,-1.3597041702843722,1.423899192960695,-10.810623845743965,-10.810623845743965,,,,,,
quant_diff,0.0,50.0,1.0,0.7,rayleigh,1.0,0.24786307681935704,0.5474648795588514,532.0,810.0,809.0,655.2899999999507,0.85,0.14747853070751743,80000.0,80000.0,80001.64260864258,0.03552594657665975,0.03549034458240703,0.03716732019919549,1852.5474257154706,1850.690912683203,1938.1390220577223,diff,simple,0.6,0.22993524941471757,30000.0,30000.0,1.0,1e-06,1.0,1.0,0.0,0.0,0.0,0.0,0.0,0,1.5,psi4,4,40.40011057790714,49.93013179138292,310.1971324873092,1478.7239471501891,1848.1312348376516,14660.89511361136,1438.323836572282,1798.2011030462686,14350.697981124049,1847.168526158186,-59.087046288303945,-59.087046288303945,30000.917587280273,nan,nan,0.0,0.0,0.0
hybrid_diff,0.0,50.0,1.0,0.7,rayleigh,1.0,0.24786307681935704,0.5474648795588514,532.0,810.0,809.0,655.2899999999507,0.85,0.14747853070751743,80000.0,80000.0,80001.64260864258,0.03389027561057259,0.03385206094595939,0.03539008110586013,1.4347520997210415,1.4331342736837458,1.4982466876159142,diff,simple,0.6,0.22993524941471757,30000.0,30000.0,1.0,1e-06,1.0,1.0,0.0,0.0,0.0,0.0,0.0,0,1.5,psi4,4,40.40011057790714,49.93013179138292,310.1971324873092,290.9100963667289,371.1668640492002,2765.463885313483,250.5099857888218,321.2367322578173,2455.2667528261736,367.2232132128614,-45.05418955081502,-45.05418955081502,30000.917587280273,0.03549034458240703,1850.690912683203,0.0,0.0,0.0
quant_noon2,0.0,50.0,1.0,0.7,rayleigh,1.0,0.24786307681935704,0.5474648795588514,532.0,810.0,809.0,0.405,0.85,0.14747853070751743,80000.0,80000.0,80001.64260864258,0.03546720149616239,0.03540967324168316,0.03710000104542385,1.1430680382394787,1.1412139672607455,1.1956913324064724,noon2,simple,0.6,0.22993524941471757,30000.0,30000.0,1.0,1e-06,1.0,1.0,0.0,0.0,0.0,0.0,0.0,0,1.5,psi4,4,40.40011057790714,49.93013179138292,310.1971324873092,40.412581023377335,49.9486312020149,310.72510235081796,0.012470445470195803,0.01849941063198165,0.5279698635087537,1.1456682372817804,-10.940605989444048,-10.940605989444048,30000.93911743164,nan,nan,0.0,0.0,0.0
hybrid_noon2,0.0,50.0,1.0,0.7,rayleigh,1.0,0.24786307681935704,0.5474648795588514,532.0,810.0,809.0,0.405,0.85,0.14747853070751743,80000.0,80000.0,80001.64260864258,0.03389027561057259,0.03385206094595939,0.03539008110586013,1.4347520997210415,1.4331342736837458,1.4982466876159142,noon2,simple,0.6,0.22993524941471757,30000.0,30000.0,1.0,1e-06,1.0,1.0,0.0,0.0,0.0,0.0,0.0,0,1.5,psi4,4,40.40011057790714,49.93013179138292,310.1971324873092,40.41870121062107,49.94473575141796,308.83742831702483,0.018590632713934664,0.014603960035036674,-1.3597041702843722,1.4238991929606952,-10.810623845743965,-10.810623845743965,30000.93911743164,0.03540967324168316,1.1412139672607455,0.0,0.0,0.0
classical,0.0,50.0,1.0,0.7,rayleigh,1.0,0.24786307681935704,0.5474648795588514,532.0,810.0,809.0,655.2899999999507,0.85,0.14747853070751743,80000.0,80000.0,80000.06939697266,0.033916842718328816,0.033876320374115795,0.035411317173308754,1.4358768239361757,1.4341613017871873,1.499145721094185,-,simple,0.6,0.22993524941471757,30000.0,30000.0,1.0,1e-06,1.0,1.0,0.0,0.0,0.0,0.0,0.0,0,1.5,psi4,5,39.89497650754211,49.20089138911356,310.7799897363645,39.92006966984656,49.22841418015747,311.14291112718587,0.025093162304451543,0.02752279104391573,0.36292139082136515,1.4335889438647045,-10.075885926623048,-10.075885926623048,,,,,,
quant_diff,0.0,50.0,1.0,0.7,rayleigh,1.0,0.24786307681935704,0.5474648795588514,532.0,810.0,809.0,655.2899999999507,0.85,0.14747853070751743,80000.0,80000.0,80000.06939697266,0.03553960451944243,0.03549351436488868,0.03719663007901022,1853.2596371885138,1850.856205179035,1939.6674244686658,diff,simple,0.6,0.22993524941471757,30000.0,30000.0,1.0,1e-06,1.0,1.0,0.0,0.0,0.0,0.0,0.0,0,1.5,psi4,5,39.89497650754211,49.20089138911356,310.7799897363645,1469.2706606023653,1845.387036212116,14747.967407402422,1429.375684094823,1796.1861448230025,14437.187417666057,1844.785808280343,-77.62032717478705,-77.62032717478705,30000.074172973633,nan,nan,0.0,0.0,0.0
hybrid_diff,0.0,50.0,1.0,0.7,rayleigh,1.0,0.24786307681935704,0.5474648795588514,532.0,810.0,809.0,655.2899999999507,0.85,0.14747853070751743,80000.0,80000.0,80000.06939697266,0.033916842718328816,0.033876320374115795,0.035411317173308754,1.4358768239361757,1.4341613017871873,1.499145721094185,diff,simple,0.6,0.22993524941471757,30000.0,30000.0,1.0,1e-06,1.0,1.0,0.0,0.0,0.0,0.0,0.0,0,1.5,psi4,5,39.89497650754211,49.20089138911356,310.7799897363645,276.83692057135147,355.9571450105424,3178.584155043174,236.94194406380933,306.7562536214288,2867.80416530681,353.90608638982604,-33.553082300499895,-33.553082300499895,30000.074172973633,0.03549351436488868,1850.856205179035,0.0,0.0,0.0
quant_noon2,0.0,50.0,1.0,0.7,rayleigh,1.0,0.24786307681935704,0.5474648795588514,532.0,810.0,809.0,0.405,0.85,0.14747853070751743,80000.0,80000.0,80000.06939697266,0.03547969652013863,0.03543793011821522,0.037096807386277686,1.1434707388175274,1.1421246546299695,1.195588404361941,noon2,simple,0.6,0.22993524941471757,30000.0,30000.0,1.0,1e-06,1.0,1.0,0.0,0.0,0.0,0.0,0.0,0,1.5,psi4,5,39.89497650754211,49.20089138911356,310.7799897363645,39.909662973848924,49.218250922017425,308.97619063490714,0.014686466306814206,0.01735953290386821,-1.8037991014573347,1.1392080045953044,-10.334810625294093,-10.334810625294093,30000.058685302734,nan,nan,0.0,0.0,0.0
hybrid_noon2,0.0,50.0,1.0,0.7,rayleigh,1.0,0.24786307681935704,0.5474648795588514,532.0,810.0,809.0,0.405,0.85,0.14747853070751743,80000.0,80000.0,80000.06939697266,0.033916842718328816,0.033876320374115795,0.035411317173308754,1.4358768239361757,1.4341613017871873,1.499145721094185,noon2,simple,0.6,0.22993524941471757,30000.0,30000.0,1.0,1e-06,1.0,1.0,0.0,0.0,0.0,0.0,0.0,0,1.5,psi4,5,39.89497650754211,49.20089138911356,310.7799897363645,39.92006966984656,49.22841418015747,311.14291112718587,0.025093162304451543,0.02752279104391573,0.36292139082136515,1.4335889438647047,-10.075885926623048,-10.075885926623048,30000.058685302734,0.03543793011821522,1.1421246546299695,0.0,0.0,0.0
classical,0.0,50.0,1.0,0.7,rayleigh,1.0,0.24786307681935704,0.5474648795588514,532.0,810.0,809.0,655.2899999999507,0.85,0.14747853070751743,80000.0,80000.0,79999.03033447266,0.03390556813911649,0.03386705350113814,0.03540595111399495,1.4353995122027379,1.4337689867285752,1.4989185478201705,-,simple,0.6,0.22993524941471757,30000.0,30000.0,1.0,1e-06,1.0,1.0,0.0,0.0,0.0,0.0,0.0,0,1.5,psi4,6,40.00515236849254,49.88244811782471,325.39844336755016,40.01713270133352,49.886135072908694,329.46229451117125,0.011980332840981815,0.003686955083980955,4.063851143621098,1.4290807141014719,-1.9330907867536324,-1.9330907867536324,,,,,,
quant_diff,0.0,50.0,1.0,0.7,rayleigh,1.0,0.24786307681935704,0.5474648795588514,532.0,810.0,809.0,655.2899999999507,0.85,0.14747853070751743,80000.0,80000.0,79999.03033447266,0.03553731620987918,0.035498692690598244,0.03719566193211525,1853.1403102627278,1851.126235815434,1939.6169391695862,diff,simple,0.6,0.22993524941471757,30000.0,30000.0,1.0,1e-06,1.0,1.0,0.0,0.0,0.0,0.0,0.0,0,1.5,psi4,6,40.00515236849254,49.88244811782471,325.39844336755016,1466.3033190986453,1835.2405461558744,16174.652020257197,1426.2981667301528,1785.3580980380498,15849.253576889647,1834.4182927132995,-62.198962254679756,-62.198962254679756,29999.370651245117,nan,nan,0.0,0.0,0.0
hybrid_diff,0.0,50.0,1.0,0.7,rayleigh,1.0,0.24786307681935704,0.5474648795588514,532.0,810.0,809.0,655.2899999999507,0.85,0.14747853070751743,80000.0,80000.0,79999.03033447266,0.03390556813911649,0.03386705350113814,0.03540595111399495,1.4353995122027379,1.4337689867285752,1.4989185478201705,diff,simple,0.6,0.22993524941471757,30000.0,30000.0,1.0,1e-06,1.0,1.0,0.0,0.0,0.0,0.0,0.0,0,1.5,psi4,6,40.00515236849254,49.88244811782471,325.39844336755016,288.7483297119999,364.3167743932091,2831.175450844383,248.7431773435073,314.43432627538436,2505.7770074768323,360.564253320077,-27.269332500215672,-27.269332500215672,29999.370651245117,0.035498692690598244,1851.126235815434,0.0,0.0,0.0
quant_noon2,0.0,50.0,1.0,0.7,rayleigh,1.0,0.24786307681935704,0.5474648795588514,532.0,810.0,809.0,0.405,0.85,0.14747853070751743,80000.0,80000.0,79999.03033447266,0.03549517646696468,0.03545098415840632,0.03716643108200398,1.1439696401039008,1.1425453716722758,1.1978322978165021,noon2,simple,0.6,0.22993524941471757,30000.0,30000.0,1.0,1e-06,1.0,1.0,0.0,0.0,0.0,0.0,0.0,0,1.5,psi4,6,40.00515236849254,49.88244811782471,325.39844336755016,40.00311970941506,49.873075083547796,326.1108792789415,-0.00203265907748031,-0.00937303427691543,0.7124359113913606,1.1426689537607275,-2.42896439677065,-2.42896439677065,29999.3328704834,nan,nan,0.0,0.0,0.0
hybrid_noon2,0.0,50.0,1.0,0.7,rayleigh,1.0,0.24786307681935704,0.5474648795588514,532.0,810.0,809.0,0.405,0.85,0.14747853070751743,80000.0,80000.0,79999.03033447266,0.03390556813911649,0.03386705350113814,0.03540595111399495,1.4353995122027379,1.4337689867285752,1.4989185478201705,noon2,simple,0.6,0.22993524941471757,30000.0,30000.0,1.0,1e-06,1.0,1.0,0.0,0.0,0.0,0.0,0.0,0,1.5,psi4,6,40.00515236849254,49.88244811782471,325.39844336755016,40.01713270133352,49.886135072908694,329.46229451117125,0.011980332840981815,0.003686955083980955,4.063851143621098,1.4290807141014719,-1.9330907867536324,-1.9330907867536324,29999.3328704834,0.03545098415840632,1.1425453716722758,0.0,0.0,0.0
classical,0.0,50.0,1.0,0.7,rayleigh,1.0,0.24786307681935704,0.5474648795588514,532.0,810.0,809.0,655.2899999999507,0.85,0.14747853070751743,80000.0,80000.0,80000.38458251953,0.033896052210663045,0.033851596771022466,0.03539843246794804,1.4349966533270457,1.4331146227380573,1.4986002443243,-,simple,0.6,0.22993524941471757,30000.0,30000.0,1.0,1e-06,1.0,1.0,0.0,0.0,0.0,0.0,0.0,0,1.5,psi4,7,40.064584243745635,49.770494261090406,308.2574797939747,40.063464732440856,49.78969820485566,307.20660091664917,-0.0011195113047775148,0.019203943765251568,-1.0508788773255269,1.4258684331626144,-4.975960163152114,-4.975960163152114,,,,,,
quant_diff,0.0,50.0,1.0,0.7,rayleigh,1.0,0.24786307681935704,0.5474648795588514,532.0,810.0,809.0,655.2899999999507,0.85,0.14747853070751743,80000.0,80000.0,80000.38458251953,0.03552015696262634,0.035462569680013024,0.037169440255793156,1852.2455186417114,1849.242553698074,1938.2495752103005,diff,simple,0.6,0.22993524941471757,30000.0,30000.0,1.0,1e-06,1.0,1.0,0.0,0.0,0.0,0.0,0.0,0,1.5,psi4,7,40.064584243745635,49.770494261090406,308.2574797939747,1460.0280295995374,1835.1350338945247,13463.496941743777,1419.9634453557917,1785.3645396334343,13155.2394619498,1833.8017840332518,3.8557788546553224,3.8557788546553224,30000.288818359375,nan,nan,0.0,0.0,0.0
hybrid_diff,0.0,50.0,1.0,0.7,rayleigh,1.0,0.24786307681935704,0.5474648795588514,532.0,810.0,809.0,655.2899999999507,0.85,0.14747853070751743,80000.0,80000.0,80000.38458251953,0.033896052210663045,0.033851596771022466,0.03539843246794804,1.4349966533270457,1.4331146227380573,1.4986002443243,diff,simple,0.6,0.22993524941471757,30000.0,30000.0,1.0,1e-06,1.0,1.0,0.0,0.0,0.0,0.0,0.0,0,1.5,psi4,7,40.064584243745635,49.770494261090406,308.2574797939747,292.1567658120733,371.46763199512407,2862.5524520131835,252.09218156832762,321.6971377340337,2554.294972219209,365.6281563349371,-6.312395965334,-6.312395965334,30000.288818359375,0.035462569680013024,1849.242553698074,0.0,0.0,0.0
quant_noon2,0.0,50.0,1.0,0.7,rayleigh,1.0,0.24786307681935704,0.5474648795588514,532.0,810.0,809.0,0.405,0.85,0.14747853070751743,80000.0,80000.0,80000.38458251953,0.035476219832462144,0.035424743476296955,0.03712617868657335,1.143358689081594,1.1416996639830443,1.1965350083564268,noon2,simple,0.6,0.22993524941471757,30000.0,30000.0,1.0,1e-06,1.0,1.0,0.0,0.0,0.0,0.0,0.0,0,1.5,psi4,7,40.064584243745635,49.770494261090406,308.2574797939747,40.07375261911562,49.78548003503522,309.6735553579543,0.009168375369986907,0.014985773944812495,1.4160755639796014,1.1420434135733286,-4.9369776756469665,-4.9369776756469665,30000.212692260742,nan,nan,0.0,0.0,0.0
hybrid_noon2,0.0,50.0,1.0,0.7,rayleigh,1.0,0.24786307681935704,0.5474648795588514,532.0,810.0,809.0,0.405,0.85,0.14747853070751743,80000.0,80000.0,80000.38458251953,0.033896052210663045,0.033851596771022466,0.03539843246794804,1.4349966533270457,1.4331146227380573,1.4986002443243,noon2,simple,0.6,0.22993524941471757,30000.0,30000.0,1.0,1e-06,1.0,1.0,0.0,0.0,0.0,0.0,0.0,0,1.5,psi4,7,40.064584243745635,49.770494261090406,308.2574797939747,40.06346473244086,49.78969820485566,307.2066009166491,-0.0011195113047708974,0.019203943765251568,-1.05087887732558,1.4258684331626144,-4.975960163152114,-4.975960163152114,30000.212692260742,0.035424743476296955,1.1416996639830443,0.0,0.0,0.0
classical,0.0,50.0,1.0,0.7,rayleigh,1.0,0.24786307681935704,0.5474648795588514,532.0,810.0,809.0,655.2899999999507,0.85,0.14747853070751743,80000.0,80000.0,79999.0237121582,0.03390426452288464,0.03386355077144956,0.03539263752119052,1.4353443233294645,1.4336206979146042,1.4983549140082038,-,simple,0.6,0.22993524941471757,30000.0,30000.0,1.0,1e-06,1.0,1.0,0.0,0.0,0.0,0.0,0.0,0,1.5,psi4,8,39.28947784976722,49.35473144288865,339.67340988430885,39.31299440543556,49.36989657491184,338.0576503950129,0.02351655566834249,0.015165132023187493,-1.615759489295946,1.4262714333328503,-4.260508853991586,-4.260508853991586,,,,,,
quant_diff,0.0,50.0,1.0,0.7,rayleigh,1.0,0.24786307681935704,0.5474648795588514,532.0,810.0,809.0,655.2899999999507,0.85,0.14747853070751743,80000.0,80000.0,79999.0237121582,0.03553101463301538,0.035478988462559716,0.03717790170652402,1852.8117062107062,1850.0987328085903,1938.6908087390248,diff,simple,0.6,0.22993524941471757,30000.0,30000.0,1.0,1e-06,1.0,1.0,0.0,0.0,0.0,0.0,0.0,0,1.5,psi4,8,39.28947784976722,49.35473144288865,339.67340988430885,1481.3234314643591,1858.1739757580249,14014.064428870512,1442.033953614592,1808.819244315136,13674.391018986202,1857.5198545580508,15.024514316766103,15.024514316766103,29999.45248413086,nan,nan,0.0,0.0,0.0
hybrid_diff,0.0,50.0,1.0,0.7,rayleigh,1.0,0.24786307681935704,0.5474648795588514,532.0,810.0,809.0,655.2899999999507,0.85,0.14747853070751743,80000.0,80000.0,79999.0237121582,0.03390426452288464,0.03386355077144956,0.03539263752119052,1.4353443233294645,1.4336206979146042,1.4983549140082038,diff,simple,0.6,0.22993524941471757,30000.0,30000.0,1.0,1e-06,1.0,1.0,0.0,0.0,0.0,0.0,0.0,0,1.5,psi4,8,39.28947784976722,49.35473144288865,339.67340988430885,293.12568382378106,374.8422074472625,2747.196269859898,253.83620597401384,325.48747600437383,2407.522859975589,372.22596961794983,-13.254703873078078,-13.254703873078078,29999.45248413086,0.035478988462559716,1850.0987328085903,0.0,0.0,0.0
quant_noon2,0.0,50.0,1.0,0.7,rayleigh,1.0,0.24786307681935704,0.5474648795588514,532.0,810.0,809.0,0.405,0.85,0.14747853070751743,80000.0,80000.0,79999.0237121582,0.03546914286567791,0.035422688016204185,0.03710731015701361,1.1431306063968183,1.1416334188146404,1.1959268968573942,noon2,simple,0.6,0.22993524941471757,30000.0,30000.0,1.0,1e-06,1.0,1.0,0.0,0.0,0.0,0.0,0.0,0,1.5,psi4,8,39.28947784976722,49.35473144288865,339.67340988430885,39.293172024721244,49.36918145875115,341.15101235630976,0.003694174954026234,0.014450015862499003,1.4776024720009246,1.1428159001104679,-4.353719695533297,-4.353719695533297,29999.390670776367,nan,nan,0.0,0.0,0.0
hybrid_noon2,0.0,50.0,1.0,0.7,rayleigh,1.0,0.24786307681935704,0.5474648795588514,532.0,810.0,809.0,0.405,0.85,0.14747853070751743,80000.0,80000.0,79999.0237121582,0.03390426452288464,0.03386355077144956,0.03539263752119052,1.4353443233294645,1.4336206979146042,1.4983549140082038,noon2,simple,0.6,0.22993524941471757,30000.0,30000.0,1.0,1e-06,1.0,1.0,0.0,0.0,0.0,0.0,0.0,0,1.5,psi4,8,39.28947784976722,49.35473144288865,339.67340988430885,39.31299440543556,49.36989657491184,338.0576503950129,0.023516555668335874,0.015165132023187493,-1.615759489295946,1.4262714333328503,-4.260508853991586,-4.260508853991586,29999.390670776367,0.035422688016204185,1.1416334188146404,0.0,0.0,0.0
classical,0.0,50.0,1.0,0.7,rayleigh,1.0,0.24786307681935704,0.5474648795588514,532.0,810.0,809.0,655.2899999999507,0.85,0.14747853070751743,80000.0,80000.0,79999.54348754883,0.03390464836108637,0.03386405242999193,0.035407684006068516,1.4353605732022068,1.433641935736783,1.4989919101784384,-,simple,0.6,0.22993524941471757,30000.0,30000.0,1.0,1e-06,1.0,1.0,0.0,0.0,0.0,0.0,0.0,0,1.5,psi4,9,39.74152669762534,49.58433982689807,363.8532564992935,39.75976136442159,49.60830597931249,365.4821442849167,0.018234666796256457,0.02396615241441684,1.6288877856232518,1.4449203610802421,-4.469802247154551,-4.469802247154551,,,,,,
quant_diff,0.0,50.0,1.0,0.7,rayleigh,1.0,0.24786307681935704,0.5474648795588514,532.0,810.0,809.0,655.2899999999507,0.85,0.14747853070751743,80000.0,80000.0,79999.54348754883,0.0355365129766942,0.03548881202735728,0.037182194614929706,1853.098424606961,1850.6109955751235,1938.9146681201848,diff,simple,0.6,0.22993524941471757,30000.0,30000.0,1.0,1e-06,1.0,1.0,0.0,0.0,0.0,0.0,0.0,0,1.5,psi4,9,39.74152669762534,49.58433982689807,363.8532564992935,1453.9529370354935,1827.178005509985,14634.528402896487,1414.211410337868,1777.5936656830868,14270.675146397194,1826.1451091080762,-72.63578885368909,-72.63578885368909,29999.79508972168,nan,nan,0.0,0.0,0.0
hybrid_diff,0.0,50.0,1.0,0.7,rayleigh,1.0,0.24786307681935704,0.5474648795588514,532.0,810.0,809.0,655.2899999999507,0.85,0.14747853070751743,80000.0,80000.0,79999.54348754883,0.03390464836108637,0.03386405242999193,0.035407684006068516,1.4353605732022068,1.433641935736783,1.4989919101784384,diff,simple,0.6,0.22993524941471757,30000.0,30000.0,1.0,1e-06,1.0,1.0,0.0,0.0,0.0,0.0,0.0,0,1.5,psi4,9,39.74152669762534,49.58433982689807,363.8532564992935,295.95039928071355,380.5226317978358,3030.5969529276263,256.20887258308824,330.9382919709377,2666.7436964283324,376.41722205229746,-23.903657642066978,-23.903657642066978,29999.79508972168,0.03548881202735728,1850.6109955751235,0.0,0.0,0.0
quant_noon2,0.0,50.0,1.0,0.7,rayleigh,1.0,0.24786307681935704,0.5474648795588514,532.0,810.0,809.0,0.405,0.85,0.14747853070751743,80000.0,80000.0,79999.54348754883,0.03547272270145207,0.03544126656877887,0.03711507052246346,1.1432459804799984,1.1422321846813859,1.196177004713007,noon2,simple,0.6,0.22993524941471757,30000.0,30000.0,1.0,1e-06,1.0,1.0,0.0,0.0,0.0,0.0,0.0,0,1.5,psi4,9,39.74152669762534,49.58433982689807,363.8532564992935,39.75212692423399,49.59439045328559,362.9013795995713,0.010600226608654135,0.010050626387515835,-0.9518768997221497,1.1425763674336475,-4.447430395193469,-4.447430395193469,29999.7685546875,nan,nan,0.0,0.0,0.0
hybrid_noon2,0.0,50.0,1.0,0.7,rayleigh,1.0,0.24786307681935704,0.5474648795588514,532.0,810.0,809.0,0.405,0.85,0.14747853070751743,80000.0,80000.0,79999.54348754883,0.03390464836108637,0.03386405242999193,0.035407684006068516,1.4353605732022068,1.433641935736783,1.4989919101784384,noon2,simple,0.6,0.22993524941471757,30000.0,30000.0,1.0,1e-06,1.0,1.0,0.0,0.0,0.0,0.0,0.0,0,1.5,psi4,9,39.74152669762534,49.58433982689807,363.8532564992935,39.75976136442159,49.60830597931249,365.4821442849167,0.018234666796256457,0.02396615241441684,1.6288877856232518,1.4449203610802421,-4.469802247154551,-4.469802247154551,29999.7685546875,0.03544126656877887,1.1422321846813859,0.0,0.0,0.0
classical,0.0,50.0,0.5,1.0,rayleigh,1.0,0.24786307681935704,0.5474648795588514,532.0,810.0,809.0,655.2899999999507,0.85,0.2106836152964535,80000.0,40000.0,39998.9141998291,0.03352825724946418,0.0334890777510606,0.03498903108969366,1.4194259746193674,1.4177673021362491,1.48126814901092,-,simple,0.6,0.3284789277353108,30000.0,15000.0,1.0,1e-06,1.0,1.0,0.0,0.0,0.0,0.0,0.0,0,1.5,psi4,0,40.326400203266125,49.86672817706558,340.7911930307616,40.31990585076282,49.87107718534429,339.5103471529553,-0.00649435250330143,0.004349008278714719,-1.2808458778062533,1.4264122468659883,-3.2063408569351073,-3.2063408569351073,,,,,,
quant_diff,0.0,50.0,0.5,1.0,rayleigh,1.0,0.24786307681935704,0.5474648795588514,532.0,810.0,809.0,655.2899999999507,0.85,0.2106836152964535,80000.0,40000.0,39998.9141998291,0.035158082105299825,0.03511199815704986,0.036735575141741354,1833.364646786288,1830.9615384127205,1915.6251055593646,diff,simple,0.6,0.3284789277353108,30000.0,15000.0,1.0,1e-06,1.0,1.0,0.0,0.0,0.0,0.0,0.0,0,1.5,psi4,0,40.326400203266125,49.86672817706558,340.7911930307616,1456.0051105628866,1829.9405672430423,14980.37154546108,1415.6787103596205,1780.0738390659767,14639.580352430317,1829.1268652813474,-20.756057071588778,-20.756057071588778,14999.337265014648,nan,nan,0.0,0.0,0.0
hybrid_diff,0.0,50.0,0.5,1.0,rayleigh,1.0,0.24786307681935704,0.5474648795588514,532.0,810.0,809.0,655.2899999999507,0.85,0.2106836152964535,80000.0,40000.0,39998.9141998291,0.03352825724946418,0.0334890777510606,0.03498903108969366,1.4194259746193674,1.4177673021362491,1.48126814901092,diff,simple,0.6,0.3284789277353108,30000.0,15000.0,1.0,1e-06,1.0,1.0,0.0,0.0,0.0,0.0,0.0,0,1.5,psi4,0,40.326400203266125,49.86672817706558,340.7911930307616,283.9660347093901,359.6190961488704,3072.404666013301,243.63963450612397,309.75236797180486,2731.613472982539,356.04052742530365,-5.970613952479515,-5.970613952479515,14999.337265014648,0.03511199815704986,1830.9615384127205,0.0,0.0,0.0
quant_noon2,0.0,50.0,0.5,1.0,rayleigh,1.0,0.24786307681935704,0.5474648795588514,532.0,810.0,809.0,0.405,0.85,0.2106836152964535,80000.0,40000.0,39998.9141998291,0.035049227025863564,0.03502007027249449,0.036668076142063334,1.129597190875038,1.12865750148684,1.1817708782650738,noon2,simple,0.6,0.3284789277353108,30000.0,15000.0,1.0,1e-06,1.0,1.0,0.0,0.0,0.0,0.0,0.0,0,1.5,psi4,0,40.326400203266125,49.86672817706558,340.7911930307616,40.336488722237355,49.876415213970574,341.95444343318206,0.01008851897123003,0.009687036904994801,1.1632504024204584,1.1210499684711681,-3.023218942650989,-3.023218942650989,14999.327239990234,nan,nan,0.0,0.0,0.0
hybrid_noon2,0.0,50.0,0.5,1.0,rayleigh,1.0,0.24786307681935704,0.5474648795588514,532.0,810.0,809.0,0.405,0.85,0.2106836152964535,80000.0,40000.0,39998.9141998291,0.03352825724946418,0.0334890777510606,0.03498903108969366,1.4194259746193674,1.4177673021362491,1.48126814901092,noon2,simple,0.6,0.3284789277353108,30000.0,15000.0,1.0,1e-06,1.0,1.0,0.0,0.0,0.0,0.0,0.0,0,1.5,psi4,0,40.326400203266125,49.86672817706558,340.7911930307616,40.31990585076282,49.87107718534429,339.5103471529553,-0.00649435250330143,0.004349008278714719,-1.2808458778062533,1.426412246865988,-3.2063408569351073,-3.2063408569351073,14999.327239990234,0.03502007027249449,1.12865750148684,0.0,0.0,0.0
classical,0.0,50.0,0.5,1.0,rayleigh,1.0,0.24786307681935704,0.5474648795588514,532.0,810.0,809.0,655.2899999999507,0.85,0.2106836152964535,80000.0,40000.0,40000.93542480469,0.03354081484432312,0.03349982073304859,0.03500888122828001,1.4199576030958763,1.4182221085869737,1.4821085088930226,-,simple,0.6,0.3284789277353108,30000.0,15000.0,1.0,1e-06,1.0,1.0,0.0,0.0,0.0,0.0,0.0,0,1.5,psi4,1,39.65963079405401,49.95750257208303,350.5167686648905,39.69037870288354,49.98883481544864,353.64537253641254,0.030747908829537075,0.031332243365610746,3.128603871522063,1.4293362959842577,2.2903744047044934,2.2903744047044934,,,,,,
quant_diff,0.0,50.0,0.5,1.0,rayleigh,1.0,0.24786307681935704,0.5474648795588514,532.0,810.0,809.0,655.2899999999507,0.85,0.2106836152964535,80000.0,40000.0,40000.93542480469,0.035179680384135575,0.03513684139043287,0.0367990976529843,1834.490917574618,1832.2570216435706,1918.9375708422856,diff,simple,0.6,0.3284789277353108,30000.0,15000.0,1.0,1e-06,1.0,1.0,0.0,0.0,0.0,0.0,0.0,0,1.5,psi4,1,39.65963079405401,49.95750257208303,350.5167686648905,1468.5626936642461,1838.636204849028,14010.506999999736,1428.903062870192,1788.678702276945,13659.990231334847,1837.6943285151822,-31.302854350834984,-31.302854350834984,15000.656127929688,nan,nan,0.0,0.0,0.0
hybrid_diff,0.0,50.0,0.5,1.0,rayleigh,1.0,0.24786307681935704,0.5474648795588514,532.0,810.0,809.0,655.2899999999507,0.85,0.2106836152964535,80000.0,40000.0,40000.93542480469,0.03354081484432312,0.03349982073304859,0.03500888122828001,1.4199576030958763,1.4182221085869737,1.4821085088930226,diff,simple,0.6,0.3284789277353108,30000.0,15000.0,1.0,1e-06,1.0,1.0,0.0,0.0,0.0,0.0,0.0,0,1.5,psi4,1,39.65963079405401,49.95750257208303,350.5167686648905,281.49458291580913,357.6610563811648,3004.9997107255253,241.83495212175512,307.7035538090818,2654.4829420606347,353.7634208003398,-8.322298874285732,-8.322298874285732,15000.656127929688,0.03513684139043287,1832.2570216435706,0.0,0.0,0.0
quant_noon2,0.0,50.0,0.5,1.0,rayleigh,1.0,0.24786307681935704,0.5474648795588514,532.0,810.0,809.0,0.405,0.85,0.2106836152964535,80000.0,40000.0,40000.93542480469,0.03504820059239555,0.035006638446044236,0.0366473577405239,1.1295641100780998,1.128224608818042,1.1811031474714357,noon2,simple,0.6,0.3284789277353108,30000.0,15000.0,1.0,1e-06,1.0,1.0,0.0,0.0,0.0,0.0,0.0,0,1.5,psi4,1,39.65963079405401,49.95750257208303,350.5167686648905,39.68236530744115,49.97259968455979,351.10286432924835,0.022734513387146632,0.015097112476755593,0.5860956643578547,1.1377007657684965,2.0878538255740566,2.0878538255740566,15000.690414428711,nan,nan,0.0,0.0,0.0
hybrid_noon2,0.0,50.0,0.5,1.0,rayleigh,1.0,0.24786307681935704,0.5474648795588514,532.0,810.0,809.0,0.405,0.85,0.2106836152964535,80000.0,40000.0,40000.93542480469,0.03354081484432312,0.03349982073304859,0.03500888122828001,1.4199576030958763,1.4182221085869737,1.4821085088930226,noon2,simple,0.6,0.3284789277353108,30000.0,15000.0,1.0,1e-06,1.0,1.0,0.0,0.0,0.0,0.0,0.0,0,1.5,psi4,1,39.65963079405401,49.95750257208303,350.5167686648905,39.69037870288354,49.98883481544864,353.6453725364126,0.030747908829537075,0.031332243365610746,3.128603871522116,1.4293362959842577,2.2903744047044934,2.2903744047044934,15000.690414428711,0.035006638446044236,1.128224608818042,0.0,0.0,0.0
classical,0.0,50.0,0.5,1.0,rayleigh,1.0,0.24786307681935704,0.5474648795588514,532.0,810.0,809.0,655.2899999999507,0.85,0.2106836152964535,80000.0,40000.0,39999.91928100586,0.03352992096423164,0.03349322772082385,0.03500286090773751,1.4194964083415176,1.417942991997849,1.4818536373293147,-,simple,0.6,0.3284789277353108,30000.0,15000.0,1.0,1e-06,1.0,1.0,0.0,0.0,0.0,0.0,0.0,0,1.5,psi4,2,40.21574153903211,49.80529700338696,318.2399264316901,40.232358555311706,49.82983815538569,318.4873323115073,0.01661701627959581,0.024541151998723497,0.24740587981722734,1.421582830241981,4.695970202436712,4.695970202436712,,,,,,
quant_diff,0.0,50.0,0.5,1.0,rayleigh,1.0,0.24786307681935704,0.5474648795588514,532.0,810.0,809.0,655.2899999999507,0.85,0.2106836152964535,80000.0,40000.0,39999.91928100586,0.035174005965935395,0.03512482722246149,0.03679660327630586,1834.1950175397942,1831.630526980031,1918.8074982744954,diff,simple,0.6,0.3284789277353108,30000.0,15000.0,1.0,1e-06,1.0,1.0,0.0,0.0,0.0,0.0,0.0,0,1.5,psi4,2,40.21574153903211,49.80529700338696,318.2399264316901,1466.316167791995,1838.7891358336237,14321.574098295298,1426.1004262529627,1788.9838388302367,14003.334171863607,1838.5566861678326,10.321081626430178,10.321081626430178,14999.937850952148,nan,nan,0.0,0.0,0.0
hybrid_diff,0.0,50.0,0.5,1.0,rayleigh,1.0,0.24786307681935704,0.5474648795588514,532.0,810.0,809.0,655.2899999999507,0.85,0.2106836152964535,80000.0,40000.0,39999.91928100586,0.03352992096423164,0.03349322772082385,0.03500286090773751,1.4194964083415176,1.417942991997849,1.4818536373293147,diff,simple,0.6,0.3284789277353108,30000.0,15000.0,1.0,1e-06,1.0,1.0,0.0,0.0,0.0,0.0,0.0,0,1.5,psi4,2,40.21574153903211,49.80529700338696,318.2399264316901,283.1456267743238,359.2233493851155,2743.3358188703437,242.92988523529164,309.41805238172856,2425.0958924386537,358.3936108859344,2.661636881660315,2.661636881660315,14999.937850952148,0.03512482722246149,1831.630526980031,0.0,0.0,0.0
quant_noon2,0.0,50.0,0.5,1.0,rayleigh,1.0,0.24786307681935704,0.5474648795588514,532.0,810.0,809.0,0.405,0.85,0.2106836152964535,80000.0,40000.0,39999.91928100586,0.035069382173180716,0.03503617053209762,0.036683263827524716,1.1302467686182027,1.1291763947567728,1.1822603602961728,noon2,simple,0.6,0.3284789277353108,30000.0,15000.0,1.0,1e-06,1.0,1.0,0.0,0.0,0.0,0.0,0.0,0,1.5,psi4,2,40.21574153903211,49.80529700338696,318.2399264316901,40.217212375294075,49.80884827861912,319.1364207963105,0.001470836261969173,0.0035512752321565583,0.8964943646204221,1.1301419651484756,4.7001038050292525,4.7001038050292525,14999.929794311523,nan,nan,0.0,0.0,0.0
hybrid_noon2,0.0,50.0,0.5,1.0,rayleigh,1.0,0.24786307681935704,0.5474648795588514,532.0,810.0,809.0,0.405,0.85,0.2106836152964535,80000.0,40000.0,39999.91928100586,0.03352992096423164,0.03349322772082385,0.03500286090773751,1.4194964083415176,1.417942991997849,1.4818536373293147,noon2,simple,0.6,0.3284789277353108,30000.0,15000.0,1.0,1e-06,1.0,1.0,0.0,0.0,0.0,0.0,0.0,0,1.5,psi4,2,40.21574153903211,49.80529700338696,318.2399264316901,40.23235855531172,49.829838155385694,318.48733231150726,0.016617016279609046,0.024541151998730117,0.2474058798171744,1.4215828302419813,4.695970202436693,4.695970202436693,14999.929794311523,0.03503617053209762,1.1291763947567728,0.0,0.0,0.0
classical,0.0,50.0,0.5,1.0,rayleigh,1.0,0.24786307681935704,0.5474648795588514,532.0,810.0,809.0,655.2899999999507,0.85,0.2106836152964535,80000.0,40000.0,39998.80972290039,0.033534130413613396,0.033490833707630924,0.035025373172754,1.4196746162855467,1.4178416409349426,1.4828066989058282,-,simple,0.6,0.3284789277353108,30000.0,15000.0,1.0,1e-06,1.0,1.0,0.0,0.0,0.0,0.0,0.0,0,1.5,psi4,3,40.4367633925367,49.99767052675088,310.6233222073913,40.44840774011444,50.009893741806145,312.36869415372337,0.01164434757774583,0.012223215055268214,1.7453719463320647,1.4329828229885375,1.9226629966966118,1.9226629966966118,,,,,,
quant_diff,0.0,50.0,0.5,1.0,rayleigh,1.0,0.24786307681935704,0.5474648795588514,532.0,810.0,809.0,655.2899999999507,0.85,0.2106836152964535,80000.0,40000.0,39998.80972290039,0.03516195246087381,0.035109858546674366,0.03676738627920972,1833.5664715917078,1830.8499656025606,1917.2839393556417,diff,simple,0.6,0.3284789277353108,30000.0,15000.0,1.0,1e-06,1.0,1.0,0.0,0.0,0.0,0.0,0.0,0,1.5,psi4,3,40.4367633925367,49.99767052675088,310.6233222073913,1472.1183170577558,1846.148184209433,15418.628332060714,1431.681553665219,1796.1505136826822,15108.005009853325,1845.181746388066,-0.31065276168965644,-0.31065276168965644,14999.625869750977,nan,nan,0.0,0.0,0.0
hybrid_diff,0.0,50.0,0.5,1.0,rayleigh,1.0,0.24786307681935704,0.5474648795588514,532.0,810.0,809.0,655.2899999999507,0.85,0.2106836152964535,80000.0,40000.0,39998.80972290039,0.033534130413613396,0.033490833707630924,0.035025373172754,1.4196746162855467,1.4178416409349426,1.4828066989058282,diff,simple,0.6,0.3284789277353108,30000.0,15000.0,1.0,1e-06,1.0,1.0,0.0,0.0,0.0,0.0,0.0,0,1.5,psi4,3,40.4367633925367,49.99767052675088,310.6233222073913,297.9900825798587,373.43521439201965,3154.668769314206,257.553319187322,323.4375438652688,2844.0454471068147,369.43556559643,15.004588020750681,15.004588020750681,14999.625869750977,0.035109858546674366,1830.8499656025606,0.0,0.0,0.0
quant_noon2,0.0,50.0,0.5,1.0,rayleigh,1.0,0.24786307681935704,0.5474648795588514,532.0,810.0,809.0,0.405,0.85,0.2106836152964535,80000.0,40000.0,39998.80972290039,0.035042383229255146,0.034991614723466874,0.0366537724046549,1.1293766230029394,1.1277404111263967,1.1813098848861425,noon2,simple,0.6,0.3284789277353108,30000.0,15000.0,1.0,1e-06,1.0,1.0,0.0,0.0,0.0,0.0,0.0,0,1.5,psi4,3,40.4367633925367,49.99767052675088,310.6233222073913,40.4339988197474,49.999606332436365,309.64316809499735,-0.0027645727892960264,0.0019358056854820117,-0.9801541123939422,1.1407246681598184,1.8097397950572802,1.8097397950572802,14999.643829345703,nan,nan,0.0,0.0,0.0
hybrid_noon2,0.0,50.0,0.5,1.0,rayleigh,1.0,0.24786307681935704,0.5474648795588514,532.0,810.0,809.0,0.405,0.85,0.2106836152964535,80000.0,40000.0,39998.80972290039,0.033534130413613396,0.033490833707630924,0.035025373172754,1.4196746162855467,1.4178416409349426,1.4828066989058282,noon2,simple,0.6,0.3284789277353108,30000.0,15000.0,1.0,1e-06,1.0,1.0,0.0,0.0,0.0,0.0,0.0,0,1.5,psi4,3,40.4367633925367,49.99767052675088,310.6233222073913,40.44840774011444,50.009893741806145,312.36869415372337,0.01164434757774583,0.012223215055268214,1.7453719463320647,1.4329828229885375,1.9226629966966304,1.9226629966966304,14999.643829345703,0.034991614723466874,1.1277404111263967,0.0,0.0,0.0
classical,0.0,50.0,0.5,1.0,rayleigh,1.0,0.24786307681935704,0.5474648795588514,532.0,810.0,809.0,655.2899999999507,0.85,0.2106836152964535,80000.0,40000.0,40001.17755126953,0.03352850162560718,0.033478662742567264,0.03499600172199202,1.4194363203358884,1.4173263805138894,1.4815632522269984,-,simple,0.6,0.3284789277353108,30000.0,15000.0,1.0,1e-06,1.0,1.0,0.0,0.0,0.0,0.0,0.0,0,1.5,psi4,4,40.40011057790714,49.93013179138292,310.1971324873092,40.42115636178266,49.94093339720738,311.10184491376276,0.02104578387551887,0.010801605824465411,0.9047124264535683,1.4179807585520083,-11.077781592379951,-11.077781592379951,,,,,,
quant_diff,0.0,50.0,0.5,1.0,rayleigh,1.0,0.24786307681935704,0.5474648795588514,532.0,810.0,809.0,655.2899999999507,0.85,0.2106836152964535,80000.0,40000.0,40001.17755126953,0.03516773906860686,0.03512399187510925,0.036776053547907084,1833.8682218979625,1831.5869666885792,1917.7359055341822,diff,simple,0.6,0.3284789277353108,30000.0,15000.0,1.0,1e-06,1.0,1.0,0.0,0.0,0.0,0.0,0.0,0,1.5,psi4,4,40.40011057790714,49.93013179138292,310.1971324873092,1465.5271243854952,1837.2316234034424,14916.030471677852,1425.1270138075881,1787.3014916120594,14605.833339190542,1836.5103464402682,11.648627030476137,11.648627030476137,15000.591262817383,nan,nan,0.0,0.0,0.0
hybrid_diff,0.0,50.0,0.5,1.0,rayleigh,1.0,0.24786307681935704,0.5474648795588514,532.0,810.0,809.0,655.2899999999507,0.85,0.2106836152964535,80000.0,40000.0,40001.17755126953,0.03352850162560718,0.033478662742567264,0.03499600172199202,1.4194363203358884,1.4173263805138894,1.4815632522269984,diff,simple,0.6,0.3284789277353108,30000.0,15000.0,1.0,1e-06,1.0,1.0,0.0,0.0,0.0,0.0,0.0,0,1.5,psi4,4,40.40011057790714,49.93013179138292,310.1971324873092,281.05351635900627,357.05804457956873,2678.667918092069,240.65340578109914,307.1279127881858,2368.47078560476,353.97765783994356,-1.3781539038327466,-1.3781539038327466,15000.591262817383,0.03512399187510925,1831.5869666885792,0.0,0.0,0.0
quant_noon2,0.0,50.0,0.5,1.0,rayleigh,1.0,0.24786307681935704,0.5474648795588514,532.0,810.0,809.0,0.405,0.85,0.2106836152964535,80000.0,40000.0,40001.17755126953,0.03504528923916262,0.035003592469751835,0.03665740553192625,1.1294702804358328,1.1281264404258882,1.1814269764943761,noon2,simple,0.6,0.3284789277353108,30000.0,15000.0,1.0,1e-06,1.0,1.0,0.0,0.0,0.0,0.0,0.0,0,1.5,psi4,4,40.40011057790714,49.93013179138292,310.1971324873092,40.40367899078746,49.934118117893355,311.642482687364,0.0035684128803197884,0.003986326510435697,1.4453502000548055,1.1392468796504995,-10.863668063107294,-10.863668063107294,15000.612609863281,nan,nan,0.0,0.0,0.0
hybrid_noon2,0.0,50.0,0.5,1.0,rayleigh,1.0,0.24786307681935704,0.5474648795588514,532.0,810.0,809.0,0.405,0.85,0.2106836152964535,80000.0,40000.0,40001.17755126953,0.03352850162560718,0.033478662742567264,0.03499600172199202,1.4194363203358884,1.4173263805138894,1.4815632522269984,noon2,simple,0.6,0.3284789277353108,30000.0,15000.0,1.0,1e-06,1.0,1.0,0.0,0.0,0.0,0.0,0.0,0,1.5,psi4,4,40.40011057790714,49.93013179138292,310.1971324873092,40.42115636178266,49.94093339720738,311.10184491376276,0.02104578387551887,0.010801605824465411,0.9047124264535683,1.4179807585520083,-11.077781592379969,-11.077781592379969,15000.612609863281,0.035003592469751835,1.1281264404258882,0.0,0.0,0.0
classical,0.0,50.0,0.5,1.0,rayleigh,1.0,0.24786307681935704,0.5474648795588514,532.0,810.0,809.0,655.2899999999507,0.85,0.2106836152964535,80000.0,40000.0,40000.09182739258,0.03354322843062736,0.033499558702199464,0.035021785399992025,1.4200597827906551,1.4182110154546756,1.4826548097750727,-,simple,0.6,0.3284789277353108,30000.0,15000.0,1.0,1e-06,1.0,1.0,0.0,0.0,0.0,0.0,0.0,0,1.5,psi4,5,39.89497650754211,49.20089138911356,310.7799897363645,39.90977632940277,49.21603031996101,308.9087248052676,0.014799821860659259,0.015138930847454397,-1.871264931096926,1.4253704698970646,-9.989519444088552,-9.989519444088552,,,,,,
quant_diff,0.0,50.0,0.5,1.0,rayleigh,1.0,0.24786307681935704,0.5474648795588514,532.0,810.0,809.0,655.2899999999507,0.85,0.2106836152964535,80000.0,40000.0,40000.09182739258,0.03518130170864377,0.035147380222744155,0.036788265975028864,1834.5754636834008,1832.806582979711,1918.3727386830856,diff,simple,0.6,0.3284789277353108,30000.0,15000.0,1.0,1e-06,1.0,1.0,0.0,0.0,0.0,0.0,0.0,0,1.5,psi4,5,39.89497650754211,49.20089138911356,310.7799897363645,1462.390151850218,1832.1617817688777,14443.324670779668,1422.4951753426758,1782.9608903797641,14132.544681043304,1831.73408814069,43.44919050067673,43.44919050067673,15000.022979736328,nan,nan,0.0,0.0,0.0
hybrid_diff,0.0,50.0,0.5,1.0,rayleigh,1.0,0.24786307681935704,0.5474648795588514,532.0,810.0,809.0,655.2899999999507,0.85,0.2106836152964535,80000.0,40000.0,40000.09182739258,0.03354322843062736,0.033499558702199464,0.035021785399992025,1.4200597827906551,1.4182110154546756,1.4826548097750727,diff,simple,0.6,0.3284789277353108,30000.0,15000.0,1.0,1e-06,1.0,1.0,0.0,0.0,0.0,0.0,0.0,0,1.5,psi4,5,39.89497650754211,49.20089138911356,310.7799897363645,283.0945685428223,362.581748994691,2937.417278209835,243.1995920352802,313.3808576055775,2626.6372884734706,360.8449287223807,3.3311784810028517,3.3311784810028517,15000.022979736328,0.035147380222744155,1832.806582979711,0.0,0.0,0.0
quant_noon2,0.0,50.0,0.5,1.0,rayleigh,1.0,0.24786307681935704,0.5474648795588514,532.0,810.0,809.0,0.405,0.85,0.2106836152964535,80000.0,40000.0,40000.09182739258,0.03507191931983829,0.03502978475087418,0.0366749109670382,1.1303285380031627,1.1289705882057115,1.181991156991507,noon2,simple,0.6,0.3284789277353108,30000.0,15000.0,1.0,1e-06,1.0,1.0,0.0,0.0,0.0,0.0,0.0,0,1.5,psi4,5,39.89497650754211,49.20089138911356,310.7799897363645,39.911680685017615,49.21367081763295,312.74614755304094,0.016704177475509046,0.012779428519394861,1.9661578166764442,1.1274974892484457,-10.017086008825205,-10.017086008825205,14999.980987548828,nan,nan,0.0,0.0,0.0
hybrid_noon2,0.0,50.0,0.5,1.0,rayleigh,1.0,0.24786307681935704,0.5474648795588514,532.0,810.0,809.0,0.405,0.85,0.2106836152964535,80000.0,40000.0,40000.09182739258,0.03354322843062736,0.033499558702199464,0.035021785399992025,1.4200597827906551,1.4182110154546756,1.4826548097750727,noon2,simple,0.6,0.3284789277353108,30000.0,15000.0,1.0,1e-06,1.0,1.0,0.0,0.0,0.0,0.0,0.0,0,1.5,psi4,5,39.89497650754211,49.20089138911356,310.7799897363645,39.90977632940277,49.21603031996101,308.9087248052676,0.014799821860659259,0.015138930847454397,-1.871264931096926,1.4253704698970646,-9.989519444088552,-9.989519444088552,14999.980987548828,0.03502978475087418,1.1289705882057115,0.0,0.0,0.0
classical,0.0,50.0,0.5,1.0,rayleigh,1.0,0.24786307681935704,0.5474648795588514,532.0,810.0,809.0,655.2899999999507,0.85,0.2106836152964535,80000.0,40000.0,39999.32629394531,0.033533920714255795,0.03349729855723736,0.03500244000056302,1.4196657386181863,1.4181153317320847,1.4818358181336455,-,simple,0.6,0.3284789277353108,30000.0,15000.0,1.0,1e-06,1.0,1.0,0.0,0.0,0.0,0.0,0.0,0,1.5,psi4,6,40.00515236849254,49.88244811782471,325.39844336755016,40.019592680634,49.89213287644741,326.7606180636913,0.014440312141458666,0.009684758622702114,1.3621746961411796,1.4341266548611615,-2.4715279364292067,-2.4715279364292067,,,,,,
quant_diff,0.0,50.0,0.5,1.0,rayleigh,1.0,0.24786307681935704,0.5474648795588514,532.0,810.0,809.0,655.2899999999507,0.85,0.2106836152964535,80000.0,40000.0,39999.32629394531,0.03517879972705608,0.03513836813837824,0.036798398845041866,1834.4449945475694,1832.3366359325191,1918.9011305787722,diff,simple,0.6,0.3284789277353108,30000.0,15000.0,1.0,1e-06,1.0,1.0,0.0,0.0,0.0,0.0,0.0,0,1.5,psi4,6,40.00515236849254,49.88244811782471,325.39844336755016,1469.3369586651797,1836.3894018129138,14283.268458516288,1429.3318062966873,1786.5069536950891,13957.87001514874,1835.9391358964576,9.951905391964095,9.951905391964095,14999.56510925293,nan,nan,0.0,0.0,0.0
hybrid_diff,0.0,50.0,0.5,1.0,rayleigh,1.0,0.24786307681935704,0.5474648795588514,532.0,810.0,809.0,655.2899999999507,0.85,0.2106836152964535,80000.0,40000.0,39999.32629394531,0.033533920714255795,0.03349729855723736,0.03500244000056302,1.4196657386181863,1.4181153317320847,1.4818358181336455,diff,simple,0.6,0.3284789277353108,30000.0,15000.0,1.0,1e-06,1.0,1.0,0.0,0.0,0.0,0.0,0.0,0,1.5,psi4,6,40.00515236849254,49.88244811782471,325.39844336755016,287.13103374234703,366.37143950747543,2908.818019228927,247.12588137385453,316.4889913896507,2583.419575861377,364.9599666982171,7.008819132051229,7.008819132051229,14999.56510925293,0.03513836813837824,1832.3366359325191,0.0,0.0,0.0
quant_noon2,0.0,50.0,0.5,1.0,rayleigh,1.0,0.24786307681935704,0.5474648795588514,532.0,810.0,809.0,0.405,0.85,0.2106836152964535,80000.0,40000.0,39999.32629394531,0.035060166081760255,0.03501197634609514,0.0366766572167031,1.129949744350828,1.1283966433367554,1.1820474366553806,noon2,simple,0.6,0.3284789277353108,30000.0,15000.0,1.0,1e-06,1.0,1.0,0.0,0.0,0.0,0.0,0.0,0,1.5,psi4,6,40.00515236849254,49.88244811782471,325.39844336755016,40.01846371651933,49.89413223226228,326.7406026400274,0.013311348026791094,0.011684114437564678,1.342159272477245,1.1382155091727217,-2.23592731296064,-2.23592731296064,14999.588165283203,nan,nan,0.0,0.0,0.0
hybrid_noon2,0.0,50.0,0.5,1.0,rayleigh,1.0,0.24786307681935704,0.5474648795588514,532.0,810.0,809.0,0.405,0.85,0.2106836152964535,80000.0,40000.0,39999.32629394531,0.033533920714255795,0.03349729855723736,0.03500244000056302,1.4196657386181863,1.4181153317320847,1.4818358181336455,noon2,simple,0.6,0.3284789277353108,30000.0,15000.0,1.0,1e-06,1.0,1.0,0.0,0.0,0.0,0.0,0.0,0,1.5,psi4,6,40.00515236849254,49.88244811782471,325.39844336755016,40.019592680634,49.89213287644741,326.76061806369125,0.014440312141458666,0.009684758622702114,1.3621746961411267,1.4341266548611615,-2.471527936429188,-2.471527936429188,14999.588165283203,0.03501197634609514,1.1283966433367554,0.0,0.0,0.0
classical,0.0,50.0,0.5,1.0,rayleigh,1.0,0.24786307681935704,0.5474648795588514,532.0,810.0,809.0,655.2899999999507,0.85,0.2106836152964535,80000.0,40000.0,40000.32661437988,0.033520452668427986,0.033481283001658715,0.03498105407148353,1.4190955660042885,1.4174373097455213,1.4809304402310326,-,simple,0.6,0.3284789277353108,30000.0,15000.0,1.0,1e-06,1.0,1.0,0.0,0.0,0.0,0.0,0.0,0,1.5,psi4,7,40.064584243745635,49.770494261090406,308.2574797939747,40.091531936181624,49.79494465125566,308.0384762068744,0.02694769243598491,0.024450390165251384,-0.2190035871003149,1.4102521894452569,-4.975146554216755,-4.975146554216755,,,,,,
quant_diff,0.0,50.0,0.5,1.0,rayleigh,1.0,0.24786307681935704,0.5474648795588514,532.0,810.0,809.0,655.2899999999507,0.85,0.2106836152964535,80000.0,40000.0,40000.32661437988,0.03516139159903102,0.0351081430871754,0.036760444002614204,1833.5372247098321,1830.7605107003,1916.9219251695347,diff,simple,0.6,0.3284789277353108,30000.0,15000.0,1.0,1e-06,1.0,1.0,0.0,0.0,0.0,0.0,0.0,0,1.5,psi4,7,40.064584243745635,49.770494261090406,308.2574797939747,1457.7515207208917,1831.0237476820914,14134.184404449477,1417.686936477146,1781.253253421001,13825.926924655503,1830.1584047779572,-10.810949931631635,-10.810949931631635,15000.197830200195,nan,nan,0.0,0.0,0.0
hybrid_diff,0.0,50.0,0.5,1.0,rayleigh,1.0,0.24786307681935704,0.5474648795588514,532.0,810.0,809.0,655.2899999999507,0.85,0.2106836152964535,80000.0,40000.0,40000.32661437988,0.033520452668427986,0.033481283001658715,0.03498105407148353,1.4190955660042885,1.4174373097455213,1.4809304402310326,diff,simple,0.6,0.3284789277353108,30000.0,15000.0,1.0,1e-06,1.0,1.0,0.0,0.0,0.0,0.0,0.0,0,1.5,psi4,7,40.064584243745635,49.770494261090406,308.2574797939747,288.6970544685474,365.1960708016393,2734.8288827842102,248.63247022480172,315.4255765405489,2426.5714029902356,361.65262269027664,-15.001456659139834,-15.001456659139834,15000.197830200195,0.0351081430871754,1830.7605107003,0.0,0.0,0.0
quant_noon2,0.0,50.0,0.5,1.0,rayleigh,1.0,0.24786307681935704,0.5474648795588514,532.0,810.0,809.0,0.405,0.85,0.2106836152964535,80000.0,40000.0,40000.32661437988,0.035057295312641436,0.035015684091535645,0.03665590280002215,1.1298572226889416,1.1285161398047086,1.1813785451342136,noon2,simple,0.6,0.3284789277353108,30000.0,15000.0,1.0,1e-06,1.0,1.0,0.0,0.0,0.0,0.0,0.0,0,1.5,psi4,7,40.064584243745635,49.770494261090406,308.2574797939747,40.0726565657524,49.78258470333724,307.5424650977621,0.008072322006766997,0.012090442246836372,-0.7150146962125781,1.1362612412944941,-4.719714464688187,-4.719714464688187,15000.161270141602,nan,nan,0.0,0.0,0.0
hybrid_noon2,0.0,50.0,0.5,1.0,rayleigh,1.0,0.24786307681935704,0.5474648795588514,532.0,810.0,809.0,0.405,0.85,0.2106836152964535,80000.0,40000.0,40000.32661437988,0.033520452668427986,0.033481283001658715,0.03498105407148353,1.4190955660042885,1.4174373097455213,1.4809304402310326,noon2,simple,0.6,0.3284789277353108,30000.0,15000.0,1.0,1e-06,1.0,1.0,0.0,0.0,0.0,0.0,0.0,0,1.5,psi4,7,40.064584243745635,49.770494261090406,308.2574797939747,40.091531936181624,49.79494465125566,308.03847620687435,0.02694769243598491,0.024450390165251384,-0.21900358710036782,1.4102521894452569,-4.975146554216755,-4.975146554216755,15000.161270141602,0.035015684091535645,1.1285161398047086,0.0,0.0,0.0
classical,0.0,50.0,0.5,1.0,rayleigh,1.0,0.24786307681935704,0.5474648795588514,532.0,810.0,809.0,655.2899999999507,0.85,0.2106836152964535,80000.0,40000.0,39999.33930969238,0.03353818666504976,0.03350233696453521,0.03501099210488185,1.4198463385616413,1.4183286337876035,1.4821978733075096,-,simple,0.6,0.3284789277353108,30000.0,15000.0,1.0,1e-06,1.0,1.0,0.0,0.0,0.0,0.0,0.0,0,1.5,psi4,8,39.28947784976722,49.35473144288865,339.67340988430885,39.294166993375164,49.36268230214919,339.2412122724612,0.004689143607940361,0.00795085926053596,-0.43219761184761885,1.4079935954716365,-4.434693347474397,-4.434693347474397,,,,,,
quant_diff,0.0,50.0,0.5,1.0,rayleigh,1.0,0.24786307681935704,0.5474648795588514,532.0,810.0,809.0,655.2899999999507,0.85,0.2106836152964535,80000.0,40000.0,39999.33930969238,0.035174115488248836,0.035125577490921066,0.03677185327372687,1834.2007287255433,1831.6696507202068,1917.516876687109,diff,simple,0.6,0.3284789277353108,30000.0,15000.0,1.0,1e-06,1.0,1.0,0.0,0.0,0.0,0.0,0.0,0,1.5,psi4,8,39.28947784976722,49.35473144288865,339.67340988430885,1450.1136639268946,1821.1554544820403,14608.72515328698,1410.8241860771275,1771.8007230391518,14269.05174340267,1821.0878809547546,32.32543560686006,32.32543560686006,14999.598815917969,nan,nan,0.0,0.0,0.0
hybrid_diff,0.0,50.0,0.5,1.0,rayleigh,1.0,0.24786307681935704,0.5474648795588514,532.0,810.0,809.0,655.2899999999507,0.85,0.2106836152964535,80000.0,40000.0,39999.33930969238,0.03353818666504976,0.03350233696453521,0.03501099210488185,1.4198463385616413,1.4183286337876035,1.4821978733075096,diff,simple,0.6,0.3284789277353108,30000.0,15000.0,1.0,1e-06,1.0,1.0,0.0,0.0,0.0,0.0,0.0,0,1.5,psi4,8,39.28947784976722,49.35473144288865,339.67340988430885,284.649915571941,363.9218472131252,3303.638637807156,245.3604377221738,314.56711577023657,2963.9652279228476,364.1642092730211,2.0531268802991254,2.0531268802991254,14999.598815917969,0.035125577490921066,1831.6696507202068,0.0,0.0,0.0
quant_noon2,0.0,50.0,0.5,1.0,rayleigh,1.0,0.24786307681935704,0.5474648795588514,532.0,810.0,809.0,0.405,0.85,0.2106836152964535,80000.0,40000.0,39999.33930969238,0.03504254501323158,0.03500555280985028,0.036672658225100394,1.1293818371186508,1.1281896199837922,1.1819185536509873,noon2,simple,0.6,0.3284789277353108,30000.0,15000.0,1.0,1e-06,1.0,1.0,0.0,0.0,0.0,0.0,0.0,0,1.5,psi4,8,39.28947784976722,49.35473144288865,339.67340988430885,39.31132984826976,49.37669822811856,343.1777283745471,0.021851998502536014,0.021966785229910434,3.5043184902382563,1.1345934237819846,-4.088692086336319,-4.088692086336319,14999.646469116211,nan,nan,0.0,0.0,0.0
hybrid_noon2,0.0,50.0,0.5,1.0,rayleigh,1.0,0.24786307681935704,0.5474648795588514,532.0,810.0,809.0,0.405,0.85,0.2106836152964535,80000.0,40000.0,39999.33930969238,0.03353818666504976,0.03350233696453521,0.03501099210488185,1.4198463385616413,1.4183286337876035,1.4821978733075096,noon2,simple,0.6,0.3284789277353108,30000.0,15000.0,1.0,1e-06,1.0,1.0,0.0,0.0,0.0,0.0,0.0,0,1.5,psi4,8,39.28947784976722,49.35473144288865,339.67340988430885,39.294166993375164,49.36268230214919,339.24121227246115,0.004689143607940361,0.00795085926053596,-0.43219761184772476,1.4079935954716365,-4.434693347474397,-4.434693347474397,14999.646469116211,0.03500555280985028,1.1281896199837922,0.0,0.0,0.0
classical,0.0,50.0,0.5,1.0,rayleigh,1.0,0.24786307681935704,0.5474648795588514,532.0,810.0,809.0,655.2899999999507,0.85,0.2106836152964535,80000.0,40000.0,39999.739028930664,0.03354260469731391,0.03350189973584784,0.03499079190063394,1.4200333769068134,1.41831012361718,1.4813426933204092,-,simple,0.6,0.3284789277353108,30000.0,15000.0,1.0,1e-06,1.0,1.0,0.0,0.0,0.0,0.0,0.0,0,1.5,psi4,9,39.74152669762534,49.58433982689807,363.8532564992935,39.75153646118069,49.59106273610522,365.8107866486983,0.01000976355535319,0.006722909207149545,1.9575301494047923,1.423110172607081,-4.681813977861377,-4.681813977861377,,,,,,
quant_diff,0.0,50.0,0.5,1.0,rayleigh,1.0,0.24786307681935704,0.5474648795588514,532.0,810.0,809.0,655.2899999999507,0.85,0.2106836152964535,80000.0,40000.0,39999.739028930664,0.0351762249636762,0.03513928053773817,0.03681173316612453,1834.3107301090154,1832.3842142027224,1919.5964663706573,diff,simple,0.6,0.3284789277353108,30000.0,15000.0,1.0,1e-06,1.0,1.0,0.0,0.0,0.0,0.0,0.0,0,1.5,psi4,9,39.74152669762534,49.58433982689807,363.8532564992935,1455.9660333843642,1823.0954496108297,14903.942036791672,1416.2245066867388,1773.5111097839317,14540.088780292379,1822.08112642917,41.82957209886917,41.82957209886917,14999.794372558594,nan,nan,0.0,0.0,0.0
hybrid_diff,0.0,50.0,0.5,1.0,rayleigh,1.0,0.24786307681935704,0.5474648795588514,532.0,810.0,809.0,655.2899999999507,0.85,0.2106836152964535,80000.0,40000.0,39999.739028930664,0.03354260469731391,0.03350189973584784,0.03499079190063394,1.4200333769068134,1.41831012361718,1.4813426933204092,diff,simple,0.6,0.3284789277353108,30000.0,15000.0,1.0,1e-06,1.0,1.0,0.0,0.0,0.0,0.0,0.0,0,1.5,psi4,9,39.74152669762534,49.58433982689807,363.8532564992935,288.11057567539314,367.97291399197303,3173.935694664998,248.36904897776782,318.38857416507494,2810.082438165705,364.2583797935506,12.974006640613112,12.974006640613112,14999.794372558594,0.03513928053773817,1832.3842142027224,0.0,0.0,0.0
quant_noon2,0.0,50.0,0.5,1.0,rayleigh,1.0,0.24786307681935704,0.5474648795588514,532.0,810.0,809.0,0.405,0.85,0.2106836152964535,80000.0,40000.0,39999.739028930664,0.0350553259897623,0.035016789413582404,0.036666605589303035,1.129793753626113,1.128551763091867,1.1817234840025457,noon2,simple,0.6,0.3284789277353108,30000.0,15000.0,1.0,1e-06,1.0,1.0,0.0,0.0,0.0,0.0,0.0,0,1.5,psi4,9,39.74152669762534,49.58433982689807,363.8532564992935,39.753837685255604,49.59428840645188,365.16448115726746,0.012310987630265268,0.009948579553807438,1.3112246579739721,1.1397240933728907,-4.461262506499913,-4.461262506499913,14999.828826904297,nan,nan,0.0,0.0,0.0
hybrid_noon2,0.0,50.0,0.5,1.0,rayleigh,1.0,0.24786307681935704,0.5474648795588514,532.0,810.0,809.0,0.405,0.85,0.2106836152964535,80000.0,40000.0,39999.739028930664,0.03354260469731391,0.03350189973584784,0.03499079190063394,1.4200333769068134,1.41831012361718,1.4813426933204092,noon2,simple,0.6,0.3284789277353108,30000.0,15000.0,1.0,1e-06,1.0,1.0,0.0,0.0,0.0,0.0,0.0,0,1.5,psi4,9,39.74152669762534,49.58433982689807,363.8532564992935,39.75153646118069,49.59106273610522,365.8107866486983,0.01000976355535319,0.006722909207149545,1.9575301494047923,1.423110172607081,-4.681813977861377,-4.681813977861377,14999.828826904297,0.035016789413582404,1.128551763091867,0.0,0.0,0.0
classical,0.0,50.0,0.5,0.7,rayleigh,1.0,0.24786307681935704,0.5474648795588514,532.0,810.0,809.0,655.2899999999507,0.85,0.14747853070751743,80000.0,40000.0,39998.90434265137,0.04796100465316185,0.04784737036365142,0.05097419276032435,2.0304394370102914,2.0256287049481263,2.158003402947977,-,simple,0.6,0.22993524941471757,30000.0,15000.0,1.0,1e-06,1.0,1.0,0.0,0.0,0.0,0.0,0.0,0,1.5,psi4,0,40.326400203266125,49.86672817706558,340.7911930307616,40.33834737891936,49.88653606250329,338.0659409815166,0.011947175653232464,0.019807885437709803,-2.7252520492450203,2.0327884620214887,-3.1457054263031137,-3.1457054263031137,,,,,,
quant_diff,0.0,50.0,0.5,0.7,rayleigh,1.0,0.24786307681935704,0.5474648795588514,532.0,810.0,809.0,655.2899999999507,0.85,0.14747853070751743,80000.0,40000.0,39998.90434265137,0.05025087109993568,0.05011291611553413,0.053594516198181195,2620.3980714564977,2613.2042265109103,2794.7568631608815,diff,simple,0.6,0.22993524941471757,30000.0,15000.0,1.0,1e-06,1.0,1.0,0.0,0.0,0.0,0.0,0.0,0,1.5,psi4,0,40.326400203266125,49.86672817706558,340.7911930307616,2101.6204053720744,2625.079555096641,20692.745397221737,2061.294005168808,2575.212826919575,20351.954204190974,2624.4683229171396,-40.300273477323906,-40.300273477323906,14999.324142456055,nan,nan,0.0,0.0,0.0
hybrid_diff,0.0,50.0,0.5,0.7,rayleigh,1.0,0.24786307681935704,0.5474648795588514,532.0,810.0,809.0,655.2899999999507,0.85,0.14747853070751743,80000.0,40000.0,39998.90434265137,0.04796100465316185,0.04784737036365142,0.05097419276032435,2.0304394370102914,2.0256287049481263,2.158003402947977,diff,simple,0.6,0.22993524941471757,30000.0,15000.0,1.0,1e-06,1.0,1.0,0.0,0.0,0.0,0.0,0.0,0,1.5,psi4,0,40.326400203266125,49.86672817706558,340.7911930307616,407.429458066171,512.4881805288006,3941.8269521660504,367.1030578629049,462.62145235173506,3601.0357591352886,509.9413705837457,-19.378763097464702,-19.378763097464702,14999.324142456055,0.05011291611553413,2613.2042265109103,0.0,0.0,0.0
quant_noon2,0.0,50.0,0.5,0.7,rayleigh,1.0,0.24786307681935704,0.5474648795588514,532.0,810.0,809.0,0.405,0.85,0.14747853070751743,80000.0,40000.0,39998.90434265137,0.05020448563281453,0.05008238108368972,0.053472639087016584,1.618034140904316,1.614098848534454,1.7233630532506858,noon2,simple,0.6,0.22993524941471757,30000.0,15000.0,1.0,1e-06,1.0,1.0,0.0,0.0,0.0,0.0,0.0,0,1.5,psi4,0,40.326400203266125,49.86672817706558,340.7911930307616,40.340197421853354,49.882449034017625,340.7728059221049,0.013797218587228988,0.01572085695204885,-0.018387108656693144,1.6099808881125852,-3.1270449575537618,-3.1270449575537618,14999.304565429688,nan,nan,0.0,0.0,0.0
hybrid_noon2,0.0,50.0,0.5,0.7,rayleigh,1.0,0.24786307681935704,0.5474648795588514,532.0,810.0,809.0,0.405,0.85,0.14747853070751743,80000.0,40000.0,39998.90434265137,0.04796100465316185,0.04784737036365142,0.05097419276032435,2.0304394370102914,2.0256287049481263,2.158003402947977,noon2,simple,0.6,0.22993524941471757,30000.0,15000.0,1.0,1e-06,1.0,1.0,0.0,0.0,0.0,0.0,0.0,0,1.5,psi4,0,40.326400203266125,49.86672817706558,340.7911930307616,40.33834737891936,49.88653606250329,338.0659409815166,0.011947175653232464,0.019807885437709803,-2.7252520492450203,2.0327884620214887,-3.1457054263031137,-3.1457054263031137,14999.304565429688,0.05008238108368972,1.614098848534454,0.0,0.0,0.0
classical,0.0,50.0,0.5,0.7,rayleigh,1.0,0.24786307681935704,0.5474648795588514,532.0,810.0,809.0,655.2899999999507,0.85,0.14747853070751743,80000.0,40000.0,40000.97959899902,0.04797919756626888,0.04785677496054281,0.05100952088943371,2.0312096378956515,2.0260268505782175,2.15949902688451,-,simple,0.6,0.22993524941471757,30000.0,15000.0,1.0,1e-06,1.0,1.0,0.0,0.0,0.0,0.0,0.0,0,1.5,psi4,1,39.65963079405401,49.95750257208303,350.5167686648905,39.699578285650425,49.99730971386738,352.4595149054004,0.03994749159641457,0.03980714178434911,1.942746240509908,2.0321497867247946,2.4256567515585763,2.4256567515585763,,,,,,
quant_diff,0.0,50.0,0.5,0.7,rayleigh,1.0,0.24786307681935704,0.5474648795588514,532.0,810.0,809.0,655.2899999999507,0.85,0.14747853070751743,80000.0,40000.0,40000.97959899902,0.05029539708010977,0.050127921294588804,0.053676761454469236,2622.71993752616,2613.9866913995,2799.0456507230915,diff,simple,0.6,0.22993524941471757,30000.0,15000.0,1.0,1e-06,1.0,1.0,0.0,0.0,0.0,0.0,0.0,0,1.5,psi4,1,39.65963079405401,49.95750257208303,350.5167686648905,2080.4365806395754,2606.0579081384344,20127.302941866674,2040.7769498455211,2556.100405566351,19776.786173201785,2605.4331278053382,-6.88854955297666,-6.88854955297666,15000.605178833008,nan,nan,0.0,0.0,0.0
hybrid_diff,0.0,50.0,0.5,0.7,rayleigh,1.0,0.24786307681935704,0.5474648795588514,532.0,810.0,809.0,655.2899999999507,0.85,0.14747853070751743,80000.0,40000.0,40000.97959899902,0.04797919756626888,0.04785677496054281,0.05100952088943371,2.0312096378956515,2.0260268505782175,2.15949902688451,diff,simple,0.6,0.22993524941471757,30000.0,15000.0,1.0,1e-06,1.0,1.0,0.0,0.0,0.0,0.0,0.0,0,1.5,psi4,1,39.65963079405401,49.95750257208303,350.5167686648905,397.87531458748583,505.7511562757446,4033.6122303259563,358.2156837934318,455.7936537036616,3683.095461661066,502.73932236916005,-2.383563211408983,-2.383563211408983,15000.605178833008,0.050127921294588804,2613.9866913995,0.0,0.0,0.0
quant_noon2,0.0,50.0,0.5,0.7,rayleigh,1.0,0.24786307681935704,0.5474648795588514,532.0,810.0,809.0,0.405,0.85,0.14747853070751743,80000.0,40000.0,40000.97959899902,0.05019660449765177,0.05005877410563224,0.05353247795326501,1.6177801407766048,1.6133380221664688,1.7252915926495571,noon2,simple,0.6,0.22993524941471757,30000.0,15000.0,1.0,1e-06,1.0,1.0,0.0,0.0,0.0,0.0,0.0,0,1.5,psi4,1,39.65963079405401,49.95750257208303,350.5167686648905,39.70046167077774,49.98416232905966,351.9182221142924,0.04083087672373399,0.02665975697662731,1.4014534494019355,1.6259573278102188,2.3387575163599643,2.3387575163599643,15000.604415893555,nan,nan,0.0,0.0,0.0
hybrid_noon2,0.0,50.0,0.5,0.7,rayleigh,1.0,0.24786307681935704,0.5474648795588514,532.0,810.0,809.0,0.405,0.85,0.14747853070751743,80000.0,40000.0,40000.97959899902,0.04797919756626888,0.04785677496054281,0.05100952088943371,2.0312096378956515,2.0260268505782175,2.15949902688451,noon2,simple,0.6,0.22993524941471757,30000.0,15000.0,1.0,1e-06,1.0,1.0,0.0,0.0,0.0,0.0,0.0,0,1.5,psi4,1,39.65963079405401,49.95750257208303,350.5167686648905,39.699578285650425,49.99730971386739,352.4595149054004,0.03994749159641457,0.03980714178435573,1.942746240509908,2.032149786724795,2.4256567515585763,2.4256567515585763,15000.604415893555,0.05005877410563224,1.6133380221664688,0.0,0.0,0.0
classical,0.0,50.0,0.5,0.7,rayleigh,1.0,0.24786307681935704,0.5474648795588514,532.0,810.0,809.0,655.2899999999507,0.85,0.14747853070751743,80000.0,40000.0,39999.9035949707,0.04796367515617253,0.04787754088412689,0.05097620996203574,2.0305524933290395,2.026905980414967,2.15808880161585,-,simple,0.6,0.22993524941471757,30000.0,15000.0,1.0,1e-06,1.0,1.0,0.0,0.0,0.0,0.0,0.0,0,1.5,psi4,2,40.21574153903211,49.80529700338696,318.2399264316901,40.237081517965805,49.84450394398412,317.71758502802743,0.021339978933694877,0.03920694059716353,-0.5223414036626856,2.0357303820029156,4.586186761690254,4.586186761690254,,,,,,
quant_diff,0.0,50.0,0.5,0.7,rayleigh,1.0,0.24786307681935704,0.5474648795588514,532.0,810.0,809.0,655.2899999999507,0.85,0.14747853070751743,80000.0,40000.0,39999.9035949707,0.05028370137326881,0.050176385827380855,0.053587213734288625,2622.1100494390575,2616.51393849955,2794.3760665322434,diff,simple,0.6,0.22993524941471757,30000.0,15000.0,1.0,1e-06,1.0,1.0,0.0,0.0,0.0,0.0,0.0,0,1.5,psi4,2,40.21574153903211,49.80529700338696,318.2399264316901,2093.9695652431064,2622.9551288613916,21763.30432489905,2053.753823704074,2573.1498318580047,21445.06439846736,2621.993623726865,16.145477651912884,16.145477651912884,14999.950454711914,nan,nan,0.0,0.0,0.0
hybrid_diff,0.0,50.0,0.5,0.7,rayleigh,1.0,0.24786307681935704,0.5474648795588514,532.0,810.0,809.0,655.2899999999507,0.85,0.14747853070751743,80000.0,40000.0,39999.9035949707,0.04796367515617253,0.04787754088412689,0.05097620996203574,2.0305524933290395,2.026905980414967,2.15808880161585,diff,simple,0.6,0.22993524941471757,30000.0,15000.0,1.0,1e-06,1.0,1.0,0.0,0.0,0.0,0.0,0.0,0,1.5,psi4,2,40.21574153903211,49.80529700338696,318.2399264316901,402.77928996206583,508.78492501802555,4125.041480018217,362.5635484230337,458.9796280146386,3806.801553586527,504.59961688346084,13.416716818799038,13.416716818799038,14999.950454711914,0.050176385827380855,2616.51393849955,0.0,0.0,0.0
quant_noon2,0.0,50.0,0.5,0.7,rayleigh,1.0,0.24786307681935704,0.5474648795588514,532.0,810.0,809.0,0.405,0.85,0.14747853070751743,80000.0,40000.0,39999.9035949707,0.05021298951692344,0.050086890012460535,0.05355530048819205,1.6183082115305774,1.6142441662405937,1.7260271372971814,noon2,simple,0.6,0.22993524941471757,30000.0,15000.0,1.0,1e-06,1.0,1.0,0.0,0.0,0.0,0.0,0.0,0,1.5,psi4,2,40.21574153903211,49.80529700338696,318.2399264316901,40.227755769562314,49.82456410880379,320.0211270596474,0.012014230530205679,0.01926710541682779,1.7812006279573174,1.6228825382456868,4.533167243435141,4.533167243435141,15000.727783203125,nan,nan,0.0,0.0,0.0
hybrid_noon2,0.0,50.0,0.5,0.7,rayleigh,1.0,0.24786307681935704,0.5474648795588514,532.0,810.0,809.0,0.405,0.85,0.14747853070751743,80000.0,40000.0,39999.9035949707,0.04796367515617253,0.04787754088412689,0.05097620996203574,2.0305524933290395,2.026905980414967,2.15808880161585,noon2,simple,0.6,0.22993524941471757,30000.0,15000.0,1.0,1e-06,1.0,1.0,0.0,0.0,0.0,0.0,0.0,0,1.5,psi4,2,40.21574153903211,49.80529700338696,318.2399264316901,40.237081517965805,49.84450394398412,317.7175850280274,0.021339978933694877,0.03920694059716353,-0.5223414036627385,2.0357303820029156,4.586186761690272,4.586186761690272,15000.727783203125,0.050086890012460535,1.6142441662405937,0.0,0.0,0.0
classical,0.0,50.0,0.5,0.7,rayleigh,1.0,0.24786307681935704,0.5474648795588514,532.0,810.0,809.0,655.2899999999507,0.85,0.14747853070751743,80000.0,40000.0,39999.36787414551,0.04797304053431191,0.04787181698477319,0.05100251526470657,2.030948978624838,2.026663657905977,2.159202442256441,-,simple,0.6,0.22993524941471757,30000.0,15000.0,1.0,1e-06,1.0,1.0,0.0,0.0,0.0,0.0,0.0,0,1.5,psi4,3,40.4367633925367,49.99767052675088,310.6233222073913,40.45347415396861,50.02696228107417,312.10331297770017,0.016710761431909728,0.029291754323288576,1.4799907703088626,2.0260228273591205,1.9990738836684154,1.9990738836684154,,,,,,
quant_diff,0.0,50.0,0.5,0.7,rayleigh,1.0,0.24786307681935704,0.5474648795588514,532.0,810.0,809.0,655.2899999999507,0.85,0.14747853070751743,80000.0,40000.0,39999.36787414551,0.05025925248248207,0.05010807261388949,0.0535796096521717,2620.835129723946,2612.9516557177903,2793.9795416227594,diff,simple,0.6,0.22993524941471757,30000.0,15000.0,1.0,1e-06,1.0,1.0,0.0,0.0,0.0,0.0,0.0,0,1.5,psi4,3,40.4367633925367,49.99767052675088,310.6233222073913,2095.1658837384557,2628.1125937680977,22690.006485218826,2054.729120345919,2578.114923241347,22379.383163011433,2627.629319694408,17.369937303721528,17.369937303721528,14999.59359741211,nan,nan,0.0,0.0,0.0
hybrid_diff,0.0,50.0,0.5,0.7,rayleigh,1.0,0.24786307681935704,0.5474648795588514,532.0,810.0,809.0,655.2899999999507,0.85,0.14747853070751743,80000.0,40000.0,39999.36787414551,0.04797304053431191,0.04787181698477319,0.05100251526470657,2.030948978624838,2.026663657905977,2.159202442256441,diff,simple,0.6,0.22993524941471757,30000.0,15000.0,1.0,1e-06,1.0,1.0,0.0,0.0,0.0,0.0,0.0,0,1.5,psi4,3,40.4367633925367,49.99767052675088,310.6233222073913,421.3518871367516,530.527244164937,4104.0108379615685,380.9151237442149,480.5295736381861,3793.3875157541775,528.255595879801,19.827981112735724,19.827981112735724,14999.59359741211,0.05010807261388949,2612.9516557177903,0.0,0.0,0.0
quant_noon2,0.0,50.0,0.5,0.7,rayleigh,1.0,0.24786307681935704,0.5474648795588514,532.0,810.0,809.0,0.405,0.85,0.14747853070751743,80000.0,40000.0,39999.36787414551,0.050185738127036986,0.050072329393202164,0.05351051815238493,1.6174299298657502,1.61377489384838,1.7245838529505333,noon2,simple,0.6,0.22993524941471757,30000.0,15000.0,1.0,1e-06,1.0,1.0,0.0,0.0,0.0,0.0,0.0,0,1.5,psi4,3,40.4367633925367,49.99767052675088,310.6233222073913,40.45157955847214,50.030841671829236,313.1742392346962,0.014816165935446492,0.03317114507835658,2.5509170273048722,1.6290738111275769,1.688278093712434,1.688278093712434,14999.568710327148,nan,nan,0.0,0.0,0.0
hybrid_noon2,0.0,50.0,0.5,0.7,rayleigh,1.0,0.24786307681935704,0.5474648795588514,532.0,810.0,809.0,0.405,0.85,0.14747853070751743,80000.0,40000.0,39999.36787414551,0.04797304053431191,0.04787181698477319,0.05100251526470657,2.030948978624838,2.026663657905977,2.159202442256441,noon2,simple,0.6,0.22993524941471757,30000.0,15000.0,1.0,1e-06,1.0,1.0,0.0,0.0,0.0,0.0,0.0,0,1.5,psi4,3,40.4367633925367,49.99767052675088,310.6233222073913,40.45347415396861,50.02696228107417,312.10331297770006,0.016710761431909728,0.029291754323288576,1.4799907703087567,2.0260228273591205,1.999073883668434,1.999073883668434,14999.568710327148,0.050072329393202164,1.61377489384838,0.0,0.0,0.0
classical,0.0,50.0,0.5,0.7,rayleigh,1.0,0.24786307681935704,0.5474648795588514,532.0,810.0,809.0,655.2899999999507,0.85,0.14747853070751743,80000.0,40000.0,40000.43669128418,0.04797409189734238,0.047853726397759484,0.05098202445650839,2.0309934883046314,2.025897789017764,2.158334959488666,-,simple,0.6,0.22993524941471757,30000.0,15000.0,1.0,1e-06,1.0,1.0,0.0,0.0,0.0,0.0,0.0,0,1.5,psi4,4,40.40011057790714,49.93013179138292,310.1971324873092,40.43793944821295,49.9798768761947,311.6243219229731,0.03782887030580763,0.04974508481177969,1.42718943566388,2.030463084872584,-10.908158996590647,-10.908158996590647,,,,,,
quant_diff,0.0,50.0,0.5,0.7,rayleigh,1.0,0.24786307681935704,0.5474648795588514,532.0,810.0,809.0,655.2899999999507,0.85,0.14747853070751743,80000.0,40000.0,40000.43669128418,0.05027199409789036,0.050154917055467284,0.053631527368845196,2621.499558095282,2615.394421020799,2796.6868595591013,diff,simple,0.6,0.22993524941471757,30000.0,15000.0,1.0,1e-06,1.0,1.0,0.0,0.0,0.0,0.0,0.0,0,1.5,psi4,4,40.40011057790714,49.93013179138292,310.1971324873092,2074.590302140186,2590.627670707807,19132.61109583277,2034.1901915622786,2540.6975389164245,18822.41396334546,2589.709991620434,-14.595177388230894,-14.595177388230894,15000.578063964844,nan,nan,0.0,0.0,0.0
hybrid_diff,0.0,50.0,0.5,0.7,rayleigh,1.0,0.24786307681935704,0.5474648795588514,532.0,810.0,809.0,655.2899999999507,0.85,0.14747853070751743,80000.0,40000.0,40000.43669128418,0.04797409189734238,0.047853726397759484,0.05098202445650839,2.0309934883046314,2.025897789017764,2.158334959488666,diff,simple,0.6,0.22993524941471757,30000.0,15000.0,1.0,1e-06,1.0,1.0,0.0,0.0,0.0,0.0,0.0,0,1.5,psi4,4,40.40011057790714,49.93013179138292,310.1971324873092,392.7665792857896,498.5354541972503,3684.959238392108,352.36646870788246,448.6053224058674,3374.762105904799,494.4914960117216,13.465701460699083,13.465701460699083,15000.578063964844,0.050154917055467284,2615.394421020799,0.0,0.0,0.0
quant_noon2,0.0,50.0,0.5,0.7,rayleigh,1.0,0.24786307681935704,0.5474648795588514,532.0,810.0,809.0,0.405,0.85,0.14747853070751743,80000.0,40000.0,40000.43669128418,0.05017486406086968,0.050032130424598295,0.05347779225344579,1.617079470935888,1.6124793262748787,1.723529134012417,noon2,simple,0.6,0.22993524941471757,30000.0,15000.0,1.0,1e-06,1.0,1.0,0.0,0.0,0.0,0.0,0.0,0,1.5,psi4,4,40.40011057790714,49.93013179138292,310.1971324873092,40.41867660852205,49.95035281805135,312.22938860103557,0.018566030614909693,0.020221026668432472,2.0322561137263526,1.6244793685781593,-10.783548862505446,-10.783548862505446,15000.561813354492,nan,nan,0.0,0.0,0.0
hybrid_noon2,0.0,50.0,0.5,0.7,rayleigh,1.0,0.24786307681935704,0.5474648795588514,532.0,810.0,809.0,0.405,0.85,0.14747853070751743,80000.0,40000.0,40000.43669128418,0.04797409189734238,0.047853726397759484,0.05098202445650839,2.0309934883046314,2.025897789017764,2.158334959488666,noon2,simple,0.6,0.22993524941471757,30000.0,15000.0,1.0,1e-06,1.0,1.0,0.0,0.0,0.0,0.0,0.0,0,1.5,psi4,4,40.40011057790714,49.93013179138292,310.1971324873092,40.43793944821295,49.9798768761947,311.624321922973,0.03782887030580763,0.04974508481177969,1.4271894356638268,2.030463084872584,-10.908158996590647,-10.908158996590647,15000.561813354492,0.050032130424598295,1.6124793262748787,0.0,0.0,0.0
classical,0.0,50.0,0.5,0.7,rayleigh,1.0,0.24786307681935704,0.5474648795588514,532.0,810.0,809.0,655.2899999999507,0.85,0.14747853070751743,80000.0,40000.0,40000.07702636719,0.04798682365591603,0.047866501694944164,0.0510301150028992,2.0315324900394236,2.0264386339690086,2.1603708831029738,-,simple,0.6,0.22993524941471757,30000.0,15000.0,1.0,1e-06,1.0,1.0,0.0,0.0,0.0,0.0,0.0,0,1.5,psi4,5,39.89497650754211,49.20089138911356,310.7799897363645,39.93259301142085,49.23824126649547,313.8256013645613,0.03761650387873782,0.03734987738191708,3.0456116281968284,2.031427877728723,-10.181515024870835,-10.181515024870835,,,,,,
quant_diff,0.0,50.0,0.5,0.7,rayleigh,1.0,0.24786307681935704,0.5474648795588514,532.0,810.0,809.0,655.2899999999507,0.85,0.14747853070751743,80000.0,40000.0,40000.07702636719,0.05029418439647839,0.050162108505639305,0.053588665856805925,2622.656700535847,2615.7694286922933,2794.4517893796406,diff,simple,0.6,0.22993524941471757,30000.0,15000.0,1.0,1e-06,1.0,1.0,0.0,0.0,0.0,0.0,0.0,0,1.5,psi4,5,39.89497650754211,49.20089138911356,310.7799897363645,2084.035025728487,2607.7005704850603,21619.171765075524,2044.140049220945,2558.4996790959467,21308.391775339158,2607.879466947059,29.116410096619333,29.116410096619333,15000.004806518555,nan,nan,0.0,0.0,0.0
hybrid_diff,0.0,50.0,0.5,0.7,rayleigh,1.0,0.24786307681935704,0.5474648795588514,532.0,810.0,809.0,655.2899999999507,0.85,0.14747853070751743,80000.0,40000.0,40000.07702636719,0.04798682365591603,0.047866501694944164,0.0510301150028992,2.0315324900394236,2.0264386339690086,2.1603708831029738,diff,simple,0.6,0.22993524941471757,30000.0,15000.0,1.0,1e-06,1.0,1.0,0.0,0.0,0.0,0.0,0.0,0,1.5,psi4,5,39.89497650754211,49.20089138911356,310.7799897363645,397.263719314685,506.6878989742824,3951.2597086277547,357.36874280714284,457.48700758516884,3640.47971889139,507.57190827644644,4.926088375150679,4.926088375150679,15000.004806518555,0.050162108505639305,2615.7694286922933,0.0,0.0,0.0
quant_noon2,0.0,50.0,0.5,0.7,rayleigh,1.0,0.24786307681935704,0.5474648795588514,532.0,810.0,809.0,0.405,0.85,0.14747853070751743,80000.0,40000.0,40000.07702636719,0.05020725998858146,0.05009186936768127,0.053524819085001146,1.618123555272242,1.6144046452624439,1.7250447559341637,noon2,simple,0.6,0.22993524941471757,30000.0,15000.0,1.0,1e-06,1.0,1.0,0.0,0.0,0.0,0.0,0.0,0,1.5,psi4,5,39.89497650754211,49.20089138911356,310.7799897363645,39.93950084655567,49.25336932222943,307.42753978017066,0.0445243390135603,0.05247793311587593,-3.352449956193819,1.6027310549968934,-10.06130636947403,-10.06130636947403,15000.018905639648,nan,nan,0.0,0.0,0.0
hybrid_noon2,0.0,50.0,0.5,0.7,rayleigh,1.0,0.24786307681935704,0.5474648795588514,532.0,810.0,809.0,0.405,0.85,0.14747853070751743,80000.0,40000.0,40000.07702636719,0.04798682365591603,0.047866501694944164,0.0510301150028992,2.0315324900394236,2.0264386339690086,2.1603708831029738,noon2,simple,0.6,0.22993524941471757,30000.0,15000.0,1.0,1e-06,1.0,1.0,0.0,0.0,0.0,0.0,0.0,0,1.5,psi4,5,39.89497650754211,49.20089138911356,310.7799897363645,39.93259301142085,49.23824126649547,313.82560136456124,0.03761650387873782,0.03734987738191708,3.0456116281967756,2.031427877728723,-10.181515024870835,-10.181515024870835,15000.018905639648,0.05009186936768127,1.6144046452624439,0.0,0.0,0.0
classical,0.0,50.0,0.5,0.7,rayleigh,1.0,0.24786307681935704,0.5474648795588514,532.0,810.0,809.0,655.2899999999507,0.85,0.14747853070751743,80000.0,40000.0,39999.34378051758,0.04797825114023699,0.04786375103643012,0.0510243088011636,2.03116957074624,2.026322184249804,2.1601250763049618,-,simple,0.6,0.22993524941471757,30000.0,15000.0,1.0,1e-06,1.0,1.0,0.0,0.0,0.0,0.0,0.0,0,1.5,psi4,6,40.00515236849254,49.88244811782471,325.39844336755016,40.04482991449061,49.91193954997683,329.29266023907326,0.03967754599807172,0.029491432152114295,3.894216871523116,2.028760036002357,-2.5879418929762648,-2.5879418929762648,,,,,,
quant_diff,0.0,50.0,0.5,0.7,rayleigh,1.0,0.24786307681935704,0.5474648795588514,532.0,810.0,809.0,655.2899999999507,0.85,0.14747853070751743,80000.0,40000.0,39999.34378051758,0.05029049896753844,0.05019102901445732,0.053603798570798784,2622.4645189741077,2617.2775268381256,2795.240904746097,diff,simple,0.6,0.22993524941471757,30000.0,15000.0,1.0,1e-06,1.0,1.0,0.0,0.0,0.0,0.0,0.0,0,1.5,psi4,6,40.00515236849254,49.88244811782471,325.39844336755016,2074.5746240685894,2600.1523577226417,22958.16674807835,2034.5694717000968,2550.2699096048173,22632.7683047108,2600.0852189729217,11.642631331332336,11.642631331332336,14999.547286987305,nan,nan,0.0,0.0,0.0
hybrid_diff,0.0,50.0,0.5,0.7,rayleigh,1.0,0.24786307681935704,0.5474648795588514,532.0,810.0,809.0,655.2899999999507,0.85,0.14747853070751743,80000.0,40000.0,39999.34378051758,0.04797825114023699,0.04786375103643012,0.0510243088011636,2.03116957074624,2.026322184249804,2.1601250763049618,diff,simple,0.6,0.22993524941471757,30000.0,15000.0,1.0,1e-06,1.0,1.0,0.0,0.0,0.0,0.0,0.0,0,1.5,psi4,6,40.00515236849254,49.88244811782471,325.39844336755016,419.57888947271846,530.4202960285628,5056.139763070295,379.57373710422587,480.53784791073804,4730.741319702745,530.6501853052729,30.29888830479923,30.29888830479923,14999.547286987305,0.05019102901445732,2617.2775268381256,0.0,0.0,0.0
quant_noon2,0.0,50.0,0.5,0.7,rayleigh,1.0,0.24786307681935704,0.5474648795588514,532.0,810.0,809.0,0.405,0.85,0.14747853070751743,80000.0,40000.0,39999.34378051758,0.050228697993490654,0.050118489341283226,0.05348255682481702,1.6188144780736358,1.6152625770901485,1.7236826907922198,noon2,simple,0.6,0.22993524941471757,30000.0,15000.0,1.0,1e-06,1.0,1.0,0.0,0.0,0.0,0.0,0.0,0,1.5,psi4,6,40.00515236849254,49.88244811782471,325.39844336755016,40.00332104080905,49.89098544791887,325.9840669933343,-0.0018313276834948733,0.008537330094164122,0.5856236257841678,1.6375435703911363,-2.3182029100665416,-2.3182029100665416,14999.507904052734,nan,nan,0.0,0.0,0.0
hybrid_noon2,0.0,50.0,0.5,0.7,rayleigh,1.0,0.24786307681935704,0.5474648795588514,532.0,810.0,809.0,0.405,0.85,0.14747853070751743,80000.0,40000.0,39999.34378051758,0.04797825114023699,0.04786375103643012,0.0510243088011636,2.03116957074624,2.026322184249804,2.1601250763049618,noon2,simple,0.6,0.22993524941471757,30000.0,15000.0,1.0,1e-06,1.0,1.0,0.0,0.0,0.0,0.0,0.0,0,1.5,psi4,6,40.00515236849254,49.88244811782471,325.39844336755016,40.04482991449061,49.91193954997683,329.2926602390732,0.03967754599807172,0.029491432152114295,3.894216871523063,2.028760036002357,-2.5879418929762648,-2.5879418929762648,14999.507904052734,0.050118489341283226,1.6152625770901485,0.0,0.0,0.0
classical,0.0,50.0,0.5,0.7,rayleigh,1.0,0.24786307681935704,0.5474648795588514,532.0,810.0,809.0,655.2899999999507,0.85,0.14747853070751743,80000.0,40000.0,40000.34201049805,0.04794576495207609,0.04781609586404291,0.05095240601230732,2.0297942609903865,2.024304692287484,2.157081056289522,-,simple,0.6,0.22993524941471757,30000.0,15000.0,1.0,1e-06,1.0,1.0,0.0,0.0,0.0,0.0,0.0,0,1.5,psi4,7,40.064584243745635,49.770494261090406,308.2574797939747,40.098310344327835,49.80486636527836,311.56377541042593,0.033726100582195405,0.03437210418794927,3.3062956164512576,2.0142765184469957,-4.83441004681819,-4.83441004681819,,,,,,
quant_diff,0.0,50.0,0.5,0.7,rayleigh,1.0,0.24786307681935704,0.5474648795588514,532.0,810.0,809.0,655.2899999999507,0.85,0.14747853070751743,80000.0,40000.0,40000.34201049805,0.05025894596762881,0.05014444455118444,0.05360624467076485,2620.819146101915,2614.848318447343,2795.3684598609307,diff,simple,0.6,0.22993524941471757,30000.0,15000.0,1.0,1e-06,1.0,1.0,0.0,0.0,0.0,0.0,0.0,0,1.5,psi4,7,40.064584243745635,49.770494261090406,308.2574797939747,2078.0105632718737,2607.6515915955274,20335.765176382964,2037.9459790281278,2557.881097334437,20027.50769658899,2607.3765985166556,-64.42357978906756,-64.42357978906756,15000.167297363281,nan,nan,0.0,0.0,0.0
hybrid_diff,0.0,50.0,0.5,0.7,rayleigh,1.0,0.24786307681935704,0.5474648795588514,532.0,810.0,809.0,655.2899999999507,0.85,0.14747853070751743,80000.0,40000.0,40000.34201049805,0.04794576495207609,0.04781609586404291,0.05095240601230732,2.0297942609903865,2.024304692287484,2.157081056289522,diff,simple,0.6,0.22993524941471757,30000.0,15000.0,1.0,1e-06,1.0,1.0,0.0,0.0,0.0,0.0,0.0,0,1.5,psi4,7,40.064584243745635,49.770494261090406,308.2574797939747,394.0489252671036,502.0009960777261,3943.6450888553136,353.9843410233579,452.2305018166357,3635.387609061339,501.11247952743946,-21.94710476773503,-21.94710476773503,15000.167297363281,0.05014444455118444,2614.848318447343,0.0,0.0,0.0
quant_noon2,0.0,50.0,0.5,0.7,rayleigh,1.0,0.24786307681935704,0.5474648795588514,532.0,810.0,809.0,0.405,0.85,0.14747853070751743,80000.0,40000.0,40000.34201049805,0.05020150135295817,0.05008589515054472,0.05354070795727591,1.6179379609189477,1.6142121029592955,1.7255568364281078,noon2,simple,0.6,0.22993524941471757,30000.0,15000.0,1.0,1e-06,1.0,1.0,0.0,0.0,0.0,0.0,0.0,0,1.5,psi4,7,40.064584243745635,49.770494261090406,308.2574797939747,40.071438337002434,49.78392972096061,306.748024647943,0.0068540932567999644,0.013435459870199177,-1.5094551460317094,1.603108825043789,-4.837266663378254,-4.837266663378254,15000.216674804688,nan,nan,0.0,0.0,0.0
hybrid_noon2,0.0,50.0,0.5,0.7,rayleigh,1.0,0.24786307681935704,0.5474648795588514,532.0,810.0,809.0,0.405,0.85,0.14747853070751743,80000.0,40000.0,40000.34201049805,0.04794576495207609,0.04781609586404291,0.05095240601230732,2.0297942609903865,2.024304692287484,2.157081056289522,noon2,simple,0.6,0.22993524941471757,30000.0,15000.0,1.0,1e-06,1.0,1.0,0.0,0.0,0.0,0.0,0.0,0,1.5,psi4,7,40.064584243745635,49.770494261090406,308.2574797939747,40.09831034432783,49.80486636527836,311.56377541042593,0.033726100582188785,0.03437210418794927,3.3062956164512576,2.0142765184469957,-4.834410046818172,-4.834410046818172,15000.216674804688,0.05008589515054472,1.6142121029592955,0.0,0.0,0.0
classical,0.0,50.0,0.5,0.7,rayleigh,1.0,0.24786307681935704,0.5474648795588514,532.0,810.0,809.0,655.2899999999507,0.85,0.14747853070751743,80000.0,40000.0,39999.310150146484,0.04795574560855057,0.047840866851258906,0.05099503956843785,2.030216794226702,2.0253533773536283,2.1588859570486583,-,simple,0.6,0.22993524941471757,30000.0,15000.0,1.0,1e-06,1.0,1.0,0.0,0.0,0.0,0.0,0.0,0,1.5,psi4,8,39.28947784976722,49.35473144288865,339.67340988430885,39.32090122352502,49.40563502989429,342.5782980822945,0.031423373757795706,0.050903587005641716,2.9048881979856427,2.0364461358882426,-4.218140263214375,-4.218140263214375,,,,,,
quant_diff,0.0,50.0,0.5,0.7,rayleigh,1.0,0.24786307681935704,0.5474648795588514,532.0,810.0,809.0,655.2899999999507,0.85,0.14747853070751743,80000.0,40000.0,39999.310150146484,0.05028046922893047,0.0501498553461063,0.053610145787408386,2621.9415050018074,2615.1304714979856,2795.571888742968,diff,simple,0.6,0.22993524941471757,30000.0,15000.0,1.0,1e-06,1.0,1.0,0.0,0.0,0.0,0.0,0.0,0,1.5,psi4,8,39.28947784976722,49.35473144288865,339.67340988430885,2095.563380734295,2633.955063846724,21750.642600220435,2056.2739028845276,2584.600332403835,21410.969190336127,2633.450188022013,46.66569885543258,46.66569885543258,14999.598648071289,nan,nan,0.0,0.0,0.0
hybrid_diff,0.0,50.0,0.5,0.7,rayleigh,1.0,0.24786307681935704,0.5474648795588514,532.0,810.0,809.0,655.2899999999507,0.85,0.14747853070751743,80000.0,40000.0,39999.310150146484,0.04795574560855057,0.047840866851258906,0.05099503956843785,2.030216794226702,2.0253533773536283,2.1588859570486583,diff,simple,0.6,0.22993524941471757,30000.0,15000.0,1.0,1e-06,1.0,1.0,0.0,0.0,0.0,0.0,0.0,0,1.5,psi4,8,39.28947784976722,49.35473144288865,339.67340988430885,406.0024173954531,512.8520543627457,4031.846850198592,366.7129395456859,463.497322919857,3692.173440314283,510.7631528230243,19.245031853950803,19.245031853950803,14999.598648071289,0.0501498553461063,2615.1304714979856,0.0,0.0,0.0
quant_noon2,0.0,50.0,0.5,0.7,rayleigh,1.0,0.24786307681935704,0.5474648795588514,532.0,810.0,809.0,0.405,0.85,0.14747853070751743,80000.0,40000.0,39999.310150146484,0.05017972901114093,0.050027300214725484,0.05349071849226581,1.6172362628148105,1.6123236540399493,1.7239457321601848,noon2,simple,0.6,0.22993524941471757,30000.0,15000.0,1.0,1e-06,1.0,1.0,0.0,0.0,0.0,0.0,0.0,0,1.5,psi4,8,39.28947784976722,49.35473144288865,339.67340988430885,39.31569650681667,49.3905980048401,340.23069174513864,0.026218657049452303,0.03586656195144705,0.5572818608297738,1.6184704193626267,-4.2236007805603855,-4.2236007805603855,14999.630874633789,nan,nan,0.0,0.0,0.0
hybrid_noon2,0.0,50.0,0.5,0.7,rayleigh,1.0,0.24786307681935704,0.5474648795588514,532.0,810.0,809.0,0.405,0.85,0.14747853070751743,80000.0,40000.0,39999.310150146484,0.04795574560855057,0.047840866851258906,0.05099503956843785,2.030216794226702,2.0253533773536283,2.1588859570486583,noon2,simple,0.6,0.22993524941471757,30000.0,15000.0,1.0,1e-06,1.0,1.0,0.0,0.0,0.0,0.0,0.0,0,1.5,psi4,8,39.28947784976722,49.35473144288865,339.67340988430885,39.32090122352502,49.40563502989429,342.5782980822945,0.031423373757795706,0.050903587005641716,2.9048881979856427,2.0364461358882426,-4.218140263214375,-4.218140263214375,14999.630874633789,0.050027300214725484,1.6123236540399493,0.0,0.0,0.0
classical,0.0,50.0,0.5,0.7,rayleigh,1.0,0.24786307681935704,0.5474648795588514,532.0,810.0,809.0,655.2899999999507,0.85,0.14747853070751743,80000.0,40000.0,39999.7283782959,0.04798743161053709,0.047872153020307055,0.05104280567144245,2.031558227928933,2.0266778840425044,2.1609081452824994,-,simple,0.6,0.22993524941471757,30000.0,15000.0,1.0,1e-06,1.0,1.0,0.0,0.0,0.0,0.0,0.0,0,1.5,psi4,9,39.74152669762534,49.58433982689807,363.8532564992935,39.763892991011495,49.61278278672252,370.50888446076533,0.022366293386162698,0.028442959824444055,6.655627961471811,2.029301556974022,-4.561562268699879,-4.561562268699879,,,,,,
quant_diff,0.0,50.0,0.5,0.7,rayleigh,1.0,0.24786307681935704,0.5474648795588514,532.0,810.0,809.0,655.2899999999507,0.85,0.14747853070751743,80000.0,40000.0,39999.7283782959,0.050286418411341995,0.05012808252157788,0.05365878219798738,2622.2517329794855,2613.995098793879,2798.108098637326,diff,simple,0.6,0.22993524941471757,30000.0,15000.0,1.0,1e-06,1.0,1.0,0.0,0.0,0.0,0.0,0.0,0,1.5,psi4,9,39.74152669762534,49.58433982689807,363.8532564992935,2085.4005339487007,2600.73376373658,21247.406583496824,2045.659007251075,2551.149423909682,20883.55332699753,2601.1034132544323,57.86062215549583,57.86062215549583,14999.819046020508,nan,nan,0.0,0.0,0.0
hybrid_diff,0.0,50.0,0.5,0.7,rayleigh,1.0,0.24786307681935704,0.5474648795588514,532.0,810.0,809.0,655.2899999999507,0.85,0.14747853070751743,80000.0,40000.0,39999.7283782959,0.04798743161053709,0.047872153020307055,0.05104280567144245,2.031558227928933,2.0266778840425044,2.1609081452824994,diff,simple,0.6,0.22993524941471757,30000.0,15000.0,1.0,1e-06,1.0,1.0,0.0,0.0,0.0,0.0,0.0,0,1.5,psi4,9,39.74152669762534,49.58433982689807,363.8532564992935,407.66689458957813,514.2171794660123,4185.87594178254,367.9253678919528,464.6328396391143,3822.022685283247,516.5311712708684,-3.2070147752761553,-3.2070147752761553,14999.819046020508,0.05012808252157788,2613.995098793879,0.0,0.0,0.0
quant_noon2,0.0,50.0,0.5,0.7,rayleigh,1.0,0.24786307681935704,0.5474648795588514,532.0,810.0,809.0,0.405,0.85,0.14747853070751743,80000.0,40000.0,39999.7283782959,0.05021900174532946,0.05010025190782809,0.05358672649500792,1.618501978894215,1.6146748051092006,1.7270399621732742,noon2,simple,0.6,0.22993524941471757,30000.0,15000.0,1.0,1e-06,1.0,1.0,0.0,0.0,0.0,0.0,0.0,0,1.5,psi4,9,39.74152669762534,49.58433982689807,363.8532564992935,39.7722458009328,49.61523455717351,362.0749215452175,0.030719103307468645,0.03089473027543239,-1.7783349540759932,1.6180744673584142,-4.375845415116094,-4.375845415116094,14999.814682006836,nan,nan,0.0,0.0,0.0
hybrid_noon2,0.0,50.0,0.5,0.7,rayleigh,1.0,0.24786307681935704,0.5474648795588514,532.0,810.0,809.0,0.405,0.85,0.14747853070751743,80000.0,40000.0,39999.7283782959,0.04798743161053709,0.047872153020307055,0.05104280567144245,2.031558227928933,2.0266778840425044,2.1609081452824994,noon2,simple,0.6,0.22993524941471757,30000.0,15000.0,1.0,1e-06,1.0,1.0,0.0,0.0,0.0,0.0,0.0,0,1.5,psi4,9,39.74152669762534,49.58433982689807,363.8532564992935,39.763892991011495,49.61278278672252,370.50888446076533,0.022366293386162698,0.028442959824444055,6.655627961471811,2.029301556974022,-4.561562268699879,-4.561562268699879,14999.814682006836,0.05010025190782809,1.6146748051092006,0.0,0.0,0.0
classical,0.0,50.0,0.2,1.0,rayleigh,1.0,0.24786307681935704,0.5474648795588514,532.0,810.0,809.0,655.2899999999507,0.85,0.2106836152964535,80000.0,16000.0,15999.343780517578,0.05302818270492353,0.05285106832687765,0.0567971092271393,2.2449595085778835,2.237461333328083,2.4045178226966524,-,simple,0.6,0.3284789277353108,30000.0,6000.0,1.0,1e-06,1.0,1.0,0.0,0.0,0.0,0.0,0.0,0,1.5,psi4,0,40.326400203266125,49.86672817706558,340.7911930307616,40.36301621899201,49.90554195092989,337.58089765771535,0.03661601572588692,0.03881377386431013,-3.210295373046226,2.226993747347444,-2.761504035960949,-2.761504035960949,,,,,,
quant_diff,0.0,50.0,0.2,1.0,rayleigh,1.0,0.24786307681935704,0.5474648795588514,532.0,810.0,809.0,655.2899999999507,0.85,0.2106836152964535,80000.0,16000.0,15999.343780517578,0.055625652883715376,0.05542215152887247,0.059713165159587425,2900.673169428558,2890.0613223879636,3113.821898003804,diff,simple,0.6,0.3284789277353108,30000.0,6000.0,1.0,1e-06,1.0,1.0,0.0,0.0,0.0,0.0,0.0,0,1.5,psi4,0,40.326400203266125,49.86672817706558,340.7911930307616,2321.90630895324,2910.808915890141,23420.55273757438,2281.579908749974,2860.942187713076,23079.76154454362,2910.8277912609756,-79.99983108456875,-79.99983108456875,5999.6370849609375,nan,nan,0.0,0.0,0.0
hybrid_diff,0.0,50.0,0.2,1.0,rayleigh,1.0,0.24786307681935704,0.5474648795588514,532.0,810.0,809.0,655.2899999999507,0.85,0.2106836152964535,80000.0,16000.0,15999.343780517578,0.05302818270492353,0.05285106832687765,0.0567971092271393,2.2449595085778835,2.237461333328083,2.4045178226966524,diff,simple,0.6,0.3284789277353108,30000.0,6000.0,1.0,1e-06,1.0,1.0,0.0,0.0,0.0,0.0,0.0,0,1.5,psi4,0,40.326400203266125,49.86672817706558,340.7911930307616,453.5025778110616,567.5393644088659,3851.6730916893425,413.17617760779547,517.6726362318003,3510.8818986585807,567.5802012634155,-29.752196327041947,-29.752196327041947,5999.6370849609375,0.05542215152887247,2890.0613223879636,0.0,0.0,0.0
quant_noon2,0.0,50.0,0.2,1.0,rayleigh,1.0,0.24786307681935704,0.5474648795588514,532.0,810.0,809.0,0.405,0.85,0.2106836152964535,80000.0,16000.0,15999.343780517578,0.05545135833922123,0.0552590323799466,0.059576436173311986,1.7871349506215277,1.78093650113308,1.9200815725282345,noon2,simple,0.6,0.3284789277353108,30000.0,6000.0,1.0,1e-06,1.0,1.0,0.0,0.0,0.0,0.0,0.0,0,1.5,psi4,0,40.326400203266125,49.86672817706558,340.7911930307616,40.33989179896448,49.90884950395837,340.14816608082606,0.013491595698355808,0.04212132689279507,-0.6430269499355418,1.7818856436926325,-2.8866639820339017,-2.8866639820339017,5999.60009765625,nan,nan,0.0,0.0,0.0
hybrid_noon2,0.0,50.0,0.2,1.0,rayleigh,1.0,0.24786307681935704,0.5474648795588514,532.0,810.0,809.0,0.405,0.85,0.2106836152964535,80000.0,16000.0,15999.343780517578,0.05302818270492353,0.05285106832687765,0.0567971092271393,2.2449595085778835,2.237461333328083,2.4045178226966524,noon2,simple,0.6,0.3284789277353108,30000.0,6000.0,1.0,1e-06,1.0,1.0,0.0,0.0,0.0,0.0,0.0,0,1.5,psi4,0,40.326400203266125,49.86672817706558,340.7911930307616,40.36301621899201,49.90554195092989,337.58089765771524,0.03661601572588692,0.03881377386431013,-3.2102953730463315,2.226993747347444,-2.761504035960949,-2.761504035960949,5999.60009765625,0.0552590323799466,1.78093650113308,0.0,0.0,0.0
classical,0.0,50.0,0.2,1.0,rayleigh,1.0,0.24786307681935704,0.5474648795588514,532.0,810.0,809.0,655.2899999999507,0.85,0.2106836152964535,80000.0,16000.0,16000.687973022461,0.05304267247471747,0.052908086483349395,0.05675308841927856,2.2455729360954173,2.2398752092333747,2.40265419233745,-,simple,0.6,0.3284789277353108,30000.0,6000.0,1.0,1e-06,1.0,1.0,0.0,0.0,0.0,0.0,0.0,0,1.5,psi4,1,39.65963079405401,49.95750257208303,350.5167686648905,39.72395885585268,50.03143853207057,356.10397800091414,0.06432806179866864,0.07393595998753734,5.587209336023661,2.248146337370998,2.2977954127993176,2.2977954127993176,,,,,,
quant_diff,0.0,50.0,0.2,1.0,rayleigh,1.0,0.24786307681935704,0.5474648795588514,532.0,810.0,809.0,655.2899999999507,0.85,0.2106836152964535,80000.0,16000.0,16000.687973022461,0.05567733435332503,0.055507229207774414,0.059723414419003786,2903.3681679495958,2894.4978103699386,3114.3563591787174,diff,simple,0.6,0.3284789277353108,30000.0,6000.0,1.0,1e-06,1.0,1.0,0.0,0.0,0.0,0.0,0.0,0,1.5,psi4,1,39.65963079405401,49.95750257208303,350.5167686648905,2306.160591599929,2891.2392013112544,22012.85029707021,2266.5009608058745,2841.2816987391716,21662.33352840532,2890.4676747136573,0.0,0.0,6000.396179199219,nan,nan,0.0,0.0,0.0
hybrid_diff,0.0,50.0,0.2,1.0,rayleigh,1.0,0.24786307681935704,0.5474648795588514,532.0,810.0,809.0,655.2899999999507,0.85,0.2106836152964535,80000.0,16000.0,16000.687973022461,0.05304267247471747,0.052908086483349395,0.05675308841927856,2.2455729360954173,2.2398752092333747,2.40265419233745,diff,simple,0.6,0.3284789277353108,30000.0,6000.0,1.0,1e-06,1.0,1.0,0.0,0.0,0.0,0.0,0.0,0,1.5,psi4,1,39.65963079405401,49.95750257208303,350.5167686648905,441.8285304392429,560.8441202596339,4293.044089703433,402.1688996451889,510.8866176875508,3942.5273210385426,557.3271038334534,23.170302418965576,23.170302418965576,6000.396179199219,0.055507229207774414,2894.4978103699386,0.0,0.0,0.0
quant_noon2,0.0,50.0,0.2,1.0,rayleigh,1.0,0.24786307681935704,0.5474648795588514,532.0,810.0,809.0,0.405,0.85,0.2106836152964535,80000.0,16000.0,16000.687973022461,0.05550229128580031,0.055319164172574264,0.059623289935670024,1.788776462239923,1.7828744812198978,1.9215916166242861,noon2,simple,0.6,0.3284789277353108,30000.0,6000.0,1.0,1e-06,1.0,1.0,0.0,0.0,0.0,0.0,0.0,0,1.5,psi4,1,39.65963079405401,49.95750257208303,350.5167686648905,39.684159743854615,49.98657663516106,356.4610185722012,0.024528949800606246,0.029074063078024338,5.944249907310743,1.7724654958127992,2.2751831967619474,2.2751831967619474,6000.366806030273,nan,nan,0.0,0.0,0.0
hybrid_noon2,0.0,50.0,0.2,1.0,rayleigh,1.0,0.24786307681935704,0.5474648795588514,532.0,810.0,809.0,0.405,0.85,0.2106836152964535,80000.0,16000.0,16000.687973022461,0.05304267247471747,0.052908086483349395,0.05675308841927856,2.2455729360954173,2.2398752092333747,2.40265419233745,noon2,simple,0.6,0.3284789277353108,30000.0,6000.0,1.0,1e-06,1.0,1.0,0.0,0.0,0.0,0.0,0.0,0,1.5,psi4,1,39.65963079405401,49.95750257208303,350.5167686648905,39.72395885585268,50.03143853207057,356.10397800091414,0.06432806179866864,0.07393595998753734,5.587209336023661,2.248146337370998,2.2977954127993176,2.2977954127993176,6000.366806030273,0.055319164172574264,1.7828744812198978,0.0,0.0,0.0
classical,0.0,50.0,0.2,1.0,rayleigh,1.0,0.24786307681935704,0.5474648795588514,532.0,810.0,809.0,655.2899999999507,0.85,0.2106836152964535,80000.0,16000.0,15999.994384765625,0.053048303917562746,0.052889253581790696,0.05673131954850033,2.2458113444382573,2.239077914299404,2.4017326025157404,-,simple,0.6,0.3284789277353108,30000.0,6000.0,1.0,1e-06,1.0,1.0,0.0,0.0,0.0,0.0,0.0,0,1.5,psi4,2,40.21574153903211,49.80529700338696,318.2399264316901,40.24855115465285,49.85477622457784,324.0140930438545,0.03280961562074658,0.049479221190881544,5.774166612164372,2.2579120248420654,4.627412783177479,4.627412783177479,,,,,,
quant_diff,0.0,50.0,0.2,1.0,rayleigh,1.0,0.24786307681935704,0.5474648795588514,532.0,810.0,809.0,655.2899999999507,0.85,0.2106836152964535,80000.0,16000.0,15999.994384765625,0.0556691156011991,0.05547551744667598,0.05978363638352448,2902.93959026031,2892.8441586857807,3117.496713091697,diff,simple,0.6,0.3284789277353108,30000.0,6000.0,1.0,1e-06,1.0,1.0,0.0,0.0,0.0,0.0,0.0,0,1.5,psi4,2,40.21574153903211,49.80529700338696,318.2399264316901,2328.2776110830328,2919.9243256601253,22812.97792016123,2288.0618695440003,2870.1190286567385,22494.737993729537,2919.571029422141,54.19710462063638,54.19710462063638,6000.1265869140625,nan,nan,0.0,0.0,0.0
hybrid_diff,0.0,50.0,0.2,1.0,rayleigh,1.0,0.24786307681935704,0.5474648795588514,532.0,810.0,809.0,655.2899999999507,0.85,0.2106836152964535,80000.0,16000.0,15999.994384765625,0.053048303917562746,0.052889253581790696,0.05673131954850033,2.2458113444382573,2.239077914299404,2.4017326025157404,diff,simple,0.6,0.3284789277353108,30000.0,6000.0,1.0,1e-06,1.0,1.0,0.0,0.0,0.0,0.0,0.0,0,1.5,psi4,2,40.21574153903211,49.80529700338696,318.2399264316901,441.30025383757635,559.3793577927715,4733.377901264515,401.0845122985442,509.5740607893846,4415.1379748328245,557.7576584409055,23.42484968111976,23.42484968111976,6000.1265869140625,0.05547551744667598,2892.8441586857807,0.0,0.0,0.0
quant_noon2,0.0,50.0,0.2,1.0,rayleigh,1.0,0.24786307681935704,0.5474648795588514,532.0,810.0,809.0,0.405,0.85,0.2106836152964535,80000.0,16000.0,15999.994384765625,0.05547791246785165,0.055287810260959254,0.05959566171523363,1.7879907603398117,1.7818639798910918,1.9207011901344007,noon2,simple,0.6,0.3284789277353108,30000.0,6000.0,1.0,1e-06,1.0,1.0,0.0,0.0,0.0,0.0,0.0,0,1.5,psi4,2,40.21574153903211,49.80529700338696,318.2399264316901,40.238766593957656,49.827600311346124,319.06060336535523,0.023025054925544717,0.022303307959162494,0.8206769336651416,1.812380100676894,4.822370430520253,4.822370430520253,6000.014694213867,nan,nan,0.0,0.0,0.0
hybrid_noon2,0.0,50.0,0.2,1.0,rayleigh,1.0,0.24786307681935704,0.5474648795588514,532.0,810.0,809.0,0.405,0.85,0.2106836152964535,80000.0,16000.0,15999.994384765625,0.053048303917562746,0.052889253581790696,0.05673131954850033,2.2458113444382573,2.239077914299404,2.4017326025157404,noon2,simple,0.6,0.3284789277353108,30000.0,6000.0,1.0,1e-06,1.0,1.0,0.0,0.0,0.0,0.0,0.0,0,1.5,psi4,2,40.21574153903211,49.80529700338696,318.2399264316901,40.24855115465285,49.85477622457784,324.0140930438545,0.03280961562074658,0.049479221190881544,5.774166612164372,2.257912024842065,4.627412783177479,4.627412783177479,6000.014694213867,0.055287810260959254,1.7818639798910918,0.0,0.0,0.0
classical,0.0,50.0,0.2,1.0,rayleigh,1.0,0.24786307681935704,0.5474648795588514,532.0,810.0,809.0,655.2899999999507,0.85,0.2106836152964535,80000.0,16000.0,15999.595932006836,0.05307109242638599,0.052908808741021614,0.056818194359910486,2.2467761008556844,2.239905786167114,2.4054104663229237,-,simple,0.6,0.3284789277353108,30000.0,6000.0,1.0,1e-06,1.0,1.0,0.0,0.0,0.0,0.0,0.0,0,1.5,psi4,3,40.4367633925367,49.99767052675088,310.6233222073913,40.45188275832377,50.02922315414755,313.67038681566635,0.01511936578707415,0.031552627396668115,3.0470646082750665,2.257282848804313,1.6561421558347509,1.6561421558347509,,,,,,
quant_diff,0.0,50.0,0.2,1.0,rayleigh,1.0,0.24786307681935704,0.5474648795588514,532.0,810.0,809.0,655.2899999999507,0.85,0.2106836152964535,80000.0,16000.0,15999.595932006836,0.05563979152238553,0.05548762098402884,0.05969279106362873,2901.410447423811,2893.4753136338045,3112.7594638491473,diff,simple,0.6,0.3284789277353108,30000.0,6000.0,1.0,1e-06,1.0,1.0,0.0,0.0,0.0,0.0,0.0,0,1.5,psi4,3,40.4367633925367,49.99767052675088,310.6233222073913,2328.2089390123324,2920.8585476949943,23208.130649076524,2287.7721756197957,2870.8608771682434,22897.50732686913,2920.450121696592,-84.02452348823844,-84.02452348823844,5999.748626708984,nan,nan,0.0,0.0,0.0
hybrid_diff,0.0,50.0,0.2,1.0,rayleigh,1.0,0.24786307681935704,0.5474648795588514,532.0,810.0,809.0,655.2899999999507,0.85,0.2106836152964535,80000.0,16000.0,15999.595932006836,0.05307109242638599,0.052908808741021614,0.056818194359910486,2.2467761008556844,2.239905786167114,2.4054104663229237,diff,simple,0.6,0.3284789277353108,30000.0,6000.0,1.0,1e-06,1.0,1.0,0.0,0.0,0.0,0.0,0.0,0,1.5,psi4,3,40.4367633925367,49.99767052675088,310.6233222073913,463.1158398819356,582.2655217975049,4738.59666374728,422.67907648939894,532.267851270754,4427.973341539889,580.5126679874602,-9.953765509138766,-9.953765509138766,5999.748626708984,0.05548762098402884,2893.4753136338045,0.0,0.0,0.0
quant_noon2,0.0,50.0,0.2,1.0,rayleigh,1.0,0.24786307681935704,0.5474648795588514,532.0,810.0,809.0,0.405,0.85,0.2106836152964535,80000.0,16000.0,15999.595932006836,0.05546580669504717,0.05532354446769093,0.059528714184801844,1.787600604889501,1.783015653207952,1.918543546479208,noon2,simple,0.6,0.3284789277353108,30000.0,6000.0,1.0,1e-06,1.0,1.0,0.0,0.0,0.0,0.0,0.0,0,1.5,psi4,3,40.4367633925367,49.99767052675088,310.6233222073913,40.46206154464244,50.024894237896056,312.03928602732424,0.025298152105747207,0.027223711145177812,1.4159638199329643,1.8111170854957614,2.0903458537757986,2.0903458537757986,5999.730377197266,nan,nan,0.0,0.0,0.0
hybrid_noon2,0.0,50.0,0.2,1.0,rayleigh,1.0,0.24786307681935704,0.5474648795588514,532.0,810.0,809.0,0.405,0.85,0.2106836152964535,80000.0,16000.0,15999.595932006836,0.05307109242638599,0.052908808741021614,0.056818194359910486,2.2467761008556844,2.239905786167114,2.4054104663229237,noon2,simple,0.6,0.3284789277353108,30000.0,6000.0,1.0,1e-06,1.0,1.0,0.0,0.0,0.0,0.0,0.0,0,1.5,psi4,3,40.4367633925367,49.99767052675088,310.6233222073913,40.45188275832377,50.02922315414755,313.6703868156663,0.01511936578707415,0.031552627396668115,3.0470646082750137,2.257282848804313,1.6561421558347322,1.6561421558347322,5999.730377197266,0.05532354446769093,1.783015653207952,0.0,0.0,0.0
classical,0.0,50.0,0.2,1.0,rayleigh,1.0,0.24786307681935704,0.5474648795588514,532.0,810.0,809.0,655.2899999999507,0.85,0.2106836152964535,80000.0,16000.0,16000.578979492188,0.053064559879395026,0.052964150491729346,0.0566940774190614,2.246499544075223,2.24224869107419,2.4001559489640085,-,simple,0.6,0.3284789277353108,30000.0,6000.0,1.0,1e-06,1.0,1.0,0.0,0.0,0.0,0.0,0.0,0,1.5,psi4,4,40.40011057790714,49.93013179138292,310.1971324873092,40.41892609261042,49.964048718627936,307.5032760034654,0.018815514703281754,0.03391692724502037,-2.6938564838438457,2.238768064797413,-10.832518531423583,-10.832518531423583,,,,,,
quant_diff,0.0,50.0,0.2,1.0,rayleigh,1.0,0.24786307681935704,0.5474648795588514,532.0,810.0,809.0,655.2899999999507,0.85,0.2106836152964535,80000.0,16000.0,16000.578979492188,0.05565587194313727,0.055469801177844225,0.059748443074025874,2902.2489822114417,2892.546076294475,3115.6615114659403,diff,simple,0.6,0.3284789277353108,30000.0,6000.0,1.0,1e-06,1.0,1.0,0.0,0.0,0.0,0.0,0.0,0,1.5,psi4,4,40.40011057790714,49.93013179138292,310.1971324873092,2317.1712454757094,2902.1158717432095,22993.478534961916,2276.771134897802,2852.1857399518267,22683.281402474608,2901.9417230633826,101.14965280816772,101.14965280816772,6000.341201782227,nan,nan,0.0,0.0,0.0
hybrid_diff,0.0,50.0,0.2,1.0,rayleigh,1.0,0.24786307681935704,0.5474648795588514,532.0,810.0,809.0,655.2899999999507,0.85,0.2106836152964535,80000.0,16000.0,16000.578979492188,0.053064559879395026,0.052964150491729346,0.0566940774190614,2.246499544075223,2.24224869107419,2.4001559489640085,diff,simple,0.6,0.3284789277353108,30000.0,6000.0,1.0,1e-06,1.0,1.0,0.0,0.0,0.0,0.0,0.0,0,1.5,psi4,4,40.40011057790714,49.93013179138292,310.1971324873092,457.8001523611031,573.520882409722,3940.148496478956,417.40004178319595,523.5907506183391,3629.9513639916468,572.7913800264573,28.225262830471472,28.225262830471472,6000.341201782227,0.055469801177844225,2892.546076294475,0.0,0.0,0.0
quant_noon2,0.0,50.0,0.2,1.0,rayleigh,1.0,0.24786307681935704,0.5474648795588514,532.0,810.0,809.0,0.405,0.85,0.2106836152964535,80000.0,16000.0,16000.578979492188,0.05550468677285943,0.05531225376897947,0.059560684321975005,1.7888536660952536,1.7826517666794965,1.919573908065101,noon2,simple,0.6,0.3284789277353108,30000.0,6000.0,1.0,1e-06,1.0,1.0,0.0,0.0,0.0,0.0,0.0,0,1.5,psi4,4,40.40011057790714,49.93013179138292,310.1971324873092,40.41286612285809,49.94193786016259,314.7313946321142,0.012755544950947955,0.011806068779668975,4.534262144804997,1.7988079147036777,-10.546067417742913,-10.546067417742913,6000.317901611328,nan,nan,0.0,0.0,0.0
hybrid_noon2,0.0,50.0,0.2,1.0,rayleigh,1.0,0.24786307681935704,0.5474648795588514,532.0,810.0,809.0,0.405,0.85,0.2106836152964535,80000.0,16000.0,16000.578979492188,0.053064559879395026,0.052964150491729346,0.0566940774190614,2.246499544075223,2.24224869107419,2.4001559489640085,noon2,simple,0.6,0.3284789277353108,30000.0,6000.0,1.0,1e-06,1.0,1.0,0.0,0.0,0.0,0.0,0.0,0,1.5,psi4,4,40.40011057790714,49.93013179138292,310.1971324873092,40.41892609261042,49.964048718627936,307.5032760034654,0.018815514703281754,0.03391692724502037,-2.6938564838438457,2.238768064797413,-10.832518531423583,-10.832518531423583,6000.317901611328,0.05531225376897947,1.7826517666794965,0.0,0.0,0.0
classical,0.0,50.0,0.2,1.0,rayleigh,1.0,0.24786307681935704,0.5474648795588514,532.0,810.0,809.0,655.2899999999507,0.85,0.2106836152964535,80000.0,16000.0,16000.053588867188,0.05307951130346005,0.052897991158274274,0.056798642021387624,2.2471325158255153,2.239447821477213,2.4045827138704947,-,simple,0.6,0.3284789277353108,30000.0,6000.0,1.0,1e-06,1.0,1.0,0.0,0.0,0.0,0.0,0.0,0,1.5,psi4,5,39.89497650754211,49.20089138911356,310.7799897363645,39.93485732839091,49.25886509904525,314.69841587938276,0.03988082084880353,0.057973709931699015,3.91842614301829,2.2320827086912853,-9.875979154696914,-9.875979154696914,,,,,,
quant_diff,0.0,50.0,0.2,1.0,rayleigh,1.0,0.24786307681935704,0.5474648795588514,532.0,810.0,809.0,655.2899999999507,0.85,0.2106836152964535,80000.0,16000.0,16000.053588867188,0.05568282886316596,0.05550841767215355,0.05970467535314021,2903.654686425307,2894.5597844153417,3113.379185828783,diff,simple,0.6,0.3284789277353108,30000.0,6000.0,1.0,1e-06,1.0,1.0,0.0,0.0,0.0,0.0,0.0,0,1.5,psi4,5,39.89497650754211,49.20089138911356,310.7799897363645,2295.9595930898704,2880.2795170847144,22364.002806205273,2256.064616582328,2831.0786256956007,22053.222816468908,2879.748118724255,51.2974532365936,51.2974532365936,6000.003128051758,nan,nan,0.0,0.0,0.0
hybrid_diff,0.0,50.0,0.2,1.0,rayleigh,1.0,0.24786307681935704,0.5474648795588514,532.0,810.0,809.0,655.2899999999507,0.85,0.2106836152964535,80000.0,16000.0,16000.053588867188,0.05307951130346005,0.052897991158274274,0.056798642021387624,2.2471325158255153,2.239447821477213,2.4045827138704947,diff,simple,0.6,0.3284789277353108,30000.0,6000.0,1.0,1e-06,1.0,1.0,0.0,0.0,0.0,0.0,0.0,0,1.5,psi4,5,39.89497650754211,49.20089138911356,310.7799897363645,443.33741240801317,558.0711488522295,4356.3785341055645,403.442435900471,508.87025746311593,4045.5985443692,555.6747853289515,-10.42048318806003,-10.42048318806003,6000.003128051758,0.05550841767215355,2894.5597844153417,0.0,0.0,0.0
quant_noon2,0.0,50.0,0.2,1.0,rayleigh,1.0,0.24786307681935704,0.5474648795588514,532.0,810.0,809.0,0.405,0.85,0.2106836152964535,80000.0,16000.0,16000.053588867188,0.05547057069316623,0.055295436298184834,0.05955452452979405,1.7877541431940305,1.7821097584990242,1.9193753848868627,noon2,simple,0.6,0.3284789277353108,30000.0,6000.0,1.0,1e-06,1.0,1.0,0.0,0.0,0.0,0.0,0.0,0,1.5,psi4,5,39.89497650754211,49.20089138911356,310.7799897363645,39.93600526465065,49.24132413963079,316.60083859338005,0.041028757108543916,0.040432750517233225,5.820848857015536,1.78524870337136,-9.981974034517371,-9.981974034517371,6000.029373168945,nan,nan,0.0,0.0,0.0
hybrid_noon2,0.0,50.0,0.2,1.0,rayleigh,1.0,0.24786307681935704,0.5474648795588514,532.0,810.0,809.0,0.405,0.85,0.2106836152964535,80000.0,16000.0,16000.053588867188,0.05307951130346005,0.052897991158274274,0.056798642021387624,2.2471325158255153,2.239447821477213,2.4045827138704947,noon2,simple,0.6,0.3284789277353108,30000.0,6000.0,1.0,1e-06,1.0,1.0,0.0,0.0,0.0,0.0,0.0,0,1.5,psi4,5,39.89497650754211,49.20089138911356,310.7799897363645,39.93485732839091,49.258865099045245,314.69841587938276,0.03988082084880353,0.057973709931692395,3.91842614301829,2.2320827086912858,-9.875979154696914,-9.875979154696914,6000.029373168945,0.055295436298184834,1.7821097584990242,0.0,0.0,0.0
classical,0.0,50.0,0.2,1.0,rayleigh,1.0,0.24786307681935704,0.5474648795588514,532.0,810.0,809.0,655.2899999999507,0.85,0.2106836152964535,80000.0,16000.0,15999.554473876953,0.05306936019813001,0.052888374525079926,0.0568170888378065,2.2467027666002766,2.2390406992446765,2.4053636638071163,-,simple,0.6,0.3284789277353108,30000.0,6000.0,1.0,1e-06,1.0,1.0,0.0,0.0,0.0,0.0,0.0,0,1.5,psi4,6,40.00515236849254,49.88244811782471,325.39844336755016,40.0495551380456,49.93270670143777,330.87748805371564,0.04440276955305623,0.05025858361305923,5.479044686165502,2.2345691074562493,-2.4619034724727187,-2.4619034724727187,,,,,,
quant_diff,0.0,50.0,0.2,1.0,rayleigh,1.0,0.24786307681935704,0.5474648795588514,532.0,810.0,809.0,655.2899999999507,0.85,0.2106836152964535,80000.0,16000.0,15999.554473876953,0.055678296436363114,0.05548739831110795,0.059796281672994916,2903.4183370408446,2893.4637020601203,3118.1561184197253,diff,simple,0.6,0.3284789277353108,30000.0,6000.0,1.0,1e-06,1.0,1.0,0.0,0.0,0.0,0.0,0.0,0,1.5,psi4,6,40.00515236849254,49.88244811782471,325.39844336755016,2311.5782010925777,2901.496123509606,23344.570368701512,2271.5730487240853,2851.6136753917813,23019.17192533396,2900.825576252971,2.3784590802169885,2.3784590802169885,5999.775177001953,nan,nan,0.0,0.0,0.0
hybrid_diff,0.0,50.0,0.2,1.0,rayleigh,1.0,0.24786307681935704,0.5474648795588514,532.0,810.0,809.0,655.2899999999507,0.85,0.2106836152964535,80000.0,16000.0,15999.554473876953,0.05306936019813001,0.052888374525079926,0.0568170888378065,2.2467027666002766,2.2390406992446765,2.4053636638071163,diff,simple,0.6,0.3284789277353108,30000.0,6000.0,1.0,1e-06,1.0,1.0,0.0,0.0,0.0,0.0,0.0,0,1.5,psi4,6,40.00515236849254,49.88244811782471,325.39844336755016,435.291862135095,550.1564820854708,5365.665043164926,395.28670976660254,500.274033967646,5040.266599797376,547.1546767652005,17.679434917740686,17.679434917740686,5999.775177001953,0.05548739831110795,2893.4637020601203,0.0,0.0,0.0
quant_noon2,0.0,50.0,0.2,1.0,rayleigh,1.0,0.24786307681935704,0.5474648795588514,532.0,810.0,809.0,0.405,0.85,0.2106836152964535,80000.0,16000.0,15999.554473876953,0.055477027656690006,0.055300963205386994,0.05953478718762397,1.7879622438706204,1.7822878845057744,1.9187392725339647,noon2,simple,0.6,0.3284789277353108,30000.0,6000.0,1.0,1e-06,1.0,1.0,0.0,0.0,0.0,0.0,0.0,0,1.5,psi4,6,40.00515236849254,49.88244811782471,325.39844336755016,40.008491302046416,49.90451702152771,327.24626660938594,0.0033389335538740726,0.022068903702998677,1.8478232418357656,1.7986141068860348,-2.4053369992915092,-2.4053369992915092,5999.772323608398,nan,nan,0.0,0.0,0.0
hybrid_noon2,0.0,50.0,0.2,1.0,rayleigh,1.0,0.24786307681935704,0.5474648795588514,532.0,810.0,809.0,0.405,0.85,0.2106836152964535,80000.0,16000.0,15999.554473876953,0.05306936019813001,0.052888374525079926,0.0568170888378065,2.2467027666002766,2.2390406992446765,2.4053636638071163,noon2,simple,0.6,0.3284789277353108,30000.0,6000.0,1.0,1e-06,1.0,1.0,0.0,0.0,0.0,0.0,0.0,0,1.5,psi4,6,40.00515236849254,49.88244811782471,325.39844336755016,40.0495551380456,49.93270670143777,330.87748805371564,0.04440276955305623,0.05025858361305923,5.479044686165502,2.2345691074562493,-2.4619034724727187,-2.4619034724727187,5999.772323608398,0.055300963205386994,1.7822878845057744,0.0,0.0,0.0
classical,0.0,50.0,0.2,1.0,rayleigh,1.0,0.24786307681935704,0.5474648795588514,532.0,810.0,809.0,655.2899999999507,0.85,0.2106836152964535,80000.0,16000.0,16000.186538696289,0.05307626825203847,0.05295116117239026,0.05674977469635174,2.2469952205467725,2.241698785449053,2.4025139051653484,-,simple,0.6,0.3284789277353108,30000.0,6000.0,1.0,1e-06,1.0,1.0,0.0,0.0,0.0,0.0,0.0,0,1.5,psi4,7,40.064584243745635,49.770494261090406,308.2574797939747,40.091347102004356,49.78550371943315,312.4696719156446,0.026762858258715678,0.015009458342739514,4.212192121669897,2.2264851901242126,-4.941579859738108,-4.941579859738108,,,,,,
quant_diff,0.0,50.0,0.2,1.0,rayleigh,1.0,0.24786307681935704,0.5474648795588514,532.0,810.0,809.0,655.2899999999507,0.85,0.2106836152964535,80000.0,16000.0,16000.186538696289,0.055629902736503874,0.055491209707280414,0.05958825563815653,2900.8947836176694,2893.662452349643,3107.3083259621744,diff,simple,0.6,0.3284789277353108,30000.0,6000.0,1.0,1e-06,1.0,1.0,0.0,0.0,0.0,0.0,0.0,0,1.5,psi4,7,40.064584243745635,49.770494261090406,308.2574797939747,2312.323763616223,2901.3117964239423,25999.615863162475,2272.2591793724773,2851.5413021628515,25691.3583833685,2900.709051378862,-6.932735319534429,-6.932735319534429,6000.153213500977,nan,nan,0.0,0.0,0.0
hybrid_diff,0.0,50.0,0.2,1.0,rayleigh,1.0,0.24786307681935704,0.5474648795588514,532.0,810.0,809.0,655.2899999999507,0.85,0.2106836152964535,80000.0,16000.0,16000.186538696289,0.05307626825203847,0.05295116117239026,0.05674977469635174,2.2469952205467725,2.241698785449053,2.4025139051653484,diff,simple,0.6,0.3284789277353108,30000.0,6000.0,1.0,1e-06,1.0,1.0,0.0,0.0,0.0,0.0,0.0,0,1.5,psi4,7,40.064584243745635,49.770494261090406,308.2574797939747,444.46072861118995,566.4162667206006,4879.064416647543,404.3961443674443,516.6457724595101,4570.806936853569,563.3637710723602,-0.6546384579434998,-0.6546384579434998,6000.153213500977,0.055491209707280414,2893.662452349643,0.0,0.0,0.0
quant_noon2,0.0,50.0,0.2,1.0,rayleigh,1.0,0.24786307681935704,0.5474648795588514,532.0,810.0,809.0,0.405,0.85,0.2106836152964535,80000.0,16000.0,16000.186538696289,0.05546221629133938,0.05527769780643052,0.05950813917374736,1.7874848902136986,1.7815380668482712,1.9178804369997258,noon2,simple,0.6,0.3284789277353108,30000.0,6000.0,1.0,1e-06,1.0,1.0,0.0,0.0,0.0,0.0,0.0,0,1.5,psi4,7,40.064584243745635,49.770494261090406,308.2574797939747,40.08369450774357,49.7918888562968,306.0918642729953,0.019110263997938713,0.021394595206389797,-2.1656155209794203,1.7840524220052079,-4.900845259134054,-4.900845259134054,6000.1661376953125,nan,nan,0.0,0.0,0.0
hybrid_noon2,0.0,50.0,0.2,1.0,rayleigh,1.0,0.24786307681935704,0.5474648795588514,532.0,810.0,809.0,0.405,0.85,0.2106836152964535,80000.0,16000.0,16000.186538696289,0.05307626825203847,0.05295116117239026,0.05674977469635174,2.2469952205467725,2.241698785449053,2.4025139051653484,noon2,simple,0.6,0.3284789277353108,30000.0,6000.0,1.0,1e-06,1.0,1.0,0.0,0.0,0.0,0.0,0.0,0,1.5,psi4,7,40.064584243745635,49.770494261090406,308.2574797939747,40.091347102004356,49.78550371943315,312.46967191564454,0.026762858258715678,0.015009458342739514,4.212192121669844,2.2264851901242126,-4.941579859738108,-4.941579859738108,6000.1661376953125,0.05527769780643052,1.7815380668482712,0.0,0.0,0.0
classical,0.0,50.0,0.2,1.0,rayleigh,1.0,0.24786307681935704,0.5474648795588514,532.0,810.0,809.0,655.2899999999507,0.85,0.2106836152964535,80000.0,16000.0,15999.577072143555,0.05305185167874558,0.05290763202334556,0.05678008202370746,2.2459615396702137,2.2398559695714657,2.4037969723808588,-,simple,0.6,0.3284789277353108,30000.0,6000.0,1.0,1e-06,1.0,1.0,0.0,0.0,0.0,0.0,0.0,0,1.5,psi4,8,39.28947784976722,49.35473144288865,339.67340988430885,39.33770617743197,49.433296820873885,342.6730194529444,0.048228327664751006,0.07856537798523056,2.9996095686355297,2.2439634384591036,-4.587349090004488,-4.587349090004488,,,,,,
quant_diff,0.0,50.0,0.2,1.0,rayleigh,1.0,0.24786307681935704,0.5474648795588514,532.0,810.0,809.0,655.2899999999507,0.85,0.2106836152964535,80000.0,16000.0,15999.577072143555,0.05566425085342023,0.05550003021365742,0.05968588272009774,2902.685911559447,2894.122409309465,3112.3992191475263,diff,simple,0.6,0.3284789277353108,30000.0,6000.0,1.0,1e-06,1.0,1.0,0.0,0.0,0.0,0.0,0.0,0,1.5,psi4,8,39.28947784976722,49.35473144288865,339.67340988430885,2287.543853748869,2872.353746703228,23860.102816117644,2248.254375899102,2822.999015260339,23520.42940623334,2871.8374102250937,77.07363060749277,77.07363060749277,5999.751281738281,nan,nan,0.0,0.0,0.0
hybrid_diff,0.0,50.0,0.2,1.0,rayleigh,1.0,0.24786307681935704,0.5474648795588514,532.0,810.0,809.0,655.2899999999507,0.85,0.2106836152964535,80000.0,16000.0,15999.577072143555,0.05305185167874558,0.05290763202334556,0.05678008202370746,2.2459615396702137,2.2398559695714657,2.4037969723808588,diff,simple,0.6,0.3284789277353108,30000.0,6000.0,1.0,1e-06,1.0,1.0,0.0,0.0,0.0,0.0,0.0,0,1.5,psi4,8,39.28947784976722,49.35473144288865,339.67340988430885,439.09809840865,556.351163673821,4771.910222115172,399.8086205588828,506.9964322309324,4432.236812230863,554.518376104708,44.91301153208852,44.91301153208852,5999.751281738281,0.05550003021365742,2894.122409309465,0.0,0.0,0.0
quant_noon2,0.0,50.0,0.2,1.0,rayleigh,1.0,0.24786307681935704,0.5474648795588514,532.0,810.0,809.0,0.405,0.85,0.2106836152964535,80000.0,16000.0,15999.577072143555,0.055473618316184914,0.05529616497052768,0.059548747180506664,1.7878523646583213,1.7821332427895888,1.9191891874132085,noon2,simple,0.6,0.3284789277353108,30000.0,6000.0,1.0,1e-06,1.0,1.0,0.0,0.0,0.0,0.0,0.0,0,1.5,psi4,8,39.28947784976722,49.35473144288865,339.67340988430885,39.31909738968789,49.38629447464512,341.1863251360288,0.02961953992066652,0.03156303175646912,1.5129152517199322,1.7912712421556707,-4.234120553763253,-4.234120553763253,5999.7523193359375,nan,nan,0.0,0.0,0.0
hybrid_noon2,0.0,50.0,0.2,1.0,rayleigh,1.0,0.24786307681935704,0.5474648795588514,532.0,810.0,809.0,0.405,0.85,0.2106836152964535,80000.0,16000.0,15999.577072143555,0.05305185167874558,0.05290763202334556,0.05678008202370746,2.2459615396702137,2.2398559695714657,2.4037969723808588,noon2,simple,0.6,0.3284789277353108,30000.0,6000.0,1.0,1e-06,1.0,1.0,0.0,0.0,0.0,0.0,0.0,0,1.5,psi4,8,39.28947784976722,49.35473144288865,339.67340988430885,39.33770617743197,49.433296820873885,342.67301945294435,0.048228327664751006,0.07856537798523056,2.999609568635477,2.243963438459103,-4.587349090004488,-4.587349090004488,5999.7523193359375,0.05529616497052768,1.7821332427895888,0.0,0.0,0.0
classical,0.0,50.0,0.2,1.0,rayleigh,1.0,0.24786307681935704,0.5474648795588514,532.0,810.0,809.0,655.2899999999507,0.85,0.2106836152964535,80000.0,16000.0,15999.81460571289,0.05309413049595932,0.052926414623220494,0.05681676369012799,2.2477514224810866,2.240651134972847,2.4053498986102846,-,simple,0.6,0.3284789277353108,30000.0,6000.0,1.0,1e-06,1.0,1.0,0.0,0.0,0.0,0.0,0.0,0,1.5,psi4,9,39.74152669762534,49.58433982689807,363.8532564992935,39.77953068085475,49.63726763785263,367.60095577609684,0.03800398322941405,0.05292781095455206,3.747699276803361,2.2496346163228527,-4.302755855310771,-4.302755855310771,,,,,,
quant_diff,0.0,50.0,0.2,1.0,rayleigh,1.0,0.24786307681935704,0.5474648795588514,532.0,810.0,809.0,655.2899999999507,0.85,0.2106836152964535,80000.0,16000.0,15999.81460571289,0.0556730493492928,0.05551151727234688,0.05980169679297033,2903.144720752433,2894.7214171630153,3118.438497006,diff,simple,0.6,0.3284789277353108,30000.0,6000.0,1.0,1e-06,1.0,1.0,0.0,0.0,0.0,0.0,0.0,0,1.5,psi4,9,39.74152669762534,49.58433982689807,363.8532564992935,2279.994010282679,2860.012203739241,23306.665635064342,2240.252483585053,2810.427863912343,22942.81237856505,2859.6112040786334,26.990912218706796,26.990912218706796,5999.880630493164,nan,nan,0.0,0.0,0.0
hybrid_diff,0.0,50.0,0.2,1.0,rayleigh,1.0,0.24786307681935704,0.5474648795588514,532.0,810.0,809.0,655.2899999999507,0.85,0.2106836152964535,80000.0,16000.0,15999.81460571289,0.05309413049595932,0.052926414623220494,0.05681676369012799,2.2477514224810866,2.240651134972847,2.4053498986102846,diff,simple,0.6,0.3284789277353108,30000.0,6000.0,1.0,1e-06,1.0,1.0,0.0,0.0,0.0,0.0,0.0,0,1.5,psi4,9,39.74152669762534,49.58433982689807,363.8532564992935,451.715999226973,567.8937888111881,4500.345219033666,411.9744725293477,518.30944898429,4136.491962534373,566.3041099044583,-20.98345294992614,-20.98345294992614,5999.880630493164,0.05551151727234688,2894.7214171630153,0.0,0.0,0.0
quant_noon2,0.0,50.0,0.2,1.0,rayleigh,1.0,0.24786307681935704,0.5474648795588514,532.0,810.0,809.0,0.405,0.85,0.2106836152964535,80000.0,16000.0,15999.81460571289,0.055489678855182856,0.055316304154606366,0.05954290839997995,1.788369977777796,1.782782306055521,1.9190010100797614,noon2,simple,0.6,0.3284789277353108,30000.0,6000.0,1.0,1e-06,1.0,1.0,0.0,0.0,0.0,0.0,0.0,0,1.5,psi4,9,39.74152669762534,49.58433982689807,363.8532564992935,39.77985362321143,49.630520057886436,366.91339157199235,0.038326925586095996,0.046180230988363304,3.060135072698868,1.7970257094852313,-4.524012973839971,-4.524012973839971,5999.878646850586,nan,nan,0.0,0.0,0.0
hybrid_noon2,0.0,50.0,0.2,1.0,rayleigh,1.0,0.24786307681935704,0.5474648795588514,532.0,810.0,809.0,0.405,0.85,0.2106836152964535,80000.0,16000.0,15999.81460571289,0.05309413049595932,0.052926414623220494,0.05681676369012799,2.2477514224810866,2.240651134972847,2.4053498986102846,noon2,simple,0.6,0.3284789277353108,30000.0,6000.0,1.0,1e-06,1.0,1.0,0.0,0.0,0.0,0.0,0.0,0,1.5,psi4,9,39.74152669762534,49.58433982689807,363.8532564992935,39.779530680854755,49.63726763785263,367.60095577609684,0.03800398322942067,0.05292781095455206,3.747699276803361,2.2496346163228527,-4.302755855310771,-4.302755855310771,5999.878646850586,0.055316304154606366,1.782782306055521,0.0,0.0,0.0
classical,0.0,50.0,0.2,0.7,rayleigh,1.0,0.24786307681935704,0.5474648795588514,532.0,810.0,809.0,655.2899999999507,0.85,0.14747853070751743,80000.0,16000.0,15999.276596069336,0.07595073632318264,0.07552104781092678,0.08356376164194121,3.21539074120278,3.1971997857125034,3.5376898038256512,-,simple,0.6,0.22993524941471757,30000.0,6000.0,1.0,1e-06,1.0,1.0,0.0,0.0,0.0,0.0,0.0,0,1.5,psi4,0,40.326400203266125,49.86672817706558,340.7911930307616,40.38049718771123,49.97046988605677,345.88256885683904,0.05409698444510301,0.10374170899119271,5.091375826077471,3.200869713327176,-3.2356636571376876,-3.2356636571376876,,,,,,
quant_diff,0.0,50.0,0.2,0.7,rayleigh,1.0,0.24786307681935704,0.5474648795588514,532.0,810.0,809.0,655.2899999999507,0.85,0.14747853070751743,80000.0,16000.0,15999.276596069336,0.07957968399819773,0.07902371189885576,0.08796704229380964,4149.787773057366,4120.795873314933,4587.157653844652,diff,simple,0.6,0.22993524941471757,30000.0,6000.0,1.0,1e-06,1.0,1.0,0.0,0.0,0.0,0.0,0.0,0,1.5,psi4,0,40.326400203266125,49.86672817706558,340.7911930307616,3291.8699764778776,4138.871718381773,31808.56281233667,3251.5435762746115,4089.004990204707,31467.77161930591,4139.061649071706,-111.26515342526122,-111.26515342526122,5999.629455566406,nan,nan,0.0,0.0,0.0
hybrid_diff,0.0,50.0,0.2,0.7,rayleigh,1.0,0.24786307681935704,0.5474648795588514,532.0,810.0,809.0,655.2899999999507,0.85,0.14747853070751743,80000.0,16000.0,15999.276596069336,0.07595073632318264,0.07552104781092678,0.08356376164194121,3.21539074120278,3.1971997857125034,3.5376898038256512,diff,simple,0.6,0.22993524941471757,30000.0,6000.0,1.0,1e-06,1.0,1.0,0.0,0.0,0.0,0.0,0.0,0,1.5,psi4,0,40.326400203266125,49.86672817706558,340.7911930307616,658.6374932243842,823.0458003569353,6139.861672352814,618.311093021118,773.1790721798696,5799.070479322052,823.6871233626895,-59.92413998042449,-59.92413998042449,5999.629455566406,0.07902371189885576,4120.795873314933,0.0,0.0,0.0
quant_noon2,0.0,50.0,0.2,0.7,rayleigh,1.0,0.24786307681935704,0.5474648795588514,532.0,810.0,809.0,0.405,0.85,0.14747853070751743,80000.0,16000.0,15999.276596069336,0.07947691109996899,0.0789855359120711,0.08784369455265781,2.561451510805126,2.545615040816628,2.8311035370207938,noon2,simple,0.6,0.22993524941471757,30000.0,6000.0,1.0,1e-06,1.0,1.0,0.0,0.0,0.0,0.0,0.0,0,1.5,psi4,0,40.326400203266125,49.86672817706558,340.7911930307616,40.370319783598475,49.934316025601646,342.58592451645416,0.04391958033234936,0.06758784853606847,1.7947314856925838,2.5507858268154147,-3.1320166772765674,-3.1320166772765674,5999.620681762695,nan,nan,0.0,0.0,0.0
hybrid_noon2,0.0,50.0,0.2,0.7,rayleigh,1.0,0.24786307681935704,0.5474648795588514,532.0,810.0,809.0,0.405,0.85,0.14747853070751743,80000.0,16000.0,15999.276596069336,0.07595073632318264,0.07552104781092678,0.08356376164194121,3.21539074120278,3.1971997857125034,3.5376898038256512,noon2,simple,0.6,0.22993524941471757,30000.0,6000.0,1.0,1e-06,1.0,1.0,0.0,0.0,0.0,0.0,0.0,0,1.5,psi4,0,40.326400203266125,49.86672817706558,340.7911930307616,40.38049718771123,49.97046988605677,345.88256885683904,0.05409698444510301,0.10374170899119271,5.091375826077471,3.200869713327176,-3.2356636571376876,-3.2356636571376876,5999.620681762695,0.0789855359120711,2.545615040816628,0.0,0.0,0.0
classical,0.0,50.0,0.2,0.7,rayleigh,1.0,0.24786307681935704,0.5474648795588514,532.0,810.0,809.0,655.2899999999507,0.85,0.14747853070751743,80000.0,16000.0,16000.656829833984,0.07597525473886471,0.07556360742448248,0.08365262798051959,3.216428733598767,3.1990015560968468,3.541451979363406,-,simple,0.6,0.22993524941471757,30000.0,6000.0,1.0,1e-06,1.0,1.0,0.0,0.0,0.0,0.0,0.0,0,1.5,psi4,1,39.65963079405401,49.95750257208303,350.5167686648905,39.733244541609984,50.077082296223665,362.7350461631166,0.07361374755597874,0.11957972414063464,12.218277498226087,3.22474440454082,2.1042449988277614,2.1042449988277614,,,,,,
quant_diff,0.0,50.0,0.2,0.7,rayleigh,1.0,0.24786307681935704,0.5474648795588514,532.0,810.0,809.0,655.2899999999507,0.85,0.14747853070751743,80000.0,16000.0,16000.656829833984,0.07967663878142353,0.07921454415611859,0.08809089170962763,4154.843608337876,4130.747073522163,4593.615945278347,diff,simple,0.6,0.22993524941471757,30000.0,6000.0,1.0,1e-06,1.0,1.0,0.0,0.0,0.0,0.0,0.0,0,1.5,psi4,1,39.65963079405401,49.95750257208303,350.5167686648905,3288.4341905340775,4126.826335378799,31599.77818745429,3248.7745597400235,4076.8688328067155,31249.2614187894,4126.785033925923,-5.2492761297460895,-5.2492761297460895,6000.384490966797,nan,nan,0.0,0.0,0.0
hybrid_diff,0.0,50.0,0.2,0.7,rayleigh,1.0,0.24786307681935704,0.5474648795588514,532.0,810.0,809.0,655.2899999999507,0.85,0.14747853070751743,80000.0,16000.0,16000.656829833984,0.07597525473886471,0.07556360742448248,0.08365262798051959,3.216428733598767,3.1990015560968468,3.541451979363406,diff,simple,0.6,0.22993524941471757,30000.0,6000.0,1.0,1e-06,1.0,1.0,0.0,0.0,0.0,0.0,0.0,0,1.5,psi4,1,39.65963079405401,49.95750257208303,350.5167686648905,624.3700463091595,790.486096828054,6199.050883436369,584.7104155151055,740.5285942559709,5848.534114771478,790.5942769205002,8.985975653594899,8.985975653594899,6000.384490966797,0.07921454415611859,4130.747073522163,0.0,0.0,0.0
quant_noon2,0.0,50.0,0.2,0.7,rayleigh,1.0,0.24786307681935704,0.5474648795588514,532.0,810.0,809.0,0.405,0.85,0.14747853070751743,80000.0,16000.0,16000.656829833984,0.07958536947475275,0.07911781546575009,0.08789061149757688,2.564947002314602,2.549878262146323,2.8326156174197683,noon2,simple,0.6,0.22993524941471757,30000.0,6000.0,1.0,1e-06,1.0,1.0,0.0,0.0,0.0,0.0,0.0,0,1.5,psi4,1,39.65963079405401,49.95750257208303,350.5167686648905,39.70820733293391,50.0074326655223,351.9246584210537,0.04857653887989916,0.04993009343926958,1.4078897561632289,2.574703794007437,1.7183972768126448,1.7183972768126448,6000.408660888672,nan,nan,0.0,0.0,0.0
hybrid_noon2,0.0,50.0,0.2,0.7,rayleigh,1.0,0.24786307681935704,0.5474648795588514,532.0,810.0,809.0,0.405,0.85,0.14747853070751743,80000.0,16000.0,16000.656829833984,0.07597525473886471,0.07556360742448248,0.08365262798051959,3.216428733598767,3.1990015560968468,3.541451979363406,noon2,simple,0.6,0.22993524941471757,30000.0,6000.0,1.0,1e-06,1.0,1.0,0.0,0.0,0.0,0.0,0.0,0,1.5,psi4,1,39.65963079405401,49.95750257208303,350.5167686648905,39.73324454160999,50.07708229622366,362.7350461631165,0.07361374755598535,0.11957972414062804,12.218277498226033,3.22474440454082,2.1042449988277614,2.1042449988277614,6000.408660888672,0.07911781546575009,2.549878262146323,0.0,0.0,0.0
classical,0.0,50.0,0.2,0.7,rayleigh,1.0,0.24786307681935704,0.5474648795588514,532.0,810.0,809.0,655.2899999999507,0.85,0.14747853070751743,80000.0,16000.0,15999.91162109375,0.0760017027219976,0.07554151322055158,0.08364070267367746,3.217548414647376,3.198066193226218,3.5409471189359434,-,simple,0.6,0.22993524941471757,30000.0,6000.0,1.0,1e-06,1.0,1.0,0.0,0.0,0.0,0.0,0.0,0,1.5,psi4,2,40.21574153903211,49.80529700338696,318.2399264316901,40.29828370443407,49.90145508957356,319.50573445407235,0.08254216540196432,0.09615808618659541,1.2658080223822612,3.245980643760745,4.654612647106691,4.654612647106691,,,,,,
quant_diff,0.0,50.0,0.2,0.7,rayleigh,1.0,0.24786307681935704,0.5474648795588514,532.0,810.0,809.0,655.2899999999507,0.85,0.14747853070751743,80000.0,16000.0,15999.91162109375,0.07966724121679572,0.07918497709716817,0.08810564686733117,4154.353559913081,4129.20526016537,4594.385372473221,diff,simple,0.6,0.22993524941471757,30000.0,6000.0,1.0,1e-06,1.0,1.0,0.0,0.0,0.0,0.0,0.0,0,1.5,psi4,2,40.21574153903211,49.80529700338696,318.2399264316901,3324.3984447741454,4160.296906048564,34273.9584852453,3284.1827032351134,4110.491609045177,33955.718558813605,4159.846242719294,37.14192654392222,37.14192654392222,6000.003021240234,nan,nan,0.0,0.0,0.0
hybrid_diff,0.0,50.0,0.2,0.7,rayleigh,1.0,0.24786307681935704,0.5474648795588514,532.0,810.0,809.0,655.2899999999507,0.85,0.14747853070751743,80000.0,16000.0,15999.91162109375,0.0760017027219976,0.07554151322055158,0.08364070267367746,3.217548414647376,3.198066193226218,3.5409471189359434,diff,simple,0.6,0.22993524941471757,30000.0,6000.0,1.0,1e-06,1.0,1.0,0.0,0.0,0.0,0.0,0.0,0,1.5,psi4,2,40.21574153903211,49.80529700338696,318.2399264316901,625.3897600152902,787.7708574800259,7521.114121039824,585.1740184762582,737.965560476639,7202.874194608134,785.6081062209903,73.07871675516881,73.07871675516881,6000.003021240234,0.07918497709716817,4129.20526016537,0.0,0.0,0.0
quant_noon2,0.0,50.0,0.2,0.7,rayleigh,1.0,0.24786307681935704,0.5474648795588514,532.0,810.0,809.0,0.405,0.85,0.14747853070751743,80000.0,16000.0,15999.91162109375,0.07947122954846547,0.0789420685846269,0.08787307640651512,2.5612684007863677,2.5442141377114167,2.832050481144709,noon2,simple,0.6,0.22993524941471757,30000.0,6000.0,1.0,1e-06,1.0,1.0,0.0,0.0,0.0,0.0,0.0,0,1.5,psi4,2,40.21574153903211,49.80529700338696,318.2399264316901,40.29298510361545,49.88496455340156,319.7366329318081,0.07724356458334178,0.07966755001459853,1.4967065001180262,2.597999290726616,4.598055248398861,4.598055248398861,5999.988693237305,nan,nan,0.0,0.0,0.0
hybrid_noon2,0.0,50.0,0.2,0.7,rayleigh,1.0,0.24786307681935704,0.5474648795588514,532.0,810.0,809.0,0.405,0.85,0.14747853070751743,80000.0,16000.0,15999.91162109375,0.0760017027219976,0.07554151322055158,0.08364070267367746,3.217548414647376,3.198066193226218,3.5409471189359434,noon2,simple,0.6,0.22993524941471757,30000.0,6000.0,1.0,1e-06,1.0,1.0,0.0,0.0,0.0,0.0,0.0,0,1.5,psi4,2,40.21574153903211,49.80529700338696,318.2399264316901,40.29828370443407,49.90145508957356,319.50573445407224,0.08254216540196432,0.09615808618659541,1.2658080223821553,3.245980643760745,4.6546126471066716,4.6546126471066716,5999.988693237305,0.0789420685846269,2.5442141377114167,0.0,0.0,0.0
classical,0.0,50.0,0.2,0.7,rayleigh,1.0,0.24786307681935704,0.5474648795588514,532.0,810.0,809.0,655.2899999999507,0.85,0.14747853070751743,80000.0,16000.0,15999.582336425781,0.0759591246495955,0.0755270544901597,0.08363023921755616,3.215745862803805,3.197454079768439,3.5405041462728444,-,simple,0.6,0.22993524941471757,30000.0,6000.0,1.0,1e-06,1.0,1.0,0.0,0.0,0.0,0.0,0.0,0,1.5,psi4,3,40.4367633925367,49.99767052675088,310.6233222073913,40.51376350054449,50.08975134240334,318.342690706215,0.07700010800779951,0.09208081565245853,7.719368498823741,3.223679738258408,1.9943229625463263,1.9943229625463263,,,,,,
quant_diff,0.0,50.0,0.2,0.7,rayleigh,1.0,0.24786307681935704,0.5474648795588514,532.0,810.0,809.0,655.2899999999507,0.85,0.14747853070751743,80000.0,16000.0,15999.582336425781,0.07960007200649617,0.07914450512035331,0.08800320921986104,4150.850932689362,4127.0947954575495,4589.0436259920225,diff,simple,0.6,0.22993524941471757,30000.0,6000.0,1.0,1e-06,1.0,1.0,0.0,0.0,0.0,0.0,0.0,0,1.5,psi4,3,40.4367633925367,49.99767052675088,310.6233222073913,3326.2561011640337,4182.867980361478,34105.87622710392,3285.819337771497,4132.870309834727,33795.25290489653,4182.620762691381,41.48589459052107,41.48589459052107,5999.72477722168,nan,nan,0.0,0.0,0.0
hybrid_diff,0.0,50.0,0.2,0.7,rayleigh,1.0,0.24786307681935704,0.5474648795588514,532.0,810.0,809.0,655.2899999999507,0.85,0.14747853070751743,80000.0,16000.0,15999.582336425781,0.0759591246495955,0.0755270544901597,0.08363023921755616,3.215745862803805,3.197454079768439,3.5405041462728444,diff,simple,0.6,0.22993524941471757,30000.0,6000.0,1.0,1e-06,1.0,1.0,0.0,0.0,0.0,0.0,0.0,0,1.5,psi4,3,40.4367633925367,49.99767052675088,310.6233222073913,643.4285729455748,809.6444682664502,6906.324176094268,602.9918095530381,759.6467977396993,6595.700853886877,808.4840458746514,-127.85577192027291,-127.85577192027291,5999.72477722168,0.07914450512035331,4127.0947954575495,0.0,0.0,0.0
quant_noon2,0.0,50.0,0.2,0.7,rayleigh,1.0,0.24786307681935704,0.5474648795588514,532.0,810.0,809.0,0.405,0.85,0.14747853070751743,80000.0,16000.0,15999.582336425781,0.07945869900979315,0.07897976509784152,0.08802812955251457,2.5608645556095833,2.5454290539605418,2.8370476697568305,noon2,simple,0.6,0.22993524941471757,30000.0,6000.0,1.0,1e-06,1.0,1.0,0.0,0.0,0.0,0.0,0.0,0,1.5,psi4,3,40.4367633925367,49.99767052675088,310.6233222073913,40.49398069940491,50.07075353197742,318.23823694845635,0.05721730686821618,0.07308300522653743,7.614914741065034,2.585028681445818,1.7997061260032676,1.7997061260032676,5999.722869873047,nan,nan,0.0,0.0,0.0
hybrid_noon2,0.0,50.0,0.2,0.7,rayleigh,1.0,0.24786307681935704,0.5474648795588514,532.0,810.0,809.0,0.405,0.85,0.14747853070751743,80000.0,16000.0,15999.582336425781,0.0759591246495955,0.0755270544901597,0.08363023921755616,3.215745862803805,3.197454079768439,3.5405041462728444,noon2,simple,0.6,0.22993524941471757,30000.0,6000.0,1.0,1e-06,1.0,1.0,0.0,0.0,0.0,0.0,0.0,0,1.5,psi4,3,40.4367633925367,49.99767052675088,310.6233222073913,40.5137635005445,50.08975134240334,318.34269070621514,0.07700010800780613,0.09208081565245853,7.7193684988238465,3.223679738258408,1.9943229625463115,1.9943229625463115,5999.722869873047,0.07897976509784152,2.5454290539605418,0.0,0.0,0.0
classical,0.0,50.0,0.2,0.7,rayleigh,1.0,0.24786307681935704,0.5474648795588514,532.0,810.0,809.0,655.2899999999507,0.85,0.14747853070751743,80000.0,16000.0,16000.59326171875,0.07594402665856435,0.07550717871498182,0.08357461076017028,3.2151066861095092,3.196612634555726,3.5381491035769472,-,simple,0.6,0.22993524941471757,30000.0,6000.0,1.0,1e-06,1.0,1.0,0.0,0.0,0.0,0.0,0.0,0,1.5,psi4,4,40.40011057790714,49.93013179138292,310.1971324873092,40.4779921958529,50.015010260637936,316.2522985482712,0.07788161794576057,0.08487846925501986,6.055166060961997,3.1932273589153275,-10.63720270992597,-10.63720270992597,,,,,,
quant_diff,0.0,50.0,0.2,0.7,rayleigh,1.0,0.24786307681935704,0.5474648795588514,532.0,810.0,809.0,655.2899999999507,0.85,0.14747853070751743,80000.0,16000.0,16000.59326171875,0.07963213371111928,0.07919409918599309,0.08800372827848814,4152.522832641005,4129.680943540429,4589.07069298998,diff,simple,0.6,0.22993524941471757,30000.0,6000.0,1.0,1e-06,1.0,1.0,0.0,0.0,0.0,0.0,0.0,0,1.5,psi4,4,40.40011057790714,49.93013179138292,310.1971324873092,3320.1524599557592,4154.460580044027,34414.70166466083,3279.752349377852,4104.5304482526435,34104.50453217352,4154.27535148731,219.65407648161403,219.65407648161403,6000.350036621094,nan,nan,0.0,0.0,0.0
hybrid_diff,0.0,50.0,0.2,0.7,rayleigh,1.0,0.24786307681935704,0.5474648795588514,532.0,810.0,809.0,655.2899999999507,0.85,0.14747853070751743,80000.0,16000.0,16000.59326171875,0.07594402665856435,0.07550717871498182,0.08357461076017028,3.2151066861095092,3.196612634555726,3.5381491035769472,diff,simple,0.6,0.22993524941471757,30000.0,6000.0,1.0,1e-06,1.0,1.0,0.0,0.0,0.0,0.0,0.0,0,1.5,psi4,4,40.40011057790714,49.93013179138292,310.1971324873092,642.7261477603972,810.0034658865437,6364.769785933583,602.3260371824902,760.0733340951607,6054.572653446274,809.2539309182176,86.49168975443564,86.49168975443564,6000.350036621094,0.07919409918599309,4129.680943540429,0.0,0.0,0.0
quant_noon2,0.0,50.0,0.2,0.7,rayleigh,1.0,0.24786307681935704,0.5474648795588514,532.0,810.0,809.0,0.405,0.85,0.14747853070751743,80000.0,16000.0,16000.59326171875,0.0795284048064608,0.07890720974390299,0.08804589549037621,2.563111095085201,2.5430906764570542,2.8376202459647732,noon2,simple,0.6,0.22993524941471757,30000.0,6000.0,1.0,1e-06,1.0,1.0,0.0,0.0,0.0,0.0,0.0,0,1.5,psi4,4,40.40011057790714,49.93013179138292,310.1971324873092,40.42461441100363,49.957185277588835,313.60001860945073,0.02450383309648814,0.027053486205915946,3.4028861221414934,2.573424824575569,-10.619713138401904,-10.619713138401904,6000.337249755859,nan,nan,0.0,0.0,0.0
hybrid_noon2,0.0,50.0,0.2,0.7,rayleigh,1.0,0.24786307681935704,0.5474648795588514,532.0,810.0,809.0,0.405,0.85,0.14747853070751743,80000.0,16000.0,16000.59326171875,0.07594402665856435,0.07550717871498182,0.08357461076017028,3.2151066861095092,3.196612634555726,3.5381491035769472,noon2,simple,0.6,0.22993524941471757,30000.0,6000.0,1.0,1e-06,1.0,1.0,0.0,0.0,0.0,0.0,0.0,0,1.5,psi4,4,40.40011057790714,49.93013179138292,310.1971324873092,40.4779921958529,50.015010260637936,316.2522985482712,0.07788161794576057,0.08487846925501986,6.055166060961997,3.1932273589153275,-10.63720270992597,-10.63720270992597,6000.337249755859,0.07890720974390299,2.5430906764570542,0.0,0.0,0.0
classical,0.0,50.0,0.2,0.7,rayleigh,1.0,0.24786307681935704,0.5474648795588514,532.0,810.0,809.0,655.2899999999507,0.85,0.14747853070751743,80000.0,16000.0,15999.984954833984,0.07600794571179656,0.07553268760611886,0.08367727586983759,3.217812712961899,3.197692558942916,3.5424954530535886,-,simple,0.6,0.22993524941471757,30000.0,6000.0,1.0,1e-06,1.0,1.0,0.0,0.0,0.0,0.0,0.0,0,1.5,psi4,5,39.89497650754211,49.20089138911356,310.7799897363645,40.017126587429225,49.35978627125384,313.06327201217624,0.12215007988711919,0.15889488214028008,2.2832822758117537,3.202907710031194,-10.490717743100284,-10.490717743100284,,,,,,
quant_diff,0.0,50.0,0.2,0.7,rayleigh,1.0,0.24786307681935704,0.5474648795588514,532.0,810.0,809.0,655.2899999999507,0.85,0.14747853070751743,80000.0,16000.0,15999.984954833984,0.07968831697933154,0.07917439992584878,0.0881462693665359,4155.4525833985335,4128.653699590994,4596.5036863699515,diff,simple,0.6,0.22993524941471757,30000.0,6000.0,1.0,1e-06,1.0,1.0,0.0,0.0,0.0,0.0,0.0,0,1.5,psi4,5,39.89497650754211,49.20089138911356,310.7799897363645,3301.234922993891,4131.198878554106,35356.95958728868,3261.3399464863487,4081.9979871649925,35046.17959755231,4130.393426993837,39.78348076236474,39.78348076236474,5999.992736816406,nan,nan,0.0,0.0,0.0
hybrid_diff,0.0,50.0,0.2,0.7,rayleigh,1.0,0.24786307681935704,0.5474648795588514,532.0,810.0,809.0,655.2899999999507,0.85,0.14747853070751743,80000.0,16000.0,15999.984954833984,0.07600794571179656,0.07553268760611886,0.08367727586983759,3.217812712961899,3.197692558942916,3.5424954530535886,diff,simple,0.6,0.22993524941471757,30000.0,6000.0,1.0,1e-06,1.0,1.0,0.0,0.0,0.0,0.0,0.0,0,1.5,psi4,5,39.89497650754211,49.20089138911356,310.7799897363645,642.8745463531742,807.5999854648651,6377.102681756734,602.979569845632,758.3990940757516,6066.322692020369,803.8123277049324,17.58807030277864,17.58807030277864,5999.992736816406,0.07917439992584878,4128.653699590994,0.0,0.0,0.0
quant_noon2,0.0,50.0,0.2,0.7,rayleigh,1.0,0.24786307681935704,0.5474648795588514,532.0,810.0,809.0,0.405,0.85,0.14747853070751743,80000.0,16000.0,15999.984954833984,0.07949495660876524,0.07899023420054604,0.08790787269110512,2.5620330972700467,2.545766461373187,2.8331719262851895,noon2,simple,0.6,0.22993524941471757,30000.0,6000.0,1.0,1e-06,1.0,1.0,0.0,0.0,0.0,0.0,0.0,0,1.5,psi4,5,39.89497650754211,49.20089138911356,310.7799897363645,39.97290232007307,49.27325049110341,317.26629964920863,0.07792581253096102,0.072359101989855,6.48630991284413,2.5337229641563668,-10.079029896483972,-10.079029896483972,5999.99462890625,nan,nan,0.0,0.0,0.0
hybrid_noon2,0.0,50.0,0.2,0.7,rayleigh,1.0,0.24786307681935704,0.5474648795588514,532.0,810.0,809.0,0.405,0.85,0.14747853070751743,80000.0,16000.0,15999.984954833984,0.07600794571179656,0.07553268760611886,0.08367727586983759,3.217812712961899,3.197692558942916,3.5424954530535886,noon2,simple,0.6,0.22993524941471757,30000.0,6000.0,1.0,1e-06,1.0,1.0,0.0,0.0,0.0,0.0,0.0,0,1.5,psi4,5,39.89497650754211,49.20089138911356,310.7799897363645,40.017126587429225,49.35978627125384,313.0632720121762,0.12215007988711919,0.15889488214028008,2.283282275811701,3.202907710031194,-10.490717743100284,-10.490717743100284,5999.99462890625,0.07899023420054604,2.545766461373187,0.0,0.0,0.0
classical,0.0,50.0,0.2,0.7,rayleigh,1.0,0.24786307681935704,0.5474648795588514,532.0,810.0,809.0,655.2899999999507,0.85,0.14747853070751743,80000.0,16000.0,15999.605331420898,0.07592552826355226,0.07547694163367384,0.08366969744254657,3.2143235525820613,3.19533254122174,3.5421746187059036,-,simple,0.6,0.22993524941471757,30000.0,6000.0,1.0,1e-06,1.0,1.0,0.0,0.0,0.0,0.0,0.0,0,1.5,psi4,6,40.00515236849254,49.88244811782471,325.39844336755016,40.11040410775268,50.026313619047336,330.697346942619,0.10525173926013835,0.14386550122262554,5.298903575068845,3.2143016345137325,-2.583103966679479,-2.583103966679479,,,,,,
quant_diff,0.0,50.0,0.2,0.7,rayleigh,1.0,0.24786307681935704,0.5474648795588514,532.0,810.0,809.0,655.2899999999507,0.85,0.14747853070751743,80000.0,16000.0,15999.605331420898,0.07968782075089062,0.07920444860634888,0.08808431837193294,4155.426706910801,4130.220627739875,4593.273169898714,diff,simple,0.6,0.22993524941471757,30000.0,6000.0,1.0,1e-06,1.0,1.0,0.0,0.0,0.0,0.0,0.0,0,1.5,psi4,6,40.00515236849254,49.88244811782471,325.39844336755016,3278.461330292241,4117.224818888124,33332.61115976891,3238.456177923749,4067.3423707702987,33007.212716401365,4117.420311530489,40.88304089242541,40.88304089242541,5999.755233764648,nan,nan,0.0,0.0,0.0
hybrid_diff,0.0,50.0,0.2,0.7,rayleigh,1.0,0.24786307681935704,0.5474648795588514,532.0,810.0,809.0,655.2899999999507,0.85,0.14747853070751743,80000.0,16000.0,15999.605331420898,0.07592552826355226,0.07547694163367384,0.08366969744254657,3.2143235525820613,3.19533254122174,3.5421746187059036,diff,simple,0.6,0.22993524941471757,30000.0,6000.0,1.0,1e-06,1.0,1.0,0.0,0.0,0.0,0.0,0.0,0,1.5,psi4,6,40.00515236849254,49.88244811782471,325.39844336755016,630.0418433893221,789.8775020916812,7888.942811302353,590.0366910208296,739.9950539738566,7563.544367934803,790.8452600167839,-8.830661135484451,-8.830661135484451,5999.755233764648,0.07920444860634888,4130.220627739875,0.0,0.0,0.0
quant_noon2,0.0,50.0,0.2,0.7,rayleigh,1.0,0.24786307681935704,0.5474648795588514,532.0,810.0,809.0,0.405,0.85,0.14747853070751743,80000.0,16000.0,15999.605331420898,0.07945239831711678,0.07901181416810305,0.08781242332929308,2.560661491366753,2.54646195947115,2.8300957006413507,noon2,simple,0.6,0.22993524941471757,30000.0,6000.0,1.0,1e-06,1.0,1.0,0.0,0.0,0.0,0.0,0.0,0,1.5,psi4,6,40.00515236849254,49.88244811782471,325.39844336755016,40.06979865932501,49.94910695937377,331.9756003770301,0.06464629083246877,0.06665884154905748,6.577157009479947,2.5685385782299406,-2.450163047438852,-2.450163047438852,5999.769149780273,nan,nan,0.0,0.0,0.0
hybrid_noon2,0.0,50.0,0.2,0.7,rayleigh,1.0,0.24786307681935704,0.5474648795588514,532.0,810.0,809.0,0.405,0.85,0.14747853070751743,80000.0,16000.0,15999.605331420898,0.07592552826355226,0.07547694163367384,0.08366969744254657,3.2143235525820613,3.19533254122174,3.5421746187059036,noon2,simple,0.6,0.22993524941471757,30000.0,6000.0,1.0,1e-06,1.0,1.0,0.0,0.0,0.0,0.0,0.0,0,1.5,psi4,6,40.00515236849254,49.88244811782471,325.39844336755016,40.11040410775268,50.026313619047336,330.697346942619,0.10525173926013835,0.14386550122262554,5.298903575068845,3.2143016345137325,-2.583103966679479,-2.583103966679479,5999.769149780273,0.07901181416810305,2.54646195947115,0.0,0.0,0.0
classical,0.0,50.0,0.2,0.7,rayleigh,1.0,0.24786307681935704,0.5474648795588514,532.0,810.0,809.0,655.2899999999507,0.85,0.14747853070751743,80000.0,16000.0,16000.20278930664,0.07595907369345448,0.07551594696291397,0.08351008152168232,3.2157437055646256,3.1969838402159008,3.5354172444006493,-,simple,0.6,0.22993524941471757,30000.0,6000.0,1.0,1e-06,1.0,1.0,0.0,0.0,0.0,0.0,0.0,0,1.5,psi4,7,40.064584243745635,49.770494261090406,308.2574797939747,40.10576013709492,49.84153235066124,311.1393060347141,0.04117589334928423,0.07103808957082909,2.881826240739406,3.20886481003945,-4.881312646020537,-4.881312646020537,,,,,,
quant_diff,0.0,50.0,0.2,0.7,rayleigh,1.0,0.24786307681935704,0.5474648795588514,532.0,810.0,809.0,655.2899999999507,0.85,0.14747853070751743,80000.0,16000.0,16000.20278930664,0.07958113508988254,0.07911578246882991,0.08786278582380479,4149.86344215064,4125.59701484178,4581.721062459116,diff,simple,0.6,0.22993524941471757,30000.0,6000.0,1.0,1e-06,1.0,1.0,0.0,0.0,0.0,0.0,0.0,0,1.5,psi4,7,40.064584243745635,49.770494261090406,308.2574797939747,3295.811880968172,4141.607999445261,34112.63357945695,3255.747296724426,4091.837505184171,33804.37609966298,4140.904486485473,-66.25982553837568,-66.25982553837568,6000.186065673828,nan,nan,0.0,0.0,0.0
hybrid_diff,0.0,50.0,0.2,0.7,rayleigh,1.0,0.24786307681935704,0.5474648795588514,532.0,810.0,809.0,655.2899999999507,0.85,0.14747853070751743,80000.0,16000.0,16000.20278930664,0.07595907369345448,0.07551594696291397,0.08351008152168232,3.2157437055646256,3.1969838402159008,3.5354172444006493,diff,simple,0.6,0.22993524941471757,30000.0,6000.0,1.0,1e-06,1.0,1.0,0.0,0.0,0.0,0.0,0.0,0,1.5,psi4,7,40.064584243745635,49.770494261090406,308.2574797939747,625.4031556105167,792.244495490394,6531.26002045045,585.338571366771,742.4740012293036,6223.002540656475,788.9032434596319,2.5953052734150504,2.5953052734150504,6000.186065673828,0.07911578246882991,4125.59701484178,0.0,0.0,0.0
quant_noon2,0.0,50.0,0.2,0.7,rayleigh,1.0,0.24786307681935704,0.5474648795588514,532.0,810.0,809.0,0.405,0.85,0.14747853070751743,80000.0,16000.0,16000.20278930664,0.07947924229951336,0.0789816378057038,0.08797845544430712,2.5615266427461174,2.5454894092299742,2.8354467290841887,noon2,simple,0.6,0.22993524941471757,30000.0,6000.0,1.0,1e-06,1.0,1.0,0.0,0.0,0.0,0.0,0.0,0,1.5,psi4,7,40.064584243745635,49.770494261090406,308.2574797939747,40.10629832305373,49.80822946227497,309.3202440421198,0.041714079308088056,0.037735201184567344,1.0627642481450834,2.55552916290213,-4.803021671242334,-4.803021671242334,6000.157501220703,nan,nan,0.0,0.0,0.0
hybrid_noon2,0.0,50.0,0.2,0.7,rayleigh,1.0,0.24786307681935704,0.5474648795588514,532.0,810.0,809.0,0.405,0.85,0.14747853070751743,80000.0,16000.0,16000.20278930664,0.07595907369345448,0.07551594696291397,0.08351008152168232,3.2157437055646256,3.1969838402159008,3.5354172444006493,noon2,simple,0.6,0.22993524941471757,30000.0,6000.0,1.0,1e-06,1.0,1.0,0.0,0.0,0.0,0.0,0.0,0,1.5,psi4,7,40.064584243745635,49.770494261090406,308.2574797939747,40.10576013709492,49.84153235066124,311.1393060347141,0.04117589334928423,0.07103808957082909,2.881826240739406,3.20886481003945,-4.881312646020537,-4.881312646020537,6000.157501220703,0.0789816378057038,2.5454894092299742,0.0,0.0,0.0
classical,0.0,50.0,0.2,0.7,rayleigh,1.0,0.24786307681935704,0.5474648795588514,532.0,810.0,809.0,655.2899999999507,0.85,0.14747853070751743,80000.0,16000.0,15999.635833740234,0.07592984489442792,0.07550631612850434,0.08349326616414454,3.2145062980776644,3.1965761167718645,3.5347053626262985,-,simple,0.6,0.22993524941471757,30000.0,6000.0,1.0,1e-06,1.0,1.0,0.0,0.0,0.0,0.0,0.0,0,1.5,psi4,8,39.28947784976722,49.35473144288865,339.67340988430885,39.39992078324932,49.48502558065089,345.5720706487642,0.11044293348210354,0.13029413776224216,5.898660764455364,3.198147808860547,-3.9472991672876074,-3.9472991672876074,,,,,,
quant_diff,0.0,50.0,0.2,0.7,rayleigh,1.0,0.24786307681935704,0.5474648795588514,532.0,810.0,809.0,655.2899999999507,0.85,0.14747853070751743,80000.0,16000.0,15999.635833740234,0.07967856870057165,0.07915193286264788,0.08802490254039637,4154.944246521913,4127.482124893993,4590.174852855358,diff,simple,0.6,0.22993524941471757,30000.0,6000.0,1.0,1e-06,1.0,1.0,0.0,0.0,0.0,0.0,0.0,0,1.5,psi4,8,39.28947784976722,49.35473144288865,339.67340988430885,3313.080294863294,4149.625475749737,32633.97449339104,3273.7908170135265,4100.270744306848,32294.301083506733,4149.19071513796,-106.75264348494404,-106.75264348494404,6000.131393432617,nan,nan,0.0,0.0,0.0
hybrid_diff,0.0,50.0,0.2,0.7,rayleigh,1.0,0.24786307681935704,0.5474648795588514,532.0,810.0,809.0,655.2899999999507,0.85,0.14747853070751743,80000.0,16000.0,15999.635833740234,0.07592984489442792,0.07550631612850434,0.08349326616414454,3.2145062980776644,3.1965761167718645,3.5347053626262985,diff,simple,0.6,0.22993524941471757,30000.0,6000.0,1.0,1e-06,1.0,1.0,0.0,0.0,0.0,0.0,0.0,0,1.5,psi4,8,39.28947784976722,49.35473144288865,339.67340988430885,639.5005309790729,806.0586704174382,6538.982454574061,600.2110531293057,756.7039389745495,6199.309044689752,803.9957853578826,-19.050960687038433,-19.050960687038433,6000.131393432617,0.07915193286264788,4127.482124893993,0.0,0.0,0.0
quant_noon2,0.0,50.0,0.2,0.7,rayleigh,1.0,0.24786307681935704,0.5474648795588514,532.0,810.0,809.0,0.405,0.85,0.14747853070751743,80000.0,16000.0,15999.635833740234,0.07951836175281564,0.07899800948176561,0.08790709805747758,2.5627874187548496,2.5460170499472916,2.833146960714081,noon2,simple,0.6,0.22993524941471757,30000.0,6000.0,1.0,1e-06,1.0,1.0,0.0,0.0,0.0,0.0,0.0,0,1.5,psi4,8,39.28947784976722,49.35473144288865,339.67340988430885,39.336692080815055,49.40904301950935,341.76084916472746,0.04721423104783302,0.05431157662069464,2.0874392804185837,2.552639051680493,-4.147857877427029,-4.147857877427029,5999.755569458008,nan,nan,0.0,0.0,0.0
hybrid_noon2,0.0,50.0,0.2,0.7,rayleigh,1.0,0.24786307681935704,0.5474648795588514,532.0,810.0,809.0,0.405,0.85,0.14747853070751743,80000.0,16000.0,15999.635833740234,0.07592984489442792,0.07550631612850434,0.08349326616414454,3.2145062980776644,3.1965761167718645,3.5347053626262985,noon2,simple,0.6,0.22993524941471757,30000.0,6000.0,1.0,1e-06,1.0,1.0,0.0,0.0,0.0,0.0,0.0,0,1.5,psi4,8,39.28947784976722,49.35473144288865,339.67340988430885,39.39992078324932,49.48502558065089,345.5720706487643,0.11044293348210354,0.13029413776224216,5.898660764455417,3.198147808860547,-3.9472991672876074,-3.9472991672876074,5999.755569458008,0.07899800948176561,2.5460170499472916,0.0,0.0,0.0
classical,0.0,50.0,0.2,0.7,rayleigh,1.0,0.24786307681935704,0.5474648795588514,532.0,810.0,809.0,655.2899999999507,0.85,0.14747853070751743,80000.0,16000.0,15999.78874206543,0.07593668488652011,0.07547898052384028,0.08365707970497546,3.2147958706125452,3.1954188580750165,3.541640444074753,-,simple,0.6,0.22993524941471757,30000.0,6000.0,1.0,1e-06,1.0,1.0,0.0,0.0,0.0,0.0,0.0,0,1.5,psi4,9,39.74152669762534,49.58433982689807,363.8532564992935,39.855455199534944,49.70970958242224,367.06765024619557,0.11392850190961155,0.1253697555241643,3.214393746902047,3.2305322685666433,-4.66385787861494,-4.66385787861494,,,,,,
quant_diff,0.0,50.0,0.2,0.7,rayleigh,1.0,0.24786307681935704,0.5474648795588514,532.0,810.0,809.0,655.2899999999507,0.85,0.14747853070751743,80000.0,16000.0,15999.78874206543,0.07966191483270246,0.0791678571877718,0.08797804341521935,4154.07580857663,4128.312519868859,4587.731321856665,diff,simple,0.6,0.22993524941471757,30000.0,6000.0,1.0,1e-06,1.0,1.0,0.0,0.0,0.0,0.0,0.0,0,1.5,psi4,9,39.74152669762534,49.58433982689807,363.8532564992935,3290.012391277148,4123.834804677051,31803.522367959828,3250.2708645795224,4074.2504648501535,31439.669111460535,4123.991895281375,-60.36617623464856,-60.36617623464856,5999.861221313477,nan,nan,0.0,0.0,0.0
hybrid_diff,0.0,50.0,0.2,0.7,rayleigh,1.0,0.24786307681935704,0.5474648795588514,532.0,810.0,809.0,655.2899999999507,0.85,0.14747853070751743,80000.0,16000.0,15999.78874206543,0.07593668488652011,0.07547898052384028,0.08365707970497546,3.2147958706125452,3.1954188580750165,3.541640444074753,diff,simple,0.6,0.22993524941471757,30000.0,6000.0,1.0,1e-06,1.0,1.0,0.0,0.0,0.0,0.0,0.0,0,1.5,psi4,9,39.74152669762534,49.58433982689807,363.8532564992935,644.8935040082272,805.778970707402,6192.45423134308,605.1519773106018,756.194630880504,5828.600974843787,806.5385117024249,-15.755487209788647,-15.755487209788647,5999.861221313477,0.0791678571877718,4128.312519868859,0.0,0.0,0.0
quant_noon2,0.0,50.0,0.2,0.7,rayleigh,1.0,0.24786307681935704,0.5474648795588514,532.0,810.0,809.0,0.405,0.85,0.14747853070751743,80000.0,16000.0,15999.78874206543,0.07955316093249865,0.0790962908928581,0.08789005938054079,2.5639089572009235,2.549184549356149,2.8325978233082876,noon2,simple,0.6,0.22993524941471757,30000.0,6000.0,1.0,1e-06,1.0,1.0,0.0,0.0,0.0,0.0,0.0,0,1.5,psi4,9,39.74152669762534,49.58433982689807,363.8532564992935,39.806808348265406,49.67396410815303,363.76418483740485,0.06528165064006793,0.08962428125495622,-0.08907166188865882,2.574836626446662,-4.275708787318429,-4.275708787318429,5999.881088256836,nan,nan,0.0,0.0,0.0
hybrid_noon2,0.0,50.0,0.2,0.7,rayleigh,1.0,0.24786307681935704,0.5474648795588514,532.0,810.0,809.0,0.405,0.85,0.14747853070751743,80000.0,16000.0,15999.78874206543,0.07593668488652011,0.07547898052384028,0.08365707970497546,3.2147958706125452,3.1954188580750165,3.541640444074753,noon2,simple,0.6,0.22993524941471757,30000.0,6000.0,1.0,1e-06,1.0,1.0,0.0,0.0,0.0,0.0,0.0,0,1.5,psi4,9,39.74152669762534,49.58433982689807,363.8532564992935,39.855455199534944,49.70970958242224,367.06765024619557,0.11392850190961155,0.1253697555241643,3.214393746902047,3.2305322685666433,-4.66385787861494,-4.66385787861494,5999.881088256836,0.0790962908928581,2.549184549356149,0.0,0.0,0.0
classical,0.0,80.0,1.0,1.0,rayleigh,1.0,0.028130814138268814,0.2138907659724164,532.0,810.0,809.0,655.2899999999507,0.85,0.02391119201752849,80000.0,80000.0,79998.32406616211,0.2139042565354728,0.20392353908180116,0.27629338729532826,9.055682660420619,8.633146842538082,11.696939916220225,-,simple,0.6,0.12833445958344983,30000.0,30000.0,1.0,1e-06,1.0,1.0,0.0,0.0,0.0,0.0,0.0,0,1.5,psi4,0,64.5222403252258,79.78676508330491,545.2659088492186,64.88498434373517,80.31465302763115,563.898463761189,0.3627440185093631,0.5278879443262389,18.63255491197036,9.028134372608166,-4.870761336775458,-4.870761336775458,,,,,,
quant_diff,0.0,80.0,1.0,1.0,rayleigh,1.0,0.028130814138268814,0.2138907659724164,532.0,810.0,809.0,655.2899999999507,0.85,0.02391119201752849,80000.0,80000.0,79998.32406616211,0.06370937778041483,0.06344426543289101,0.06908911398016761,3322.2096854298343,3308.385051767482,3602.7431379692257,diff,simple,0.6,0.12833445958344983,30000.0,30000.0,1.0,1e-06,1.0,1.0,0.0,0.0,0.0,0.0,0.0,0,1.5,psi4,0,64.5222403252258,79.78676508330491,545.2659088492186,2632.4192392941663,3305.7784904707128,25936.86100702609,2567.896998968941,3225.9917253874073,25391.59509817687,3304.3558790385778,40.747328855406145,40.747328855406145,29999.04571533203,nan,nan,0.0,0.0,0.0
hybrid_diff,0.0,80.0,1.0,1.0,rayleigh,1.0,0.028130814138268814,0.2138907659724164,532.0,810.0,809.0,655.2899999999507,0.85,0.02391119201752849,80000.0,80000.0,79998.32406616211,0.2139042565354728,0.20392353908180116,0.27629338729532826,9.055682660420619,8.633146842538082,11.696939916220225,diff,simple,0.6,0.12833445958344983,30000.0,30000.0,1.0,1e-06,1.0,1.0,0.0,0.0,0.0,0.0,0.0,0,1.5,psi4,0,64.5222403252258,79.78676508330491,545.2659088492186,515.1812985486015,643.748247797842,4715.898724847876,450.6590582233757,563.9614827145372,4170.632815998658,637.864042234627,87.58569705628149,87.58569705628149,29999.04571533203,0.06344426543289101,3308.385051767482,0.0,0.0,0.0
quant_noon2,0.0,80.0,1.0,1.0,rayleigh,1.0,0.028130814138268814,0.2138907659724164,532.0,810.0,809.0,0.405,0.85,0.02391119201752849,80000.0,80000.0,79998.32406616211,0.06375555444659226,0.06348031474650995,0.06919071539414387,2.0547698570472748,2.045899190889621,2.2299389851361053,noon2,simple,0.6,0.12833445958344983,30000.0,30000.0,1.0,1e-06,1.0,1.0,0.0,0.0,0.0,0.0,0.0,0,1.5,psi4,0,64.5222403252258,79.78676508330491,545.2659088492186,64.53539351075199,79.82802276087492,549.1186380828831,0.01315318552618295,0.04125767757000302,3.852729233664439,2.060408796850983,-5.0881187589895305,-5.0881187589895305,29999.02279663086,nan,nan,0.0,0.0,0.0
hybrid_noon2,0.0,80.0,1.0,1.0,rayleigh,1.0,0.028130814138268814,0.2138907659724164,532.0,810.0,809.0,0.405,0.85,0.02391119201752849,80000.0,80000.0,79998.32406616211,0.2139042565354728,0.20392353908180116,0.27629338729532826,9.055682660420619,8.633146842538082,11.696939916220225,noon2,simple,0.6,0.12833445958344983,30000.0,30000.0,1.0,1e-06,1.0,1.0,0.0,0.0,0.0,0.0,0.0,0,1.5,psi4,0,64.5222403252258,79.78676508330491,545.2659088492186,64.88498434373517,80.31465302763115,563.8984637611889,0.3627440185093631,0.5278879443262389,18.632554911970253,9.028134372608166,-4.870761336775497,-4.870761336775497,29999.02279663086,0.06348031474650995,2.045899190889621,0.0,0.0,0.0
classical,0.0,80.0,1.0,1.0,rayleigh,1.0,0.028130814138268814,0.2138907659724164,532.0,810.0,809.0,655.2899999999507,0.85,0.02391119201752849,80000.0,80000.0,80001.45687866211,0.2150217458681168,0.20544385102082197,0.2768850524726012,9.10299181142459,8.697509575134468,11.7219881886267,-,simple,0.6,0.12833445958344983,30000.0,30000.0,1.0,1e-06,1.0,1.0,0.0,0.0,0.0,0.0,0.0,0,1.5,psi4,1,63.45540927048641,79.93200411533286,560.8268298638247,63.80920447557693,80.37031090056192,562.7237468216583,0.35379520509051443,0.43830678522906114,1.8969169578336118,9.109847391444081,4.340968239077622,4.340968239077622,,,,,,
quant_diff,0.0,80.0,1.0,1.0,rayleigh,1.0,0.028130814138268814,0.2138907659724164,532.0,810.0,809.0,655.2899999999507,0.85,0.02391119201752849,80000.0,80000.0,80001.45687866211,0.06377779664685504,0.06352455726661828,0.069222796871314,3325.7774776242145,3312.5719755291457,3609.7142089671806,diff,simple,0.6,0.12833445958344983,30000.0,30000.0,1.0,1e-06,1.0,1.0,0.0,0.0,0.0,0.0,0.0,0,1.5,psi4,1,63.45540927048641,79.93200411533286,560.8268298638247,2613.4443746209454,3287.1057697560123,25260.38870465372,2549.9889653504592,3207.1737656406794,24699.561874789895,3285.9714386980786,38.73508286865273,38.73508286865273,30000.800888061523,nan,nan,0.0,0.0,0.0
hybrid_diff,0.0,80.0,1.0,1.0,rayleigh,1.0,0.028130814138268814,0.2138907659724164,532.0,810.0,809.0,655.2899999999507,0.85,0.02391119201752849,80000.0,80000.0,80001.45687866211,0.2150217458681168,0.20544385102082197,0.2768850524726012,9.10299181142459,8.697509575134468,11.7219881886267,diff,simple,0.6,0.12833445958344983,30000.0,30000.0,1.0,1e-06,1.0,1.0,0.0,0.0,0.0,0.0,0.0,0,1.5,psi4,1,63.45540927048641,79.93200411533286,560.8268298638247,507.12767654963164,644.8047451227452,7688.84003441507,443.6722672791452,564.8727410074124,7128.013204551245,640.2083943288919,-11.520395746408024,-11.520395746408024,30000.800888061523,0.06352455726661828,3312.5719755291457,0.0,0.0,0.0
quant_noon2,0.0,80.0,1.0,1.0,rayleigh,1.0,0.028130814138268814,0.2138907659724164,532.0,810.0,809.0,0.405,0.85,0.02391119201752849,80000.0,80000.0,80001.45687866211,0.06377428388309897,0.06350835112417658,0.06922602002634182,2.0553734857335524,2.0468027718282573,2.2310768137485955,noon2,simple,0.6,0.12833445958344983,30000.0,30000.0,1.0,1e-06,1.0,1.0,0.0,0.0,0.0,0.0,0.0,0,1.5,psi4,1,63.45540927048641,79.93200411533286,560.8268298638247,63.497042097604016,79.97588128044201,566.4298306271266,0.041632827117597734,0.04387716510915531,5.603000763301915,2.0447725089797917,3.8806906525427993,3.8806906525427993,30000.80140686035,nan,nan,0.0,0.0,0.0
hybrid_noon2,0.0,80.0,1.0,1.0,rayleigh,1.0,0.028130814138268814,0.2138907659724164,532.0,810.0,809.0,0.405,0.85,0.02391119201752849,80000.0,80000.0,80001.45687866211,0.2150217458681168,0.20544385102082197,0.2768850524726012,9.10299181142459,8.697509575134468,11.7219881886267,noon2,simple,0.6,0.12833445958344983,30000.0,30000.0,1.0,1e-06,1.0,1.0,0.0,0.0,0.0,0.0,0.0,0,1.5,psi4,1,63.45540927048641,79.93200411533286,560.8268298638247,63.80920447557693,80.37031090056192,562.7237468216583,0.35379520509051443,0.43830678522906114,1.8969169578336118,9.109847391444081,4.340968239077603,4.340968239077603,30000.80140686035,0.06350835112417658,2.0468027718282573,0.0,0.0,0.0
classical,0.0,80.0,1.0,1.0,rayleigh,1.0,0.028130814138268814,0.2138907659724164,532.0,810.0,809.0,655.2899999999507,0.85,0.02391119201752849,80000.0,80000.0,79999.93563842773,0.214125298866164,0.20502275927606847,0.2761161673279983,9.065040534984124,8.679682565643526,11.689437270825396,-,simple,0.6,0.12833445958344983,30000.0,30000.0,1.0,1e-06,1.0,1.0,0.0,0.0,0.0,0.0,0.0,0,1.5,psi4,2,64.34518646245138,79.68847520541914,509.18388229070416,64.80522777181062,80.3342347243152,518.3099381781736,0.46004130935924464,0.6457595188960534,9.126055887469466,9.059450007869547,7.667885670259639,7.667885670259639,,,,,,
quant_diff,0.0,80.0,1.0,1.0,rayleigh,1.0,0.028130814138268814,0.2138907659724164,532.0,810.0,809.0,655.2899999999507,0.85,0.02391119201752849,80000.0,80000.0,79999.93563842773,0.06375989927182182,0.06347055595490209,0.06919016728420263,3324.844195354781,3309.7560057761875,3608.0126960328275,diff,simple,0.6,0.12833445958344983,30000.0,30000.0,1.0,1e-06,1.0,1.0,0.0,0.0,0.0,0.0,0.0,0,1.5,psi4,2,64.34518646245138,79.68847520541914,509.18388229070416,2661.4137421053088,3331.1068195316193,27615.56569271227,2597.0685556428575,3251.4183443262004,27106.381810421564,3329.5483218515005,-12.04815667499495,-12.04815667499495,29999.967407226562,nan,nan,0.0,0.0,0.0
hybrid_diff,0.0,80.0,1.0,1.0,rayleigh,1.0,0.028130814138268814,0.2138907659724164,532.0,810.0,809.0,655.2899999999507,0.85,0.02391119201752849,80000.0,80000.0,79999.93563842773,0.214125298866164,0.20502275927606847,0.2761161673279983,9.065040534984124,8.679682565643526,11.689437270825396,diff,simple,0.6,0.12833445958344983,30000.0,30000.0,1.0,1e-06,1.0,1.0,0.0,0.0,0.0,0.0,0.0,0,1.5,psi4,2,64.34518646245138,79.68847520541914,509.18388229070416,509.45193446219463,641.3057764348554,5065.005897593027,445.1067479997432,561.6173012294363,4555.822015302322,634.2326183356101,22.798731914749403,22.798731914749403,29999.967407226562,0.06347055595490209,3309.7560057761875,0.0,0.0,0.0
quant_noon2,0.0,80.0,1.0,1.0,rayleigh,1.0,0.028130814138268814,0.2138907659724164,532.0,810.0,809.0,0.405,0.85,0.02391119201752849,80000.0,80000.0,79999.93563842773,0.06371291283109547,0.06343913575540064,0.06911690205457087,2.053395565710007,2.044572038292337,2.2275600641696247,noon2,simple,0.6,0.12833445958344983,30000.0,30000.0,1.0,1e-06,1.0,1.0,0.0,0.0,0.0,0.0,0.0,0,1.5,psi4,2,64.34518646245138,79.68847520541914,509.18388229070416,64.36961400743274,79.72209485023107,509.86762664125325,0.024427544981370043,0.033619644811937285,0.6837443505490909,2.059111339851794,7.868350758496778,7.868350758496778,29999.8994140625,nan,nan,0.0,0.0,0.0
hybrid_noon2,0.0,80.0,1.0,1.0,rayleigh,1.0,0.028130814138268814,0.2138907659724164,532.0,810.0,809.0,0.405,0.85,0.02391119201752849,80000.0,80000.0,79999.93563842773,0.214125298866164,0.20502275927606847,0.2761161673279983,9.065040534984124,8.679682565643526,11.689437270825396,noon2,simple,0.6,0.12833445958344983,30000.0,30000.0,1.0,1e-06,1.0,1.0,0.0,0.0,0.0,0.0,0.0,0,1.5,psi4,2,64.34518646245138,79.68847520541914,509.18388229070416,64.80522777181064,80.3342347243152,518.3099381781736,0.46004130935925786,0.6457595188960534,9.126055887469466,9.059450007869547,7.6678856702596105,7.6678856702596105,29999.8994140625,0.06343913575540064,2.044572038292337,0.0,0.0,0.0
classical,0.0,80.0,1.0,1.0,rayleigh,1.0,0.028130814138268814,0.2138907659724164,532.0,810.0,809.0,655.2899999999507,0.85,0.02391119201752849,80000.0,80000.0,79998.85850524902,0.21374882425485628,0.20415900231008294,0.2755658424481627,9.049102401424157,8.643115228899596,11.666139148793404,-,simple,0.6,0.12833445958344983,30000.0,30000.0,1.0,1e-06,1.0,1.0,0.0,0.0,0.0,0.0,0.0,0,1.5,psi4,3,64.69882142805872,79.9962728428014,496.99731553182613,64.99905059938528,80.43754062288401,520.4381986886406,0.3002291713265679,0.4412677800826156,23.440883156814415,9.087937488225768,2.509107346401248,2.509107346401248,,,,,,
quant_diff,0.0,80.0,1.0,1.0,rayleigh,1.0,0.028130814138268814,0.2138907659724164,532.0,810.0,809.0,655.2899999999507,0.85,0.02391119201752849,80000.0,80000.0,79998.85850524902,0.06370880529758233,0.06346074419731684,0.06904732066705999,3322.179832556095,3309.2443587123416,3600.563770434498,diff,simple,0.6,0.12833445958344983,30000.0,30000.0,1.0,1e-06,1.0,1.0,0.0,0.0,0.0,0.0,0.0,0,1.5,psi4,3,64.69882142805872,79.9962728428014,496.99731553182613,2663.6138293617582,3339.142799739248,26688.575232760926,2598.9150079336996,3259.1465268964466,26191.5779172291,3339.147888439636,65.63398910913895,65.63398910913895,29999.40103149414,nan,nan,0.0,0.0,0.0
hybrid_diff,0.0,80.0,1.0,1.0,rayleigh,1.0,0.028130814138268814,0.2138907659724164,532.0,810.0,809.0,655.2899999999507,0.85,0.02391119201752849,80000.0,80000.0,79998.85850524902,0.21374882425485628,0.20415900231008294,0.2755658424481627,9.049102401424157,8.643115228899596,11.666139148793404,diff,simple,0.6,0.12833445958344983,30000.0,30000.0,1.0,1e-06,1.0,1.0,0.0,0.0,0.0,0.0,0.0,0,1.5,psi4,3,64.69882142805872,79.9962728428014,496.99731553182613,539.2987372665133,674.4432460468786,4966.8679140813865,474.5999158384545,594.4469732040773,4469.870598549561,675.3772113271026,58.96098999211207,58.96098999211207,29999.40103149414,0.06346074419731684,3309.2443587123416,0.0,0.0,0.0
quant_noon2,0.0,80.0,1.0,1.0,rayleigh,1.0,0.028130814138268814,0.2138907659724164,532.0,810.0,809.0,0.405,0.85,0.02391119201752849,80000.0,80000.0,79998.85850524902,0.06374793684963738,0.06350306063531946,0.06907002948179873,2.05452435045978,2.0466322653190288,2.2260494138350704,noon2,simple,0.6,0.12833445958344983,30000.0,30000.0,1.0,1e-06,1.0,1.0,0.0,0.0,0.0,0.0,0.0,0,1.5,psi4,3,64.69882142805872,79.9962728428014,496.99731553182613,64.72528110064152,80.02630314312496,499.23226954478025,0.026459672582806435,0.030030300323562287,2.23495401295411,2.0729668583032894,3.1499122237489114,3.1499122237489114,29999.371841430664,nan,nan,0.0,0.0,0.0
hybrid_noon2,0.0,80.0,1.0,1.0,rayleigh,1.0,0.028130814138268814,0.2138907659724164,532.0,810.0,809.0,0.405,0.85,0.02391119201752849,80000.0,80000.0,79998.85850524902,0.21374882425485628,0.20415900231008294,0.2755658424481627,9.049102401424157,8.643115228899596,11.666139148793404,noon2,simple,0.6,0.12833445958344983,30000.0,30000.0,1.0,1e-06,1.0,1.0,0.0,0.0,0.0,0.0,0.0,0,1.5,psi4,3,64.69882142805872,79.9962728428014,496.99731553182613,64.99905059938527,80.43754062288401,520.4381986886406,0.30022917132655463,0.4412677800826156,23.440883156814415,9.087937488225768,2.5091073464013007,2.5091073464013007,29999.371841430664,0.06350306063531946,2.0466322653190288,0.0,0.0,0.0
classical,0.0,80.0,1.0,1.0,rayleigh,1.0,0.028130814138268814,0.2138907659724164,532.0,810.0,809.0,655.2899999999507,0.85,0.02391119201752849,80000.0,80000.0,80001.6263885498,0.21400730797219236,0.2041665271891782,0.2757111861893151,9.060045365136023,8.643433796272907,11.672292307304003,-,simple,0.6,0.12833445958344983,30000.0,30000.0,1.0,1e-06,1.0,1.0,0.0,0.0,0.0,0.0,0.0,0,1.5,psi4,4,64.64017692465141,79.88821086621266,496.3154119796947,65.01549340932489,80.33833995531047,504.9245120011308,0.37531648467347983,0.4501290890978196,8.609100021436062,8.990765680609707,-16.523606266901034,-16.523606266901034,,,,,,
quant_diff,0.0,80.0,1.0,1.0,rayleigh,1.0,0.028130814138268814,0.2138907659724164,532.0,810.0,809.0,655.2899999999507,0.85,0.02391119201752849,80000.0,80000.0,80001.6263885498,0.06373942110464291,0.06353190923270231,0.06907268134554005,3323.7763342688336,3312.955353514966,3601.8862365236496,diff,simple,0.6,0.12833445958344983,30000.0,30000.0,1.0,1e-06,1.0,1.0,0.0,0.0,0.0,0.0,0.0,0,1.5,psi4,4,64.64017692465141,79.88821086621266,496.3154119796947,2627.2829832701373,3289.901235943995,29418.901317162043,2562.642806345486,3210.013025077782,28922.585905182346,3288.423023672992,-84.31543154819414,-84.31543154819414,30000.951385498047,nan,nan,0.0,0.0,0.0
hybrid_diff,0.0,80.0,1.0,1.0,rayleigh,1.0,0.028130814138268814,0.2138907659724164,532.0,810.0,809.0,655.2899999999507,0.85,0.02391119201752849,80000.0,80000.0,80001.6263885498,0.21400730797219236,0.2041665271891782,0.2757111861893151,9.060045365136023,8.643433796272907,11.672292307304003,diff,simple,0.6,0.12833445958344983,30000.0,30000.0,1.0,1e-06,1.0,1.0,0.0,0.0,0.0,0.0,0.0,0,1.5,psi4,4,64.64017692465141,79.88821086621266,496.3154119796947,508.6366867761401,641.7025469351096,4734.6334196200905,443.99650985148867,561.814336068897,4238.318007640395,635.4973374682435,-66.45580345065409,-66.45580345065409,30000.951385498047,0.06353190923270231,3312.955353514966,0.0,0.0,0.0
quant_noon2,0.0,80.0,1.0,1.0,rayleigh,1.0,0.028130814138268814,0.2138907659724164,532.0,810.0,809.0,0.405,0.85,0.02391119201752849,80000.0,80000.0,80001.6263885498,0.06373518206310826,0.06345996493962072,0.06906640278789034,2.0541132780266307,2.04524333948725,2.2259325295668932,noon2,simple,0.6,0.12833445958344983,30000.0,30000.0,1.0,1e-06,1.0,1.0,0.0,0.0,0.0,0.0,0.0,0,1.5,psi4,4,64.64017692465141,79.88821086621266,496.3154119796947,64.65720334086822,79.92462656646767,499.1637956043674,0.01702641621680434,0.03641570025499956,2.848383624672677,2.0645021998827198,-17.178283128478714,-17.178283128478714,30000.923889160156,nan,nan,0.0,0.0,0.0
hybrid_noon2,0.0,80.0,1.0,1.0,rayleigh,1.0,0.028130814138268814,0.2138907659724164,532.0,810.0,809.0,0.405,0.85,0.02391119201752849,80000.0,80000.0,80001.6263885498,0.21400730797219236,0.2041665271891782,0.2757111861893151,9.060045365136023,8.643433796272907,11.672292307304003,noon2,simple,0.6,0.12833445958344983,30000.0,30000.0,1.0,1e-06,1.0,1.0,0.0,0.0,0.0,0.0,0.0,0,1.5,psi4,4,64.64017692465141,79.88821086621266,496.3154119796947,65.0154934093249,80.33833995531047,504.9245120011309,0.37531648467349304,0.4501290890978196,8.609100021436166,8.990765680609705,-16.523606266901066,-16.523606266901066,30000.923889160156,0.06345996493962072,2.04524333948725,0.0,0.0,0.0
classical,0.0,80.0,1.0,1.0,rayleigh,1.0,0.028130814138268814,0.2138907659724164,532.0,810.0,809.0,655.2899999999507,0.85,0.02391119201752849,80000.0,80000.0,80000.17610168457,0.21400217940683106,0.2043619396499333,0.2759380164397307,9.059828246219517,8.651706624785774,11.68189521469265,-,simple,0.6,0.12833445958344983,30000.0,30000.0,1.0,1e-06,1.0,1.0,0.0,0.0,0.0,0.0,0.0,0,1.5,psi4,5,63.83196241206738,78.72142622258168,497.24798357818315,64.28887303231075,79.29827698770528,504.9519418427837,0.4569106202433761,0.576850765123595,7.703958264600501,9.023916898158637,-16.215916040412594,-16.215916040412594,,,,,,
quant_diff,0.0,80.0,1.0,1.0,rayleigh,1.0,0.028130814138268814,0.2138907659724164,532.0,810.0,809.0,655.2899999999507,0.85,0.02391119201752849,80000.0,80000.0,80000.17610168457,0.06377576893107526,0.06352897139710467,0.06909658273192264,3325.6717397055972,3312.802156195879,3603.132605898172,diff,simple,0.6,0.12833445958344983,30000.0,30000.0,1.0,1e-06,1.0,1.0,0.0,0.0,0.0,0.0,0.0,0,1.5,psi4,5,63.83196241206738,78.72142622258168,497.24798357818315,2655.69357648217,3329.043714902183,25404.685050219126,2591.8616140701024,3250.322288679601,24907.437066640945,3328.6710065100847,-102.04660981099916,-102.04660981099916,30000.074737548828,nan,nan,0.0,0.0,0.0
hybrid_diff,0.0,80.0,1.0,1.0,rayleigh,1.0,0.028130814138268814,0.2138907659724164,532.0,810.0,809.0,655.2899999999507,0.85,0.02391119201752849,80000.0,80000.0,80000.17610168457,0.21400217940683106,0.2043619396499333,0.2759380164397307,9.059828246219517,8.651706624785774,11.68189521469265,diff,simple,0.6,0.12833445958344983,30000.0,30000.0,1.0,1e-06,1.0,1.0,0.0,0.0,0.0,0.0,0.0,0,1.5,psi4,5,63.83196241206738,78.72142622258168,497.24798357818315,509.12869683151405,642.0033336334615,5394.379187569355,445.2967344194467,563.2819074108797,4897.131203991172,640.5658640935563,-66.73388678240026,-66.73388678240026,30000.074737548828,0.06352897139710467,3312.802156195879,0.0,0.0,0.0
quant_noon2,0.0,80.0,1.0,1.0,rayleigh,1.0,0.028130814138268814,0.2138907659724164,532.0,810.0,809.0,0.405,0.85,0.02391119201752849,80000.0,80000.0,80000.17610168457,0.06371831706940989,0.06347140299168014,0.06904067248561918,2.053569738236388,2.045611975048481,2.225103270846169,noon2,simple,0.6,0.12833445958344983,30000.0,30000.0,1.0,1e-06,1.0,1.0,0.0,0.0,0.0,0.0,0.0,0,1.5,psi4,5,63.83196241206738,78.72142622258168,497.24798357818315,63.87207155928567,78.76038872457318,497.3083911896396,0.0401091472183007,0.03896250199149441,0.06040761145641784,2.05505984744471,-16.120752389833285,-16.120752389833285,30000.14727783203,nan,nan,0.0,0.0,0.0
hybrid_noon2,0.0,80.0,1.0,1.0,rayleigh,1.0,0.028130814138268814,0.2138907659724164,532.0,810.0,809.0,0.405,0.85,0.02391119201752849,80000.0,80000.0,80000.17610168457,0.21400217940683106,0.2043619396499333,0.2759380164397307,9.059828246219517,8.651706624785774,11.68189521469265,noon2,simple,0.6,0.12833445958344983,30000.0,30000.0,1.0,1e-06,1.0,1.0,0.0,0.0,0.0,0.0,0.0,0,1.5,psi4,5,63.83196241206738,78.72142622258168,497.24798357818315,64.28887303231075,79.29827698770528,504.95194184278347,0.4569106202433761,0.576850765123595,7.703958264600288,9.023916898158637,-16.215916040412576,-16.215916040412576,30000.14727783203,0.06347140299168014,2.045611975048481,0.0,0.0,0.0
classical,0.0,80.0,1.0,1.0,rayleigh,1.0,0.028130814138268814,0.2138907659724164,532.0,810.0,809.0,655.2899999999507,0.85,0.02391119201752849,80000.0,80000.0,79998.9992980957,0.21484368446505187,0.20475754705911392,0.2775363116926213,9.09545354366713,8.668454749454611,11.749559387637397,-,simple,0.6,0.12833445958344983,30000.0,30000.0,1.0,1e-06,1.0,1.0,0.0,0.0,0.0,0.0,0.0,0,1.5,psi4,6,64.00824378958805,79.81191698851954,520.6375093880803,64.51433111804782,80.4123659661831,548.3065834883434,0.5060873284597655,0.6004489776635621,27.669074100263195,9.068896598896481,-3.5998489577353077,-3.5998489577353077,,,,,,
quant_diff,0.0,80.0,1.0,1.0,rayleigh,1.0,0.028130814138268814,0.2138907659724164,532.0,810.0,809.0,655.2899999999507,0.85,0.02391119201752849,80000.0,80000.0,79998.9992980957,0.06376834786807782,0.06353998350617229,0.06913753209000624,3325.284758569928,3313.3763971738326,3605.267964283031,diff,simple,0.6,0.12833445958344983,30000.0,30000.0,1.0,1e-06,1.0,1.0,0.0,0.0,0.0,0.0,0.0,0,1.5,psi4,6,64.00824378958805,79.81191698851954,520.6375093880803,2652.930506967228,3329.4490589423262,24987.99265460904,2588.92226317764,3249.637141953807,24467.355145220958,3327.86048179963,-99.96468082515663,-99.96468082515663,29999.408309936523,nan,nan,0.0,0.0,0.0
hybrid_diff,0.0,80.0,1.0,1.0,rayleigh,1.0,0.028130814138268814,0.2138907659724164,532.0,810.0,809.0,655.2899999999507,0.85,0.02391119201752849,80000.0,80000.0,79998.9992980957,0.21484368446505187,0.20475754705911392,0.2775363116926213,9.09545354366713,8.668454749454611,11.749559387637397,diff,simple,0.6,0.12833445958344983,30000.0,30000.0,1.0,1e-06,1.0,1.0,0.0,0.0,0.0,0.0,0.0,0,1.5,psi4,6,64.00824378958805,79.81191698851954,520.6375093880803,522.6476941701427,654.3041945634798,5007.363370773964,458.6394503805547,574.4922775749602,4486.725861385884,647.09165100753,-54.44823874696206,-54.44823874696206,29999.408309936523,0.06353998350617229,3313.3763971738326,0.0,0.0,0.0
quant_noon2,0.0,80.0,1.0,1.0,rayleigh,1.0,0.028130814138268814,0.2138907659724164,532.0,810.0,809.0,0.405,0.85,0.02391119201752849,80000.0,80000.0,79998.9992980957,0.06372124914425743,0.06346935649126717,0.06917189673934987,2.0536642357130024,2.0455460186404864,2.229332481044712,noon2,simple,0.6,0.12833445958344983,30000.0,30000.0,1.0,1e-06,1.0,1.0,0.0,0.0,0.0,0.0,0.0,0,1.5,psi4,6,64.00824378958805,79.81191698851954,520.6375093880803,64.03402959599926,79.84555613473563,519.5182494256301,0.025785806411196592,0.03363914621608425,-1.1192599624501445,2.0617500807330837,-3.9520504637276668,-3.9520504637276668,29999.366287231445,nan,nan,0.0,0.0,0.0
hybrid_noon2,0.0,80.0,1.0,1.0,rayleigh,1.0,0.028130814138268814,0.2138907659724164,532.0,810.0,809.0,0.405,0.85,0.02391119201752849,80000.0,80000.0,79998.9992980957,0.21484368446505187,0.20475754705911392,0.2775363116926213,9.09545354366713,8.668454749454611,11.749559387637397,noon2,simple,0.6,0.12833445958344983,30000.0,30000.0,1.0,1e-06,1.0,1.0,0.0,0.0,0.0,0.0,0.0,0,1.5,psi4,6,64.00824378958805,79.81191698851954,520.6375093880803,64.5143311180478,80.4123659661831,548.3065834883433,0.5060873284597522,0.6004489776635621,27.66907410026309,9.068896598896481,-3.599848957735289,-3.599848957735289,29999.366287231445,0.06346935649126717,2.0455460186404864,0.0,0.0,0.0
classical,0.0,80.0,1.0,1.0,rayleigh,1.0,0.028130814138268814,0.2138907659724164,532.0,810.0,809.0,655.2899999999507,0.85,0.02391119201752849,80000.0,80000.0,80000.42141723633,0.21393652706342473,0.204473625255696,0.27577377576472467,9.057048840155186,8.65643485890278,11.674942050427116,-,simple,0.6,0.12833445958344983,30000.0,30000.0,1.0,1e-06,1.0,1.0,0.0,0.0,0.0,0.0,0.0,0,1.5,psi4,7,64.103334789993,79.63279081774465,493.21196767035946,64.33665651366566,80.04766653492828,513.6074156225105,0.23332172367265627,0.41487571718363414,20.39544795215106,8.99815738373166,-7.401457714429468,-7.401457714429468,,,,,,
quant_diff,0.0,80.0,1.0,1.0,rayleigh,1.0,0.028130814138268814,0.2138907659724164,532.0,810.0,809.0,655.2899999999507,0.85,0.02391119201752849,80000.0,80000.0,80000.42141723633,0.06372072450907748,0.0633932961903619,0.06911631524472019,3322.801375588713,3305.7271932686454,3604.1615838511493,diff,simple,0.6,0.12833445958344983,30000.0,30000.0,1.0,1e-06,1.0,1.0,0.0,0.0,0.0,0.0,0.0,0,1.5,psi4,7,64.103334789993,79.63279081774465,493.21196767035946,2631.828461728006,3301.5116386663267,27872.86580798379,2567.725126938013,3221.8788478485817,27379.653840313433,3301.3517175035504,0.06413406014438124,0.06413406014438124,30000.310943603516,nan,nan,0.0,0.0,0.0
hybrid_diff,0.0,80.0,1.0,1.0,rayleigh,1.0,0.028130814138268814,0.2138907659724164,532.0,810.0,809.0,655.2899999999507,0.85,0.02391119201752849,80000.0,80000.0,80000.42141723633,0.21393652706342473,0.204473625255696,0.27577377576472467,9.057048840155186,8.65643485890278,11.674942050427116,diff,simple,0.6,0.12833445958344983,30000.0,30000.0,1.0,1e-06,1.0,1.0,0.0,0.0,0.0,0.0,0.0,0,1.5,psi4,7,64.103334789993,79.63279081774465,493.21196767035946,499.49828473359486,636.6815535032717,5599.325987502693,435.3949499436019,557.0487626855271,5106.114019832334,636.5652614036671,-8.378780800179781,-8.378780800179781,30000.310943603516,0.0633932961903619,3305.7271932686454,0.0,0.0,0.0
quant_noon2,0.0,80.0,1.0,1.0,rayleigh,1.0,0.028130814138268814,0.2138907659724164,532.0,810.0,809.0,0.405,0.85,0.02391119201752849,80000.0,80000.0,80000.42141723633,0.06372313160020605,0.06344366664884162,0.06906398783073442,2.0537249051523014,2.0447180638951075,2.225854698212228,noon2,simple,0.6,0.12833445958344983,30000.0,30000.0,1.0,1e-06,1.0,1.0,0.0,0.0,0.0,0.0,0.0,0,1.5,psi4,7,64.103334789993,79.63279081774465,493.21196767035946,64.12651953163277,79.66727317978025,496.48503349349426,0.023184741639766387,0.034482362035593295,3.2730658231348158,2.031599285016652,-7.731600515925583,-7.731600515925583,30000.247756958008,nan,nan,0.0,0.0,0.0
hybrid_noon2,0.0,80.0,1.0,1.0,rayleigh,1.0,0.028130814138268814,0.2138907659724164,532.0,810.0,809.0,0.405,0.85,0.02391119201752849,80000.0,80000.0,80000.42141723633,0.21393652706342473,0.204473625255696,0.27577377576472467,9.057048840155186,8.65643485890278,11.674942050427116,noon2,simple,0.6,0.12833445958344983,30000.0,30000.0,1.0,1e-06,1.0,1.0,0.0,0.0,0.0,0.0,0.0,0,1.5,psi4,7,64.103334789993,79.63279081774465,493.21196767035946,64.33665651366564,80.04766653492827,513.6074156225105,0.23332172367264303,0.41487571718362093,20.39544795215106,8.998157383731659,-7.4014577144294496,-7.4014577144294496,30000.247756958008,0.06344366664884162,2.0447180638951075,0.0,0.0,0.0
classical,0.0,80.0,1.0,1.0,rayleigh,1.0,0.028130814138268814,0.2138907659724164,532.0,810.0,809.0,655.2899999999507,0.85,0.02391119201752849,80000.0,80000.0,79999.03559875488,0.21427409560930258,0.20475726135518035,0.27512802850212886,9.071339877075728,8.668442654117197,11.647604201318288,-,simple,0.6,0.12833445958344983,30000.0,30000.0,1.0,1e-06,1.0,1.0,0.0,0.0,0.0,0.0,0.0,0,1.5,psi4,8,62.863164559627535,78.96757030862183,543.477455814894,63.368951377454394,79.55651615658867,570.417732901398,0.5057868178268634,0.5889458479668459,26.940277086504086,9.033077193827095,-7.3776682704035,-7.3776682704035,,,,,,
quant_diff,0.0,80.0,1.0,1.0,rayleigh,1.0,0.028130814138268814,0.2138907659724164,532.0,810.0,809.0,655.2899999999507,0.85,0.02391119201752849,80000.0,80000.0,79999.03559875488,0.06375455873497286,0.06348076735759021,0.06906469944932205,3324.565706004184,3310.288492861986,3601.4700099986485,diff,simple,0.6,0.12833445958344983,30000.0,30000.0,1.0,1e-06,1.0,1.0,0.0,0.0,0.0,0.0,0.0,0,1.5,psi4,8,62.863164559627535,78.96757030862183,543.477455814894,2627.3766519599426,3306.3983850224367,25880.24898183332,2564.513487400315,3227.430814713815,25336.771526018427,3305.94523383189,-19.846855934580912,-19.846855934580912,29999.37010192871,nan,nan,0.0,0.0,0.0
hybrid_diff,0.0,80.0,1.0,1.0,rayleigh,1.0,0.028130814138268814,0.2138907659724164,532.0,810.0,809.0,655.2899999999507,0.85,0.02391119201752849,80000.0,80000.0,79999.03559875488,0.21427409560930258,0.20475726135518035,0.27512802850212886,9.071339877075728,8.668442654117197,11.647604201318288,diff,simple,0.6,0.12833445958344983,30000.0,30000.0,1.0,1e-06,1.0,1.0,0.0,0.0,0.0,0.0,0.0,0,1.5,psi4,8,62.863164559627535,78.96757030862183,543.477455814894,511.48216729615996,642.2449801368124,5743.511239940812,448.6190027365325,563.2774098281906,5200.033784125918,640.7422224114583,-0.35449332677878564,-0.35449332677878564,29999.37010192871,0.06348076735759021,3310.288492861986,0.0,0.0,0.0
quant_noon2,0.0,80.0,1.0,1.0,rayleigh,1.0,0.028130814138268814,0.2138907659724164,532.0,810.0,809.0,0.405,0.85,0.02391119201752849,80000.0,80000.0,79999.03559875488,0.06373578488648748,0.06347074636507516,0.06909766427241516,2.0541327063465555,2.0455908127110662,2.226940052074473,noon2,simple,0.6,0.12833445958344983,30000.0,30000.0,1.0,1e-06,1.0,1.0,0.0,0.0,0.0,0.0,0.0,0,1.5,psi4,8,62.863164559627535,78.96757030862183,543.477455814894,62.897075036848456,79.00738453102174,544.167272143838,0.03391047722092006,0.039814222399914695,0.6898163289439306,2.0393617797650214,-6.8685741350436516,-6.8685741350436516,29999.451858520508,nan,nan,0.0,0.0,0.0
hybrid_noon2,0.0,80.0,1.0,1.0,rayleigh,1.0,0.028130814138268814,0.2138907659724164,532.0,810.0,809.0,0.405,0.85,0.02391119201752849,80000.0,80000.0,79999.03559875488,0.21427409560930258,0.20475726135518035,0.27512802850212886,9.071339877075728,8.668442654117197,11.647604201318288,noon2,simple,0.6,0.12833445958344983,30000.0,30000.0,1.0,1e-06,1.0,1.0,0.0,0.0,0.0,0.0,0.0,0,1.5,psi4,8,62.863164559627535,78.96757030862183,543.477455814894,63.368951377454394,79.55651615658867,570.417732901398,0.5057868178268634,0.5889458479668459,26.940277086504086,9.033077193827095,-7.377668270403538,-7.377668270403538,29999.451858520508,0.06347074636507516,2.0455908127110662,0.0,0.0,0.0
classical,0.0,80.0,1.0,1.0,rayleigh,1.0,0.028130814138268814,0.2138907659724164,532.0,810.0,809.0,655.2899999999507,0.85,0.02391119201752849,80000.0,80000.0,79999.48063659668,0.21464448561744753,0.2043740509716595,0.27834860303003883,9.087020417653447,8.652219360193321,11.78394791593787,-,simple,0.6,0.12833445958344983,30000.0,30000.0,1.0,1e-06,1.0,1.0,0.0,0.0,0.0,0.0,0.0,0,1.5,psi4,9,63.58644271620053,79.33494372303691,582.1652103988696,64.08077459607426,79.94339854465089,580.3628819465848,0.4943318798737387,0.6084548216139719,-1.8023284522847869,9.103939143633303,-7.733865347242863,-7.733865347242863,,,,,,
quant_diff,0.0,80.0,1.0,1.0,rayleigh,1.0,0.028130814138268814,0.2138907659724164,532.0,810.0,809.0,655.2899999999507,0.85,0.02391119201752849,80000.0,80000.0,79999.48063659668,0.06376563675278715,0.06348577218631038,0.0691667626306567,3325.14338388082,3310.5494762686253,3606.7922294484197,diff,simple,0.6,0.12833445958344983,30000.0,30000.0,1.0,1e-06,1.0,1.0,0.0,0.0,0.0,0.0,0.0,0,1.5,psi4,9,63.58644271620053,79.33494372303691,582.1652103988696,2621.5304715070474,3304.878975046337,26250.497481354276,2557.944028790847,3225.5440313233,25668.332270955405,3303.616079936142,-73.04112478386394,-73.04112478386394,29999.811721801758,nan,nan,0.0,0.0,0.0
hybrid_diff,0.0,80.0,1.0,1.0,rayleigh,1.0,0.028130814138268814,0.2138907659724164,532.0,810.0,809.0,655.2899999999507,0.85,0.02391119201752849,80000.0,80000.0,79999.48063659668,0.21464448561744753,0.2043740509716595,0.27834860303003883,9.087020417653447,8.652219360193321,11.78394791593787,diff,simple,0.6,0.12833445958344983,30000.0,30000.0,1.0,1e-06,1.0,1.0,0.0,0.0,0.0,0.0,0.0,0,1.5,psi4,9,63.58644271620053,79.33494372303691,582.1652103988696,524.8779677396969,666.8108726627146,5998.359387941989,461.2915250234965,587.4759289396777,5416.19417754312,661.6811020696288,-77.35808209298119,-77.35808209298119,29999.811721801758,0.06348577218631038,3310.5494762686253,0.0,0.0,0.0
quant_noon2,0.0,80.0,1.0,1.0,rayleigh,1.0,0.028130814138268814,0.2138907659724164,532.0,810.0,809.0,0.405,0.85,0.02391119201752849,80000.0,80000.0,79999.48063659668,0.06376266269556831,0.06348970302964713,0.0691644952207348,2.0549989479219315,2.046201764702477,2.2290939384192323,noon2,simple,0.6,0.12833445958344983,30000.0,30000.0,1.0,1e-06,1.0,1.0,0.0,0.0,0.0,0.0,0.0,0,1.5,psi4,9,63.58644271620053,79.33494372303691,582.1652103988696,63.60056156089726,79.35659700193587,585.4135746848339,0.014118844696731674,0.021653278898948938,3.2483642859642794,2.055585774280421,-7.943329457623786,-7.943329457623786,29999.82502746582,nan,nan,0.0,0.0,0.0
hybrid_noon2,0.0,80.0,1.0,1.0,rayleigh,1.0,0.028130814138268814,0.2138907659724164,532.0,810.0,809.0,0.405,0.85,0.02391119201752849,80000.0,80000.0,79999.48063659668,0.21464448561744753,0.2043740509716595,0.27834860303003883,9.087020417653447,8.652219360193321,11.78394791593787,noon2,simple,0.6,0.12833445958344983,30000.0,30000.0,1.0,1e-06,1.0,1.0,0.0,0.0,0.0,0.0,0.0,0,1.5,psi4,9,63.58644271620053,79.33494372303691,582.1652103988696,64.08077459607428,79.94339854465089,580.3628819465848,0.49433187987375193,0.6084548216139719,-1.8023284522847869,9.103939143633303,-7.733865347242882,-7.733865347242882,29999.82502746582,0.06348970302964713,2.046201764702477,0.0,0.0,0.0
classical,0.0,80.0,1.0,0.7,rayleigh,1.0,0.028130814138268814,0.2138907659724164,532.0,810.0,809.0,655.2899999999507,0.85,0.016737834412269944,80000.0,80000.0,79998.35498046875,0.31645909808380146,0.2865319410386773,0.4425635587685498,13.397363912553026,12.130391288825587,18.73602335075449,-,simple,0.6,0.08983412170841489,30000.0,30000.0,1.0,1e-06,1.0,1.0,0.0,0.0,0.0,0.0,0.0,0,1.5,psi4,0,64.5222403252258,79.78676508330491,545.2659088492186,65.28811432887017,80.97244686189394,564.7996634340852,0.7658740036443605,1.1856817785890215,19.533754584866642,13.529668447476883,-4.454867785531208,-4.454867785531208,,,,,,
quant_diff,0.0,80.0,1.0,0.7,rayleigh,1.0,0.028130814138268814,0.2138907659724164,532.0,810.0,809.0,655.2899999999507,0.85,0.016737834412269944,80000.0,80000.0,79998.35498046875,0.09117097378978897,0.09036832683389162,0.10229593898779238,4754.230895151182,4712.375809074943,5334.356905143995,diff,simple,0.6,0.08983412170841489,30000.0,30000.0,1.0,1e-06,1.0,1.0,0.0,0.0,0.0,0.0,0.0,0,1.5,psi4,0,64.5222403252258,79.78676508330491,545.2659088492186,3805.7679472952577,4779.170619744194,37576.40598219031,3741.245706970032,4699.3838546608895,37031.140073341085,4778.197552989322,72.2497163286948,72.2497163286948,29998.868103027344,nan,nan,0.0,0.0,0.0
hybrid_diff,0.0,80.0,1.0,0.7,rayleigh,1.0,0.028130814138268814,0.2138907659724164,532.0,810.0,809.0,655.2899999999507,0.85,0.016737834412269944,80000.0,80000.0,79998.35498046875,0.31645909808380146,0.2865319410386773,0.4425635587685498,13.397363912553026,12.130391288825587,18.73602335075449,diff,simple,0.6,0.08983412170841489,30000.0,30000.0,1.0,1e-06,1.0,1.0,0.0,0.0,0.0,0.0,0.0,0,1.5,psi4,0,64.5222403252258,79.78676508330491,545.2659088492186,736.4415998147051,926.8406747036825,8158.772607364738,671.9193594894793,847.0539096203776,7613.50669851552,922.7222424585547,55.0765910932661,55.0765910932661,29998.868103027344,0.09036832683389162,4712.375809074943,0.0,0.0,0.0
quant_noon2,0.0,80.0,1.0,0.7,rayleigh,1.0,0.028130814138268814,0.2138907659724164,532.0,810.0,809.0,0.405,0.85,0.016737834412269944,80000.0,80000.0,79998.35498046875,0.09124167729179887,0.09054234829361185,0.10222468351342007,2.94061670128953,2.9180781137404637,3.2945866466509903,noon2,simple,0.6,0.08983412170841489,30000.0,30000.0,1.0,1e-06,1.0,1.0,0.0,0.0,0.0,0.0,0.0,0,1.5,psi4,0,64.5222403252258,79.78676508330491,545.2659088492186,64.56517216458569,79.82702949660388,543.6407030560965,0.04293183935988453,0.04026441329896381,-1.6252057931220187,2.9445192316391466,-4.810468993770854,-4.810468993770854,29999.040420532227,nan,nan,0.0,0.0,0.0
hybrid_noon2,0.0,80.0,1.0,0.7,rayleigh,1.0,0.028130814138268814,0.2138907659724164,532.0,810.0,809.0,0.405,0.85,0.016737834412269944,80000.0,80000.0,79998.35498046875,0.31645909808380146,0.2865319410386773,0.4425635587685498,13.397363912553026,12.130391288825587,18.73602335075449,noon2,simple,0.6,0.08983412170841489,30000.0,30000.0,1.0,1e-06,1.0,1.0,0.0,0.0,0.0,0.0,0.0,0,1.5,psi4,0,64.5222403252258,79.78676508330491,545.2659088492186,65.28811432887017,80.97244686189394,564.7996634340852,0.7658740036443605,1.1856817785890215,19.533754584866642,13.529668447476881,-4.454867785531227,-4.454867785531227,29999.040420532227,0.09054234829361185,2.9180781137404637,0.0,0.0,0.0
classical,0.0,80.0,1.0,0.7,rayleigh,1.0,0.028130814138268814,0.2138907659724164,532.0,810.0,809.0,655.2899999999507,0.85,0.016737834412269944,80000.0,80000.0,80001.42864990234,0.31741691502969804,0.2867520270028194,0.4471347355166159,13.437913298756447,12.13970867540575,18.929545100558077,-,simple,0.6,0.08983412170841489,30000.0,30000.0,1.0,1e-06,1.0,1.0,0.0,0.0,0.0,0.0,0.0,0,1.5,psi4,1,63.45540927048641,79.93200411533286,560.8268298638247,64.37269639669272,81.07117365741487,581.3164410716588,0.9172871262062975,1.1391695420820136,20.489611207834105,13.392591824132808,3.076625264225608,3.076625264225608,,,,,,
quant_diff,0.0,80.0,1.0,0.7,rayleigh,1.0,0.028130814138268814,0.2138907659724164,532.0,810.0,809.0,655.2899999999507,0.85,0.016737834412269944,80000.0,80000.0,80001.42864990234,0.09132681184060892,0.09052994971983244,0.10248893785618689,4762.3572762245785,4720.803848019388,5344.421086151494,diff,simple,0.6,0.08983412170841489,30000.0,30000.0,1.0,1e-06,1.0,1.0,0.0,0.0,0.0,0.0,0.0,0,1.5,psi4,1,63.45540927048641,79.93200411533286,560.8268298638247,3800.887138331871,4777.031534254164,37160.58427320988,3737.431729061385,4697.099530138831,36599.757443346054,4775.390818704623,50.02080625471498,50.02080625471498,30000.8302154541,nan,nan,0.0,0.0,0.0
hybrid_diff,0.0,80.0,1.0,0.7,rayleigh,1.0,0.028130814138268814,0.2138907659724164,532.0,810.0,809.0,655.2899999999507,0.85,0.016737834412269944,80000.0,80000.0,80001.42864990234,0.31741691502969804,0.2867520270028194,0.4471347355166159,13.437913298756447,12.13970867540575,18.929545100558077,diff,simple,0.6,0.08983412170841489,30000.0,30000.0,1.0,1e-06,1.0,1.0,0.0,0.0,0.0,0.0,0.0,0,1.5,psi4,1,63.45540927048641,79.93200411533286,560.8268298638247,721.2951104004572,911.7140437883982,8267.33246507196,657.8397011299708,831.7820396730652,7706.505635208137,904.4959625753612,3.541622828859374,3.541622828859374,30000.8302154541,0.09052994971983244,4720.803848019388,0.0,0.0,0.0
quant_noon2,0.0,80.0,1.0,0.7,rayleigh,1.0,0.028130814138268814,0.2138907659724164,532.0,810.0,809.0,0.405,0.85,0.016737834412269944,80000.0,80000.0,80001.42864990234,0.09129679235450736,0.09061833144738998,0.10209281249552653,2.942392997809976,2.920526965379853,3.2903365919704566,noon2,simple,0.6,0.08983412170841489,30000.0,30000.0,1.0,1e-06,1.0,1.0,0.0,0.0,0.0,0.0,0.0,0,1.5,psi4,1,63.45540927048641,79.93200411533286,560.8268298638247,63.49215456843029,79.94701252555522,563.2458933212497,0.03674529794386935,0.01500841022236402,2.4190634574249827,2.9566758625880096,3.519782353886893,3.519782353886893,30000.873153686523,nan,nan,0.0,0.0,0.0
hybrid_noon2,0.0,80.0,1.0,0.7,rayleigh,1.0,0.028130814138268814,0.2138907659724164,532.0,810.0,809.0,0.405,0.85,0.016737834412269944,80000.0,80000.0,80001.42864990234,0.31741691502969804,0.2867520270028194,0.4471347355166159,13.437913298756447,12.13970867540575,18.929545100558077,noon2,simple,0.6,0.08983412170841489,30000.0,30000.0,1.0,1e-06,1.0,1.0,0.0,0.0,0.0,0.0,0.0,0,1.5,psi4,1,63.45540927048641,79.93200411533286,560.8268298638247,64.3726963966927,81.07117365741487,581.316441071659,0.9172871262062843,1.1391695420820136,20.489611207834315,13.392591824132808,3.076625264225551,3.076625264225551,30000.873153686523,0.09061833144738998,2.920526965379853,0.0,0.0,0.0
classical,0.0,80.0,1.0,0.7,rayleigh,1.0,0.028130814138268814,0.2138907659724164,532.0,810.0,809.0,655.2899999999507,0.85,0.016737834412269944,80000.0,80000.0,79999.90390014648,0.3150670912579676,0.28698031886193226,0.4418085306883907,13.338433004491364,12.14937346031264,18.704059074753776,-,simple,0.6,0.08983412170841489,30000.0,30000.0,1.0,1e-06,1.0,1.0,0.0,0.0,0.0,0.0,0.0,0,1.5,psi4,2,64.34518646245138,79.68847520541914,509.18388229070416,66.1513742034677,82.86267118347868,771.1231991936658,1.806187741016318,3.1741959780595392,261.93931690296154,23.894401269437505,9.632574293442575,9.632574293442575,,,,,,
quant_diff,0.0,80.0,1.0,0.7,rayleigh,1.0,0.028130814138268814,0.2138907659724164,532.0,810.0,809.0,655.2899999999507,0.85,0.016737834412269944,80000.0,80000.0,79999.90390014648,0.09130350325379358,0.09047964910179976,0.1025581448442587,4761.141819166773,4718.180855828392,5348.0299759897225,diff,simple,0.6,0.08983412170841489,30000.0,30000.0,1.0,1e-06,1.0,1.0,0.0,0.0,0.0,0.0,0.0,0,1.5,psi4,2,64.34518646245138,79.68847520541914,509.18388229070416,3804.3492553174424,4782.4341147145815,40899.00493293285,3740.004068854991,4702.745639509162,40389.821050642146,4781.455154757445,-49.969637629191574,-49.969637629191574,30000.18165588379,nan,nan,0.0,0.0,0.0
hybrid_diff,0.0,80.0,1.0,0.7,rayleigh,1.0,0.028130814138268814,0.2138907659724164,532.0,810.0,809.0,655.2899999999507,0.85,0.016737834412269944,80000.0,80000.0,79999.90390014648,0.3150670912579676,0.28698031886193226,0.4418085306883907,13.338433004491364,12.14937346031264,18.704059074753776,diff,simple,0.6,0.08983412170841489,30000.0,30000.0,1.0,1e-06,1.0,1.0,0.0,0.0,0.0,0.0,0.0,0,1.5,psi4,2,64.34518646245138,79.68847520541914,509.18388229070416,735.1070532323814,926.7895687842496,7773.437674695328,670.7618667699301,847.1010935788305,7264.253792404624,922.7717444903423,-95.26170421483566,-95.26170421483566,30000.18165588379,0.09047964910179976,4718.180855828392,0.0,0.0,0.0
quant_noon2,0.0,80.0,1.0,0.7,rayleigh,1.0,0.028130814138268814,0.2138907659724164,532.0,810.0,809.0,0.405,0.85,0.016737834412269944,80000.0,80000.0,79999.90390014648,0.09124691504455053,0.09052417753097866,0.10232597071918201,2.940785508173356,2.9174924904851673,3.297851019443459,noon2,simple,0.6,0.08983412170841489,30000.0,30000.0,1.0,1e-06,1.0,1.0,0.0,0.0,0.0,0.0,0.0,0,1.5,psi4,2,64.34518646245138,79.68847520541914,509.18388229070416,64.38347549900988,79.73865541494472,508.038333876258,0.03828903655850404,0.05018020952557204,-1.1455484144461576,2.941681475131761,7.618601669034466,7.618601669034466,29999.926223754883,nan,nan,0.0,0.0,0.0
hybrid_noon2,0.0,80.0,1.0,0.7,rayleigh,1.0,0.028130814138268814,0.2138907659724164,532.0,810.0,809.0,0.405,0.85,0.016737834412269944,80000.0,80000.0,79999.90390014648,0.3150670912579676,0.28698031886193226,0.4418085306883907,13.338433004491364,12.14937346031264,18.704059074753776,noon2,simple,0.6,0.08983412170841489,30000.0,30000.0,1.0,1e-06,1.0,1.0,0.0,0.0,0.0,0.0,0.0,0,1.5,psi4,2,64.34518646245138,79.68847520541914,509.18388229070416,65.2322644883838,80.84000721817713,545.5063499120893,0.8870780259324348,1.1515320127579893,36.322467621385115,13.58986489073976,7.864427489143488,7.864427489143488,29999.926223754883,0.09052417753097866,2.9174924904851673,0.0,0.0,0.0
classical,0.0,80.0,1.0,0.7,rayleigh,1.0,0.028130814138268814,0.2138907659724164,532.0,810.0,809.0,655.2899999999507,0.85,0.016737834412269944,80000.0,80000.0,79998.89625549316,0.3162884422841587,0.2856318042319305,0.4407275583742285,13.390139162607628,12.092283803706367,18.658295879573366,-,simple,0.6,0.08983412170841489,30000.0,30000.0,1.0,1e-06,1.0,1.0,0.0,0.0,0.0,0.0,0.0,0,1.5,psi4,3,64.69882142805872,79.9962728428014,496.99731553182613,65.30463476923732,80.92056257721663,553.8745263087279,0.6058133411786066,0.9242897344152236,56.877210776901855,13.406211105202809,2.3081208029210414,2.3081208029210414,,,,,,
quant_diff,0.0,80.0,1.0,0.7,rayleigh,1.0,0.028130814138268814,0.2138907659724164,532.0,810.0,809.0,655.2899999999507,0.85,0.016737834412269944,80000.0,80000.0,79998.89625549316,0.09119723609086886,0.09043660207352036,0.10223366287415586,4755.600377542142,4715.936111659461,5331.109434911163,diff,simple,0.6,0.08983412170841489,30000.0,30000.0,1.0,1e-06,1.0,1.0,0.0,0.0,0.0,0.0,0.0,0,1.5,psi4,3,64.69882142805872,79.9962728428014,496.99731553182613,3808.1428724603293,4769.979735001677,39412.910516496595,3743.4440510322706,4689.983462158876,38915.913200964766,4770.214255309003,-24.827540712559255,-24.827540712559255,29999.362045288086,nan,nan,0.0,0.0,0.0
hybrid_diff,0.0,80.0,1.0,0.7,rayleigh,1.0,0.028130814138268814,0.2138907659724164,532.0,810.0,809.0,655.2899999999507,0.85,0.016737834412269944,80000.0,80000.0,79998.89625549316,0.3162884422841587,0.2856318042319305,0.4407275583742285,13.390139162607628,12.092283803706367,18.658295879573366,diff,simple,0.6,0.08983412170841489,30000.0,30000.0,1.0,1e-06,1.0,1.0,0.0,0.0,0.0,0.0,0.0,0,1.5,psi4,3,64.69882142805872,79.9962728428014,496.99731553182613,763.8821795017299,958.66326933574,7249.282564605519,699.1833580736711,878.6669964929387,6752.285249073692,960.2777650711059,32.38809483008712,32.38809483008712,29999.362045288086,0.09043660207352036,4715.936111659461,0.0,0.0,0.0
quant_noon2,0.0,80.0,1.0,0.7,rayleigh,1.0,0.028130814138268814,0.2138907659724164,532.0,810.0,809.0,0.405,0.85,0.016737834412269944,80000.0,80000.0,79998.89625549316,0.09134248930722531,0.09054052146746641,0.10264880911634548,2.9438657592316098,2.9180192371871927,3.308255738105966,noon2,simple,0.6,0.08983412170841489,30000.0,30000.0,1.0,1e-06,1.0,1.0,0.0,0.0,0.0,0.0,0.0,0,1.5,psi4,3,64.69882142805872,79.9962728428014,496.99731553182613,64.74509000265007,80.06698341171382,503.8225068433498,0.04626857459135628,0.07071056891242657,6.825191311523671,2.9470350219790835,2.8884174092681847,2.8884174092681847,29999.34197998047,nan,nan,0.0,0.0,0.0
hybrid_noon2,0.0,80.0,1.0,0.7,rayleigh,1.0,0.028130814138268814,0.2138907659724164,532.0,810.0,809.0,0.405,0.85,0.016737834412269944,80000.0,80000.0,79998.89625549316,0.3162884422841587,0.2856318042319305,0.4407275583742285,13.390139162607628,12.092283803706367,18.658295879573366,noon2,simple,0.6,0.08983412170841489,30000.0,30000.0,1.0,1e-06,1.0,1.0,0.0,0.0,0.0,0.0,0.0,0,1.5,psi4,3,64.69882142805872,79.9962728428014,496.99731553182613,65.30777173679715,80.9259599564158,553.8964548846525,0.6089503087384334,0.9296871136143939,56.899139352826374,13.509898124399475,2.3617616761424736,2.3617616761424736,29999.34197998047,0.09054052146746641,2.9180192371871927,0.0,0.0,0.0
classical,0.0,80.0,1.0,0.7,rayleigh,1.0,0.028130814138268814,0.2138907659724164,532.0,810.0,809.0,655.2899999999507,0.85,0.016737834412269944,80000.0,80000.0,80001.59555053711,0.3157837423886559,0.28566234047178735,0.44416885000249406,13.368772584090465,12.093576561981799,18.803983700060318,-,simple,0.6,0.08983412170841489,30000.0,30000.0,1.0,1e-06,1.0,1.0,0.0,0.0,0.0,0.0,0.0,0,1.5,psi4,4,64.64017692465141,79.88821086621266,496.3154119796947,65.50297094818909,81.02621951254294,551.1035549181295,0.8627940235376755,1.138008646330273,54.78814293843475,13.324391933732224,-16.484340236170215,-16.484340236170215,,,,,,
quant_diff,0.0,80.0,1.0,0.7,rayleigh,1.0,0.028130814138268814,0.2138907659724164,532.0,810.0,809.0,655.2899999999507,0.85,0.016737834412269944,80000.0,80000.0,80001.59555053711,0.09124112834495655,0.090507248166898,0.10222859598007689,4757.889197127668,4719.620045545394,5330.845215024379,diff,simple,0.6,0.08983412170841489,30000.0,30000.0,1.0,1e-06,1.0,1.0,0.0,0.0,0.0,0.0,0.0,0,1.5,psi4,4,64.64017692465141,79.88821086621266,496.3154119796947,3782.0348110948707,4749.794126768352,38939.0132700765,3717.3946341702194,4669.90591590214,38442.697858096806,4749.882519938028,-124.6610257828698,-124.6610257828698,30000.925903320312,nan,nan,0.0,0.0,0.0
hybrid_diff,0.0,80.0,1.0,0.7,rayleigh,1.0,0.028130814138268814,0.2138907659724164,532.0,810.0,809.0,655.2899999999507,0.85,0.016737834412269944,80000.0,80000.0,80001.59555053711,0.3157837423886559,0.28566234047178735,0.44416885000249406,13.368772584090465,12.093576561981799,18.803983700060318,diff,simple,0.6,0.08983412170841489,30000.0,30000.0,1.0,1e-06,1.0,1.0,0.0,0.0,0.0,0.0,0.0,0,1.5,psi4,4,64.64017692465141,79.88821086621266,496.3154119796947,734.1505564814872,922.3343513263382,7645.114514646608,669.5103795568358,842.4461404601255,7148.799102666912,923.3018640981797,-173.10560456663347,-173.10560456663347,30000.925903320312,0.090507248166898,4719.620045545394,0.0,0.0,0.0
quant_noon2,0.0,80.0,1.0,0.7,rayleigh,1.0,0.028130814138268814,0.2138907659724164,532.0,810.0,809.0,0.405,0.85,0.016737834412269944,80000.0,80000.0,80001.59555053711,0.09131712085753231,0.09056050518755082,0.10249726383990759,2.9430481626127483,2.918663290023334,3.3033716041868844,noon2,simple,0.6,0.08983412170841489,30000.0,30000.0,1.0,1e-06,1.0,1.0,0.0,0.0,0.0,0.0,0.0,0,1.5,psi4,4,64.64017692465141,79.88821086621266,496.3154119796947,64.67695563092622,79.93737279749578,498.0007961335357,0.036778706274803064,0.04916193128312337,1.6853841538409247,2.9404654142979183,-17.09933000159095,-17.09933000159095,30000.886291503906,nan,nan,0.0,0.0,0.0
hybrid_noon2,0.0,80.0,1.0,0.7,rayleigh,1.0,0.028130814138268814,0.2138907659724164,532.0,810.0,809.0,0.405,0.85,0.016737834412269944,80000.0,80000.0,80001.59555053711,0.3157837423886559,0.28566234047178735,0.44416885000249406,13.368772584090465,12.093576561981799,18.803983700060318,noon2,simple,0.6,0.08983412170841489,30000.0,30000.0,1.0,1e-06,1.0,1.0,0.0,0.0,0.0,0.0,0.0,0,1.5,psi4,4,64.64017692465141,79.88821086621266,496.3154119796947,65.50297094818909,81.02621951254294,551.1035549181294,0.8627940235376755,1.138008646330273,54.788142938434646,13.324391933732224,-16.484340236170254,-16.484340236170254,30000.886291503906,0.09056050518755082,2.918663290023334,0.0,0.0,0.0
classical,0.0,80.0,1.0,0.7,rayleigh,1.0,0.028130814138268814,0.2138907659724164,532.0,810.0,809.0,655.2899999999507,0.85,0.016737834412269944,80000.0,80000.0,80000.1234588623,0.318636904074616,0.2865283568087654,0.4473845323426287,13.489561797102876,12.13023954968215,18.940120302859288,-,simple,0.6,0.08983412170841489,30000.0,30000.0,1.0,1e-06,1.0,1.0,0.0,0.0,0.0,0.0,0.0,0,1.5,psi4,5,63.83196241206738,78.72142622258168,497.24798357818315,64.69135240231739,79.83701325551854,515.3233572907603,0.8593899902500219,1.1155870329368551,18.07537371257717,13.259612368035667,-16.368389132560264,-16.368389132560264,,,,,,
quant_diff,0.0,80.0,1.0,0.7,rayleigh,1.0,0.028130814138268814,0.2138907659724164,532.0,810.0,809.0,655.2899999999507,0.85,0.016737834412269944,80000.0,80000.0,80000.1234588623,0.09132797590158473,0.09055318935788409,0.10254535626945144,4762.417977722269,4722.015709652807,5347.363098858478,diff,simple,0.6,0.08983412170841489,30000.0,30000.0,1.0,1e-06,1.0,1.0,0.0,0.0,0.0,0.0,0.0,0,1.5,psi4,5,63.83196241206738,78.72142622258168,497.24798357818315,3775.362382358516,4731.594545694092,38856.177866046746,3711.530419946448,4652.87311947151,38358.92988246857,4731.789516171115,-194.89902288217522,-194.89902288217522,30000.06265258789,nan,nan,0.0,0.0,0.0
hybrid_diff,0.0,80.0,1.0,0.7,rayleigh,1.0,0.028130814138268814,0.2138907659724164,532.0,810.0,809.0,655.2899999999507,0.85,0.016737834412269944,80000.0,80000.0,80000.1234588623,0.318636904074616,0.2865283568087654,0.4473845323426287,13.489561797102876,12.13023954968215,18.940120302859288,diff,simple,0.6,0.08983412170841489,30000.0,30000.0,1.0,1e-06,1.0,1.0,0.0,0.0,0.0,0.0,0.0,0,1.5,psi4,5,63.83196241206738,78.72142622258168,497.24798357818315,739.3427555216567,930.6314517364613,7444.295852595261,675.5107931095894,851.9100255138795,6947.047869017078,932.3149355541606,-102.21163212128386,-102.21163212128386,30000.06265258789,0.09055318935788409,4722.015709652807,0.0,0.0,0.0
quant_noon2,0.0,80.0,1.0,0.7,rayleigh,1.0,0.028130814138268814,0.2138907659724164,532.0,810.0,809.0,0.405,0.85,0.016737834412269944,80000.0,80000.0,80000.1234588623,0.09126127676562264,0.090579358782907,0.10213363827531106,2.9412483703005927,2.9192709202097724,3.2916523609637602,noon2,simple,0.6,0.08983412170841489,30000.0,30000.0,1.0,1e-06,1.0,1.0,0.0,0.0,0.0,0.0,0.0,0,1.5,psi4,5,63.83196241206738,78.72142622258168,497.24798357818315,63.88365619970505,78.77443530548604,495.1410244904316,0.05169378763767762,0.053009082904355666,-2.106959087751545,2.9496884635047746,-16.710821071389866,-16.710821071389866,30000.077026367188,nan,nan,0.0,0.0,0.0
hybrid_noon2,0.0,80.0,1.0,0.7,rayleigh,1.0,0.028130814138268814,0.2138907659724164,532.0,810.0,809.0,0.405,0.85,0.016737834412269944,80000.0,80000.0,80000.1234588623,0.318636904074616,0.2865283568087654,0.4473845323426287,13.489561797102876,12.13023954968215,18.940120302859288,noon2,simple,0.6,0.08983412170841489,30000.0,30000.0,1.0,1e-06,1.0,1.0,0.0,0.0,0.0,0.0,0.0,0,1.5,psi4,5,63.83196241206738,78.72142622258168,497.24798357818315,64.69135240231739,79.83701325551854,515.3233572907604,0.8593899902500219,1.1155870329368551,18.075373712577278,13.259612368035667,-16.36838913256027,-16.36838913256027,30000.077026367188,0.090579358782907,2.9192709202097724,0.0,0.0,0.0
classical,0.0,80.0,1.0,0.7,rayleigh,1.0,0.028130814138268814,0.2138907659724164,532.0,810.0,809.0,655.2899999999507,0.85,0.016737834412269944,80000.0,80000.0,79999.04811096191,0.3185071842510958,0.28758023413356226,0.4482794181846566,13.484070080502232,12.174771002236358,18.978005487258898,-,simple,0.6,0.08983412170841489,30000.0,30000.0,1.0,1e-06,1.0,1.0,0.0,0.0,0.0,0.0,0.0,0,1.5,psi4,6,64.00824378958805,79.81191698851954,520.6375093880803,64.9591622805264,80.95796566215112,568.8234341752002,0.9509184909383508,1.146048673631583,48.18592478711997,13.674893384002884,-4.009248356700249,-4.009248356700249,,,,,,
quant_diff,0.0,80.0,1.0,0.7,rayleigh,1.0,0.028130814138268814,0.2138907659724164,532.0,810.0,809.0,655.2899999999507,0.85,0.016737834412269944,80000.0,80000.0,79999.04811096191,0.0913059288650154,0.09057568926196174,0.10234823844969543,4761.268305868966,4723.188996880719,5337.084129689742,diff,simple,0.6,0.08983412170841489,30000.0,30000.0,1.0,1e-06,1.0,1.0,0.0,0.0,0.0,0.0,0.0,0,1.5,psi4,6,64.00824378958805,79.81191698851954,520.6375093880803,3803.6154002866656,4779.131542580402,44221.5269615537,3739.6071564970775,4699.319625591883,43700.889452165626,4778.7734505700055,-69.21716029155233,-69.21716029155233,29999.383209228516,nan,nan,0.0,0.0,0.0
hybrid_diff,0.0,80.0,1.0,0.7,rayleigh,1.0,0.028130814138268814,0.2138907659724164,532.0,810.0,809.0,655.2899999999507,0.85,0.016737834412269944,80000.0,80000.0,79999.04811096191,0.3185071842510958,0.28758023413356226,0.4482794181846566,13.484070080502232,12.174771002236358,18.978005487258898,diff,simple,0.6,0.08983412170841489,30000.0,30000.0,1.0,1e-06,1.0,1.0,0.0,0.0,0.0,0.0,0.0,0,1.5,psi4,6,64.00824378958805,79.81191698851954,520.6375093880803,746.9053579166183,930.4281147098271,7111.428481693016,682.8971141270304,850.6161977213076,6590.790972304935,928.5843841425457,-54.715796261688794,-54.715796261688794,29999.383209228516,0.09057568926196174,4723.188996880719,0.0,0.0,0.0
quant_noon2,0.0,80.0,1.0,0.7,rayleigh,1.0,0.028130814138268814,0.2138907659724164,532.0,810.0,809.0,0.405,0.85,0.016737834412269944,80000.0,80000.0,79999.04811096191,0.09136581462940213,0.09064813605606489,0.10259342402079294,2.944617508147149,2.921487534416353,3.306470738730478,noon2,simple,0.6,0.08983412170841489,30000.0,30000.0,1.0,1e-06,1.0,1.0,0.0,0.0,0.0,0.0,0.0,0,1.5,psi4,6,64.00824378958805,79.81191698851954,520.6375093880803,64.04198925934931,79.85920870799517,525.7741694357012,0.03374546976125675,0.04729171947561915,5.136660047620893,2.933297787327461,-4.258580409527725,-4.258580409527725,29999.368133544922,nan,nan,0.0,0.0,0.0
hybrid_noon2,0.0,80.0,1.0,0.7,rayleigh,1.0,0.028130814138268814,0.2138907659724164,532.0,810.0,809.0,0.405,0.85,0.016737834412269944,80000.0,80000.0,79999.04811096191,0.3185071842510958,0.28758023413356226,0.4482794181846566,13.484070080502232,12.174771002236358,18.978005487258898,noon2,simple,0.6,0.08983412170841489,30000.0,30000.0,1.0,1e-06,1.0,1.0,0.0,0.0,0.0,0.0,0.0,0,1.5,psi4,6,64.00824378958805,79.81191698851954,520.6375093880803,64.96115179390505,80.96171910650708,568.8387627730132,0.9529080043169885,1.1498021179875373,48.20125338493287,13.657878503830583,-4.036567412795728,-4.036567412795728,29999.368133544922,0.09064813605606489,2.921487534416353,0.0,0.0,0.0
classical,0.0,80.0,1.0,0.7,rayleigh,1.0,0.028130814138268814,0.2138907659724164,532.0,810.0,809.0,655.2899999999507,0.85,0.016737834412269944,80000.0,80000.0,80000.45678710938,0.31801681457125097,0.28587048102614143,0.4435687517936523,13.463310174743974,12.102388237071967,18.778578413450436,-,simple,0.6,0.08983412170841489,30000.0,30000.0,1.0,1e-06,1.0,1.0,0.0,0.0,0.0,0.0,0.0,0,1.5,psi4,7,64.103334789993,79.63279081774465,493.21196767035946,65.55989979130676,82.23223668406871,686.695816915836,1.456565001313756,2.599445866324052,193.4838492454765,19.700087206624058,-9.199733768384387,-9.199733768384387,,,,,,
quant_diff,0.0,80.0,1.0,0.7,rayleigh,1.0,0.028130814138268814,0.2138907659724164,532.0,810.0,809.0,655.2899999999507,0.85,0.016737834412269944,80000.0,80000.0,80000.45678710938,0.09120282852342831,0.09038505083343136,0.10227257167626574,4755.8920023274,4713.247904128854,5333.138385808524,diff,simple,0.6,0.08983412170841489,30000.0,30000.0,1.0,1e-06,1.0,1.0,0.0,0.0,0.0,0.0,0.0,0,1.5,psi4,7,64.103334789993,79.63279081774465,493.21196767035946,3798.262748770771,4767.194281177169,38837.668242258536,3734.159413980778,4687.561490359423,38344.45627458818,4766.749825295091,-37.147031996552,-37.147031996552,30000.306762695312,nan,nan,0.0,0.0,0.0
hybrid_diff,0.0,80.0,1.0,0.7,rayleigh,1.0,0.028130814138268814,0.2138907659724164,532.0,810.0,809.0,655.2899999999507,0.85,0.016737834412269944,80000.0,80000.0,80000.45678710938,0.31801681457125097,0.28587048102614143,0.4435687517936523,13.463310174743974,12.102388237071967,18.778578413450436,diff,simple,0.6,0.08983412170841489,30000.0,30000.0,1.0,1e-06,1.0,1.0,0.0,0.0,0.0,0.0,0.0,0,1.5,psi4,7,64.103334789993,79.63279081774465,493.21196767035946,724.9723707987102,919.65671715108,7319.524772492614,660.8690360087172,840.0239263333353,6826.312804822254,917.964867362577,-44.61749962689196,-44.61749962689196,30000.306762695312,0.09038505083343136,4713.247904128854,0.0,0.0,0.0
quant_noon2,0.0,80.0,1.0,0.7,rayleigh,1.0,0.028130814138268814,0.2138907659724164,532.0,810.0,809.0,0.405,0.85,0.016737834412269944,80000.0,80000.0,80000.45678710938,0.09130036546476124,0.09058899161549708,0.10238239504224893,2.942508155137198,2.919581375576616,3.299669511953618,noon2,simple,0.6,0.08983412170841489,30000.0,30000.0,1.0,1e-06,1.0,1.0,0.0,0.0,0.0,0.0,0.0,0,1.5,psi4,7,64.103334789993,79.63279081774465,493.21196767035946,64.1123307780337,79.6808553338062,491.1378386833024,0.008995988040684574,0.048064516061555096,-2.074128987057033,2.9254115528519615,-7.668882361226007,-7.668882361226007,30000.24366760254,nan,nan,0.0,0.0,0.0
hybrid_noon2,0.0,80.0,1.0,0.7,rayleigh,1.0,0.028130814138268814,0.2138907659724164,532.0,810.0,809.0,0.405,0.85,0.016737834412269944,80000.0,80000.0,80000.45678710938,0.31801681457125097,0.28587048102614143,0.4435687517936523,13.463310174743974,12.102388237071967,18.778578413450436,noon2,simple,0.6,0.08983412170841489,30000.0,30000.0,1.0,1e-06,1.0,1.0,0.0,0.0,0.0,0.0,0.0,0,1.5,psi4,7,64.103334789993,79.63279081774465,493.21196767035946,64.97065160230433,80.86907467966076,500.0276318883932,0.8673168123113315,1.2362838619161032,6.815664218033744,13.360705814516725,-8.661787564635999,-8.661787564635999,30000.24366760254,0.09058899161549708,2.919581375576616,0.0,0.0,0.0
classical,0.0,80.0,1.0,0.7,rayleigh,1.0,0.028130814138268814,0.2138907659724164,532.0,810.0,809.0,655.2899999999507,0.85,0.016737834412269944,80000.0,80000.0,79998.96430969238,0.31598065197704106,0.2856399854913894,0.4420313931629427,13.377108793823227,12.092630159083406,18.71349400549871,-,simple,0.6,0.08983412170841489,30000.0,30000.0,1.0,1e-06,1.0,1.0,0.0,0.0,0.0,0.0,0.0,0,1.5,psi4,8,62.863164559627535,78.96757030862183,543.477455814894,63.80852542540599,80.177795343153,581.4509956644242,0.9453608657784566,1.2102250345311687,37.973539849530255,13.444132393893145,-6.577396184999242,-6.577396184999242,,,,,,
quant_diff,0.0,80.0,1.0,0.7,rayleigh,1.0,0.028130814138268814,0.2138907659724164,532.0,810.0,809.0,655.2899999999507,0.85,0.016737834412269944,80000.0,80000.0,79998.96430969238,0.09127586234156895,0.09059066582712685,0.10229261376285025,4759.700447276071,4723.96996966023,5334.18350689567,diff,simple,0.6,0.08983412170841489,30000.0,30000.0,1.0,1e-06,1.0,1.0,0.0,0.0,0.0,0.0,0.0,0,1.5,psi4,8,62.863164559627535,78.96757030862183,543.477455814894,3757.357592716902,4723.726449891055,37851.91217402875,3694.494428157275,4644.758879582434,37308.43471821386,4723.506771331173,-17.858864725719332,-17.858864725719332,29999.42820739746,nan,nan,0.0,0.0,0.0
hybrid_diff,0.0,80.0,1.0,0.7,rayleigh,1.0,0.028130814138268814,0.2138907659724164,532.0,810.0,809.0,655.2899999999507,0.85,0.016737834412269944,80000.0,80000.0,79998.96430969238,0.31598065197704106,0.2856399854913894,0.4420313931629427,13.377108793823227,12.092630159083406,18.71349400549871,diff,simple,0.6,0.08983412170841489,30000.0,30000.0,1.0,1e-06,1.0,1.0,0.0,0.0,0.0,0.0,0.0,0,1.5,psi4,8,62.863164559627535,78.96757030862183,543.477455814894,729.0153462457778,923.6855733866579,8260.475768977924,666.1521816861502,844.718003078036,7716.9983131630315,923.0719931821516,-6.907385046494218,-6.907385046494218,29999.42820739746,0.09059066582712685,4723.96996966023,0.0,0.0,0.0
quant_noon2,0.0,80.0,1.0,0.7,rayleigh,1.0,0.028130814138268814,0.2138907659724164,532.0,810.0,809.0,0.405,0.85,0.016737834412269944,80000.0,80000.0,79998.96430969238,0.09116985590167452,0.09043372065841299,0.10221567305222755,2.9383019786147804,2.914577167158061,3.294296249614729,noon2,simple,0.6,0.08983412170841489,30000.0,30000.0,1.0,1e-06,1.0,1.0,0.0,0.0,0.0,0.0,0.0,0,1.5,psi4,8,62.863164559627535,78.96757030862183,543.477455814894,62.91030719279236,79.02512049892673,546.6117032832351,0.047142633164830076,0.05755019030489907,3.1342474683410892,2.9313771498156855,-6.576919782474921,-6.576919782474921,29999.404037475586,nan,nan,0.0,0.0,0.0
hybrid_noon2,0.0,80.0,1.0,0.7,rayleigh,1.0,0.028130814138268814,0.2138907659724164,532.0,810.0,809.0,0.405,0.85,0.016737834412269944,80000.0,80000.0,79998.96430969238,0.31598065197704106,0.2856399854913894,0.4420313931629427,13.377108793823227,12.092630159083406,18.71349400549871,noon2,simple,0.6,0.08983412170841489,30000.0,30000.0,1.0,1e-06,1.0,1.0,0.0,0.0,0.0,0.0,0.0,0,1.5,psi4,8,62.863164559627535,78.96757030862183,543.477455814894,63.808525425405975,80.177795343153,581.4509956644241,0.9453608657784432,1.2102250345311687,37.97353984953015,13.444132393893145,-6.577396184999148,-6.577396184999148,29999.404037475586,0.09043372065841299,2.914577167158061,0.0,0.0,0.0
classical,0.0,80.0,1.0,0.7,rayleigh,1.0,0.028130814138268814,0.2138907659724164,532.0,810.0,809.0,655.2899999999507,0.85,0.016737834412269944,80000.0,80000.0,79999.61036682129,0.3161072661474107,0.28566544789381254,0.4456106632249416,13.382469031930457,12.0937081153609,18.86502317262415,-,simple,0.6,0.08983412170841489,30000.0,30000.0,1.0,1e-06,1.0,1.0,0.0,0.0,0.0,0.0,0.0,0,1.5,psi4,9,63.58644271620053,79.33494372303691,582.1652103988696,65.75030660505894,83.21262741935227,719.8487938464838,2.163863888858413,3.877683696315364,137.68358344761415,24.757611248928708,-6.652104863447895,-6.652104863447895,,,,,,
quant_diff,0.0,80.0,1.0,0.7,rayleigh,1.0,0.028130814138268814,0.2138907659724164,532.0,810.0,809.0,655.2899999999507,0.85,0.016737834412269944,80000.0,80000.0,79999.61036682129,0.09132184376037218,0.09055614508582852,0.10264549344135387,4762.098209116163,4722.169839991959,5352.584884001514,diff,simple,0.6,0.08983412170841489,30000.0,30000.0,1.0,1e-06,1.0,1.0,0.0,0.0,0.0,0.0,0.0,0,1.5,psi4,9,63.58644271620053,79.33494372303691,582.1652103988696,3782.433297671446,4741.132721857209,37274.132777772444,3718.8468549552454,4661.7977781341715,36691.96756737357,4740.206232642244,-137.19193944525597,-137.19193944525597,29999.798797607422,nan,nan,0.0,0.0,0.0
hybrid_diff,0.0,80.0,1.0,0.7,rayleigh,1.0,0.028130814138268814,0.2138907659724164,532.0,810.0,809.0,655.2899999999507,0.85,0.016737834412269944,80000.0,80000.0,79999.61036682129,0.3161072661474107,0.28566544789381254,0.4456106632249416,13.382469031930457,12.0937081153609,18.86502317262415,diff,simple,0.6,0.08983412170841489,30000.0,30000.0,1.0,1e-06,1.0,1.0,0.0,0.0,0.0,0.0,0.0,0,1.5,psi4,9,63.58644271620053,79.33494372303691,582.1652103988696,741.6325472942535,935.4770557759023,6915.08827200828,678.046104578053,856.1421120528654,6332.92306160941,931.524217605799,-21.803911353648697,-21.803911353648697,29999.798797607422,0.09055614508582852,4722.169839991959,0.0,0.0,0.0
quant_noon2,0.0,80.0,1.0,0.7,rayleigh,1.0,0.028130814138268814,0.2138907659724164,532.0,810.0,809.0,0.405,0.85,0.016737834412269944,80000.0,80000.0,79999.61036682129,0.09127143326124403,0.09048253431454698,0.10229447749869787,2.941575702738326,2.9161503764275443,3.296836028346387,noon2,simple,0.6,0.08983412170841489,30000.0,30000.0,1.0,1e-06,1.0,1.0,0.0,0.0,0.0,0.0,0.0,0,1.5,psi4,9,63.58644271620053,79.33494372303691,582.1652103988696,63.65148399569205,79.40269183829136,587.7729336433457,0.06504127949151504,0.06774811525444642,5.60772324447611,2.9517021895703417,-7.017670389652815,-7.017670389652815,29999.752182006836,nan,nan,0.0,0.0,0.0
hybrid_noon2,0.0,80.0,1.0,0.7,rayleigh,1.0,0.028130814138268814,0.2138907659724164,532.0,810.0,809.0,0.405,0.85,0.016737834412269944,80000.0,80000.0,79999.61036682129,0.3161072661474107,0.28566544789381254,0.4456106632249416,13.382469031930457,12.0937081153609,18.86502317262415,noon2,simple,0.6,0.08983412170841489,30000.0,30000.0,1.0,1e-06,1.0,1.0,0.0,0.0,0.0,0.0,0.0,0,1.5,psi4,9,63.58644271620053,79.33494372303691,582.1652103988696,64.6227109178479,80.57479315170458,593.4608200080039,1.036268201647366,1.239849428667676,11.295609609134276,13.4378063416461,-8.206865710112531,-8.206865710112531,29999.752182006836,0.09048253431454698,2.9161503764275443,0.0,0.0,0.0
classical,0.0,80.0,0.5,1.0,rayleigh,1.0,0.028130814138268814,0.2138907659724164,532.0,810.0,809.0,655.2899999999507,0.85,0.02391119201752849,80000.0,40000.0,39998.89549255371,0.31151486720981825,0.2832930926528425,0.4362578709416996,13.188048836173419,11.99327394650439,18.469070701749292,-,simple,0.6,0.12833445958344983,30000.0,15000.0,1.0,1e-06,1.0,1.0,0.0,0.0,0.0,0.0,0.0,0,1.5,psi4,0,64.5222403252258,79.78676508330491,545.2659088492186,65.28878834588032,80.77960269043088,558.5888395514287,0.7665480206545255,0.992837607125958,13.322930702210117,13.239084859333692,-4.75930019704045,-4.75930019704045,,,,,,
quant_diff,0.0,80.0,0.5,1.0,rayleigh,1.0,0.028130814138268814,0.2138907659724164,532.0,810.0,809.0,655.2899999999507,0.85,0.02391119201752849,80000.0,40000.0,39998.89549255371,0.09025206289669158,0.08953099920973889,0.1012146028580026,4706.3130724466955,4668.712253727942,5277.969203854952,diff,simple,0.6,0.12833445958344983,30000.0,15000.0,1.0,1e-06,1.0,1.0,0.0,0.0,0.0,0.0,0.0,0,1.5,psi4,0,64.5222403252258,79.78676508330491,545.2659088492186,3729.025688709616,4677.368837080189,36036.88910928923,3664.50344838439,4597.582071996884,35491.623200440015,4676.253452686877,-15.900753511097651,-15.900753511097651,14999.354553222656,nan,nan,0.0,0.0,0.0
hybrid_diff,0.0,80.0,0.5,1.0,rayleigh,1.0,0.028130814138268814,0.2138907659724164,532.0,810.0,809.0,655.2899999999507,0.85,0.02391119201752849,80000.0,40000.0,39998.89549255371,0.31151486720981825,0.2832930926528425,0.4362578709416996,13.188048836173419,11.99327394650439,18.469070701749292,diff,simple,0.6,0.12833445958344983,30000.0,15000.0,1.0,1e-06,1.0,1.0,0.0,0.0,0.0,0.0,0.0,0,1.5,psi4,0,64.5222403252258,79.78676508330491,545.2659088492186,716.7615513924663,902.4823809118435,8078.023624436447,652.2393110672406,822.6956158285386,7532.757715587229,897.2315582276334,-1.3934667990646519,-1.3934667990646519,14999.354553222656,0.08953099920973889,4668.712253727942,0.0,0.0,0.0
quant_noon2,0.0,80.0,0.5,1.0,rayleigh,1.0,0.028130814138268814,0.2138907659724164,532.0,810.0,809.0,0.405,0.85,0.02391119201752849,80000.0,40000.0,39998.89549255371,0.09029360603454756,0.08956071990378651,0.10114657160601855,2.9100614303230627,2.886441334110155,3.2598403116989805,noon2,simple,0.6,0.12833445958344983,30000.0,15000.0,1.0,1e-06,1.0,1.0,0.0,0.0,0.0,0.0,0.0,0,1.5,psi4,0,64.5222403252258,79.78676508330491,545.2659088492186,64.5929697797201,79.8606887250053,540.5016903036365,0.07072945449429235,0.0739236417003849,-4.764218545582126,2.893302662331892,-4.865242225164854,-4.865242225164854,14999.323471069336,nan,nan,0.0,0.0,0.0
hybrid_noon2,0.0,80.0,0.5,1.0,rayleigh,1.0,0.028130814138268814,0.2138907659724164,532.0,810.0,809.0,0.405,0.85,0.02391119201752849,80000.0,40000.0,39998.89549255371,0.31151486720981825,0.2832930926528425,0.4362578709416996,13.188048836173419,11.99327394650439,18.469070701749292,noon2,simple,0.6,0.12833445958344983,30000.0,15000.0,1.0,1e-06,1.0,1.0,0.0,0.0,0.0,0.0,0.0,0,1.5,psi4,0,64.5222403252258,79.78676508330491,545.2659088492186,65.28878834588032,80.77960269043088,558.5888395514285,0.7665480206545255,0.992837607125958,13.322930702209904,13.239084859333692,-4.7593001970403765,-4.7593001970403765,14999.323471069336,0.08956071990378651,2.886441334110155,0.0,0.0,0.0
classical,0.0,80.0,0.5,1.0,rayleigh,1.0,0.028130814138268814,0.2138907659724164,532.0,810.0,809.0,655.2899999999507,0.85,0.02391119201752849,80000.0,40000.0,40000.98078918457,0.31295745577787415,0.28224649517218886,0.43579095058896344,13.249121133160171,11.948966017286425,18.449303528292557,-,simple,0.6,0.12833445958344983,30000.0,15000.0,1.0,1e-06,1.0,1.0,0.0,0.0,0.0,0.0,0.0,0,1.5,psi4,1,63.45540927048641,79.93200411533286,560.8268298638247,64.46107718677331,81.12740030303993,589.3477782817641,1.0056679162868893,1.1953961877070793,28.520948417939387,13.51651472362051,3.2705043673423413,3.2705043673423413,,,,,,
quant_diff,0.0,80.0,0.5,1.0,rayleigh,1.0,0.028130814138268814,0.2138907659724164,532.0,810.0,809.0,655.2899999999507,0.85,0.02391119201752849,80000.0,40000.0,40000.98078918457,0.0904002569440776,0.08966846198227604,0.10132696478597834,4714.040846860783,4675.880431635486,5283.828465056359,diff,simple,0.6,0.12833445958344983,30000.0,15000.0,1.0,1e-06,1.0,1.0,0.0,0.0,0.0,0.0,0.0,0,1.5,psi4,1,63.45540927048641,79.93200411533286,560.8268298638247,3740.870986406362,4685.4967170450545,36319.39139831182,3677.4155771358755,4605.564712929721,35758.564568448,4683.948431083697,66.34350729464937,66.34350729464937,15000.670333862305,nan,nan,0.0,0.0,0.0
hybrid_diff,0.0,80.0,0.5,1.0,rayleigh,1.0,0.028130814138268814,0.2138907659724164,532.0,810.0,809.0,655.2899999999507,0.85,0.02391119201752849,80000.0,40000.0,40000.98078918457,0.31295745577787415,0.28224649517218886,0.43579095058896344,13.249121133160171,11.948966017286425,18.449303528292557,diff,simple,0.6,0.12833445958344983,30000.0,15000.0,1.0,1e-06,1.0,1.0,0.0,0.0,0.0,0.0,0.0,0,1.5,psi4,1,63.45540927048641,79.93200411533286,560.8268298638247,705.5174199193452,890.0140462157798,7916.308223748459,642.0620106488587,810.082042100447,7355.481393884634,883.293022406239,12.552412330692354,12.552412330692354,15000.670333862305,0.08966846198227604,4675.880431635486,0.0,0.0,0.0
quant_noon2,0.0,80.0,0.5,1.0,rayleigh,1.0,0.028130814138268814,0.2138907659724164,532.0,810.0,809.0,0.405,0.85,0.02391119201752849,80000.0,40000.0,40000.98078918457,0.09028593244734039,0.08961087666130313,0.10113497649085569,2.9098141192326716,2.888057830027522,3.2594666141704685,noon2,simple,0.6,0.12833445958344983,30000.0,15000.0,1.0,1e-06,1.0,1.0,0.0,0.0,0.0,0.0,0.0,0,1.5,psi4,1,63.45540927048641,79.93200411533286,560.8268298638247,63.49670466801316,79.94795883555264,559.1627826902989,0.041295397526741585,0.015954720219776994,-1.6640471735258622,2.9256711577362022,3.851765306105635,3.851765306105635,15000.584350585938,nan,nan,0.0,0.0,0.0
hybrid_noon2,0.0,80.0,0.5,1.0,rayleigh,1.0,0.028130814138268814,0.2138907659724164,532.0,810.0,809.0,0.405,0.85,0.02391119201752849,80000.0,40000.0,40000.98078918457,0.31295745577787415,0.28224649517218886,0.43579095058896344,13.249121133160171,11.948966017286425,18.449303528292557,noon2,simple,0.6,0.12833445958344983,30000.0,15000.0,1.0,1e-06,1.0,1.0,0.0,0.0,0.0,0.0,0.0,0,1.5,psi4,1,63.45540927048641,79.93200411533286,560.8268298638247,64.46107718677331,81.12740030303993,589.3477782817641,1.0056679162868893,1.1953961877070793,28.520948417939387,13.51651472362051,3.2705043673424163,3.2705043673424163,15000.584350585938,0.08961087666130313,2.888057830027522,0.0,0.0,0.0
classical,0.0,80.0,0.5,1.0,rayleigh,1.0,0.028130814138268814,0.2138907659724164,532.0,810.0,809.0,655.2899999999507,0.85,0.02391119201752849,80000.0,40000.0,39999.92253112793,0.31426399852372555,0.28320364662093755,0.44122206854327906,13.304433901032759,11.989487229525103,18.67923107383179,-,simple,0.6,0.12833445958344983,30000.0,15000.0,1.0,1e-06,1.0,1.0,0.0,0.0,0.0,0.0,0.0,0,1.5,psi4,2,64.34518646245138,79.68847520541914,509.18388229070416,65.07428909855831,80.54449164026357,541.9264818136197,0.729102636106939,0.8560164348444239,32.74259952291554,13.316665933450192,8.002535479288252,8.002535479288252,,,,,,
quant_diff,0.0,80.0,0.5,1.0,rayleigh,1.0,0.028130814138268814,0.2138907659724164,532.0,810.0,809.0,655.2899999999507,0.85,0.02391119201752849,80000.0,40000.0,39999.92253112793,0.09035816432623621,0.08962718604356898,0.10115574239557266,4711.845871685232,4673.728043272498,5274.899847267487,diff,simple,0.6,0.12833445958344983,30000.0,15000.0,1.0,1e-06,1.0,1.0,0.0,0.0,0.0,0.0,0.0,0,1.5,psi4,2,64.34518646245138,79.68847520541914,509.18388229070416,3714.3561844205406,4687.696417951371,38555.23306635597,3650.0109979580893,4608.007942745951,38046.04918406526,4686.800201138767,0.0,0.0,14999.971084594727,nan,nan,0.0,0.0,0.0
hybrid_diff,0.0,80.0,0.5,1.0,rayleigh,1.0,0.028130814138268814,0.2138907659724164,532.0,810.0,809.0,655.2899999999507,0.85,0.02391119201752849,80000.0,40000.0,39999.92253112793,0.31426399852372555,0.28320364662093755,0.44122206854327906,13.304433901032759,11.989487229525103,18.67923107383179,diff,simple,0.6,0.12833445958344983,30000.0,15000.0,1.0,1e-06,1.0,1.0,0.0,0.0,0.0,0.0,0.0,0,1.5,psi4,2,64.34518646245138,79.68847520541914,509.18388229070416,717.117231649048,899.7291378650967,7045.663856859659,652.7720451865966,820.0406626596777,6536.479974568955,895.7764226132339,22.20222177518889,22.20222177518889,14999.971084594727,0.08962718604356898,4673.728043272498,0.0,0.0,0.0
quant_noon2,0.0,80.0,0.5,1.0,rayleigh,1.0,0.028130814138268814,0.2138907659724164,532.0,810.0,809.0,0.405,0.85,0.02391119201752849,80000.0,40000.0,39999.92253112793,0.09034918404278759,0.08969971578409913,0.10111733082233514,2.9118526470576303,2.8909210150979407,3.2588979141082035,noon2,simple,0.6,0.12833445958344983,30000.0,15000.0,1.0,1e-06,1.0,1.0,0.0,0.0,0.0,0.0,0.0,0,1.5,psi4,2,64.34518646245138,79.68847520541914,509.18388229070416,64.3798036177567,79.73944311456752,508.48407514918284,0.03461715530533085,0.05096790914837897,-0.6998071415212996,2.9206128499625725,7.426977381816948,7.426977381816948,15000.005111694336,nan,nan,0.0,0.0,0.0
hybrid_noon2,0.0,80.0,0.5,1.0,rayleigh,1.0,0.028130814138268814,0.2138907659724164,532.0,810.0,809.0,0.405,0.85,0.02391119201752849,80000.0,40000.0,39999.92253112793,0.31426399852372555,0.28320364662093755,0.44122206854327906,13.304433901032759,11.989487229525103,18.67923107383179,noon2,simple,0.6,0.12833445958344983,30000.0,15000.0,1.0,1e-06,1.0,1.0,0.0,0.0,0.0,0.0,0.0,0,1.5,psi4,2,64.34518646245138,79.68847520541914,509.18388229070416,65.0742890985583,80.54449164026357,541.9264818136196,0.7291026361069258,0.8560164348444239,32.74259952291544,13.31666593345019,8.002535479288236,8.002535479288236,15000.005111694336,0.08969971578409913,2.8909210150979407,0.0,0.0,0.0
classical,0.0,80.0,0.5,1.0,rayleigh,1.0,0.028130814138268814,0.2138907659724164,532.0,810.0,809.0,655.2899999999507,0.85,0.02391119201752849,80000.0,40000.0,39999.25802612305,0.3131250478418882,0.2836884953483315,0.43824154535323084,13.256216179199445,12.010013404575108,18.553049984178596,-,simple,0.6,0.12833445958344983,30000.0,15000.0,1.0,1e-06,1.0,1.0,0.0,0.0,0.0,0.0,0.0,0,1.5,psi4,3,64.69882142805872,79.9962728428014,496.99731553182613,65.62197424804786,81.17725878986543,559.7671567511527,0.9231528199891538,1.180985947064032,62.769841219326615,13.324478514749002,1.9031568502000007,1.9031568502000007,,,,,,
quant_diff,0.0,80.0,0.5,1.0,rayleigh,1.0,0.028130814138268814,0.2138907659724164,532.0,810.0,809.0,655.2899999999507,0.85,0.02391119201752849,80000.0,40000.0,39999.25802612305,0.09027869232891282,0.08949201799141437,0.10124888650793758,4707.701699376123,4666.6795265913825,5279.756970080804,diff,simple,0.6,0.12833445958344983,30000.0,15000.0,1.0,1e-06,1.0,1.0,0.0,0.0,0.0,0.0,0.0,0,1.5,psi4,3,64.69882142805872,79.9962728428014,496.99731553182613,3779.8257078161164,4735.1871378580145,40480.191595936696,3715.1268863880578,4655.190865015213,39983.194280404874,4734.632728564571,7.968135426655057,7.968135426655057,14999.571319580078,nan,nan,0.0,0.0,0.0
hybrid_diff,0.0,80.0,0.5,1.0,rayleigh,1.0,0.028130814138268814,0.2138907659724164,532.0,810.0,809.0,655.2899999999507,0.85,0.02391119201752849,80000.0,40000.0,39999.25802612305,0.3131250478418882,0.2836884953483315,0.43824154535323084,13.256216179199445,12.010013404575108,18.553049984178596,diff,simple,0.6,0.12833445958344983,30000.0,15000.0,1.0,1e-06,1.0,1.0,0.0,0.0,0.0,0.0,0.0,0,1.5,psi4,3,64.69882142805872,79.9962728428014,496.99731553182613,729.5457256275595,917.3023014933835,7782.4958541878805,664.8469041995007,837.3060286505821,7285.498538656055,914.5777302716249,46.71771119069289,46.71771119069289,14999.571319580078,0.08949201799141437,4666.6795265913825,0.0,0.0,0.0
quant_noon2,0.0,80.0,0.5,1.0,rayleigh,1.0,0.028130814138268814,0.2138907659724164,532.0,810.0,809.0,0.405,0.85,0.02391119201752849,80000.0,40000.0,39999.25802612305,0.09015518472513973,0.08948546887192185,0.10087131491768613,2.9056002671097074,2.8840160779371145,3.2509690980291204,noon2,simple,0.6,0.12833445958344983,30000.0,15000.0,1.0,1e-06,1.0,1.0,0.0,0.0,0.0,0.0,0.0,0,1.5,psi4,3,64.69882142805872,79.9962728428014,496.99731553182613,64.71751443113138,80.02914799675737,498.02981580213594,0.018693003072658122,0.03287515395597484,1.032500270309832,2.9565877395577753,2.8917033857351564,2.8917033857351564,14999.595489501953,nan,nan,0.0,0.0,0.0
hybrid_noon2,0.0,80.0,0.5,1.0,rayleigh,1.0,0.028130814138268814,0.2138907659724164,532.0,810.0,809.0,0.405,0.85,0.02391119201752849,80000.0,40000.0,39999.25802612305,0.3131250478418882,0.2836884953483315,0.43824154535323084,13.256216179199445,12.010013404575108,18.553049984178596,noon2,simple,0.6,0.12833445958344983,30000.0,15000.0,1.0,1e-06,1.0,1.0,0.0,0.0,0.0,0.0,0.0,0,1.5,psi4,3,64.69882142805872,79.9962728428014,496.99731553182613,65.63235869054657,81.1947604724305,559.7609492041718,0.933537262487849,1.1984876296291052,62.7636336723457,13.38200603462945,1.862819508737729,1.862819508737729,14999.595489501953,0.08948546887192185,2.8840160779371145,0.0,0.0,0.0
classical,0.0,80.0,0.5,1.0,rayleigh,1.0,0.028130814138268814,0.2138907659724164,532.0,810.0,809.0,655.2899999999507,0.85,0.02391119201752849,80000.0,40000.0,40001.080139160156,0.3149049305938779,0.2849542113172504,0.4420387266098074,13.331567897934892,12.063597762074114,18.713804468547412,-,simple,0.6,0.12833445958344983,30000.0,15000.0,1.0,1e-06,1.0,1.0,0.0,0.0,0.0,0.0,0.0,0,1.5,psi4,4,64.64017692465141,79.88821086621266,496.3154119796947,65.48330405874714,81.46986204150087,640.3699682226659,0.8431271340957186,1.5816511752882128,144.0545562429711,15.565361776830247,-15.334083481856016,-15.334083481856016,,,,,,
quant_diff,0.0,80.0,0.5,1.0,rayleigh,1.0,0.028130814138268814,0.2138907659724164,532.0,810.0,809.0,655.2899999999507,0.85,0.02391119201752849,80000.0,40000.0,40001.080139160156,0.09031954627107991,0.08949275786266533,0.10134312030752769,4709.832082171937,4666.718108155377,5284.670916074315,diff,simple,0.6,0.12833445958344983,30000.0,15000.0,1.0,1e-06,1.0,1.0,0.0,0.0,0.0,0.0,0.0,0,1.5,psi4,4,64.64017692465141,79.88821086621266,496.3154119796947,3734.9218740233,4678.727913847847,38730.60366452653,3670.2816970986487,4598.839702981634,38234.28825254683,4678.1398231773655,81.47040291858309,81.47040291858309,15000.56916809082,nan,nan,0.0,0.0,0.0
hybrid_diff,0.0,80.0,0.5,1.0,rayleigh,1.0,0.028130814138268814,0.2138907659724164,532.0,810.0,809.0,655.2899999999507,0.85,0.02391119201752849,80000.0,40000.0,40001.080139160156,0.3149049305938779,0.2849542113172504,0.4420387266098074,13.331567897934892,12.063597762074114,18.713804468547412,diff,simple,0.6,0.12833445958344983,30000.0,15000.0,1.0,1e-06,1.0,1.0,0.0,0.0,0.0,0.0,0.0,0,1.5,psi4,4,64.64017692465141,79.88821086621266,496.3154119796947,690.2790136847796,873.7064983954401,6651.342745930661,625.6388367601281,793.8182875292275,6155.027333950966,870.7751661723103,67.5843169824309,67.5843169824309,15000.56916809082,0.08949275786266533,4666.718108155377,0.0,0.0,0.0
quant_noon2,0.0,80.0,0.5,1.0,rayleigh,1.0,0.028130814138268814,0.2138907659724164,532.0,810.0,809.0,0.405,0.85,0.02391119201752849,80000.0,40000.0,40001.080139160156,0.09028221036182739,0.08956174611235715,0.10105578576031833,2.9096941606003006,2.886474407658904,3.256914385937522,noon2,simple,0.6,0.12833445958344983,30000.0,15000.0,1.0,1e-06,1.0,1.0,0.0,0.0,0.0,0.0,0.0,0,1.5,psi4,4,64.64017692465141,79.88821086621266,496.3154119796947,64.66997544633588,79.95190673208089,504.0116845410893,0.02979852168447149,0.06369586586823212,7.696272561394563,2.9244069122409377,-17.213638763818647,-17.213638763818647,15000.548583984375,nan,nan,0.0,0.0,0.0
hybrid_noon2,0.0,80.0,0.5,1.0,rayleigh,1.0,0.028130814138268814,0.2138907659724164,532.0,810.0,809.0,0.405,0.85,0.02391119201752849,80000.0,40000.0,40001.080139160156,0.3149049305938779,0.2849542113172504,0.4420387266098074,13.331567897934892,12.063597762074114,18.713804468547412,noon2,simple,0.6,0.12833445958344983,30000.0,15000.0,1.0,1e-06,1.0,1.0,0.0,0.0,0.0,0.0,0.0,0,1.5,psi4,4,64.64017692465141,79.88821086621266,496.3154119796947,65.23582032311461,80.83252784821912,543.6552439989435,0.5956433984632007,0.9443169820064495,47.339832019248846,13.296100403090616,-15.334083481856073,-15.334083481856073,15000.548583984375,0.08956174611235715,2.886474407658904,0.0,0.0,0.0
classical,0.0,80.0,0.5,1.0,rayleigh,1.0,0.028130814138268814,0.2138907659724164,532.0,810.0,809.0,655.2899999999507,0.85,0.02391119201752849,80000.0,40000.0,40000.104568481445,0.31329456699633706,0.2848197506690946,0.4367322056222565,13.263392809026339,12.057905341643895,18.489151762367378,-,simple,0.6,0.12833445958344983,30000.0,15000.0,1.0,1e-06,1.0,1.0,0.0,0.0,0.0,0.0,0.0,0,1.5,psi4,5,63.83196241206738,78.72142622258168,497.24798357818315,64.88409111998656,80.10518707693382,534.377261371036,1.0521287079191837,1.3837608543521298,37.12927779285273,16.075496823752875,-16.24674802025173,-16.24674802025173,,,,,,
quant_diff,0.0,80.0,0.5,1.0,rayleigh,1.0,0.028130814138268814,0.2138907659724164,532.0,810.0,809.0,655.2899999999507,0.85,0.02391119201752849,80000.0,40000.0,40000.104568481445,0.09038423121435371,0.08961645740772606,0.1011549543334294,4713.205164009063,4673.168584380406,5274.858752725738,diff,simple,0.6,0.12833445958344983,30000.0,15000.0,1.0,1e-06,1.0,1.0,0.0,0.0,0.0,0.0,0.0,0,1.5,psi4,5,63.83196241206738,78.72142622258168,497.24798357818315,3719.770879544406,4660.717036678397,36673.99041566,3655.9389171323382,4581.995610455815,36176.74243208182,4661.198753807352,55.080383186706214,55.080383186706214,15000.083862304688,nan,nan,0.0,0.0,0.0
hybrid_diff,0.0,80.0,0.5,1.0,rayleigh,1.0,0.028130814138268814,0.2138907659724164,532.0,810.0,809.0,655.2899999999507,0.85,0.02391119201752849,80000.0,40000.0,40000.104568481445,0.31329456699633706,0.2848197506690946,0.4367322056222565,13.263392809026339,12.057905341643895,18.489151762367378,diff,simple,0.6,0.12833445958344983,30000.0,15000.0,1.0,1e-06,1.0,1.0,0.0,0.0,0.0,0.0,0.0,0,1.5,psi4,5,63.83196241206738,78.72142622258168,497.24798357818315,722.4698328036618,909.3886680482193,7299.037324386082,658.6378703915944,830.6672418256376,6801.789340807899,911.7341406827342,19.184291533095383,19.184291533095383,15000.083862304688,0.08961645740772606,4673.168584380406,0.0,0.0,0.0
quant_noon2,0.0,80.0,0.5,1.0,rayleigh,1.0,0.028130814138268814,0.2138907659724164,532.0,810.0,809.0,0.405,0.85,0.02391119201752849,80000.0,40000.0,40000.104568481445,0.09038303581993903,0.08961279085413397,0.10135829591123476,2.9129436517850147,2.8881195223108618,3.266663948072922,noon2,simple,0.6,0.12833445958344983,30000.0,15000.0,1.0,1e-06,1.0,1.0,0.0,0.0,0.0,0.0,0.0,0,1.5,psi4,5,63.83196241206738,78.72142622258168,497.24798357818315,63.90899780339334,78.77714044831929,496.4116155842921,0.07703539132596836,0.05571422573760782,-0.836367993891046,2.8819648071426736,-16.27161326111913,-16.27161326111913,15000.040130615234,nan,nan,0.0,0.0,0.0
hybrid_noon2,0.0,80.0,0.5,1.0,rayleigh,1.0,0.028130814138268814,0.2138907659724164,532.0,810.0,809.0,0.405,0.85,0.02391119201752849,80000.0,40000.0,40000.104568481445,0.31329456699633706,0.2848197506690946,0.4367322056222565,13.263392809026339,12.057905341643895,18.489151762367378,noon2,simple,0.6,0.12833445958344983,30000.0,15000.0,1.0,1e-06,1.0,1.0,0.0,0.0,0.0,0.0,0.0,0,1.5,psi4,5,63.83196241206738,78.72142622258168,497.24798357818315,64.69555766542024,79.77126358211979,521.4882227470213,0.863595253352862,1.049837359538107,24.2402391688381,13.1944733489302,-16.6900256251188,-16.6900256251188,15000.040130615234,0.08961279085413397,2.8881195223108618,0.0,0.0,0.0
classical,0.0,80.0,0.5,1.0,rayleigh,1.0,0.028130814138268814,0.2138907659724164,532.0,810.0,809.0,655.2899999999507,0.85,0.02391119201752849,80000.0,40000.0,39999.38731384277,0.31537573555985654,0.2849131974172032,0.4405901532202398,13.351499527327901,12.061861429803269,18.65247880285605,-,simple,0.6,0.12833445958344983,30000.0,15000.0,1.0,1e-06,1.0,1.0,0.0,0.0,0.0,0.0,0.0,0,1.5,psi4,6,64.00824378958805,79.81191698851954,520.6375093880803,64.98756960835553,81.02474714308114,533.391108360055,0.9793258187674705,1.2128301545616003,12.753598971974787,13.375855542771793,-3.6160672853104288,-3.6160672853104288,,,,,,
quant_diff,0.0,80.0,0.5,1.0,rayleigh,1.0,0.028130814138268814,0.2138907659724164,532.0,810.0,809.0,655.2899999999507,0.85,0.02391119201752849,80000.0,40000.0,39999.38731384277,0.09038251515456927,0.08963587195892758,0.10125001001222494,4713.115677804124,4674.180981805826,5279.815556696388,diff,simple,0.6,0.12833445958344983,30000.0,15000.0,1.0,1e-06,1.0,1.0,0.0,0.0,0.0,0.0,0.0,0,1.5,psi4,6,64.00824378958805,79.81191698851954,520.6375093880803,3776.458011680188,4726.820737565796,38738.58213387278,3712.4497678906,4647.008820577275,38217.9446244847,4726.247760380535,-4.964745759483006,-4.964745759483006,14999.575927734375,nan,nan,0.0,0.0,0.0
hybrid_diff,0.0,80.0,0.5,1.0,rayleigh,1.0,0.028130814138268814,0.2138907659724164,532.0,810.0,809.0,655.2899999999507,0.85,0.02391119201752849,80000.0,40000.0,39999.38731384277,0.31537573555985654,0.2849131974172032,0.4405901532202398,13.351499527327901,12.061861429803269,18.65247880285605,diff,simple,0.6,0.12833445958344983,30000.0,15000.0,1.0,1e-06,1.0,1.0,0.0,0.0,0.0,0.0,0.0,0,1.5,psi4,6,64.00824378958805,79.81191698851954,520.6375093880803,746.3598996281713,936.2647193048867,8517.932468258348,682.3516558385833,856.4528023163672,7997.294958870268,933.8685904119691,56.95697045393869,56.95697045393869,14999.575927734375,0.08963587195892758,4674.180981805826,0.0,0.0,0.0
quant_noon2,0.0,80.0,0.5,1.0,rayleigh,1.0,0.028130814138268814,0.2138907659724164,532.0,810.0,809.0,0.405,0.85,0.02391119201752849,80000.0,40000.0,39999.38731384277,0.09040389598704592,0.08965602661839078,0.10123280188771246,2.913615951523544,2.8895129623948264,3.2626194167530786,noon2,simple,0.6,0.12833445958344983,30000.0,15000.0,1.0,1e-06,1.0,1.0,0.0,0.0,0.0,0.0,0.0,0,1.5,psi4,6,64.00824378958805,79.81191698851954,520.6375093880803,64.03978062816049,79.8569521023505,529.8798422162756,0.03153683857243232,0.04503511383096377,9.242332828195343,2.9405494787886703,-3.4324730480112624,-3.4324730480112624,14999.53140258789,nan,nan,0.0,0.0,0.0
hybrid_noon2,0.0,80.0,0.5,1.0,rayleigh,1.0,0.028130814138268814,0.2138907659724164,532.0,810.0,809.0,0.405,0.85,0.02391119201752849,80000.0,40000.0,39999.38731384277,0.31537573555985654,0.2849131974172032,0.4405901532202398,13.351499527327901,12.061861429803269,18.65247880285605,noon2,simple,0.6,0.12833445958344983,30000.0,15000.0,1.0,1e-06,1.0,1.0,0.0,0.0,0.0,0.0,0.0,0,1.5,psi4,6,64.00824378958805,79.81191698851954,520.6375093880803,64.98756960835553,81.02474714308114,533.391108360055,0.9793258187674705,1.2128301545616003,12.753598971974787,13.375855542771793,-3.6160672853104607,-3.6160672853104607,14999.53140258789,0.08965602661839078,2.8895129623948264,0.0,0.0,0.0
classical,0.0,80.0,0.5,1.0,rayleigh,1.0,0.028130814138268814,0.2138907659724164,532.0,810.0,809.0,655.2899999999507,0.85,0.02391119201752849,80000.0,40000.0,40000.29634094238,0.3133996281287771,0.2828152482068878,0.4373642789116384,13.267840594641877,11.973044299214074,18.51591072088217,-,simple,0.6,0.12833445958344983,30000.0,15000.0,1.0,1e-06,1.0,1.0,0.0,0.0,0.0,0.0,0.0,0,1.5,psi4,7,64.103334789993,79.63279081774465,493.21196767035946,66.19570702767112,83.02543500582705,640.9449343103688,2.0923722376781226,3.392644188082397,147.73296664000932,22.666114020423397,-6.578302788973211,-6.578302788973211,,,,,,
quant_diff,0.0,80.0,0.5,1.0,rayleigh,1.0,0.028130814138268814,0.2138907659724164,532.0,810.0,809.0,655.2899999999507,0.85,0.02391119201752849,80000.0,40000.0,40000.29634094238,0.09027048201855858,0.08952636050225943,0.10111496178382708,4707.273561894177,4668.470362197164,5272.773288383395,diff,simple,0.6,0.12833445958344983,30000.0,15000.0,1.0,1e-06,1.0,1.0,0.0,0.0,0.0,0.0,0.0,0,1.5,psi4,7,64.103334789993,79.63279081774465,493.21196767035946,3728.0501345905677,4674.459183880156,37106.66964772565,3663.946799800575,4594.826393062411,36613.45768005529,4673.517875097405,-136.6625269398769,-136.6625269398769,15000.17367553711,nan,nan,0.0,0.0,0.0
hybrid_diff,0.0,80.0,0.5,1.0,rayleigh,1.0,0.028130814138268814,0.2138907659724164,532.0,810.0,809.0,655.2899999999507,0.85,0.02391119201752849,80000.0,40000.0,40000.29634094238,0.3133996281287771,0.2828152482068878,0.4373642789116384,13.267840594641877,11.973044299214074,18.51591072088217,diff,simple,0.6,0.12833445958344983,30000.0,15000.0,1.0,1e-06,1.0,1.0,0.0,0.0,0.0,0.0,0.0,0,1.5,psi4,7,64.103334789993,79.63279081774465,493.21196767035946,714.4448862070938,903.4054057578601,6859.132059955002,650.3415514171008,823.7726149401154,6365.920092284643,899.7806474250875,-37.85329172373683,-37.85329172373683,15000.17367553711,0.08952636050225943,4668.470362197164,0.0,0.0,0.0
quant_noon2,0.0,80.0,0.5,1.0,rayleigh,1.0,0.028130814138268814,0.2138907659724164,532.0,810.0,809.0,0.405,0.85,0.02391119201752849,80000.0,40000.0,40000.29634094238,0.09035484932084233,0.08950709487560318,0.10133369875461104,2.9120352326014265,2.8847130597276194,3.2658712093627313,noon2,simple,0.6,0.12833445958344983,30000.0,15000.0,1.0,1e-06,1.0,1.0,0.0,0.0,0.0,0.0,0.0,0,1.5,psi4,7,64.103334789993,79.63279081774465,493.21196767035946,64.1208083352712,79.68862011215903,494.83398586914893,0.01747354527820226,0.05582929441437108,1.6220181987894728,2.871293690333129,-7.873520457422411,-7.873520457422411,15000.198791503906,nan,nan,0.0,0.0,0.0
hybrid_noon2,0.0,80.0,0.5,1.0,rayleigh,1.0,0.028130814138268814,0.2138907659724164,532.0,810.0,809.0,0.405,0.85,0.02391119201752849,80000.0,40000.0,40000.29634094238,0.3133996281287771,0.2828152482068878,0.4373642789116384,13.267840594641877,11.973044299214074,18.51591072088217,noon2,simple,0.6,0.12833445958344983,30000.0,15000.0,1.0,1e-06,1.0,1.0,0.0,0.0,0.0,0.0,0.0,0,1.5,psi4,7,64.103334789993,79.63279081774465,493.21196767035946,65.0202603398202,80.70223867793761,518.0014092922588,0.9169255498271915,1.0694478601929553,24.789441621899407,13.12526781153212,-7.2932070696842795,-7.2932070696842795,15000.198791503906,0.08950709487560318,2.8847130597276194,0.0,0.0,0.0
classical,0.0,80.0,0.5,1.0,rayleigh,1.0,0.028130814138268814,0.2138907659724164,532.0,810.0,809.0,655.2899999999507,0.85,0.02391119201752849,80000.0,40000.0,39999.31147766113,0.31355984374775203,0.2842763980720308,0.43853266078582737,13.274623357295502,12.034902392701134,18.565374418567345,-,simple,0.6,0.12833445958344983,30000.0,15000.0,1.0,1e-06,1.0,1.0,0.0,0.0,0.0,0.0,0.0,0,1.5,psi4,8,62.863164559627535,78.96757030862183,543.477455814894,63.749656320539685,80.0204444387686,567.4695281599411,0.8864917609121493,1.05287413014678,23.992072345047067,13.232971828082013,-6.4307660808673335,-6.4307660808673335,,,,,,
quant_diff,0.0,80.0,0.5,1.0,rayleigh,1.0,0.028130814138268814,0.2138907659724164,532.0,810.0,809.0,655.2899999999507,0.85,0.02391119201752849,80000.0,40000.0,39999.31147766113,0.09033747758954434,0.08959557496166037,0.10116666113096426,4710.767134466443,4672.079641637723,5275.469219151727,diff,simple,0.6,0.12833445958344983,30000.0,15000.0,1.0,1e-06,1.0,1.0,0.0,0.0,0.0,0.0,0.0,0,1.5,psi4,8,62.863164559627535,78.96757030862183,543.477455814894,3760.015089006105,4724.947535278685,35164.30168931848,3697.1519244464776,4645.9799649700635,34620.82423350359,4724.532432252019,161.14645906240307,161.14645906240307,14999.572784423828,nan,nan,0.0,0.0,0.0
hybrid_diff,0.0,80.0,0.5,1.0,rayleigh,1.0,0.028130814138268814,0.2138907659724164,532.0,810.0,809.0,655.2899999999507,0.85,0.02391119201752849,80000.0,40000.0,39999.31147766113,0.31355984374775203,0.2842763980720308,0.43853266078582737,13.274623357295502,12.034902392701134,18.565374418567345,diff,simple,0.6,0.12833445958344983,30000.0,15000.0,1.0,1e-06,1.0,1.0,0.0,0.0,0.0,0.0,0.0,0,1.5,psi4,8,62.863164559627535,78.96757030862183,543.477455814894,729.100729994297,917.6653197455846,7201.014987353527,666.2375654346695,838.6977494369628,6657.537531538634,915.9493928622471,13.055054011586899,13.055054011586899,14999.572784423828,0.08959557496166037,4672.079641637723,0.0,0.0,0.0
quant_noon2,0.0,80.0,0.5,1.0,rayleigh,1.0,0.028130814138268814,0.2138907659724164,532.0,810.0,809.0,0.405,0.85,0.02391119201752849,80000.0,40000.0,39999.31147766113,0.09026261670221498,0.08956756914241992,0.1010162119730218,2.9090626789747347,2.886662077372602,3.2556389672548374,noon2,simple,0.6,0.12833445958344983,30000.0,15000.0,1.0,1e-06,1.0,1.0,0.0,0.0,0.0,0.0,0.0,0,1.5,psi4,8,62.863164559627535,78.96757030862183,543.477455814894,62.900759000609575,79.02221738103074,547.3578814411314,0.03759444098204123,0.05464707240891537,3.88042562623741,2.9248748684013384,-6.425589997050696,-6.425589997050696,14999.602096557617,nan,nan,0.0,0.0,0.0
hybrid_noon2,0.0,80.0,0.5,1.0,rayleigh,1.0,0.028130814138268814,0.2138907659724164,532.0,810.0,809.0,0.405,0.85,0.02391119201752849,80000.0,40000.0,39999.31147766113,0.31355984374775203,0.2842763980720308,0.43853266078582737,13.274623357295502,12.034902392701134,18.565374418567345,noon2,simple,0.6,0.12833445958344983,30000.0,15000.0,1.0,1e-06,1.0,1.0,0.0,0.0,0.0,0.0,0.0,0,1.5,psi4,8,62.863164559627535,78.96757030862183,543.477455814894,63.749656320539685,80.0204444387686,567.4695281599411,0.8864917609121493,1.05287413014678,23.992072345047067,13.232971828082013,-6.4307660808673335,-6.4307660808673335,14999.602096557617,0.08956756914241992,2.886662077372602,0.0,0.0,0.0
classical,0.0,80.0,0.5,1.0,rayleigh,1.0,0.028130814138268814,0.2138907659724164,532.0,810.0,809.0,655.2899999999507,0.85,0.02391119201752849,80000.0,40000.0,39999.73930358887,0.3142493119920308,0.2836050718339163,0.44199665536800203,13.303812143557877,12.00648165216776,18.71202337348605,-,simple,0.6,0.12833445958344983,30000.0,15000.0,1.0,1e-06,1.0,1.0,0.0,0.0,0.0,0.0,0.0,0,1.5,psi4,9,63.58644271620053,79.33494372303691,582.1652103988696,64.49873603072449,80.45185082372646,617.4508643928137,0.9122933145239591,1.1169071006895488,35.28565399394409,13.269378755223057,-8.099024063883846,-8.099024063883846,,,,,,
quant_diff,0.0,80.0,0.5,1.0,rayleigh,1.0,0.028130814138268814,0.2138907659724164,532.0,810.0,809.0,655.2899999999507,0.85,0.02391119201752849,80000.0,40000.0,39999.73930358887,0.09038302115924213,0.08963451016079979,0.10136149510193442,4713.142064086389,4674.109969043069,5285.629094007809,diff,simple,0.6,0.12833445958344983,30000.0,15000.0,1.0,1e-06,1.0,1.0,0.0,0.0,0.0,0.0,0.0,0,1.5,psi4,9,63.58644271620053,79.33494372303691,582.1652103988696,3741.146545464257,4697.023446047533,39668.507010071786,3677.5601027480566,4617.688502324496,39086.34179967291,4696.087956436721,71.94859166965618,71.94859166965618,14999.803848266602,nan,nan,0.0,0.0,0.0
hybrid_diff,0.0,80.0,0.5,1.0,rayleigh,1.0,0.028130814138268814,0.2138907659724164,532.0,810.0,809.0,655.2899999999507,0.85,0.02391119201752849,80000.0,40000.0,39999.73930358887,0.3142493119920308,0.2836050718339163,0.44199665536800203,13.303812143557877,12.00648165216776,18.71202337348605,diff,simple,0.6,0.12833445958344983,30000.0,15000.0,1.0,1e-06,1.0,1.0,0.0,0.0,0.0,0.0,0.0,0,1.5,psi4,9,63.58644271620053,79.33494372303691,582.1652103988696,727.8586063956265,919.5965787248299,8384.867620174688,664.272163679426,840.2616350017929,7802.7024097758185,916.1619466266354,50.54380409603221,50.54380409603221,14999.803848266602,0.08963451016079979,4674.109969043069,0.0,0.0,0.0
quant_noon2,0.0,80.0,0.5,1.0,rayleigh,1.0,0.028130814138268814,0.2138907659724164,532.0,810.0,809.0,0.405,0.85,0.02391119201752849,80000.0,40000.0,39999.73930358887,0.09037203426804158,0.08970877345079609,0.10133625648324736,2.9125890841333675,2.89121293351455,3.2659536420817314,noon2,simple,0.6,0.12833445958344983,30000.0,15000.0,1.0,1e-06,1.0,1.0,0.0,0.0,0.0,0.0,0.0,0,1.5,psi4,9,63.58644271620053,79.33494372303691,582.1652103988696,63.64539694850539,79.38556350139028,582.6154257780458,0.058954232304866516,0.05061977835337108,0.4502153791761713,2.911579601474742,-7.185931200919623,-7.185931200919623,14999.803802490234,nan,nan,0.0,0.0,0.0
hybrid_noon2,0.0,80.0,0.5,1.0,rayleigh,1.0,0.028130814138268814,0.2138907659724164,532.0,810.0,809.0,0.405,0.85,0.02391119201752849,80000.0,40000.0,39999.73930358887,0.3142493119920308,0.2836050718339163,0.44199665536800203,13.303812143557877,12.00648165216776,18.71202337348605,noon2,simple,0.6,0.12833445958344983,30000.0,15000.0,1.0,1e-06,1.0,1.0,0.0,0.0,0.0,0.0,0.0,0,1.5,psi4,9,63.58644271620053,79.33494372303691,582.1652103988696,64.49873603072449,80.45185082372646,617.4508643928136,0.9122933145239591,1.1169071006895488,35.28565399394398,13.269378755223057,-8.099024063883874,-8.099024063883874,14999.803802490234,0.08970877345079609,2.89121293351455,0.0,0.0,0.0
classical,0.0,80.0,0.5,0.7,rayleigh,1.0,0.028130814138268814,0.2138907659724164,532.0,810.0,809.0,655.2899999999507,0.85,0.016737834412269944,80000.0,40000.0,39998.86656188965,0.4896315216817565,0.39007391391340007,0.729899992614712,20.72865567382265,16.51386295775834,30.90047301544024,-,simple,0.6,0.08983412170841489,30000.0,15000.0,1.0,1e-06,1.0,1.0,0.0,0.0,0.0,0.0,0.0,0,1.5,psi4,0,64.5222403252258,79.78676508330491,545.2659088492186,85.38825037282515,116.2390102423117,1088.306320737757,20.866010047599353,36.452245159006786,543.0404118885385,87.75746642601615,-2.2713467531214793,-2.2713467531214793,,,,,,
quant_diff,0.0,80.0,0.5,0.7,rayleigh,1.0,0.028130814138268814,0.2138907659724164,532.0,810.0,809.0,655.2899999999507,0.85,0.016737834412269944,80000.0,40000.0,39998.86656188965,0.12942796583277538,0.12737874592121254,0.15177689673040407,6749.192295318761,6642.333015335923,7914.606827273725,diff,simple,0.6,0.08983412170841489,30000.0,15000.0,1.0,1e-06,1.0,1.0,0.0,0.0,0.0,0.0,0.0,0,1.5,psi4,0,64.5222403252258,79.78676508330491,545.2659088492186,5369.006549238357,6758.815949851421,52027.826863917195,5304.484308913131,6679.029184768116,51482.56095506798,6758.011585534864,35.31915242027514,35.31915242027514,14999.351257324219,nan,nan,0.0,0.0,0.0
hybrid_diff,0.0,80.0,0.5,0.7,rayleigh,1.0,0.028130814138268814,0.2138907659724164,532.0,810.0,809.0,655.2899999999507,0.85,0.016737834412269944,80000.0,40000.0,39998.86656188965,0.4896315216817565,0.39007391391340007,0.729899992614712,20.72865567382265,16.51386295775834,30.90047301544024,diff,simple,0.6,0.08983412170841489,30000.0,15000.0,1.0,1e-06,1.0,1.0,0.0,0.0,0.0,0.0,0.0,0,1.5,psi4,0,64.5222403252258,79.78676508330491,545.2659088492186,1029.1517848780236,1291.2923791468615,10395.25305172924,964.6295445527977,1211.5056140635568,9849.987142880022,1287.4306852760355,19.608172664216358,19.608172664216358,14999.351257324219,0.12737874592121254,6642.333015335923,0.0,0.0,0.0
quant_noon2,0.0,80.0,0.5,0.7,rayleigh,1.0,0.028130814138268814,0.2138907659724164,532.0,810.0,809.0,0.405,0.85,0.016737834412269944,80000.0,40000.0,39998.86656188965,0.1295843583922875,0.12744997110374723,0.15233291694209153,4.176358215068669,4.1075693118613215,4.909518687205553,noon2,simple,0.6,0.08983412170841489,30000.0,15000.0,1.0,1e-06,1.0,1.0,0.0,0.0,0.0,0.0,0.0,0,1.5,psi4,0,64.5222403252258,79.78676508330491,545.2659088492186,64.62914998144998,79.94749559981351,546.1897443096924,0.10690965622418079,0.16073051650859177,0.9238354604738174,4.180982578302886,-5.770079235566131,-5.770079235566131,14999.293197631836,nan,nan,0.0,0.0,0.0
hybrid_noon2,0.0,80.0,0.5,0.7,rayleigh,1.0,0.028130814138268814,0.2138907659724164,532.0,810.0,809.0,0.405,0.85,0.016737834412269944,80000.0,40000.0,39998.86656188965,0.4896315216817565,0.39007391391340007,0.729899992614712,20.72865567382265,16.51386295775834,30.90047301544024,noon2,simple,0.6,0.08983412170841489,30000.0,15000.0,1.0,1e-06,1.0,1.0,0.0,0.0,0.0,0.0,0.0,0,1.5,psi4,0,64.5222403252258,79.78676508330491,545.2659088492186,66.38831919374014,82.31435738142198,581.2360874554074,1.8660788685143415,2.5275922981170678,35.97017860618885,21.08130475033141,-4.260498693595403,-4.260498693595403,14999.293197631836,0.12744997110374723,4.1075693118613215,0.0,0.0,0.0
classical,0.0,80.0,0.5,0.7,rayleigh,1.0,0.028130814138268814,0.2138907659724164,532.0,810.0,809.0,655.2899999999507,0.85,0.016737834412269944,80000.0,40000.0,40001.046813964844,0.49044860181751204,0.38935822073000925,0.7325963557843059,20.763246936929697,16.483563933063905,31.014624129572184,-,simple,0.6,0.08983412170841489,30000.0,15000.0,1.0,1e-06,1.0,1.0,0.0,0.0,0.0,0.0,0.0,0,1.5,psi4,1,63.45540927048641,79.93200411533286,560.8268298638247,90.12003280038861,124.10375344496268,1037.310594269314,26.6646235299022,44.17174932962982,476.48376440548924,95.31692343586899,3.298564434210498,3.298564434210498,,,,,,
quant_diff,0.0,80.0,0.5,0.7,rayleigh,1.0,0.028130814138268814,0.2138907659724164,532.0,810.0,809.0,655.2899999999507,0.85,0.016737834412269944,80000.0,40000.0,40001.046813964844,0.12974025692476415,0.12752751299985715,0.1526516678079155,6765.477126949898,6650.090671222153,7960.22292097125,diff,simple,0.6,0.08983412170841489,30000.0,15000.0,1.0,1e-06,1.0,1.0,0.0,0.0,0.0,0.0,0.0,0,1.5,psi4,1,63.45540927048641,79.93200411533286,560.8268298638247,5388.217909712894,6776.4547933628855,55099.694402396024,5324.762500442407,6696.522789247552,54538.867572532195,6775.758479784783,-34.34425260116379,-34.34425260116379,15000.65803527832,nan,nan,0.0,0.0,0.0
hybrid_diff,0.0,80.0,0.5,0.7,rayleigh,1.0,0.028130814138268814,0.2138907659724164,532.0,810.0,809.0,655.2899999999507,0.85,0.016737834412269944,80000.0,40000.0,40001.046813964844,0.49044860181751204,0.38935822073000925,0.7325963557843059,20.763246936929697,16.483563933063905,31.014624129572184,diff,simple,0.6,0.08983412170841489,30000.0,15000.0,1.0,1e-06,1.0,1.0,0.0,0.0,0.0,0.0,0.0,0,1.5,psi4,1,63.45540927048641,79.93200411533286,560.8268298638247,1018.217243206849,1283.3121333992801,11202.10942018154,954.7618339363626,1203.3801292839473,10641.282590317714,1279.8289290237826,-27.751325663725805,-27.751325663725805,15000.65803527832,0.12752751299985715,6650.090671222153,0.0,0.0,0.0
quant_noon2,0.0,80.0,0.5,0.7,rayleigh,1.0,0.028130814138268814,0.2138907659724164,532.0,810.0,809.0,0.405,0.85,0.016737834412269944,80000.0,40000.0,40001.046813964844,0.1295969368545462,0.12736015588959318,0.15244803116018327,4.176763604768775,4.104674668463582,4.9132286890635175,noon2,simple,0.6,0.08983412170841489,30000.0,15000.0,1.0,1e-06,1.0,1.0,0.0,0.0,0.0,0.0,0.0,0,1.5,psi4,1,63.45540927048641,79.93200411533286,560.8268298638247,63.54966684827847,80.05351729050274,562.0137077471927,0.09425757779205686,0.12151317516988068,1.186877883367934,4.136904393967006,3.4280502708365015,3.4280502708365015,15000.289794921875,nan,nan,0.0,0.0,0.0
hybrid_noon2,0.0,80.0,0.5,0.7,rayleigh,1.0,0.028130814138268814,0.2138907659724164,532.0,810.0,809.0,0.405,0.85,0.016737834412269944,80000.0,40000.0,40001.046813964844,0.49044860181751204,0.38935822073000925,0.7325963557843059,20.763246936929697,16.483563933063905,31.014624129572184,noon2,simple,0.6,0.08983412170841489,30000.0,15000.0,1.0,1e-06,1.0,1.0,0.0,0.0,0.0,0.0,0.0,0,1.5,psi4,1,63.45540927048641,79.93200411533286,560.8268298638247,65.55351446832935,82.4682119211456,638.1534804892835,2.0981051978429353,2.5362078058127375,77.32665062545875,21.141413155076343,3.028421384545288,3.028421384545288,15000.289794921875,0.12736015588959318,4.104674668463582,0.0,0.0,0.0
classical,0.0,80.0,0.5,0.7,rayleigh,1.0,0.028130814138268814,0.2138907659724164,532.0,810.0,809.0,655.2899999999507,0.85,0.016737834412269944,80000.0,40000.0,39999.86798095703,0.48110060474658756,0.3874721517732963,0.7273239982267903,20.36749747239861,16.403716798536074,30.791417739543125,-,simple,0.6,0.08983412170841489,30000.0,15000.0,1.0,1e-06,1.0,1.0,0.0,0.0,0.0,0.0,0.0,0,1.5,psi4,2,64.34518646245138,79.68847520541914,509.18388229070416,82.26415334653919,111.46080975535502,1004.6158994445441,17.91896688408782,31.772334549935874,495.43201715384,79.05747435494132,9.361786117589922,9.361786117589922,,,,,,
quant_diff,0.0,80.0,0.5,0.7,rayleigh,1.0,0.028130814138268814,0.2138907659724164,532.0,810.0,809.0,655.2899999999507,0.85,0.016737834412269944,80000.0,40000.0,39999.86798095703,0.12973314258902785,0.12748849981557825,0.15240058063216305,6765.106140512547,6648.0562771786645,7947.129648422785,diff,simple,0.6,0.08983412170841489,30000.0,15000.0,1.0,1e-06,1.0,1.0,0.0,0.0,0.0,0.0,0.0,0,1.5,psi4,2,64.34518646245138,79.68847520541914,509.18388229070416,5366.698428573043,6750.610467785125,55072.442412580196,5302.353242110592,6670.921992579706,54563.25853028949,6750.032657002948,120.10341783551762,120.10341783551762,15000.736022949219,nan,nan,0.0,0.0,0.0
hybrid_diff,0.0,80.0,0.5,0.7,rayleigh,1.0,0.028130814138268814,0.2138907659724164,532.0,810.0,809.0,655.2899999999507,0.85,0.016737834412269944,80000.0,40000.0,39999.86798095703,0.48110060474658756,0.3874721517732963,0.7273239982267903,20.36749747239861,16.403716798536074,30.791417739543125,diff,simple,0.6,0.08983412170841489,30000.0,15000.0,1.0,1e-06,1.0,1.0,0.0,0.0,0.0,0.0,0.0,0,1.5,psi4,2,64.34518646245138,79.68847520541914,509.18388229070416,1029.8187479508908,1295.333924549679,9542.9456393879,965.4735614884395,1215.64544934426,9033.761757097196,1292.749420445747,-10.512811741519187,-10.512811741519187,15000.736022949219,0.12748849981557825,6648.0562771786645,0.0,0.0,0.0
quant_noon2,0.0,80.0,0.5,0.7,rayleigh,1.0,0.028130814138268814,0.2138907659724164,532.0,810.0,809.0,0.405,0.85,0.016737834412269944,80000.0,40000.0,39999.86798095703,0.12966015377635304,0.12748063537462448,0.15236459581749187,4.178801015101278,4.108557586844322,4.910539661751892,noon2,simple,0.6,0.08983412170841489,30000.0,15000.0,1.0,1e-06,1.0,1.0,0.0,0.0,0.0,0.0,0.0,0,1.5,psi4,2,64.34518646245138,79.68847520541914,509.18388229070416,64.40163784797568,79.77122516583923,518.5956653923333,0.056451385524311753,0.08274996042007723,9.411783101629169,4.168013018166889,7.251427792500451,7.251427792500451,14999.981185913086,nan,nan,0.0,0.0,0.0
hybrid_noon2,0.0,80.0,0.5,0.7,rayleigh,1.0,0.028130814138268814,0.2138907659724164,532.0,810.0,809.0,0.405,0.85,0.016737834412269944,80000.0,40000.0,39999.86798095703,0.48110060474658756,0.3874721517732963,0.7273239982267903,20.36749747239861,16.403716798536074,30.791417739543125,noon2,simple,0.6,0.08983412170841489,30000.0,15000.0,1.0,1e-06,1.0,1.0,0.0,0.0,0.0,0.0,0.0,0,1.5,psi4,2,64.34518646245138,79.68847520541914,509.18388229070416,66.17616211127125,81.98121791379786,573.7813111205065,1.8309756488198792,2.2927427083787193,64.59742882980237,20.96807498985174,8.941667177533773,8.941667177533773,14999.981185913086,0.12748063537462448,4.108557586844322,0.0,0.0,0.0
classical,0.0,80.0,0.5,0.7,rayleigh,1.0,0.028130814138268814,0.2138907659724164,532.0,810.0,809.0,655.2899999999507,0.85,0.016737834412269944,80000.0,40000.0,39999.28259277344,0.48638752950170294,0.3901763704096929,0.7371198325935083,20.591320567867996,16.518200475542947,31.20612649221505,-,simple,0.6,0.08983412170841489,30000.0,15000.0,1.0,1e-06,1.0,1.0,0.0,0.0,0.0,0.0,0.0,0,1.5,psi4,3,64.69882142805872,79.9962728428014,496.99731553182613,83.44169721236622,111.91911157369823,905.0872279750948,18.742875784307504,31.922838730896824,408.08991244326876,79.78723919535308,2.682352901350659,2.682352901350659,,,,,,
quant_diff,0.0,80.0,0.5,0.7,rayleigh,1.0,0.028130814138268814,0.2138907659724164,532.0,810.0,809.0,655.2899999999507,0.85,0.016737834412269944,80000.0,40000.0,39999.28259277344,0.12948582523832577,0.1272449947419163,0.15239450833740267,6752.209450472517,6635.358383362165,7946.813000589005,diff,simple,0.6,0.08983412170841489,30000.0,15000.0,1.0,1e-06,1.0,1.0,0.0,0.0,0.0,0.0,0.0,0,1.5,psi4,3,64.69882142805872,79.9962728428014,496.99731553182613,5370.599534435739,6757.211954624247,52275.63056776272,5305.900713007681,6677.215681781446,51778.63325223089,6756.501310369136,59.32860466506595,59.32860466506595,14999.570266723633,nan,nan,0.0,0.0,0.0
hybrid_diff,0.0,80.0,0.5,0.7,rayleigh,1.0,0.028130814138268814,0.2138907659724164,532.0,810.0,809.0,655.2899999999507,0.85,0.016737834412269944,80000.0,40000.0,39999.28259277344,0.48638752950170294,0.3901763704096929,0.7371198325935083,20.591320567867996,16.518200475542947,31.20612649221505,diff,simple,0.6,0.08983412170841489,30000.0,15000.0,1.0,1e-06,1.0,1.0,0.0,0.0,0.0,0.0,0.0,0,1.5,psi4,3,64.69882142805872,79.9962728428014,496.99731553182613,1084.3614203755099,1357.492192512508,11848.072126229934,1019.6625989474511,1277.4959196697064,11351.074810698108,1354.5889594419723,70.05701031733376,70.05701031733376,14999.570266723633,0.1272449947419163,6635.358383362165,0.0,0.0,0.0
quant_noon2,0.0,80.0,0.5,0.7,rayleigh,1.0,0.028130814138268814,0.2138907659724164,532.0,810.0,809.0,0.405,0.85,0.016737834412269944,80000.0,40000.0,39999.28259277344,0.12971046597034133,0.1275212181693381,0.15239135142064505,4.180422520561413,4.1098655247019105,4.911401964767583,noon2,simple,0.6,0.08983412170841489,30000.0,15000.0,1.0,1e-06,1.0,1.0,0.0,0.0,0.0,0.0,0.0,0,1.5,psi4,3,64.69882142805872,79.9962728428014,496.99731553182613,64.77856953716012,80.1205375690197,504.95647265394683,0.07974810910141418,0.12426472621830842,7.959157122120696,4.189896235130891,2.9875623866277383,2.9875623866277383,14999.554183959961,nan,nan,0.0,0.0,0.0
hybrid_noon2,0.0,80.0,0.5,0.7,rayleigh,1.0,0.028130814138268814,0.2138907659724164,532.0,810.0,809.0,0.405,0.85,0.016737834412269944,80000.0,40000.0,39999.28259277344,0.48638752950170294,0.3901763704096929,0.7371198325935083,20.591320567867996,16.518200475542947,31.20612649221505,noon2,simple,0.6,0.08983412170841489,30000.0,15000.0,1.0,1e-06,1.0,1.0,0.0,0.0,0.0,0.0,0.0,0,1.5,psi4,3,64.69882142805872,79.9962728428014,496.99731553182613,66.85301986186006,82.85892715507654,592.444193335828,2.154198433801344,2.86265431227514,95.44687780400184,23.287889628216785,2.8501164497139846,2.8501164497139846,14999.554183959961,0.1275212181693381,4.1098655247019105,0.0,0.0,0.0
classical,0.0,80.0,0.5,0.7,rayleigh,1.0,0.028130814138268814,0.2138907659724164,532.0,810.0,809.0,655.2899999999507,0.85,0.016737834412269944,80000.0,40000.0,40000.3935546875,0.47473143489373903,0.3878066024528282,0.7155254454102725,20.097857298182866,16.41787583991495,30.29192347098995,-,simple,0.6,0.08983412170841489,30000.0,15000.0,1.0,1e-06,1.0,1.0,0.0,0.0,0.0,0.0,0.0,0,1.5,psi4,4,64.64017692465141,79.88821086621266,496.3154119796947,111.3797483152317,148.99471001285286,1125.1092001734437,46.73957139058029,69.10649914664022,628.7937881937489,129.69234978247732,43.33523797292338,43.33523797292338,,,,,,
quant_diff,0.0,80.0,0.5,0.7,rayleigh,1.0,0.028130814138268814,0.2138907659724164,532.0,810.0,809.0,655.2899999999507,0.85,0.016737834412269944,80000.0,40000.0,40000.3935546875,0.12957952741261036,0.12757629718375957,0.15220364592312016,6757.0956741620175,6652.634586951718,7936.860227804134,diff,simple,0.6,0.08983412170841489,30000.0,15000.0,1.0,1e-06,1.0,1.0,0.0,0.0,0.0,0.0,0.0,0,1.5,psi4,4,64.64017692465141,79.88821086621266,496.3154119796947,5360.454268951781,6730.78924835357,58935.38054400531,5295.814092027131,6650.901037487357,58439.065132025615,6730.350795833961,41.58916319644093,41.58916319644093,15000.561462402344,nan,nan,0.0,0.0,0.0
hybrid_diff,0.0,80.0,0.5,0.7,rayleigh,1.0,0.028130814138268814,0.2138907659724164,532.0,810.0,809.0,655.2899999999507,0.85,0.016737834412269944,80000.0,40000.0,40000.3935546875,0.47473143489373903,0.3878066024528282,0.7155254454102725,20.097857298182866,16.41787583991495,30.29192347098995,diff,simple,0.6,0.08983412170841489,30000.0,15000.0,1.0,1e-06,1.0,1.0,0.0,0.0,0.0,0.0,0.0,0,1.5,psi4,4,64.64017692465141,79.88821086621266,496.3154119796947,988.7465765750696,1241.6112679608814,9679.59831669329,924.1063996504183,1161.7230570946688,9183.282904713593,1239.0975063016535,131.42615216710874,131.42615216710874,15000.561462402344,0.12757629718375957,6652.634586951718,0.0,0.0,0.0
quant_noon2,0.0,80.0,0.5,0.7,rayleigh,1.0,0.028130814138268814,0.2138907659724164,532.0,810.0,809.0,0.405,0.85,0.016737834412269944,80000.0,40000.0,40000.3935546875,0.1296597959083366,0.12767942901186974,0.15164295356345234,4.178789481417361,4.1149644823239395,4.887281943047332,noon2,simple,0.6,0.08983412170841489,30000.0,15000.0,1.0,1e-06,1.0,1.0,0.0,0.0,0.0,0.0,0.0,0,1.5,psi4,4,64.64017692465141,79.88821086621266,496.3154119796947,64.71561857834563,79.99966401135956,501.9067906848398,0.07544165369421343,0.11145314514689975,5.591378705145037,4.187335488437319,-17.40204686499858,-17.40204686499858,15000.567962646484,nan,nan,0.0,0.0,0.0
hybrid_noon2,0.0,80.0,0.5,0.7,rayleigh,1.0,0.028130814138268814,0.2138907659724164,532.0,810.0,809.0,0.405,0.85,0.016737834412269944,80000.0,40000.0,40000.3935546875,0.47473143489373903,0.3878066024528282,0.7155254454102725,20.097857298182866,16.41787583991495,30.29192347098995,noon2,simple,0.6,0.08983412170841489,30000.0,15000.0,1.0,1e-06,1.0,1.0,0.0,0.0,0.0,0.0,0.0,0,1.5,psi4,4,64.64017692465141,79.88821086621266,496.3154119796947,66.75410378276761,82.63288825550295,543.5906590725947,2.113926858116199,2.7446773892902896,47.27524709289998,21.029141704438565,-15.724620832189126,-15.724620832189126,15000.567962646484,0.12767942901186974,4.1149644823239395,0.0,0.0,0.0
classical,0.0,80.0,0.5,0.7,rayleigh,1.0,0.028130814138268814,0.2138907659724164,532.0,810.0,809.0,655.2899999999507,0.85,0.016737834412269944,80000.0,40000.0,40000.143951416016,0.48082879972089776,0.388729854118413,0.724970202505938,20.35599054823534,16.45696189754959,30.691769291958547,-,simple,0.6,0.08983412170841489,30000.0,15000.0,1.0,1e-06,1.0,1.0,0.0,0.0,0.0,0.0,0.0,0,1.5,psi4,5,63.83196241206738,78.72142622258168,497.24798357818315,84.19654202582844,116.98478628649862,1145.7700134477404,20.36457961376106,38.263360063916934,648.5220298695573,88.52564575502943,-22.68607716609681,-22.68607716609681,,,,,,
quant_diff,0.0,80.0,0.5,0.7,rayleigh,1.0,0.028130814138268814,0.2138907659724164,532.0,810.0,809.0,655.2899999999507,0.85,0.016737834412269944,80000.0,40000.0,40000.143951416016,0.12972638572903936,0.12760107957042424,0.15216038456636516,6764.75379512041,6653.926897250041,7934.604307193645,diff,simple,0.6,0.08983412170841489,30000.0,15000.0,1.0,1e-06,1.0,1.0,0.0,0.0,0.0,0.0,0.0,0,1.5,psi4,5,63.83196241206738,78.72142622258168,497.24798357818315,5320.131018984197,6689.025786916069,54649.4503460376,5256.299056572129,6610.304360693487,54152.202362459415,6688.738616594888,105.64867336640377,105.64867336640377,15000.059432983398,nan,nan,0.0,0.0,0.0
hybrid_diff,0.0,80.0,0.5,0.7,rayleigh,1.0,0.028130814138268814,0.2138907659724164,532.0,810.0,809.0,655.2899999999507,0.85,0.016737834412269944,80000.0,40000.0,40000.143951416016,0.48082879972089776,0.388729854118413,0.724970202505938,20.35599054823534,16.45696189754959,30.691769291958547,diff,simple,0.6,0.08983412170841489,30000.0,15000.0,1.0,1e-06,1.0,1.0,0.0,0.0,0.0,0.0,0.0,0,1.5,psi4,5,63.83196241206738,78.72142622258168,497.24798357818315,1044.1035742420675,1317.5212947471105,11065.081743000508,980.2716118300002,1238.7998685245288,10567.833759422325,1316.7329887291498,167.97725264480513,167.97725264480513,15000.059432983398,0.12760107957042424,6653.926897250041,0.0,0.0,0.0
quant_noon2,0.0,80.0,0.5,0.7,rayleigh,1.0,0.028130814138268814,0.2138907659724164,532.0,810.0,809.0,0.405,0.85,0.016737834412269944,80000.0,40000.0,40000.143951416016,0.12980188731371045,0.12785260950084043,0.1524659209590164,4.183368927698426,4.120545894824458,4.913805257171349,noon2,simple,0.6,0.08983412170841489,30000.0,15000.0,1.0,1e-06,1.0,1.0,0.0,0.0,0.0,0.0,0.0,0,1.5,psi4,5,63.83196241206738,78.72142622258168,497.24798357818315,63.9273474056025,78.79382802240916,497.48337652462334,0.09538499353512243,0.07240179982748449,0.23539294644017247,4.174186394001158,-15.975112979370216,-15.975112979370216,15000.042068481445,nan,nan,0.0,0.0,0.0
hybrid_noon2,0.0,80.0,0.5,0.7,rayleigh,1.0,0.028130814138268814,0.2138907659724164,532.0,810.0,809.0,0.405,0.85,0.016737834412269944,80000.0,40000.0,40000.143951416016,0.48082879972089776,0.388729854118413,0.724970202505938,20.35599054823534,16.45696189754959,30.691769291958547,noon2,simple,0.6,0.08983412170841489,30000.0,15000.0,1.0,1e-06,1.0,1.0,0.0,0.0,0.0,0.0,0.0,0,1.5,psi4,5,63.83196241206738,78.72142622258168,497.24798357818315,65.85988815713085,81.3654409626064,539.319858450094,2.027925745063484,2.6440147400247125,42.07187487191076,21.059184626663598,-17.265513384374913,-17.265513384374913,15000.042068481445,0.12785260950084043,4.120545894824458,0.0,0.0,0.0
classical,0.0,80.0,0.5,0.7,rayleigh,1.0,0.028130814138268814,0.2138907659724164,532.0,810.0,809.0,655.2899999999507,0.85,0.016737834412269944,80000.0,40000.0,39999.38333129883,0.4892632848746744,0.39069390422996175,0.746529543212471,20.71306628947457,16.540110381022615,31.604488613062255,-,simple,0.6,0.08983412170841489,30000.0,15000.0,1.0,1e-06,1.0,1.0,0.0,0.0,0.0,0.0,0.0,0,1.5,psi4,6,64.00824378958805,79.81191698851954,520.6375093880803,85.18204255256579,116.54662166636545,1207.599424148482,21.173798762977736,36.73470467784591,686.9619147604018,87.63607723125426,-11.949179186591026,-11.949179186591026,,,,,,
quant_diff,0.0,80.0,0.5,0.7,rayleigh,1.0,0.028130814138268814,0.2138907659724164,532.0,810.0,809.0,655.2899999999507,0.85,0.016737834412269944,80000.0,40000.0,39999.38333129883,0.12969884184866964,0.12759272637111158,0.15247236195699929,6763.317483083994,6653.491308634556,7950.872780453142,diff,simple,0.6,0.08983412170841489,30000.0,15000.0,1.0,1e-06,1.0,1.0,0.0,0.0,0.0,0.0,0.0,0,1.5,psi4,6,64.00824378958805,79.81191698851954,520.6375093880803,5370.474282341263,6759.244412716739,59306.53551717375,5306.466038551674,6679.43249572822,58785.89800778567,6759.533634170967,117.05184852354796,117.05184852354796,14999.528869628906,nan,nan,0.0,0.0,0.0
hybrid_diff,0.0,80.0,0.5,0.7,rayleigh,1.0,0.028130814138268814,0.2138907659724164,532.0,810.0,809.0,655.2899999999507,0.85,0.016737834412269944,80000.0,40000.0,39999.38333129883,0.4892632848746744,0.39069390422996175,0.746529543212471,20.71306628947457,16.540110381022615,31.604488613062255,diff,simple,0.6,0.08983412170841489,30000.0,15000.0,1.0,1e-06,1.0,1.0,0.0,0.0,0.0,0.0,0.0,0,1.5,psi4,6,64.00824378958805,79.81191698851954,520.6375093880803,1033.1414731606578,1302.2491323226263,11146.218882195562,969.1332293710698,1222.437215334107,10625.581372807483,1303.8749353809028,132.6943131873535,132.6943131873535,14999.528869628906,0.12759272637111158,6653.491308634556,0.0,0.0,0.0
quant_noon2,0.0,80.0,0.5,0.7,rayleigh,1.0,0.028130814138268814,0.2138907659724164,532.0,810.0,809.0,0.405,0.85,0.016737834412269944,80000.0,40000.0,39999.38333129883,0.12955863870520867,0.1273298508458789,0.15234974542210572,4.175529298463661,4.103697970968264,4.910061050200797,noon2,simple,0.6,0.08983412170841489,30000.0,15000.0,1.0,1e-06,1.0,1.0,0.0,0.0,0.0,0.0,0.0,0,1.5,psi4,6,64.00824378958805,79.81191698851954,520.6375093880803,64.0521275342242,79.87736336485281,529.6281042997697,0.0438837446361494,0.06544637633326843,8.99059491168942,4.18628114685835,-3.818053973561288,-3.818053973561288,14999.603408813477,nan,nan,0.0,0.0,0.0
hybrid_noon2,0.0,80.0,0.5,0.7,rayleigh,1.0,0.028130814138268814,0.2138907659724164,532.0,810.0,809.0,0.405,0.85,0.016737834412269944,80000.0,40000.0,39999.38333129883,0.4892632848746744,0.39069390422996175,0.746529543212471,20.71306628947457,16.540110381022615,31.604488613062255,noon2,simple,0.6,0.08983412170841489,30000.0,15000.0,1.0,1e-06,1.0,1.0,0.0,0.0,0.0,0.0,0.0,0,1.5,psi4,6,64.00824378958805,79.81191698851954,520.6375093880803,66.21509105269106,82.53556747365228,600.503041232764,2.206847263103007,2.72365048513274,79.86553184468367,21.179216398153827,-3.308649595801039,-3.308649595801039,14999.603408813477,0.1273298508458789,4.103697970968264,0.0,0.0,0.0
classical,0.0,80.0,0.5,0.7,rayleigh,1.0,0.028130814138268814,0.2138907659724164,532.0,810.0,809.0,655.2899999999507,0.85,0.016737834412269944,80000.0,40000.0,40000.25666809082,0.4786224638492613,0.3873342937814425,0.7161229319907642,20.26258484505089,16.397880550830443,30.317218193752492,-,simple,0.6,0.08983412170841489,30000.0,15000.0,1.0,1e-06,1.0,1.0,0.0,0.0,0.0,0.0,0.0,0,1.5,psi4,7,64.103334789993,79.63279081774465,493.21196767035946,82.69659314377216,112.41543580898201,1025.3765681703758,18.593258353779163,32.782644991237355,532.1646005000163,81.22131468640735,-4.773570472071197,-4.773570472071197,,,,,,
quant_diff,0.0,80.0,0.5,0.7,rayleigh,1.0,0.028130814138268814,0.2138907659724164,532.0,810.0,809.0,655.2899999999507,0.85,0.016737834412269944,80000.0,40000.0,40000.25666809082,0.12947767556994502,0.12737128831815403,0.15211226392972693,6751.784475246406,6641.944128770487,7932.094993012936,diff,simple,0.6,0.08983412170841489,30000.0,15000.0,1.0,1e-06,1.0,1.0,0.0,0.0,0.0,0.0,0.0,0,1.5,psi4,7,64.103334789993,79.63279081774465,493.21196767035946,5378.870766199769,6746.408254844544,52908.56294526113,5314.767431409776,6666.775464026799,52415.350977590766,6746.072964367008,-31.52758159494458,-31.52758159494458,15000.188995361328,nan,nan,0.0,0.0,0.0
hybrid_diff,0.0,80.0,0.5,0.7,rayleigh,1.0,0.028130814138268814,0.2138907659724164,532.0,810.0,809.0,655.2899999999507,0.85,0.016737834412269944,80000.0,40000.0,40000.25666809082,0.4786224638492613,0.3873342937814425,0.7161229319907642,20.26258484505089,16.397880550830443,30.317218193752492,diff,simple,0.6,0.08983412170841489,30000.0,15000.0,1.0,1e-06,1.0,1.0,0.0,0.0,0.0,0.0,0.0,0,1.5,psi4,7,64.103334789993,79.63279081774465,493.21196767035946,1027.753559358009,1289.8908151908893,10189.556590098693,963.6502245680159,1210.2580243731445,9696.344622428334,1288.706591880282,-57.614748026902724,-57.614748026902724,15000.188995361328,0.12737128831815403,6641.944128770487,0.0,0.0,0.0
quant_noon2,0.0,80.0,0.5,0.7,rayleigh,1.0,0.028130814138268814,0.2138907659724164,532.0,810.0,809.0,0.405,0.85,0.016737834412269944,80000.0,40000.0,40000.25666809082,0.1296529754094148,0.12744144286871978,0.15210713025317332,4.178569664403515,4.107294456432326,4.902241836011351,noon2,simple,0.6,0.08983412170841489,30000.0,15000.0,1.0,1e-06,1.0,1.0,0.0,0.0,0.0,0.0,0.0,0,1.5,psi4,7,64.103334789993,79.63279081774465,493.21196767035946,64.17818935544783,79.76146712006948,499.5042924724709,0.07485456545482233,0.12867630232482924,6.2923248021114535,4.188851490524759,-6.517960962198752,-6.517960962198752,15000.164962768555,nan,nan,0.0,0.0,0.0
hybrid_noon2,0.0,80.0,0.5,0.7,rayleigh,1.0,0.028130814138268814,0.2138907659724164,532.0,810.0,809.0,0.405,0.85,0.016737834412269944,80000.0,40000.0,40000.25666809082,0.4786224638492613,0.3873342937814425,0.7161229319907642,20.26258484505089,16.397880550830443,30.317218193752492,noon2,simple,0.6,0.08983412170841489,30000.0,15000.0,1.0,1e-06,1.0,1.0,0.0,0.0,0.0,0.0,0.0,0,1.5,psi4,7,64.103334789993,79.63279081774465,493.21196767035946,66.17620669011005,82.34655558354038,569.2025714422837,2.072871900117048,2.7137647657957227,75.9906037719242,20.62897371947685,-8.552166189766938,-8.552166189766938,15000.164962768555,0.12744144286871978,4.107294456432326,0.0,0.0,0.0
classical,0.0,80.0,0.5,0.7,rayleigh,1.0,0.028130814138268814,0.2138907659724164,532.0,810.0,809.0,655.2899999999507,0.85,0.016737834412269944,80000.0,40000.0,39999.305755615234,0.47905729928532437,0.3894009418124167,0.7245078668900313,20.280993696666428,16.485372539266777,30.67219621432057,-,simple,0.6,0.08983412170841489,30000.0,15000.0,1.0,1e-06,1.0,1.0,0.0,0.0,0.0,0.0,0.0,0,1.5,psi4,8,62.863164559627535,78.96757030862183,543.477455814894,81.0291714049108,111.29249795240494,1131.7091690625705,18.16600684528327,32.32492764378312,588.2317132476766,80.05938171695189,-0.7248062185254875,-0.7248062185254875,,,,,,
quant_diff,0.0,80.0,0.5,0.7,rayleigh,1.0,0.028130814138268814,0.2138907659724164,532.0,810.0,809.0,655.2899999999507,0.85,0.016737834412269944,80000.0,40000.0,39999.305755615234,0.12963390607777234,0.12760672210841145,0.15222189118266258,6759.931321509015,6654.221134849036,7937.811650970971,diff,simple,0.6,0.08983412170841489,30000.0,15000.0,1.0,1e-06,1.0,1.0,0.0,0.0,0.0,0.0,0.0,0,1.5,psi4,8,62.863164559627535,78.96757030862183,543.477455814894,5396.882254042816,6758.936565552273,51827.20626341701,5334.019089483189,6679.968995243651,51283.728807602114,6758.15834687558,165.25244699599898,165.25244699599898,14999.602279663086,nan,nan,0.0,0.0,0.0
hybrid_diff,0.0,80.0,0.5,0.7,rayleigh,1.0,0.028130814138268814,0.2138907659724164,532.0,810.0,809.0,655.2899999999507,0.85,0.016737834412269944,80000.0,40000.0,39999.305755615234,0.47905729928532437,0.3894009418124167,0.7245078668900313,20.280993696666428,16.485372539266777,30.67219621432057,diff,simple,0.6,0.08983412170841489,30000.0,15000.0,1.0,1e-06,1.0,1.0,0.0,0.0,0.0,0.0,0.0,0,1.5,psi4,8,62.863164559627535,78.96757030862183,543.477455814894,1063.3734109689935,1338.2556615768453,9478.15089380868,1000.510246409366,1259.2880912682235,8934.673437993788,1335.0503548264733,119.46486449836655,119.46486449836655,14999.602279663086,0.12760672210841145,6654.221134849036,0.0,0.0,0.0
quant_noon2,0.0,80.0,0.5,0.7,rayleigh,1.0,0.028130814138268814,0.2138907659724164,532.0,810.0,809.0,0.405,0.85,0.016737834412269944,80000.0,40000.0,39999.305755615234,0.1296666187631848,0.127604714714844,0.15221664389830852,4.179009374360067,4.112556524511454,4.905771337698106,noon2,simple,0.6,0.08983412170841489,30000.0,15000.0,1.0,1e-06,1.0,1.0,0.0,0.0,0.0,0.0,0.0,0,1.5,psi4,8,62.863164559627535,78.96757030862183,543.477455814894,62.905335729264664,79.01695017607624,546.3337963606414,0.04217116963713418,0.0493798674544097,2.856340545747376,4.135883694399479,-6.5730347642329745,-6.5730347642329745,14999.635879516602,nan,nan,0.0,0.0,0.0
hybrid_noon2,0.0,80.0,0.5,0.7,rayleigh,1.0,0.028130814138268814,0.2138907659724164,532.0,810.0,809.0,0.405,0.85,0.016737834412269944,80000.0,40000.0,39999.305755615234,0.47905729928532437,0.3894009418124167,0.7245078668900313,20.280993696666428,16.485372539266777,30.67219621432057,noon2,simple,0.6,0.08983412170841489,30000.0,15000.0,1.0,1e-06,1.0,1.0,0.0,0.0,0.0,0.0,0.0,0,1.5,psi4,8,62.863164559627535,78.96757030862183,543.477455814894,64.88339214242018,81.37342835600083,599.6273957225018,2.0202275827926455,2.4058580473790023,56.14993990760774,20.77397995961389,-5.1535997027050895,-5.1535997027050895,14999.635879516602,0.127604714714844,4.112556524511454,0.0,0.0,0.0
classical,0.0,80.0,0.5,0.7,rayleigh,1.0,0.028130814138268814,0.2138907659724164,532.0,810.0,809.0,655.2899999999507,0.85,0.016737834412269944,80000.0,40000.0,39999.75602722168,0.4827024308221078,0.3890185010955417,0.7315181852762589,20.435311123478023,16.46918182934573,30.968979549455664,-,simple,0.6,0.08983412170841489,30000.0,15000.0,1.0,1e-06,1.0,1.0,0.0,0.0,0.0,0.0,0.0,0,1.5,psi4,9,63.58644271620053,79.33494372303691,582.1652103988696,88.37308023690687,122.68819869391373,1239.5438808668587,24.786637520706346,43.353254970876826,657.3786704679891,96.4580451802472,-6.174044337917007,-6.174044337917007,,,,,,
quant_diff,0.0,80.0,0.5,0.7,rayleigh,1.0,0.028130814138268814,0.2138907659724164,532.0,810.0,809.0,655.2899999999507,0.85,0.016737834412269944,80000.0,40000.0,39999.75602722168,0.12971972066207746,0.12748395807514185,0.15255233705880342,6764.406236396935,6647.819442122472,7955.043187810166,diff,simple,0.6,0.08983412170841489,30000.0,15000.0,1.0,1e-06,1.0,1.0,0.0,0.0,0.0,0.0,0.0,0,1.5,psi4,9,63.58644271620053,79.33494372303691,582.1652103988696,5334.3763698775565,6717.8225358030795,55384.70534459882,5270.789927161356,6638.487592080043,54802.540134199946,6717.785434009877,66.39721676816815,66.39721676816815,14999.815170288086,nan,nan,0.0,0.0,0.0
hybrid_diff,0.0,80.0,0.5,0.7,rayleigh,1.0,0.028130814138268814,0.2138907659724164,532.0,810.0,809.0,655.2899999999507,0.85,0.016737834412269944,80000.0,40000.0,39999.75602722168,0.4827024308221078,0.3890185010955417,0.7315181852762589,20.435311123478023,16.46918182934573,30.968979549455664,diff,simple,0.6,0.08983412170841489,30000.0,15000.0,1.0,1e-06,1.0,1.0,0.0,0.0,0.0,0.0,0.0,0,1.5,psi4,9,63.58644271620053,79.33494372303691,582.1652103988696,1064.125791453142,1343.931143144808,11090.974929284625,1000.5393487369415,1264.596199421771,10508.809718885756,1343.9964220449306,67.34336600270379,67.34336600270379,14999.815170288086,0.12748395807514185,6647.819442122472,0.0,0.0,0.0
quant_noon2,0.0,80.0,0.5,0.7,rayleigh,1.0,0.028130814138268814,0.2138907659724164,532.0,810.0,809.0,0.405,0.85,0.016737834412269944,80000.0,40000.0,39999.75602722168,0.1296593170229624,0.12744054312765338,0.15217709577553346,4.1787740474800295,4.107265458789087,4.9044967461541,noon2,simple,0.6,0.08983412170841489,30000.0,15000.0,1.0,1e-06,1.0,1.0,0.0,0.0,0.0,0.0,0.0,0,1.5,psi4,9,63.58644271620053,79.33494372303691,582.1652103988696,63.66745096748692,79.42334757410677,592.2275663149585,0.08100825128639424,0.0884038510698533,10.062355916088835,4.202615930573678,-7.191614453441407,-7.191614453441407,14999.813232421875,nan,nan,0.0,0.0,0.0
hybrid_noon2,0.0,80.0,0.5,0.7,rayleigh,1.0,0.028130814138268814,0.2138907659724164,532.0,810.0,809.0,0.405,0.85,0.016737834412269944,80000.0,40000.0,39999.75602722168,0.4827024308221078,0.3890185010955417,0.7315181852762589,20.435311123478023,16.46918182934573,30.968979549455664,noon2,simple,0.6,0.08983412170841489,30000.0,15000.0,1.0,1e-06,1.0,1.0,0.0,0.0,0.0,0.0,0.0,0,1.5,psi4,9,63.58644271620053,79.33494372303691,582.1652103988696,65.52438281983183,81.82781558687327,611.7647058815876,1.9379401036312993,2.4928718638363634,29.59949548271801,21.114350855127892,-6.587951460748795,-6.587951460748795,14999.813232421875,0.12744054312765338,4.107265458789087,0.0,0.0,0.0
classical,0.0,80.0,0.2,1.0,rayleigh,1.0,0.028130814138268814,0.2138907659724164,532.0,810.0,809.0,655.2899999999507,0.85,0.02391119201752849,80000.0,16000.0,15999.248794555664,0.5461503790004545,0.42592295142673847,0.8323856884073165,23.121393642189556,18.03153966349734,35.239226967147246,-,simple,0.6,0.12833445958344983,30000.0,6000.0,1.0,1e-06,1.0,1.0,0.0,0.0,0.0,0.0,0.0,0,1.5,psi4,0,64.5222403252258,79.78676508330491,545.2659088492186,96.54615512943738,133.79323758365828,1397.005788348922,32.023914804211586,54.00647250035338,851.7398794997032,110.17107038484575,-17.848062858685203,-17.848062858685203,,,,,,
quant_diff,0.0,80.0,0.2,1.0,rayleigh,1.0,0.028130814138268814,0.2138907659724164,532.0,810.0,809.0,655.2899999999507,0.85,0.02391119201752849,80000.0,16000.0,15999.248794555664,0.1435899150951672,0.14047736860051568,0.1714290986867771,7487.685852205255,7325.378002542648,8939.39686531984,diff,simple,0.6,0.12833445958344983,30000.0,6000.0,1.0,1e-06,1.0,1.0,0.0,0.0,0.0,0.0,0.0,0,1.5,psi4,0,64.5222403252258,79.78676508330491,545.2659088492186,5937.195673223443,7481.831638810683,61321.81884608166,5872.673432898217,7402.044873727378,60776.55293723244,7481.362057724644,-60.560954042861695,-60.560954042861695,5999.614715576172,nan,nan,0.0,0.0,0.0
hybrid_diff,0.0,80.0,0.2,1.0,rayleigh,1.0,0.028130814138268814,0.2138907659724164,532.0,810.0,809.0,655.2899999999507,0.85,0.02391119201752849,80000.0,16000.0,15999.248794555664,0.5461503790004545,0.42592295142673847,0.8323856884073165,23.121393642189556,18.03153966349734,35.239226967147246,diff,simple,0.6,0.12833445958344983,30000.0,6000.0,1.0,1e-06,1.0,1.0,0.0,0.0,0.0,0.0,0.0,0,1.5,psi4,0,64.5222403252258,79.78676508330491,545.2659088492186,1127.4677144567784,1408.3917614106444,10601.207684223155,1062.9454741315526,1328.6049963273397,10055.941775373934,1406.042822854403,-113.00838862948054,-113.00838862948054,5999.614715576172,0.14047736860051568,7325.378002542648,0.0,0.0,0.0
quant_noon2,0.0,80.0,0.2,1.0,rayleigh,1.0,0.028130814138268814,0.2138907659724164,532.0,810.0,809.0,0.405,0.85,0.02391119201752849,80000.0,16000.0,15999.248794555664,0.14372101157818612,0.14093514953345454,0.17148979356531646,4.631966657314259,4.5421814549880555,5.5269232879850865,noon2,simple,0.6,0.12833445958344983,30000.0,6000.0,1.0,1e-06,1.0,1.0,0.0,0.0,0.0,0.0,0.0,0,1.5,psi4,0,64.5222403252258,79.78676508330491,545.2659088492186,64.58908236339484,79.87531094173227,546.618690222454,0.06684203816903089,0.08854585842735246,1.3527813732353524,4.6882769003499085,-4.8708873629515335,-4.8708873629515335,5999.620742797852,nan,nan,0.0,0.0,0.0
hybrid_noon2,0.0,80.0,0.2,1.0,rayleigh,1.0,0.028130814138268814,0.2138907659724164,532.0,810.0,809.0,0.405,0.85,0.02391119201752849,80000.0,16000.0,15999.248794555664,0.5461503790004545,0.42592295142673847,0.8323856884073165,23.121393642189556,18.03153966349734,35.239226967147246,noon2,simple,0.6,0.12833445958344983,30000.0,6000.0,1.0,1e-06,1.0,1.0,0.0,0.0,0.0,0.0,0.0,0,1.5,psi4,0,64.5222403252258,79.78676508330491,545.2659088492186,66.88029236307754,82.99892630261307,586.7126075634689,2.3580520378517487,3.21216121930815,41.446698714250296,23.523129661985244,-4.219706270627881,-4.219706270627881,5999.620742797852,0.14093514953345454,4.5421814549880555,0.0,0.0,0.0
classical,0.0,80.0,0.2,1.0,rayleigh,1.0,0.028130814138268814,0.2138907659724164,532.0,810.0,809.0,655.2899999999507,0.85,0.02391119201752849,80000.0,16000.0,16000.674407958984,0.5435708680654339,0.42045957395571837,0.8365909784933889,23.012189492515432,17.800246404387067,35.41725882650003,-,simple,0.6,0.12833445958344983,30000.0,6000.0,1.0,1e-06,1.0,1.0,0.0,0.0,0.0,0.0,0.0,0,1.5,psi4,1,63.45540927048641,79.93200411533286,560.8268298638247,87.00770477990446,119.10935092722532,1134.595855337157,23.552295509418038,39.17734681189247,573.7690254733322,91.16075943990805,6.68621746568931,6.68621746568931,,,,,,
quant_diff,0.0,80.0,0.2,1.0,rayleigh,1.0,0.028130814138268814,0.2138907659724164,532.0,810.0,809.0,655.2899999999507,0.85,0.02391119201752849,80000.0,16000.0,16000.674407958984,0.14393208049845935,0.14089337305509614,0.17208805235909647,7505.528519273112,7347.071104505636,8973.758875257754,diff,simple,0.6,0.12833445958344983,30000.0,6000.0,1.0,1e-06,1.0,1.0,0.0,0.0,0.0,0.0,0.0,0,1.5,psi4,1,63.45540927048641,79.93200411533286,560.8268298638247,5959.265664953457,7495.121769285102,62181.975995114444,5895.810255682971,7415.189765169769,61621.14916525062,7494.730186738467,4.045758969000653,4.045758969000653,6000.43635559082,nan,nan,0.0,0.0,0.0
hybrid_diff,0.0,80.0,0.2,1.0,rayleigh,1.0,0.028130814138268814,0.2138907659724164,532.0,810.0,809.0,655.2899999999507,0.85,0.02391119201752849,80000.0,16000.0,16000.674407958984,0.5435708680654339,0.42045957395571837,0.8365909784933889,23.012189492515432,17.800246404387067,35.41725882650003,diff,simple,0.6,0.12833445958344983,30000.0,6000.0,1.0,1e-06,1.0,1.0,0.0,0.0,0.0,0.0,0.0,0,1.5,psi4,1,63.45540927048641,79.93200411533286,560.8268298638247,1138.4340168851782,1435.2039724292385,11138.228306954778,1074.9786076146918,1355.2719683139057,10577.401477090953,1434.1114291994186,69.36599204904219,69.36599204904219,6000.43635559082,0.14089337305509614,7347.071104505636,0.0,0.0,0.0
quant_noon2,0.0,80.0,0.2,1.0,rayleigh,1.0,0.028130814138268814,0.2138907659724164,532.0,810.0,809.0,0.405,0.85,0.02391119201752849,80000.0,16000.0,16000.674407958984,0.1437688519999818,0.14073276643846158,0.17199212358633437,4.633508500334956,4.535658875319866,5.54311281993155,noon2,simple,0.6,0.12833445958344983,30000.0,6000.0,1.0,1e-06,1.0,1.0,0.0,0.0,0.0,0.0,0.0,0,1.5,psi4,1,63.45540927048641,79.93200411533286,560.8268298638247,63.64195288974848,80.15652345520377,572.0135557228484,0.1865436192620656,0.22451933987090392,11.186725859023666,4.636688771776257,3.4832462473251855,3.4832462473251855,6000.432144165039,nan,nan,0.0,0.0,0.0
hybrid_noon2,0.0,80.0,0.2,1.0,rayleigh,1.0,0.028130814138268814,0.2138907659724164,532.0,810.0,809.0,0.405,0.85,0.02391119201752849,80000.0,16000.0,16000.674407958984,0.5435708680654339,0.42045957395571837,0.8365909784933889,23.012189492515432,17.800246404387067,35.41725882650003,noon2,simple,0.6,0.12833445958344983,30000.0,6000.0,1.0,1e-06,1.0,1.0,0.0,0.0,0.0,0.0,0.0,0,1.5,psi4,1,63.45540927048641,79.93200411533286,560.8268298638247,66.11200652118265,83.03674732507957,627.7483566232845,2.656597250696238,3.1047432097467134,66.9215267594598,23.485768787499396,2.5048616134938153,2.5048616134938153,6000.432144165039,0.14073276643846158,4.535658875319866,0.0,0.0,0.0
classical,0.0,80.0,0.2,1.0,rayleigh,1.0,0.028130814138268814,0.2138907659724164,532.0,810.0,809.0,655.2899999999507,0.85,0.02391119201752849,80000.0,16000.0,15999.981002807617,0.5370998396237596,0.42572929891084127,0.8475806852153801,22.73823711305616,18.023341342628182,35.88251042185077,-,simple,0.6,0.12833445958344983,30000.0,6000.0,1.0,1e-06,1.0,1.0,0.0,0.0,0.0,0.0,0.0,0,1.5,psi4,2,64.34518646245138,79.68847520541914,509.18388229070416,88.42241411293854,121.6384058821451,1205.8990296964018,24.07722765048717,41.94993067672595,696.7151474056977,91.94185394949656,1.4199376735249658,1.4199376735249658,,,,,,
quant_diff,0.0,80.0,0.2,1.0,rayleigh,1.0,0.028130814138268814,0.2138907659724164,532.0,810.0,809.0,655.2899999999507,0.85,0.02391119201752849,80000.0,16000.0,15999.981002807617,0.14382191428955393,0.14070847973789863,0.17193846750772945,7499.7837567438955,7337.429598175408,8965.958575532368,diff,simple,0.6,0.12833445958344983,30000.0,6000.0,1.0,1e-06,1.0,1.0,0.0,0.0,0.0,0.0,0.0,0,1.5,psi4,2,64.34518646245138,79.68847520541914,509.18388229070416,5935.746244129261,7480.204843611103,68875.8171020318,5871.40105766681,7400.516368405683,68366.6332197411,7480.35415518635,7.957273165775234,7.957273165775234,5999.96630859375,nan,nan,0.0,0.0,0.0
hybrid_diff,0.0,80.0,0.2,1.0,rayleigh,1.0,0.028130814138268814,0.2138907659724164,532.0,810.0,809.0,655.2899999999507,0.85,0.02391119201752849,80000.0,16000.0,15999.981002807617,0.5370998396237596,0.42572929891084127,0.8475806852153801,22.73823711305616,18.023341342628182,35.88251042185077,diff,simple,0.6,0.12833445958344983,30000.0,6000.0,1.0,1e-06,1.0,1.0,0.0,0.0,0.0,0.0,0.0,0,1.5,psi4,2,64.34518646245138,79.68847520541914,509.18388229070416,1086.5595974190655,1363.2687889848319,12582.683177055369,1022.2144109566142,1283.5803137794128,12073.499294764664,1364.2666278671345,39.52176528142958,39.52176528142958,5999.96630859375,0.14070847973789863,7337.429598175408,0.0,0.0,0.0
quant_noon2,0.0,80.0,0.2,1.0,rayleigh,1.0,0.028130814138268814,0.2138907659724164,532.0,810.0,809.0,0.405,0.85,0.02391119201752849,80000.0,16000.0,15999.981002807617,0.1435967931284711,0.14076634679356653,0.17108436111286074,4.627963236304449,4.5367411324197775,5.513856655758201,noon2,simple,0.6,0.12833445958344983,30000.0,6000.0,1.0,1e-06,1.0,1.0,0.0,0.0,0.0,0.0,0.0,0,1.5,psi4,2,64.34518646245138,79.68847520541914,509.18388229070416,64.50225774054687,79.85841520641966,517.1029017606052,0.15707127809548702,0.16994000100051956,7.919019469900973,4.6393101910804475,7.8340306440307055,7.8340306440307055,5999.983871459961,nan,nan,0.0,0.0,0.0
hybrid_noon2,0.0,80.0,0.2,1.0,rayleigh,1.0,0.028130814138268814,0.2138907659724164,532.0,810.0,809.0,0.405,0.85,0.02391119201752849,80000.0,16000.0,15999.981002807617,0.5370998396237596,0.42572929891084127,0.8475806852153801,22.73823711305616,18.023341342628182,35.88251042185077,noon2,simple,0.6,0.12833445958344983,30000.0,6000.0,1.0,1e-06,1.0,1.0,0.0,0.0,0.0,0.0,0.0,0,1.5,psi4,2,64.34518646245138,79.68847520541914,509.18388229070416,66.6425521119196,82.59541383828106,528.7316125017819,2.2973656494682277,2.906938632861925,19.547730211077763,23.701223498223722,8.688434358925877,8.688434358925877,5999.983871459961,0.14076634679356653,4.5367411324197775,0.0,0.0,0.0
classical,0.0,80.0,0.2,1.0,rayleigh,1.0,0.028130814138268814,0.2138907659724164,532.0,810.0,809.0,655.2899999999507,0.85,0.02391119201752849,80000.0,16000.0,15999.566284179688,0.5427169209266263,0.4223763714573991,0.8349608984574223,22.97603745691284,17.88139443846852,35.348249037934394,-,simple,0.6,0.12833445958344983,30000.0,6000.0,1.0,1e-06,1.0,1.0,0.0,0.0,0.0,0.0,0.0,0,1.5,psi4,3,64.69882142805872,79.9962728428014,496.99731553182613,97.24650171550752,132.46264631135233,1105.4757382696228,32.547680287448806,52.46637346855092,608.4784227377967,110.24789221574899,4.940938792911437,4.940938792911437,,,,,,
quant_diff,0.0,80.0,0.2,1.0,rayleigh,1.0,0.028130814138268814,0.2138907659724164,532.0,810.0,809.0,655.2899999999507,0.85,0.02391119201752849,80000.0,16000.0,15999.566284179688,0.14361462863087798,0.1407260410878869,0.17156123984158572,7488.974572179614,7338.345357974871,8946.287540439322,diff,simple,0.6,0.12833445958344983,30000.0,6000.0,1.0,1e-06,1.0,1.0,0.0,0.0,0.0,0.0,0.0,0,1.5,psi4,3,64.69882142805872,79.9962728428014,496.99731553182613,5988.764165938407,7574.368935139527,67914.59399865639,5924.065344510349,7494.372662296726,67417.59668312456,7573.9422664105905,-155.3596740548798,-155.3596740548798,5999.733306884766,nan,nan,0.0,0.0,0.0
hybrid_diff,0.0,80.0,0.2,1.0,rayleigh,1.0,0.028130814138268814,0.2138907659724164,532.0,810.0,809.0,655.2899999999507,0.85,0.02391119201752849,80000.0,16000.0,15999.566284179688,0.5427169209266263,0.4223763714573991,0.8349608984574223,22.97603745691284,17.88139443846852,35.348249037934394,diff,simple,0.6,0.12833445958344983,30000.0,6000.0,1.0,1e-06,1.0,1.0,0.0,0.0,0.0,0.0,0.0,0,1.5,psi4,3,64.69882142805872,79.9962728428014,496.99731553182613,1145.3120282998495,1443.4132187117561,10889.590374262216,1080.6132068717907,1363.4169458689546,10392.593058730388,1442.1442497393202,-71.49582810916024,-71.49582810916024,5999.733306884766,0.1407260410878869,7338.345357974871,0.0,0.0,0.0
quant_noon2,0.0,80.0,0.2,1.0,rayleigh,1.0,0.028130814138268814,0.2138907659724164,532.0,810.0,809.0,0.405,0.85,0.02391119201752849,80000.0,16000.0,15999.566284179688,0.14379740447185707,0.14080174821809283,0.17151813229390528,4.634428714409836,4.537882080540214,5.527836613354096,noon2,simple,0.6,0.12833445958344983,30000.0,6000.0,1.0,1e-06,1.0,1.0,0.0,0.0,0.0,0.0,0.0,0,1.5,psi4,3,64.69882142805872,79.9962728428014,496.99731553182613,64.76941075714734,80.11212625188809,508.1779348510128,0.07058932908862436,0.11585340908668038,11.180619319186677,4.648118455998413,2.2502015262078876,2.2502015262078876,5999.696807861328,nan,nan,0.0,0.0,0.0
hybrid_noon2,0.0,80.0,0.2,1.0,rayleigh,1.0,0.028130814138268814,0.2138907659724164,532.0,810.0,809.0,0.405,0.85,0.02391119201752849,80000.0,16000.0,15999.566284179688,0.5427169209266263,0.4223763714573991,0.8349608984574223,22.97603745691284,17.88139443846852,35.348249037934394,noon2,simple,0.6,0.12833445958344983,30000.0,6000.0,1.0,1e-06,1.0,1.0,0.0,0.0,0.0,0.0,0.0,0,1.5,psi4,3,64.69882142805872,79.9962728428014,496.99731553182613,67.4477108050108,83.85794976589436,587.3557696088368,2.7488893769520826,3.86167692309296,90.35845407701062,28.21707879715028,3.595144253721645,3.595144253721645,5999.696807861328,0.14080174821809283,4.537882080540214,0.0,0.0,0.0
classical,0.0,80.0,0.2,1.0,rayleigh,1.0,0.028130814138268814,0.2138907659724164,532.0,810.0,809.0,655.2899999999507,0.85,0.02391119201752849,80000.0,16000.0,16000.627944946289,0.5360289628120646,0.421192501428559,0.8264823669369894,22.692901313141846,17.831275046428367,34.98930858429886,-,simple,0.6,0.12833445958344983,30000.0,6000.0,1.0,1e-06,1.0,1.0,0.0,0.0,0.0,0.0,0.0,0,1.5,psi4,4,64.64017692465141,79.88821086621266,496.3154119796947,98.5737390526464,133.46740215487677,1113.3829469188101,33.933562127994996,53.5791912886641,617.0675349391154,109.75263180567347,-10.94021474084017,-10.94021474084017,,,,,,
quant_diff,0.0,80.0,0.2,1.0,rayleigh,1.0,0.028130814138268814,0.2138907659724164,532.0,810.0,809.0,655.2899999999507,0.85,0.02391119201752849,80000.0,16000.0,16000.627944946289,0.14372383852686904,0.14070432486594125,0.17187190311046796,7494.669466508309,7337.2129368872365,8962.487487083677,diff,simple,0.6,0.12833445958344983,30000.0,6000.0,1.0,1e-06,1.0,1.0,0.0,0.0,0.0,0.0,0.0,0,1.5,psi4,4,64.64017692465141,79.88821086621266,496.3154119796947,5932.493430576696,7445.8739835203305,57426.207144320404,5867.853253652044,7365.985772654118,56929.89173234071,7445.337322657525,246.4557598222961,246.4557598222961,6000.371780395508,nan,nan,0.0,0.0,0.0
hybrid_diff,0.0,80.0,0.2,1.0,rayleigh,1.0,0.028130814138268814,0.2138907659724164,532.0,810.0,809.0,655.2899999999507,0.85,0.02391119201752849,80000.0,16000.0,16000.627944946289,0.5360289628120646,0.421192501428559,0.8264823669369894,22.692901313141846,17.831275046428367,34.98930858429886,diff,simple,0.6,0.12833445958344983,30000.0,6000.0,1.0,1e-06,1.0,1.0,0.0,0.0,0.0,0.0,0.0,0,1.5,psi4,4,64.64017692465141,79.88821086621266,496.3154119796947,1115.6967413424927,1410.8555562032525,11193.055029279942,1051.0565644178414,1330.96734533704,10696.739617300247,1408.7605251392636,125.34535859642824,125.34535859642824,6000.371780395508,0.14070432486594125,7337.2129368872365,0.0,0.0,0.0
quant_noon2,0.0,80.0,0.2,1.0,rayleigh,1.0,0.028130814138268814,0.2138907659724164,532.0,810.0,809.0,0.405,0.85,0.02391119201752849,80000.0,16000.0,16000.627944946289,0.14351740689656595,0.14087958069250006,0.1708163219871848,4.625404707282168,4.540390533704798,5.505218056020047,noon2,simple,0.6,0.12833445958344983,30000.0,6000.0,1.0,1e-06,1.0,1.0,0.0,0.0,0.0,0.0,0.0,0,1.5,psi4,4,64.64017692465141,79.88821086621266,496.3154119796947,64.75755825932787,80.04858101102172,507.0254141077863,0.11738133467644801,0.16037014480907189,10.710002128091528,4.649303170663757,-17.133061345572145,-17.133061345572145,6000.3861083984375,nan,nan,0.0,0.0,0.0
hybrid_noon2,0.0,80.0,0.2,1.0,rayleigh,1.0,0.028130814138268814,0.2138907659724164,532.0,810.0,809.0,0.405,0.85,0.02391119201752849,80000.0,16000.0,16000.627944946289,0.5360289628120646,0.421192501428559,0.8264823669369894,22.692901313141846,17.831275046428367,34.98930858429886,noon2,simple,0.6,0.12833445958344983,30000.0,6000.0,1.0,1e-06,1.0,1.0,0.0,0.0,0.0,0.0,0.0,0,1.5,psi4,4,64.64017692465141,79.88821086621266,496.3154119796947,67.05457404567153,83.08224189065977,576.627620782296,2.4143971210201185,3.1940310244471197,80.31220880260133,23.395590639062963,-15.80798547100335,-15.80798547100335,6000.3861083984375,0.14087958069250006,4.540390533704798,0.0,0.0,0.0
classical,0.0,80.0,0.2,1.0,rayleigh,1.0,0.028130814138268814,0.2138907659724164,532.0,810.0,809.0,655.2899999999507,0.85,0.02391119201752849,80000.0,16000.0,16000.017517089844,0.5375455668169734,0.4217686098722121,0.8377460868630341,22.757107069550905,17.85566472117449,35.46616058751836,-,simple,0.6,0.12833445958344983,30000.0,6000.0,1.0,1e-06,1.0,1.0,0.0,0.0,0.0,0.0,0.0,0,1.5,psi4,5,63.83196241206738,78.72142622258168,497.24798357818315,125.741841195732,168.9953000518953,1711.2371829021797,61.909878783664624,90.2738738293136,1213.9891993239964,145.5967285371765,-249.38664155963656,-249.38664155963656,,,,,,
quant_diff,0.0,80.0,0.2,1.0,rayleigh,1.0,0.028130814138268814,0.2138907659724164,532.0,810.0,809.0,655.2899999999507,0.85,0.02391119201752849,80000.0,16000.0,16000.017517089844,0.14383751894084307,0.14080935659827326,0.171910137176404,7500.597481904251,7342.689955351198,8964.481252971704,diff,simple,0.6,0.12833445958344983,30000.0,6000.0,1.0,1e-06,1.0,1.0,0.0,0.0,0.0,0.0,0.0,0,1.5,psi4,5,63.83196241206738,78.72142622258168,497.24798357818315,5926.1797403301,7472.385557105737,66236.36314927193,5862.347777918032,7393.664130883155,65739.11516569376,7471.552107579348,-112.96455383829992,-112.96455383829992,6000.003280639648,nan,nan,0.0,0.0,0.0
hybrid_diff,0.0,80.0,0.2,1.0,rayleigh,1.0,0.028130814138268814,0.2138907659724164,532.0,810.0,809.0,655.2899999999507,0.85,0.02391119201752849,80000.0,16000.0,16000.017517089844,0.5375455668169734,0.4217686098722121,0.8377460868630341,22.757107069550905,17.85566472117449,35.46616058751836,diff,simple,0.6,0.12833445958344983,30000.0,6000.0,1.0,1e-06,1.0,1.0,0.0,0.0,0.0,0.0,0.0,0,1.5,psi4,5,63.83196241206738,78.72142622258168,497.24798357818315,1121.861761266703,1413.7607100345313,10720.401710240247,1058.0297988546356,1335.0392838119496,10223.153726662063,1410.2223315561325,-15.870943185717852,-15.870943185717852,6000.003280639648,0.14080935659827326,7342.689955351198,0.0,0.0,0.0
quant_noon2,0.0,80.0,0.2,1.0,rayleigh,1.0,0.028130814138268814,0.2138907659724164,532.0,810.0,809.0,0.405,0.85,0.02391119201752849,80000.0,16000.0,16000.017517089844,0.14358531670216554,0.14051512821301015,0.1714059188880283,4.627593363984397,4.528644639944132,5.524220101413231,noon2,simple,0.6,0.12833445958344983,30000.0,6000.0,1.0,1e-06,1.0,1.0,0.0,0.0,0.0,0.0,0.0,0,1.5,psi4,5,63.83196241206738,78.72142622258168,497.24798357818315,63.97331313338058,78.86022407755559,495.8853739815458,0.14135072131320717,0.13879785497389793,-1.3626095966374032,4.647745528029684,-16.2138428984485,-16.2138428984485,6000.008407592773,nan,nan,0.0,0.0,0.0
hybrid_noon2,0.0,80.0,0.2,1.0,rayleigh,1.0,0.028130814138268814,0.2138907659724164,532.0,810.0,809.0,0.405,0.85,0.02391119201752849,80000.0,16000.0,16000.017517089844,0.5375455668169734,0.4217686098722121,0.8377460868630341,22.757107069550905,17.85566472117449,35.46616058751836,noon2,simple,0.6,0.12833445958344983,30000.0,6000.0,1.0,1e-06,1.0,1.0,0.0,0.0,0.0,0.0,0.0,0,1.5,psi4,5,63.83196241206738,78.72142622258168,497.24798357818315,66.45913616194422,82.06740745323891,558.3913065886984,2.6271737498768455,3.345981230657229,61.14332301051524,23.688910471225807,-14.767346467099655,-14.767346467099655,6000.008407592773,0.14051512821301015,4.528644639944132,0.0,0.0,0.0
classical,0.0,80.0,0.2,1.0,rayleigh,1.0,0.028130814138268814,0.2138907659724164,532.0,810.0,809.0,655.2899999999507,0.85,0.02391119201752849,80000.0,16000.0,15999.557220458984,0.5433067325631658,0.4217816017205275,0.8461631016198763,23.00100725927411,17.85621473386438,35.82249671574964,-,simple,0.6,0.12833445958344983,30000.0,6000.0,1.0,1e-06,1.0,1.0,0.0,0.0,0.0,0.0,0.0,0,1.5,psi4,6,64.00824378958805,79.81191698851954,520.6375093880803,122.27176249251211,163.64583463199673,1488.9819684330628,58.26351870292405,83.83391764347719,968.3444590449826,146.07463583844861,250.94489497450454,250.94489497450454,,,,,,
quant_diff,0.0,80.0,0.2,1.0,rayleigh,1.0,0.028130814138268814,0.2138907659724164,532.0,810.0,809.0,655.2899999999507,0.85,0.02391119201752849,80000.0,16000.0,15999.557220458984,0.14389419544425375,0.14091717174347107,0.1719269655417381,7503.552953062927,7348.312118556852,8965.358790317865,diff,simple,0.6,0.12833445958344983,30000.0,6000.0,1.0,1e-06,1.0,1.0,0.0,0.0,0.0,0.0,0.0,0,1.5,psi4,6,64.00824378958805,79.81191698851954,520.6375093880803,5967.451749525167,7506.8814423767935,58170.528930029956,5903.443505735579,7427.069525388274,57649.89142064188,7506.243554086866,172.5266062386821,172.5266062386821,5999.759262084961,nan,nan,0.0,0.0,0.0
hybrid_diff,0.0,80.0,0.2,1.0,rayleigh,1.0,0.028130814138268814,0.2138907659724164,532.0,810.0,809.0,655.2899999999507,0.85,0.02391119201752849,80000.0,16000.0,15999.557220458984,0.5433067325631658,0.4217816017205275,0.8461631016198763,23.00100725927411,17.85621473386438,35.82249671574964,diff,simple,0.6,0.12833445958344983,30000.0,6000.0,1.0,1e-06,1.0,1.0,0.0,0.0,0.0,0.0,0.0,0,1.5,psi4,6,64.00824378958805,79.81191698851954,520.6375093880803,1167.447074839213,1475.580250739299,11782.387907396942,1103.438831049625,1395.7683337507794,11261.750398008862,1472.8150156866661,43.99693696536278,43.99693696536278,5999.759262084961,0.14091717174347107,7348.312118556852,0.0,0.0,0.0
quant_noon2,0.0,80.0,0.2,1.0,rayleigh,1.0,0.028130814138268814,0.2138907659724164,532.0,810.0,809.0,0.405,0.85,0.02391119201752849,80000.0,16000.0,15999.557220458984,0.14390925299726454,0.14084588096874917,0.17204956779863873,4.638033466663304,4.5393044294876015,5.544964182325453,noon2,simple,0.6,0.12833445958344983,30000.0,6000.0,1.0,1e-06,1.0,1.0,0.0,0.0,0.0,0.0,0.0,0,1.5,psi4,6,64.00824378958805,79.81191698851954,520.6375093880803,64.06804830901113,79.89597935970151,530.4813582911204,0.059804519423081653,0.08406237118196316,9.843848903040165,4.6445804448813215,-3.849307868121347,-3.849307868121347,5999.752471923828,nan,nan,0.0,0.0,0.0
hybrid_noon2,0.0,80.0,0.2,1.0,rayleigh,1.0,0.028130814138268814,0.2138907659724164,532.0,810.0,809.0,0.405,0.85,0.02391119201752849,80000.0,16000.0,15999.557220458984,0.5433067325631658,0.4217816017205275,0.8461631016198763,23.00100725927411,17.85621473386438,35.82249671574964,noon2,simple,0.6,0.12833445958344983,30000.0,6000.0,1.0,1e-06,1.0,1.0,0.0,0.0,0.0,0.0,0.0,0,1.5,psi4,6,64.00824378958805,79.81191698851954,520.6375093880803,66.70480361683265,83.42691729141488,591.6117128153185,2.6965598272445925,3.615000302895339,70.97420342723818,23.88945491242277,-4.259719037358265,-4.259719037358265,5999.752471923828,0.14084588096874917,4.5393044294876015,0.0,0.0,0.0
classical,0.0,80.0,0.2,1.0,rayleigh,1.0,0.028130814138268814,0.2138907659724164,532.0,810.0,809.0,655.2899999999507,0.85,0.02391119201752849,80000.0,16000.0,16000.185791015625,0.539779922416414,0.42099590832341327,0.8361786503460605,22.85169899393233,17.822952235081544,35.399802825789045,-,simple,0.6,0.12833445958344983,30000.0,6000.0,1.0,1e-06,1.0,1.0,0.0,0.0,0.0,0.0,0.0,0,1.5,psi4,7,64.103334789993,79.63279081774465,493.21196767035946,94.02356354067105,128.54636278391322,1082.697350006871,29.920228750678053,48.91357196616857,589.4853823365114,101.53864261149069,-20.70762522879531,-20.70762522879531,,,,,,
quant_diff,0.0,80.0,0.2,1.0,rayleigh,1.0,0.028130814138268814,0.2138907659724164,532.0,810.0,809.0,655.2899999999507,0.85,0.02391119201752849,80000.0,16000.0,16000.185791015625,0.14357756389465176,0.1406153317648423,0.17123470414814274,7487.041782534376,7332.572274041237,8929.259905243543,diff,simple,0.6,0.12833445958344983,30000.0,6000.0,1.0,1e-06,1.0,1.0,0.0,0.0,0.0,0.0,0.0,0,1.5,psi4,7,64.103334789993,79.63279081774465,493.21196767035946,5927.18127027582,7464.137128205272,64937.890535197635,5863.077935485827,7384.504337387527,64444.67856752728,7463.853091495045,-191.72903554016577,-191.72903554016577,6000.1630859375,nan,nan,0.0,0.0,0.0
hybrid_diff,0.0,80.0,0.2,1.0,rayleigh,1.0,0.028130814138268814,0.2138907659724164,532.0,810.0,809.0,655.2899999999507,0.85,0.02391119201752849,80000.0,16000.0,16000.185791015625,0.539779922416414,0.42099590832341327,0.8361786503460605,22.85169899393233,17.822952235081544,35.399802825789045,diff,simple,0.6,0.12833445958344983,30000.0,6000.0,1.0,1e-06,1.0,1.0,0.0,0.0,0.0,0.0,0.0,0,1.5,psi4,7,64.103334789993,79.63279081774465,493.21196767035946,1125.4417702587812,1427.4703015806756,11707.976008080024,1061.3384354687882,1347.837510762931,11214.764040409666,1425.7565715208782,-50.74525077431353,-50.74525077431353,6000.1630859375,0.1406153317648423,7332.572274041237,0.0,0.0,0.0
quant_noon2,0.0,80.0,0.2,1.0,rayleigh,1.0,0.028130814138268814,0.2138907659724164,532.0,810.0,809.0,0.405,0.85,0.02391119201752849,80000.0,16000.0,16000.185791015625,0.14355317068982537,0.14059634595367396,0.171666488782633,4.62655733413956,4.531262196435046,5.532617976229552,noon2,simple,0.6,0.12833445958344983,30000.0,6000.0,1.0,1e-06,1.0,1.0,0.0,0.0,0.0,0.0,0.0,0,1.5,psi4,7,64.103334789993,79.63279081774465,493.21196767035946,64.20046763860718,79.77942636886763,503.7988989244316,0.09713284861417897,0.14663555112297383,10.586931254072166,4.616469139129392,-7.716430175307027,-7.716430175307027,6000.184143066406,nan,nan,0.0,0.0,0.0
hybrid_noon2,0.0,80.0,0.2,1.0,rayleigh,1.0,0.028130814138268814,0.2138907659724164,532.0,810.0,809.0,0.405,0.85,0.02391119201752849,80000.0,16000.0,16000.185791015625,0.539779922416414,0.42099590832341327,0.8361786503460605,22.85169899393233,17.822952235081544,35.399802825789045,noon2,simple,0.6,0.12833445958344983,30000.0,6000.0,1.0,1e-06,1.0,1.0,0.0,0.0,0.0,0.0,0.0,0,1.5,psi4,7,64.103334789993,79.63279081774465,493.21196767035946,66.80787317115006,83.22768090425305,593.5124506790921,2.704538381157059,3.5948900865083995,100.30048300873267,23.465602710064644,-8.031377041545136,-8.031377041545136,6000.184143066406,0.14059634595367396,4.531262196435046,0.0,0.0,0.0
classical,0.0,80.0,0.2,1.0,rayleigh,1.0,0.028130814138268814,0.2138907659724164,532.0,810.0,809.0,655.2899999999507,0.85,0.02391119201752849,80000.0,16000.0,15999.596328735352,0.5394934259977998,0.419236148471695,0.8319084648427908,22.83957010649297,17.74845242365275,35.219023605005624,-,simple,0.6,0.12833445958344983,30000.0,6000.0,1.0,1e-06,1.0,1.0,0.0,0.0,0.0,0.0,0.0,0,1.5,psi4,8,62.863164559627535,78.96757030862183,543.477455814894,98.91616154494848,138.75565052918122,1403.4237387374358,36.052996985320945,59.788080220559394,859.9462829225416,116.88367926773617,5.278992099235169,5.278992099235169,,,,,,
quant_diff,0.0,80.0,0.2,1.0,rayleigh,1.0,0.028130814138268814,0.2138907659724164,532.0,810.0,809.0,655.2899999999507,0.85,0.02391119201752849,80000.0,16000.0,15999.596328735352,0.14384689207500653,0.1406394896336493,0.17184808305887492,7501.086256370201,7333.832018030676,8961.245359019225,diff,simple,0.6,0.12833445958344983,30000.0,6000.0,1.0,1e-06,1.0,1.0,0.0,0.0,0.0,0.0,0.0,0,1.5,psi4,8,62.863164559627535,78.96757030862183,543.477455814894,5957.702137001626,7481.157144154379,58624.64056458618,5894.8389724419985,7402.189573845758,58081.16310877129,7480.84324508974,-62.63821628735359,-62.63821628735359,6000.099166870117,nan,nan,0.0,0.0,0.0
hybrid_diff,0.0,80.0,0.2,1.0,rayleigh,1.0,0.028130814138268814,0.2138907659724164,532.0,810.0,809.0,655.2899999999507,0.85,0.02391119201752849,80000.0,16000.0,15999.596328735352,0.5394934259977998,0.419236148471695,0.8319084648427908,22.83957010649297,17.74845242365275,35.219023605005624,diff,simple,0.6,0.12833445958344983,30000.0,6000.0,1.0,1e-06,1.0,1.0,0.0,0.0,0.0,0.0,0.0,0,1.5,psi4,8,62.863164559627535,78.96757030862183,543.477455814894,1178.0129132967254,1479.2456192678312,13461.178529325218,1115.1497487370978,1400.2780489592092,12917.701073510323,1477.8192729783532,-125.47148058094214,-125.47148058094214,6000.099166870117,0.1406394896336493,7333.832018030676,0.0,0.0,0.0
quant_noon2,0.0,80.0,0.2,1.0,rayleigh,1.0,0.028130814138268814,0.2138907659724164,532.0,810.0,809.0,0.405,0.85,0.02391119201752849,80000.0,16000.0,15999.596328735352,0.14372982548679136,0.14102745929397892,0.17076155669461154,4.632250719681561,4.545156494811381,5.503453032197909,noon2,simple,0.6,0.12833445958344983,30000.0,6000.0,1.0,1e-06,1.0,1.0,0.0,0.0,0.0,0.0,0.0,0,1.5,psi4,8,62.863164559627535,78.96757030862183,543.477455814894,62.96787734947834,79.06467826425532,549.8971307258801,0.10471278985081256,0.09710795563349832,6.419674910986009,4.646926654190297,-6.645472346153556,-6.645472346153556,6000.117477416992,nan,nan,0.0,0.0,0.0
hybrid_noon2,0.0,80.0,0.2,1.0,rayleigh,1.0,0.028130814138268814,0.2138907659724164,532.0,810.0,809.0,0.405,0.85,0.02391119201752849,80000.0,16000.0,15999.596328735352,0.5394934259977998,0.419236148471695,0.8319084648427908,22.83957010649297,17.74845242365275,35.219023605005624,noon2,simple,0.6,0.12833445958344983,30000.0,6000.0,1.0,1e-06,1.0,1.0,0.0,0.0,0.0,0.0,0.0,0,1.5,psi4,8,62.863164559627535,78.96757030862183,543.477455814894,65.4535771039325,82.06168768331528,624.8190565034258,2.590412544304971,3.094117374693457,81.3416006885318,23.567315446918965,-5.366874943231091,-5.366874943231091,6000.117477416992,0.14102745929397892,4.545156494811381,0.0,0.0,0.0
classical,0.0,80.0,0.2,1.0,rayleigh,1.0,0.028130814138268814,0.2138907659724164,532.0,810.0,809.0,655.2899999999507,0.85,0.02391119201752849,80000.0,16000.0,15999.821243286133,0.5362059774948705,0.42024887430394786,0.8370617727827295,22.700395267772244,17.791326389357923,35.437190003895275,-,simple,0.6,0.12833445958344983,30000.0,6000.0,1.0,1e-06,1.0,1.0,0.0,0.0,0.0,0.0,0.0,0,1.5,psi4,9,63.58644271620053,79.33494372303691,582.1652103988696,98.16883471198257,134.87142582463244,1114.3400214438568,34.58239199578205,55.53648210159553,532.1748110449871,113.46066583245681,3.0515708570728965,3.0515708570728965,,,,,,
quant_diff,0.0,80.0,0.2,1.0,rayleigh,1.0,0.028130814138268814,0.2138907659724164,532.0,810.0,809.0,655.2899999999507,0.85,0.02391119201752849,80000.0,16000.0,15999.821243286133,0.1436226858413002,0.14064736450083817,0.17143734885793813,7489.394726063309,7334.242663385534,8939.827081396224,diff,simple,0.6,0.12833445958344983,30000.0,6000.0,1.0,1e-06,1.0,1.0,0.0,0.0,0.0,0.0,0.0,0,1.5,psi4,9,63.58644271620053,79.33494372303691,582.1652103988696,5975.7551459250435,7528.058050809955,60741.821388914235,5912.168703208843,7448.7231070869175,60159.65617851536,7527.937575825457,-119.26424960910809,-119.26424960910809,5999.730728149414,nan,nan,0.0,0.0,0.0
hybrid_diff,0.0,80.0,0.2,1.0,rayleigh,1.0,0.028130814138268814,0.2138907659724164,532.0,810.0,809.0,655.2899999999507,0.85,0.02391119201752849,80000.0,16000.0,15999.821243286133,0.5362059774948705,0.42024887430394786,0.8370617727827295,22.700395267772244,17.791326389357923,35.437190003895275,diff,simple,0.6,0.12833445958344983,30000.0,6000.0,1.0,1e-06,1.0,1.0,0.0,0.0,0.0,0.0,0.0,0,1.5,psi4,9,63.58644271620053,79.33494372303691,582.1652103988696,1121.4973353562145,1404.046735527282,10634.473778629297,1057.910892640014,1324.711791804245,10052.308568230428,1403.470947420201,-72.9002619540674,-72.9002619540674,5999.730728149414,0.14064736450083817,7334.242663385534,0.0,0.0,0.0
quant_noon2,0.0,80.0,0.2,1.0,rayleigh,1.0,0.028130814138268814,0.2138907659724164,532.0,810.0,809.0,0.405,0.85,0.02391119201752849,80000.0,16000.0,15999.821243286133,0.14357707458215413,0.14069416289443604,0.17185624370528613,4.62732772972077,4.534414726487229,5.538733564097597,noon2,simple,0.6,0.12833445958344983,30000.0,6000.0,1.0,1e-06,1.0,1.0,0.0,0.0,0.0,0.0,0.0,0,1.5,psi4,9,63.58644271620053,79.33494372303691,582.1652103988696,63.72900766168487,79.49774570529848,598.4424792730525,0.1425649454843378,0.16280198226157758,16.27726887418287,4.640488095310476,-7.459569288998298,-7.459569288998298,5999.846298217773,nan,nan,0.0,0.0,0.0
hybrid_noon2,0.0,80.0,0.2,1.0,rayleigh,1.0,0.028130814138268814,0.2138907659724164,532.0,810.0,809.0,0.405,0.85,0.02391119201752849,80000.0,16000.0,15999.821243286133,0.5362059774948705,0.42024887430394786,0.8370617727827295,22.700395267772244,17.791326389357923,35.437190003895275,noon2,simple,0.6,0.12833445958344983,30000.0,6000.0,1.0,1e-06,1.0,1.0,0.0,0.0,0.0,0.0,0.0,0,1.5,psi4,9,63.58644271620053,79.33494372303691,582.1652103988696,66.19887593081434,82.57249300168885,638.0006275059419,2.612433214613803,3.2375492786519464,55.835417107072274,23.702030306501825,-7.534229163655587,-7.534229163655587,5999.846298217773,0.14069416289443604,4.534414726487229,0.0,0.0,0.0
classical,0.0,80.0,0.2,0.7,rayleigh,1.0,0.028130814138268814,0.2138907659724164,532.0,810.0,809.0,655.2899999999507,0.85,0.016737834412269944,80000.0,16000.0,15999.268997192383,0.7737730205101766,0.548723342083133,1.310173028336669,32.75784707806075,23.230320587127885,55.466456661612035,-,simple,0.6,0.08983412170841489,30000.0,6000.0,1.0,1e-06,1.0,1.0,0.0,0.0,0.0,0.0,0.0,0,1.5,psi4,0,64.5222403252258,79.78676508330491,545.2659088492186,219.48783491856025,286.19402097768705,2060.178219204394,154.96559459333443,206.40725589438213,1514.9123103551751,279.8318035974467,-398.7673549017495,-398.7673549017495,,,,,,
quant_diff,0.0,80.0,0.2,0.7,rayleigh,1.0,0.028130814138268814,0.2138907659724164,532.0,810.0,809.0,655.2899999999507,0.85,0.016737834412269944,80000.0,16000.0,15999.268997192383,0.20725557815282453,0.19815911382483176,0.2651845447049462,10807.615975655353,10333.268823846964,13828.39847975889,diff,simple,0.6,0.08983412170841489,30000.0,6000.0,1.0,1e-06,1.0,1.0,0.0,0.0,0.0,0.0,0.0,0,1.5,psi4,0,64.5222403252258,79.78676508330491,545.2659088492186,8648.661193438904,10906.631757295518,91713.15522193906,8584.13895311368,10826.844992212213,91167.88931308984,10905.757000476402,-314.13707805490856,-314.13707805490856,5999.634918212891,nan,nan,0.0,0.0,0.0
hybrid_diff,0.0,80.0,0.2,0.7,rayleigh,1.0,0.028130814138268814,0.2138907659724164,532.0,810.0,809.0,655.2899999999507,0.85,0.016737834412269944,80000.0,16000.0,15999.268997192383,0.7737730205101766,0.548723342083133,1.310173028336669,32.75784707806075,23.230320587127885,55.466456661612035,diff,simple,0.6,0.08983412170841489,30000.0,6000.0,1.0,1e-06,1.0,1.0,0.0,0.0,0.0,0.0,0.0,0,1.5,psi4,0,64.5222403252258,79.78676508330491,545.2659088492186,1624.4857678086976,2036.963149286374,15463.806988242482,1559.9635274834716,1957.176384203069,14918.541079393264,2032.994316296313,-134.8424160193655,-134.8424160193655,5999.634918212891,0.19815911382483176,10333.268823846964,0.0,0.0,0.0
quant_noon2,0.0,80.0,0.2,0.7,rayleigh,1.0,0.028130814138268814,0.2138907659724164,532.0,810.0,809.0,0.405,0.85,0.016737834412269944,80000.0,16000.0,15999.268997192383,0.20794427685706834,0.19928844096438902,0.26611257968886476,6.701810308768089,6.422842447313376,8.576509326474795,noon2,simple,0.6,0.08983412170841489,30000.0,6000.0,1.0,1e-06,1.0,1.0,0.0,0.0,0.0,0.0,0.0,0,1.5,psi4,0,64.5222403252258,79.78676508330491,545.2659088492186,64.67292531334208,79.9842459534352,551.4938912400658,0.15068498811628128,0.19748087013028423,6.2279823908471625,6.737758881617484,-4.102597980916043,-4.102597980916043,5999.566009521484,nan,nan,0.0,0.0,0.0
hybrid_noon2,0.0,80.0,0.2,0.7,rayleigh,1.0,0.028130814138268814,0.2138907659724164,532.0,810.0,809.0,0.405,0.85,0.016737834412269944,80000.0,16000.0,15999.268997192383,0.7737730205101766,0.548723342083133,1.310173028336669,32.75784707806075,23.230320587127885,55.466456661612035,noon2,simple,0.6,0.08983412170841489,30000.0,6000.0,1.0,1e-06,1.0,1.0,0.0,0.0,0.0,0.0,0.0,0,1.5,psi4,0,64.5222403252258,79.78676508330491,545.2659088492186,69.38972386804579,86.29013247620112,668.4022641741021,4.867483542819984,6.503367392896203,123.1363553248835,34.83079458149046,-5.376945403977313,-5.376945403977313,5999.566009521484,0.19928844096438902,6.422842447313376,0.0,0.0,0.0
classical,0.0,80.0,0.2,0.7,rayleigh,1.0,0.028130814138268814,0.2138907659724164,532.0,810.0,809.0,655.2899999999507,0.85,0.016737834412269944,80000.0,16000.0,16000.63525390625,0.7638711259388348,0.5489363563642904,1.2937216762422397,32.33864824383772,23.239338592489453,54.76998513591665,-,simple,0.6,0.08983412170841489,30000.0,6000.0,1.0,1e-06,1.0,1.0,0.0,0.0,0.0,0.0,0.0,0,1.5,psi4,1,63.45540927048641,79.93200411533286,560.8268298638247,202.72423843431775,264.4074151916407,2147.3695454254603,139.26882916383136,184.47541107630786,1586.5427155616355,257.6095201534255,156.91822742533367,156.91822742533367,,,,,,
quant_diff,0.0,80.0,0.2,0.7,rayleigh,1.0,0.028130814138268814,0.2138907659724164,532.0,810.0,809.0,655.2899999999507,0.85,0.016737834412269944,80000.0,16000.0,16000.63525390625,0.20841248541279073,0.1993149388130661,0.2676661199784816,10867.9444333818,10393.540845083913,13957.803501375613,diff,simple,0.6,0.08983412170841489,30000.0,6000.0,1.0,1e-06,1.0,1.0,0.0,0.0,0.0,0.0,0.0,0,1.5,psi4,1,63.45540927048641,79.93200411533286,560.8268298638247,8560.493154910375,10853.654605482807,110484.57778254394,8497.03774563989,10773.722601367474,109923.75095268013,10853.306264548935,161.0977113836066,161.0977113836066,6000.399230957031,nan,nan,0.0,0.0,0.0
hybrid_diff,0.0,80.0,0.2,0.7,rayleigh,1.0,0.028130814138268814,0.2138907659724164,532.0,810.0,809.0,655.2899999999507,0.85,0.016737834412269944,80000.0,16000.0,16000.63525390625,0.7638711259388348,0.5489363563642904,1.2937216762422397,32.33864824383772,23.239338592489453,54.76998513591665,diff,simple,0.6,0.08983412170841489,30000.0,6000.0,1.0,1e-06,1.0,1.0,0.0,0.0,0.0,0.0,0.0,0,1.5,psi4,1,63.45540927048641,79.93200411533286,560.8268298638247,1626.323348305433,2050.365587351332,17040.229406240687,1562.8679390349466,1970.4335832359993,16479.402576376862,2048.930356757333,70.4983377119841,70.4983377119841,6000.399230957031,0.1993149388130661,10393.540845083913,0.0,0.0,0.0
quant_noon2,0.0,80.0,0.2,0.7,rayleigh,1.0,0.028130814138268814,0.2138907659724164,532.0,810.0,809.0,0.405,0.85,0.016737834412269944,80000.0,16000.0,16000.63525390625,0.2084555240534044,0.1991411379840738,0.2677568018538603,6.718287231251937,6.418095037829885,8.629500758707605,noon2,simple,0.6,0.08983412170841489,30000.0,6000.0,1.0,1e-06,1.0,1.0,0.0,0.0,0.0,0.0,0.0,0,1.5,psi4,1,63.45540927048641,79.93200411533286,560.8268298638247,63.712955194137564,80.20151974028556,570.2739163892763,0.2575459236511457,0.2695156249527034,9.447086525451581,6.742190810026844,3.7623280605162104,3.7623280605162104,6000.41259765625,nan,nan,0.0,0.0,0.0
hybrid_noon2,0.0,80.0,0.2,0.7,rayleigh,1.0,0.028130814138268814,0.2138907659724164,532.0,810.0,809.0,0.405,0.85,0.016737834412269944,80000.0,16000.0,16000.63525390625,0.7638711259388348,0.5489363563642904,1.2937216762422397,32.33864824383772,23.239338592489453,54.76998513591665,noon2,simple,0.6,0.08983412170841489,30000.0,6000.0,1.0,1e-06,1.0,1.0,0.0,0.0,0.0,0.0,0.0,0,1.5,psi4,1,63.45540927048641,79.93200411533286,560.8268298638247,68.79090424432164,86.42853170923475,696.1702970937533,5.335494973835228,6.496527593901889,135.3434672299286,35.37242872389031,2.673519378718861,2.673519378718861,6000.41259765625,0.1991411379840738,6.418095037829885,0.0,0.0,0.0
classical,0.0,80.0,0.2,0.7,rayleigh,1.0,0.028130814138268814,0.2138907659724164,532.0,810.0,809.0,655.2899999999507,0.85,0.016737834412269944,80000.0,16000.0,16000.006561279297,0.7761626494088214,0.5518697421191192,1.2840439818056544,32.85901253092638,23.363524108694566,54.36027786257072,-,simple,0.6,0.08983412170841489,30000.0,6000.0,1.0,1e-06,1.0,1.0,0.0,0.0,0.0,0.0,0.0,0,1.5,psi4,2,64.34518646245138,79.68847520541914,509.18388229070416,193.90086325968736,261.0616067826965,2020.3734296834436,129.55567679723598,181.37313157727735,1511.1895473927395,255.0163171671385,-248.64756358182734,-248.64756358182734,,,,,,
quant_diff,0.0,80.0,0.2,0.7,rayleigh,1.0,0.028130814138268814,0.2138907659724164,532.0,810.0,809.0,655.2899999999507,0.85,0.016737834412269944,80000.0,16000.0,16000.006561279297,0.20805122494839268,0.19906831861406832,0.2672586533395447,10849.10602912171,10380.68050894067,13936.55561509062,diff,simple,0.6,0.08983412170841489,30000.0,6000.0,1.0,1e-06,1.0,1.0,0.0,0.0,0.0,0.0,0.0,0,1.5,psi4,2,64.34518646245138,79.68847520541914,509.18388229070416,8623.091572177163,10883.926477848221,92008.26972289759,8558.746385714712,10804.238002642802,91499.08584060687,10884.047626357175,93.70405623980733,93.70405623980733,5999.941146850586,nan,nan,0.0,0.0,0.0
hybrid_diff,0.0,80.0,0.2,0.7,rayleigh,1.0,0.028130814138268814,0.2138907659724164,532.0,810.0,809.0,655.2899999999507,0.85,0.016737834412269944,80000.0,16000.0,16000.006561279297,0.7761626494088214,0.5518697421191192,1.2840439818056544,32.85901253092638,23.363524108694566,54.36027786257072,diff,simple,0.6,0.08983412170841489,30000.0,6000.0,1.0,1e-06,1.0,1.0,0.0,0.0,0.0,0.0,0.0,0,1.5,psi4,2,64.34518646245138,79.68847520541914,509.18388229070416,1608.7724249208215,2006.9858320829367,15297.005453848724,1544.42723845837,1927.2973568775176,14787.821571558019,2007.6860262344255,100.73405257202195,100.73405257202195,5999.941146850586,0.19906831861406832,10380.68050894067,0.0,0.0,0.0
quant_noon2,0.0,80.0,0.2,0.7,rayleigh,1.0,0.028130814138268814,0.2138907659724164,532.0,810.0,809.0,0.405,0.85,0.016737834412269944,80000.0,16000.0,16000.006561279297,0.20776841475510663,0.19905342579327284,0.2673319105102686,6.696142470895068,6.41526817251097,8.615806988291666,noon2,simple,0.6,0.08983412170841489,30000.0,6000.0,1.0,1e-06,1.0,1.0,0.0,0.0,0.0,0.0,0.0,0,1.5,psi4,2,64.34518646245138,79.68847520541914,509.18388229070416,64.54693928816891,79.93429342845803,520.4109453983486,0.2017528257175396,0.2458182230388918,11.227063107644456,6.715159846318248,8.513931363258523,8.513931363258523,6000.122177124023,nan,nan,0.0,0.0,0.0
hybrid_noon2,0.0,80.0,0.2,0.7,rayleigh,1.0,0.028130814138268814,0.2138907659724164,532.0,810.0,809.0,0.405,0.85,0.016737834412269944,80000.0,16000.0,16000.006561279297,0.7761626494088214,0.5518697421191192,1.2840439818056544,32.85901253092638,23.363524108694566,54.36027786257072,noon2,simple,0.6,0.08983412170841489,30000.0,6000.0,1.0,1e-06,1.0,1.0,0.0,0.0,0.0,0.0,0.0,0,1.5,psi4,2,64.34518646245138,79.68847520541914,509.18388229070416,69.89133774386306,86.74059223432428,631.3491663313868,5.546151281411696,7.052117028905135,122.16528404068261,35.315754809975374,7.832453661470413,7.832453661470413,6000.122177124023,0.19905342579327284,6.41526817251097,0.0,0.0,0.0
classical,0.0,80.0,0.2,0.7,rayleigh,1.0,0.028130814138268814,0.2138907659724164,532.0,810.0,809.0,655.2899999999507,0.85,0.016737834412269944,80000.0,16000.0,15999.553009033203,0.7530203405630723,0.5457762151594419,1.2755504939828537,31.879277913528544,23.105553335586528,54.00070423066091,-,simple,0.6,0.08983412170841489,30000.0,6000.0,1.0,1e-06,1.0,1.0,0.0,0.0,0.0,0.0,0.0,0,1.5,psi4,3,64.69882142805872,79.9962728428014,496.99731553182613,183.4972451570482,247.55575163137743,2087.1971879364714,118.79842372898949,167.55947878857603,1590.1998724046452,242.1911409982422,230.06291011348037,230.06291011348037,,,,,,
quant_diff,0.0,80.0,0.2,0.7,rayleigh,1.0,0.028130814138268814,0.2138907659724164,532.0,810.0,809.0,655.2899999999507,0.85,0.016737834412269944,80000.0,16000.0,15999.553009033203,0.20770084833064817,0.19850884305395716,0.266880927819313,10830.83517742652,10351.505916607199,13916.858618738326,diff,simple,0.6,0.08983412170841489,30000.0,6000.0,1.0,1e-06,1.0,1.0,0.0,0.0,0.0,0.0,0.0,0,1.5,psi4,3,64.69882142805872,79.9962728428014,496.99731553182613,8538.937653362518,10756.509951368418,88055.50083591221,8474.238831934459,10676.513678525616,87558.50352038039,10755.637942858952,-149.4043903700845,-149.4043903700845,5999.720657348633,nan,nan,0.0,0.0,0.0
hybrid_diff,0.0,80.0,0.2,0.7,rayleigh,1.0,0.028130814138268814,0.2138907659724164,532.0,810.0,809.0,655.2899999999507,0.85,0.016737834412269944,80000.0,16000.0,15999.553009033203,0.7530203405630723,0.5457762151594419,1.2755504939828537,31.879277913528544,23.105553335586528,54.00070423066091,diff,simple,0.6,0.08983412170841489,30000.0,6000.0,1.0,1e-06,1.0,1.0,0.0,0.0,0.0,0.0,0.0,0,1.5,psi4,3,64.69882142805872,79.9962728428014,496.99731553182613,1705.8852804898272,2148.801902284562,16361.751128095622,1641.1864590617686,2068.8056294417606,15864.753812563798,2144.905862835928,10.141942954589204,10.141942954589204,5999.720657348633,0.19850884305395716,10351.505916607199,0.0,0.0,0.0
quant_noon2,0.0,80.0,0.2,0.7,rayleigh,1.0,0.028130814138268814,0.2138907659724164,532.0,810.0,809.0,0.405,0.85,0.016737834412269944,80000.0,16000.0,15999.553009033203,0.20802584229110482,0.1993007539207703,0.2674735158135392,6.704439071025589,6.423239280057487,8.620370768048332,noon2,simple,0.6,0.08983412170841489,30000.0,6000.0,1.0,1e-06,1.0,1.0,0.0,0.0,0.0,0.0,0.0,0,1.5,psi4,3,64.69882142805872,79.9962728428014,496.99731553182613,64.86575522380821,80.16126524309517,502.3887542953533,0.16693379574949554,0.1649924002937676,5.391438763527197,6.69403968710747,3.234300434499888,3.234300434499888,5999.717330932617,nan,nan,0.0,0.0,0.0
hybrid_noon2,0.0,80.0,0.2,0.7,rayleigh,1.0,0.028130814138268814,0.2138907659724164,532.0,810.0,809.0,0.405,0.85,0.016737834412269944,80000.0,16000.0,15999.553009033203,0.7530203405630723,0.5457762151594419,1.2755504939828537,31.879277913528544,23.105553335586528,54.00070423066091,noon2,simple,0.6,0.08983412170841489,30000.0,6000.0,1.0,1e-06,1.0,1.0,0.0,0.0,0.0,0.0,0.0,0,1.5,psi4,3,64.69882142805872,79.9962728428014,496.99731553182613,71.38568214423003,89.25185117471358,629.2855676506847,6.686860716171314,9.255578331912181,132.28825211885857,44.15573659619027,2.7819525906811413,2.7819525906811413,5999.717330932617,0.1993007539207703,6.423239280057487,0.0,0.0,0.0
classical,0.0,80.0,0.2,0.7,rayleigh,1.0,0.028130814138268814,0.2138907659724164,532.0,810.0,809.0,655.2899999999507,0.85,0.016737834412269944,80000.0,16000.0,16000.6689453125,0.7636121143652181,0.5519454143787652,1.2855543324188858,32.32768293321679,23.366727710065803,54.424218880299506,-,simple,0.6,0.08983412170841489,30000.0,6000.0,1.0,1e-06,1.0,1.0,0.0,0.0,0.0,0.0,0.0,0,1.5,psi4,4,64.64017692465141,79.88821086621266,496.3154119796947,209.98136567550466,273.6828760484542,2031.2548130340163,145.34118875085323,193.79466518224154,1534.9394010543215,266.93076092737783,195.94657308934836,195.94657308934836,,,,,,
quant_diff,0.0,80.0,0.2,0.7,rayleigh,1.0,0.028130814138268814,0.2138907659724164,532.0,810.0,809.0,655.2899999999507,0.85,0.016737834412269944,80000.0,16000.0,16000.6689453125,0.2078188842000388,0.19932420954295055,0.2669865870648198,10836.99031380015,10394.024279543426,13922.36835970594,diff,simple,0.6,0.08983412170841489,30000.0,6000.0,1.0,1e-06,1.0,1.0,0.0,0.0,0.0,0.0,0.0,0,1.5,psi4,4,64.64017692465141,79.88821086621266,496.3154119796947,8526.810669967697,10754.612620154694,107024.1863742844,8462.170493043046,10674.724409288481,106527.8709623047,10754.291069177463,338.607717015874,338.607717015874,6000.386459350586,nan,nan,0.0,0.0,0.0
hybrid_diff,0.0,80.0,0.2,0.7,rayleigh,1.0,0.028130814138268814,0.2138907659724164,532.0,810.0,809.0,655.2899999999507,0.85,0.016737834412269944,80000.0,16000.0,16000.6689453125,0.7636121143652181,0.5519454143787652,1.2855543324188858,32.32768293321679,23.366727710065803,54.424218880299506,diff,simple,0.6,0.08983412170841489,30000.0,6000.0,1.0,1e-06,1.0,1.0,0.0,0.0,0.0,0.0,0.0,0,1.5,psi4,4,64.64017692465141,79.88821086621266,496.3154119796947,1695.803371671534,2140.1190217554044,17745.92145943069,1631.1631947468825,2060.2308108891916,17249.606047450998,2138.758199014318,274.08659362196545,274.08659362196545,6000.386459350586,0.19932420954295055,10394.024279543426,0.0,0.0,0.0
quant_noon2,0.0,80.0,0.2,0.7,rayleigh,1.0,0.028130814138268814,0.2138907659724164,532.0,810.0,809.0,0.405,0.85,0.016737834412269944,80000.0,16000.0,16000.6689453125,0.2081303550557699,0.19930261269527355,0.26653425480410037,6.7078073999558985,6.42329918627042,8.590099441465936,noon2,simple,0.6,0.08983412170841489,30000.0,6000.0,1.0,1e-06,1.0,1.0,0.0,0.0,0.0,0.0,0.0,0,1.5,psi4,4,64.64017692465141,79.88821086621266,496.3154119796947,64.83240067486638,80.14157404561549,510.25972010391996,0.19222375021497135,0.25336317940282455,13.944308124225206,6.669892724885724,-16.513973752286724,-16.513973752286724,6000.393508911133,nan,nan,0.0,0.0,0.0
hybrid_noon2,0.0,80.0,0.2,0.7,rayleigh,1.0,0.028130814138268814,0.2138907659724164,532.0,810.0,809.0,0.405,0.85,0.016737834412269944,80000.0,16000.0,16000.6689453125,0.7636121143652181,0.5519454143787652,1.2855543324188858,32.32768293321679,23.366727710065803,54.424218880299506,noon2,simple,0.6,0.08983412170841489,30000.0,6000.0,1.0,1e-06,1.0,1.0,0.0,0.0,0.0,0.0,0.0,0,1.5,psi4,4,64.64017692465141,79.88821086621266,496.3154119796947,69.63408425455016,86.43247725942832,630.7408609011653,4.993907329898745,6.544266393215664,134.42544892147055,34.92064406849748,-12.702069177138187,-12.702069177138187,6000.393508911133,0.19930261269527355,6.42329918627042,0.0,0.0,0.0
classical,0.0,80.0,0.2,0.7,rayleigh,1.0,0.028130814138268814,0.2138907659724164,532.0,810.0,809.0,655.2899999999507,0.85,0.016737834412269944,80000.0,16000.0,16000.041854858398,0.7804144092190722,0.5491587123185493,1.2698343207265377,33.03901169603685,23.248752079588947,53.75870880766381,-,simple,0.6,0.08983412170841489,30000.0,6000.0,1.0,1e-06,1.0,1.0,0.0,0.0,0.0,0.0,0.0,0,1.5,psi4,5,63.83196241206738,78.72142622258168,497.24798357818315,212.89535112636952,280.8667236100351,2227.679062189066,149.06338871430214,202.14529738745338,1730.4310786108827,273.39049226997207,-247.76251059710904,-247.76251059710904,,,,,,
quant_diff,0.0,80.0,0.2,0.7,rayleigh,1.0,0.028130814138268814,0.2138907659724164,532.0,810.0,809.0,655.2899999999507,0.85,0.016737834412269944,80000.0,16000.0,16000.041854858398,0.20822255551947044,0.19951654032357075,0.26686144299001924,10858.04028813467,10404.053622231168,13915.842556568927,diff,simple,0.6,0.08983412170841489,30000.0,6000.0,1.0,1e-06,1.0,1.0,0.0,0.0,0.0,0.0,0.0,0,1.5,psi4,5,63.83196241206738,78.72142622258168,497.24798357818315,8485.080624909222,10783.701291153424,95494.13214040746,8421.248662497155,10704.979864930843,94996.88415682927,10783.066471106355,152.92264015699192,152.92264015699192,6000.02326965332,nan,nan,0.0,0.0,0.0
hybrid_diff,0.0,80.0,0.2,0.7,rayleigh,1.0,0.028130814138268814,0.2138907659724164,532.0,810.0,809.0,655.2899999999507,0.85,0.016737834412269944,80000.0,16000.0,16000.041854858398,0.7804144092190722,0.5491587123185493,1.2698343207265377,33.03901169603685,23.248752079588947,53.75870880766381,diff,simple,0.6,0.08983412170841489,30000.0,6000.0,1.0,1e-06,1.0,1.0,0.0,0.0,0.0,0.0,0.0,0,1.5,psi4,5,63.83196241206738,78.72142622258168,497.24798357818315,1629.8898374583248,2049.492894565585,14332.30011902396,1566.0578750462573,1970.771468343003,13835.052135445776,2046.4389720357867,165.7090927554562,165.7090927554562,6000.02326965332,0.19951654032357075,10404.053622231168,0.0,0.0,0.0
quant_noon2,0.0,80.0,0.2,0.7,rayleigh,1.0,0.028130814138268814,0.2138907659724164,532.0,810.0,809.0,0.405,0.85,0.016737834412269944,80000.0,16000.0,16000.041854858398,0.20835806862279616,0.1994628047242925,0.2663774345739684,6.715146352265665,6.4284619953060345,8.585045301718464,noon2,simple,0.6,0.08983412170841489,30000.0,6000.0,1.0,1e-06,1.0,1.0,0.0,0.0,0.0,0.0,0.0,0,1.5,psi4,5,63.83196241206738,78.72142622258168,497.24798357818315,64.06089001996328,79.01223832273298,498.3187945285453,0.22892760789590053,0.29081210015130166,1.0708109503621481,6.631501428899743,-16.677749853067613,-16.677749853067613,6000.025405883789,nan,nan,0.0,0.0,0.0
hybrid_noon2,0.0,80.0,0.2,0.7,rayleigh,1.0,0.028130814138268814,0.2138907659724164,532.0,810.0,809.0,0.405,0.85,0.016737834412269944,80000.0,16000.0,16000.041854858398,0.7804144092190722,0.5491587123185493,1.2698343207265377,33.03901169603685,23.248752079588947,53.75870880766381,noon2,simple,0.6,0.08983412170841489,30000.0,6000.0,1.0,1e-06,1.0,1.0,0.0,0.0,0.0,0.0,0.0,0,1.5,psi4,5,63.83196241206738,78.72142622258168,497.24798357818315,69.13981641066165,85.54975073906834,604.7314460851563,5.307853998594279,6.828324516486662,107.48346250697311,35.050244039074464,-14.17123115281831,-14.17123115281831,6000.025405883789,0.1994628047242925,6.4284619953060345,0.0,0.0,0.0
classical,0.0,80.0,0.2,0.7,rayleigh,1.0,0.028130814138268814,0.2138907659724164,532.0,810.0,809.0,655.2899999999507,0.85,0.016737834412269944,80000.0,16000.0,15999.553741455078,0.764602665205286,0.5475900823569111,1.2664346018077652,32.36961811586325,23.182343793123323,53.614780976765665,-,simple,0.6,0.08983412170841489,30000.0,6000.0,1.0,1e-06,1.0,1.0,0.0,0.0,0.0,0.0,0.0,0,1.5,psi4,6,64.00824378958805,79.81191698851954,520.6375093880803,221.13638154248133,294.30049508777165,2461.5352108850307,157.12813775289328,214.4885780992521,1940.8977014969503,285.77112841287607,151.26215421638582,151.26215421638582,,,,,,
quant_diff,0.0,80.0,0.2,0.7,rayleigh,1.0,0.028130814138268814,0.2138907659724164,532.0,810.0,809.0,655.2899999999507,0.85,0.016737834412269944,80000.0,16000.0,15999.553741455078,0.208238654649182,0.19941067466949133,0.2661153800596818,10858.879798525735,10398.533117815801,13876.938119271643,diff,simple,0.6,0.08983412170841489,30000.0,6000.0,1.0,1e-06,1.0,1.0,0.0,0.0,0.0,0.0,0.0,0,1.5,psi4,6,64.00824378958805,79.81191698851954,520.6375093880803,8556.715128512355,10828.869166499608,98404.92893250263,8492.706884722766,10749.057249511088,97884.29142311456,10827.114637868503,180.76266348721788,180.76266348721788,5999.752365112305,nan,nan,0.0,0.0,0.0
hybrid_diff,0.0,80.0,0.2,0.7,rayleigh,1.0,0.028130814138268814,0.2138907659724164,532.0,810.0,809.0,655.2899999999507,0.85,0.016737834412269944,80000.0,16000.0,15999.553741455078,0.764602665205286,0.5475900823569111,1.2664346018077652,32.36961811586325,23.182343793123323,53.614780976765665,diff,simple,0.6,0.08983412170841489,30000.0,6000.0,1.0,1e-06,1.0,1.0,0.0,0.0,0.0,0.0,0.0,0,1.5,psi4,6,64.00824378958805,79.81191698851954,520.6375093880803,1707.7854088833137,2137.4115571167845,17161.88755663969,1643.7771650937257,2057.599640128265,16641.250047251608,2129.5710920952847,240.74527451523537,240.74527451523537,5999.752365112305,0.19941067466949133,10398.533117815801,0.0,0.0,0.0
quant_noon2,0.0,80.0,0.2,0.7,rayleigh,1.0,0.028130814138268814,0.2138907659724164,532.0,810.0,809.0,0.405,0.85,0.016737834412269944,80000.0,16000.0,15999.553741455078,0.20852560893737793,0.1997668421373892,0.26665715647475585,6.72054598828532,6.438260779384825,8.594060424166747,noon2,simple,0.6,0.08983412170841489,30000.0,6000.0,1.0,1e-06,1.0,1.0,0.0,0.0,0.0,0.0,0.0,0,1.5,psi4,6,64.00824378958805,79.81191698851954,520.6375093880803,64.28411813760653,80.13799856153013,539.4815389351579,0.2758743480184698,0.32608157301057755,18.844029547077596,6.713436591415052,-3.6739468832546356,-3.6739468832546356,5999.762832641602,nan,nan,0.0,0.0,0.0
hybrid_noon2,0.0,80.0,0.2,0.7,rayleigh,1.0,0.028130814138268814,0.2138907659724164,532.0,810.0,809.0,0.405,0.85,0.016737834412269944,80000.0,16000.0,15999.553741455078,0.764602665205286,0.5475900823569111,1.2664346018077652,32.36961811586325,23.182343793123323,53.614780976765665,noon2,simple,0.6,0.08983412170841489,30000.0,6000.0,1.0,1e-06,1.0,1.0,0.0,0.0,0.0,0.0,0.0,0,1.5,psi4,6,64.00824378958805,79.81191698851954,520.6375093880803,69.47249517870762,86.89127174525179,633.3379733664655,5.464251389119563,7.079354756732241,112.70046397838519,35.41391920439115,-2.662548291551966,-2.662548291551966,5999.762832641602,0.1997668421373892,6.438260779384825,0.0,0.0,0.0
classical,0.0,80.0,0.2,0.7,rayleigh,1.0,0.028130814138268814,0.2138907659724164,532.0,810.0,809.0,655.2899999999507,0.85,0.016737834412269944,80000.0,16000.0,16000.172836303711,0.756394016624127,0.5517302589898139,1.3032636815273897,32.02210321444958,23.357619060445735,55.17394797988205,-,simple,0.6,0.08983412170841489,30000.0,6000.0,1.0,1e-06,1.0,1.0,0.0,0.0,0.0,0.0,0.0,0,1.5,psi4,7,64.103334789993,79.63279081774465,493.21196767035946,224.66724419644333,289.63444074337843,2430.6137432471146,160.56390940645034,210.00164992563379,1937.4017755767554,279.78441927764544,210.3914909524264,210.3914909524264,,,,,,
quant_diff,0.0,80.0,0.2,0.7,rayleigh,1.0,0.028130814138268814,0.2138907659724164,532.0,810.0,809.0,655.2899999999507,0.85,0.016737834412269944,80000.0,16000.0,16000.172836303711,0.20742700268349235,0.19868153106591635,0.26504114981785304,10816.55513431529,10360.510961168548,13820.920963899545,diff,simple,0.6,0.08983412170841489,30000.0,6000.0,1.0,1e-06,1.0,1.0,0.0,0.0,0.0,0.0,0.0,0,1.5,psi4,7,64.103334789993,79.63279081774465,493.21196767035946,8517.48155470253,10700.784739701687,87708.70881719855,8453.378219912538,10621.151948883942,87215.4968495282,10700.33729588004,191.71614415439205,191.71614415439205,6000.201873779297,nan,nan,0.0,0.0,0.0
hybrid_diff,0.0,80.0,0.2,0.7,rayleigh,1.0,0.028130814138268814,0.2138907659724164,532.0,810.0,809.0,655.2899999999507,0.85,0.016737834412269944,80000.0,16000.0,16000.172836303711,0.756394016624127,0.5517302589898139,1.3032636815273897,32.02210321444958,23.357619060445735,55.17394797988205,diff,simple,0.6,0.08983412170841489,30000.0,6000.0,1.0,1e-06,1.0,1.0,0.0,0.0,0.0,0.0,0.0,0,1.5,psi4,7,64.103334789993,79.63279081774465,493.21196767035946,1647.7151660469228,2084.740547783933,18005.860021759072,1583.6118312569297,2005.107756966188,17512.648054088713,2082.177292742025,-31.95317105343872,-31.95317105343872,6000.201873779297,0.19868153106591635,10360.510961168548,0.0,0.0,0.0
quant_noon2,0.0,80.0,0.2,0.7,rayleigh,1.0,0.028130814138268814,0.2138907659724164,532.0,810.0,809.0,0.405,0.85,0.016737834412269944,80000.0,16000.0,16000.172836303711,0.20710957074875264,0.19828706052738326,0.26478068222078194,6.6749086691266815,6.390569081404216,8.533583768163059,noon2,simple,0.6,0.08983412170841489,30000.0,6000.0,1.0,1e-06,1.0,1.0,0.0,0.0,0.0,0.0,0.0,0,1.5,psi4,7,64.103334789993,79.63279081774465,493.21196767035946,64.28254043217397,79.89556790906411,510.9449658917387,0.17920564218097404,0.2627770913194613,17.73299822137927,6.679985184502048,-8.07881081200516,-8.07881081200516,6000.152420043945,nan,nan,0.0,0.0,0.0
hybrid_noon2,0.0,80.0,0.2,0.7,rayleigh,1.0,0.028130814138268814,0.2138907659724164,532.0,810.0,809.0,0.405,0.85,0.016737834412269944,80000.0,16000.0,16000.172836303711,0.756394016624127,0.5517302589898139,1.3032636815273897,32.02210321444958,23.357619060445735,55.17394797988205,noon2,simple,0.6,0.08983412170841489,30000.0,6000.0,1.0,1e-06,1.0,1.0,0.0,0.0,0.0,0.0,0.0,0,1.5,psi4,7,64.103334789993,79.63279081774465,493.21196767035946,69.09851962616573,86.32537589028527,590.1011501041734,4.99518483617272,6.692585072540612,96.88918243381397,34.65707268210151,-8.648771319235513,-8.648771319235513,6000.152420043945,0.19828706052738326,6.390569081404216,0.0,0.0,0.0
classical,0.0,80.0,0.2,0.7,rayleigh,1.0,0.028130814138268814,0.2138907659724164,532.0,810.0,809.0,655.2899999999507,0.85,0.016737834412269944,80000.0,16000.0,15999.747497558594,0.7742582493919341,0.5508078390284856,1.2907409763969178,32.778389347027414,23.318568213189494,54.64379656752449,-,simple,0.6,0.08983412170841489,30000.0,6000.0,1.0,1e-06,1.0,1.0,0.0,0.0,0.0,0.0,0.0,0,1.5,psi4,8,62.863164559627535,78.96757030862183,543.477455814894,217.31028013775943,288.40214102605654,2482.6599998085308,154.4471155781319,209.4345707174347,1939.182543993637,279.72244361916626,-164.36323698733622,-164.36323698733622,,,,,,
quant_diff,0.0,80.0,0.2,0.7,rayleigh,1.0,0.028130814138268814,0.2138907659724164,532.0,810.0,809.0,655.2899999999507,0.85,0.016737834412269944,80000.0,16000.0,15999.747497558594,0.2078804191797827,0.19917525772708902,0.2661864675100291,10840.19913662687,10386.25699029092,13880.645068299937,diff,simple,0.6,0.08983412170841489,30000.0,6000.0,1.0,1e-06,1.0,1.0,0.0,0.0,0.0,0.0,0.0,0,1.5,psi4,8,62.863164559627535,78.96757030862183,543.477455814894,8568.839396941783,10850.927667621958,105072.71260048331,8505.976232382154,10771.960097313335,104529.23514466842,10850.371500291858,111.42410267474439,111.42410267474439,5999.724105834961,nan,nan,0.0,0.0,0.0
hybrid_diff,0.0,80.0,0.2,0.7,rayleigh,1.0,0.028130814138268814,0.2138907659724164,532.0,810.0,809.0,655.2899999999507,0.85,0.016737834412269944,80000.0,16000.0,15999.747497558594,0.7742582493919341,0.5508078390284856,1.2907409763969178,32.778389347027414,23.318568213189494,54.64379656752449,diff,simple,0.6,0.08983412170841489,30000.0,6000.0,1.0,1e-06,1.0,1.0,0.0,0.0,0.0,0.0,0.0,0,1.5,psi4,8,62.863164559627535,78.96757030862183,543.477455814894,1681.104183376991,2103.5106824882487,15793.154216093373,1618.2410188173635,2024.5431121796269,15249.676760278478,2101.161851454307,212.66813099646936,212.66813099646936,5999.724105834961,0.19917525772708902,10386.25699029092,0.0,0.0,0.0
quant_noon2,0.0,80.0,0.2,0.7,rayleigh,1.0,0.028130814138268814,0.2138907659724164,532.0,810.0,809.0,0.405,0.85,0.016737834412269944,80000.0,16000.0,15999.747497558594,0.20799166444345202,0.19906474140782082,0.2661330130323892,6.703337557412455,6.415632862048829,8.577167870169022,noon2,simple,0.6,0.08983412170841489,30000.0,6000.0,1.0,1e-06,1.0,1.0,0.0,0.0,0.0,0.0,0.0,0,1.5,psi4,8,62.863164559627535,78.96757030862183,543.477455814894,63.06647307094438,79.24939358817363,558.6443690103869,0.20330851131684918,0.2818232795518111,15.166913195492896,6.673537632962761,-6.583724202554615,-6.583724202554615,5999.758026123047,nan,nan,0.0,0.0,0.0
hybrid_noon2,0.0,80.0,0.2,0.7,rayleigh,1.0,0.028130814138268814,0.2138907659724164,532.0,810.0,809.0,0.405,0.85,0.016737834412269944,80000.0,16000.0,15999.747497558594,0.7742582493919341,0.5508078390284856,1.2907409763969178,32.778389347027414,23.318568213189494,54.64379656752449,noon2,simple,0.6,0.08983412170841489,30000.0,6000.0,1.0,1e-06,1.0,1.0,0.0,0.0,0.0,0.0,0.0,0,1.5,psi4,8,62.863164559627535,78.96757030862183,543.477455814894,68.42463544305423,85.77844923276245,665.2463446467596,5.561470883426701,6.810878924140634,121.76888883186561,34.99553932636301,-5.243926704804561,-5.243926704804561,5999.758026123047,0.19906474140782082,6.415632862048829,0.0,0.0,0.0
classical,0.0,80.0,0.2,0.7,rayleigh,1.0,0.028130814138268814,0.2138907659724164,532.0,810.0,809.0,655.2899999999507,0.85,0.016737834412269944,80000.0,16000.0,15999.85415649414,0.7629263688916886,0.5497762932918175,1.2736476716591967,32.29865175125398,23.27489750278722,53.92014783874382,-,simple,0.6,0.08983412170841489,30000.0,6000.0,1.0,1e-06,1.0,1.0,0.0,0.0,0.0,0.0,0.0,0,1.5,psi4,9,63.58644271620053,79.33494372303691,582.1652103988696,212.4066284142335,280.15621627440925,2248.9082294953314,148.820185698033,200.82127255137237,1666.7430190964615,275.46442564537796,-525.5008403557667,-525.5008403557667,,,,,,
quant_diff,0.0,80.0,0.2,0.7,rayleigh,1.0,0.028130814138268814,0.2138907659724164,532.0,810.0,809.0,655.2899999999507,0.85,0.016737834412269944,80000.0,16000.0,15999.85415649414,0.2076700442774689,0.1989156863049582,0.26597552577211653,10829.228859371186,10372.721295504574,13869.645232652976,diff,simple,0.6,0.08983412170841489,30000.0,6000.0,1.0,1e-06,1.0,1.0,0.0,0.0,0.0,0.0,0.0,0,1.5,psi4,9,63.58644271620053,79.33494372303691,582.1652103988696,8617.508809912628,10921.816803898295,98986.92024832146,8553.922367196428,10842.48186017526,98404.75503792259,10922.214560494529,149.64144230426663,149.64144230426663,5999.713943481445,nan,nan,0.0,0.0,0.0
hybrid_diff,0.0,80.0,0.2,0.7,rayleigh,1.0,0.028130814138268814,0.2138907659724164,532.0,810.0,809.0,655.2899999999507,0.85,0.016737834412269944,80000.0,16000.0,15999.85415649414,0.7629263688916886,0.5497762932918175,1.2736476716591967,32.29865175125398,23.27489750278722,53.92014783874382,diff,simple,0.6,0.08983412170841489,30000.0,6000.0,1.0,1e-06,1.0,1.0,0.0,0.0,0.0,0.0,0.0,0,1.5,psi4,9,63.58644271620053,79.33494372303691,582.1652103988696,1612.503259277776,2033.1384407371213,16398.573902722947,1548.9168165615754,1953.803497014084,15816.408692324076,2035.2894906870974,2.266962364440863,2.266962364440863,5999.713943481445,0.1989156863049582,10372.721295504574,0.0,0.0,0.0
quant_noon2,0.0,80.0,0.2,0.7,rayleigh,1.0,0.028130814138268814,0.2138907659724164,532.0,810.0,809.0,0.405,0.85,0.016737834412269944,80000.0,16000.0,15999.85415649414,0.2078599615428707,0.19912797320304285,0.2656661982901109,6.699092920963927,6.4176707517347875,8.562122955736315,noon2,simple,0.6,0.08983412170841489,30000.0,6000.0,1.0,1e-06,1.0,1.0,0.0,0.0,0.0,0.0,0.0,0,1.5,psi4,9,63.58644271620053,79.33494372303691,582.1652103988696,63.82858974933804,79.6536569417014,622.4541682772968,0.2421470331375174,0.3187132186644891,40.28895787842719,6.69744163031864,-7.586664262411636,-7.586664262411636,5999.8785400390625,nan,nan,0.0,0.0,0.0
hybrid_noon2,0.0,80.0,0.2,0.7,rayleigh,1.0,0.028130814138268814,0.2138907659724164,532.0,810.0,809.0,0.405,0.85,0.016737834412269944,80000.0,16000.0,15999.85415649414,0.7629263688916886,0.5497762932918175,1.2736476716591967,32.29865175125398,23.27489750278722,53.92014783874382,noon2,simple,0.6,0.08983412170841489,30000.0,6000.0,1.0,1e-06,1.0,1.0,0.0,0.0,0.0,0.0,0.0,0,1.5,psi4,9,63.58644271620053,79.33494372303691,582.1652103988696,69.34816511646558,86.73355825486975,681.4323252982858,5.761722400265055,7.3986145318328385,99.26711489941619,35.23883682694004,-7.777170899252241,-7.777170899252241,5999.8785400390625,0.19912797320304285,6.4176707517347875,0.0,0.0,0.0
classical,0.0,120.0,1.0,1.0,rayleigh,1.0,0.00032408593089047993,0.031112297319937907,532.0,810.0,809.0,655.2899999999507,0.85,0.0002754730412569079,80000.0,80000.0,79998.38899230957,1.2713223935386515,0.8483133754658787,2.2385804300848133,53.821706689895606,35.91352902103325,94.77078349450323,-,simple,0.6,0.018667378391962742,30000.0,30000.0,1.0,1e-06,1.0,1.0,0.0,0.0,0.0,0.0,0.0,0,1.5,psi4,0,96.7833604878387,119.6801476249574,817.898863273828,427.47756662831125,569.5365075555106,5774.987557455096,330.6942061404725,449.85635993055325,4957.088694181268,588.0180939949022,13.732568749562759,13.732568749562759,,,,,,
quant_diff,0.0,120.0,1.0,1.0,rayleigh,1.0,0.00032408593089047993,0.031112297319937907,532.0,810.0,809.0,655.2899999999507,0.85,0.0002754730412569079,80000.0,80000.0,79998.38899230957,0.4961054955353191,0.39688205122564246,0.7634851558017228,25870.07658343627,20695.938973059987,39812.94226461795,diff,simple,0.6,0.018667378391962742,30000.0,30000.0,1.0,1e-06,1.0,1.0,0.0,0.0,0.0,0.0,0.0,0,1.5,psi4,0,96.7833604878387,119.6801476249574,817.898863273828,35307.81105083226,72824.57605778119,874945.4587326576,35211.02769034442,72704.89591015625,874127.5598693837,72824.15540233154,-1838.846198807477,-1838.846198807477,29999.029342651367,nan,nan,0.0,0.0,0.0
hybrid_diff,0.0,120.0,1.0,1.0,rayleigh,1.0,0.00032408593089047993,0.031112297319937907,532.0,810.0,809.0,655.2899999999507,0.85,0.0002754730412569079,80000.0,80000.0,79998.38899230957,1.2713223935386515,0.8483133754658787,2.2385804300848133,53.821706689895606,35.91352902103325,94.77078349450323,diff,simple,0.6,0.018667378391962742,30000.0,30000.0,1.0,1e-06,1.0,1.0,0.0,0.0,0.0,0.0,0.0,0,1.5,psi4,0,96.7833604878387,119.6801476249574,817.898863273828,19360.524762348374,30297.757812922548,263733.70236933784,19263.741401860534,30178.077665297587,262915.80350606405,30297.135396671376,-2985.3041611542662,-2985.3041611542662,29999.029342651367,0.39688205122564246,20695.938973059987,0.0,0.0,0.0
quant_noon2,0.0,120.0,1.0,1.0,rayleigh,1.0,0.00032408593089047993,0.031112297319937907,532.0,810.0,809.0,0.405,0.85,0.0002754730412569079,80000.0,80000.0,79998.38899230957,0.5034290412908218,0.4006539911704946,0.7654626323700455,16.224952134533254,12.912627790766866,24.67000024299997,noon2,simple,0.6,0.018667378391962742,30000.0,30000.0,1.0,1e-06,1.0,1.0,0.0,0.0,0.0,0.0,0.0,0,1.5,psi4,0,96.7833604878387,119.6801476249574,817.898863273828,128.51219094675497,164.08241578219136,1284.9890687622242,31.728830458916256,44.402268157233955,467.0902054883961,124.09051447047175,-12.68388078911622,-12.68388078911622,29998.97491455078,nan,nan,0.0,0.0,0.0
hybrid_noon2,0.0,120.0,1.0,1.0,rayleigh,1.0,0.00032408593089047993,0.031112297319937907,532.0,810.0,809.0,0.405,0.85,0.0002754730412569079,80000.0,80000.0,79998.38899230957,1.2713223935386515,0.8483133754658787,2.2385804300848133,53.821706689895606,35.91352902103325,94.77078349450323,noon2,simple,0.6,0.018667378391962742,30000.0,30000.0,1.0,1e-06,1.0,1.0,0.0,0.0,0.0,0.0,0.0,0,1.5,psi4,0,96.7833604878387,119.6801476249574,817.898863273828,107.93212404761564,133.90936137234814,973.0282027360097,11.148763559776933,14.229213747390737,155.12933946218163,97.23827623998078,-6.4748407886765715,-6.4748407886765715,29998.97491455078,0.4006539911704946,12.912627790766866,0.0,0.0,0.0
classical,0.0,120.0,1.0,1.0,rayleigh,1.0,0.00032408593089047993,0.031112297319937907,532.0,810.0,809.0,655.2899999999507,0.85,0.0002754730412569079,80000.0,80000.0,80001.4144897461,1.246397534164204,0.8502979332142083,2.1672298337468137,52.76650741286217,35.997545699715715,91.7501406679705,-,simple,0.6,0.018667378391962742,30000.0,30000.0,1.0,1e-06,1.0,1.0,0.0,0.0,0.0,0.0,0.0,0,1.5,psi4,1,95.18311390572963,119.8980061729993,841.2402447957372,486.5746714445895,662.8838384731786,6211.334954421215,391.3915575388599,542.9858323001794,5370.094709625478,672.0878234256796,-455.6707778151272,-455.6707778151272,,,,,,
quant_diff,0.0,120.0,1.0,1.0,rayleigh,1.0,0.00032408593089047993,0.031112297319937907,532.0,810.0,809.0,655.2899999999507,0.85,0.0002754730412569079,80000.0,80000.0,80001.4144897461,0.5040740594035704,0.4002534242134642,0.7661737987594546,26285.607875443467,20871.743672203993,39953.145104231706,diff,simple,0.6,0.018667378391962742,30000.0,30000.0,1.0,1e-06,1.0,1.0,0.0,0.0,0.0,0.0,0.0,0,1.5,psi4,1,95.18311390572963,119.8980061729993,841.2402447957372,39909.864980941325,91298.68721681857,1148527.3023189853,39814.68186703559,91178.78921064557,1147686.0620741895,91299.85066202079,-862.8227259656067,-862.8227259656067,30000.92967224121,nan,nan,0.0,0.0,0.0
hybrid_diff,0.0,120.0,1.0,1.0,rayleigh,1.0,0.00032408593089047993,0.031112297319937907,532.0,810.0,809.0,655.2899999999507,0.85,0.0002754730412569079,80000.0,80000.0,80001.4144897461,1.246397534164204,0.8502979332142083,2.1672298337468137,52.76650741286217,35.997545699715715,91.7501406679705,diff,simple,0.6,0.018667378391962742,30000.0,30000.0,1.0,1e-06,1.0,1.0,0.0,0.0,0.0,0.0,0.0,0,1.5,psi4,1,95.18311390572963,119.8980061729993,841.2402447957372,21297.36638796549,35753.97138849669,294742.60669958073,21202.183274059757,35634.073382323695,293901.366454785,35756.11110920148,-2187.330913802477,-2187.330913802477,30000.92967224121,0.4002534242134642,20871.743672203993,0.0,0.0,0.0
quant_noon2,0.0,120.0,1.0,1.0,rayleigh,1.0,0.00032408593089047993,0.031112297319937907,532.0,810.0,809.0,0.405,0.85,0.0002754730412569079,80000.0,80000.0,80001.4144897461,0.4943385468983055,0.40037611897290437,0.7550571954755435,15.931975718195336,12.90367228217352,24.33464470784984,noon2,simple,0.6,0.018667378391962742,30000.0,30000.0,1.0,1e-06,1.0,1.0,0.0,0.0,0.0,0.0,0.0,0,1.5,psi4,1,95.18311390572963,119.8980061729993,841.2402447957372,136.14534340541275,177.73595664220596,1454.356038219854,40.96222949968311,57.837950469206646,613.1157934241169,135.61429006887727,-68.7282963463385,-68.7282963463385,30000.92578125,nan,nan,0.0,0.0,0.0
hybrid_noon2,0.0,120.0,1.0,1.0,rayleigh,1.0,0.00032408593089047993,0.031112297319937907,532.0,810.0,809.0,0.405,0.85,0.0002754730412569079,80000.0,80000.0,80001.4144897461,1.246397534164204,0.8502979332142083,2.1672298337468137,52.76650741286217,35.997545699715715,91.7501406679705,noon2,simple,0.6,0.018667378391962742,30000.0,30000.0,1.0,1e-06,1.0,1.0,0.0,0.0,0.0,0.0,0.0,0,1.5,psi4,1,95.18311390572963,119.8980061729993,841.2402447957372,120.12426427148007,150.0260043540383,1018.3025384301601,24.941150365750442,30.127998181038983,177.0622936344229,110.91328213361436,-63.81004316195597,-63.81004316195597,30000.92578125,0.40037611897290437,12.90367228217352,0.0,0.0,0.0
classical,0.0,120.0,1.0,1.0,rayleigh,1.0,0.00032408593089047993,0.031112297319937907,532.0,810.0,809.0,655.2899999999507,0.85,0.0002754730412569079,80000.0,80000.0,79999.92274475098,1.226236655268285,0.8441133624040184,2.177631133453859,51.91299227298772,35.73572056563431,92.19048192591696,-,simple,0.6,0.018667378391962742,30000.0,30000.0,1.0,1e-06,1.0,1.0,0.0,0.0,0.0,0.0,0.0,0,1.5,psi4,2,96.51777969367707,119.53271280812871,763.7758234360563,487.3490785367366,628.966755797061,4725.808362427278,390.8312988430596,509.43404298893233,3962.0325389912214,643.2207365568314,-272.0419438948659,-272.0419438948659,,,,,,
quant_diff,0.0,120.0,1.0,1.0,rayleigh,1.0,0.00032408593089047993,0.031112297319937907,532.0,810.0,809.0,655.2899999999507,0.85,0.0002754730412569079,80000.0,80000.0,79999.92274475098,0.5061954965857062,0.3992182606588046,0.7653965803964561,26396.233020423133,20817.76370085429,39912.61602573172,diff,simple,0.6,0.018667378391962742,30000.0,30000.0,1.0,1e-06,1.0,1.0,0.0,0.0,0.0,0.0,0.0,0,1.5,psi4,2,96.51777969367707,119.53271280812871,763.7758234360563,41010.09301010824,86628.93163406123,880292.1939773408,40913.575230414564,86509.3989212531,879528.4181539047,86626.29166860243,1168.7333234166883,1168.7333234166883,29999.966705322266,nan,nan,0.0,0.0,0.0
hybrid_diff,0.0,120.0,1.0,1.0,rayleigh,1.0,0.00032408593089047993,0.031112297319937907,532.0,810.0,809.0,655.2899999999507,0.85,0.0002754730412569079,80000.0,80000.0,79999.92274475098,1.226236655268285,0.8441133624040184,2.177631133453859,51.91299227298772,35.73572056563431,92.19048192591696,diff,simple,0.6,0.018667378391962742,30000.0,30000.0,1.0,1e-06,1.0,1.0,0.0,0.0,0.0,0.0,0.0,0,1.5,psi4,2,96.51777969367707,119.53271280812871,763.7758234360563,21009.95656964945,31683.222242994674,225408.42609023626,20913.438789955773,31563.689530186544,224644.6502668002,31676.59964199025,2687.3544413071495,2687.3544413071495,29999.966705322266,0.3992182606588046,20817.76370085429,0.0,0.0,0.0
quant_noon2,0.0,120.0,1.0,1.0,rayleigh,1.0,0.00032408593089047993,0.031112297319937907,532.0,810.0,809.0,0.405,0.85,0.0002754730412569079,80000.0,80000.0,79999.92274475098,0.4951677825163705,0.398618464675614,0.7581310932874764,15.958701050084926,12.847025059817275,24.433712979193857,noon2,simple,0.6,0.018667378391962742,30000.0,30000.0,1.0,1e-06,1.0,1.0,0.0,0.0,0.0,0.0,0.0,0,1.5,psi4,2,96.51777969367707,119.53271280812871,763.7758234360563,136.09726515032918,175.86942867220407,1492.0093877583806,39.579485456652094,56.336715864075366,728.2335643223245,135.8753935662497,37.3102090856263,37.3102090856263,29999.929626464844,nan,nan,0.0,0.0,0.0
hybrid_noon2,0.0,120.0,1.0,1.0,rayleigh,1.0,0.00032408593089047993,0.031112297319937907,532.0,810.0,809.0,0.405,0.85,0.0002754730412569079,80000.0,80000.0,79999.92274475098,1.226236655268285,0.8441133624040184,2.177631133453859,51.91299227298772,35.73572056563431,92.19048192591696,noon2,simple,0.6,0.018667378391962742,30000.0,30000.0,1.0,1e-06,1.0,1.0,0.0,0.0,0.0,0.0,0.0,0,1.5,psi4,2,96.51777969367707,119.53271280812871,763.7758234360563,119.47582810013363,149.31297426078046,1027.7680343297036,22.958048406456555,29.78026145265177,263.9922108936473,108.84875893420633,43.635847091023734,43.635847091023734,29999.929626464844,0.398618464675614,12.847025059817275,0.0,0.0,0.0
classical,0.0,120.0,1.0,1.0,rayleigh,1.0,0.00032408593089047993,0.031112297319937907,532.0,810.0,809.0,655.2899999999507,0.85,0.0002754730412569079,80000.0,80000.0,79998.86463928223,1.2602857916839167,0.8488811606482184,2.1875912133431057,53.354469779024164,35.93756632872331,92.61214404807531,-,simple,0.6,0.018667378391962742,30000.0,30000.0,1.0,1e-06,1.0,1.0,0.0,0.0,0.0,0.0,0.0,0,1.5,psi4,3,97.04823214208807,119.9944092642021,745.495973297739,459.7303788527367,595.1057869822031,4430.573163237847,362.6821467106486,475.11137771800094,3685.077189940108,607.4248147717855,1099.5240841631535,1099.5240841631535,,,,,,
quant_diff,0.0,120.0,1.0,1.0,rayleigh,1.0,0.00032408593089047993,0.031112297319937907,532.0,810.0,809.0,655.2899999999507,0.85,0.0002754730412569079,80000.0,80000.0,79998.86463928223,0.496389824579398,0.3970549387405187,0.7577360934926088,25884.90329713207,20704.954420964554,39513.1498141045,diff,simple,0.6,0.018667378391962742,30000.0,30000.0,1.0,1e-06,1.0,1.0,0.0,0.0,0.0,0.0,0.0,0,1.5,psi4,3,97.04823214208807,119.9944092642021,745.495973297739,34094.203336452156,74334.68183931179,925785.757535266,33997.15510431007,74214.68743004758,925040.2615619682,74336.28874143877,230.19400218318845,230.19400218318845,29999.325485229492,nan,nan,0.0,0.0,0.0
hybrid_diff,0.0,120.0,1.0,1.0,rayleigh,1.0,0.00032408593089047993,0.031112297319937907,532.0,810.0,809.0,655.2899999999507,0.85,0.0002754730412569079,80000.0,80000.0,79998.86463928223,1.2602857916839167,0.8488811606482184,2.1875912133431057,53.354469779024164,35.93756632872331,92.61214404807531,diff,simple,0.6,0.018667378391962742,30000.0,30000.0,1.0,1e-06,1.0,1.0,0.0,0.0,0.0,0.0,0.0,0,1.5,psi4,3,97.04823214208807,119.9944092642021,745.495973297739,17774.389189460464,30641.380432011305,206456.72107032526,17677.340957318374,30521.3860227471,205711.22509702752,30645.4144288024,-1339.780740725076,-1339.780740725076,29999.325485229492,0.3970549387405187,20704.954420964554,0.0,0.0,0.0
quant_noon2,0.0,120.0,1.0,1.0,rayleigh,1.0,0.00032408593089047993,0.031112297319937907,532.0,810.0,809.0,0.405,0.85,0.0002754730412569079,80000.0,80000.0,79998.86463928223,0.502823923640118,0.40024712224954034,0.7768592500373613,16.205449872817766,12.899514862774897,25.037300420347023,noon2,simple,0.6,0.018667378391962742,30000.0,30000.0,1.0,1e-06,1.0,1.0,0.0,0.0,0.0,0.0,0.0,0,1.5,psi4,3,97.04823214208807,119.9944092642021,745.495973297739,130.71368621429914,166.22469857562473,1289.1916711228525,33.66545407221106,46.230289311422624,543.6956978251136,123.13631764202084,-8.682565258896027,-8.682565258896027,29999.341705322266,nan,nan,0.0,0.0,0.0
hybrid_noon2,0.0,120.0,1.0,1.0,rayleigh,1.0,0.00032408593089047993,0.031112297319937907,532.0,810.0,809.0,0.405,0.85,0.0002754730412569079,80000.0,80000.0,79998.86463928223,1.2602857916839167,0.8488811606482184,2.1875912133431057,53.354469779024164,35.93756632872331,92.61214404807531,noon2,simple,0.6,0.018667378391962742,30000.0,30000.0,1.0,1e-06,1.0,1.0,0.0,0.0,0.0,0.0,0.0,0,1.5,psi4,3,97.04823214208807,119.9944092642021,745.495973297739,109.66126643843805,136.65912504847228,920.5080843023136,12.613034296349975,16.664715784270157,175.0121110045745,95.45362834344289,-10.496467158126986,-10.496467158126986,29999.341705322266,0.40024712224954034,12.899514862774897,0.0,0.0,0.0
classical,0.0,120.0,1.0,1.0,rayleigh,1.0,0.00032408593089047993,0.031112297319937907,532.0,810.0,809.0,655.2899999999507,0.85,0.0002754730412569079,80000.0,80000.0,80001.58039855957,1.2703472920598105,0.8446509694707189,2.173619413389314,53.78042555927619,35.75848027631466,92.02064489501645,-,simple,0.6,0.018667378391962742,30000.0,30000.0,1.0,1e-06,1.0,1.0,0.0,0.0,0.0,0.0,0.0,0,1.5,psi4,4,96.96026538697714,119.83231629931899,744.473117969542,465.37628323704587,590.6460086903929,3798.92097986488,368.4160178500687,470.81369239107397,3054.447861895338,604.5647138869184,-594.5466491084526,-594.5466491084526,,,,,,
quant_diff,0.0,120.0,1.0,1.0,rayleigh,1.0,0.00032408593089047993,0.031112297319937907,532.0,810.0,809.0,655.2899999999507,0.85,0.0002754730412569079,80000.0,80000.0,80001.58039855957,0.49371473799392857,0.3999748096065261,0.7669092411956073,25745.407372462374,20857.214945383552,39991.49572182656,diff,simple,0.6,0.018667378391962742,30000.0,30000.0,1.0,1e-06,1.0,1.0,0.0,0.0,0.0,0.0,0.0,0,1.5,psi4,4,96.96026538697714,119.83231629931899,744.473117969542,35149.482318725146,77888.98180020943,1150408.4320012906,35052.52205333817,77769.1494839101,1149663.9588833211,77884.77112452121,-665.0274774422298,-665.0274774422298,30000.906677246094,nan,nan,0.0,0.0,0.0
hybrid_diff,0.0,120.0,1.0,1.0,rayleigh,1.0,0.00032408593089047993,0.031112297319937907,532.0,810.0,809.0,655.2899999999507,0.85,0.0002754730412569079,80000.0,80000.0,80001.58039855957,1.2703472920598105,0.8446509694707189,2.173619413389314,53.78042555927619,35.75848027631466,92.02064489501645,diff,simple,0.6,0.018667378391962742,30000.0,30000.0,1.0,1e-06,1.0,1.0,0.0,0.0,0.0,0.0,0.0,0,1.5,psi4,4,96.96026538697714,119.83231629931899,744.473117969542,18545.501095553507,32844.747441834574,329716.20322228957,18448.54083016653,32724.91512553525,328971.73010432,32835.9381827946,-578.9232078447321,-578.9232078447321,30000.906677246094,0.3999748096065261,20857.214945383552,0.0,0.0,0.0
quant_noon2,0.0,120.0,1.0,1.0,rayleigh,1.0,0.00032408593089047993,0.031112297319937907,532.0,810.0,809.0,0.405,0.85,0.0002754730412569079,80000.0,80000.0,80001.58039855957,0.501692189168208,0.39866821232007965,0.7597313386116563,16.168975342884693,12.84862837048086,24.4852870872782,noon2,simple,0.6,0.018667378391962742,30000.0,30000.0,1.0,1e-06,1.0,1.0,0.0,0.0,0.0,0.0,0.0,0,1.5,psi4,4,96.96026538697714,119.83231629931899,744.473117969542,142.15384950816525,185.3200473879207,1764.4013653103702,45.19358412118813,65.48773108860172,1019.9282473408281,152.40715261380075,-172.22778277046376,-172.22778277046376,30000.95542907715,nan,nan,0.0,0.0,0.0
hybrid_noon2,0.0,120.0,1.0,1.0,rayleigh,1.0,0.00032408593089047993,0.031112297319937907,532.0,810.0,809.0,0.405,0.85,0.0002754730412569079,80000.0,80000.0,80001.58039855957,1.2703472920598105,0.8446509694707189,2.173619413389314,53.78042555927619,35.75848027631466,92.02064489501645,noon2,simple,0.6,0.018667378391962742,30000.0,30000.0,1.0,1e-06,1.0,1.0,0.0,0.0,0.0,0.0,0.0,0,1.5,psi4,4,96.96026538697714,119.83231629931899,744.473117969542,118.02932155943326,147.09747307803343,1136.9060496610143,21.06905617245611,27.265156778714456,392.43293169147216,113.44735192444426,-157.126297858851,-157.126297858851,30000.95542907715,0.39866821232007965,12.84862837048086,0.0,0.0,0.0
classical,0.0,120.0,1.0,1.0,rayleigh,1.0,0.00032408593089047993,0.031112297319937907,532.0,810.0,809.0,655.2899999999507,0.85,0.0002754730412569079,80000.0,80000.0,80000.12950134277,1.2681770571831548,0.8578361688611975,2.208501352990003,53.688548199471,36.31667852551473,93.49737930283044,-,simple,0.6,0.018667378391962742,30000.0,30000.0,1.0,1e-06,1.0,1.0,0.0,0.0,0.0,0.0,0.0,0,1.5,psi4,5,95.74794361810109,118.08213933387256,745.8719753672749,475.9576475179131,627.4060375894097,4340.505449390131,380.20970389981204,509.32389825553713,3594.633474022856,637.9392574684908,225.42041611296773,225.42041611296773,,,,,,
quant_diff,0.0,120.0,1.0,1.0,rayleigh,1.0,0.00032408593089047993,0.031112297319937907,532.0,810.0,809.0,655.2899999999507,0.85,0.0002754730412569079,80000.0,80000.0,80000.12950134277,0.501262615512253,0.4005251266134909,0.7757690039618719,26139.001418887423,20885.911952861738,40453.49975793791,diff,simple,0.6,0.018667378391962742,30000.0,30000.0,1.0,1e-06,1.0,1.0,0.0,0.0,0.0,0.0,0.0,0,1.5,psi4,5,95.74794361810109,118.08213933387256,745.8719753672749,38909.2403071557,88394.69359309772,1173946.70337789,38813.492363537596,88276.61145376385,1173200.8314025227,88398.00971707943,-431.29442028079626,-431.29442028079626,30000.111694335938,nan,nan,0.0,0.0,0.0
hybrid_diff,0.0,120.0,1.0,1.0,rayleigh,1.0,0.00032408593089047993,0.031112297319937907,532.0,810.0,809.0,655.2899999999507,0.85,0.0002754730412569079,80000.0,80000.0,80000.12950134277,1.2681770571831548,0.8578361688611975,2.208501352990003,53.688548199471,36.31667852551473,93.49737930283044,diff,simple,0.6,0.018667378391962742,30000.0,30000.0,1.0,1e-06,1.0,1.0,0.0,0.0,0.0,0.0,0.0,0,1.5,psi4,5,95.74794361810109,118.08213933387256,745.8719753672749,19675.95076341752,31867.978691230528,278444.4228209069,19580.20281979942,31749.896551896658,277698.55084553966,31876.401479722146,-353.48746817122213,-353.48746817122213,30000.111694335938,0.4005251266134909,20885.911952861738,0.0,0.0,0.0
quant_noon2,0.0,120.0,1.0,1.0,rayleigh,1.0,0.00032408593089047993,0.031112297319937907,532.0,810.0,809.0,0.405,0.85,0.0002754730412569079,80000.0,80000.0,80000.12950134277,0.5000995546414146,0.40020523400838953,0.7625688293625122,16.11764652224541,12.89816485184599,24.57673622477089,noon2,simple,0.6,0.018667378391962742,30000.0,30000.0,1.0,1e-06,1.0,1.0,0.0,0.0,0.0,0.0,0.0,0,1.5,psi4,5,95.74794361810109,118.08213933387256,745.8719753672749,142.40744671503015,183.90893767622288,1397.6065537671136,46.65950309692907,65.82679834235032,651.7345783998387,151.74751067090332,55.61500610032794,55.61500610032794,30000.104431152344,nan,nan,0.0,0.0,0.0
hybrid_noon2,0.0,120.0,1.0,1.0,rayleigh,1.0,0.00032408593089047993,0.031112297319937907,532.0,810.0,809.0,0.405,0.85,0.0002754730412569079,80000.0,80000.0,80000.12950134277,1.2681770571831548,0.8578361688611975,2.208501352990003,53.688548199471,36.31667852551473,93.49737930283044,noon2,simple,0.6,0.018667378391962742,30000.0,30000.0,1.0,1e-06,1.0,1.0,0.0,0.0,0.0,0.0,0.0,0,1.5,psi4,5,95.74794361810109,118.08213933387256,745.8719753672749,128.07962310034242,162.7504351260227,1295.0483318971535,32.33167948224132,44.66829579215013,549.1763565298787,134.2373815195516,54.828182122029325,54.828182122029325,30000.104431152344,0.40020523400838953,12.89816485184599,0.0,0.0,0.0
classical,0.0,120.0,1.0,1.0,rayleigh,1.0,0.00032408593089047993,0.031112297319937907,532.0,810.0,809.0,655.2899999999507,0.85,0.0002754730412569079,80000.0,80000.0,79997.23538208008,1.2747872357517673,0.8547360598313125,2.19389664672262,53.96839152945233,36.18543474363755,92.87908592499788,-,simple,0.6,0.018667378391962742,30000.0,30000.0,1.0,1e-06,1.0,1.0,0.0,0.0,0.0,0.0,0.0,0,1.5,psi4,6,96.01236568438209,119.7178754827793,780.9562640821205,532.3536442505964,685.0423840648008,5626.813766267991,436.3412785662142,565.3245085820215,4845.857502185871,699.904741788108,-421.6065944931789,-421.6065944931789,,,,,,
quant_diff,0.0,120.0,1.0,1.0,rayleigh,1.0,0.00032408593089047993,0.031112297319937907,532.0,810.0,809.0,655.2899999999507,0.85,0.0002754730412569079,80000.0,80000.0,79997.23538208008,0.5001925190153261,0.399694715256546,0.7704317490311702,26083.19982310527,20842.609055406956,40175.181547304936,diff,simple,0.6,0.018667378391962742,30000.0,30000.0,1.0,1e-06,1.0,1.0,0.0,0.0,0.0,0.0,0.0,0,1.5,psi4,6,96.01236568438209,119.7178754827793,780.9562640821205,43840.86219003531,95630.96776016054,1142104.1171081788,43744.849824350924,95511.24988467776,1141323.1608440967,95631.6642819548,-134.55024055266344,-134.55024055266344,29999.46272277832,nan,nan,0.0,0.0,0.0
hybrid_diff,0.0,120.0,1.0,1.0,rayleigh,1.0,0.00032408593089047993,0.031112297319937907,532.0,810.0,809.0,655.2899999999507,0.85,0.0002754730412569079,80000.0,80000.0,79997.23538208008,1.2747872357517673,0.8547360598313125,2.19389664672262,53.96839152945233,36.18543474363755,92.87908592499788,diff,simple,0.6,0.018667378391962742,30000.0,30000.0,1.0,1e-06,1.0,1.0,0.0,0.0,0.0,0.0,0.0,0,1.5,psi4,6,96.01236568438209,119.7178754827793,780.9562640821205,22705.63720986197,39241.65138330172,424606.37484386197,22609.62484417759,39121.93350781895,423825.41857977986,39242.721922689045,-375.36799293050063,-375.36799293050063,29999.46272277832,0.399694715256546,20842.609055406956,0.0,0.0,0.0
quant_noon2,0.0,120.0,1.0,1.0,rayleigh,1.0,0.00032408593089047993,0.031112297319937907,532.0,810.0,809.0,0.405,0.85,0.0002754730412569079,80000.0,80000.0,79997.23538208008,0.5060965328146318,0.39865455581311104,0.7488773108739539,16.310922388021453,12.848188236611502,24.135473973478543,noon2,simple,0.6,0.018667378391962742,30000.0,30000.0,1.0,1e-06,1.0,1.0,0.0,0.0,0.0,0.0,0.0,0,1.5,psi4,6,96.01236568438209,119.7178754827793,780.9562640821205,133.67928761812854,175.86916761197227,1425.699021578125,37.666921933746444,56.15129212919297,644.7427574960044,143.6690399668673,152.23443303438304,152.23443303438304,29999.434661865234,nan,nan,0.0,0.0,0.0
hybrid_noon2,0.0,120.0,1.0,1.0,rayleigh,1.0,0.00032408593089047993,0.031112297319937907,532.0,810.0,809.0,0.405,0.85,0.0002754730412569079,80000.0,80000.0,79997.23538208008,1.2747872357517673,0.8547360598313125,2.19389664672262,53.96839152945233,36.18543474363755,92.87908592499788,noon2,simple,0.6,0.018667378391962742,30000.0,30000.0,1.0,1e-06,1.0,1.0,0.0,0.0,0.0,0.0,0.0,0,1.5,psi4,6,96.01236568438209,119.7178754827793,780.9562640821205,116.95365045866272,145.62981490982938,952.5205859297499,20.941284774280625,25.911939427050076,171.56432184762951,115.0899685596158,155.60762201709528,155.60762201709528,29999.434661865234,0.39865455581311104,12.848188236611502,0.0,0.0,0.0
classical,0.0,120.0,1.0,1.0,rayleigh,1.0,0.00032408593089047993,0.031112297319937907,532.0,810.0,809.0,655.2899999999507,0.85,0.0002754730412569079,80000.0,80000.0,80000.3719329834,1.27059062417891,0.8484575727713574,2.172013178064522,53.7907270768212,35.919633644943275,91.95264457742172,-,simple,0.6,0.018667378391962742,30000.0,30000.0,1.0,1e-06,1.0,1.0,0.0,0.0,0.0,0.0,0.0,0,1.5,psi4,7,96.15500218498953,119.449186226617,739.8179515055392,505.0531646532094,637.299106179615,4398.2334147575975,408.89816246821994,517.849919952998,3658.4154632520576,646.2804317708255,-615.9724349318831,-615.9724349318831,,,,,,
quant_diff,0.0,120.0,1.0,1.0,rayleigh,1.0,0.00032408593089047993,0.031112297319937907,532.0,810.0,809.0,655.2899999999507,0.85,0.0002754730412569079,80000.0,80000.0,80000.3719329834,0.49613781283722774,0.3980267786454449,0.754277008126696,25871.761811846092,20755.63229692751,39332.77123710799,diff,simple,0.6,0.018667378391962742,30000.0,30000.0,1.0,1e-06,1.0,1.0,0.0,0.0,0.0,0.0,0.0,0,1.5,psi4,7,96.15500218498953,119.449186226617,739.8179515055392,35933.61298676311,82878.03601931434,1151482.9020933309,35837.45798457812,82758.58683308773,1150743.0841418253,82876.62535874927,-385.96644101286233,-385.96644101286233,30000.245346069336,nan,nan,0.0,0.0,0.0
hybrid_diff,0.0,120.0,1.0,1.0,rayleigh,1.0,0.00032408593089047993,0.031112297319937907,532.0,810.0,809.0,655.2899999999507,0.85,0.0002754730412569079,80000.0,80000.0,80000.3719329834,1.27059062417891,0.8484575727713574,2.172013178064522,53.7907270768212,35.919633644943275,91.95264457742172,diff,simple,0.6,0.018667378391962742,30000.0,30000.0,1.0,1e-06,1.0,1.0,0.0,0.0,0.0,0.0,0.0,0,1.5,psi4,7,96.15500218498953,119.449186226617,739.8179515055392,18670.83092259824,36352.723781456545,325089.4631112609,18574.67592041325,36233.27459522993,324349.64515975537,36349.717555266245,-573.679655914351,-573.679655914351,30000.245346069336,0.3980267786454449,20755.63229692751,0.0,0.0,0.0
quant_noon2,0.0,120.0,1.0,1.0,rayleigh,1.0,0.00032408593089047993,0.031112297319937907,532.0,810.0,809.0,0.405,0.85,0.0002754730412569079,80000.0,80000.0,80000.3719329834,0.49618117918956844,0.39801375701704456,0.7532056018803499,15.991361685780024,12.827536011687439,24.274969927512185,noon2,simple,0.6,0.018667378391962742,30000.0,30000.0,1.0,1e-06,1.0,1.0,0.0,0.0,0.0,0.0,0.0,0,1.5,psi4,7,96.15500218498953,119.449186226617,739.8179515055392,135.06389764365457,173.89001744222722,1515.1940920205848,38.90889545866503,54.440831215610196,775.3761405150454,126.77087645631504,-9.09547323444068,-9.09547323444068,30000.25636291504,nan,nan,0.0,0.0,0.0
hybrid_noon2,0.0,120.0,1.0,1.0,rayleigh,1.0,0.00032408593089047993,0.031112297319937907,532.0,810.0,809.0,0.405,0.85,0.0002754730412569079,80000.0,80000.0,80000.3719329834,1.27059062417891,0.8484575727713574,2.172013178064522,53.7907270768212,35.919633644943275,91.95264457742172,noon2,simple,0.6,0.018667378391962742,30000.0,30000.0,1.0,1e-06,1.0,1.0,0.0,0.0,0.0,0.0,0.0,0,1.5,psi4,7,96.15500218498953,119.449186226617,739.8179515055392,115.54397630759127,144.46142662287312,1032.7447585779237,19.388974122601734,25.012240396256104,292.9268070723844,97.10429474757544,-12.49893917459848,-12.49893917459848,30000.25636291504,0.39801375701704456,12.827536011687439,0.0,0.0,0.0
classical,0.0,120.0,1.0,1.0,rayleigh,1.0,0.00032408593089047993,0.031112297319937907,532.0,810.0,809.0,655.2899999999507,0.85,0.0002754730412569079,80000.0,80000.0,79998.98866271973,1.2322724046919085,0.8526388004193846,2.1583447524068036,52.16851702169269,36.0966468158113,91.37398884037088,-,simple,0.6,0.018667378391962742,30000.0,30000.0,1.0,1e-06,1.0,1.0,0.0,0.0,0.0,0.0,0.0,0,1.5,psi4,8,94.29474683944132,118.45135546293277,815.2161837223413,506.8725452389933,661.4386383470094,5714.226572560667,412.577798399552,542.9872828840766,4899.0103888383255,670.7768509726016,-486.3605391771949,-486.3605391771949,,,,,,
quant_diff,0.0,120.0,1.0,1.0,rayleigh,1.0,0.00032408593089047993,0.031112297319937907,532.0,810.0,809.0,655.2899999999507,0.85,0.0002754730412569079,80000.0,80000.0,79998.98866271973,0.49557559871189305,0.4009066239807506,0.7569826328338523,25842.444413410496,20905.80563716116,39473.85961248396,diff,simple,0.6,0.018667378391962742,30000.0,30000.0,1.0,1e-06,1.0,1.0,0.0,0.0,0.0,0.0,0.0,0,1.5,psi4,8,94.29474683944132,118.45135546293277,815.2161837223413,40915.5014062586,86441.99919177574,911409.4364252818,40821.20665941916,86323.5478363128,910594.2202415596,86441.58072122138,-53.39696688335678,-53.39696688335678,29999.42332458496,nan,nan,0.0,0.0,0.0
hybrid_diff,0.0,120.0,1.0,1.0,rayleigh,1.0,0.00032408593089047993,0.031112297319937907,532.0,810.0,809.0,655.2899999999507,0.85,0.0002754730412569079,80000.0,80000.0,79998.98866271973,1.2322724046919085,0.8526388004193846,2.1583447524068036,52.16851702169269,36.0966468158113,91.37398884037088,diff,simple,0.6,0.018667378391962742,30000.0,30000.0,1.0,1e-06,1.0,1.0,0.0,0.0,0.0,0.0,0.0,0,1.5,psi4,8,94.29474683944132,118.45135546293277,815.2161837223413,20540.58368824721,31727.829711672566,253472.29877248226,20446.28894140777,31609.378356209632,252657.08258875992,31726.494606263852,613.1744799055533,613.1744799055533,29999.42332458496,0.4009066239807506,20905.80563716116,0.0,0.0,0.0
quant_noon2,0.0,120.0,1.0,1.0,rayleigh,1.0,0.00032408593089047993,0.031112297319937907,532.0,810.0,809.0,0.405,0.85,0.0002754730412569079,80000.0,80000.0,79998.98866271973,0.49518986371544516,0.3981122270371415,0.7622164109196058,15.959412702311305,12.830709589752505,24.565378174482763,noon2,simple,0.6,0.018667378391962742,30000.0,30000.0,1.0,1e-06,1.0,1.0,0.0,0.0,0.0,0.0,0.0,0,1.5,psi4,8,94.29474683944132,118.45135546293277,815.2161837223413,142.662762884413,186.3786707647791,1342.687731832154,48.3680160449717,67.92731530184632,527.4715481098127,145.65420602951977,-123.38868136079623,-123.38868136079623,29999.466705322266,nan,nan,0.0,0.0,0.0
hybrid_noon2,0.0,120.0,1.0,1.0,rayleigh,1.0,0.00032408593089047993,0.031112297319937907,532.0,810.0,809.0,0.405,0.85,0.0002754730412569079,80000.0,80000.0,79998.98866271973,1.2322724046919085,0.8526388004193846,2.1583447524068036,52.16851702169269,36.0966468158113,91.37398884037088,noon2,simple,0.6,0.018667378391962742,30000.0,30000.0,1.0,1e-06,1.0,1.0,0.0,0.0,0.0,0.0,0.0,0,1.5,psi4,8,94.29474683944132,118.45135546293277,815.2161837223413,129.17682128792006,162.64587230993172,1161.5379443394504,34.88207444847875,44.194516846998944,346.32176061710913,122.41617489489973,-110.73071534283507,-110.73071534283507,29999.466705322266,0.3981122270371415,12.830709589752505,0.0,0.0,0.0
classical,0.0,120.0,1.0,1.0,rayleigh,1.0,0.00032408593089047993,0.031112297319937907,532.0,810.0,809.0,655.2899999999507,0.85,0.0002754730412569079,80000.0,80000.0,79999.43273925781,1.2245447992917664,0.8474548049134589,2.151701314319576,51.8413671867055,35.87718125222199,91.09273746152274,-,simple,0.6,0.018667378391962742,30000.0,30000.0,1.0,1e-06,1.0,1.0,0.0,0.0,0.0,0.0,0.0,0,1.5,psi4,9,95.3796640743008,119.0024155845554,873.2478155983046,462.503601008089,583.0475896810575,4242.548723583835,367.12393693378823,464.0451740965021,3369.300907985531,596.4465330679549,152.0602983565381,152.0602983565381,,,,,,
quant_diff,0.0,120.0,1.0,1.0,rayleigh,1.0,0.00032408593089047993,0.031112297319937907,532.0,810.0,809.0,655.2899999999507,0.85,0.0002754730412569079,80000.0,80000.0,79999.43273925781,0.49621764732098694,0.40187211215144714,0.7686143768242659,25875.924886489363,20956.152293549978,40080.41227222869,diff,simple,0.6,0.018667378391962742,30000.0,30000.0,1.0,1e-06,1.0,1.0,0.0,0.0,0.0,0.0,0.0,0,1.5,psi4,9,95.3796640743008,119.0024155845554,873.2478155983046,48219.56816274585,100592.52403701983,920943.8561026014,48124.188498671545,100473.52162143528,920070.608287003,100589.07213387823,58.99173129012589,58.99173129012589,29999.75828552246,nan,nan,0.0,0.0,0.0
hybrid_diff,0.0,120.0,1.0,1.0,rayleigh,1.0,0.00032408593089047993,0.031112297319937907,532.0,810.0,809.0,655.2899999999507,0.85,0.0002754730412569079,80000.0,80000.0,79999.43273925781,1.2245447992917664,0.8474548049134589,2.151701314319576,51.8413671867055,35.87718125222199,91.09273746152274,diff,simple,0.6,0.018667378391962742,30000.0,30000.0,1.0,1e-06,1.0,1.0,0.0,0.0,0.0,0.0,0.0,0,1.5,psi4,9,95.3796640743008,119.0024155845554,873.2478155983046,26050.10802280514,41798.458066476356,364516.6169616371,25954.72835873084,41679.455650891796,363643.3691460388,41790.79761091348,-370.9062720181479,-370.9062720181479,29999.75828552246,0.40187211215144714,20956.152293549978,0.0,0.0,0.0
quant_noon2,0.0,120.0,1.0,1.0,rayleigh,1.0,0.00032408593089047993,0.031112297319937907,532.0,810.0,809.0,0.405,0.85,0.0002754730412569079,80000.0,80000.0,79999.43273925781,0.5021481532291954,0.39960669067970084,0.775380369923176,16.18367055205582,12.878874473139355,24.989637776563413,noon2,simple,0.6,0.018667378391962742,30000.0,30000.0,1.0,1e-06,1.0,1.0,0.0,0.0,0.0,0.0,0.0,0,1.5,psi4,9,95.3796640743008,119.0024155845554,873.2478155983046,133.0468442530767,174.71710920488488,1627.4796411943087,37.667180178775894,55.71469362032948,754.2318255960042,133.3333165531174,-0.17656513171200947,-0.17656513171200947,29999.851348876953,nan,nan,0.0,0.0,0.0
hybrid_noon2,0.0,120.0,1.0,1.0,rayleigh,1.0,0.00032408593089047993,0.031112297319937907,532.0,810.0,809.0,0.405,0.85,0.0002754730412569079,80000.0,80000.0,79999.43273925781,1.2245447992917664,0.8474548049134589,2.151701314319576,51.8413671867055,35.87718125222199,91.09273746152274,noon2,simple,0.6,0.018667378391962742,30000.0,30000.0,1.0,1e-06,1.0,1.0,0.0,0.0,0.0,0.0,0.0,0,1.5,psi4,9,95.3796640743008,119.0024155845554,873.2478155983046,114.77301211620843,142.9994525831676,1020.4746840385625,19.39334804190763,23.997036998612206,147.22686844025796,101.31890065362705,6.989932695233686,6.989932695233686,29999.851348876953,0.39960669067970084,12.878874473139355,0.0,0.0,0.0
classical,0.0,120.0,1.0,0.7,rayleigh,1.0,0.00032408593089047993,0.031112297319937907,532.0,810.0,809.0,655.2899999999507,0.85,0.00019283112887983554,80000.0,80000.0,79998.36225891113,1.2350415942622157,0.8449040918458723,2.178571801995263,52.285751257146494,35.769196266453264,92.23030533073164,-,simple,0.6,0.01306716487437392,30000.0,30000.0,1.0,1e-06,1.0,1.0,0.0,0.0,0.0,0.0,0.0,0,1.5,psi4,0,96.7833604878387,119.6801476249574,817.898863273828,510.3463551189983,641.5483761002413,4794.054654754709,413.5629946311596,521.8682284752839,3976.1557914808814,657.0070853526086,125.45252777753538,125.45252777753538,,,,,,
quant_diff,0.0,120.0,1.0,0.7,rayleigh,1.0,0.00032408593089047993,0.031112297319937907,532.0,810.0,809.0,655.2899999999507,0.85,0.00019283112887983554,80000.0,80000.0,79998.36225891113,0.723891150164763,0.5209676943524236,1.1767033747297713,37748.260523957346,27166.548791906942,61360.752287977586,diff,simple,0.6,0.01306716487437392,30000.0,30000.0,1.0,1e-06,1.0,1.0,0.0,0.0,0.0,0.0,0.0,0,1.5,psi4,0,96.7833604878387,119.6801476249574,817.898863273828,181290.72074965772,251456.1516523153,2150545.524224963,181193.9373891699,251336.4715046904,2149727.6253616894,251456.71741567098,303139.0578110782,303139.0578110782,29999.0330657959,nan,nan,0.0,0.0,0.0
hybrid_diff,0.0,120.0,1.0,0.7,rayleigh,1.0,0.00032408593089047993,0.031112297319937907,532.0,810.0,809.0,655.2899999999507,0.85,0.00019283112887983554,80000.0,80000.0,79998.36225891113,1.2350415942622157,0.8449040918458723,2.178571801995263,52.285751257146494,35.769196266453264,92.23030533073164,diff,simple,0.6,0.01306716487437392,30000.0,30000.0,1.0,1e-06,1.0,1.0,0.0,0.0,0.0,0.0,0.0,0,1.5,psi4,0,96.7833604878387,119.6801476249574,817.898863273828,103038.22087659362,132693.30805192763,886265.5693825105,102941.43751610578,132573.62790430267,885447.6705192367,132694.8474152734,274194.5093708054,274194.5093708054,29999.0330657959,0.5209676943524236,27166.548791906942,0.0,0.0,0.0
quant_noon2,0.0,120.0,1.0,0.7,rayleigh,1.0,0.00032408593089047993,0.031112297319937907,532.0,810.0,809.0,0.405,0.85,0.00019283112887983554,80000.0,80000.0,79998.36225891113,0.7271775369591381,0.5262197190406841,1.188655619368893,23.436114651268344,16.959470061145034,38.30903453494486,noon2,simple,0.6,0.01306716487437392,30000.0,30000.0,1.0,1e-06,1.0,1.0,0.0,0.0,0.0,0.0,0.0,0,1.5,psi4,0,96.7833604878387,119.6801476249574,817.898863273828,222.1023757817777,289.7030805189222,2327.26148491407,125.319015293939,170.0229328939648,1509.362621640242,281.8661179423011,-5.741096225152001,-5.741096225152001,29999.021865844727,nan,nan,0.0,0.0,0.0
hybrid_noon2,0.0,120.0,1.0,0.7,rayleigh,1.0,0.00032408593089047993,0.031112297319937907,532.0,810.0,809.0,0.405,0.85,0.00019283112887983554,80000.0,80000.0,79998.36225891113,1.2350415942622157,0.8449040918458723,2.178571801995263,52.285751257146494,35.769196266453264,92.23030533073164,noon2,simple,0.6,0.01306716487437392,30000.0,30000.0,1.0,1e-06,1.0,1.0,0.0,0.0,0.0,0.0,0.0,0,1.5,psi4,0,96.7833604878387,119.6801476249574,817.898863273828,144.20217415537022,184.55482382371022,1426.015134164359,47.418813667531516,64.87467619875284,608.1162708905312,178.7901051856802,-0.5526573674054029,-0.5526573674054029,29999.021865844727,0.5262197190406841,16.959470061145034,0.0,0.0,0.0
classical,0.0,120.0,1.0,0.7,rayleigh,1.0,0.00032408593089047993,0.031112297319937907,532.0,810.0,809.0,655.2899999999507,0.85,0.00019283112887983554,80000.0,80000.0,80001.43968200684,1.2327469286117554,0.8478118457519633,2.1813498192269063,52.188606093796786,35.89229665283474,92.34791328712483,-,simple,0.6,0.01306716487437392,30000.0,30000.0,1.0,1e-06,1.0,1.0,0.0,0.0,0.0,0.0,0.0,0,1.5,psi4,1,95.18311390572963,119.8980061729993,841.2402447957372,545.0296828145919,709.2516342379475,5524.148835547549,449.84656890886225,589.3536280649483,4682.908590751813,721.8616660975615,-438.54512473628097,-438.54512473628097,,,,,,
quant_diff,0.0,120.0,1.0,0.7,rayleigh,1.0,0.00032408593089047993,0.031112297319937907,532.0,810.0,809.0,655.2899999999507,0.85,0.00019283112887983554,80000.0,80000.0,80001.43968200684,0.7220762645033683,0.527217247229645,1.1835484406615564,37653.62091308224,27492.439984407232,61717.697295576974,diff,simple,0.6,0.01306716487437392,30000.0,30000.0,1.0,1e-06,1.0,1.0,0.0,0.0,0.0,0.0,0.0,0,1.5,psi4,1,95.18311390572963,119.8980061729993,841.2402447957372,166349.49950923587,229997.941002811,1596074.7776221305,166254.31639533016,229878.042996638,1595233.5373773347,229997.43869400764,14807.176960618412,14807.176960618412,30000.929641723633,nan,nan,0.0,0.0,0.0
hybrid_diff,0.0,120.0,1.0,0.7,rayleigh,1.0,0.00032408593089047993,0.031112297319937907,532.0,810.0,809.0,655.2899999999507,0.85,0.00019283112887983554,80000.0,80000.0,80001.43968200684,1.2327469286117554,0.8478118457519633,2.1813498192269063,52.188606093796786,35.89229665283474,92.34791328712483,diff,simple,0.6,0.01306716487437392,30000.0,30000.0,1.0,1e-06,1.0,1.0,0.0,0.0,0.0,0.0,0.0,0,1.5,psi4,1,95.18311390572963,119.8980061729993,841.2402447957372,93014.8357397435,114593.62647840982,721371.5128220856,92919.65262583777,114473.72847223682,720530.2725772898,114592.941278442,48746.27572898073,48746.27572898073,30000.929641723633,0.527217247229645,27492.439984407232,0.0,0.0,0.0
quant_noon2,0.0,120.0,1.0,0.7,rayleigh,1.0,0.00032408593089047993,0.031112297319937907,532.0,810.0,809.0,0.405,0.85,0.00019283112887983554,80000.0,80000.0,80001.43968200684,0.7143950346050641,0.5220877776132302,1.1936276834465718,23.024148968234574,16.82630223333907,38.469278571449635,noon2,simple,0.6,0.01306716487437392,30000.0,30000.0,1.0,1e-06,1.0,1.0,0.0,0.0,0.0,0.0,0.0,0,1.5,psi4,1,95.18311390572963,119.8980061729993,841.2402447957372,205.87879406129827,271.95547673356367,2564.452972145355,110.69568015556864,152.05747056056438,1723.2127273496178,258.11350628918376,-140.1250087709013,-140.1250087709013,30000.84848022461,nan,nan,0.0,0.0,0.0
hybrid_noon2,0.0,120.0,1.0,0.7,rayleigh,1.0,0.00032408593089047993,0.031112297319937907,532.0,810.0,809.0,0.405,0.85,0.00019283112887983554,80000.0,80000.0,80001.43968200684,1.2327469286117554,0.8478118457519633,2.1813498192269063,52.188606093796786,35.89229665283474,92.34791328712483,noon2,simple,0.6,0.01306716487437392,30000.0,30000.0,1.0,1e-06,1.0,1.0,0.0,0.0,0.0,0.0,0.0,0,1.5,psi4,1,95.18311390572963,119.8980061729993,841.2402447957372,131.83091546094312,166.06735173255225,1186.0914525024302,36.64780155521349,46.16934555955296,344.85120770669295,150.40913270019234,-137.511224510481,-137.511224510481,30000.84848022461,0.5220877776132302,16.82630223333907,0.0,0.0,0.0
classical,0.0,120.0,1.0,0.7,rayleigh,1.0,0.00032408593089047993,0.031112297319937907,532.0,810.0,809.0,655.2899999999507,0.85,0.00019283112887983554,80000.0,80000.0,79999.95140075684,1.2456417998672022,0.8497897472429262,2.181518389597668,52.73451323901968,35.976031537431396,92.35504974999046,-,simple,0.6,0.01306716487437392,30000.0,30000.0,1.0,1e-06,1.0,1.0,0.0,0.0,0.0,0.0,0.0,0,1.5,psi4,2,96.51777969367707,119.53271280812871,763.7758234360563,505.1299087067837,649.1043599181842,4250.071586979203,408.6121290131066,529.5716471100554,3486.295763543146,669.5191292807806,-651.1945381112541,-651.1945381112541,,,,,,
quant_diff,0.0,120.0,1.0,0.7,rayleigh,1.0,0.00032408593089047993,0.031112297319937907,532.0,810.0,809.0,655.2899999999507,0.85,0.00019283112887983554,80000.0,80000.0,79999.95140075684,0.7491084959418344,0.5277827679041628,1.2024875436067313,39063.252339921586,27521.929807219018,62705.30184344552,diff,simple,0.6,0.01306716487437392,30000.0,30000.0,1.0,1e-06,1.0,1.0,0.0,0.0,0.0,0.0,0.0,0,1.5,psi4,2,96.51777969367707,119.53271280812871,763.7758234360563,144637.9855236021,228282.52832995652,2096446.220644377,144541.46774390843,228162.99561714838,2095682.4448209412,228284.54443259252,6021.4666196987855,6021.4666196987855,29999.945755004883,nan,nan,0.0,0.0,0.0
hybrid_diff,0.0,120.0,1.0,0.7,rayleigh,1.0,0.00032408593089047993,0.031112297319937907,532.0,810.0,809.0,655.2899999999507,0.85,0.00019283112887983554,80000.0,80000.0,79999.95140075684,1.2456417998672022,0.8497897472429262,2.181518389597668,52.73451323901968,35.976031537431396,92.35504974999046,diff,simple,0.6,0.01306716487437392,30000.0,30000.0,1.0,1e-06,1.0,1.0,0.0,0.0,0.0,0.0,0.0,0,1.5,psi4,2,96.51777969367707,119.53271280812871,763.7758234360563,63801.87993489292,87578.05547045951,603494.2136224364,63705.36215519923,87458.52275765139,602730.4377990003,87582.87155994636,14403.560495376492,14403.560495376492,29999.945755004883,0.5277827679041628,27521.929807219018,0.0,0.0,0.0
quant_noon2,0.0,120.0,1.0,0.7,rayleigh,1.0,0.00032408593089047993,0.031112297319937907,532.0,810.0,809.0,0.405,0.85,0.00019283112887983554,80000.0,80000.0,79999.95140075684,0.7291663029766136,0.5232804572479819,1.2148040518208256,23.50021034459106,16.86474095736672,39.151769121407845,noon2,simple,0.6,0.01306716487437392,30000.0,30000.0,1.0,1e-06,1.0,1.0,0.0,0.0,0.0,0.0,0.0,0,1.5,psi4,2,96.51777969367707,119.53271280812871,763.7758234360563,195.72826696824643,252.4376362266693,2135.410598565496,99.21048727456936,132.9049234185406,1371.63477512944,232.1295244882725,274.78178439858493,274.78178439858493,29999.884033203125,nan,nan,0.0,0.0,0.0
hybrid_noon2,0.0,120.0,1.0,0.7,rayleigh,1.0,0.00032408593089047993,0.031112297319937907,532.0,810.0,809.0,0.405,0.85,0.00019283112887983554,80000.0,80000.0,79999.95140075684,1.2456417998672022,0.8497897472429262,2.181518389597668,52.73451323901968,35.976031537431396,92.35504974999046,noon2,simple,0.6,0.01306716487437392,30000.0,30000.0,1.0,1e-06,1.0,1.0,0.0,0.0,0.0,0.0,0.0,0,1.5,psi4,2,96.51777969367707,119.53271280812871,763.7758234360563,128.86810575209313,163.4291833235282,1153.1027223178037,32.35032605841605,43.89647051539951,389.3268988817475,138.05165831583346,280.5943363363525,280.5943363363525,29999.884033203125,0.5232804572479819,16.86474095736672,0.0,0.0,0.0
classical,0.0,120.0,1.0,0.7,rayleigh,1.0,0.00032408593089047993,0.031112297319937907,532.0,810.0,809.0,655.2899999999507,0.85,0.00019283112887983554,80000.0,80000.0,79998.88272094727,1.2306181801473395,0.8455903138417864,2.1627690093391134,52.09848507016763,35.798247622093626,91.56129070820687,-,simple,0.6,0.01306716487437392,30000.0,30000.0,1.0,1e-06,1.0,1.0,0.0,0.0,0.0,0.0,0.0,0,1.5,psi4,3,97.04823214208807,119.9944092642021,745.495973297739,472.6102907914536,625.0138494030545,4402.351643276576,375.56205864936555,505.01944013885236,3656.855669978837,636.4432251833356,726.8330325875601,726.8330325875601,,,,,,
quant_diff,0.0,120.0,1.0,0.7,rayleigh,1.0,0.00032408593089047993,0.031112297319937907,532.0,810.0,809.0,655.2899999999507,0.85,0.00019283112887983554,80000.0,80000.0,79998.88272094727,0.7200814849655466,0.5254950258328737,1.1985634326124301,37549.6004983218,27402.63247405093,62500.67389060469,diff,simple,0.6,0.01306716487437392,30000.0,30000.0,1.0,1e-06,1.0,1.0,0.0,0.0,0.0,0.0,0.0,0,1.5,psi4,3,97.04823214208807,119.9944092642021,745.495973297739,131041.54944004062,208352.21601403935,1802886.4136844983,130944.50120789853,208232.22160477517,1802140.9177112004,208353.47239904682,2154.5614843459402,2154.5614843459402,29999.428604125977,nan,nan,0.0,0.0,0.0
hybrid_diff,0.0,120.0,1.0,0.7,rayleigh,1.0,0.00032408593089047993,0.031112297319937907,532.0,810.0,809.0,655.2899999999507,0.85,0.00019283112887983554,80000.0,80000.0,79998.88272094727,1.2306181801473395,0.8455903138417864,2.1627690093391134,52.09848507016763,35.798247622093626,91.56129070820687,diff,simple,0.6,0.01306716487437392,30000.0,30000.0,1.0,1e-06,1.0,1.0,0.0,0.0,0.0,0.0,0.0,0,1.5,psi4,3,97.04823214208807,119.9944092642021,745.495973297739,62325.84811179681,83560.02044524859,549162.8349686699,62228.799879654725,83440.0260359844,548417.3389953722,83562.63851416788,8727.328970529623,8727.328970529623,29999.428604125977,0.5254950258328737,27402.63247405093,0.0,0.0,0.0
quant_noon2,0.0,120.0,1.0,0.7,rayleigh,1.0,0.00032408593089047993,0.031112297319937907,532.0,810.0,809.0,0.405,0.85,0.00019283112887983554,80000.0,80000.0,79998.88272094727,0.7214973531574606,0.5239057307052042,1.1846689288927432,23.253048712002574,16.88489281807069,38.180547982033886,noon2,simple,0.6,0.01306716487437392,30000.0,30000.0,1.0,1e-06,1.0,1.0,0.0,0.0,0.0,0.0,0.0,0,1.5,psi4,3,97.04823214208807,119.9944092642021,745.495973297739,202.5398213792099,265.3040950437851,2301.7410463984284,105.49158923712183,145.309685779583,1556.2450731006895,247.87337399913267,175.55627845246985,175.55627845246985,29999.386337280273,nan,nan,0.0,0.0,0.0
hybrid_noon2,0.0,120.0,1.0,0.7,rayleigh,1.0,0.00032408593089047993,0.031112297319937907,532.0,810.0,809.0,0.405,0.85,0.00019283112887983554,80000.0,80000.0,79998.88272094727,1.2306181801473395,0.8455903138417864,2.1627690093391134,52.09848507016763,35.798247622093626,91.56129070820687,noon2,simple,0.6,0.01306716487437392,30000.0,30000.0,1.0,1e-06,1.0,1.0,0.0,0.0,0.0,0.0,0.0,0,1.5,psi4,3,97.04823214208807,119.9944092642021,745.495973297739,133.82082098007695,170.451989024272,1275.1841187877137,36.77258883798887,50.4575797600699,529.6881454899748,148.8623090716099,157.71210904872015,157.71210904872015,29999.386337280273,0.5239057307052042,16.88489281807069,0.0,0.0,0.0
classical,0.0,120.0,1.0,0.7,rayleigh,1.0,0.00032408593089047993,0.031112297319937907,532.0,810.0,809.0,655.2899999999507,0.85,0.00019283112887983554,80000.0,80000.0,80001.65821838379,1.2506598011575847,0.8478147695401533,2.148628949756684,52.946951401828045,35.892420432035976,90.96266824761695,-,simple,0.6,0.01306716487437392,30000.0,30000.0,1.0,1e-06,1.0,1.0,0.0,0.0,0.0,0.0,0.0,0,1.5,psi4,4,96.96026538697714,119.83231629931899,744.473117969542,504.8818690109051,649.3629807250469,4755.156296304936,407.92160362392804,529.5306644257279,4010.6831783353946,656.8396200249076,-305.4926784070093,-305.4926784070093,,,,,,
quant_diff,0.0,120.0,1.0,0.7,rayleigh,1.0,0.00032408593089047993,0.031112297319937907,532.0,810.0,809.0,655.2899999999507,0.85,0.00019283112887983554,80000.0,80000.0,80001.65821838379,0.7221615336136296,0.5241546666252318,1.2018841181775177,37658.0673835054,27332.73767211249,62673.835427115446,diff,simple,0.6,0.01306716487437392,30000.0,30000.0,1.0,1e-06,1.0,1.0,0.0,0.0,0.0,0.0,0.0,0,1.5,psi4,4,96.96026538697714,119.83231629931899,744.473117969542,160480.64747381766,243547.92651570233,2450802.9033560585,160383.68720843067,243428.094199403,2450058.430238089,243550.50577317472,-1920.9724727121734,-1920.9724727121734,30000.922241210938,nan,nan,0.0,0.0,0.0
hybrid_diff,0.0,120.0,1.0,0.7,rayleigh,1.0,0.00032408593089047993,0.031112297319937907,532.0,810.0,809.0,655.2899999999507,0.85,0.00019283112887983554,80000.0,80000.0,80001.65821838379,1.2506598011575847,0.8478147695401533,2.148628949756684,52.946951401828045,35.892420432035976,90.96266824761695,diff,simple,0.6,0.01306716487437392,30000.0,30000.0,1.0,1e-06,1.0,1.0,0.0,0.0,0.0,0.0,0.0,0,1.5,psi4,4,96.96026538697714,119.83231629931899,744.473117969542,68923.3063701328,93501.71487372192,818135.0705078162,68826.34610474584,93381.88255742262,817390.5973898467,93508.14531952243,-4375.9420791292705,-4375.9420791292705,30000.922241210938,0.5241546666252318,27332.73767211249,0.0,0.0,0.0
quant_noon2,0.0,120.0,1.0,0.7,rayleigh,1.0,0.00032408593089047993,0.031112297319937907,532.0,810.0,809.0,0.405,0.85,0.00019283112887983554,80000.0,80000.0,80001.65821838379,0.7266091001026354,0.5237494932326989,1.2171945685631735,23.417794570319863,16.879857459946493,39.22881278901579,noon2,simple,0.6,0.01306716487437392,30000.0,30000.0,1.0,1e-06,1.0,1.0,0.0,0.0,0.0,0.0,0.0,0,1.5,psi4,4,96.96026538697714,119.83231629931899,744.473117969542,218.60999181171283,281.9056802005281,1962.3359169582993,121.64972642473569,162.0733639012091,1217.8627989887573,269.4328023223061,-53.70281651303336,-53.70281651303336,30000.86753845215,nan,nan,0.0,0.0,0.0
hybrid_noon2,0.0,120.0,1.0,0.7,rayleigh,1.0,0.00032408593089047993,0.031112297319937907,532.0,810.0,809.0,0.405,0.85,0.00019283112887983554,80000.0,80000.0,80001.65821838379,1.2506598011575847,0.8478147695401533,2.148628949756684,52.946951401828045,35.892420432035976,90.96266824761695,noon2,simple,0.6,0.01306716487437392,30000.0,30000.0,1.0,1e-06,1.0,1.0,0.0,0.0,0.0,0.0,0.0,0,1.5,psi4,4,96.96026538697714,119.83231629931899,744.473117969542,140.41711048415402,175.34590514891954,1295.0726186711402,43.456845097176895,55.51358884960056,550.599500701598,161.14717378764533,-56.29359169637044,-56.29359169637044,30000.86753845215,0.5237494932326989,16.879857459946493,0.0,0.0,0.0
classical,0.0,120.0,1.0,0.7,rayleigh,1.0,0.00032408593089047993,0.031112297319937907,532.0,810.0,809.0,655.2899999999507,0.85,0.00019283112887983554,80000.0,80000.0,80000.12091064453,1.2442465878125133,0.8490735161735179,2.1602957295288756,52.675446636905754,35.945709741216845,91.4565838760255,-,simple,0.6,0.01306716487437392,30000.0,30000.0,1.0,1e-06,1.0,1.0,0.0,0.0,0.0,0.0,0.0,0,1.5,psi4,5,95.74794361810109,118.08213933387256,745.8719753672749,484.94976573969325,637.8566713576812,5395.13623897285,389.20182212159216,519.7745320238087,4649.264263605575,644.4868120809598,147.67242211533025,147.67242211533025,,,,,,
quant_diff,0.0,120.0,1.0,0.7,rayleigh,1.0,0.00032408593089047993,0.031112297319937907,532.0,810.0,809.0,655.2899999999507,0.85,0.00019283112887983554,80000.0,80000.0,80000.12091064453,0.7284087423597845,0.5268949855644218,1.2100186617573665,37983.83633819385,27475.635224060374,63098.021950497765,diff,simple,0.6,0.01306716487437392,30000.0,30000.0,1.0,1e-06,1.0,1.0,0.0,0.0,0.0,0.0,0.0,0,1.5,psi4,5,95.74794361810109,118.08213933387256,745.8719753672749,190008.57526699064,276949.19737631775,2303685.961279462,189912.82732337256,276831.11523698387,2302940.0893040947,276947.2634636153,-323047.5447785408,-323047.5447785408,30000.10023498535,nan,nan,0.0,0.0,0.0
hybrid_diff,0.0,120.0,1.0,0.7,rayleigh,1.0,0.00032408593089047993,0.031112297319937907,532.0,810.0,809.0,655.2899999999507,0.85,0.00019283112887983554,80000.0,80000.0,80000.12091064453,1.2442465878125133,0.8490735161735179,2.1602957295288756,52.675446636905754,35.945709741216845,91.4565838760255,diff,simple,0.6,0.01306716487437392,30000.0,30000.0,1.0,1e-06,1.0,1.0,0.0,0.0,0.0,0.0,0.0,0,1.5,psi4,5,95.74794361810109,118.08213933387256,745.8719753672749,96943.5498116644,129309.85417501377,1039734.2785263279,96847.8018680463,129191.7720356799,1038988.4065509606,129305.19832857621,-311761.759086012,-311761.759086012,30000.10023498535,0.5268949855644218,27475.635224060374,0.0,0.0,0.0
quant_noon2,0.0,120.0,1.0,0.7,rayleigh,1.0,0.00032408593089047993,0.031112297319937907,532.0,810.0,809.0,0.405,0.85,0.00019283112887983554,80000.0,80000.0,80000.12091064453,0.7501314652951134,0.5255045652417099,1.201253447392369,24.17589396077298,16.936421458054046,38.715048371881814,noon2,simple,0.6,0.01306716487437392,30000.0,30000.0,1.0,1e-06,1.0,1.0,0.0,0.0,0.0,0.0,0.0,0,1.5,psi4,5,95.74794361810109,118.08213933387256,745.8719753672749,251.95230966200612,313.2938070546319,2217.7187776030137,156.20436604390503,195.21166772075935,1471.8468022357388,306.43711860484717,-256.28124824550366,-256.28124824550366,30000.108276367188,nan,nan,0.0,0.0,0.0
hybrid_noon2,0.0,120.0,1.0,0.7,rayleigh,1.0,0.00032408593089047993,0.031112297319937907,532.0,810.0,809.0,0.405,0.85,0.00019283112887983554,80000.0,80000.0,80000.12091064453,1.2442465878125133,0.8490735161735179,2.1602957295288756,52.675446636905754,35.945709741216845,91.4565838760255,noon2,simple,0.6,0.01306716487437392,30000.0,30000.0,1.0,1e-06,1.0,1.0,0.0,0.0,0.0,0.0,0.0,0,1.5,psi4,5,95.74794361810109,118.08213933387256,745.8719753672749,202.1047779612175,244.21887812281523,1468.6935148673842,106.3568343431164,126.13673878894268,722.8215395001093,240.3017534698341,-296.4978030167108,-296.4978030167108,30000.108276367188,0.5255045652417099,16.936421458054046,0.0,0.0,0.0
classical,0.0,120.0,1.0,0.7,rayleigh,1.0,0.00032408593089047993,0.031112297319937907,532.0,810.0,809.0,655.2899999999507,0.85,0.00019283112887983554,80000.0,80000.0,79998.99801635742,1.2282460828829278,0.8414118962532985,2.177175097348557,51.99806182280415,35.62135341569997,92.17117553941395,-,simple,0.6,0.01306716487437392,30000.0,30000.0,1.0,1e-06,1.0,1.0,0.0,0.0,0.0,0.0,0.0,0,1.5,psi4,6,96.01236568438209,119.7178754827793,780.9562640821205,422.5489466050971,554.7583193944837,4302.619109061784,326.53658092071504,435.04044391170436,3521.662844979664,570.3978496427729,199.0616616971184,199.0616616971184,,,,,,
quant_diff,0.0,120.0,1.0,0.7,rayleigh,1.0,0.00032408593089047993,0.031112297319937907,532.0,810.0,809.0,655.2899999999507,0.85,0.00019283112887983554,80000.0,80000.0,79998.99801635742,0.736795458835056,0.5248373609502563,1.2187769602187615,38421.17275041143,27368.337669754936,63554.73499636394,diff,simple,0.6,0.01306716487437392,30000.0,30000.0,1.0,1e-06,1.0,1.0,0.0,0.0,0.0,0.0,0.0,0,1.5,psi4,6,96.01236568438209,119.7178754827793,780.9562640821205,189898.24745265258,267144.9482307786,2072556.9427575818,189802.23508696823,267025.2303552959,2071775.9864934997,267145.7746352082,-24483.74530389629,-24483.74530389629,29999.34634399414,nan,nan,0.0,0.0,0.0
hybrid_diff,0.0,120.0,1.0,0.7,rayleigh,1.0,0.00032408593089047993,0.031112297319937907,532.0,810.0,809.0,655.2899999999507,0.85,0.00019283112887983554,80000.0,80000.0,79998.99801635742,1.2282460828829278,0.8414118962532985,2.177175097348557,51.99806182280415,35.62135341569997,92.17117553941395,diff,simple,0.6,0.01306716487437392,30000.0,30000.0,1.0,1e-06,1.0,1.0,0.0,0.0,0.0,0.0,0.0,0,1.5,psi4,6,96.01236568438209,119.7178754827793,780.9562640821205,104742.1282921523,133121.033005286,829940.472886766,104646.11592646792,133001.31512980323,829159.5166226837,133122.68798890032,-59219.1054656966,-59219.1054656966,29999.34634399414,0.5248373609502563,27368.337669754936,0.0,0.0,0.0
quant_noon2,0.0,120.0,1.0,0.7,rayleigh,1.0,0.00032408593089047993,0.031112297319937907,532.0,810.0,809.0,0.405,0.85,0.00019283112887983554,80000.0,80000.0,79998.99801635742,0.72231856342062,0.5226743177106382,1.1876608800368769,23.279515395724243,16.84520576139345,38.27697520438475,noon2,simple,0.6,0.01306716487437392,30000.0,30000.0,1.0,1e-06,1.0,1.0,0.0,0.0,0.0,0.0,0.0,0,1.5,psi4,6,96.01236568438209,119.7178754827793,780.9562640821205,200.37469222136136,267.83671689377377,2284.26231142628,104.36232653697925,148.11884141099446,1503.3060473441594,260.153358219424,53.157178269219564,53.157178269219564,29999.43394470215,nan,nan,0.0,0.0,0.0
hybrid_noon2,0.0,120.0,1.0,0.7,rayleigh,1.0,0.00032408593089047993,0.031112297319937907,532.0,810.0,809.0,0.405,0.85,0.00019283112887983554,80000.0,80000.0,79998.99801635742,1.2282460828829278,0.8414118962532985,2.177175097348557,51.99806182280415,35.62135341569997,92.17117553941395,noon2,simple,0.6,0.01306716487437392,30000.0,30000.0,1.0,1e-06,1.0,1.0,0.0,0.0,0.0,0.0,0.0,0,1.5,psi4,6,96.01236568438209,119.7178754827793,780.9562640821205,119.6431630475924,150.4827604956309,1164.985727215133,23.630797363210295,30.76488501285161,384.02946313301265,142.19335119907007,37.75268046617132,37.75268046617132,29999.43394470215,0.5226743177106382,16.84520576139345,0.0,0.0,0.0
classical,0.0,120.0,1.0,0.7,rayleigh,1.0,0.00032408593089047993,0.031112297319937907,532.0,810.0,809.0,655.2899999999507,0.85,0.00019283112887983554,80000.0,80000.0,80000.31341552734,1.2528465088548222,0.8522542849259683,2.1955632430128103,53.03952614203196,36.08036826977958,92.94964163703203,-,simple,0.6,0.01306716487437392,30000.0,30000.0,1.0,1e-06,1.0,1.0,0.0,0.0,0.0,0.0,0.0,0,1.5,psi4,7,96.15500218498953,119.449186226617,739.8179515055392,465.1619604540913,605.7974970833011,5571.09145385291,369.00695826910174,486.3483108566842,4831.273502347371,616.8315457509373,375.0750436879902,375.0750436879902,,,,,,
quant_diff,0.0,120.0,1.0,0.7,rayleigh,1.0,0.00032408593089047993,0.031112297319937907,532.0,810.0,809.0,655.2899999999507,0.85,0.00019283112887983554,80000.0,80000.0,80000.31341552734,0.7155858034492888,0.5242416955867979,1.177278900139291,37315.167245380646,27337.27591230728,61390.76382091559,diff,simple,0.6,0.01306716487437392,30000.0,30000.0,1.0,1e-06,1.0,1.0,0.0,0.0,0.0,0.0,0.0,0,1.5,psi4,7,96.15500218498953,119.449186226617,739.8179515055392,189032.93336713206,269266.30783143366,2580943.64276186,188936.77836494707,269146.8586452071,2580203.824810354,269267.7561508404,297312.9324738877,297312.9324738877,30000.267852783203,nan,nan,0.0,0.0,0.0
hybrid_diff,0.0,120.0,1.0,0.7,rayleigh,1.0,0.00032408593089047993,0.031112297319937907,532.0,810.0,809.0,655.2899999999507,0.85,0.00019283112887983554,80000.0,80000.0,80000.31341552734,1.2528465088548222,0.8522542849259683,2.1955632430128103,53.03952614203196,36.08036826977958,92.94964163703203,diff,simple,0.6,0.01306716487437392,30000.0,30000.0,1.0,1e-06,1.0,1.0,0.0,0.0,0.0,0.0,0.0,0,1.5,psi4,7,96.15500218498953,119.449186226617,739.8179515055392,107129.57353560181,137158.64821503786,949977.900665454,107033.41853341681,137039.19902881124,949238.0827139484,137161.17452450824,248308.22326746504,248308.22326746504,30000.267852783203,0.5242416955867979,27337.27591230728,0.0,0.0,0.0
quant_noon2,0.0,120.0,1.0,0.7,rayleigh,1.0,0.00032408593089047993,0.031112297319937907,532.0,810.0,809.0,0.405,0.85,0.00019283112887983554,80000.0,80000.0,80000.31341552734,0.7317028156025814,0.5225366305720907,1.1952961361684808,23.58195929542521,16.840768259681695,38.52305092729605,noon2,simple,0.6,0.01306716487437392,30000.0,30000.0,1.0,1e-06,1.0,1.0,0.0,0.0,0.0,0.0,0.0,0,1.5,psi4,7,96.15500218498953,119.449186226617,739.8179515055392,207.29720280107185,275.3353084961614,2160.6266621786685,111.14220061608232,155.88612226954442,1420.8087106731293,260.5659587815975,227.76320189154967,227.76320189154967,30000.25944519043,nan,nan,0.0,0.0,0.0
hybrid_noon2,0.0,120.0,1.0,0.7,rayleigh,1.0,0.00032408593089047993,0.031112297319937907,532.0,810.0,809.0,0.405,0.85,0.00019283112887983554,80000.0,80000.0,80000.31341552734,1.2528465088548222,0.8522542849259683,2.1955632430128103,53.03952614203196,36.08036826977958,92.94964163703203,noon2,simple,0.6,0.01306716487437392,30000.0,30000.0,1.0,1e-06,1.0,1.0,0.0,0.0,0.0,0.0,0.0,0,1.5,psi4,7,96.15500218498953,119.449186226617,739.8179515055392,133.31113298808071,169.42047150612532,1295.8601660669137,37.15613080309118,49.97128527950832,556.0422145613745,150.73363969129358,224.18337888583946,224.18337888583946,30000.25944519043,0.5225366305720907,16.840768259681695,0.0,0.0,0.0
classical,0.0,120.0,1.0,0.7,rayleigh,1.0,0.00032408593089047993,0.031112297319937907,532.0,810.0,809.0,655.2899999999507,0.85,0.00019283112887983554,80000.0,80000.0,79999.06132507324,829199222.1849072,0.8548540981598993,2.156910121286615,35104327234.96962,36.190431921640275,91.31325342364934,-,simple,0.6,0.01306716487437392,30000.0,30000.0,1.0,1e-06,1.0,1.0,0.0,0.0,0.0,0.0,0.0,0,1.5,psi4,8,94.29474683944132,118.45135546293277,815.2161837223413,512.5488622916005,653.9733909307572,4428.377024490461,418.25411545215917,535.5220354678245,3613.1608407681197,663.0561057948044,-874.6664066740509,-874.6664066740509,,,,,,
quant_diff,0.0,120.0,1.0,0.7,rayleigh,1.0,0.00032408593089047993,0.031112297319937907,532.0,810.0,809.0,655.2899999999507,0.85,0.00019283112887983554,80000.0,80000.0,79999.06132507324,1027049757.634498,0.5274936435275321,1.199782948328352,53556866682829.414,27506.85303457109,62564.26714899333,diff,simple,0.6,0.01306716487437392,30000.0,30000.0,1.0,1e-06,1.0,1.0,0.0,0.0,0.0,0.0,0.0,0,1.5,psi4,8,94.29474683944132,118.45135546293277,815.2161837223413,160449.37542657374,215652.70956730293,1894431.3952162925,160355.0806797343,215534.25821184,1893616.1790325702,215653.04783214783,47720.50825167577,47720.50825167577,29999.419509887695,nan,nan,0.0,0.0,0.0
hybrid_diff,0.0,120.0,1.0,0.7,rayleigh,1.0,0.00032408593089047993,0.031112297319937907,532.0,810.0,809.0,655.2899999999507,0.85,0.00019283112887983554,80000.0,80000.0,79999.06132507324,829199222.1849072,0.8548540981598993,2.156910121286615,35104327234.96962,36.190431921640275,91.31325342364934,diff,simple,0.6,0.01306716487437392,30000.0,30000.0,1.0,1e-06,1.0,1.0,0.0,0.0,0.0,0.0,0.0,0,1.5,psi4,8,94.29474683944132,118.45135546293277,815.2161837223413,88362.55182732227,112884.56444012308,861454.6570322921,88268.25708048283,112766.11308466014,860639.4408485697,112885.88178117308,155142.55104811853,155142.55104811853,29999.419509887695,0.5274936435275321,27506.85303457109,0.0,0.0,0.0
quant_noon2,0.0,120.0,1.0,0.7,rayleigh,1.0,0.00032408593089047993,0.031112297319937907,532.0,810.0,809.0,0.405,0.85,0.00019283112887983554,80000.0,80000.0,79999.06132507324,0.7433559412291841,0.526815788979476,1.2033418951818258,23.957526435979005,16.978680725275442,38.782356696670796,noon2,simple,0.6,0.01306716487437392,30000.0,30000.0,1.0,1e-06,1.0,1.0,0.0,0.0,0.0,0.0,0.0,0,1.5,psi4,8,94.29474683944132,118.45135546293277,815.2161837223413,213.0022625011505,278.19612427757113,2001.3856779961757,118.70751566170918,159.74476881463835,1186.1694942738343,266.0811320891635,-266.26439124017287,-266.26439124017287,29999.410888671875,nan,nan,0.0,0.0,0.0
hybrid_noon2,0.0,120.0,1.0,0.7,rayleigh,1.0,0.00032408593089047993,0.031112297319937907,532.0,810.0,809.0,0.405,0.85,0.00019283112887983554,80000.0,80000.0,79999.06132507324,829199222.1849072,0.8548540981598993,2.156910121286615,35104327234.96962,36.190431921640275,91.31325342364934,noon2,simple,0.6,0.01306716487437392,30000.0,30000.0,1.0,1e-06,1.0,1.0,0.0,0.0,0.0,0.0,0.0,0,1.5,psi4,8,94.29474683944132,118.45135546293277,815.2161837223413,160.82780560798548,203.0298389187201,1476.7663794433715,66.53305876854417,84.5784834557873,661.5501957210303,191.20288489904658,-250.91131133689984,-250.91131133689984,29999.410888671875,0.526815788979476,16.978680725275442,0.0,0.0,0.0
classical,0.0,120.0,1.0,0.7,rayleigh,1.0,0.00032408593089047993,0.031112297319937907,532.0,810.0,809.0,655.2899999999507,0.85,0.00019283112887983554,80000.0,80000.0,79999.49336242676,1.2134322962454496,0.8456877370276568,2.14828517971443,51.370916982580106,35.802372053600024,90.94811466901488,-,simple,0.6,0.01306716487437392,30000.0,30000.0,1.0,1e-06,1.0,1.0,0.0,0.0,0.0,0.0,0.0,0,1.5,psi4,9,95.3796640743008,119.0024155845554,873.2478155983046,539.9702227688703,703.5403404397008,5591.16734930512,444.59055869456944,584.5379248551454,4717.919533706815,715.1570291502534,-696.7277466854455,-696.7277466854455,,,,,,
quant_diff,0.0,120.0,1.0,0.7,rayleigh,1.0,0.00032408593089047993,0.031112297319937907,532.0,810.0,809.0,655.2899999999507,0.85,0.00019283112887983554,80000.0,80000.0,79999.49336242676,0.7321396703626943,0.5265243553365301,1.2312998835226785,38178.39050869022,27456.30822110236,64207.75937895268,diff,simple,0.6,0.01306716487437392,30000.0,30000.0,1.0,1e-06,1.0,1.0,0.0,0.0,0.0,0.0,0.0,0,1.5,psi4,9,95.3796640743008,119.0024155845554,873.2478155983046,178558.7689918904,248704.3356039662,2300268.5623760177,178463.38932781608,248585.33318838163,2299395.3145604194,248713.3623571766,21183.150224975598,21183.150224975598,29999.77671813965,nan,nan,0.0,0.0,0.0
hybrid_diff,0.0,120.0,1.0,0.7,rayleigh,1.0,0.00032408593089047993,0.031112297319937907,532.0,810.0,809.0,655.2899999999507,0.85,0.00019283112887983554,80000.0,80000.0,79999.49336242676,1.2134322962454496,0.8456877370276568,2.14828517971443,51.370916982580106,35.802372053600024,90.94811466901488,diff,simple,0.6,0.01306716487437392,30000.0,30000.0,1.0,1e-06,1.0,1.0,0.0,0.0,0.0,0.0,0.0,0,1.5,psi4,9,95.3796640743008,119.0024155845554,873.2478155983046,117340.74359734287,146311.72459301207,810416.3416880904,117245.36393326857,146192.72217742752,809543.0938724921,146326.63542896305,66901.465333495,66901.465333495,29999.77671813965,0.5265243553365301,27456.30822110236,0.0,0.0,0.0
quant_noon2,0.0,120.0,1.0,0.7,rayleigh,1.0,0.00032408593089047993,0.031112297319937907,532.0,810.0,809.0,0.405,0.85,0.00019283112887983554,80000.0,80000.0,79999.49336242676,0.7253009745114644,0.5259728979772044,1.190680433166549,23.375635152880843,16.951515295701853,38.37429200770423,noon2,simple,0.6,0.01306716487437392,30000.0,30000.0,1.0,1e-06,1.0,1.0,0.0,0.0,0.0,0.0,0.0,0,1.5,psi4,9,95.3796640743008,119.0024155845554,873.2478155983046,197.69606150433,256.71933749066767,2192.4601635556273,102.31639743002921,137.71692190611228,1319.212347957323,239.9871398187453,-106.91068037128731,-106.91068037128731,29999.791549682617,nan,nan,0.0,0.0,0.0
hybrid_noon2,0.0,120.0,1.0,0.7,rayleigh,1.0,0.00032408593089047993,0.031112297319937907,532.0,810.0,809.0,0.405,0.85,0.00019283112887983554,80000.0,80000.0,79999.49336242676,1.2134322962454496,0.8456877370276568,2.14828517971443,51.370916982580106,35.802372053600024,90.94811466901488,noon2,simple,0.6,0.01306716487437392,30000.0,30000.0,1.0,1e-06,1.0,1.0,0.0,0.0,0.0,0.0,0.0,0,1.5,psi4,9,95.3796640743008,119.0024155845554,873.2478155983046,127.00924109160741,160.5240896077546,1284.7857011705485,31.629577017306605,41.52167402319922,411.5378855722439,139.68115396465188,-119.02346535055463,-119.02346535055463,29999.791549682617,0.5259728979772044,16.951515295701853,0.0,0.0,0.0
classical,0.0,120.0,0.5,1.0,rayleigh,1.0,0.00032408593089047993,0.031112297319937907,532.0,810.0,809.0,655.2899999999507,0.85,0.0002754730412569079,80000.0,40000.0,39998.877670288086,1.2811547393926863,0.8545252353736665,2.207267875653864,54.23796116422804,36.17650944492485,93.44515977477701,-,simple,0.6,0.018667378391962742,30000.0,15000.0,1.0,1e-06,1.0,1.0,0.0,0.0,0.0,0.0,0.0,0,1.5,psi4,0,96.7833604878387,119.6801476249574,817.898863273828,477.4712840234468,621.1153528831416,4578.74021712352,380.6879235356081,501.4352052581842,3760.841353849692,628.6175864683748,-658.6004783047766,-658.6004783047766,,,,,,
quant_diff,0.0,120.0,0.5,1.0,rayleigh,1.0,0.00032408593089047993,0.031112297319937907,532.0,810.0,809.0,655.2899999999507,0.85,0.0002754730412569079,80000.0,40000.0,39998.877670288086,0.7169172754673938,0.5174435811851781,1.1617292741044116,37384.59861307777,26982.779254286797,60579.908025149714,diff,simple,0.6,0.018667378391962742,30000.0,15000.0,1.0,1e-06,1.0,1.0,0.0,0.0,0.0,0.0,0.0,0,1.5,psi4,0,96.7833604878387,119.6801476249574,817.898863273828,162814.02146795855,262424.0602119586,2492600.428729305,162717.2381074707,262304.3800643337,2491782.529866031,262425.1326242858,-6249.249627971943,-6249.249627971943,14999.310028076172,nan,nan,0.0,0.0,0.0
hybrid_diff,0.0,120.0,0.5,1.0,rayleigh,1.0,0.00032408593089047993,0.031112297319937907,532.0,810.0,809.0,655.2899999999507,0.85,0.0002754730412569079,80000.0,40000.0,39998.877670288086,1.2811547393926863,0.8545252353736665,2.207267875653864,54.23796116422804,36.17650944492485,93.44515977477701,diff,simple,0.6,0.018667378391962742,30000.0,15000.0,1.0,1e-06,1.0,1.0,0.0,0.0,0.0,0.0,0.0,0,1.5,psi4,0,96.7833604878387,119.6801476249574,817.898863273828,75050.07465640378,97500.36166050928,627007.630299693,74953.29129591594,97380.68151288433,626189.7314364191,97503.42797746467,-24921.19124187367,-24921.19124187367,14999.310028076172,0.5174435811851781,26982.779254286797,0.0,0.0,0.0
quant_noon2,0.0,120.0,0.5,1.0,rayleigh,1.0,0.00032408593089047993,0.031112297319937907,532.0,810.0,809.0,0.405,0.85,0.0002754730412569079,80000.0,40000.0,39998.877670288086,0.7161825590662108,0.5218466673873328,1.1910221791506548,23.08175887239713,16.818531521772055,38.3853060966413,noon2,simple,0.6,0.018667378391962742,30000.0,15000.0,1.0,1e-06,1.0,1.0,0.0,0.0,0.0,0.0,0.0,0,1.5,psi4,0,96.7833604878387,119.6801476249574,817.898863273828,210.12645793595763,274.0978706036404,2411.569519139083,113.34309744811894,154.417722978683,1593.6706558652547,266.0896894045952,223.76433750105656,223.76433750105656,14999.310745239258,nan,nan,0.0,0.0,0.0
hybrid_noon2,0.0,120.0,0.5,1.0,rayleigh,1.0,0.00032408593089047993,0.031112297319937907,532.0,810.0,809.0,0.405,0.85,0.0002754730412569079,80000.0,40000.0,39998.877670288086,1.2811547393926863,0.8545252353736665,2.207267875653864,54.23796116422804,36.17650944492485,93.44515977477701,noon2,simple,0.6,0.018667378391962742,30000.0,15000.0,1.0,1e-06,1.0,1.0,0.0,0.0,0.0,0.0,0.0,0,1.5,psi4,0,96.7833604878387,119.6801476249574,817.898863273828,137.65778905278634,173.84721536481683,1284.665965856279,40.87442856494762,54.16706773985945,466.767102582451,167.66390873846274,210.2315231459982,210.2315231459982,14999.310745239258,0.5218466673873328,16.818531521772055,0.0,0.0,0.0
classical,0.0,120.0,0.5,1.0,rayleigh,1.0,0.00032408593089047993,0.031112297319937907,532.0,810.0,809.0,655.2899999999507,0.85,0.0002754730412569079,80000.0,40000.0,40001.01301574707,1.2515423207707763,0.8486105892328605,2.203028567706122,52.984313059272836,35.92611162971849,93.26568776194131,-,simple,0.6,0.018667378391962742,30000.0,15000.0,1.0,1e-06,1.0,1.0,0.0,0.0,0.0,0.0,0.0,0,1.5,psi4,1,95.18311390572963,119.8980061729993,841.2402447957372,503.8530301563462,645.1066264716602,4652.56888854944,408.6699162506166,525.2086202986609,3811.3286437537026,657.686332776011,232.65923206872029,232.65923206872029,,,,,,
quant_diff,0.0,120.0,0.5,1.0,rayleigh,1.0,0.00032408593089047993,0.031112297319937907,532.0,810.0,809.0,655.2899999999507,0.85,0.0002754730412569079,80000.0,40000.0,40001.01301574707,0.7243143603928841,0.524014367638254,1.2076980238483153,37770.32938050281,27325.42159605537,62977.00922040333,diff,simple,0.6,0.018667378391962742,30000.0,15000.0,1.0,1e-06,1.0,1.0,0.0,0.0,0.0,0.0,0.0,0,1.5,psi4,1,95.18311390572963,119.8980061729993,841.2402447957372,175737.68957652643,240025.68458569402,1835908.6826730685,175642.50646262072,239905.786579521,1835067.4424282727,240027.29950536307,-279227.03608981875,-279227.03608981875,15000.694717407227,nan,nan,0.0,0.0,0.0
hybrid_diff,0.0,120.0,0.5,1.0,rayleigh,1.0,0.00032408593089047993,0.031112297319937907,532.0,810.0,809.0,655.2899999999507,0.85,0.0002754730412569079,80000.0,40000.0,40001.01301574707,1.2515423207707763,0.8486105892328605,2.203028567706122,52.984313059272836,35.92611162971849,93.26568776194131,diff,simple,0.6,0.018667378391962742,30000.0,15000.0,1.0,1e-06,1.0,1.0,0.0,0.0,0.0,0.0,0.0,0,1.5,psi4,1,95.18311390572963,119.8980061729993,841.2402447957372,98425.05719420656,119727.47296456154,766184.3671595947,98329.87408030083,119607.57495838855,765343.1269147989,119730.68896716378,-178404.2846186563,-178404.2846186563,15000.694717407227,0.524014367638254,27325.42159605537,0.0,0.0,0.0
quant_noon2,0.0,120.0,0.5,1.0,rayleigh,1.0,0.00032408593089047993,0.031112297319937907,532.0,810.0,809.0,0.405,0.85,0.0002754730412569079,80000.0,40000.0,40001.01301574707,1452130684.8447874,0.524711303488867,1.1982395750685324,46800539742.96458,16.910855523405083,38.61791465454905,noon2,simple,0.6,0.018667378391962742,30000.0,15000.0,1.0,1e-06,1.0,1.0,0.0,0.0,0.0,0.0,0.0,0,1.5,psi4,1,95.18311390572963,119.8980061729993,841.2402447957372,200.52399509562608,261.96219989815467,2094.598565956051,105.34088118989646,142.06419372515535,1253.3583211603138,249.99891071047531,43.316648768762704,43.316648768762704,15000.655242919922,nan,nan,0.0,0.0,0.0
hybrid_noon2,0.0,120.0,0.5,1.0,rayleigh,1.0,0.00032408593089047993,0.031112297319937907,532.0,810.0,809.0,0.405,0.85,0.0002754730412569079,80000.0,40000.0,40001.01301574707,1.2515423207707763,0.8486105892328605,2.203028567706122,52.984313059272836,35.92611162971849,93.26568776194131,noon2,simple,0.6,0.018667378391962742,30000.0,15000.0,1.0,1e-06,1.0,1.0,0.0,0.0,0.0,0.0,0.0,0,1.5,psi4,1,95.18311390572963,119.8980061729993,841.2402447957372,124.34547901102309,158.5096605844709,1271.4582246710452,29.162365105293457,38.611654411471605,430.217979875308,145.7164412893901,52.092250386075484,52.092250386075484,15000.655242919922,0.524711303488867,16.910855523405083,0.0,0.0,0.0
classical,0.0,120.0,0.5,1.0,rayleigh,1.0,0.00032408593089047993,0.031112297319937907,532.0,810.0,809.0,655.2899999999507,0.85,0.0002754730412569079,80000.0,40000.0,39999.90098571777,1.260337567862164,0.8420791562290477,2.156850061062083,53.35666173465502,35.649602010142424,91.31071076113909,-,simple,0.6,0.018667378391962742,30000.0,15000.0,1.0,1e-06,1.0,1.0,0.0,0.0,0.0,0.0,0.0,0,1.5,psi4,2,96.51777969367707,119.53271280812871,763.7758234360563,520.018531537099,685.2281543097863,5704.829859507021,423.5007518434219,565.6954415016576,4941.054036070965,695.0410860180189,211.78066139351603,211.78066139351603,,,,,,
quant_diff,0.0,120.0,0.5,1.0,rayleigh,1.0,0.00032408593089047993,0.031112297319937907,532.0,810.0,809.0,655.2899999999507,0.85,0.0002754730412569079,80000.0,40000.0,39999.90098571777,0.7282644643518384,0.5207178065722542,1.1912149941233035,37976.312770830744,27153.518063425952,62117.4798558818,diff,simple,0.6,0.018667378391962742,30000.0,15000.0,1.0,1e-06,1.0,1.0,0.0,0.0,0.0,0.0,0.0,0,1.5,psi4,2,96.51777969367707,119.53271280812871,763.7758234360563,157523.3604601291,251375.60361885972,2379072.9526104066,157426.84268043542,251256.07090605158,2378309.176786971,251376.1397741381,-3610.16471050736,-3610.16471050736,15000.005767822266,nan,nan,0.0,0.0,0.0
hybrid_diff,0.0,120.0,0.5,1.0,rayleigh,1.0,0.00032408593089047993,0.031112297319937907,532.0,810.0,809.0,655.2899999999507,0.85,0.0002754730412569079,80000.0,40000.0,39999.90098571777,1.260337567862164,0.8420791562290477,2.156850061062083,53.35666173465502,35.649602010142424,91.31071076113909,diff,simple,0.6,0.018667378391962742,30000.0,15000.0,1.0,1e-06,1.0,1.0,0.0,0.0,0.0,0.0,0.0,0,1.5,psi4,2,96.51777969367707,119.53271280812871,763.7758234360563,60526.776863736886,79147.10966685652,523911.4154508694,60430.2590840432,79027.57695404837,523147.6396274333,79149.05441847649,-13125.425015912175,-13125.425015912175,15000.005767822266,0.5207178065722542,27153.518063425952,0.0,0.0,0.0
quant_noon2,0.0,120.0,0.5,1.0,rayleigh,1.0,0.00032408593089047993,0.031112297319937907,532.0,810.0,809.0,0.405,0.85,0.0002754730412569079,80000.0,40000.0,39999.90098571777,0.718702570838857,0.5200069396037975,1.2023033223653132,23.16297601927608,16.759239163206693,38.74888466217525,noon2,simple,0.6,0.018667378391962742,30000.0,15000.0,1.0,1e-06,1.0,1.0,0.0,0.0,0.0,0.0,0.0,0,1.5,psi4,2,96.51777969367707,119.53271280812871,763.7758234360563,207.59566325511932,264.01122614570795,1943.7215498266676,111.07788356144223,144.47851333757922,1179.9457263906113,244.62923255648508,-196.9561721025037,-196.9561721025037,14999.967208862305,nan,nan,0.0,0.0,0.0
hybrid_noon2,0.0,120.0,0.5,1.0,rayleigh,1.0,0.00032408593089047993,0.031112297319937907,532.0,810.0,809.0,0.405,0.85,0.0002754730412569079,80000.0,40000.0,39999.90098571777,1.260337567862164,0.8420791562290477,2.156850061062083,53.35666173465502,35.649602010142424,91.31071076113909,noon2,simple,0.6,0.018667378391962742,30000.0,15000.0,1.0,1e-06,1.0,1.0,0.0,0.0,0.0,0.0,0.0,0,1.5,psi4,2,96.51777969367707,119.53271280812871,763.7758234360563,143.80354476388544,179.38325675324467,1336.8692125392918,47.28576507020836,59.85054394511596,573.0933891032355,155.4329745185632,-154.90191262557454,-154.90191262557454,14999.967208862305,0.5200069396037975,16.759239163206693,0.0,0.0,0.0
classical,0.0,120.0,0.5,1.0,rayleigh,1.0,0.00032408593089047993,0.031112297319937907,532.0,810.0,809.0,655.2899999999507,0.85,0.0002754730412569079,80000.0,40000.0,39999.28643798828,1.24454967525209,0.8428258945281142,2.1598209745916646,52.68827790878234,35.681215336479426,91.43648502375169,-,simple,0.6,0.018667378391962742,30000.0,15000.0,1.0,1e-06,1.0,1.0,0.0,0.0,0.0,0.0,0.0,0,1.5,psi4,3,97.04823214208807,119.9944092642021,745.495973297739,575.861938184257,742.3818001907963,5679.296721729909,478.8137060421689,622.3873909265942,4933.80074843217,753.7847402784603,53.24193191743421,53.24193191743421,,,,,,
quant_diff,0.0,120.0,0.5,1.0,rayleigh,1.0,0.00032408593089047993,0.031112297319937907,532.0,810.0,809.0,655.2899999999507,0.85,0.0002754730412569079,80000.0,40000.0,39999.28643798828,0.7213760433523182,0.516769027334486,1.1739308520305851,37617.10695593798,26947.60375243466,61216.17542841295,diff,simple,0.6,0.018667378391962742,30000.0,15000.0,1.0,1e-06,1.0,1.0,0.0,0.0,0.0,0.0,0.0,0,1.5,psi4,3,97.04823214208807,119.9944092642021,745.495973297739,141220.27066023994,229023.72542950048,1623164.3006195852,141123.22242809786,228903.7310202363,1622418.8046462876,229023.78144381827,-2110.780793851486,-2110.780793851486,14999.593933105469,nan,nan,0.0,0.0,0.0
hybrid_diff,0.0,120.0,0.5,1.0,rayleigh,1.0,0.00032408593089047993,0.031112297319937907,532.0,810.0,809.0,655.2899999999507,0.85,0.0002754730412569079,80000.0,40000.0,39999.28643798828,1.24454967525209,0.8428258945281142,2.1598209745916646,52.68827790878234,35.681215336479426,91.43648502375169,diff,simple,0.6,0.018667378391962742,30000.0,15000.0,1.0,1e-06,1.0,1.0,0.0,0.0,0.0,0.0,0.0,0,1.5,psi4,3,97.04823214208807,119.9944092642021,745.495973297739,63784.6599294857,86091.3252420691,631220.9674106095,63687.611697343615,85971.3308328049,630475.4714373117,86091.9815520937,-4638.859192019304,-4638.859192019304,14999.593933105469,0.516769027334486,26947.60375243466,0.0,0.0,0.0
quant_noon2,0.0,120.0,0.5,1.0,rayleigh,1.0,0.00032408593089047993,0.031112297319937907,532.0,810.0,809.0,0.405,0.85,0.0002754730412569079,80000.0,40000.0,39999.28643798828,0.7174459859681487,0.5205871476853411,1.1781077584284358,23.122477701324563,16.777938617507097,37.96908883288161,noon2,simple,0.6,0.018667378391962742,30000.0,15000.0,1.0,1e-06,1.0,1.0,0.0,0.0,0.0,0.0,0.0,0,1.5,psi4,3,97.04823214208807,119.9944092642021,745.495973297739,209.706385649294,277.6198178581156,2554.9160273736074,112.65815350720591,157.6254085939135,1809.4200540758682,259.3434101612784,112.67054589586662,112.67054589586662,14999.553787231445,nan,nan,0.0,0.0,0.0
hybrid_noon2,0.0,120.0,0.5,1.0,rayleigh,1.0,0.00032408593089047993,0.031112297319937907,532.0,810.0,809.0,0.405,0.85,0.0002754730412569079,80000.0,40000.0,39999.28643798828,1.24454967525209,0.8428258945281142,2.1598209745916646,52.68827790878234,35.681215336479426,91.43648502375169,noon2,simple,0.6,0.018667378391962742,30000.0,15000.0,1.0,1e-06,1.0,1.0,0.0,0.0,0.0,0.0,0.0,0,1.5,psi4,3,97.04823214208807,119.9944092642021,745.495973297739,145.9882639139979,183.05618948521945,1317.8385085138357,48.94003177190984,63.06178022101735,572.3425352160966,161.45652275897697,126.98271728791242,126.98271728791242,14999.553787231445,0.5205871476853411,16.777938617507097,0.0,0.0,0.0
classical,0.0,120.0,0.5,1.0,rayleigh,1.0,0.00032408593089047993,0.031112297319937907,532.0,810.0,809.0,655.2899999999507,0.85,0.0002754730412569079,80000.0,40000.0,40001.12953186035,1.2719286602599587,0.8525566410791419,2.1495760407822355,53.8473731218061,36.093168582489156,91.002763549678,-,simple,0.6,0.018667378391962742,30000.0,15000.0,1.0,1e-06,1.0,1.0,0.0,0.0,0.0,0.0,0.0,0,1.5,psi4,4,96.96026538697714,119.83231629931899,744.473117969542,494.2512487960586,651.2289722990447,4324.1732040859115,397.29098340908143,531.3966559997257,3579.70008611637,659.9782740414055,-406.5441008165304,-406.5441008165304,,,,,,
quant_diff,0.0,120.0,0.5,1.0,rayleigh,1.0,0.00032408593089047993,0.031112297319937907,532.0,810.0,809.0,655.2899999999507,0.85,0.0002754730412569079,80000.0,40000.0,40001.12953186035,0.7350695455752048,0.5212156882423666,1.1812857973984572,38331.172722976655,27179.48076097962,61599.70877292573,diff,simple,0.6,0.018667378391962742,30000.0,15000.0,1.0,1e-06,1.0,1.0,0.0,0.0,0.0,0.0,0.0,0,1.5,psi4,4,96.96026538697714,119.83231629931899,744.473117969542,138944.08359091674,225466.98023736183,2139082.1865983494,138847.12332552977,225347.1479210625,2138337.7134803794,225468.4868786394,-31.401362964131753,-31.401362964131753,15000.558059692383,nan,nan,0.0,0.0,0.0
hybrid_diff,0.0,120.0,0.5,1.0,rayleigh,1.0,0.00032408593089047993,0.031112297319937907,532.0,810.0,809.0,655.2899999999507,0.85,0.0002754730412569079,80000.0,40000.0,40001.12953186035,1.2719286602599587,0.8525566410791419,2.1495760407822355,53.8473731218061,36.093168582489156,91.002763549678,diff,simple,0.6,0.018667378391962742,30000.0,15000.0,1.0,1e-06,1.0,1.0,0.0,0.0,0.0,0.0,0.0,0,1.5,psi4,4,96.96026538697714,119.83231629931899,744.473117969542,72103.8253466712,96465.77739220114,703903.078324706,72006.86508128422,96345.94507590182,703158.6052067365,96469.16947521348,-5011.641216776802,-5011.641216776802,15000.558059692383,0.5212156882423666,27179.48076097962,0.0,0.0,0.0
quant_noon2,0.0,120.0,0.5,1.0,rayleigh,1.0,0.00032408593089047993,0.031112297319937907,532.0,810.0,809.0,0.405,0.85,0.0002754730412569079,80000.0,40000.0,40001.12953186035,0.7260709982289982,0.5230584753357148,1.1942834129261612,23.400452151771905,16.85758672984732,38.4904119955212,noon2,simple,0.6,0.018667378391962742,30000.0,15000.0,1.0,1e-06,1.0,1.0,0.0,0.0,0.0,0.0,0.0,0,1.5,psi4,4,96.96026538697714,119.83231629931899,744.473117969542,215.36870437534304,280.9791133493331,2206.114562206263,118.40843898836592,161.1467970500141,1461.641444236721,270.16948211814713,262.6949280068662,262.6949280068662,15000.616592407227,nan,nan,0.0,0.0,0.0
hybrid_noon2,0.0,120.0,0.5,1.0,rayleigh,1.0,0.00032408593089047993,0.031112297319937907,532.0,810.0,809.0,0.405,0.85,0.0002754730412569079,80000.0,40000.0,40001.12953186035,1.2719286602599587,0.8525566410791419,2.1495760407822355,53.8473731218061,36.093168582489156,91.002763549678,noon2,simple,0.6,0.018667378391962742,30000.0,15000.0,1.0,1e-06,1.0,1.0,0.0,0.0,0.0,0.0,0.0,0,1.5,psi4,4,96.96026538697714,119.83231629931899,744.473117969542,134.97372643100843,168.3417320404201,1137.017159105469,38.0134610440313,48.50941574110112,392.54404113592705,157.69365130944573,254.20335573189118,254.20335573189118,15000.616592407227,0.5230584753357148,16.85758672984732,0.0,0.0,0.0
classical,0.0,120.0,0.5,1.0,rayleigh,1.0,0.00032408593089047993,0.031112297319937907,532.0,810.0,809.0,655.2899999999507,0.85,0.0002754730412569079,80000.0,40000.0,40000.12889099121,1.2335187912159324,0.8495632279918263,2.16011552480154,52.2212830629889,35.9664417962656,91.44895487017453,-,simple,0.6,0.018667378391962742,30000.0,15000.0,1.0,1e-06,1.0,1.0,0.0,0.0,0.0,0.0,0.0,0,1.5,psi4,5,95.74794361810109,118.08213933387256,745.8719753672749,470.462294623359,615.2236458919366,5297.945042841565,374.7143510052579,497.141506558064,4552.07306747429,620.7079741443868,-247.06841555521365,-247.06841555521365,,,,,,
quant_diff,0.0,120.0,0.5,1.0,rayleigh,1.0,0.00032408593089047993,0.031112297319937907,532.0,810.0,809.0,655.2899999999507,0.85,0.0002754730412569079,80000.0,40000.0,40000.12889099121,1449771176.8918238,0.5260818663180904,1.1985082521426953,75600233644216.69,27433.234046562102,62497.796432098796,diff,simple,0.6,0.018667378391962742,30000.0,15000.0,1.0,1e-06,1.0,1.0,0.0,0.0,0.0,0.0,0.0,0,1.5,psi4,5,95.74794361810109,118.08213933387256,745.8719753672749,162065.03834921084,237174.45729352877,1989399.7460313765,161969.29040559274,237056.3751541949,1988653.8740560093,237178.68912382945,13271.741314998673,13271.741314998673,15000.064987182617,nan,nan,0.0,0.0,0.0
hybrid_diff,0.0,120.0,0.5,1.0,rayleigh,1.0,0.00032408593089047993,0.031112297319937907,532.0,810.0,809.0,655.2899999999507,0.85,0.0002754730412569079,80000.0,40000.0,40000.12889099121,1.2335187912159324,0.8495632279918263,2.16011552480154,52.2212830629889,35.9664417962656,91.44895487017453,diff,simple,0.6,0.018667378391962742,30000.0,15000.0,1.0,1e-06,1.0,1.0,0.0,0.0,0.0,0.0,0.0,0,1.5,psi4,5,95.74794361810109,118.08213933387256,745.8719753672749,89366.84115286554,121311.56289808705,840354.7314985457,89271.09320924744,121193.48075875318,839608.8595231784,121319.94548686339,40147.68396374104,40147.68396374104,15000.064987182617,0.5260818663180904,27433.234046562102,0.0,0.0,0.0
quant_noon2,0.0,120.0,0.5,1.0,rayleigh,1.0,0.00032408593089047993,0.031112297319937907,532.0,810.0,809.0,0.405,0.85,0.0002754730412569079,80000.0,40000.0,40000.12889099121,0.7242364521286897,0.5188388105042774,1.1993842320632973,23.341326793032607,16.721591675334174,38.65480566286852,noon2,simple,0.6,0.018667378391962742,30000.0,15000.0,1.0,1e-06,1.0,1.0,0.0,0.0,0.0,0.0,0.0,0,1.5,psi4,5,95.74794361810109,118.08213933387256,745.8719753672749,188.92260767353815,244.41209824500464,1969.0141674523418,93.17466405543708,126.32995891113208,1223.142192085067,229.01574596010144,-225.63288085237298,-225.63288085237298,15000.041381835938,nan,nan,0.0,0.0,0.0
hybrid_noon2,0.0,120.0,0.5,1.0,rayleigh,1.0,0.00032408593089047993,0.031112297319937907,532.0,810.0,809.0,0.405,0.85,0.0002754730412569079,80000.0,40000.0,40000.12889099121,1.2335187912159324,0.8495632279918263,2.16011552480154,52.2212830629889,35.9664417962656,91.44895487017453,noon2,simple,0.6,0.018667378391962742,30000.0,15000.0,1.0,1e-06,1.0,1.0,0.0,0.0,0.0,0.0,0.0,0,1.5,psi4,5,95.74794361810109,118.08213933387256,745.8719753672749,128.76542466985134,161.2271280260194,1118.7394011230404,33.01748105175025,43.144988692146825,372.8674257557654,144.331626517041,-240.28820600091478,-240.28820600091478,15000.041381835938,0.5188388105042774,16.721591675334174,0.0,0.0,0.0
classical,0.0,120.0,0.5,1.0,rayleigh,1.0,0.00032408593089047993,0.031112297319937907,532.0,810.0,809.0,655.2899999999507,0.85,0.0002754730412569079,80000.0,40000.0,39999.352279663086,1.2336728965692685,0.8519280958099704,2.1933080611287328,52.227807146233836,36.06655898346801,92.85416802741572,-,simple,0.6,0.018667378391962742,30000.0,15000.0,1.0,1e-06,1.0,1.0,0.0,0.0,0.0,0.0,0.0,0,1.5,psi4,6,96.01236568438209,119.7178754827793,780.9562640821205,532.1557946634779,676.6560992378536,5109.49978255068,436.14342897909575,556.9382237550743,4328.54351846856,691.7192877757496,492.66067111033027,492.66067111033027,,,,,,
quant_diff,0.0,120.0,0.5,1.0,rayleigh,1.0,0.00032408593089047993,0.031112297319937907,532.0,810.0,809.0,655.2899999999507,0.85,0.0002754730412569079,80000.0,40000.0,39999.352279663086,0.7157182815678718,0.5207680790112341,1.1884101403011778,37322.07549192138,27156.13958618301,61971.21704719141,diff,simple,0.6,0.018667378391962742,30000.0,15000.0,1.0,1e-06,1.0,1.0,0.0,0.0,0.0,0.0,0.0,0,1.5,psi4,6,96.01236568438209,119.7178754827793,780.9562640821205,187626.91420505088,253500.64865066137,2046605.368577007,187530.90183936653,253380.9307751786,2045824.412312925,253499.4710092843,331019.8294558922,331019.8294558922,14999.53677368164,nan,nan,0.0,0.0,0.0
hybrid_diff,0.0,120.0,0.5,1.0,rayleigh,1.0,0.00032408593089047993,0.031112297319937907,532.0,810.0,809.0,655.2899999999507,0.85,0.0002754730412569079,80000.0,40000.0,39999.352279663086,1.2336728965692685,0.8519280958099704,2.1933080611287328,52.227807146233836,36.06655898346801,92.85416802741572,diff,simple,0.6,0.018667378391962742,30000.0,15000.0,1.0,1e-06,1.0,1.0,0.0,0.0,0.0,0.0,0.0,0,1.5,psi4,6,96.01236568438209,119.7178754827793,780.9562640821205,106491.20727520408,127362.96962727293,733666.1667748351,106395.1949095197,127243.25175179016,732885.2105107529,127361.16263728953,353178.593789146,353178.593789146,14999.53677368164,0.5207680790112341,27156.13958618301,0.0,0.0,0.0
quant_noon2,0.0,120.0,0.5,1.0,rayleigh,1.0,0.00032408593089047993,0.031112297319937907,532.0,810.0,809.0,0.405,0.85,0.0002754730412569079,80000.0,40000.0,39999.352279663086,0.7357392225202469,0.5202002394140872,1.1694231064082559,23.71204815336376,16.765468998818726,37.68919226002757,noon2,simple,0.6,0.018667378391962742,30000.0,15000.0,1.0,1e-06,1.0,1.0,0.0,0.0,0.0,0.0,0.0,0,1.5,psi4,6,96.01236568438209,119.7178754827793,780.9562640821205,220.7624681411701,283.2492306565938,2086.21846461409,124.75010245678799,163.5313551738145,1305.2622005319697,273.2584633130327,14.409828478605954,14.409828478605954,14999.593307495117,nan,nan,0.0,0.0,0.0
hybrid_noon2,0.0,120.0,0.5,1.0,rayleigh,1.0,0.00032408593089047993,0.031112297319937907,532.0,810.0,809.0,0.405,0.85,0.0002754730412569079,80000.0,40000.0,39999.352279663086,1.2336728965692685,0.8519280958099704,2.1933080611287328,52.227807146233836,36.06655898346801,92.85416802741572,noon2,simple,0.6,0.018667378391962742,30000.0,15000.0,1.0,1e-06,1.0,1.0,0.0,0.0,0.0,0.0,0.0,0,1.5,psi4,6,96.01236568438209,119.7178754827793,780.9562640821205,150.98956601317408,188.28064909380768,1469.518443326836,54.97720032879199,68.56277361102836,688.5621792447155,178.69276669172243,9.056168356886863,9.056168356886863,14999.593307495117,0.5202002394140872,16.765468998818726,0.0,0.0,0.0
classical,0.0,120.0,0.5,1.0,rayleigh,1.0,0.00032408593089047993,0.031112297319937907,532.0,810.0,809.0,655.2899999999507,0.85,0.0002754730412569079,80000.0,40000.0,40000.25028991699,1.2779441167296381,0.8535970984172672,2.162584191441298,54.10203876394566,36.137216567453905,91.55346640279245,-,simple,0.6,0.018667378391962742,30000.0,15000.0,1.0,1e-06,1.0,1.0,0.0,0.0,0.0,0.0,0.0,0,1.5,psi4,7,96.15500218498953,119.449186226617,739.8179515055392,568.3898355814915,726.459505649201,5494.551332767642,472.234833396502,607.0103194225841,4754.733381262102,737.6352761070139,1171.1755162897966,1171.1755162897966,,,,,,
quant_diff,0.0,120.0,0.5,1.0,rayleigh,1.0,0.00032408593089047993,0.031112297319937907,532.0,810.0,809.0,655.2899999999507,0.85,0.0002754730412569079,80000.0,40000.0,40000.25028991699,0.7166587888806084,0.5184738868281573,1.1710500191842579,37371.11948846394,27036.505903413017,61065.95059311223,diff,simple,0.6,0.018667378391962742,30000.0,15000.0,1.0,1e-06,1.0,1.0,0.0,0.0,0.0,0.0,0.0,0,1.5,psi4,7,96.15500218498953,119.449186226617,739.8179515055392,130493.57119255292,209669.4650775574,2162571.9654505,130397.41619036793,209550.01589133075,2161832.1474989946,209676.0807056493,-320.0346103016567,-320.0346103016567,15000.175262451172,nan,nan,0.0,0.0,0.0
hybrid_diff,0.0,120.0,0.5,1.0,rayleigh,1.0,0.00032408593089047993,0.031112297319937907,532.0,810.0,809.0,655.2899999999507,0.85,0.0002754730412569079,80000.0,40000.0,40000.25028991699,1.2779441167296381,0.8535970984172672,2.162584191441298,54.10203876394566,36.137216567453905,91.55346640279245,diff,simple,0.6,0.018667378391962742,30000.0,15000.0,1.0,1e-06,1.0,1.0,0.0,0.0,0.0,0.0,0.0,0,1.5,psi4,7,96.15500218498953,119.449186226617,739.8179515055392,54911.51786866821,71469.75110158615,577704.4091299726,54815.36286648322,71350.30191535954,576964.591178467,71488.45558699965,-423.86179819317096,-423.86179819317096,15000.175262451172,0.5184738868281573,27036.505903413017,0.0,0.0,0.0
quant_noon2,0.0,120.0,0.5,1.0,rayleigh,1.0,0.00032408593089047993,0.031112297319937907,532.0,810.0,809.0,0.405,0.85,0.0002754730412569079,80000.0,40000.0,40000.25028991699,0.7247553405772318,0.5196715568996213,1.2089742132560466,23.358049984486104,16.748430155629265,38.963879977342856,noon2,simple,0.6,0.018667378391962742,30000.0,15000.0,1.0,1e-06,1.0,1.0,0.0,0.0,0.0,0.0,0.0,0,1.5,psi4,7,96.15500218498953,119.449186226617,739.8179515055392,204.2774475801593,263.7937675857025,2040.1600648622978,108.12244539516978,144.34458135908548,1300.3421133567585,248.49626367904958,0.05560820989655575,0.05560820989655575,15000.160034179688,nan,nan,0.0,0.0,0.0
hybrid_noon2,0.0,120.0,0.5,1.0,rayleigh,1.0,0.00032408593089047993,0.031112297319937907,532.0,810.0,809.0,0.405,0.85,0.0002754730412569079,80000.0,40000.0,40000.25028991699,1.2779441167296381,0.8535970984172672,2.162584191441298,54.10203876394566,36.137216567453905,91.55346640279245,noon2,simple,0.6,0.018667378391962742,30000.0,15000.0,1.0,1e-06,1.0,1.0,0.0,0.0,0.0,0.0,0.0,0,1.5,psi4,7,96.15500218498953,119.449186226617,739.8179515055392,135.08157484491082,167.78458490786085,1197.646248129359,38.92657265992129,48.33539868124383,457.8282966238199,150.2669034664125,-4.729662791241125,-4.729662791241125,15000.160034179688,0.5196715568996213,16.748430155629265,0.0,0.0,0.0
classical,0.0,120.0,0.5,1.0,rayleigh,1.0,0.00032408593089047993,0.031112297319937907,532.0,810.0,809.0,655.2899999999507,0.85,0.0002754730412569079,80000.0,40000.0,39999.312591552734,1.2489743492839653,0.856463609392548,2.163926462443783,52.87559743461806,36.25857092549797,91.61029173408627,-,simple,0.6,0.018667378391962742,30000.0,15000.0,1.0,1e-06,1.0,1.0,0.0,0.0,0.0,0.0,0.0,0,1.5,psi4,8,94.29474683944132,118.45135546293277,815.2161837223413,530.2651375690925,701.1505228589238,5809.884810902309,435.9703907296512,582.6991673959909,4994.668627179968,717.6863935136753,476.58639220477824,476.58639220477824,,,,,,
quant_diff,0.0,120.0,0.5,1.0,rayleigh,1.0,0.00032408593089047993,0.031112297319937907,532.0,810.0,809.0,655.2899999999507,0.85,0.0002754730412569079,80000.0,40000.0,39999.312591552734,0.7213234569742197,0.520344924549353,1.1968718085333934,37614.364769768115,27134.07363764181,62412.4619178108,diff,simple,0.6,0.018667378391962742,30000.0,15000.0,1.0,1e-06,1.0,1.0,0.0,0.0,0.0,0.0,0.0,0,1.5,psi4,8,94.29474683944132,118.45135546293277,815.2161837223413,155729.53787696286,255970.7442784974,2755387.8231419544,155635.24313012342,255852.29292303446,2754572.6069582324,255977.5531281913,5546.656357907933,5546.656357907933,15000.12223815918,nan,nan,0.0,0.0,0.0
hybrid_diff,0.0,120.0,0.5,1.0,rayleigh,1.0,0.00032408593089047993,0.031112297319937907,532.0,810.0,809.0,655.2899999999507,0.85,0.0002754730412569079,80000.0,40000.0,39999.312591552734,1.2489743492839653,0.856463609392548,2.163926462443783,52.87559743461806,36.25857092549797,91.61029173408627,diff,simple,0.6,0.018667378391962742,30000.0,15000.0,1.0,1e-06,1.0,1.0,0.0,0.0,0.0,0.0,0.0,0,1.5,psi4,8,94.29474683944132,118.45135546293277,815.2161837223413,79863.90371743806,116911.80693405544,876503.294139993,79769.60897059861,116793.3555785925,875688.0779562707,116925.22144637025,26260.615536206962,26260.615536206962,15000.12223815918,0.520344924549353,27134.07363764181,0.0,0.0,0.0
quant_noon2,0.0,120.0,0.5,1.0,rayleigh,1.0,0.00032408593089047993,0.031112297319937907,532.0,810.0,809.0,0.405,0.85,0.0002754730412569079,80000.0,40000.0,39999.312591552734,0.7214319965467563,0.5224519356020885,1.198524767921402,23.250942341901965,16.838038635997698,38.62710609963346,noon2,simple,0.6,0.018667378391962742,30000.0,15000.0,1.0,1e-06,1.0,1.0,0.0,0.0,0.0,0.0,0.0,0,1.5,psi4,8,94.29474683944132,118.45135546293277,815.2161837223413,182.5198767276943,235.64907021354244,1898.1500044724398,88.225129888253,117.19771475060968,1082.9338207500987,220.04051417233669,35.9653010337688,35.9653010337688,14999.608215332031,nan,nan,0.0,0.0,0.0
hybrid_noon2,0.0,120.0,0.5,1.0,rayleigh,1.0,0.00032408593089047993,0.031112297319937907,532.0,810.0,809.0,0.405,0.85,0.0002754730412569079,80000.0,40000.0,39999.312591552734,1.2489743492839653,0.856463609392548,2.163926462443783,52.87559743461806,36.25857092549797,91.61029173408627,noon2,simple,0.6,0.018667378391962742,30000.0,15000.0,1.0,1e-06,1.0,1.0,0.0,0.0,0.0,0.0,0.0,0,1.5,psi4,8,94.29474683944132,118.45135546293277,815.2161837223413,124.31284620803802,156.57223305375743,1095.628544448869,30.018099368596708,38.12087759082466,280.4123607265277,139.37116541213499,38.13890599551223,38.13890599551223,14999.608215332031,0.5224519356020885,16.838038635997698,0.0,0.0,0.0
classical,0.0,120.0,0.5,1.0,rayleigh,1.0,0.00032408593089047993,0.031112297319937907,532.0,810.0,809.0,655.2899999999507,0.85,0.0002754730412569079,80000.0,40000.0,39999.71324157715,1.2563661076561785,0.8453154626824189,2.186362308608139,53.18852911351698,35.786611739206606,92.56011810207502,-,simple,0.6,0.018667378391962742,30000.0,15000.0,1.0,1e-06,1.0,1.0,0.0,0.0,0.0,0.0,0.0,0,1.5,psi4,9,95.3796640743008,119.0024155845554,873.2478155983046,522.1044012260958,668.953100215637,4788.739560961828,426.724737151795,549.9506846310818,3915.491745363524,675.6216080759144,-353.700122351661,-353.700122351661,,,,,,
quant_diff,0.0,120.0,0.5,1.0,rayleigh,1.0,0.00032408593089047993,0.031112297319937907,532.0,810.0,809.0,655.2899999999507,0.85,0.0002754730412569079,80000.0,40000.0,39999.71324157715,0.7254966440584828,0.5233328219089712,1.2018214353963856,37831.98112443155,27289.88149345555,62670.566750668724,diff,simple,0.6,0.018667378391962742,30000.0,15000.0,1.0,1e-06,1.0,1.0,0.0,0.0,0.0,0.0,0.0,0,1.5,psi4,9,95.3796640743008,119.0024155845554,873.2478155983046,156585.81150940445,252245.67610885325,2812018.0151641984,156490.43184533017,252126.67369326868,2811144.7673486,252249.0876263485,-278.9101705048954,-278.9101705048954,14999.855773925781,nan,nan,0.0,0.0,0.0
hybrid_diff,0.0,120.0,0.5,1.0,rayleigh,1.0,0.00032408593089047993,0.031112297319937907,532.0,810.0,809.0,655.2899999999507,0.85,0.0002754730412569079,80000.0,40000.0,39999.71324157715,1.2563661076561785,0.8453154626824189,2.186362308608139,53.18852911351698,35.786611739206606,92.56011810207502,diff,simple,0.6,0.018667378391962742,30000.0,15000.0,1.0,1e-06,1.0,1.0,0.0,0.0,0.0,0.0,0.0,0,1.5,psi4,9,95.3796640743008,119.0024155845554,873.2478155983046,75665.22524582878,102646.94860615503,720614.1721809829,75569.84558175449,102527.94619057048,719740.9243653845,102655.33107796,3246.3696178657137,3246.3696178657137,14999.855773925781,0.5233328219089712,27289.88149345555,0.0,0.0,0.0
quant_noon2,0.0,120.0,0.5,1.0,rayleigh,1.0,0.00032408593089047993,0.031112297319937907,532.0,810.0,809.0,0.405,0.85,0.0002754730412569079,80000.0,40000.0,39999.71324157715,0.720495985919033,0.5224432854621488,1.1871769542765163,23.22077577146875,16.837759851710405,38.26137882107245,noon2,simple,0.6,0.018667378391962742,30000.0,15000.0,1.0,1e-06,1.0,1.0,0.0,0.0,0.0,0.0,0.0,0,1.5,psi4,9,95.3796640743008,119.0024155845554,873.2478155983046,192.1533028097259,254.66928541640198,1944.7337384706398,96.77363873542508,135.66686983184655,1071.4859228723353,239.3943847611075,345.5019597400909,345.5019597400909,14999.856826782227,nan,nan,0.0,0.0,0.0
hybrid_noon2,0.0,120.0,0.5,1.0,rayleigh,1.0,0.00032408593089047993,0.031112297319937907,532.0,810.0,809.0,0.405,0.85,0.0002754730412569079,80000.0,40000.0,39999.71324157715,1.2563661076561785,0.8453154626824189,2.186362308608139,53.18852911351698,35.786611739206606,92.56011810207502,noon2,simple,0.6,0.018667378391962742,30000.0,15000.0,1.0,1e-06,1.0,1.0,0.0,0.0,0.0,0.0,0.0,0,1.5,psi4,9,95.3796640743008,119.0024155845554,873.2478155983046,131.63535440937287,163.64542729870035,1223.2210201233365,36.25569033507206,44.643011714144976,349.9732045250319,145.81237839914277,361.74607171002975,361.74607171002975,14999.856826782227,0.5224432854621488,16.837759851710405,0.0,0.0,0.0
classical,0.0,120.0,0.5,0.7,rayleigh,1.0,0.00032408593089047993,0.031112297319937907,532.0,810.0,809.0,655.2899999999507,0.85,0.00019283112887983554,80000.0,40000.0,39998.90005493164,1.2515966907479084,0.8519535463752153,2.1761769250064424,52.98661482393678,36.06763643861603,92.1289176988408,-,simple,0.6,0.01306716487437392,30000.0,15000.0,1.0,1e-06,1.0,1.0,0.0,0.0,0.0,0.0,0.0,0,1.5,psi4,0,96.7833604878387,119.6801476249574,817.898863273828,462.32081085927393,607.2102749590954,5091.537906836372,365.5374503714352,487.530127334138,4273.6390435625435,612.0431336159621,498.05532260567287,498.05532260567287,,,,,,
quant_diff,0.0,120.0,0.5,0.7,rayleigh,1.0,0.00032408593089047993,0.031112297319937907,532.0,810.0,809.0,655.2899999999507,0.85,0.00019283112887983554,80000.0,40000.0,39998.90005493164,0.9423580014204702,0.6385060434356661,1.592619741012125,49140.50314934661,33295.74131172185,83049.26077026872,diff,simple,0.6,0.01306716487437392,30000.0,15000.0,1.0,1e-06,1.0,1.0,0.0,0.0,0.0,0.0,0.0,0,1.5,psi4,0,96.7833604878387,119.6801476249574,817.898863273828,324391.88932062074,424364.93478831963,3321091.664955033,324295.1059601329,424245.2546406947,3320273.766091759,424355.8113913909,-775640.8244609236,-775640.8244609236,14999.311004638672,nan,nan,0.0,0.0,0.0
hybrid_diff,0.0,120.0,0.5,0.7,rayleigh,1.0,0.00032408593089047993,0.031112297319937907,532.0,810.0,809.0,655.2899999999507,0.85,0.00019283112887983554,80000.0,40000.0,39998.90005493164,1.2515966907479084,0.8519535463752153,2.1761769250064424,52.98661482393678,36.06763643861603,92.1289176988408,diff,simple,0.6,0.01306716487437392,30000.0,15000.0,1.0,1e-06,1.0,1.0,0.0,0.0,0.0,0.0,0.0,0,1.5,psi4,0,96.7833604878387,119.6801476249574,817.898863273828,207703.90641384048,252416.19899096465,1515898.405993758,207607.12305335264,252296.5188433397,1515080.507130484,252401.59069296875,-647132.9524185248,-647132.9524185248,14999.311004638672,0.6385060434356661,33295.74131172185,0.0,0.0,0.0
quant_noon2,0.0,120.0,0.5,0.7,rayleigh,1.0,0.00032408593089047993,0.031112297319937907,532.0,810.0,809.0,0.405,0.85,0.00019283112887983554,80000.0,40000.0,39998.90005493164,0.9105035114829334,0.6421543161684633,1.5730132458503503,29.344504747395025,20.69591181331637,50.6964488092873,noon2,simple,0.6,0.01306716487437392,30000.0,15000.0,1.0,1e-06,1.0,1.0,0.0,0.0,0.0,0.0,0.0,0,1.5,psi4,0,96.7833604878387,119.6801476249574,817.898863273828,319.40325969397696,402.00329877177916,2640.351619339256,222.61989920613829,282.3231511468218,1822.4527560654283,394.3816226878838,-158.3292382006564,-158.3292382006564,14999.287612915039,nan,nan,0.0,0.0,0.0
hybrid_noon2,0.0,120.0,0.5,0.7,rayleigh,1.0,0.00032408593089047993,0.031112297319937907,532.0,810.0,809.0,0.405,0.85,0.00019283112887983554,80000.0,40000.0,39998.90005493164,1.2515966907479084,0.8519535463752153,2.1761769250064424,52.98661482393678,36.06763643861603,92.1289176988408,noon2,simple,0.6,0.01306716487437392,30000.0,15000.0,1.0,1e-06,1.0,1.0,0.0,0.0,0.0,0.0,0.0,0,1.5,psi4,0,96.7833604878387,119.6801476249574,817.898863273828,209.39662747619278,258.8490631761956,1538.0599398341162,112.61326698835406,139.16891555123823,720.1610765602883,250.1227381670619,-132.33618089586136,-132.33618089586136,14999.287612915039,0.6421543161684633,20.69591181331637,0.0,0.0,0.0
classical,0.0,120.0,0.5,0.7,rayleigh,1.0,0.00032408593089047993,0.031112297319937907,532.0,810.0,809.0,655.2899999999507,0.85,0.00019283112887983554,80000.0,40000.0,40001.04707336426,1.2379280562071768,0.8469973232437664,2.201787477218766,52.40795024377869,35.85781366743992,93.21314592949535,-,simple,0.6,0.01306716487437392,30000.0,15000.0,1.0,1e-06,1.0,1.0,0.0,0.0,0.0,0.0,0.0,0,1.5,psi4,1,95.18311390572963,119.8980061729993,841.2402447957372,460.3307164704772,592.1871084117297,4657.4814401810345,365.1476025647476,472.2891022387303,3816.241195385297,602.696797393628,-985.1494023237321,-985.1494023237321,,,,,,
quant_diff,0.0,120.0,0.5,0.7,rayleigh,1.0,0.00032408593089047993,0.031112297319937907,532.0,810.0,809.0,655.2899999999507,0.85,0.00019283112887983554,80000.0,40000.0,40001.04707336426,0.9409323186429632,0.6432118516918077,1.6169579115784034,49066.15903711702,33541.13190116087,84318.40683318618,diff,simple,0.6,0.01306716487437392,30000.0,15000.0,1.0,1e-06,1.0,1.0,0.0,0.0,0.0,0.0,0.0,0,1.5,psi4,1,95.18311390572963,119.8980061729993,841.2402447957372,319168.4515593722,423975.6312804755,3307710.88434703,319073.26844546647,423855.73327430256,3306869.6441022344,423970.5546045424,540840.4075989202,540840.4075989202,15000.631591796875,nan,nan,0.0,0.0,0.0
hybrid_diff,0.0,120.0,0.5,0.7,rayleigh,1.0,0.00032408593089047993,0.031112297319937907,532.0,810.0,809.0,655.2899999999507,0.85,0.00019283112887983554,80000.0,40000.0,40001.04707336426,1.2379280562071768,0.8469973232437664,2.201787477218766,52.40795024377869,35.85781366743992,93.21314592949535,diff,simple,0.6,0.01306716487437392,30000.0,15000.0,1.0,1e-06,1.0,1.0,0.0,0.0,0.0,0.0,0.0,0,1.5,psi4,1,95.18311390572963,119.8980061729993,841.2402447957372,174148.62164555636,227008.7955171149,1612537.9524959018,174053.43853165064,226888.89751094187,1611696.712251106,227000.13110197033,467400.0207082251,467400.0207082251,15000.631591796875,0.6432118516918077,33541.13190116087,0.0,0.0,0.0
quant_noon2,0.0,120.0,0.5,0.7,rayleigh,1.0,0.00032408593089047993,0.031112297319937907,532.0,810.0,809.0,0.405,0.85,0.00019283112887983554,80000.0,40000.0,40001.04707336426,0.9352099603834962,0.6428270559334446,1.6078864030459978,30.140765824821337,20.71759345976615,51.82037146744117,noon2,simple,0.6,0.01306716487437392,30000.0,15000.0,1.0,1e-06,1.0,1.0,0.0,0.0,0.0,0.0,0.0,0,1.5,psi4,1,95.18311390572963,119.8980061729993,841.2402447957372,282.0695665180631,372.94397119250596,2754.4782574058922,186.88645261233344,253.04596501950667,1913.238012610155,371.60913061204656,-55.91846761700843,-55.91846761700843,15000.678604125977,nan,nan,0.0,0.0,0.0
hybrid_noon2,0.0,120.0,0.5,0.7,rayleigh,1.0,0.00032408593089047993,0.031112297319937907,532.0,810.0,809.0,0.405,0.85,0.00019283112887983554,80000.0,40000.0,40001.04707336426,1.2379280562071768,0.8469973232437664,2.201787477218766,52.40795024377869,35.85781366743992,93.21314592949535,noon2,simple,0.6,0.01306716487437392,30000.0,15000.0,1.0,1e-06,1.0,1.0,0.0,0.0,0.0,0.0,0.0,0,1.5,psi4,1,95.18311390572963,119.8980061729993,841.2402447957372,163.36877097351183,209.3120562781507,1596.4062892697223,68.1856570677822,89.41405010515139,755.166044473985,210.8361629814645,-16.304176687340384,-16.304176687340384,15000.678604125977,0.6428270559334446,20.71759345976615,0.0,0.0,0.0
classical,0.0,120.0,0.5,0.7,rayleigh,1.0,0.00032408593089047993,0.031112297319937907,532.0,810.0,809.0,655.2899999999507,0.85,0.00019283112887983554,80000.0,40000.0,39999.915298461914,1.244755374957756,0.8507619003210627,2.2087065611768946,52.69698625001885,36.0171878468735,93.50606683551402,-,simple,0.6,0.01306716487437392,30000.0,15000.0,1.0,1e-06,1.0,1.0,0.0,0.0,0.0,0.0,0.0,0,1.5,psi4,2,96.51777969367707,119.53271280812871,763.7758234360563,497.0701580023609,649.9300341056843,5004.727869653627,400.55237830868384,530.3973212975557,4240.952046217571,658.451550267856,1034.9049850364645,1034.9049850364645,,,,,,
quant_diff,0.0,120.0,0.5,0.7,rayleigh,1.0,0.00032408593089047993,0.031112297319937907,532.0,810.0,809.0,655.2899999999507,0.85,0.00019283112887983554,80000.0,40000.0,39999.915298461914,0.9304800634750947,0.643296017642824,1.6118118470544716,48521.112380517094,33545.520845887564,84050.05849893972,diff,simple,0.6,0.01306716487437392,30000.0,15000.0,1.0,1e-06,1.0,1.0,0.0,0.0,0.0,0.0,0.0,0,1.5,psi4,2,96.51777969367707,119.53271280812871,763.7758234360563,327428.24622148793,444903.48570358986,3697118.4330181545,327331.7284417942,444783.95299078175,3696354.6571947187,444901.9830020607,-307120.1205623676,-307120.1205623676,14999.938690185547,nan,nan,0.0,0.0,0.0
hybrid_diff,0.0,120.0,0.5,0.7,rayleigh,1.0,0.00032408593089047993,0.031112297319937907,532.0,810.0,809.0,655.2899999999507,0.85,0.00019283112887983554,80000.0,40000.0,39999.915298461914,1.244755374957756,0.8507619003210627,2.2087065611768946,52.69698625001885,36.0171878468735,93.50606683551402,diff,simple,0.6,0.01306716487437392,30000.0,15000.0,1.0,1e-06,1.0,1.0,0.0,0.0,0.0,0.0,0.0,0,1.5,psi4,2,96.51777969367707,119.53271280812871,763.7758234360563,138593.93081181037,175225.8446010279,1096203.2174123984,138497.4130321167,175106.31188821976,1095439.4415889625,175223.3316433239,-303478.6402324365,-303478.6402324365,14999.938690185547,0.643296017642824,33545.520845887564,0.0,0.0,0.0
quant_noon2,0.0,120.0,0.5,0.7,rayleigh,1.0,0.00032408593089047993,0.031112297319937907,532.0,810.0,809.0,0.405,0.85,0.00019283112887983554,80000.0,40000.0,39999.915298461914,0.9362455576633559,0.6399243718184733,1.6212718143720304,30.174141961115126,20.62404321342692,52.25176822895707,noon2,simple,0.6,0.01306716487437392,30000.0,15000.0,1.0,1e-06,1.0,1.0,0.0,0.0,0.0,0.0,0.0,0,1.5,psi4,2,96.51777969367707,119.53271280812871,763.7758234360563,275.56678347863294,353.84694680600296,2668.6707796849028,179.04900378495591,234.31423399787428,1904.8949562488465,339.03750923073824,-9.108513122157728,-9.108513122157728,14999.921478271484,nan,nan,0.0,0.0,0.0
hybrid_noon2,0.0,120.0,0.5,0.7,rayleigh,1.0,0.00032408593089047993,0.031112297319937907,532.0,810.0,809.0,0.405,0.85,0.00019283112887983554,80000.0,40000.0,39999.915298461914,1.244755374957756,0.8507619003210627,2.2087065611768946,52.69698625001885,36.0171878468735,93.50606683551402,noon2,simple,0.6,0.01306716487437392,30000.0,15000.0,1.0,1e-06,1.0,1.0,0.0,0.0,0.0,0.0,0.0,0,1.5,psi4,2,96.51777969367707,119.53271280812871,763.7758234360563,179.08388160488542,227.65794038215796,1395.906221334853,82.56610191120835,108.12522757402925,632.1303978987967,207.76498845471775,1.4090196560672508,1.4090196560672508,14999.921478271484,0.6399243718184733,20.62404321342692,0.0,0.0,0.0
classical,0.0,120.0,0.5,0.7,rayleigh,1.0,0.00032408593089047993,0.031112297319937907,532.0,810.0,809.0,655.2899999999507,0.85,0.00019283112887983554,80000.0,40000.0,39999.323471069336,1.2541907874243146,0.8434119921034461,2.150563932801431,53.09643646410639,35.70602790326145,91.04458617057153,-,simple,0.6,0.01306716487437392,30000.0,15000.0,1.0,1e-06,1.0,1.0,0.0,0.0,0.0,0.0,0.0,0,1.5,psi4,3,97.04823214208807,119.9944092642021,745.495973297739,485.790266323584,635.6374019578492,4894.695810977777,388.7420341814959,515.642992693647,4149.199837680038,649.121740413767,-38.930091312113404,-38.930091312113404,,,,,,
quant_diff,0.0,120.0,0.5,0.7,rayleigh,1.0,0.00032408593089047993,0.031112297319937907,532.0,810.0,809.0,655.2899999999507,0.85,0.00019283112887983554,80000.0,40000.0,39999.323471069336,0.9316918438456956,0.6381494338406848,1.5784340485785062,48584.302269103035,33277.14543319283,82309.52909434607,diff,simple,0.6,0.01306716487437392,30000.0,15000.0,1.0,1e-06,1.0,1.0,0.0,0.0,0.0,0.0,0.0,0,1.5,psi4,3,97.04823214208807,119.9944092642021,745.495973297739,312103.44957577245,423557.68584606505,3175150.866033372,312006.40134363034,423437.6914368009,3174405.370060074,423556.21481963055,-163643.0171781107,-163643.0171781107,14999.534744262695,nan,nan,0.0,0.0,0.0
hybrid_diff,0.0,120.0,0.5,0.7,rayleigh,1.0,0.00032408593089047993,0.031112297319937907,532.0,810.0,809.0,655.2899999999507,0.85,0.00019283112887983554,80000.0,40000.0,39999.323471069336,1.2541907874243146,0.8434119921034461,2.150563932801431,53.09643646410639,35.70602790326145,91.04458617057153,diff,simple,0.6,0.01306716487437392,30000.0,15000.0,1.0,1e-06,1.0,1.0,0.0,0.0,0.0,0.0,0.0,0,1.5,psi4,3,97.04823214208807,119.9944092642021,745.495973297739,170558.87552203593,215645.70316408534,1364056.356741724,170461.82728989384,215525.70875482116,1363310.8607684264,215643.2465349325,-150831.31425366318,-150831.31425366318,14999.534744262695,0.6381494338406848,33277.14543319283,0.0,0.0,0.0
quant_noon2,0.0,120.0,0.5,0.7,rayleigh,1.0,0.00032408593089047993,0.031112297319937907,532.0,810.0,809.0,0.405,0.85,0.00019283112887983554,80000.0,40000.0,39999.323471069336,0.9454257883547585,0.6368608357118919,1.6144154783313132,30.47001047750041,20.525308888199575,52.03079622505027,noon2,simple,0.6,0.01306716487437392,30000.0,15000.0,1.0,1e-06,1.0,1.0,0.0,0.0,0.0,0.0,0.0,0,1.5,psi4,3,97.04823214208807,119.9944092642021,745.495973297739,279.2244396447335,366.5130263283323,2949.4166345404783,182.1762075026454,246.5186170641302,2203.920661242739,368.51602489082796,-86.33345387717212,-86.33345387717212,14999.582153320312,nan,nan,0.0,0.0,0.0
hybrid_noon2,0.0,120.0,0.5,0.7,rayleigh,1.0,0.00032408593089047993,0.031112297319937907,532.0,810.0,809.0,0.405,0.85,0.00019283112887983554,80000.0,40000.0,39999.323471069336,1.2541907874243146,0.8434119921034461,2.150563932801431,53.09643646410639,35.70602790326145,91.04458617057153,noon2,simple,0.6,0.01306716487437392,30000.0,15000.0,1.0,1e-06,1.0,1.0,0.0,0.0,0.0,0.0,0.0,0,1.5,psi4,3,97.04823214208807,119.9944092642021,745.495973297739,180.10885986571657,226.83844596247584,1547.9958477228201,83.0606277236285,106.84403669827374,802.4998744250811,233.29166702067982,-75.01735884715407,-75.01735884715407,14999.582153320312,0.6368608357118919,20.525308888199575,0.0,0.0,0.0
classical,0.0,120.0,0.5,0.7,rayleigh,1.0,0.00032408593089047993,0.031112297319937907,532.0,810.0,809.0,655.2899999999507,0.85,0.00019283112887983554,80000.0,40000.0,40001.09571838379,1.2580166950686595,0.8506382268999975,2.1941828422346092,53.25840708627361,36.011952106019926,92.8912020734906,-,simple,0.6,0.01306716487437392,30000.0,15000.0,1.0,1e-06,1.0,1.0,0.0,0.0,0.0,0.0,0.0,0,1.5,psi4,4,96.96026538697714,119.83231629931899,744.473117969542,473.7571539902246,620.3307782659393,4984.795242988123,376.7968886032474,500.49846196662025,4240.322125018582,633.7927019905472,317.74380933130334,317.74380933130334,,,,,,
quant_diff,0.0,120.0,0.5,0.7,rayleigh,1.0,0.00032408593089047993,0.031112297319937907,532.0,810.0,809.0,655.2899999999507,0.85,0.00019283112887983554,80000.0,40000.0,40001.09571838379,0.929588461839089,0.6417411950894285,1.5754000215400235,48474.61863510818,33464.4425694081,82151.31574547544,diff,simple,0.6,0.01306716487437392,30000.0,15000.0,1.0,1e-06,1.0,1.0,0.0,0.0,0.0,0.0,0.0,0,1.5,psi4,4,96.96026538697714,119.83231629931899,744.473117969542,325393.5924218884,432033.21567983134,3543084.4186072745,325296.6321565014,431913.383363532,3542339.9454893046,432034.24227369,-581272.7467606709,-581272.7467606709,15000.54541015625,nan,nan,0.0,0.0,0.0
hybrid_diff,0.0,120.0,0.5,0.7,rayleigh,1.0,0.00032408593089047993,0.031112297319937907,532.0,810.0,809.0,655.2899999999507,0.85,0.00019283112887983554,80000.0,40000.0,40001.09571838379,1.2580166950686595,0.8506382268999975,2.1941828422346092,53.25840708627361,36.011952106019926,92.8912020734906,diff,simple,0.6,0.01306716487437392,30000.0,15000.0,1.0,1e-06,1.0,1.0,0.0,0.0,0.0,0.0,0.0,0,1.5,psi4,4,96.96026538697714,119.83231629931899,744.473117969542,163623.9830934435,208814.75692405895,1498004.8095287033,163527.02282805654,208694.92460775963,1497260.3364107339,208817.48236675237,-541804.4621645795,-541804.4621645795,15000.54541015625,0.6417411950894285,33464.4425694081,0.0,0.0,0.0
quant_noon2,0.0,120.0,0.5,0.7,rayleigh,1.0,0.00032408593089047993,0.031112297319937907,532.0,810.0,809.0,0.405,0.85,0.00019283112887983554,80000.0,40000.0,40001.09571838379,0.9417281457698592,0.6443735659657197,1.5991608912827957,30.350839613227713,20.76743573979215,51.539158030996845,noon2,simple,0.6,0.01306716487437392,30000.0,15000.0,1.0,1e-06,1.0,1.0,0.0,0.0,0.0,0.0,0.0,0,1.5,psi4,4,96.96026538697714,119.83231629931899,744.473117969542,287.76598639495177,378.13821682910685,3034.8758115207565,190.80572100797463,258.30590052978783,2290.4026935512147,374.131198771796,-6.5026996537379995,-6.5026996537379995,15000.587524414062,nan,nan,0.0,0.0,0.0
hybrid_noon2,0.0,120.0,0.5,0.7,rayleigh,1.0,0.00032408593089047993,0.031112297319937907,532.0,810.0,809.0,0.405,0.85,0.00019283112887983554,80000.0,40000.0,40001.09571838379,1.2580166950686595,0.8506382268999975,2.1941828422346092,53.25840708627361,36.011952106019926,92.8912020734906,noon2,simple,0.6,0.01306716487437392,30000.0,15000.0,1.0,1e-06,1.0,1.0,0.0,0.0,0.0,0.0,0.0,0,1.5,psi4,4,96.96026538697714,119.83231629931899,744.473117969542,181.76834256082537,225.9148049571199,1643.8808070274408,84.80807717384823,106.08248865780092,899.4076890578988,222.42169552980215,-9.418399172937768,-9.418399172937768,15000.587524414062,0.6443735659657197,20.76743573979215,0.0,0.0,0.0
classical,0.0,120.0,0.5,0.7,rayleigh,1.0,0.00032408593089047993,0.031112297319937907,532.0,810.0,809.0,655.2899999999507,0.85,0.00019283112887983554,80000.0,40000.0,40000.085540771484,1.26417712980319,0.8515130122007344,2.2271389601580456,53.51921041440602,36.048986329685135,94.28640640681134,-,simple,0.6,0.01306716487437392,30000.0,15000.0,1.0,1e-06,1.0,1.0,0.0,0.0,0.0,0.0,0.0,0,1.5,psi4,5,95.74794361810109,118.08213933387256,745.8719753672749,522.1405813595642,676.7219906143157,4799.3416336105975,426.39263774146315,558.6398512804432,4053.469658243323,689.376210187788,-580.1480828627898,-580.1480828627898,,,,,,
quant_diff,0.0,120.0,0.5,0.7,rayleigh,1.0,0.00032408593089047993,0.031112297319937907,532.0,810.0,809.0,655.2899999999507,0.85,0.00019283112887983554,80000.0,40000.0,40000.085540771484,0.9364414716607472,0.6462385997674442,1.607262614840097,48831.97788734149,33698.965678895984,83812.83277408716,diff,simple,0.6,0.01306716487437392,30000.0,15000.0,1.0,1e-06,1.0,1.0,0.0,0.0,0.0,0.0,0.0,0,1.5,psi4,5,95.74794361810109,118.08213933387256,745.8719753672749,354322.83779648505,456538.9703516538,3302723.174103561,354227.08985286695,456420.88821232,3301977.302128194,456535.02585213154,291984.70867472526,291984.70867472526,15000.083969116211,nan,nan,0.0,0.0,0.0
hybrid_diff,0.0,120.0,0.5,0.7,rayleigh,1.0,0.00032408593089047993,0.031112297319937907,532.0,810.0,809.0,655.2899999999507,0.85,0.00019283112887983554,80000.0,40000.0,40000.085540771484,1.26417712980319,0.8515130122007344,2.2271389601580456,53.51921041440602,36.048986329685135,94.28640640681134,diff,simple,0.6,0.01306716487437392,30000.0,15000.0,1.0,1e-06,1.0,1.0,0.0,0.0,0.0,0.0,0.0,0,1.5,psi4,5,95.74794361810109,118.08213933387256,745.8719753672749,168836.56643149303,207762.04905979038,1261532.6905994085,168740.81848787493,207643.96692045653,1260786.8186240413,207753.30304993156,252862.58971379063,252862.58971379063,15000.083969116211,0.6462385997674442,33698.965678895984,0.0,0.0,0.0
quant_noon2,0.0,120.0,0.5,0.7,rayleigh,1.0,0.00032408593089047993,0.031112297319937907,532.0,810.0,809.0,0.405,0.85,0.00019283112887983554,80000.0,40000.0,40000.085540771484,0.9274269080514123,0.6442799363382193,1.575925514930523,29.889926796495036,20.76441816213975,50.79030796828123,noon2,simple,0.6,0.01306716487437392,30000.0,15000.0,1.0,1e-06,1.0,1.0,0.0,0.0,0.0,0.0,0.0,0,1.5,psi4,5,95.74794361810109,118.08213933387256,745.8719753672749,266.58093093179247,348.16260706045557,2517.681882809554,170.83298731369135,230.08046772658304,1771.809907442279,352.6433872683666,361.4426457994113,361.4426457994113,15000.036224365234,nan,nan,0.0,0.0,0.0
hybrid_noon2,0.0,120.0,0.5,0.7,rayleigh,1.0,0.00032408593089047993,0.031112297319937907,532.0,810.0,809.0,0.405,0.85,0.00019283112887983554,80000.0,40000.0,40000.085540771484,1.26417712980319,0.8515130122007344,2.2271389601580456,53.51921041440602,36.048986329685135,94.28640640681134,noon2,simple,0.6,0.01306716487437392,30000.0,15000.0,1.0,1e-06,1.0,1.0,0.0,0.0,0.0,0.0,0.0,0,1.5,psi4,5,95.74794361810109,118.08213933387256,745.8719753672749,167.08143144143247,206.45257207736796,1345.594632799855,71.3334878233314,88.37043274349541,599.7226574325801,217.09211325868793,369.5165209773654,369.5165209773654,15000.036224365234,0.6442799363382193,20.76441816213975,0.0,0.0,0.0
classical,0.0,120.0,0.5,0.7,rayleigh,1.0,0.00032408593089047993,0.031112297319937907,532.0,810.0,809.0,655.2899999999507,0.85,0.00019283112887983554,80000.0,40000.0,39999.40336608887,1.248492088833703,0.8449148751918416,2.2452087535816165,52.855180834836546,35.76965278172181,95.0513949939182,-,simple,0.6,0.01306716487437392,30000.0,15000.0,1.0,1e-06,1.0,1.0,0.0,0.0,0.0,0.0,0.0,0,1.5,psi4,6,96.01236568438209,119.7178754827793,780.9562640821205,502.49940301198984,655.1089988457888,4571.162934291275,406.48703732760777,535.3911233630096,3790.2066702091547,665.6814241567159,-102.70827351294837,-102.70827351294837,,,,,,
quant_diff,0.0,120.0,0.5,0.7,rayleigh,1.0,0.00032408593089047993,0.031112297319937907,532.0,810.0,809.0,655.2899999999507,0.85,0.00019283112887983554,80000.0,40000.0,39999.40336608887,0.9293760109417044,0.6420477256032726,1.6291479701317189,48463.54010234645,33480.42700808025,84954.07354353085,diff,simple,0.6,0.01306716487437392,30000.0,15000.0,1.0,1e-06,1.0,1.0,0.0,0.0,0.0,0.0,0.0,0,1.5,psi4,6,96.01236568438209,119.7178754827793,780.9562640821205,295225.3460170185,410463.2303457103,3857165.846682922,295129.3336513341,410343.5124702275,3856384.8904188396,410466.44345463655,14740.864354856905,14740.864354856905,14999.517990112305,nan,nan,0.0,0.0,0.0
hybrid_diff,0.0,120.0,0.5,0.7,rayleigh,1.0,0.00032408593089047993,0.031112297319937907,532.0,810.0,809.0,655.2899999999507,0.85,0.00019283112887983554,80000.0,40000.0,39999.40336608887,1.248492088833703,0.8449148751918416,2.2452087535816165,52.855180834836546,35.76965278172181,95.0513949939182,diff,simple,0.6,0.01306716487437392,30000.0,15000.0,1.0,1e-06,1.0,1.0,0.0,0.0,0.0,0.0,0.0,0,1.5,psi4,6,96.01236568438209,119.7178754827793,780.9562640821205,136118.63615697678,175489.7053925348,1112958.7310098244,136022.6237912924,175369.987517052,1112177.774745742,175497.09435785774,45695.84902180393,45695.84902180393,14999.517990112305,0.6420477256032726,33480.42700808025,0.0,0.0,0.0
quant_noon2,0.0,120.0,0.5,0.7,rayleigh,1.0,0.00032408593089047993,0.031112297319937907,532.0,810.0,809.0,0.405,0.85,0.00019283112887983554,80000.0,40000.0,39999.40336608887,0.9119220975538928,0.6419016655877775,1.5679351877012884,29.39022418193741,20.687769169086156,50.532788703001714,noon2,simple,0.6,0.01306716487437392,30000.0,15000.0,1.0,1e-06,1.0,1.0,0.0,0.0,0.0,0.0,0.0,0,1.5,psi4,6,96.01236568438209,119.7178754827793,780.9562640821205,290.9840939917623,379.5468213090337,3122.9260902233023,194.97172830738018,259.82894582625437,2341.969826141182,375.9921298771153,593.3196653897988,593.3196653897988,14999.566009521484,nan,nan,0.0,0.0,0.0
hybrid_noon2,0.0,120.0,0.5,0.7,rayleigh,1.0,0.00032408593089047993,0.031112297319937907,532.0,810.0,809.0,0.405,0.85,0.00019283112887983554,80000.0,40000.0,39999.40336608887,1.248492088833703,0.8449148751918416,2.2452087535816165,52.855180834836546,35.76965278172181,95.0513949939182,noon2,simple,0.6,0.01306716487437392,30000.0,15000.0,1.0,1e-06,1.0,1.0,0.0,0.0,0.0,0.0,0.0,0,1.5,psi4,6,96.01236568438209,119.7178754827793,780.9562640821205,168.32421848227247,213.5920661728597,1678.5168848117382,72.31185279789037,93.87419069008037,897.5606207296179,209.86670123636262,554.7863851562305,554.7863851562305,14999.566009521484,0.6419016655877775,20.687769169086156,0.0,0.0,0.0
classical,0.0,120.0,0.5,0.7,rayleigh,1.0,0.00032408593089047993,0.031112297319937907,532.0,810.0,809.0,655.2899999999507,0.85,0.00019283112887983554,80000.0,40000.0,40000.358642578125,1.257337614720818,0.8564181408366706,2.1952567400913625,53.229658073838856,36.256646004415416,92.93666576999658,-,simple,0.6,0.01306716487437392,30000.0,15000.0,1.0,1e-06,1.0,1.0,0.0,0.0,0.0,0.0,0.0,0,1.5,psi4,7,96.15500218498953,119.449186226617,739.8179515055392,512.5910336043702,660.7113523125666,5485.833024550409,416.43603141938064,541.2621660859497,4746.0150730448695,672.4387259809903,157.56359573853624,157.56359573853624,,,,,,
quant_diff,0.0,120.0,0.5,0.7,rayleigh,1.0,0.00032408593089047993,0.031112297319937907,532.0,810.0,809.0,655.2899999999507,0.85,0.00019283112887983554,80000.0,40000.0,40000.358642578125,0.9191153415934376,0.6423938040331048,1.5703628053687606,47928.48394145762,33498.47372508744,81888.64345240341,diff,simple,0.6,0.01306716487437392,30000.0,15000.0,1.0,1e-06,1.0,1.0,0.0,0.0,0.0,0.0,0.0,0,1.5,psi4,7,96.15500218498953,119.449186226617,739.8179515055392,323902.96809662343,425663.6531452428,3230684.937005985,323806.81309443846,425544.20395901613,3229945.1190544795,425663.39018723636,-312447.34020598215,-312447.34020598215,15000.183212280273,nan,nan,0.0,0.0,0.0
hybrid_diff,0.0,120.0,0.5,0.7,rayleigh,1.0,0.00032408593089047993,0.031112297319937907,532.0,810.0,809.0,655.2899999999507,0.85,0.00019283112887983554,80000.0,40000.0,40000.358642578125,1.257337614720818,0.8564181408366706,2.1952567400913625,53.229658073838856,36.256646004415416,92.93666576999658,diff,simple,0.6,0.01306716487437392,30000.0,15000.0,1.0,1e-06,1.0,1.0,0.0,0.0,0.0,0.0,0.0,0,1.5,psi4,7,96.15500218498953,119.449186226617,739.8179515055392,169090.46907636386,215853.52937502303,1387532.6064299352,168994.3140741789,215734.08018879642,1386792.7884784297,215853.2535824469,-275288.26256591803,-275288.26256591803,15000.183212280273,0.6423938040331048,33498.47372508744,0.0,0.0,0.0
quant_noon2,0.0,120.0,0.5,0.7,rayleigh,1.0,0.00032408593089047993,0.031112297319937907,532.0,810.0,809.0,0.405,0.85,0.00019283112887983554,80000.0,40000.0,40000.358642578125,0.9264800957961962,0.6360585186028819,1.5767139209300716,29.85941210174902,20.49945110959978,50.81571740745951,noon2,simple,0.6,0.01306716487437392,30000.0,15000.0,1.0,1e-06,1.0,1.0,0.0,0.0,0.0,0.0,0.0,0,1.5,psi4,7,96.15500218498953,119.449186226617,739.8179515055392,297.1420389574768,384.9738512486525,3396.3293169224203,200.98703677248733,265.5246650220355,2656.5113654168813,388.8708609939774,305.46999403693314,305.46999403693314,15000.207473754883,nan,nan,0.0,0.0,0.0
hybrid_noon2,0.0,120.0,0.5,0.7,rayleigh,1.0,0.00032408593089047993,0.031112297319937907,532.0,810.0,809.0,0.405,0.85,0.00019283112887983554,80000.0,40000.0,40000.358642578125,1.257337614720818,0.8564181408366706,2.1952567400913625,53.229658073838856,36.256646004415416,92.93666576999658,noon2,simple,0.6,0.01306716487437392,30000.0,15000.0,1.0,1e-06,1.0,1.0,0.0,0.0,0.0,0.0,0.0,0,1.5,psi4,7,96.15500218498953,119.449186226617,739.8179515055392,211.22965596272874,263.03203449977167,1962.9691613117118,115.07465377773921,143.58284827315467,1223.1512098061726,271.1666219223476,323.3918038035741,323.3918038035741,15000.207473754883,0.6360585186028819,20.49945110959978,0.0,0.0,0.0
classical,0.0,120.0,0.5,0.7,rayleigh,1.0,0.00032408593089047993,0.031112297319937907,532.0,810.0,809.0,655.2899999999507,0.85,0.00019283112887983554,80000.0,40000.0,39999.3450012207,1.2706036385210218,0.8510126043106541,2.176166503346569,53.791278041790804,36.02780145413972,92.12847649563082,-,simple,0.6,0.01306716487437392,30000.0,15000.0,1.0,1e-06,1.0,1.0,0.0,0.0,0.0,0.0,0.0,0,1.5,psi4,8,94.29474683944132,118.45135546293277,815.2161837223413,498.98633153697904,642.1264113733442,4986.903792572092,404.69158469753773,523.6750559104114,4171.687608849751,655.7889148400072,-206.74111333349404,-206.74111333349404,,,,,,
quant_diff,0.0,120.0,0.5,0.7,rayleigh,1.0,0.00032408593089047993,0.031112297319937907,532.0,810.0,809.0,655.2899999999507,0.85,0.00019283112887983554,80000.0,40000.0,39999.3450012207,0.9092622478885425,0.6408599096303375,1.5306434697201248,47414.68135103406,33418.48677467545,79817.42621268172,diff,simple,0.6,0.01306716487437392,30000.0,15000.0,1.0,1e-06,1.0,1.0,0.0,0.0,0.0,0.0,0.0,0,1.5,psi4,8,94.29474683944132,118.45135546293277,815.2161837223413,298018.40717503126,405212.7588734711,3395957.361704808,297924.1124281918,405094.30751800817,3395142.1455210857,405204.7289384687,-33832.175567941675,-33832.175567941675,15000.142959594727,nan,nan,0.0,0.0,0.0
hybrid_diff,0.0,120.0,0.5,0.7,rayleigh,1.0,0.00032408593089047993,0.031112297319937907,532.0,810.0,809.0,655.2899999999507,0.85,0.00019283112887983554,80000.0,40000.0,39999.3450012207,1.2706036385210218,0.8510126043106541,2.176166503346569,53.791278041790804,36.02780145413972,92.12847649563082,diff,simple,0.6,0.01306716487437392,30000.0,15000.0,1.0,1e-06,1.0,1.0,0.0,0.0,0.0,0.0,0.0,0,1.5,psi4,8,94.29474683944132,118.45135546293277,815.2161837223413,154496.26709119443,201904.33001270183,1413160.5553284108,154401.972344355,201785.8786572389,1412345.3391446883,201890.42818757298,-87233.05072622775,-87233.05072622775,15000.142959594727,0.6408599096303375,33418.48677467545,0.0,0.0,0.0
quant_noon2,0.0,120.0,0.5,0.7,rayleigh,1.0,0.00032408593089047993,0.031112297319937907,532.0,810.0,809.0,0.405,0.85,0.00019283112887983554,80000.0,40000.0,39999.3450012207,0.9272457876659421,0.6428450863451947,1.5901580393368249,29.884089490054972,20.71817455967024,51.24900623219889,noon2,simple,0.6,0.01306716487437392,30000.0,15000.0,1.0,1e-06,1.0,1.0,0.0,0.0,0.0,0.0,0.0,0,1.5,psi4,8,94.29474683944132,118.45135546293277,815.2161837223413,269.53169342030196,352.63294007218,2493.830566330072,175.23694658086063,234.18158460924727,1678.614382607731,358.1071345677001,-92.87490947044186,-92.87490947044186,14999.608444213867,nan,nan,0.0,0.0,0.0
hybrid_noon2,0.0,120.0,0.5,0.7,rayleigh,1.0,0.00032408593089047993,0.031112297319937907,532.0,810.0,809.0,0.405,0.85,0.00019283112887983554,80000.0,40000.0,39999.3450012207,1.2706036385210218,0.8510126043106541,2.176166503346569,53.791278041790804,36.02780145413972,92.12847649563082,noon2,simple,0.6,0.01306716487437392,30000.0,15000.0,1.0,1e-06,1.0,1.0,0.0,0.0,0.0,0.0,0.0,0,1.5,psi4,8,94.29474683944132,118.45135546293277,815.2161837223413,160.1752461037306,202.42885372597146,1469.1822829137002,65.88049926428927,83.9774982630387,653.9660991913589,214.80935777654724,-93.42215310570836,-93.42215310570836,14999.608444213867,0.6428450863451947,20.71817455967024,0.0,0.0,0.0
classical,0.0,120.0,0.5,0.7,rayleigh,1.0,0.00032408593089047993,0.031112297319937907,532.0,810.0,809.0,655.2899999999507,0.85,0.00019283112887983554,80000.0,40000.0,39999.787673950195,1.2614183604135079,0.8508615767674848,2.1961935875562575,53.40241731953788,36.0214076706495,92.97632740871626,-,simple,0.6,0.01306716487437392,30000.0,15000.0,1.0,1e-06,1.0,1.0,0.0,0.0,0.0,0.0,0.0,0,1.5,psi4,9,95.3796640743008,119.0024155845554,873.2478155983046,465.8240545095577,618.1225204126057,5089.910557092594,370.4443904352568,499.1201048280504,4216.66274149429,633.6958493596239,-373.5844194014369,-373.5844194014369,,,,,,
quant_diff,0.0,120.0,0.5,0.7,rayleigh,1.0,0.00032408593089047993,0.031112297319937907,532.0,810.0,809.0,655.2899999999507,0.85,0.00019283112887983554,80000.0,40000.0,39999.787673950195,0.9619495429888905,0.6428448207480818,1.6419960329651475,50162.129971310584,33521.99258763153,85624.05275650235,diff,simple,0.6,0.01306716487437392,30000.0,15000.0,1.0,1e-06,1.0,1.0,0.0,0.0,0.0,0.0,0.0,0,1.5,psi4,9,95.3796640743008,119.0024155845554,873.2478155983046,345471.5854042591,467149.4175700872,3386588.446917982,345376.2057401848,467030.4151545026,3385715.1991023836,467142.80451648025,-255660.3378422777,-255660.3378422777,14999.854675292969,nan,nan,0.0,0.0,0.0
hybrid_diff,0.0,120.0,0.5,0.7,rayleigh,1.0,0.00032408593089047993,0.031112297319937907,532.0,810.0,809.0,655.2899999999507,0.85,0.00019283112887983554,80000.0,40000.0,39999.787673950195,1.2614183604135079,0.8508615767674848,2.1961935875562575,53.40241731953788,36.0214076706495,92.97632740871626,diff,simple,0.6,0.01306716487437392,30000.0,15000.0,1.0,1e-06,1.0,1.0,0.0,0.0,0.0,0.0,0.0,0,1.5,psi4,9,95.3796640743008,119.0024155845554,873.2478155983046,188724.97377547322,244462.4592558973,1631403.2856523707,188629.5941113989,244343.45684031272,1630530.0378367724,244450.7928852045,-219131.2368606753,-219131.2368606753,14999.854675292969,0.6428448207480818,33521.99258763153,0.0,0.0,0.0
quant_noon2,0.0,120.0,0.5,0.7,rayleigh,1.0,0.00032408593089047993,0.031112297319937907,532.0,810.0,809.0,0.405,0.85,0.00019283112887983554,80000.0,40000.0,39999.787673950195,0.924709860390621,0.6418140794455403,1.56538327903408,29.802359404414215,20.684946366170763,50.4505435550639,noon2,simple,0.6,0.01306716487437392,30000.0,15000.0,1.0,1e-06,1.0,1.0,0.0,0.0,0.0,0.0,0.0,0,1.5,psi4,9,95.3796640743008,119.0024155845554,873.2478155983046,269.2163471057081,358.9148003072962,2903.9761382611423,173.83668303140732,239.91238472274082,2030.7283226628379,362.6459771060297,-133.96236932989797,-133.96236932989797,14999.828704833984,nan,nan,0.0,0.0,0.0
hybrid_noon2,0.0,120.0,0.5,0.7,rayleigh,1.0,0.00032408593089047993,0.031112297319937907,532.0,810.0,809.0,0.405,0.85,0.00019283112887983554,80000.0,40000.0,39999.787673950195,1.2614183604135079,0.8508615767674848,2.1961935875562575,53.40241731953788,36.0214076706495,92.97632740871626,noon2,simple,0.6,0.01306716487437392,30000.0,15000.0,1.0,1e-06,1.0,1.0,0.0,0.0,0.0,0.0,0.0,0,1.5,psi4,9,95.3796640743008,119.0024155845554,873.2478155983046,150.48680601238524,193.92995618685205,1318.4001015088977,55.10714193808444,74.92754060229666,445.15228591059304,204.2943702996065,-166.80488560653066,-166.80488560653066,14999.828704833984,0.6418140794455403,20.684946366170763,0.0,0.0,0.0
classical,0.0,120.0,0.2,1.0,rayleigh,1.0,0.00032408593089047993,0.031112297319937907,532.0,810.0,809.0,655.2899999999507,0.85,0.0002754730412569079,80000.0,16000.0,15999.262435913086,1.247187230955765,0.8481273613920928,2.2053965800094457,52.79993939620909,35.90565407525207,93.36593807159942,-,simple,0.6,0.018667378391962742,30000.0,6000.0,1.0,1e-06,1.0,1.0,0.0,0.0,0.0,0.0,0.0,0,1.5,psi4,0,96.7833604878387,119.6801476249574,817.898863273828,509.6690556801852,651.7255440636271,4964.502148945995,412.8856951923465,532.0453964386697,4146.603285672168,662.6571481349838,-433.8830264194473,-433.8830264194473,,,,,,
quant_diff,0.0,120.0,0.2,1.0,rayleigh,1.0,0.00032408593089047993,0.031112297319937907,532.0,810.0,809.0,655.2899999999507,0.85,0.0002754730412569079,80000.0,16000.0,15999.262435913086,0.9770287889625939,0.6687943723587237,1.7215322619601239,50948.45717725948,34875.16624427236,89771.57451099837,diff,simple,0.6,0.018667378391962742,30000.0,6000.0,1.0,1e-06,1.0,1.0,0.0,0.0,0.0,0.0,0.0,0,1.5,psi4,0,96.7833604878387,119.6801476249574,817.898863273828,329276.55839385075,438351.47771437326,3056066.036651645,329179.77503336285,438231.79756674834,3055248.137788371,438353.6457031243,323742.33865278657,323742.33865278657,5999.597244262695,nan,nan,0.0,0.0,0.0
hybrid_diff,0.0,120.0,0.2,1.0,rayleigh,1.0,0.00032408593089047993,0.031112297319937907,532.0,810.0,809.0,655.2899999999507,0.85,0.0002754730412569079,80000.0,16000.0,15999.262435913086,1.247187230955765,0.8481273613920928,2.2053965800094457,52.79993939620909,35.90565407525207,93.36593807159942,diff,simple,0.6,0.018667378391962742,30000.0,6000.0,1.0,1e-06,1.0,1.0,0.0,0.0,0.0,0.0,0.0,0,1.5,psi4,0,96.7833604878387,119.6801476249574,817.898863273828,142919.33166849884,180127.1272206485,1105530.2543934623,142822.54830801103,180007.44707302353,1104712.3555301882,180132.26833063405,289470.482879015,289470.482879015,5999.597244262695,0.6687943723587237,34875.16624427236,0.0,0.0,0.0
quant_noon2,0.0,120.0,0.2,1.0,rayleigh,1.0,0.00032408593089047993,0.031112297319937907,532.0,810.0,809.0,0.405,0.85,0.0002754730412569079,80000.0,16000.0,15999.262435913086,3580159689.160815,0.6681964230971152,1.6911842823788845,115384522596.62813,21.535219647676456,54.50496848953366,noon2,simple,0.6,0.018667378391962742,30000.0,6000.0,1.0,1e-06,1.0,1.0,0.0,0.0,0.0,0.0,0.0,0,1.5,psi4,0,96.7833604878387,119.6801476249574,817.898863273828,264.37353014789466,347.3760143621592,2681.868828651385,167.59016966005598,227.69586673720178,1863.969965377557,349.67819410911153,97.36489936169284,97.36489936169284,5999.631652832031,nan,nan,0.0,0.0,0.0
hybrid_noon2,0.0,120.0,0.2,1.0,rayleigh,1.0,0.00032408593089047993,0.031112297319937907,532.0,810.0,809.0,0.405,0.85,0.0002754730412569079,80000.0,16000.0,15999.262435913086,1.247187230955765,0.8481273613920928,2.2053965800094457,52.79993939620909,35.90565407525207,93.36593807159942,noon2,simple,0.6,0.018667378391962742,30000.0,6000.0,1.0,1e-06,1.0,1.0,0.0,0.0,0.0,0.0,0.0,0,1.5,psi4,0,96.7833604878387,119.6801476249574,817.898863273828,123.57568717603618,157.29369434429327,1148.67825308311,26.792326688197473,37.61354671933588,330.7793898092819,165.91375007521322,114.29714947865396,114.29714947865396,5999.631652832031,0.6681964230971152,21.535219647676456,0.0,0.0,0.0
classical,0.0,120.0,0.2,1.0,rayleigh,1.0,0.00032408593089047993,0.031112297319937907,532.0,810.0,809.0,655.2899999999507,0.85,0.0002754730412569079,80000.0,16000.0,16000.673385620117,1.2396523737371687,0.8490124474704175,2.1549164993412537,52.480949596901965,35.94312438454971,91.228853010238,-,simple,0.6,0.018667378391962742,30000.0,6000.0,1.0,1e-06,1.0,1.0,0.0,0.0,0.0,0.0,0.0,0,1.5,psi4,1,95.18311390572963,119.8980061729993,841.2402447957372,519.9229091114206,675.2687888484139,4741.805654144946,424.739795205691,555.3707826754146,3900.5654093492085,688.8212841777142,79.15912735229232,79.15912735229232,,,,,,
quant_diff,0.0,120.0,0.2,1.0,rayleigh,1.0,0.00032408593089047993,0.031112297319937907,532.0,810.0,809.0,655.2899999999507,0.85,0.0002754730412569079,80000.0,16000.0,16000.673385620117,0.9902607689623706,0.6697925310372849,1.6917583734964834,51638.45625815123,34927.21654746229,88218.97575594945,diff,simple,0.6,0.018667378391962742,30000.0,6000.0,1.0,1e-06,1.0,1.0,0.0,0.0,0.0,0.0,0.0,0,1.5,psi4,1,95.18311390572963,119.8980061729993,841.2402447957372,362905.6313685713,474385.4504479846,3592481.6277233385,362810.4482546656,474265.55244181165,3591640.387478543,474387.06056747434,546686.0489800541,546686.0489800541,6000.430465698242,nan,nan,0.0,0.0,0.0
hybrid_diff,0.0,120.0,0.2,1.0,rayleigh,1.0,0.00032408593089047993,0.031112297319937907,532.0,810.0,809.0,655.2899999999507,0.85,0.0002754730412569079,80000.0,16000.0,16000.673385620117,1.2396523737371687,0.8490124474704175,2.1549164993412537,52.480949596901965,35.94312438454971,91.228853010238,diff,simple,0.6,0.018667378391962742,30000.0,6000.0,1.0,1e-06,1.0,1.0,0.0,0.0,0.0,0.0,0.0,0,1.5,psi4,1,95.18311390572963,119.8980061729993,841.2402447957372,188088.9771729167,241649.58549069462,1701689.3792986847,187993.79405901098,241529.6874845216,1700848.1390538889,241652.70672883326,442433.72198148986,442433.72198148986,6000.430465698242,0.6697925310372849,34927.21654746229,0.0,0.0,0.0
quant_noon2,0.0,120.0,0.2,1.0,rayleigh,1.0,0.00032408593089047993,0.031112297319937907,532.0,810.0,809.0,0.405,0.85,0.0002754730412569079,80000.0,16000.0,16000.673385620117,0.9663659974562511,0.6738040581049376,1.671359997982407,31.1448898795462,21.71594742086285,53.86605408640447,noon2,simple,0.6,0.018667378391962742,30000.0,6000.0,1.0,1e-06,1.0,1.0,0.0,0.0,0.0,0.0,0.0,0,1.5,psi4,1,95.18311390572963,119.8980061729993,841.2402447957372,296.7329293810108,384.2669557463637,3007.3659236514172,201.54981547528115,264.3689495733644,2166.12567885568,384.6734251458332,187.53786598776614,187.53786598776614,6000.421188354492,nan,nan,0.0,0.0,0.0
hybrid_noon2,0.0,120.0,0.2,1.0,rayleigh,1.0,0.00032408593089047993,0.031112297319937907,532.0,810.0,809.0,0.405,0.85,0.0002754730412569079,80000.0,16000.0,16000.673385620117,1.2396523737371687,0.8490124474704175,2.1549164993412537,52.480949596901965,35.94312438454971,91.228853010238,noon2,simple,0.6,0.018667378391962742,30000.0,6000.0,1.0,1e-06,1.0,1.0,0.0,0.0,0.0,0.0,0.0,0,1.5,psi4,1,95.18311390572963,119.8980061729993,841.2402447957372,158.18798298175898,196.3242834065176,1339.7349462359402,63.00486907602936,76.4262772335183,498.49470144020296,199.91726057565015,208.91096419597716,208.91096419597716,6000.421188354492,0.6738040581049376,21.71594742086285,0.0,0.0,0.0
classical,0.0,120.0,0.2,1.0,rayleigh,1.0,0.00032408593089047993,0.031112297319937907,532.0,810.0,809.0,655.2899999999507,0.85,0.0002754730412569079,80000.0,16000.0,15999.983306884766,1.2463637354159958,0.8399650851050138,2.1423842691508344,52.76507653559469,35.56010235487196,90.69829835242099,-,simple,0.6,0.018667378391962742,30000.0,6000.0,1.0,1e-06,1.0,1.0,0.0,0.0,0.0,0.0,0.0,0,1.5,psi4,2,96.51777969367707,119.53271280812871,763.7758234360563,461.45776185308733,612.9598622142202,5374.109654124568,364.93998215941025,493.4271494060914,4610.333830688512,628.1529095840102,324.631329330761,324.631329330761,,,,,,
quant_diff,0.0,120.0,0.2,1.0,rayleigh,1.0,0.00032408593089047993,0.031112297319937907,532.0,810.0,809.0,655.2899999999507,0.85,0.0002754730412569079,80000.0,16000.0,15999.983306884766,0.9668827993397178,0.676664574956795,1.669249685745667,50419.38114218082,35285.568357878394,87045.2304917936,diff,simple,0.6,0.018667378391962742,30000.0,6000.0,1.0,1e-06,1.0,1.0,0.0,0.0,0.0,0.0,0.0,0,1.5,psi4,2,96.51777969367707,119.53271280812871,763.7758234360563,344150.1665229262,446264.54915918893,2851118.6080318782,344053.64874323254,446145.01644638076,2850354.832208442,446271.6575149499,-537036.9504874977,-537036.9504874977,5999.992813110352,nan,nan,0.0,0.0,0.0
hybrid_diff,0.0,120.0,0.2,1.0,rayleigh,1.0,0.00032408593089047993,0.031112297319937907,532.0,810.0,809.0,655.2899999999507,0.85,0.0002754730412569079,80000.0,16000.0,15999.983306884766,1.2463637354159958,0.8399650851050138,2.1423842691508344,52.76507653559469,35.56010235487196,90.69829835242099,diff,simple,0.6,0.018667378391962742,30000.0,6000.0,1.0,1e-06,1.0,1.0,0.0,0.0,0.0,0.0,0.0,0,1.5,psi4,2,96.51777969367707,119.53271280812871,763.7758234360563,165847.47627265783,200826.93803392124,1210905.9967073873,165750.95849296416,200707.4053211131,1210142.220883951,200842.30999599153,-439140.45764860633,-439140.45764860633,5999.992813110352,0.676664574956795,35285.568357878394,0.0,0.0,0.0
quant_noon2,0.0,120.0,0.2,1.0,rayleigh,1.0,0.00032408593089047993,0.031112297319937907,532.0,810.0,809.0,0.405,0.85,0.0002754730412569079,80000.0,16000.0,15999.983306884766,0.9868388247112124,0.6754025051984501,1.706666917463489,31.80470609002665,21.767463573994036,55.003956415458724,noon2,simple,0.6,0.018667378391962742,30000.0,6000.0,1.0,1e-06,1.0,1.0,0.0,0.0,0.0,0.0,0.0,0,1.5,psi4,2,96.51777969367707,119.53271280812871,763.7758234360563,311.54959522633857,402.8317938397697,2984.328473233772,215.03181553266148,283.299081031641,2220.5526497977157,411.7347722230702,587.735133412188,587.735133412188,5999.999526977539,nan,nan,0.0,0.0,0.0
hybrid_noon2,0.0,120.0,0.2,1.0,rayleigh,1.0,0.00032408593089047993,0.031112297319937907,532.0,810.0,809.0,0.405,0.85,0.0002754730412569079,80000.0,16000.0,15999.983306884766,1.2463637354159958,0.8399650851050138,2.1423842691508344,52.76507653559469,35.56010235487196,90.69829835242099,noon2,simple,0.6,0.018667378391962742,30000.0,6000.0,1.0,1e-06,1.0,1.0,0.0,0.0,0.0,0.0,0.0,0,1.5,psi4,2,96.51777969367707,119.53271280812871,763.7758234360563,214.58359270906257,271.37785667516937,1750.6846047711363,118.0658130153855,151.84514386704066,986.9087813350801,286.2649112038918,630.8448577767516,630.8448577767516,5999.999526977539,0.6754025051984501,21.767463573994036,0.0,0.0,0.0
classical,0.0,120.0,0.2,1.0,rayleigh,1.0,0.00032408593089047993,0.031112297319937907,532.0,810.0,809.0,655.2899999999507,0.85,0.0002754730412569079,80000.0,16000.0,15999.52766418457,1.245733061323396,0.8473383728180066,2.1819466784304105,52.738376812376295,35.872252074444134,92.37318144974779,-,simple,0.6,0.018667378391962742,30000.0,6000.0,1.0,1e-06,1.0,1.0,0.0,0.0,0.0,0.0,0.0,0,1.5,psi4,3,97.04823214208807,119.9944092642021,745.495973297739,561.488567911388,716.7022701053753,6221.6473150300635,464.44033576929996,596.7078608411731,5476.151341732324,728.4457626107707,-326.9496154989098,-326.9496154989098,,,,,,
quant_diff,0.0,120.0,0.2,1.0,rayleigh,1.0,0.00032408593089047993,0.031112297319937907,532.0,810.0,809.0,655.2899999999507,0.85,0.0002754730412569079,80000.0,16000.0,15999.52766418457,0.9947819089548375,0.6700824584865492,1.7093519617357418,51874.21707697334,34942.33519739382,89136.41666160991,diff,simple,0.6,0.018667378391962742,30000.0,6000.0,1.0,1e-06,1.0,1.0,0.0,0.0,0.0,0.0,0.0,0,1.5,psi4,3,97.04823214208807,119.9944092642021,745.495973297739,351866.4167199342,473911.0218205064,3646334.5334453713,351769.36848779215,473791.02741124213,3645589.0374720735,473914.4524440721,11632.034409473046,11632.034409473046,5999.712448120117,nan,nan,0.0,0.0,0.0
hybrid_diff,0.0,120.0,0.2,1.0,rayleigh,1.0,0.00032408593089047993,0.031112297319937907,532.0,810.0,809.0,655.2899999999507,0.85,0.0002754730412569079,80000.0,16000.0,15999.52766418457,1.245733061323396,0.8473383728180066,2.1819466784304105,52.738376812376295,35.872252074444134,92.37318144974779,diff,simple,0.6,0.018667378391962742,30000.0,6000.0,1.0,1e-06,1.0,1.0,0.0,0.0,0.0,0.0,0.0,0,1.5,psi4,3,97.04823214208807,119.9944092642021,745.495973297739,164610.5064842638,217763.611015948,1542148.375312918,164513.45825212172,217643.61660668382,1541402.8793396202,217771.18740060655,38692.786597254744,38692.786597254744,5999.712448120117,0.6700824584865492,34942.33519739382,0.0,0.0,0.0
quant_noon2,0.0,120.0,0.2,1.0,rayleigh,1.0,0.00032408593089047993,0.031112297319937907,532.0,810.0,809.0,0.405,0.85,0.0002754730412569079,80000.0,16000.0,15999.52766418457,0.9688184261316506,0.6706915202355306,1.6847112225034166,31.2239288991659,21.61563382389879,54.29634904562127,noon2,simple,0.6,0.018667378391962742,30000.0,6000.0,1.0,1e-06,1.0,1.0,0.0,0.0,0.0,0.0,0.0,0,1.5,psi4,3,97.04823214208807,119.9944092642021,745.495973297739,311.40594509885136,405.23080509055745,2727.511083844184,214.3577129567633,285.2363958263553,1982.0151105464454,409.03270921106855,123.56972072005733,123.56972072005733,5999.719192504883,nan,nan,0.0,0.0,0.0
hybrid_noon2,0.0,120.0,0.2,1.0,rayleigh,1.0,0.00032408593089047993,0.031112297319937907,532.0,810.0,809.0,0.405,0.85,0.0002754730412569079,80000.0,16000.0,15999.52766418457,1.245733061323396,0.8473383728180066,2.1819466784304105,52.738376812376295,35.872252074444134,92.37318144974779,noon2,simple,0.6,0.018667378391962742,30000.0,6000.0,1.0,1e-06,1.0,1.0,0.0,0.0,0.0,0.0,0.0,0,1.5,psi4,3,97.04823214208807,119.9944092642021,745.495973297739,168.94955952793222,215.7112751851169,1507.466168570014,71.90132738584414,95.71686592091478,761.9701952722747,225.34622754744987,159.79145086761525,159.79145086761525,5999.719192504883,0.6706915202355306,21.61563382389879,0.0,0.0,0.0
classical,0.0,120.0,0.2,1.0,rayleigh,1.0,0.00032408593089047993,0.031112297319937907,532.0,810.0,809.0,655.2899999999507,0.85,0.0002754730412569079,80000.0,16000.0,16000.555068969727,1.2533886108234862,0.8456225176291585,2.1265800093040212,53.062476145352704,35.7996109763514,90.02922161606425,-,simple,0.6,0.018667378391962742,30000.0,6000.0,1.0,1e-06,1.0,1.0,0.0,0.0,0.0,0.0,0.0,0,1.5,psi4,4,96.96026538697714,119.83231629931899,744.473117969542,484.47398449097,648.6156528888462,5573.027527576998,387.51371910399286,528.7833365895272,4828.554409607456,655.6122590532619,-117.38545322517544,-117.38545322517544,,,,,,
quant_diff,0.0,120.0,0.2,1.0,rayleigh,1.0,0.00032408593089047993,0.031112297319937907,532.0,810.0,809.0,655.2899999999507,0.85,0.0002754730412569079,80000.0,16000.0,16000.555068969727,3593872285.2842793,0.6721000610835156,1.6870025149222052,187407219005043.97,35047.54575073014,87970.97522653823,diff,simple,0.6,0.018667378391962742,30000.0,6000.0,1.0,1e-06,1.0,1.0,0.0,0.0,0.0,0.0,0.0,0,1.5,psi4,4,96.96026538697714,119.83231629931899,744.473117969542,365474.1168972676,491436.6076169341,4261431.295854489,365377.1566318806,491316.7753006348,4260686.822736519,491429.79523738,27352.76309973917,27352.76309973917,6000.374557495117,nan,nan,0.0,0.0,0.0
hybrid_diff,0.0,120.0,0.2,1.0,rayleigh,1.0,0.00032408593089047993,0.031112297319937907,532.0,810.0,809.0,655.2899999999507,0.85,0.0002754730412569079,80000.0,16000.0,16000.555068969727,1.2533886108234862,0.8456225176291585,2.1265800093040212,53.062476145352704,35.7996109763514,90.02922161606425,diff,simple,0.6,0.018667378391962742,30000.0,6000.0,1.0,1e-06,1.0,1.0,0.0,0.0,0.0,0.0,0.0,0,1.5,psi4,4,96.96026538697714,119.83231629931899,744.473117969542,176504.51993274494,236334.58942578943,1813666.0469481684,176407.55966735794,236214.75710949008,1812921.573830199,236320.9343937167,80743.89560318802,80743.89560318802,6000.374557495117,0.6721000610835156,35047.54575073014,0.0,0.0,0.0
quant_noon2,0.0,120.0,0.2,1.0,rayleigh,1.0,0.00032408593089047993,0.031112297319937907,532.0,810.0,809.0,0.405,0.85,0.0002754730412569079,80000.0,16000.0,16000.555068969727,0.9947715191064808,0.6690214113321022,1.7102341650439135,32.060367913848125,21.5618080911836,55.118924795304295,noon2,simple,0.6,0.018667378391962742,30000.0,6000.0,1.0,1e-06,1.0,1.0,0.0,0.0,0.0,0.0,0.0,0,1.5,psi4,4,96.96026538697714,119.83231629931899,744.473117969542,309.86410450610384,405.0015472225148,3182.9082444734113,212.9038391191267,285.1692309231958,2438.4351265038695,403.5063335596298,-198.92796734231973,-198.92796734231973,6000.35627746582,nan,nan,0.0,0.0,0.0
hybrid_noon2,0.0,120.0,0.2,1.0,rayleigh,1.0,0.00032408593089047993,0.031112297319937907,532.0,810.0,809.0,0.405,0.85,0.0002754730412569079,80000.0,16000.0,16000.555068969727,1.2533886108234862,0.8456225176291585,2.1265800093040212,53.062476145352704,35.7996109763514,90.02922161606425,noon2,simple,0.6,0.018667378391962742,30000.0,6000.0,1.0,1e-06,1.0,1.0,0.0,0.0,0.0,0.0,0.0,0,1.5,psi4,4,96.96026538697714,119.83231629931899,744.473117969542,203.82826567913366,253.56292246399985,1560.5398499181847,106.86800029215651,133.73060616468086,816.0667319486427,253.33688654212474,-231.9522547299732,-231.9522547299732,6000.35627746582,0.6690214113321022,21.5618080911836,0.0,0.0,0.0
classical,0.0,120.0,0.2,1.0,rayleigh,1.0,0.00032408593089047993,0.031112297319937907,532.0,810.0,809.0,655.2899999999507,0.85,0.0002754730412569079,80000.0,16000.0,16000.02572631836,1500844731.4881892,0.8618698115826584,2.1980724952343933,63538584182.71982,36.487443656806114,93.05587136897681,-,simple,0.6,0.018667378391962742,30000.0,6000.0,1.0,1e-06,1.0,1.0,0.0,0.0,0.0,0.0,0.0,0,1.5,psi4,5,95.74794361810109,118.08213933387256,745.8719753672749,434.19098303637566,558.0709232275741,4181.617368952936,338.44303941827457,439.9887838937016,3435.745393585661,573.9473949439499,-429.0965636918008,-429.0965636918008,,,,,,
quant_diff,0.0,120.0,0.2,1.0,rayleigh,1.0,0.00032408593089047993,0.031112297319937907,532.0,810.0,809.0,655.2899999999507,0.85,0.0002754730412569079,80000.0,16000.0,16000.02572631836,0.9841503270384878,0.6698279150173936,1.6874358425894664,51319.819190124166,34929.061691858944,87993.57167031615,diff,simple,0.6,0.018667378391962742,30000.0,6000.0,1.0,1e-06,1.0,1.0,0.0,0.0,0.0,0.0,0.0,0,1.5,psi4,5,95.74794361810109,118.08213933387256,745.8719753672749,365586.06541783543,481867.38155181817,3574525.5305606243,365490.3174742173,481749.2994124843,3573779.658585257,481865.74445309315,611050.1204319089,611050.1204319089,5999.5963134765625,nan,nan,0.0,0.0,0.0
hybrid_diff,0.0,120.0,0.2,1.0,rayleigh,1.0,0.00032408593089047993,0.031112297319937907,532.0,810.0,809.0,655.2899999999507,0.85,0.0002754730412569079,80000.0,16000.0,16000.02572631836,1500844731.4881892,0.8618698115826584,2.1980724952343933,63538584182.71982,36.487443656806114,93.05587136897681,diff,simple,0.6,0.018667378391962742,30000.0,6000.0,1.0,1e-06,1.0,1.0,0.0,0.0,0.0,0.0,0.0,0,1.5,psi4,5,95.74794361810109,118.08213933387256,745.8719753672749,186719.313338785,241113.88326657546,1581610.8091033634,186623.5653951669,240995.8011272416,1580864.9371279962,241110.74546320137,539114.1208432999,539114.1208432999,5999.5963134765625,0.6698279150173936,34929.061691858944,0.0,0.0,0.0
quant_noon2,0.0,120.0,0.2,1.0,rayleigh,1.0,0.00032408593089047993,0.031112297319937907,532.0,810.0,809.0,0.405,0.85,0.0002754730412569079,80000.0,16000.0,16000.02572631836,0.9712622981798633,0.6714176927053179,1.6766895513494053,31.302692148309227,21.639037546364833,54.03781960087751,noon2,simple,0.6,0.018667378391962742,30000.0,6000.0,1.0,1e-06,1.0,1.0,0.0,0.0,0.0,0.0,0.0,0,1.5,psi4,5,95.74794361810109,118.08213933387256,745.8719753672749,279.2503657464989,369.90873149202383,3132.7087064994644,183.5024221283978,251.8265921581513,2386.83673113219,372.793983642331,383.71600353607965,383.71600353607965,6000.018692016602,nan,nan,0.0,0.0,0.0
hybrid_noon2,0.0,120.0,0.2,1.0,rayleigh,1.0,0.00032408593089047993,0.031112297319937907,532.0,810.0,809.0,0.405,0.85,0.0002754730412569079,80000.0,16000.0,16000.02572631836,1500844731.4881892,0.8618698115826584,2.1980724952343933,63538584182.71982,36.487443656806114,93.05587136897681,noon2,simple,0.6,0.018667378391962742,30000.0,6000.0,1.0,1e-06,1.0,1.0,0.0,0.0,0.0,0.0,0.0,0,1.5,psi4,5,95.74794361810109,118.08213933387256,745.8719753672749,170.19961707431418,212.37746207995636,1439.2195832154591,74.4516734562131,94.29532274608381,693.3476078481842,219.14896607833157,417.9830980665668,417.9830980665668,6000.018692016602,0.6714176927053179,21.639037546364833,0.0,0.0,0.0
classical,0.0,120.0,0.2,1.0,rayleigh,1.0,0.00032408593089047993,0.031112297319937907,532.0,810.0,809.0,655.2899999999507,0.85,0.0002754730412569079,80000.0,16000.0,15999.587890625,1.2167136860316563,0.8428257183049233,2.1691016420027984,51.5098353242266,35.681207876032765,91.82938407266892,-,simple,0.6,0.018667378391962742,30000.0,6000.0,1.0,1e-06,1.0,1.0,0.0,0.0,0.0,0.0,0.0,0,1.5,psi4,6,96.01236568438209,119.7178754827793,780.9562640821205,497.30365644731876,652.3037383292768,5385.75800177886,401.2912907629366,532.5858628464975,4604.801737696739,669.1734514016467,57.40745711043295,57.40745711043295,,,,,,
quant_diff,0.0,120.0,0.2,1.0,rayleigh,1.0,0.00032408593089047993,0.031112297319937907,532.0,810.0,809.0,655.2899999999507,0.85,0.0002754730412569079,80000.0,16000.0,15999.587890625,0.9788521240755108,0.6698747984605815,1.680358954559995,51043.537395948704,34931.50649095245,87624.53799311956,diff,simple,0.6,0.018667378391962742,30000.0,6000.0,1.0,1e-06,1.0,1.0,0.0,0.0,0.0,0.0,0.0,0,1.5,psi4,6,96.01236568438209,119.7178754827793,780.9562640821205,345361.8774732234,461322.33690300456,3742640.857226755,345265.86510753905,461202.6190275218,3741859.900962673,461320.96993438114,46816.20430903826,46816.20430903826,5999.783630371094,nan,nan,0.0,0.0,0.0
hybrid_diff,0.0,120.0,0.2,1.0,rayleigh,1.0,0.00032408593089047993,0.031112297319937907,532.0,810.0,809.0,655.2899999999507,0.85,0.0002754730412569079,80000.0,16000.0,15999.587890625,1.2167136860316563,0.8428257183049233,2.1691016420027984,51.5098353242266,35.681207876032765,91.82938407266892,diff,simple,0.6,0.018667378391962742,30000.0,6000.0,1.0,1e-06,1.0,1.0,0.0,0.0,0.0,0.0,0.0,0,1.5,psi4,6,96.01236568438209,119.7178754827793,780.9562640821205,154726.46511639658,211211.3501458686,1509922.3424787654,154630.4527507122,211091.63227038583,1509141.386214683,211208.80607775683,87248.60659872857,87248.60659872857,5999.783630371094,0.6698747984605815,34931.50649095245,0.0,0.0,0.0
quant_noon2,0.0,120.0,0.2,1.0,rayleigh,1.0,0.00032408593089047993,0.031112297319937907,532.0,810.0,809.0,0.405,0.85,0.0002754730412569079,80000.0,16000.0,15999.587890625,0.9806733651467279,0.6725250756678619,1.6786149582472472,31.606000258387162,21.674727254522715,54.0998733009916,noon2,simple,0.6,0.018667378391962742,30000.0,6000.0,1.0,1e-06,1.0,1.0,0.0,0.0,0.0,0.0,0.0,0,1.5,psi4,6,96.01236568438209,119.7178754827793,780.9562640821205,273.3164864368666,354.5406772227285,2944.5720020822387,177.30412075248452,234.8228017399492,2163.6157380001187,352.2943877227865,26.969313031866548,26.969313031866548,5999.772552490234,nan,nan,0.0,0.0,0.0
hybrid_noon2,0.0,120.0,0.2,1.0,rayleigh,1.0,0.00032408593089047993,0.031112297319937907,532.0,810.0,809.0,0.405,0.85,0.0002754730412569079,80000.0,16000.0,15999.587890625,1.2167136860316563,0.8428257183049233,2.1691016420027984,51.5098353242266,35.681207876032765,91.82938407266892,noon2,simple,0.6,0.018667378391962742,30000.0,6000.0,1.0,1e-06,1.0,1.0,0.0,0.0,0.0,0.0,0.0,0,1.5,psi4,6,96.01236568438209,119.7178754827793,780.9562640821205,156.01073354580987,194.6710937977176,1536.5142611329493,59.99836786142777,74.95321831493828,755.5579970508288,194.2254913105598,53.54506392105273,53.54506392105273,5999.772552490234,0.6725250756678619,21.674727254522715,0.0,0.0,0.0
classical,0.0,120.0,0.2,1.0,rayleigh,1.0,0.00032408593089047993,0.031112297319937907,532.0,810.0,809.0,655.2899999999507,0.85,0.0002754730412569079,80000.0,16000.0,16000.224716186523,1.2585541074788065,0.852932825599619,2.2305994196656713,53.28115855612692,36.10909443499149,94.43290570358947,-,simple,0.6,0.018667378391962742,30000.0,6000.0,1.0,1e-06,1.0,1.0,0.0,0.0,0.0,0.0,0.0,0,1.5,psi4,7,96.15500218498953,119.449186226617,739.8179515055392,485.1273655204112,626.2516042015097,4522.895067845879,388.9723633354217,506.8024179748927,3783.077116340339,629.4622988289948,-661.5248984531622,-661.5248984531622,,,,,,
quant_diff,0.0,120.0,0.2,1.0,rayleigh,1.0,0.00032408593089047993,0.031112297319937907,532.0,810.0,809.0,655.2899999999507,0.85,0.0002754730412569079,80000.0,16000.0,16000.224716186523,0.9697846725765993,0.6715677510992217,1.6618684181984646,50570.70315644826,35019.78774324233,86660.32454245935,diff,simple,0.6,0.018667378391962742,30000.0,6000.0,1.0,1e-06,1.0,1.0,0.0,0.0,0.0,0.0,0.0,0,1.5,psi4,7,96.15500218498953,119.449186226617,739.8179515055392,333591.63216608745,456089.61562081694,4105839.969151716,333495.4771639025,455970.1664345903,4105100.1512002107,456088.9756745992,-65568.48825017491,-65568.48825017491,6000.1461181640625,nan,nan,0.0,0.0,0.0
hybrid_diff,0.0,120.0,0.2,1.0,rayleigh,1.0,0.00032408593089047993,0.031112297319937907,532.0,810.0,809.0,655.2899999999507,0.85,0.0002754730412569079,80000.0,16000.0,16000.224716186523,1.2585541074788065,0.852932825599619,2.2305994196656713,53.28115855612692,36.10909443499149,94.43290570358947,diff,simple,0.6,0.018667378391962742,30000.0,6000.0,1.0,1e-06,1.0,1.0,0.0,0.0,0.0,0.0,0.0,0,1.5,psi4,7,96.15500218498953,119.449186226617,739.8179515055392,151408.7087143782,196385.2396048283,1390149.1650017248,151312.5537121932,196265.79041860165,1389409.347050219,196383.87685251815,-176901.12502440828,-176901.12502440828,6000.1461181640625,0.6715677510992217,35019.78774324233,0.0,0.0,0.0
quant_noon2,0.0,120.0,0.2,1.0,rayleigh,1.0,0.00032408593089047993,0.031112297319937907,532.0,810.0,809.0,0.405,0.85,0.0002754730412569079,80000.0,16000.0,16000.224716186523,3570917370.02397,0.6706263674875147,1.6598168504821436,115086653039.4352,21.613534024063483,53.49403141724454,noon2,simple,0.6,0.018667378391962742,30000.0,6000.0,1.0,1e-06,1.0,1.0,0.0,0.0,0.0,0.0,0.0,0,1.5,psi4,7,96.15500218498953,119.449186226617,739.8179515055392,274.76739736377965,353.07416189010166,2426.5875944265495,178.6123951787901,233.62497566348463,1686.7696429210102,354.5569014990227,-98.24273800723373,-98.24273800723373,6000.202789306641,nan,nan,0.0,0.0,0.0
hybrid_noon2,0.0,120.0,0.2,1.0,rayleigh,1.0,0.00032408593089047993,0.031112297319937907,532.0,810.0,809.0,0.405,0.85,0.0002754730412569079,80000.0,16000.0,16000.224716186523,1.2585541074788065,0.852932825599619,2.2305994196656713,53.28115855612692,36.10909443499149,94.43290570358947,noon2,simple,0.6,0.018667378391962742,30000.0,6000.0,1.0,1e-06,1.0,1.0,0.0,0.0,0.0,0.0,0.0,0,1.5,psi4,7,96.15500218498953,119.449186226617,739.8179515055392,150.45025760754746,186.54507201725525,1217.7747799873237,54.295255422557936,67.09588579063825,477.9568284817845,192.7915510528682,-110.69208923204262,-110.69208923204262,6000.202789306641,0.6706263674875147,21.613534024063483,0.0,0.0,0.0
classical,0.0,120.0,0.2,1.0,rayleigh,1.0,0.00032408593089047993,0.031112297319937907,532.0,810.0,809.0,655.2899999999507,0.85,0.0002754730412569079,80000.0,16000.0,15999.549392700195,1.255423787334487,0.8519714511060512,2.1306033494407046,53.14863578022892,36.06839443924302,90.19955058521545,-,simple,0.6,0.018667378391962742,30000.0,6000.0,1.0,1e-06,1.0,1.0,0.0,0.0,0.0,0.0,0.0,0,1.5,psi4,8,94.29474683944132,118.45135546293277,815.2161837223413,458.08277993948445,590.0469286683877,4116.572756019262,363.7880331000432,471.5955732054549,3301.3565722969206,612.304538459037,-759.1982512146317,-759.1982512146317,,,,,,
quant_diff,0.0,120.0,0.2,1.0,rayleigh,1.0,0.00032408593089047993,0.031112297319937907,532.0,810.0,809.0,655.2899999999507,0.85,0.0002754730412569079,80000.0,16000.0,15999.549392700195,0.9875418504313387,0.6728701688563203,1.7010815907271004,51496.674658763746,35087.704038109034,88705.14723748043,diff,simple,0.6,0.018667378391962742,30000.0,6000.0,1.0,1e-06,1.0,1.0,0.0,0.0,0.0,0.0,0.0,0,1.5,psi4,8,94.29474683944132,118.45135546293277,815.2161837223413,351555.18045910134,459243.2213334984,3451932.988911023,351460.88571226195,459124.7699780355,3451117.7727273004,459245.6367951666,-246361.81436628406,-246361.81436628406,5999.755111694336,nan,nan,0.0,0.0,0.0
hybrid_diff,0.0,120.0,0.2,1.0,rayleigh,1.0,0.00032408593089047993,0.031112297319937907,532.0,810.0,809.0,655.2899999999507,0.85,0.0002754730412569079,80000.0,16000.0,15999.549392700195,1.255423787334487,0.8519714511060512,2.1306033494407046,53.14863578022892,36.06839443924302,90.19955058521545,diff,simple,0.6,0.018667378391962742,30000.0,6000.0,1.0,1e-06,1.0,1.0,0.0,0.0,0.0,0.0,0.0,0,1.5,psi4,8,94.29474683944132,118.45135546293277,815.2161837223413,177160.4822340347,218184.67061100356,1244774.5675348279,177066.18748719525,218066.21925554064,1243959.3513511056,218189.39449012367,-135016.17037958803,-135016.17037958803,5999.755111694336,0.6728701688563203,35087.704038109034,0.0,0.0,0.0
quant_noon2,0.0,120.0,0.2,1.0,rayleigh,1.0,0.00032408593089047993,0.031112297319937907,532.0,810.0,809.0,0.405,0.85,0.0002754730412569079,80000.0,16000.0,15999.549392700195,0.9583003756937682,0.6708162602650101,1.6513359065170048,30.884943956092936,21.619654054838136,53.220700126031765,noon2,simple,0.6,0.018667378391962742,30000.0,6000.0,1.0,1e-06,1.0,1.0,0.0,0.0,0.0,0.0,0.0,0,1.5,psi4,8,94.29474683944132,118.45135546293277,815.2161837223413,274.9376721960336,348.04480123754274,2555.1583738472964,180.6429253565923,229.59344577460996,1739.9421901249555,354.2249629993435,-408.0730137150013,-408.0730137150013,5999.729736328125,nan,nan,0.0,0.0,0.0
hybrid_noon2,0.0,120.0,0.2,1.0,rayleigh,1.0,0.00032408593089047993,0.031112297319937907,532.0,810.0,809.0,0.405,0.85,0.0002754730412569079,80000.0,16000.0,15999.549392700195,1.255423787334487,0.8519714511060512,2.1306033494407046,53.14863578022892,36.06839443924302,90.19955058521545,noon2,simple,0.6,0.018667378391962742,30000.0,6000.0,1.0,1e-06,1.0,1.0,0.0,0.0,0.0,0.0,0.0,0,1.5,psi4,8,94.29474683944132,118.45135546293277,815.2161837223413,152.24861864714947,191.14741100636468,1356.152681921144,57.95387180770816,72.69605554343191,540.9364981988027,204.80074835264924,-417.6283324107103,-417.6283324107103,5999.729736328125,0.6708162602650101,21.619654054838136,0.0,0.0,0.0
classical,0.0,120.0,0.2,1.0,rayleigh,1.0,0.00032408593089047993,0.031112297319937907,532.0,810.0,809.0,655.2899999999507,0.85,0.0002754730412569079,80000.0,16000.0,15999.82421875,1.2374817926326132,0.8434977559950227,2.1503601758962887,52.38905757946425,35.70965873603879,91.03596007821261,-,simple,0.6,0.018667378391962742,30000.0,6000.0,1.0,1e-06,1.0,1.0,0.0,0.0,0.0,0.0,0.0,0,1.5,psi4,9,95.3796640743008,119.0024155845554,873.2478155983046,482.6507323245309,622.2759330748556,4673.368203195854,387.2710682502301,503.2735174903002,3800.12038759755,628.4778432681981,-425.3692717813446,-425.3692717813446,,,,,,
quant_diff,0.0,120.0,0.2,1.0,rayleigh,1.0,0.00032408593089047993,0.031112297319937907,532.0,810.0,809.0,655.2899999999507,0.85,0.0002754730412569079,80000.0,16000.0,15999.82421875,3573583924.273004,0.6784888841525795,1.6962901839762052,186349255612504.44,35380.69937140584,88455.2930014287,diff,simple,0.6,0.018667378391962742,30000.0,6000.0,1.0,1e-06,1.0,1.0,0.0,0.0,0.0,0.0,0.0,0,1.5,psi4,9,95.3796640743008,119.0024155845554,873.2478155983046,291779.41338669986,402895.1019172633,2851469.8797999625,291684.0337226256,402776.09950167866,2850596.6319843647,402894.77718621795,-21575.30722202681,-21575.30722202681,5999.897277832031,nan,nan,0.0,0.0,0.0
hybrid_diff,0.0,120.0,0.2,1.0,rayleigh,1.0,0.00032408593089047993,0.031112297319937907,532.0,810.0,809.0,655.2899999999507,0.85,0.0002754730412569079,80000.0,16000.0,15999.82421875,1.2374817926326132,0.8434977559950227,2.1503601758962887,52.38905757946425,35.70965873603879,91.03596007821261,diff,simple,0.6,0.018667378391962742,30000.0,6000.0,1.0,1e-06,1.0,1.0,0.0,0.0,0.0,0.0,0.0,0,1.5,psi4,9,95.3796640743008,119.0024155845554,873.2478155983046,141511.91781394818,186046.05669473327,1402212.48830204,141416.5381498739,185927.0542791487,1401339.2404864416,186045.78761184769,-63264.73473212859,-63264.73473212859,5999.897277832031,0.6784888841525795,35380.69937140584,0.0,0.0,0.0
quant_noon2,0.0,120.0,0.2,1.0,rayleigh,1.0,0.00032408593089047993,0.031112297319937907,532.0,810.0,809.0,0.405,0.85,0.0002754730412569079,80000.0,16000.0,15999.82421875,0.9819508718949778,0.6690513831771014,1.7055099406920113,31.64717286493515,21.562774050058856,54.966668354583526,noon2,simple,0.6,0.018667378391962742,30000.0,6000.0,1.0,1e-06,1.0,1.0,0.0,0.0,0.0,0.0,0.0,0,1.5,psi4,9,95.3796640743008,119.0024155845554,873.2478155983046,336.91035857274363,434.2008788584224,3439.682607797138,241.5306944984429,315.19846327386705,2566.4347921988333,438.5606429635083,198.79639109520357,198.79639109520357,5999.869827270508,nan,nan,0.0,0.0,0.0
hybrid_noon2,0.0,120.0,0.2,1.0,rayleigh,1.0,0.00032408593089047993,0.031112297319937907,532.0,810.0,809.0,0.405,0.85,0.0002754730412569079,80000.0,16000.0,15999.82421875,1.2374817926326132,0.8434977559950227,2.1503601758962887,52.38905757946425,35.70965873603879,91.03596007821261,noon2,simple,0.6,0.018667378391962742,30000.0,6000.0,1.0,1e-06,1.0,1.0,0.0,0.0,0.0,0.0,0.0,0,1.5,psi4,9,95.3796640743008,119.0024155845554,873.2478155983046,249.4560241602684,298.8924697107639,1798.3442331123294,154.07636008596762,179.89005412620853,925.096417514025,307.2820915894162,126.96024418508539,126.96024418508539,5999.869827270508,0.6690513831771014,21.562774050058856,0.0,0.0,0.0
classical,0.0,120.0,0.2,0.7,rayleigh,1.0,0.00032408593089047993,0.031112297319937907,532.0,810.0,809.0,655.2899999999507,0.85,0.00019283112887983554,80000.0,16000.0,15999.254425048828,1.2452364978190826,0.8495558422093732,2.1717611167434114,52.71735468972835,35.966129117578525,91.94197350723401,-,simple,0.6,0.01306716487437392,30000.0,6000.0,1.0,1e-06,1.0,1.0,0.0,0.0,0.0,0.0,0.0,0,1.5,psi4,0,96.7833604878387,119.6801476249574,817.898863273828,525.8716452976145,695.7850127212137,5643.831993390987,429.0882848097757,576.1048650962563,4825.933130117159,697.2095128976987,359.19900276590346,359.19900276590346,,,,,,
quant_diff,0.0,120.0,0.2,0.7,rayleigh,1.0,0.00032408593089047993,0.031112297319937907,532.0,810.0,809.0,655.2899999999507,0.85,0.00019283112887983554,80000.0,16000.0,15999.254425048828,1.0805762893732709,0.7439002408185179,1.8560766439156966,56348.07840652461,38791.660994695936,96787.56908551115,diff,simple,0.6,0.01306716487437392,30000.0,6000.0,1.0,1e-06,1.0,1.0,0.0,0.0,0.0,0.0,0.0,0,1.5,psi4,0,96.7833604878387,119.6801476249574,817.898863273828,488312.32291644387,647452.8299178283,4928081.485429049,488215.539555956,647333.1497702033,4927263.586565775,647452.2061700426,800928.2041724025,800928.2041724025,5999.604187011719,nan,nan,0.0,0.0,0.0
hybrid_diff,0.0,120.0,0.2,0.7,rayleigh,1.0,0.00032408593089047993,0.031112297319937907,532.0,810.0,809.0,655.2899999999507,0.85,0.00019283112887983554,80000.0,16000.0,15999.254425048828,1.2452364978190826,0.8495558422093732,2.1717611167434114,52.71735468972835,35.966129117578525,91.94197350723401,diff,simple,0.6,0.01306716487437392,30000.0,6000.0,1.0,1e-06,1.0,1.0,0.0,0.0,0.0,0.0,0.0,0,1.5,psi4,0,96.7833604878387,119.6801476249574,817.898863273828,256649.37578416432,331715.1349976275,2057350.5642692263,256552.59242367648,331595.45485000254,2056532.6654059524,331713.8406870756,715541.1221397882,715541.1221397882,5999.604187011719,0.7439002408185179,38791.660994695936,0.0,0.0,0.0
quant_noon2,0.0,120.0,0.2,0.7,rayleigh,1.0,0.00032408593089047993,0.031112297319937907,532.0,810.0,809.0,0.405,0.85,0.00019283112887983554,80000.0,16000.0,15999.254425048828,1.0976041220136072,0.7549909181793479,1.9227910522298086,35.37454711924235,24.33250866509072,61.969394350286265,noon2,simple,0.6,0.01306716487437392,30000.0,6000.0,1.0,1e-06,1.0,1.0,0.0,0.0,0.0,0.0,0.0,0,1.5,psi4,0,96.7833604878387,119.6801476249574,817.898863273828,328.36551445312574,436.7031933217805,3530.819506222133,231.582153965287,317.0230456968231,2712.920642948305,444.68205506591937,-204.74712208404728,-204.74712208404728,5999.594009399414,nan,nan,0.0,0.0,0.0
hybrid_noon2,0.0,120.0,0.2,0.7,rayleigh,1.0,0.00032408593089047993,0.031112297319937907,532.0,810.0,809.0,0.405,0.85,0.00019283112887983554,80000.0,16000.0,15999.254425048828,1.2452364978190826,0.8495558422093732,2.1717611167434114,52.71735468972835,35.966129117578525,91.94197350723401,noon2,simple,0.6,0.01306716487437392,30000.0,6000.0,1.0,1e-06,1.0,1.0,0.0,0.0,0.0,0.0,0.0,0,1.5,psi4,0,96.7833604878387,119.6801476249574,817.898863273828,158.32700584813696,198.91432452925446,1470.591720919326,61.54364536029824,79.23417690429707,652.692857645498,216.72699335032365,-201.81294323134074,-201.81294323134074,5999.594009399414,0.7549909181793479,24.33250866509072,0.0,0.0,0.0
classical,0.0,120.0,0.2,0.7,rayleigh,1.0,0.00032408593089047993,0.031112297319937907,532.0,810.0,809.0,655.2899999999507,0.85,0.00019283112887983554,80000.0,16000.0,16000.577255249023,1.2436475932376096,0.8457617103606536,2.1557919979728104,52.65008807287577,35.80550373054655,91.26591743291672,-,simple,0.6,0.01306716487437392,30000.0,6000.0,1.0,1e-06,1.0,1.0,0.0,0.0,0.0,0.0,0.0,0,1.5,psi4,1,95.18311390572963,119.8980061729993,841.2402447957372,493.22670719122203,677.1856814617315,6212.946769287631,398.0435932854924,557.2876752887322,5371.706524491893,686.6711587595065,-568.3755866092289,-568.3755866092289,,,,,,
quant_diff,0.0,120.0,0.2,0.7,rayleigh,1.0,0.00032408593089047993,0.031112297319937907,532.0,810.0,809.0,655.2899999999507,0.85,0.00019283112887983554,80000.0,16000.0,16000.577255249023,1.1158354457113955,0.7497070988561079,1.9254927305551455,58186.713702733905,39094.467279837976,100407.36264483715,diff,simple,0.6,0.01306716487437392,30000.0,6000.0,1.0,1e-06,1.0,1.0,0.0,0.0,0.0,0.0,0.0,0,1.5,psi4,1,95.18311390572963,119.8980061729993,841.2402447957372,476718.1618385937,621756.5457025032,4184354.8699806686,476622.978724688,621636.6476963301,4183513.6297358726,621754.0940726094,-383057.4937619475,-383057.4937619475,6000.411422729492,nan,nan,0.0,0.0,0.0
hybrid_diff,0.0,120.0,0.2,0.7,rayleigh,1.0,0.00032408593089047993,0.031112297319937907,532.0,810.0,809.0,655.2899999999507,0.85,0.00019283112887983554,80000.0,16000.0,16000.577255249023,1.2436475932376096,0.8457617103606536,2.1557919979728104,52.65008807287577,35.80550373054655,91.26591743291672,diff,simple,0.6,0.01306716487437392,30000.0,6000.0,1.0,1e-06,1.0,1.0,0.0,0.0,0.0,0.0,0.0,0,1.5,psi4,1,95.18311390572963,119.8980061729993,841.2402447957372,221284.61940132774,278823.8656167938,1677334.9858100181,221189.43628742202,278703.96761062084,1676493.7455652223,278818.88819147524,-419203.5681971903,-419203.5681971903,6000.411422729492,0.7497070988561079,39094.467279837976,0.0,0.0,0.0
quant_noon2,0.0,120.0,0.2,0.7,rayleigh,1.0,0.00032408593089047993,0.031112297319937907,532.0,810.0,809.0,0.405,0.85,0.00019283112887983554,80000.0,16000.0,16000.577255249023,1.082072777592698,0.7553189532925153,1.9027865939567423,34.87398934615864,24.343080868068803,61.32467314563436,noon2,simple,0.6,0.01306716487437392,30000.0,6000.0,1.0,1e-06,1.0,1.0,0.0,0.0,0.0,0.0,0.0,0,1.5,psi4,1,95.18311390572963,119.8980061729993,841.2402447957372,327.765805141802,422.78207443967233,3706.580990104463,232.58269123607238,302.884068266673,2865.340745308726,427.2675215398069,-35.219990316400896,-35.219990316400896,6000.464096069336,nan,nan,0.0,0.0,0.0
hybrid_noon2,0.0,120.0,0.2,0.7,rayleigh,1.0,0.00032408593089047993,0.031112297319937907,532.0,810.0,809.0,0.405,0.85,0.00019283112887983554,80000.0,16000.0,16000.577255249023,1.2436475932376096,0.8457617103606536,2.1557919979728104,52.65008807287577,35.80550373054655,91.26591743291672,noon2,simple,0.6,0.01306716487437392,30000.0,6000.0,1.0,1e-06,1.0,1.0,0.0,0.0,0.0,0.0,0.0,0,1.5,psi4,1,95.18311390572963,119.8980061729993,841.2402447957372,184.07408767028667,234.98953765783676,1930.6518298328897,88.89097376455703,115.09153148483745,1089.4115850371525,244.80204689809335,-43.012608138432036,-43.012608138432036,6000.464096069336,0.7553189532925153,24.343080868068803,0.0,0.0,0.0
classical,0.0,120.0,0.2,0.7,rayleigh,1.0,0.00032408593089047993,0.031112297319937907,532.0,810.0,809.0,655.2899999999507,0.85,0.00019283112887983554,80000.0,16000.0,16000.8125,1.235563619957105,0.8504576920974374,2.1754308316038533,52.30785132710335,36.004309126363395,92.09733167433471,-,simple,0.6,0.01306716487437392,30000.0,6000.0,1.0,1e-06,1.0,1.0,0.0,0.0,0.0,0.0,0.0,0,1.5,psi4,2,96.51777969367707,119.53271280812871,763.7758234360563,541.2447365189764,722.3681373414043,6332.246717969352,444.72695682529934,602.8354245332757,5568.470894533296,731.1836142009583,954.4264985797294,954.4264985797294,,,,,,
quant_diff,0.0,120.0,0.2,0.7,rayleigh,1.0,0.00032408593089047993,0.031112297319937907,532.0,810.0,809.0,655.2899999999507,0.85,0.00019283112887983554,80000.0,16000.0,16000.8125,1.1070485745294878,0.7536924928035238,1.9293245970977027,57728.51069460262,39302.29091324394,100607.1803888565,diff,simple,0.6,0.01306716487437392,30000.0,6000.0,1.0,1e-06,1.0,1.0,0.0,0.0,0.0,0.0,0.0,0,1.5,psi4,2,96.51777969367707,119.53271280812871,763.7758234360563,527756.8748705338,691236.6847414561,5749815.522897531,527660.3570908402,691117.152028648,5749051.7470740955,691237.0129436858,373862.5562513907,373862.5562513907,5999.974136352539,nan,nan,0.0,0.0,0.0
hybrid_diff,0.0,120.0,0.2,0.7,rayleigh,1.0,0.00032408593089047993,0.031112297319937907,532.0,810.0,809.0,655.2899999999507,0.85,0.00019283112887983554,80000.0,16000.0,16000.8125,1.235563619957105,0.8504576920974374,2.1754308316038533,52.30785132710335,36.004309126363395,92.09733167433471,diff,simple,0.6,0.01306716487437392,30000.0,6000.0,1.0,1e-06,1.0,1.0,0.0,0.0,0.0,0.0,0.0,0,1.5,psi4,2,96.51777969367707,119.53271280812871,763.7758234360563,295525.24157541816,363739.10873664793,2764100.0672891825,295428.72379572445,363619.57602383976,2763336.2914657462,363739.59132703743,456230.4010188869,456230.4010188869,5999.974136352539,0.7536924928035238,39302.29091324394,0.0,0.0,0.0
quant_noon2,0.0,120.0,0.2,0.7,rayleigh,1.0,0.00032408593089047993,0.031112297319937907,532.0,810.0,809.0,0.405,0.85,0.00019283112887983554,80000.0,16000.0,16000.8125,1.0906816746654975,0.7440633618571043,1.8838640211876436,35.151444422208975,23.980325807659185,60.71481989471019,noon2,simple,0.6,0.01306716487437392,30000.0,6000.0,1.0,1e-06,1.0,1.0,0.0,0.0,0.0,0.0,0.0,0,1.5,psi4,2,96.51777969367707,119.53271280812871,763.7758234360563,334.235945507536,426.8196090690889,3366.9660933514856,237.71816581385892,307.28689626096025,2603.1902699154293,432.9581489021164,613.2477403852603,613.2477403852603,5999.980422973633,nan,nan,0.0,0.0,0.0
hybrid_noon2,0.0,120.0,0.2,0.7,rayleigh,1.0,0.00032408593089047993,0.031112297319937907,532.0,810.0,809.0,0.405,0.85,0.00019283112887983554,80000.0,16000.0,16000.8125,1.235563619957105,0.8504576920974374,2.1754308316038533,52.30785132710335,36.004309126363395,92.09733167433471,noon2,simple,0.6,0.01306716487437392,30000.0,6000.0,1.0,1e-06,1.0,1.0,0.0,0.0,0.0,0.0,0.0,0,1.5,psi4,2,96.51777969367707,119.53271280812871,763.7758234360563,177.35754234040368,230.0918103967439,1917.8504259783924,80.83976264672663,110.5590975886152,1154.0746025423362,242.46318364251422,583.2560261394655,583.2560261394655,5999.980422973633,0.7440633618571043,23.980325807659185,0.0,0.0,0.0
classical,0.0,120.0,0.2,0.7,rayleigh,1.0,0.00032408593089047993,0.031112297319937907,532.0,810.0,809.0,655.2899999999507,0.85,0.00019283112887983554,80000.0,16000.0,15999.537338256836,1.2647369121755476,0.846058637800105,2.2377850233629153,53.542908921415986,35.81807421749427,94.73710978002866,-,simple,0.6,0.01306716487437392,30000.0,6000.0,1.0,1e-06,1.0,1.0,0.0,0.0,0.0,0.0,0.0,0,1.5,psi4,3,97.04823214208807,119.9944092642021,745.495973297739,495.54768684504023,635.6064952826713,4458.131919193629,398.49945470295216,515.6120860184691,3712.63594589589,647.6714129927275,32.79124943849768,32.79124943849768,,,,,,
quant_diff,0.0,120.0,0.2,0.7,rayleigh,1.0,0.00032408593089047993,0.031112297319937907,532.0,810.0,809.0,655.2899999999507,0.85,0.00019283112887983554,80000.0,16000.0,15999.537338256836,1.0911194540901652,0.7494972418377737,1.9047395363672963,56897.86566167994,39083.5240083267,99325.15991210738,diff,simple,0.6,0.01306716487437392,30000.0,6000.0,1.0,1e-06,1.0,1.0,0.0,0.0,0.0,0.0,0.0,0,1.5,psi4,3,97.04823214208807,119.9944092642021,745.495973297739,542668.0445786673,694720.3874684173,4953529.0248737885,542570.9963465251,694600.3930591531,4952783.528900491,694716.8421622525,41959.73036489286,41959.73036489286,5999.714324951172,nan,nan,0.0,0.0,0.0
hybrid_diff,0.0,120.0,0.2,0.7,rayleigh,1.0,0.00032408593089047993,0.031112297319937907,532.0,810.0,809.0,655.2899999999507,0.85,0.00019283112887983554,80000.0,16000.0,15999.537338256836,1.2647369121755476,0.846058637800105,2.2377850233629153,53.542908921415986,35.81807421749427,94.73710978002866,diff,simple,0.6,0.01306716487437392,30000.0,6000.0,1.0,1e-06,1.0,1.0,0.0,0.0,0.0,0.0,0.0,0,1.5,psi4,3,97.04823214208807,119.9944092642021,745.495973297739,339031.96742015897,401492.56428490253,2312097.7723942692,338934.91918801685,401372.5698756383,2311352.2764209714,401486.2538505499,174175.80624440333,174175.80624440333,5999.714324951172,0.7494972418377737,39083.5240083267,0.0,0.0,0.0
quant_noon2,0.0,120.0,0.2,0.7,rayleigh,1.0,0.00032408593089047993,0.031112297319937907,532.0,810.0,809.0,0.405,0.85,0.00019283112887983554,80000.0,16000.0,15999.537338256836,1.0870523374623446,0.7496746502799996,1.8851697709590005,35.03447496361309,24.16117132630685,60.756902742147076,noon2,simple,0.6,0.01306716487437392,30000.0,6000.0,1.0,1e-06,1.0,1.0,0.0,0.0,0.0,0.0,0.0,0,1.5,psi4,3,97.04823214208807,119.9944092642021,745.495973297739,313.0768730948924,401.88914879334806,3058.969560063817,216.02864095280432,281.8947395291459,2313.4735867660784,413.5918398942354,-515.6422025322042,-515.6422025322042,5999.7203369140625,nan,nan,0.0,0.0,0.0
hybrid_noon2,0.0,120.0,0.2,0.7,rayleigh,1.0,0.00032408593089047993,0.031112297319937907,532.0,810.0,809.0,0.405,0.85,0.00019283112887983554,80000.0,16000.0,15999.537338256836,1.2647369121755476,0.846058637800105,2.2377850233629153,53.542908921415986,35.81807421749427,94.73710978002866,noon2,simple,0.6,0.01306716487437392,30000.0,6000.0,1.0,1e-06,1.0,1.0,0.0,0.0,0.0,0.0,0.0,0,1.5,psi4,3,97.04823214208807,119.9944092642021,745.495973297739,155.61065928395604,194.1608646188115,1319.9548078269818,58.56242714186798,74.1664553546094,574.4588345292426,218.49845615327519,-514.0932520738401,-514.0932520738401,5999.7203369140625,0.7496746502799996,24.16117132630685,0.0,0.0,0.0
classical,0.0,120.0,0.2,0.7,rayleigh,1.0,0.00032408593089047993,0.031112297319937907,532.0,810.0,809.0,655.2899999999507,0.85,0.00019283112887983554,80000.0,16000.0,16000.577682495117,1501293543.4290402,0.8547176710685851,2.178586696765447,63557584732.66857,36.18465625141643,92.23093590402769,-,simple,0.6,0.01306716487437392,30000.0,6000.0,1.0,1e-06,1.0,1.0,0.0,0.0,0.0,0.0,0.0,0,1.5,psi4,4,96.96026538697714,119.83231629931899,744.473117969542,462.03437727208683,605.9424569923565,5091.981305451502,365.07411188510974,486.1101406930374,4347.50818748196,615.5378288988542,-396.9884995210942,-396.9884995210942,,,,,,
quant_diff,0.0,120.0,0.2,0.7,rayleigh,1.0,0.00032408593089047993,0.031112297319937907,532.0,810.0,809.0,655.2899999999507,0.85,0.00019283112887983554,80000.0,16000.0,16000.577682495117,1.126402689952017,0.7527754912872622,1.9110896722142148,58737.756616470964,39254.47265751746,99656.29613646575,diff,simple,0.6,0.01306716487437392,30000.0,6000.0,1.0,1e-06,1.0,1.0,0.0,0.0,0.0,0.0,0.0,0,1.5,psi4,4,96.96026538697714,119.83231629931899,744.473117969542,450342.4706169719,592808.2634206511,5209383.407889562,450245.5103515849,592688.4311043518,5208638.934771593,592811.3997009355,-602438.932857515,-602438.932857515,6000.380111694336,nan,nan,0.0,0.0,0.0
hybrid_diff,0.0,120.0,0.2,0.7,rayleigh,1.0,0.00032408593089047993,0.031112297319937907,532.0,810.0,809.0,655.2899999999507,0.85,0.00019283112887983554,80000.0,16000.0,16000.577682495117,1501293543.4290402,0.8547176710685851,2.178586696765447,63557584732.66857,36.18465625141643,92.23093590402769,diff,simple,0.6,0.01306716487437392,30000.0,6000.0,1.0,1e-06,1.0,1.0,0.0,0.0,0.0,0.0,0.0,0,1.5,psi4,4,96.96026538697714,119.83231629931899,744.473117969542,218993.42487806894,275609.70285253023,1955416.2263677733,218896.46461268197,275489.87053623097,1954671.7532498036,275614.96783572057,-563155.8356459644,-563155.8356459644,6000.380111694336,0.7527754912872622,39254.47265751746,0.0,0.0,0.0
quant_noon2,0.0,120.0,0.2,0.7,rayleigh,1.0,0.00032408593089047993,0.031112297319937907,532.0,810.0,809.0,0.405,0.85,0.00019283112887983554,80000.0,16000.0,16000.577682495117,1.1061540743247056,0.7560287960902712,1.9258726588106285,35.650102471878384,24.365958303560205,62.06871106658666,noon2,simple,0.6,0.01306716487437392,30000.0,6000.0,1.0,1e-06,1.0,1.0,0.0,0.0,0.0,0.0,0.0,0,1.5,psi4,4,96.96026538697714,119.83231629931899,744.473117969542,315.5246818890303,424.13985063955505,3770.838933276528,218.56441650205318,304.3075343402361,3026.3658153069864,430.79969374227943,-108.08297807735883,-108.08297807735883,6000.377136230469,nan,nan,0.0,0.0,0.0
hybrid_noon2,0.0,120.0,0.2,0.7,rayleigh,1.0,0.00032408593089047993,0.031112297319937907,532.0,810.0,809.0,0.405,0.85,0.00019283112887983554,80000.0,16000.0,16000.577682495117,1501293543.4290402,0.8547176710685851,2.178586696765447,63557584732.66857,36.18465625141643,92.23093590402769,noon2,simple,0.6,0.01306716487437392,30000.0,6000.0,1.0,1e-06,1.0,1.0,0.0,0.0,0.0,0.0,0.0,0,1.5,psi4,4,96.96026538697714,119.83231629931899,744.473117969542,139.81650006948948,177.52292127364473,1369.4544356578094,42.85623468251234,57.69060497432572,624.9813176882673,195.54921371162803,-141.17545238285763,-141.17545238285763,6000.377136230469,0.7560287960902712,24.365958303560205,0.0,0.0,0.0
classical,0.0,120.0,0.2,0.7,rayleigh,1.0,0.00032408593089047993,0.031112297319937907,532.0,810.0,809.0,655.2899999999507,0.85,0.00019283112887983554,80000.0,16000.0,16000.022018432617,1.2348171317703516,0.845176592147783,2.1999221910807325,52.276248589324865,35.78073262528473,93.13417864006175,-,simple,0.6,0.01306716487437392,30000.0,6000.0,1.0,1e-06,1.0,1.0,0.0,0.0,0.0,0.0,0.0,0,1.5,psi4,5,95.74794361810109,118.08213933387256,745.8719753672749,549.477839055908,700.7592825409813,4990.677939599672,453.729895437807,582.6771432071088,4244.805964232398,719.5562044797613,856.7757911799491,856.7757911799491,,,,,,
quant_diff,0.0,120.0,0.2,0.7,rayleigh,1.0,0.00032408593089047993,0.031112297319937907,532.0,810.0,809.0,655.2899999999507,0.85,0.00019283112887983554,80000.0,16000.0,16000.022018432617,1.1104354097758788,0.7546768719056636,1.9488724723177435,57905.121693650464,39353.622662213995,101626.53017138659,diff,simple,0.6,0.01306716487437392,30000.0,6000.0,1.0,1e-06,1.0,1.0,0.0,0.0,0.0,0.0,0.0,0,1.5,psi4,5,95.74794361810109,118.08213933387256,745.8719753672749,512661.07892732753,656532.6824426011,4942268.3288768055,512565.33098370937,656414.6003032671,4941522.456901438,656528.3011985143,-216789.85644594347,-216789.85644594347,6000.016677856445,nan,nan,0.0,0.0,0.0
hybrid_diff,0.0,120.0,0.2,0.7,rayleigh,1.0,0.00032408593089047993,0.031112297319937907,532.0,810.0,809.0,655.2899999999507,0.85,0.00019283112887983554,80000.0,16000.0,16000.022018432617,1.2348171317703516,0.845176592147783,2.1999221910807325,52.276248589324865,35.78073262528473,93.13417864006175,diff,simple,0.6,0.01306716487437392,30000.0,6000.0,1.0,1e-06,1.0,1.0,0.0,0.0,0.0,0.0,0.0,0,1.5,psi4,5,95.74794361810109,118.08213933387256,745.8719753672749,316411.99920128874,376461.31746766984,2310911.813635708,316316.25125767064,376343.235328336,2310165.941660341,376453.4455254591,-141776.7925185558,-141776.7925185558,6000.016677856445,0.7546768719056636,39353.622662213995,0.0,0.0,0.0
quant_noon2,0.0,120.0,0.2,0.7,rayleigh,1.0,0.00032408593089047993,0.031112297319937907,532.0,810.0,809.0,0.405,0.85,0.00019283112887983554,80000.0,16000.0,16000.022018432617,1.0942556381390878,0.7495222900478186,1.8967212016478732,35.26662924774246,24.1562609272802,61.12919236916538,noon2,simple,0.6,0.01306716487437392,30000.0,6000.0,1.0,1e-06,1.0,1.0,0.0,0.0,0.0,0.0,0.0,0,1.5,psi4,5,95.74794361810109,118.08213933387256,745.8719753672749,303.93291849667054,403.5872722762379,3352.817810219815,208.18497487856942,285.5051329423654,2606.94583485254,417.0887092824945,362.2557106173406,362.2557106173406,6000.000198364258,nan,nan,0.0,0.0,0.0
hybrid_noon2,0.0,120.0,0.2,0.7,rayleigh,1.0,0.00032408593089047993,0.031112297319937907,532.0,810.0,809.0,0.405,0.85,0.00019283112887983554,80000.0,16000.0,16000.022018432617,1.2348171317703516,0.845176592147783,2.1999221910807325,52.276248589324865,35.78073262528473,93.13417864006175,noon2,simple,0.6,0.01306716487437392,30000.0,6000.0,1.0,1e-06,1.0,1.0,0.0,0.0,0.0,0.0,0.0,0,1.5,psi4,5,95.74794361810109,118.08213933387256,745.8719753672749,157.21505447304273,200.66364784455078,1455.810876491646,61.467110854941645,82.58150851067823,709.9389011243712,227.96258934841438,390.3941334529286,390.3941334529286,6000.000198364258,0.7495222900478186,24.1562609272802,0.0,0.0,0.0
classical,0.0,120.0,0.2,0.7,rayleigh,1.0,0.00032408593089047993,0.031112297319937907,532.0,810.0,809.0,655.2899999999507,0.85,0.00019283112887983554,80000.0,16000.0,15999.532531738281,1.2342867359681682,0.8495797077624134,2.1399145441395078,52.253794169077295,35.967139470894296,90.59374201341532,-,simple,0.6,0.01306716487437392,30000.0,6000.0,1.0,1e-06,1.0,1.0,0.0,0.0,0.0,0.0,0.0,0,1.5,psi4,6,96.01236568438209,119.7178754827793,780.9562640821205,486.75063477188195,623.6774273400396,4488.820835729473,390.7382690874999,503.9595518572603,3707.8645716473534,632.8783045930489,-855.7893046094366,-855.7893046094366,,,,,,
quant_diff,0.0,120.0,0.2,0.7,rayleigh,1.0,0.00032408593089047993,0.031112297319937907,532.0,810.0,809.0,655.2899999999507,0.85,0.00019283112887983554,80000.0,16000.0,15999.532531738281,3587174465.2635417,0.7494707067058749,1.9164759681700536,187057952330036.6,39082.14029881219,99937.17165615386,diff,simple,0.6,0.01306716487437392,30000.0,6000.0,1.0,1e-06,1.0,1.0,0.0,0.0,0.0,0.0,0.0,0,1.5,psi4,6,96.01236568438209,119.7178754827793,780.9562640821205,477677.7003945025,603352.7718670232,4606677.874228065,477581.6880288182,603233.0539915405,4605896.917963983,603356.9614527465,-930072.3338677546,-930072.3338677546,5999.776809692383,nan,nan,0.0,0.0,0.0
hybrid_diff,0.0,120.0,0.2,0.7,rayleigh,1.0,0.00032408593089047993,0.031112297319937907,532.0,810.0,809.0,655.2899999999507,0.85,0.00019283112887983554,80000.0,16000.0,15999.532531738281,1.2342867359681682,0.8495797077624134,2.1399145441395078,52.253794169077295,35.967139470894296,90.59374201341532,diff,simple,0.6,0.01306716487437392,30000.0,6000.0,1.0,1e-06,1.0,1.0,0.0,0.0,0.0,0.0,0.0,0,1.5,psi4,6,96.01236568438209,119.7178754827793,780.9562640821205,248865.66835561546,313785.62074161787,1925194.0460660039,248769.65598993108,313665.90286613506,1924413.0898019215,313793.7905757189,-828268.985455025,-828268.985455025,5999.776809692383,0.7494707067058749,39082.14029881219,0.0,0.0,0.0
quant_noon2,0.0,120.0,0.2,0.7,rayleigh,1.0,0.00032408593089047993,0.031112297319937907,532.0,810.0,809.0,0.405,0.85,0.00019283112887983554,80000.0,16000.0,15999.532531738281,3598166143.1068573,0.7565507987180189,1.9444914973660836,115964850367.62468,24.382781861509088,62.66877530520962,noon2,simple,0.6,0.01306716487437392,30000.0,6000.0,1.0,1e-06,1.0,1.0,0.0,0.0,0.0,0.0,0.0,0,1.5,psi4,6,96.01236568438209,119.7178754827793,780.9562640821205,359.79768643865043,459.8643346128038,2956.0171188028303,263.7853207542683,340.14645913002454,2175.0608547207103,467.69440187958014,-180.7659616061905,-180.7659616061905,5999.7606201171875,nan,nan,0.0,0.0,0.0
hybrid_noon2,0.0,120.0,0.2,0.7,rayleigh,1.0,0.00032408593089047993,0.031112297319937907,532.0,810.0,809.0,0.405,0.85,0.00019283112887983554,80000.0,16000.0,15999.532531738281,1.2342867359681682,0.8495797077624134,2.1399145441395078,52.253794169077295,35.967139470894296,90.59374201341532,noon2,simple,0.6,0.01306716487437392,30000.0,6000.0,1.0,1e-06,1.0,1.0,0.0,0.0,0.0,0.0,0.0,0,1.5,psi4,6,96.01236568438209,119.7178754827793,780.9562640821205,235.36113390806244,292.96809604905155,1792.0405394750983,139.34876822368034,173.25022056627225,1011.0842753929779,307.14344764889887,-155.7811685774708,-155.7811685774708,5999.7606201171875,0.7565507987180189,24.382781861509088,0.0,0.0,0.0
classical,0.0,120.0,0.2,0.7,rayleigh,1.0,0.00032408593089047993,0.031112297319937907,532.0,810.0,809.0,655.2899999999507,0.85,0.00019283112887983554,80000.0,16000.0,16000.190612792969,1.2690471486423718,0.8589566045916268,2.234490516957195,53.72538370834694,36.36411241290202,94.59763614347679,-,simple,0.6,0.01306716487437392,30000.0,6000.0,1.0,1e-06,1.0,1.0,0.0,0.0,0.0,0.0,0.0,0,1.5,psi4,7,96.15500218498953,119.449186226617,739.8179515055392,533.9546612334702,678.5243321998304,4897.886129168046,437.7996590484807,559.0751459732134,4158.068177662507,689.3685674296095,1008.5860157902879,1008.5860157902879,,,,,,
quant_diff,0.0,120.0,0.2,0.7,rayleigh,1.0,0.00032408593089047993,0.031112297319937907,532.0,810.0,809.0,655.2899999999507,0.85,0.00019283112887983554,80000.0,16000.0,16000.190612792969,1.1015378970035044,0.7514508082189973,1.90592636255916,57441.14913359033,39185.395308580184,99387.04853207039,diff,simple,0.6,0.01306716487437392,30000.0,6000.0,1.0,1e-06,1.0,1.0,0.0,0.0,0.0,0.0,0.0,0,1.5,psi4,7,96.15500218498953,119.449186226617,739.8179515055392,521055.43688465183,667760.0319822663,4518099.2780553615,520959.2818824668,667640.5827960396,4517359.4601038555,667762.6127287576,724261.4305036118,724261.4305036118,6000.17024230957,nan,nan,0.0,0.0,0.0
hybrid_diff,0.0,120.0,0.2,0.7,rayleigh,1.0,0.00032408593089047993,0.031112297319937907,532.0,810.0,809.0,655.2899999999507,0.85,0.00019283112887983554,80000.0,16000.0,16000.190612792969,1.2690471486423718,0.8589566045916268,2.234490516957195,53.72538370834694,36.36411241290202,94.59763614347679,diff,simple,0.6,0.01306716487437392,30000.0,6000.0,1.0,1e-06,1.0,1.0,0.0,0.0,0.0,0.0,0.0,0,1.5,psi4,7,96.15500218498953,119.449186226617,739.8179515055392,269463.79379444564,345931.6022106672,2435075.442086397,269367.63879226067,345812.1530244406,2434335.6241348917,345936.0893587142,498781.6673276261,498781.6673276261,6000.17024230957,0.7514508082189973,39185.395308580184,0.0,0.0,0.0
quant_noon2,0.0,120.0,0.2,0.7,rayleigh,1.0,0.00032408593089047993,0.031112297319937907,532.0,810.0,809.0,0.405,0.85,0.00019283112887983554,80000.0,16000.0,16000.190612792969,1.1116581173308786,0.7632596897005193,1.9450898673739327,35.8274915912915,24.599001876921328,62.68806009798042,noon2,simple,0.6,0.01306716487437392,30000.0,6000.0,1.0,1e-06,1.0,1.0,0.0,0.0,0.0,0.0,0.0,0,1.5,psi4,7,96.15500218498953,119.449186226617,739.8179515055392,340.46318630996853,442.2637682988252,3471.789610478387,244.308184124979,322.81458207220817,2731.971658972848,442.2073038849134,-263.9246505230695,-263.9246505230695,6000.25862121582,nan,nan,0.0,0.0,0.0
hybrid_noon2,0.0,120.0,0.2,0.7,rayleigh,1.0,0.00032408593089047993,0.031112297319937907,532.0,810.0,809.0,0.405,0.85,0.00019283112887983554,80000.0,16000.0,16000.190612792969,1.2690471486423718,0.8589566045916268,2.234490516957195,53.72538370834694,36.36411241290202,94.59763614347679,noon2,simple,0.6,0.01306716487437392,30000.0,6000.0,1.0,1e-06,1.0,1.0,0.0,0.0,0.0,0.0,0.0,0,1.5,psi4,7,96.15500218498953,119.449186226617,739.8179515055392,212.3856538430247,266.8405514643943,1801.815680706527,116.23065165803517,147.39136523777728,1061.9977292009878,269.40145994763674,-273.72125383367137,-273.72125383367137,6000.25862121582,0.7632596897005193,24.599001876921328,0.0,0.0,0.0
classical,0.0,120.0,0.2,0.7,rayleigh,1.0,0.00032408593089047993,0.031112297319937907,532.0,810.0,809.0,655.2899999999507,0.85,0.00019283112887983554,80000.0,16000.0,15999.568954467773,1.279645876267195,0.853987624234074,2.2290942755318457,54.17408311961235,36.15374956181775,94.369185103285,-,simple,0.6,0.01306716487437392,30000.0,6000.0,1.0,1e-06,1.0,1.0,0.0,0.0,0.0,0.0,0.0,0,1.5,psi4,8,94.29474683944132,118.45135546293277,815.2161837223413,512.6095775547063,674.5327343343498,4635.309364310047,418.314830715265,556.0813788714171,3820.093180587706,693.5362492397612,122.72929793567829,122.72929793567829,,,,,,
quant_diff,0.0,120.0,0.2,0.7,rayleigh,1.0,0.00032408593089047993,0.031112297319937907,532.0,810.0,809.0,655.2899999999507,0.85,0.00019283112887983554,80000.0,16000.0,15999.568954467773,1.0862213539635701,0.7513404571482682,1.9134661805856434,56642.447758575225,39179.64090618691,99780.22230564414,diff,simple,0.6,0.01306716487437392,30000.0,6000.0,1.0,1e-06,1.0,1.0,0.0,0.0,0.0,0.0,0.0,0,1.5,psi4,8,94.29474683944132,118.45135546293277,815.2161837223413,475953.99872970267,616286.9486620622,4905667.512606075,475859.7039828632,616168.4973065993,4904852.296422352,616289.8853914097,-349087.97064558876,-349087.97064558876,5999.728363037109,nan,nan,0.0,0.0,0.0
hybrid_diff,0.0,120.0,0.2,0.7,rayleigh,1.0,0.00032408593089047993,0.031112297319937907,532.0,810.0,809.0,655.2899999999507,0.85,0.00019283112887983554,80000.0,16000.0,15999.568954467773,1.279645876267195,0.853987624234074,2.2290942755318457,54.17408311961235,36.15374956181775,94.369185103285,diff,simple,0.6,0.01306716487437392,30000.0,6000.0,1.0,1e-06,1.0,1.0,0.0,0.0,0.0,0.0,0.0,0,1.5,psi4,8,94.29474683944132,118.45135546293277,815.2161837223413,232476.92231755453,295034.69297953416,2068228.9826479913,232382.6275707151,294916.2416240712,2067413.766464269,295040.75197776157,-331083.68819453137,-331083.68819453137,5999.728363037109,0.7513404571482682,39179.64090618691,0.0,0.0,0.0
quant_noon2,0.0,120.0,0.2,0.7,rayleigh,1.0,0.00032408593089047993,0.031112297319937907,532.0,810.0,809.0,0.405,0.85,0.00019283112887983554,80000.0,16000.0,15999.568954467773,3587519569.755151,0.757129702782067,1.9393318024902995,115621723275.50203,24.401439288791366,62.50248413898341,noon2,simple,0.6,0.01306716487437392,30000.0,6000.0,1.0,1e-06,1.0,1.0,0.0,0.0,0.0,0.0,0.0,0,1.5,psi4,8,94.29474683944132,118.45135546293277,815.2161837223413,400.8186605524623,500.8343379984637,4217.044470121532,306.523913713021,382.3829825355309,3401.8282863991903,502.59652578225825,163.30406569434882,163.30406569434882,5999.736099243164,nan,nan,0.0,0.0,0.0
hybrid_noon2,0.0,120.0,0.2,0.7,rayleigh,1.0,0.00032408593089047993,0.031112297319937907,532.0,810.0,809.0,0.405,0.85,0.00019283112887983554,80000.0,16000.0,15999.568954467773,1.279645876267195,0.853987624234074,2.2290942755318457,54.17408311961235,36.15374956181775,94.369185103285,noon2,simple,0.6,0.01306716487437392,30000.0,6000.0,1.0,1e-06,1.0,1.0,0.0,0.0,0.0,0.0,0.0,0,1.5,psi4,8,94.29474683944132,118.45135546293277,815.2161837223413,261.5632317853854,325.45958722335723,2100.8106512205923,167.2684849459441,207.00823176042445,1285.594467498251,329.53706088305285,120.33915082708815,120.33915082708815,5999.736099243164,0.757129702782067,24.401439288791366,0.0,0.0,0.0
classical,0.0,120.0,0.2,0.7,rayleigh,1.0,0.00032408593089047993,0.031112297319937907,532.0,810.0,809.0,655.2899999999507,0.85,0.00019283112887983554,80000.0,16000.0,15999.804321289062,1.2333004107864345,0.8457834451812385,2.1496436264681935,52.21203788058436,35.806423878846005,91.00562480421465,-,simple,0.6,0.01306716487437392,30000.0,6000.0,1.0,1e-06,1.0,1.0,0.0,0.0,0.0,0.0,0.0,0,1.5,psi4,9,95.3796640743008,119.0024155845554,873.2478155983046,521.6015778196996,670.2720910341369,4395.299951499178,426.22191374539887,551.2696754495815,3522.0521359008735,678.6608575081386,59.19010611860267,59.19010611860267,,,,,,
quant_diff,0.0,120.0,0.2,0.7,rayleigh,1.0,0.00032408593089047993,0.031112297319937907,532.0,810.0,809.0,655.2899999999507,0.85,0.00019283112887983554,80000.0,16000.0,15999.804321289062,1.104122159698891,0.7481099639052022,1.933730726324937,57575.90892650338,39011.18256748172,100836.94381935845,diff,simple,0.6,0.01306716487437392,30000.0,6000.0,1.0,1e-06,1.0,1.0,0.0,0.0,0.0,0.0,0.0,0,1.5,psi4,9,95.3796640743008,119.0024155845554,873.2478155983046,476419.5245928907,623570.7450609935,4553142.570064558,476324.14492881636,623451.7426454088,4552269.32224896,623573.297259892,715831.7784579828,715831.7784579828,5999.87727355957,nan,nan,0.0,0.0,0.0
hybrid_diff,0.0,120.0,0.2,0.7,rayleigh,1.0,0.00032408593089047993,0.031112297319937907,532.0,810.0,809.0,655.2899999999507,0.85,0.00019283112887983554,80000.0,16000.0,15999.804321289062,1.2333004107864345,0.8457834451812385,2.1496436264681935,52.21203788058436,35.806423878846005,91.00562480421465,diff,simple,0.6,0.01306716487437392,30000.0,6000.0,1.0,1e-06,1.0,1.0,0.0,0.0,0.0,0.0,0.0,0,1.5,psi4,9,95.3796640743008,119.0024155845554,873.2478155983046,241770.0440462598,304927.6031002691,1961258.0679899072,241674.66438218553,304808.6006846845,1960384.820174309,304932.5693246097,708248.2002261068,708248.2002261068,5999.87727355957,0.7481099639052022,39011.18256748172,0.0,0.0,0.0
quant_noon2,0.0,120.0,0.2,0.7,rayleigh,1.0,0.00032408593089047993,0.031112297319937907,532.0,810.0,809.0,0.405,0.85,0.00019283112887983554,80000.0,16000.0,15999.804321289062,1.1016967835416658,0.748450613082251,1.903584413085669,35.50644900004235,24.12172198327047,61.35038595939191,noon2,simple,0.6,0.01306716487437392,30000.0,6000.0,1.0,1e-06,1.0,1.0,0.0,0.0,0.0,0.0,0.0,0,1.5,psi4,9,95.3796640743008,119.0024155845554,873.2478155983046,333.7519535656687,444.7894183664517,3852.4389098062366,238.3722894913679,325.78700278189626,2979.191094207932,451.0442787280915,-150.62079642691216,-150.62079642691216,5999.880355834961,nan,nan,0.0,0.0,0.0
hybrid_noon2,0.0,120.0,0.2,0.7,rayleigh,1.0,0.00032408593089047993,0.031112297319937907,532.0,810.0,809.0,0.405,0.85,0.00019283112887983554,80000.0,16000.0,15999.804321289062,1.2333004107864345,0.8457834451812385,2.1496436264681935,52.21203788058436,35.806423878846005,91.00562480421465,noon2,simple,0.6,0.01306716487437392,30000.0,6000.0,1.0,1e-06,1.0,1.0,0.0,0.0,0.0,0.0,0.0,0,1.5,psi4,9,95.3796640743008,119.0024155845554,873.2478155983046,190.90367855277316,234.84703471534198,1561.0635519832758,95.52401447847237,115.8446191307866,687.8157363849713,248.2164139701324,-161.87583587642004,-161.87583587642004,5999.880355834961,0.748450613082251,24.12172198327047,0.0,0.0,0.0
