Sa_est_nm,Sa_true_bw_nm,Sa_true_nm,Sq_est_nm,Sq_true_bw_nm,Sq_true_nm,Sz_est_nm,Sz_true_bw_nm,Sz_true_nm,bias_Sa_bw_nm,bias_Sa_nm,bias_Sq_bw_nm,bias_Sq_nm,bias_Sz_bw_nm,bias_Sz_nm,deadtime1_s,deadtime2_s,file,height_rmse_nm,lambda1_nm,lambda2_nm,lambda_class_nm,lambda_eff_nm,material,material_code,method,nx,ny,rep,sample_group,stem,sur_resample,treatment,treatment_code,unwrap_method
683.8428874697526,364.8550085944905,382.78488492918075,888.3203798620416,522.5751367826276,924.2360826616774,7047.633614698528,12115.076009263661,44222.947324976805,318.987878875262,301.0580025405718,365.74524307941397,-35.91570279963578,-5067.442394565132,-37175.31371027828,0.0,0.0,/Users/dawid/Library/Mobile Documents/com~apple~CloudDocs/Dokumenty/Publikacje własne/Manuscripts/Quantum_interference/data/1.4301_oselkowane.sur,1038.704396770455,810.0000000000001,809.0,532.0,655289.9999999508,Stainless steel 1.4301 (AISI 304),1.4301,classical,256,256,0,,1.4301_oselkowane,area,Honed,oselkowane,simple
465.621658534723,364.8550085944905,382.78488492918075,630.6746140559725,522.5751367826276,924.2360826616774,12625.763067519123,12115.076009263661,44222.947324976805,100.76664994023245,82.83677360554222,108.09947727334482,-293.56146860570493,510.6870582554629,-31597.184257457684,0.0,0.0,/Users/dawid/Library/Mobile Documents/com~apple~CloudDocs/Dokumenty/Publikacje własne/Manuscripts/Quantum_interference/data/1.4301_oselkowane.sur,354.3185266492132,810.0000000000001,809.0,532.0,655289.9999999508,Stainless steel 1.4301 (AISI 304),1.4301,quantum_like,256,256,0,,1.4301_oselkowane,area,Honed,oselkowane,simple
339.42405952479237,364.8550085944905,382.78488492918075,446.56476200320316,522.5751367826276,924.2360826616774,6580.336874124361,12115.076009263661,44222.947324976805,-25.430949069698197,-43.36082540438842,-76.01037477942445,-477.67132065847414,-5534.739135139299,-37642.610450852444,0.0,0.0,/Users/dawid/Library/Mobile Documents/com~apple~CloudDocs/Dokumenty/Publikacje własne/Manuscripts/Quantum_interference/data/1.4301_oselkowane.sur,245.74282523336146,810.0000000000001,809.0,532.0,655289.9999999508,Stainless steel 1.4301 (AISI 304),1.4301,hybrid,256,256,0,,1.4301_oselkowane,area,Honed,oselkowane,simple
656.9742698951958,357.6011094818264,453.17839917015544,851.9324538626249,439.57733820095774,539.7002414210604,6725.475258770006,2678.634068318592,4309.3120301784875,299.3731604133694,203.7958707250404,412.35511566166724,312.2322124415646,4046.8411904514132,2416.1632285915175,0.0,0.0,/Users/dawid/Library/Mobile Documents/com~apple~CloudDocs/Dokumenty/Publikacje własne/Manuscripts/Quantum_interference/data/1.4301_szkielkowane.sur,962.1001344474784,810.0000000000001,809.0,532.0,655289.9999999508,Stainless steel 1.4301 (AISI 304),1.4301,classical,256,256,0,,1.4301_szkielkowane,area,Glass bead blasted,szkielkowane,simple
453.7129702112023,357.6011094818264,453.17839917015544,564.0989248890463,439.57733820095774,539.7002414210604,4312.231989238763,2678.634068318592,4309.3120301784875,96.11186072937589,0.5345710410468759,124.52158668808863,24.398683467986043,1633.5979209201707,2.9199590602753798,0.0,0.0,/Users/dawid/Library/Mobile Documents/com~apple~CloudDocs/Dokumenty/Publikacje własne/Manuscripts/Quantum_interference/data/1.4301_szkielkowane.sur,353.10859033269395,810.0000000000001,809.0,532.0,655289.9999999508,Stainless steel 1.4301 (AISI 304),1.4301,quantum_like,256,256,0,,1.4301_szkielkowane,area,Glass bead blasted,szkielkowane,simple
249.7905162857843,357.6011094818264,453.17839917015544,301.80538764154477,439.57733820095774,539.7002414210604,1930.1986095232173,2678.634068318592,4309.3120301784875,-107.81059319604212,-203.38788288437112,-137.77195055941294,-237.89485377951553,-748.435458795375,-2379.1134206552706,0.0,0.0,/Users/dawid/Library/Mobile Documents/com~apple~CloudDocs/Dokumenty/Publikacje własne/Manuscripts/Quantum_interference/data/1.4301_szkielkowane.sur,326.261379252421,810.0000000000001,809.0,532.0,655289.9999999508,Stainless steel 1.4301 (AISI 304),1.4301,hybrid,256,256,0,,1.4301_szkielkowane,area,Glass bead blasted,szkielkowane,simple
30.416000055458674,30.413699462010378,33.84118699522956,37.45578795595686,37.45328524655293,41.899689585882065,266.2942011258511,266.08343313585567,417.17396197934573,0.0023005934482949347,-3.425186939770891,0.0025027094039272576,-4.443901629925209,0.2107679899953827,-150.87976085349464,0.0,0.0,/Users/dawid/Library/Mobile Documents/com~apple~CloudDocs/Dokumenty/Publikacje własne/Manuscripts/Quantum_interference/data/1.4301_szlifowane.sur,0.24796758757668097,810.0000000000001,809.0,532.0,655289.9999999508,Stainless steel 1.4301 (AISI 304),1.4301,classical,256,256,0,,1.4301_szlifowane,area,Grinding,szlifowane,simple
286.0099131624176,30.413699462010378,33.84118699522956,358.03131601730826,37.45328524655293,41.899689585882065,2854.9634837771646,266.08343313585567,417.17396197934573,255.59621370040728,252.16872616718805,320.57803077075533,316.1316264314262,2588.8800506413086,2437.789521797819,0.0,0.0,/Users/dawid/Library/Mobile Documents/com~apple~CloudDocs/Dokumenty/Publikacje własne/Manuscripts/Quantum_interference/data/1.4301_szlifowane.sur,355.76890510914853,810.0000000000001,809.0,532.0,655289.9999999508,Stainless steel 1.4301 (AISI 304),1.4301,quantum_like,256,256,0,,1.4301_szlifowane,area,Grinding,szlifowane,simple
44.58875167197054,30.413699462010378,33.84118699522956,73.46410022225555,37.45328524655293,41.899689585882065,753.4429527660573,266.08343313585567,417.17396197934573,14.17505220996016,10.747564676740975,36.01081497570262,31.564410636373488,487.3595196302016,336.2689907867115,0.0,0.0,/Users/dawid/Library/Mobile Documents/com~apple~CloudDocs/Dokumenty/Publikacje własne/Manuscripts/Quantum_interference/data/1.4301_szlifowane.sur,68.18787514079094,810.0000000000001,809.0,532.0,655289.9999999508,Stainless steel 1.4301 (AISI 304),1.4301,hybrid,256,256,0,,1.4301_szlifowane,area,Grinding,szlifowane,simple
678.2945238360915,628.2335439287026,719.0243698335206,876.6268291066142,843.387722653666,1182.6790015108243,6884.376114016611,28422.32201382488,88645.45204885582,50.06097990738888,-40.72984599742909,33.23910645294816,-306.0521724042101,-21537.94589980827,-81761.0759348392,0.0,0.0,/Users/dawid/Library/Mobile Documents/com~apple~CloudDocs/Dokumenty/Publikacje własne/Manuscripts/Quantum_interference/data/1.4301_t_wyk.sur,1211.9782512720437,810.0000000000001,809.0,532.0,655289.9999999508,Stainless steel 1.4301 (AISI 304),1.4301,classical,256,256,0,,1.4301_t_wyk,area,Turning (finishing),t_wyk,simple
686.4416471010012,628.2335439287026,719.0243698335206,916.1417352931837,843.387722653666,1182.6790015108243,29310.643973993025,28422.32201382488,88645.45204885582,58.208103172298564,-32.58272273251941,72.75401263951771,-266.53726621764054,888.3219601681467,-59334.80807486278,0.0,0.0,/Users/dawid/Library/Mobile Documents/com~apple~CloudDocs/Dokumenty/Publikacje własne/Manuscripts/Quantum_interference/data/1.4301_t_wyk.sur,355.47858689179895,810.0000000000001,809.0,532.0,655289.9999999508,Stainless steel 1.4301 (AISI 304),1.4301,quantum_like,256,256,0,,1.4301_t_wyk,area,Turning (finishing),t_wyk,simple
281.0845257523185,628.2335439287026,719.0243698335206,413.51422886588114,843.387722653666,1182.6790015108243,11588.551535328908,28422.32201382488,88645.45204885582,-347.1490181763841,-437.93984408120207,-429.8734937877848,-769.164772644943,-16833.77047849597,-77056.90051352691,0.0,0.0,/Users/dawid/Library/Mobile Documents/com~apple~CloudDocs/Dokumenty/Publikacje własne/Manuscripts/Quantum_interference/data/1.4301_t_wyk.sur,667.9485399792258,810.0000000000001,809.0,532.0,655289.9999999508,Stainless steel 1.4301 (AISI 304),1.4301,hybrid,256,256,0,,1.4301_t_wyk,area,Turning (finishing),t_wyk,simple
514.0668601302506,408.0134970138842,467.573643958579,664.1610563993606,522.9588934926375,606.1052304901839,5356.156415178406,3043.1017019360343,3779.3551222935625,106.05336311636634,46.49321617167151,141.20216290672306,58.05582590917666,2313.0547132423717,1576.8012928848436,0.0,0.0,/Users/dawid/Library/Mobile Documents/com~apple~CloudDocs/Dokumenty/Publikacje własne/Manuscripts/Quantum_interference/data/AL_oselkowane.sur,769.4875857747244,810.0000000000001,809.0,532.0,655289.9999999508,Aluminium 7075,AL,classical,256,256,0,,AL_oselkowane,area,Honed,oselkowane,simple
504.2571826730489,408.0134970138842,467.573643958579,631.3477865261028,522.9588934926375,606.1052304901839,4669.879599141503,3043.1017019360343,3779.3551222935625,96.24368565916468,36.68353871446986,108.38889303346537,25.24255603591895,1626.7778972054687,890.5244768479406,0.0,0.0,/Users/dawid/Library/Mobile Documents/com~apple~CloudDocs/Dokumenty/Publikacje własne/Manuscripts/Quantum_interference/data/AL_oselkowane.sur,354.0026106732506,810.0000000000001,809.0,532.0,655289.9999999508,Aluminium 7075,AL,quantum_like,256,256,0,,AL_oselkowane,area,Honed,oselkowane,simple
261.5820562033303,408.0134970138842,467.573643958579,311.4573689176982,522.9588934926375,606.1052304901839,2122.7942337686277,3043.1017019360343,3779.3551222935625,-146.43144081055388,-205.9915877552487,-211.5015245749393,-294.64786157248574,-920.3074681674067,-1656.5608885249346,0.0,0.0,/Users/dawid/Library/Mobile Documents/com~apple~CloudDocs/Dokumenty/Publikacje własne/Manuscripts/Quantum_interference/data/AL_oselkowane.sur,400.94271538916956,810.0000000000001,809.0,532.0,655289.9999999508,Aluminium 7075,AL,hybrid,256,256,0,,AL_oselkowane,area,Honed,oselkowane,simple
685.6939698943145,524.5136807904041,546.3689426510782,898.5554091533768,687.0092608696518,922.2410215602662,8224.202904807953,31199.884564537664,85338.86653628112,161.1802891039103,139.32502724323624,211.54614828372493,-23.685612406889415,-22975.68165972971,-77114.66363147316,0.0,0.0,/Users/dawid/Library/Mobile Documents/com~apple~CloudDocs/Dokumenty/Publikacje własne/Manuscripts/Quantum_interference/data/Al7075_t_wyk.sur,1093.8373533712595,810.0000000000001,809.0,532.0,655289.9999999508,Aluminium 7075,Al7075,classical,256,256,0,,Al7075_t_wyk,area,Turning (finishing),t_wyk,simple
596.1583132159154,524.5136807904041,546.3689426510782,772.7990378637065,687.0092608696518,922.2410215602662,30820.13022590548,31199.884564537664,85338.86653628112,71.64463242551133,49.78937056483726,85.78977699405463,-149.4419836965597,-379.75433863218507,-54518.736310375636,0.0,0.0,/Users/dawid/Library/Mobile Documents/com~apple~CloudDocs/Dokumenty/Publikacje własne/Manuscripts/Quantum_interference/data/Al7075_t_wyk.sur,356.45871513414795,810.0000000000001,809.0,532.0,655289.9999999508,Aluminium 7075,Al7075,quantum_like,256,256,0,,Al7075_t_wyk,area,Turning (finishing),t_wyk,simple
487.8084456426917,524.5136807904041,546.3689426510782,622.087196673127,687.0092608696518,922.2410215602662,7260.173391043249,31199.884564537664,85338.86653628112,-36.70523514771242,-58.56049700838649,-64.92206419652487,-300.1538248871392,-23939.711173494416,-78078.69314523786,0.0,0.0,/Users/dawid/Library/Mobile Documents/com~apple~CloudDocs/Dokumenty/Publikacje własne/Manuscripts/Quantum_interference/data/Al7075_t_wyk.sur,263.56683789838274,810.0000000000001,809.0,532.0,655289.9999999508,Aluminium 7075,Al7075,hybrid,256,256,0,,Al7075_t_wyk,area,Turning (finishing),t_wyk,simple
691.3003100978257,293.0939529305958,299.70349938185274,882.0024877639895,354.2118986734384,364.15267521941,6335.994184861639,2154.9281499577382,3032.6030471767835,398.20635716722984,391.59681071597294,527.7905890905511,517.8498125445795,4181.066034903901,3303.3911376848555,0.0,0.0,/Users/dawid/Library/Mobile Documents/com~apple~CloudDocs/Dokumenty/Publikacje własne/Manuscripts/Quantum_interference/data/Al_szkielkowane.sur,892.9112761902298,810.0000000000001,809.0,532.0,655289.9999999508,Aluminium 7075,Al,classical,256,256,0,,Al_szkielkowane,area,Glass bead blasted,szkielkowane,simple
403.15651195647473,293.0939529305958,299.70349938185274,502.7199828788057,354.2118986734384,364.15267521941,3957.8730669311217,2154.9281499577382,3032.6030471767835,110.06255902587895,103.45301257462202,148.50808420536737,138.5673076593957,1802.9449169733832,925.2700197543379,0.0,0.0,/Users/dawid/Library/Mobile Documents/com~apple~CloudDocs/Dokumenty/Publikacje własne/Manuscripts/Quantum_interference/data/Al_szkielkowane.sur,355.2020048678507,810.0000000000001,809.0,532.0,655289.9999999508,Aluminium 7075,Al,quantum_like,256,256,0,,Al_szkielkowane,area,Glass bead blasted,szkielkowane,simple
290.27078043040956,293.0939529305958,299.70349938185274,349.666230883175,354.2118986734384,364.15267521941,2128.762115614341,2154.9281499577382,3032.6030471767835,-2.8231725001862302,-9.432718951443164,-4.545667790263346,-14.486444336235007,-26.166034343397417,-903.8409315624426,0.0,0.0,/Users/dawid/Library/Mobile Documents/com~apple~CloudDocs/Dokumenty/Publikacje własne/Manuscripts/Quantum_interference/data/Al_szkielkowane.sur,135.21841424838738,810.0000000000001,809.0,532.0,655289.9999999508,Aluminium 7075,Al,hybrid,256,256,0,,Al_szkielkowane,area,Glass bead blasted,szkielkowane,simple
63.67983362698278,63.67904400930688,66.55707432300152,81.49180985032866,81.49109450002742,84.85770719843457,473.57433908395967,473.8258971126187,638.6250286224301,0.0007896176758970171,-2.877240696018742,0.000715350301248157,-3.3658973481059,-0.25155802865899507,-165.05068953847046,0.0,0.0,/Users/dawid/Library/Mobile Documents/com~apple~CloudDocs/Dokumenty/Publikacje własne/Manuscripts/Quantum_interference/data/Al_szlifowane.sur,0.25052460653983405,810.0000000000001,809.0,532.0,655289.9999999508,Aluminium 7075,Al,classical,256,256,0,,Al_szlifowane,area,Grinding,szlifowane,simple
291.34395990067674,63.67904400930688,66.55707432300152,365.40133597345965,81.49109450002742,84.85770719843457,3081.0819894392703,473.8258971126187,638.6250286224301,227.66491589136984,224.7868855776752,283.9102414734323,280.54362877502507,2607.2560923266515,2442.45696081684,0.0,0.0,/Users/dawid/Library/Mobile Documents/com~apple~CloudDocs/Dokumenty/Publikacje własne/Manuscripts/Quantum_interference/data/Al_szlifowane.sur,355.7425573507494,810.0000000000001,809.0,532.0,655289.9999999508,Aluminium 7075,Al,quantum_like,256,256,0,,Al_szlifowane,area,Grinding,szlifowane,simple
75.18524885692014,63.67904400930688,66.55707432300152,102.58384030407395,81.49109450002742,84.85770719843457,977.8825420903886,473.8258971126187,638.6250286224301,11.506204847613267,8.628174533918628,21.092745804046533,17.726133105639384,504.05664497776985,339.2575134679584,0.0,0.0,/Users/dawid/Library/Mobile Documents/com~apple~CloudDocs/Dokumenty/Publikacje własne/Manuscripts/Quantum_interference/data/Al_szlifowane.sur,66.10491714454805,810.0000000000001,809.0,532.0,655289.9999999508,Aluminium 7075,Al,hybrid,256,256,0,,Al_szlifowane,area,Grinding,szlifowane,simple
468.6922687537331,223.31743222772795,297.16816890965,589.4299007414222,272.5381756206323,365.33382951310733,4122.386896578741,1738.0094316217455,2768.298898994887,245.3748365260052,171.52409984408314,316.8917251207899,224.09607122831486,2384.377464956995,1354.0879975838536,0.0,0.0,/Users/dawid/Library/Mobile Documents/com~apple~CloudDocs/Dokumenty/Publikacje własne/Manuscripts/Quantum_interference/data/C45_oselkowane.sur,564.8505852124673,810.0000000000001,809.0,532.0,655289.9999999508,Steel C45,C45,classical,256,256,0,,C45_oselkowane,area,Honed,oselkowane,simple
357.7581899996298,223.31743222772795,297.16816890965,447.23253176845674,272.5381756206323,365.33382951310733,4001.2634195544724,1738.0094316217455,2768.298898994887,134.44075777190184,60.59002108997979,174.69435614782446,81.89870225534942,2263.253987932727,1232.9645205595855,0.0,0.0,/Users/dawid/Library/Mobile Documents/com~apple~CloudDocs/Dokumenty/Publikacje własne/Manuscripts/Quantum_interference/data/C45_oselkowane.sur,355.17004537466863,810.0000000000001,809.0,532.0,655289.9999999508,Steel C45,C45,quantum_like,256,256,0,,C45_oselkowane,area,Honed,oselkowane,simple
158.60303913346226,223.31743222772795,297.16816890965,197.09036238865582,272.5381756206323,365.33382951310733,1492.0428521117979,1738.0094316217455,2768.298898994887,-64.71439309426569,-138.56512977618775,-75.44781323197647,-168.2434671244515,-245.96657950994776,-1276.2560468830893,0.0,0.0,/Users/dawid/Library/Mobile Documents/com~apple~CloudDocs/Dokumenty/Publikacje własne/Manuscripts/Quantum_interference/data/C45_oselkowane.sur,231.1494229967825,810.0000000000001,809.0,532.0,655289.9999999508,Steel C45,C45,hybrid,256,256,0,,C45_oselkowane,area,Honed,oselkowane,simple
659.5095276903647,201.86236291841112,304.0087497191734,859.1792951189885,252.25718011110456,380.88187998390504,6205.735631996401,1739.620230782732,2637.5771352498405,457.6471647719536,355.50077797119127,606.922115007884,478.2974151350835,4466.1154012136685,3568.1584967465606,0.0,0.0,/Users/dawid/Library/Mobile Documents/com~apple~CloudDocs/Dokumenty/Publikacje własne/Manuscripts/Quantum_interference/data/C45_szkielkowane.sur,878.4453868306658,810.0000000000001,809.0,532.0,655289.9999999508,Steel C45,C45,classical,256,256,0,,C45_szkielkowane,area,Glass bead blasted,szkielkowane,simple
347.73410376144443,201.86236291841112,304.0087497191734,434.6290592178412,252.25718011110456,380.88187998390504,3636.585288214905,1739.620230782732,2637.5771352498405,145.87174084303328,43.725354042270986,182.37187910673663,53.74717923393615,1896.965057432173,999.0081529650645,0.0,0.0,/Users/dawid/Library/Mobile Documents/com~apple~CloudDocs/Dokumenty/Publikacje własne/Manuscripts/Quantum_interference/data/C45_szkielkowane.sur,354.2362653590868,810.0000000000001,809.0,532.0,655289.9999999508,Steel C45,C45,quantum_like,256,256,0,,C45_szkielkowane,area,Glass bead blasted,szkielkowane,simple
122.81320032431233,201.86236291841112,304.0087497191734,153.80783253488835,252.25718011110456,380.88187998390504,1201.5985298334929,1739.620230782732,2637.5771352498405,-79.04916259409879,-181.1955493948611,-98.44934757621621,-227.0740474490167,-538.0217009492393,-1435.9786054163478,0.0,0.0,/Users/dawid/Library/Mobile Documents/com~apple~CloudDocs/Dokumenty/Publikacje własne/Manuscripts/Quantum_interference/data/C45_szkielkowane.sur,239.08742942181965,810.0000000000001,809.0,532.0,655289.9999999508,Steel C45,C45,hybrid,256,256,0,,C45_szkielkowane,area,Glass bead blasted,szkielkowane,simple
630.093526495593,234.32438033986708,294.2677905732902,815.2653918663899,292.51105888481834,373.10076478927004,6147.3091311317,2256.4749962736864,4746.313267479542,395.76914615572593,335.8257359223028,522.7543329815715,442.1646270771198,3890.8341348580143,1400.9958636521583,0.0,0.0,/Users/dawid/Library/Mobile Documents/com~apple~CloudDocs/Dokumenty/Publikacje własne/Manuscripts/Quantum_interference/data/C45_szlifowane.sur,853.0437651619724,810.0000000000001,809.0,532.0,655289.9999999508,Steel C45,C45,classical,256,256,0,,C45_szlifowane,area,Grinding,szlifowane,simple
366.6805821114834,234.32438033986708,294.2677905732902,459.087744811579,292.51105888481834,373.10076478927004,4087.0958472791085,2256.4749962736864,4746.313267479542,132.35620177161633,72.4127915381932,166.57668592676066,85.98698002230894,1830.620851005422,-659.2174202004339,0.0,0.0,/Users/dawid/Library/Mobile Documents/com~apple~CloudDocs/Dokumenty/Publikacje własne/Manuscripts/Quantum_interference/data/C45_szlifowane.sur,353.96635142405086,810.0000000000001,809.0,532.0,655289.9999999508,Steel C45,C45,quantum_like,256,256,0,,C45_szlifowane,area,Grinding,szlifowane,simple
186.71598822546432,234.32438033986708,294.2677905732902,228.74034054464454,292.51105888481834,373.10076478927004,1559.1943736557548,2256.4749962736864,4746.313267479542,-47.60839211440276,-107.55180234782588,-63.77071834017379,-144.3604242446255,-697.2806226179316,-3187.1188938237874,0.0,0.0,/Users/dawid/Library/Mobile Documents/com~apple~CloudDocs/Dokumenty/Publikacje własne/Manuscripts/Quantum_interference/data/C45_szlifowane.sur,217.7311371039452,810.0000000000001,809.0,532.0,655289.9999999508,Steel C45,C45,hybrid,256,256,0,,C45_szlifowane,area,Grinding,szlifowane,simple
715.2693315172737,2732.958658307945,3227.486193601588,929.5369715713119,3775.7730527330605,4810.678022931261,8345.4570932299,91545.0493924157,102791.46656079737,-2017.6893267906712,-2512.2168620843145,-2846.2360811617486,-3881.141051359949,-83199.5922991858,-94446.00946756748,0.0,0.0,/Users/dawid/Library/Mobile Documents/com~apple~CloudDocs/Dokumenty/Publikacje własne/Manuscripts/Quantum_interference/data/C45_t_wyk.sur,3909.003461824212,810.0000000000001,809.0,532.0,655289.9999999508,Steel C45,C45,classical,256,256,0,,C45_t_wyk,area,Turning (finishing),t_wyk,simple
2750.1953281580018,2732.958658307945,3227.486193601588,3792.81757760584,3775.7730527330605,4810.678022931261,91765.55233915377,91545.0493924157,102791.46656079737,17.236669850056803,-477.29086544358637,17.04452487277952,-1017.8604453254208,220.5029467380708,-11025.914221643603,0.0,0.0,/Users/dawid/Library/Mobile Documents/com~apple~CloudDocs/Dokumenty/Publikacje własne/Manuscripts/Quantum_interference/data/C45_t_wyk.sur,355.616839593415,810.0000000000001,809.0,532.0,655289.9999999508,Steel C45,C45,quantum_like,256,256,0,,C45_t_wyk,area,Turning (finishing),t_wyk,simple
1684.4223170727073,2732.958658307945,3227.486193601588,2209.223440858834,3775.7730527330605,4810.678022931261,29530.533927851426,91545.0493924157,102791.46656079737,-1048.5363412352376,-1543.0638765288807,-1566.5496118742267,-2601.454582072427,-62014.51546456428,-73260.93263294596,0.0,0.0,/Users/dawid/Library/Mobile Documents/com~apple~CloudDocs/Dokumenty/Publikacje własne/Manuscripts/Quantum_interference/data/C45_t_wyk.sur,2656.2659388918255,810.0000000000001,809.0,532.0,655289.9999999508,Steel C45,C45,hybrid,256,256,0,,C45_t_wyk,area,Turning (finishing),t_wyk,simple
703.2127917794129,1234.8140560888633,1520.863677324698,904.0173469852285,1847.786756643374,2711.1025465307293,6954.571089995404,36468.104434120825,95448.76015739111,-531.6012643094504,-817.6508855452852,-943.7694096581454,-1807.0851995455005,-29513.533344125422,-88494.1890673957,0.0,0.0,/Users/dawid/Library/Mobile Documents/com~apple~CloudDocs/Dokumenty/Publikacje własne/Manuscripts/Quantum_interference/data/ELLOR_t_wyk.sur,2037.1043516987913,810.0000000000001,809.0,532.0,655289.9999999508,Graphite,ELLOR,classical,256,256,0,,ELLOR_t_wyk,area,Turning (finishing),t_wyk,simple
1271.602139957247,1234.8140560888633,1520.863677324698,1881.6134593253653,1847.786756643374,2711.1025465307293,36419.18356524575,36468.104434120825,95448.76015739111,36.78808386838356,-249.26153736745115,33.82670268199121,-829.489087205364,-48.92086887507436,-59029.57659214536,0.0,0.0,/Users/dawid/Library/Mobile Documents/com~apple~CloudDocs/Dokumenty/Publikacje własne/Manuscripts/Quantum_interference/data/ELLOR_t_wyk.sur,354.4398104204399,810.0000000000001,809.0,532.0,655289.9999999508,Graphite,ELLOR,quantum_like,256,256,0,,ELLOR_t_wyk,area,Turning (finishing),t_wyk,simple
666.3180135346475,1234.8140560888633,1520.863677324698,892.9546845232474,1847.786756643374,2711.1025465307293,11906.704774034379,36468.104434120825,95448.76015739111,-568.4960425542157,-854.5456637900505,-954.8320721201267,-1818.1478620074818,-24561.39966008645,-83542.05538335672,0.0,0.0,/Users/dawid/Library/Mobile Documents/com~apple~CloudDocs/Dokumenty/Publikacje własne/Manuscripts/Quantum_interference/data/ELLOR_t_wyk.sur,1405.2098445471763,810.0000000000001,809.0,532.0,655289.9999999508,Graphite,ELLOR,hybrid,256,256,0,,ELLOR_t_wyk,area,Turning (finishing),t_wyk,simple
535.2046786769951,164.77047735641173,182.7126111276782,694.6081730408648,327.645724642529,690.4123953098978,5388.05963987732,24322.604544626112,72932.940179508,370.43420132058327,352.4920675493168,366.9624483983358,4.195777730967019,-18934.544904748793,-67544.88053963069,0.0,0.0,/Users/dawid/Library/Mobile Documents/com~apple~CloudDocs/Dokumenty/Publikacje własne/Manuscripts/Quantum_interference/data/Graphite_oselkowane.sur,766.8086027374387,810.0000000000001,809.0,532.0,655289.9999999508,Graphite,Graphite,classical,256,256,0,,Graphite_oselkowane,area,Honed,oselkowane,simple
332.844778829585,164.77047735641173,182.7126111276782,480.67597549272523,327.645724642529,690.4123953098978,23926.35296612076,24322.604544626112,72932.940179508,168.07430147317325,150.1321677019068,153.03025085019624,-209.73641981717256,-396.25157850535027,-49006.58721338724,0.0,0.0,/Users/dawid/Library/Mobile Documents/com~apple~CloudDocs/Dokumenty/Publikacje własne/Manuscripts/Quantum_interference/data/Graphite_oselkowane.sur,351.5413640180511,810.0000000000001,809.0,532.0,655289.9999999508,Graphite,Graphite,quantum_like,256,256,0,,Graphite_oselkowane,area,Honed,oselkowane,simple
162.65792046715524,164.77047735641173,182.7126111276782,230.9794194664612,327.645724642529,690.4123953098978,6003.74168046746,24322.604544626112,72932.940179508,-2.1125568892564988,-20.054690660522954,-96.66630517606775,-459.4329758434365,-18318.862864158655,-66929.19849904053,0.0,0.0,/Users/dawid/Library/Mobile Documents/com~apple~CloudDocs/Dokumenty/Publikacje własne/Manuscripts/Quantum_interference/data/Graphite_oselkowane.sur,222.9929378757405,810.0000000000001,809.0,532.0,655289.9999999508,Graphite,Graphite,hybrid,256,256,0,,Graphite_oselkowane,area,Honed,oselkowane,simple
692.7797590239267,3829.3307503464025,4108.088201239449,909.2869123891105,4832.412944308994,5287.391144681693,6872.022757049459,69264.72898160366,134314.12938102838,-3136.550991322476,-3415.3084422155225,-3923.1260319198836,-4378.104232292582,-62392.70622455421,-127442.10662397892,0.0,0.0,/Users/dawid/Library/Mobile Documents/com~apple~CloudDocs/Dokumenty/Publikacje własne/Manuscripts/Quantum_interference/data/Graphite_szkielkowane.sur,4898.38730505203,810.0000000000001,809.0,532.0,655289.9999999508,Graphite,Graphite,classical,256,256,0,,Graphite_szkielkowane,area,Glass bead blasted,szkielkowane,simple
3839.42319191502,3829.3307503464025,4108.088201239449,4845.857240814547,4832.412944308994,5287.391144681693,70451.42151513808,69264.72898160366,134314.12938102838,10.092441568617579,-268.665009324429,13.444296505552792,-441.5339038671455,1186.69253353441,-63862.70786589031,0.0,0.0,/Users/dawid/Library/Mobile Documents/com~apple~CloudDocs/Dokumenty/Publikacje własne/Manuscripts/Quantum_interference/data/Graphite_szkielkowane.sur,353.58584965537585,810.0000000000001,809.0,532.0,655289.9999999508,Graphite,Graphite,quantum_like,256,256,0,,Graphite_szkielkowane,area,Glass bead blasted,szkielkowane,simple
2623.041212195351,3829.3307503464025,4108.088201239449,3341.4874102669837,4832.412944308994,5287.391144681693,25489.543902841593,69264.72898160366,134314.12938102838,-1206.2895381510516,-1485.0469890440982,-1490.9255340420104,-1945.9037344147087,-43775.18507876208,-108824.58547818681,0.0,0.0,/Users/dawid/Library/Mobile Documents/com~apple~CloudDocs/Dokumenty/Publikacje własne/Manuscripts/Quantum_interference/data/Graphite_szkielkowane.sur,2421.830946219656,810.0000000000001,809.0,532.0,655289.9999999508,Graphite,Graphite,hybrid,256,256,0,,Graphite_szkielkowane,area,Glass bead blasted,szkielkowane,simple
750.6864226979862,675.9230923447734,734.1358655009894,971.4382759965353,895.8246310633954,988.924907794223,7966.093080910443,21297.018942900188,31332.969758396513,74.76333035321282,16.550557196996763,75.6136449331399,-17.486631797687707,-13330.925861989746,-23366.87667748607,0.0,0.0,/Users/dawid/Library/Mobile Documents/com~apple~CloudDocs/Dokumenty/Publikacje własne/Manuscripts/Quantum_interference/data/Graphite_szlifowane.sur,1348.8244813974193,810.0000000000001,809.0,532.0,655289.9999999508,Graphite,Graphite,classical,256,256,0,,Graphite_szlifowane,area,Grinding,szlifowane,simple
731.9362884537127,675.9230923447734,734.1358655009894,962.2346238064146,895.8246310633954,988.924907794223,21301.52230143038,21297.018942900188,31332.969758396513,56.01319610893922,-2.1995770472768337,66.40999274301915,-26.69028398780845,4.503358530192887,-10031.447456966132,0.0,0.0,/Users/dawid/Library/Mobile Documents/com~apple~CloudDocs/Dokumenty/Publikacje własne/Manuscripts/Quantum_interference/data/Graphite_szlifowane.sur,355.1436525620097,810.0000000000001,809.0,532.0,655289.9999999508,Graphite,Graphite,quantum_like,256,256,0,,Graphite_szlifowane,area,Grinding,szlifowane,simple
595.6130661143326,675.9230923447734,734.1358655009894,753.2629723984363,895.8246310633954,988.924907794223,10422.251327962651,21297.018942900188,31332.969758396513,-80.31002623044087,-138.5227993866569,-142.56165866495903,-235.66193539578663,-10874.767614937538,-20910.718430433866,0.0,0.0,/Users/dawid/Library/Mobile Documents/com~apple~CloudDocs/Dokumenty/Publikacje własne/Manuscripts/Quantum_interference/data/Graphite_szlifowane.sur,420.11306695278427,810.0000000000001,809.0,532.0,655289.9999999508,Graphite,Graphite,hybrid,256,256,0,,Graphite_szlifowane,area,Grinding,szlifowane,simple
0.4075229875835661,0.35947247736976634,0.38374216577089826,0.5043094312947876,0.4394336278553746,0.49961149964288243,6.16424900295228,6.1562334806096946,14.90811096860517,0.048050510213799774,0.023780821812667854,0.064875803439413,0.004697931651905198,0.008015522342585873,-8.74386196565289,0.0,0.0,/Users/dawid/Library/Mobile Documents/com~apple~CloudDocs/Dokumenty/Publikacje własne/Manuscripts/Quantum_interference/data/MO58A_t_wyk.sur,0.24897125764437877,810.0000000000001,809.0,532.0,655289.9999999508,Brass,MO58A,classical,256,256,0,,MO58A_t_wyk,area,Turning (finishing),t_wyk,simple
282.92029663890804,0.35947247736976634,0.38374216577089826,355.38705874923573,0.4394336278553746,0.49961149964288243,3629.0104280377313,6.1562334806096946,14.90811096860517,282.5608241615383,282.53655447313713,354.9476251213803,354.88744724959287,3622.8541945571214,3614.1023170691265,0.0,0.0,/Users/dawid/Library/Mobile Documents/com~apple~CloudDocs/Dokumenty/Publikacje własne/Manuscripts/Quantum_interference/data/MO58A_t_wyk.sur,355.38915314919365,810.0000000000001,809.0,532.0,655289.9999999508,Brass,MO58A,quantum_like,256,256,0,,MO58A_t_wyk,area,Turning (finishing),t_wyk,simple
14.45250510937546,0.35947247736976634,0.38374216577089826,58.35178926268872,0.4394336278553746,0.49961149964288243,541.6149405392706,6.1562334806096946,14.90811096860517,14.093032632005693,14.068762943604561,57.91235563483335,57.85217776304584,535.4587070586609,526.7068295706655,0.0,0.0,/Users/dawid/Library/Mobile Documents/com~apple~CloudDocs/Dokumenty/Publikacje własne/Manuscripts/Quantum_interference/data/MO58A_t_wyk.sur,58.353355351797475,810.0000000000001,809.0,532.0,655289.9999999508,Brass,MO58A,hybrid,256,256,0,,MO58A_t_wyk,area,Turning (finishing),t_wyk,simple
736.4279826391381,688.6196300447552,792.9141407912094,961.93713936318,904.1179706233471,1032.4920184592152,9139.95623294976,9300.9527165155,23497.55744491682,47.80835259438293,-56.486158152071305,57.819168739832854,-70.55487909603524,-160.9964835657408,-14357.601211967061,0.0,0.0,/Users/dawid/Library/Mobile Documents/com~apple~CloudDocs/Dokumenty/Publikacje własne/Manuscripts/Quantum_interference/data/Mosiadz_oselkowane.sur,1271.4338602528799,810.0000000000001,809.0,532.0,655289.9999999508,Brass,Mosiadz,classical,256,256,0,,Mosiadz_oselkowane,area,Honed,oselkowane,simple
746.6844704299131,688.6196300447552,792.9141407912094,974.7541336695551,904.1179706233471,1032.4920184592152,9638.102099432863,9300.9527165155,23497.55744491682,58.06484038515781,-46.22967036129643,70.63616304620798,-57.73788478966011,337.1493829173624,-13859.455345483959,0.0,0.0,/Users/dawid/Library/Mobile Documents/com~apple~CloudDocs/Dokumenty/Publikacje własne/Manuscripts/Quantum_interference/data/Mosiadz_oselkowane.sur,356.12631505236465,810.0000000000001,809.0,532.0,655289.9999999508,Brass,Mosiadz,quantum_like,256,256,0,,Mosiadz_oselkowane,area,Honed,oselkowane,simple
370.20975675908284,688.6196300447552,792.9141407912094,513.5338962420894,904.1179706233471,1032.4920184592152,4372.650072239954,9300.9527165155,23497.55744491682,-318.40987328567235,-422.7043840321266,-390.5840743812577,-518.9581222171258,-4928.302644275546,-19124.90737267687,0.0,0.0,/Users/dawid/Library/Mobile Documents/com~apple~CloudDocs/Dokumenty/Publikacje własne/Manuscripts/Quantum_interference/data/Mosiadz_oselkowane.sur,654.1846998224968,810.0000000000001,809.0,532.0,655289.9999999508,Brass,Mosiadz,hybrid,256,256,0,,Mosiadz_oselkowane,area,Honed,oselkowane,simple
769.5144356465819,1960.2922291845982,2155.756816476956,1013.4150673872882,2463.686862640799,2802.067527088578,8139.421448988798,25506.974684978308,82025.36716815887,-1190.7777935380163,-1386.242380830374,-1450.2717952535106,-1788.6524597012897,-17367.553235989508,-73885.94571917008,0.0,0.0,/Users/dawid/Library/Mobile Documents/com~apple~CloudDocs/Dokumenty/Publikacje własne/Manuscripts/Quantum_interference/data/Mosiadz_szkielkowane.sur,2601.7119910501074,810.0000000000001,809.0,532.0,655289.9999999508,Brass,Mosiadz,classical,256,256,0,,Mosiadz_szkielkowane,area,Glass bead blasted,szkielkowane,simple
1982.309975834591,1960.2922291845982,2155.756816476956,2492.0043904711615,2463.686862640799,2802.067527088578,26124.37787680929,25506.974684978308,82025.36716815887,22.0177466499925,-173.4468406423652,28.31752783036287,-310.0631366174162,617.4031918309838,-55900.98929134958,0.0,0.0,/Users/dawid/Library/Mobile Documents/com~apple~CloudDocs/Dokumenty/Publikacje własne/Manuscripts/Quantum_interference/data/Mosiadz_szkielkowane.sur,355.78508390653525,810.0000000000001,809.0,532.0,655289.9999999508,Brass,Mosiadz,quantum_like,256,256,0,,Mosiadz_szkielkowane,area,Glass bead blasted,szkielkowane,simple
739.4462591631863,1960.2922291845982,2155.756816476956,911.3058073164846,2463.686862640799,2802.067527088578,7423.369120759028,25506.974684978308,82025.36716815887,-1220.845970021412,-1416.3105573137698,-1552.3810553243143,-1890.7617197720933,-18083.605564219277,-74601.99804739986,0.0,0.0,/Users/dawid/Library/Mobile Documents/com~apple~CloudDocs/Dokumenty/Publikacje własne/Manuscripts/Quantum_interference/data/Mosiadz_szkielkowane.sur,1997.663299915989,810.0000000000001,809.0,532.0,655289.9999999508,Brass,Mosiadz,hybrid,256,256,0,,Mosiadz_szkielkowane,area,Glass bead blasted,szkielkowane,simple
669.5871767586082,147625.37736720787,169535.81421614034,871.6790965324514,179484.55133750872,204695.70044101938,7351.335173173259,1012664.1213782984,1248162.7352467102,-146955.79019044925,-168866.22703938172,-178612.87224097626,-203824.02134448694,-1005312.786205125,-1240811.400073537,0.0,0.0,/Users/dawid/Library/Mobile Documents/com~apple~CloudDocs/Dokumenty/Publikacje własne/Manuscripts/Quantum_interference/data/Mosiadz_szlifowane.sur,179493.72150996167,810.0000000000001,809.0,532.0,655289.9999999508,Brass,Mosiadz,classical,256,256,0,,Mosiadz_szlifowane,area,Grinding,szlifowane,simple
494192.5798553358,147625.37736720787,169535.81421614034,612964.1489927217,179484.55133750872,204695.70044101938,4016618.8717506304,1012664.1213782984,1248162.7352467102,346567.2024881279,324656.76563919545,433479.59765521303,408268.4485517023,3003954.750372332,2768456.13650392,0.0,0.0,/Users/dawid/Library/Mobile Documents/com~apple~CloudDocs/Dokumenty/Publikacje własne/Manuscripts/Quantum_interference/data/Mosiadz_szlifowane.sur,593695.4267627337,810.0000000000001,809.0,532.0,655289.9999999508,Brass,Mosiadz,quantum_like,256,256,0,,Mosiadz_szlifowane,area,Grinding,szlifowane,simple
426781.69697579654,147625.37736720787,169535.81421614034,519304.0473759655,179484.55133750872,204695.70044101938,2510898.9501048457,1012664.1213782984,1248162.7352467102,279156.31960858864,257245.8827596562,339819.49603845685,314608.34693494614,1498234.8287265473,1262736.2148581354,0.0,0.0,/Users/dawid/Library/Mobile Documents/com~apple~CloudDocs/Dokumenty/Publikacje własne/Manuscripts/Quantum_interference/data/Mosiadz_szlifowane.sur,535921.3728931419,810.0000000000001,809.0,532.0,655289.9999999508,Brass,Mosiadz,hybrid,256,256,0,,Mosiadz_szlifowane,area,Grinding,szlifowane,simple
699.9965040503399,1814.9785180712133,1863.3965300423874,906.1980996163968,2162.205641859635,2274.685531479601,7349.769618983873,18381.20786678298,42456.7727785019,-1114.9820140208733,-1163.4000259920474,-1256.0075422432383,-1368.4874318632044,-11031.43824779911,-35107.00315951803,0.0,0.0,/Users/dawid/Library/Mobile Documents/com~apple~CloudDocs/Dokumenty/Publikacje własne/Manuscripts/Quantum_interference/data/P1-1.4301-t.zgrub.sur,2370.167770622745,810.0000000000001,809.0,532.0,655289.9999999508,Stainless steel 1.4301 (AISI 304),1.4301,classical,256,256,0,P1,P1-1.4301-t.zgrub,area,Turning (roughing),t.zgrub,simple
1833.263222754738,1814.9785180712133,1863.3965300423874,2193.911812650168,2162.205641859635,2274.685531479601,18600.95337104178,18381.20786678298,42456.7727785019,18.28470468352477,-30.13330728764937,31.706170790533083,-80.77371882943318,219.74550425879872,-23855.819407460123,0.0,0.0,/Users/dawid/Library/Mobile Documents/com~apple~CloudDocs/Dokumenty/Publikacje własne/Manuscripts/Quantum_interference/data/P1-1.4301-t.zgrub.sur,354.27960311393747,810.0000000000001,809.0,532.0,655289.9999999508,Stainless steel 1.4301 (AISI 304),1.4301,quantum_like,256,256,0,P1,P1-1.4301-t.zgrub,area,Turning (roughing),t.zgrub,simple
1139.5056494682253,1814.9785180712133,1863.3965300423874,1341.1485276007775,2162.205641859635,2274.685531479601,12472.483592080931,18381.20786678298,42456.7727785019,-675.4728686029879,-723.890880574162,-821.0571142588574,-933.5370038788237,-5908.724274702052,-29984.289186420974,0.0,0.0,/Users/dawid/Library/Mobile Documents/com~apple~CloudDocs/Dokumenty/Publikacje własne/Manuscripts/Quantum_interference/data/P1-1.4301-t.zgrub.sur,1021.7395738860002,810.0000000000001,809.0,532.0,655289.9999999508,Stainless steel 1.4301 (AISI 304),1.4301,hybrid,256,256,0,P1,P1-1.4301-t.zgrub,area,Turning (roughing),t.zgrub,simple
720.7817686354952,305.23317869964404,347.6274194739767,908.8334891246267,413.1752042656368,601.8393081218546,7060.459056053814,18927.89092613333,78579.84712886067,415.54858993585106,373.15434916151844,495.65828485898993,306.99418100277205,-11867.431870079514,-71519.38807280686,0.0,0.0,/Users/dawid/Library/Mobile Documents/com~apple~CloudDocs/Dokumenty/Publikacje własne/Manuscripts/Quantum_interference/data/P1-1.4301_frez_wyk.sur,1014.5561416771169,810.0000000000001,809.0,532.0,655289.9999999508,Stainless steel 1.4301 (AISI 304),1.4301,classical,256,256,0,P1,P1-1.4301_frez_wyk,area,Milling (finishing),frez_wyk,simple
422.9932683171657,305.23317869964404,347.6274194739767,546.7527815491812,413.1752042656368,601.8393081218546,19200.69766105936,18927.89092613333,78579.84712886067,117.76008961752166,75.365848843189,133.57757728354446,-55.086526572673414,272.80673492603086,-59379.14946780131,0.0,0.0,/Users/dawid/Library/Mobile Documents/com~apple~CloudDocs/Dokumenty/Publikacje własne/Manuscripts/Quantum_interference/data/P1-1.4301_frez_wyk.sur,355.68580735299906,810.0000000000001,809.0,532.0,655289.9999999508,Stainless steel 1.4301 (AISI 304),1.4301,quantum_like,256,256,0,P1,P1-1.4301_frez_wyk,area,Milling (finishing),frez_wyk,simple
264.7913775902341,305.23317869964404,347.6274194739767,330.6392986253811,413.1752042656368,601.8393081218546,4063.208814424364,18927.89092613333,78579.84712886067,-40.44180110940995,-82.83604188374262,-82.5359056402557,-271.20000949647357,-14864.682111708962,-74516.6383144363,0.0,0.0,/Users/dawid/Library/Mobile Documents/com~apple~CloudDocs/Dokumenty/Publikacje własne/Manuscripts/Quantum_interference/data/P1-1.4301_frez_wyk.sur,242.0917442412262,810.0000000000001,809.0,532.0,655289.9999999508,Stainless steel 1.4301 (AISI 304),1.4301,hybrid,256,256,0,P1,P1-1.4301_frez_wyk,area,Milling (finishing),frez_wyk,simple
820.1627499756919,764.4718619642408,779.0817824786186,1082.3811245230856,887.9798147663537,914.4578575056264,7275.21582162944,8664.031748120799,25224.51211973308,55.69088801145107,41.08096749707335,194.4013097567319,167.92326701745918,-1388.8159264913584,-17949.29629810364,0.0,0.0,/Users/dawid/Library/Mobile Documents/com~apple~CloudDocs/Dokumenty/Publikacje własne/Manuscripts/Quantum_interference/data/P1-1.4301_frez_zgrub.sur,1063.7292657356902,810.0000000000001,809.0,532.0,655289.9999999508,Stainless steel 1.4301 (AISI 304),1.4301,classical,256,256,0,P1,P1-1.4301_frez_zgrub,area,Milling (roughing),frez_zgrub,simple
804.3633253540492,764.4718619642408,779.0817824786186,954.7967285086189,887.9798147663537,914.4578575056264,9623.344758929798,8664.031748120799,25224.51211973308,39.89146338980825,25.281542875430528,66.81691374226523,40.3388710029925,959.3130108089993,-15601.167360803285,0.0,0.0,/Users/dawid/Library/Mobile Documents/com~apple~CloudDocs/Dokumenty/Publikacje własne/Manuscripts/Quantum_interference/data/P1-1.4301_frez_zgrub.sur,353.9774142300052,810.0000000000001,809.0,532.0,655289.9999999508,Stainless steel 1.4301 (AISI 304),1.4301,quantum_like,256,256,0,P1,P1-1.4301_frez_zgrub,area,Milling (roughing),frez_zgrub,simple
675.0818489069671,764.4718619642408,779.0817824786186,771.6946743669439,887.9798147663537,914.4578575056264,4341.449596621754,8664.031748120799,25224.51211973308,-89.39001305727375,-103.99993357165147,-116.28514039940974,-142.76318313868248,-4322.582151499045,-20883.06252311133,0.0,0.0,/Users/dawid/Library/Mobile Documents/com~apple~CloudDocs/Dokumenty/Publikacje własne/Manuscripts/Quantum_interference/data/P1-1.4301_frez_zgrub.sur,244.8694334452936,810.0000000000001,809.0,532.0,655289.9999999508,Stainless steel 1.4301 (AISI 304),1.4301,hybrid,256,256,0,P1,P1-1.4301_frez_zgrub,area,Milling (roughing),frez_zgrub,simple
208.00506631738872,192.10411714460616,205.35721843028773,268.7411133897186,341.92217999220065,751.2053660424251,4031.365188778781,36240.82265559685,70877.09415226404,15.90094917278255,2.64784788710098,-73.18106660248206,-482.4642526527066,-32209.457466818065,-66845.72896348525,0.0,0.0,/Users/dawid/Library/Mobile Documents/com~apple~CloudDocs/Dokumenty/Publikacje własne/Manuscripts/Quantum_interference/data/P1-1.4301_nagniat.sur,350.1767452144454,810.0000000000001,809.0,532.0,655289.9999999508,Stainless steel 1.4301 (AISI 304),1.4301,classical,256,256,0,P1,P1-1.4301_nagniat,area,Burnishing,nagniat,simple
338.9707539816833,192.10411714460616,205.35721843028773,489.18597057828924,341.92217999220065,751.2053660424251,36301.309502274125,36240.82265559685,70877.09415226404,146.86663683707712,133.61353555139556,147.26379058608862,-262.01939546413587,60.486846677280376,-34575.78464998991,0.0,0.0,/Users/dawid/Library/Mobile Documents/com~apple~CloudDocs/Dokumenty/Publikacje własne/Manuscripts/Quantum_interference/data/P1-1.4301_nagniat.sur,353.02161477855674,810.0000000000001,809.0,532.0,655289.9999999508,Stainless steel 1.4301 (AISI 304),1.4301,quantum_like,256,256,0,P1,P1-1.4301_nagniat,area,Burnishing,nagniat,simple
189.08606646171623,192.10411714460616,205.35721843028773,240.78023737687792,341.92217999220065,751.2053660424251,6297.0015234372995,36240.82265559685,70877.09415226404,-3.01805068288993,-16.271151968571502,-101.1419426153227,-510.42512866554716,-29943.821132159548,-64580.09262882674,0.0,0.0,/Users/dawid/Library/Mobile Documents/com~apple~CloudDocs/Dokumenty/Publikacje własne/Manuscripts/Quantum_interference/data/P1-1.4301_nagniat.sur,229.34092733233118,810.0000000000001,809.0,532.0,655289.9999999508,Stainless steel 1.4301 (AISI 304),1.4301,hybrid,256,256,0,P1,P1-1.4301_nagniat,area,Burnishing,nagniat,simple
779.712862588002,328.9596386783718,631.8049335855268,999.5276233619966,494.03734571699454,1158.9868653377114,7509.155483313301,28919.772544372994,76898.75565772936,450.7532239096302,147.90792900247519,505.490277645002,-159.4592419757148,-21410.617061059693,-69389.60017441606,0.0,0.0,/Users/dawid/Library/Mobile Documents/com~apple~CloudDocs/Dokumenty/Publikacje własne/Manuscripts/Quantum_interference/data/P1-1.4301_wedm_wyk.sur,1104.2218722509115,810.0000000000001,809.0,532.0,655289.9999999508,Stainless steel 1.4301 (AISI 304),1.4301,classical,256,256,0,P1,P1-1.4301_wedm_wyk,area,Wire EDM (finishing),wedm_wyk,simple
437.05325039656776,328.9596386783718,631.8049335855268,607.1668290017426,494.03734571699454,1158.9868653377114,29314.029661383724,28919.772544372994,76898.75565772936,108.09361171819593,-194.75168318895905,113.12948328474806,-551.8200363359688,394.25711701073016,-47584.72599634564,0.0,0.0,/Users/dawid/Library/Mobile Documents/com~apple~CloudDocs/Dokumenty/Publikacje własne/Manuscripts/Quantum_interference/data/P1-1.4301_wedm_wyk.sur,355.35272641573727,810.0000000000001,809.0,532.0,655289.9999999508,Stainless steel 1.4301 (AISI 304),1.4301,quantum_like,256,256,0,P1,P1-1.4301_wedm_wyk,area,Wire EDM (finishing),wedm_wyk,simple
245.6285328315949,328.9596386783718,631.8049335855268,328.2102464965322,494.03734571699454,1158.9868653377114,9819.537947435063,28919.772544372994,76898.75565772936,-83.33110584677691,-386.1764007539319,-165.82709922046234,-830.7766188411791,-19100.23459693793,-67079.21771029431,0.0,0.0,/Users/dawid/Library/Mobile Documents/com~apple~CloudDocs/Dokumenty/Publikacje własne/Manuscripts/Quantum_interference/data/P1-1.4301_wedm_wyk.sur,352.0635050115331,810.0000000000001,809.0,532.0,655289.9999999508,Stainless steel 1.4301 (AISI 304),1.4301,hybrid,256,256,0,P1,P1-1.4301_wedm_wyk,area,Wire EDM (finishing),wedm_wyk,simple
0.20377409628267562,0.04307600837950057,0.05372627427155684,0.25606707546267865,0.05772079793605276,0.08613583044120729,2.6539028997940153,1.9896324086203703,3.412098775156563,0.16069808790317505,0.1500478220111188,0.1983462775266259,0.16993124502147136,0.6642704911736449,-0.7581958753625475,0.0,0.0,/Users/dawid/Library/Mobile Documents/com~apple~CloudDocs/Dokumenty/Publikacje własne/Manuscripts/Quantum_interference/data/P1-1.4301_wedm_zgru.sur,0.2490601627046664,810.0000000000001,809.0,532.0,655289.9999999508,Stainless steel 1.4301 (AISI 304),1.4301,classical,256,256,0,P1,P1-1.4301_wedm_zgru,area,Wire EDM (roughing),wedm_zgru,simple
283.0354672463265,0.04307600837950057,0.05372627427155684,354.45430129156114,0.05772079793605276,0.08613583044120729,3121.897302993781,1.9896324086203703,3.412098775156563,282.99239123794695,282.9817409720549,354.39658049362504,354.3681654611199,3119.9076705851608,3118.485204218625,0.0,0.0,/Users/dawid/Library/Mobile Documents/com~apple~CloudDocs/Dokumenty/Publikacje własne/Manuscripts/Quantum_interference/data/P1-1.4301_wedm_zgru.sur,354.4546071895492,810.0000000000001,809.0,532.0,655289.9999999508,Stainless steel 1.4301 (AISI 304),1.4301,quantum_like,256,256,0,P1,P1-1.4301_wedm_zgru,area,Wire EDM (roughing),wedm_zgru,simple
13.088470891734277,0.04307600837950057,0.05372627427155684,56.514935126707904,0.05772079793605276,0.08613583044120729,536.5128033285818,1.9896324086203703,3.412098775156563,13.045394883354776,13.034744617462719,56.45721432877185,56.4287992962667,534.5231709199614,533.1007045534252,0.0,0.0,/Users/dawid/Library/Mobile Documents/com~apple~CloudDocs/Dokumenty/Publikacje własne/Manuscripts/Quantum_interference/data/P1-1.4301_wedm_zgru.sur,56.51478075751989,810.0000000000001,809.0,532.0,655289.9999999508,Stainless steel 1.4301 (AISI 304),1.4301,hybrid,256,256,0,P1,P1-1.4301_wedm_zgru,area,Wire EDM (roughing),wedm_zgru,simple
337.2536444456004,327.133259114379,330.4382999039521,418.8768687719821,405.6896736729729,411.1023927935191,2532.428875105143,2291.434062734852,5098.419384523485,10.120385331221389,6.8153445416482965,13.187195099009168,7.7744759784630295,240.99481237029119,-2565.9905094183423,0.0,0.0,/Users/dawid/Library/Mobile Documents/com~apple~CloudDocs/Dokumenty/Publikacje własne/Manuscripts/Quantum_interference/data/P1-AL70752_nagniat.sur,160.3421330910997,810.0000000000001,809.0,532.0,655289.9999999508,Aluminium 7075,AL70752,classical,256,256,0,P1,P1-AL70752_nagniat,area,Burnishing,nagniat,simple
429.456011831457,327.133259114379,330.4382999039521,538.8947723260486,405.6896736729729,411.1023927935191,4430.495722430334,2291.434062734852,5098.419384523485,102.32275271707799,99.01771192750489,133.2050986530757,127.79237953252957,2139.0616596954824,-667.9236620931513,0.0,0.0,/Users/dawid/Library/Mobile Documents/com~apple~CloudDocs/Dokumenty/Publikacje własne/Manuscripts/Quantum_interference/data/P1-AL70752_nagniat.sur,354.05196988734946,810.0000000000001,809.0,532.0,655289.9999999508,Aluminium 7075,AL70752,quantum_like,256,256,0,P1,P1-AL70752_nagniat,area,Burnishing,nagniat,simple
330.6961849017718,327.133259114379,330.4382999039521,409.72860503100037,405.6896736729729,411.1023927935191,2405.589397069836,2291.434062734852,5098.419384523485,3.562925787392811,0.25788499781971846,4.038931358027448,-1.373787762518691,114.15533433498425,-2692.829987453649,0.0,0.0,/Users/dawid/Library/Mobile Documents/com~apple~CloudDocs/Dokumenty/Publikacje własne/Manuscripts/Quantum_interference/data/P1-AL70752_nagniat.sur,66.37794819604676,810.0000000000001,809.0,532.0,655289.9999999508,Aluminium 7075,AL70752,hybrid,256,256,0,P1,P1-AL70752_nagniat,area,Burnishing,nagniat,simple
0.19929446088116462,0.0003584054062409802,0.0007220720332325905,0.2495795607561039,0.0005485641750130267,0.0014155996819883096,2.1019772010102176,0.023651161583801494,0.10982922986895624,0.19893605547492366,0.19857238884793205,0.24903099658109087,0.2481639610741156,2.078326039426416,1.9921479711412613,0.0,0.0,/Users/dawid/Library/Mobile Documents/com~apple~CloudDocs/Dokumenty/Publikacje własne/Manuscripts/Quantum_interference/data/P1-AL70752_wedm_wyk.sur,0.24958052750426304,810.0000000000001,809.0,532.0,655289.9999999508,Aluminium 7075,AL70752,classical,256,256,0,P1,P1-AL70752_wedm_wyk,area,Wire EDM (finishing),wedm_wyk,simple
283.3296824744786,0.0003584054062409802,0.0007220720332325905,355.2337664567281,0.0005485641750130267,0.0014155996819883096,3212.8794888738107,0.023651161583801494,0.10982922986895624,283.3293240690723,283.3289604024453,355.2332178925531,355.23235085704613,3212.8558377122267,3212.769659643942,0.0,0.0,/Users/dawid/Library/Mobile Documents/com~apple~CloudDocs/Dokumenty/Publikacje własne/Manuscripts/Quantum_interference/data/P1-AL70752_wedm_wyk.sur,355.23376502193855,810.0000000000001,809.0,532.0,655289.9999999508,Aluminium 7075,AL70752,quantum_like,256,256,0,P1,P1-AL70752_wedm_wyk,area,Wire EDM (finishing),wedm_wyk,simple
15.251323708720754,0.0003584054062409802,0.0007220720332325905,61.01963195559913,0.0005485641750130267,0.0014155996819883096,535.6732609183019,0.023651161583801494,0.10982922986895624,15.250965303314512,15.250601636687522,61.01908339142411,61.01821635591714,535.6496097567182,535.5634316884331,0.0,0.0,/Users/dawid/Library/Mobile Documents/com~apple~CloudDocs/Dokumenty/Publikacje własne/Manuscripts/Quantum_interference/data/P1-AL70752_wedm_wyk.sur,61.01962465205798,810.0000000000001,809.0,532.0,655289.9999999508,Aluminium 7075,AL70752,hybrid,256,256,0,P1,P1-AL70752_wedm_wyk,area,Wire EDM (finishing),wedm_wyk,simple
762.7803828691119,4536.588572664918,5090.885428896734,981.13432780217,5657.7091276911,6421.666175283541,7106.147178228981,58187.247640672605,122915.12441126864,-3773.808189795806,-4328.105046027623,-4676.57479988893,-5440.53184748137,-51081.10046244363,-115808.97723303967,0.0,0.0,/Users/dawid/Library/Mobile Documents/com~apple~CloudDocs/Dokumenty/Publikacje własne/Manuscripts/Quantum_interference/data/P1-AL70752_wedm_zgru_1prz.sur,5749.367373300978,810.0000000000001,809.0,532.0,655289.9999999508,Aluminium 7075,AL70752,classical,256,256,0,P1,P1-AL70752_wedm_zgru_1prz,area,Wire EDM (roughing),wedm_zgru_1prz,simple
4545.477512104564,4536.588572664918,5090.885428896734,5667.597892996239,5657.7091276911,6421.666175283541,58648.42125112964,58187.247640672605,122915.12441126864,8.888939439646348,-545.40791679217,9.888765305139714,-754.0682822873009,461.1736104570324,-64266.703160139,0.0,0.0,/Users/dawid/Library/Mobile Documents/com~apple~CloudDocs/Dokumenty/Publikacje własne/Manuscripts/Quantum_interference/data/P1-AL70752_wedm_zgru_1prz.sur,354.8089066723859,810.0000000000001,809.0,532.0,655289.9999999508,Aluminium 7075,AL70752,quantum_like,256,256,0,P1,P1-AL70752_wedm_zgru_1prz,area,Wire EDM (roughing),wedm_zgru_1prz,simple
2695.8806542568327,4536.588572664918,5090.885428896734,3368.0068354573673,5657.7091276911,6421.666175283541,28248.203782435205,58187.247640672605,122915.12441126864,-1840.7079184080849,-2395.0047746399014,-2289.7022922337324,-3053.659339826173,-29939.0438582374,-94666.92062883342,0.0,0.0,/Users/dawid/Library/Mobile Documents/com~apple~CloudDocs/Dokumenty/Publikacje własne/Manuscripts/Quantum_interference/data/P1-AL70752_wedm_zgru_1prz.sur,3367.5374407611275,810.0000000000001,809.0,532.0,655289.9999999508,Aluminium 7075,AL70752,hybrid,256,256,0,P1,P1-AL70752_wedm_zgru_1prz,area,Wire EDM (roughing),wedm_zgru_1prz,simple
710.5486614062779,374635.40711837687,386337.33015214914,932.1853158328317,468767.4817956795,687536.3225057478,7023.859947821295,7017210.988175499,37520538.8651078,-373924.8584569706,-385626.78149074287,-467835.2964798467,-686604.1371899149,-7010187.128227678,-37513515.005159974,0.0,0.0,/Users/dawid/Library/Mobile Documents/com~apple~CloudDocs/Dokumenty/Publikacje własne/Manuscripts/Quantum_interference/data/P1-AL7075_frez_wyk.sur,468793.7881523287,810.0000000000001,809.0,532.0,655289.9999999508,Aluminium 7075,AL7075,classical,256,256,0,P1,P1-AL7075_frez_wyk,area,Milling (finishing),frez_wyk,simple
386670.4936798844,374635.40711837687,386337.33015214914,469998.16371928866,468767.4817956795,687536.3225057478,3600907.6259192694,7017210.988175499,37520538.8651078,12035.086561507504,333.1635277352288,1230.681923609174,-217538.1587864591,-3416303.36225623,-33919631.23918853,0.0,0.0,/Users/dawid/Library/Mobile Documents/com~apple~CloudDocs/Dokumenty/Publikacje własne/Manuscripts/Quantum_interference/data/P1-AL7075_frez_wyk.sur,345857.2088697976,810.0000000000001,809.0,532.0,655289.9999999508,Aluminium 7075,AL7075,quantum_like,256,256,0,P1,P1-AL7075_frez_wyk,area,Milling (finishing),frez_wyk,simple
335912.8507424501,374635.40711837687,386337.33015214914,410559.2634428755,468767.4817956795,687536.3225057478,2282057.4177339617,7017210.988175499,37520538.8651078,-38722.55637592676,-50424.47940969904,-58208.21835280396,-276977.05906287226,-4735153.570441538,-35238481.44737384,0.0,0.0,/Users/dawid/Library/Mobile Documents/com~apple~CloudDocs/Dokumenty/Publikacje własne/Manuscripts/Quantum_interference/data/P1-AL7075_frez_wyk.sur,257324.45015044796,810.0000000000001,809.0,532.0,655289.9999999508,Aluminium 7075,AL7075,hybrid,256,256,0,P1,P1-AL7075_frez_wyk,area,Milling (finishing),frez_wyk,simple
318.0214947960727,144.15207454052342,176.1165973340421,390.3916602273568,195.0547431686774,345.94806999303705,3065.1294775869505,13395.505415319141,53690.94074605003,173.86942025554927,141.90489746203062,195.3369170586794,44.44359023431974,-10330.37593773219,-50625.81126846308,0.0,0.0,/Users/dawid/Library/Mobile Documents/com~apple~CloudDocs/Dokumenty/Publikacje własne/Manuscripts/Quantum_interference/data/P1-AL7075_frez_zgr.sur,329.63329741345774,810.0000000000001,809.0,532.0,655289.9999999508,Aluminium 7075,AL7075,classical,256,256,0,P1,P1-AL7075_frez_zgr,area,Milling (roughing),frez_zgr,simple
318.3896475963722,144.15207454052342,176.1165973340421,405.0015134465813,195.0547431686774,345.94806999303705,13635.940964517597,13395.505415319141,53690.94074605003,174.2375730558488,142.27305026233012,209.9467702779039,59.053443453544254,240.43554919845596,-40054.99978153244,0.0,0.0,/Users/dawid/Library/Mobile Documents/com~apple~CloudDocs/Dokumenty/Publikacje własne/Manuscripts/Quantum_interference/data/P1-AL7075_frez_zgr.sur,353.9588169731036,810.0000000000001,809.0,532.0,655289.9999999508,Aluminium 7075,AL7075,quantum_like,256,256,0,P1,P1-AL7075_frez_zgr,area,Milling (roughing),frez_zgr,simple
147.18293170632955,144.15207454052342,176.1165973340421,185.39121690519886,195.0547431686774,345.94806999303705,2981.253447689041,13395.505415319141,53690.94074605003,3.0308571658061236,-28.933665627712546,-9.66352626347852,-160.5568530878382,-10414.251967630098,-50709.687298360994,0.0,0.0,/Users/dawid/Library/Mobile Documents/com~apple~CloudDocs/Dokumenty/Publikacje własne/Manuscripts/Quantum_interference/data/P1-AL7075_frez_zgr.sur,108.65721714994834,810.0000000000001,809.0,532.0,655289.9999999508,Aluminium 7075,AL7075,hybrid,256,256,0,P1,P1-AL7075_frez_zgr,area,Milling (roughing),frez_zgr,simple
810.5832103020455,2781.705846909539,2851.069027265254,1031.0658243637104,3200.986502044666,3375.9853169491635,7479.853319391622,15955.285939709558,59633.0796095711,-1971.1226366074936,-2040.4858169632087,-2169.9206776809556,-2344.919492585453,-8475.432620317935,-52153.226290179475,0.0,0.0,/Users/dawid/Library/Mobile Documents/com~apple~CloudDocs/Dokumenty/Publikacje własne/Manuscripts/Quantum_interference/data/P1-AL7075_t_zgrub.sur,3337.061431676072,810.0000000000001,809.0,532.0,655289.9999999508,Aluminium 7075,AL7075,classical,256,256,0,P1,P1-AL7075_t_zgrub,area,Turning (roughing),t_zgrub,simple
2794.1873219551053,2781.705846909539,2851.069027265254,3222.7621526595894,3200.986502044666,3375.9853169491635,17379.975121898555,15955.285939709558,59633.0796095711,12.481475045566263,-56.88170531014858,21.77565061492339,-153.22316428957413,1424.6891821889976,-42253.10448767254,0.0,0.0,/Users/dawid/Library/Mobile Documents/com~apple~CloudDocs/Dokumenty/Publikacje własne/Manuscripts/Quantum_interference/data/P1-AL7075_t_zgrub.sur,355.14023351186506,810.0000000000001,809.0,532.0,655289.9999999508,Aluminium 7075,AL7075,quantum_like,256,256,0,P1,P1-AL7075_t_zgrub,area,Turning (roughing),t_zgrub,simple
1751.7964666582895,2781.705846909539,2851.069027265254,2001.51284677299,3200.986502044666,3375.9853169491635,10868.997894442908,15955.285939709558,59633.0796095711,-1029.9093802512496,-1099.2725606069644,-1199.473655271676,-1374.4724701761736,-5086.2880452666495,-48764.08171512819,0.0,0.0,/Users/dawid/Library/Mobile Documents/com~apple~CloudDocs/Dokumenty/Publikacje własne/Manuscripts/Quantum_interference/data/P1-AL7075_t_zgrub.sur,1341.343962249738,810.0000000000001,809.0,532.0,655289.9999999508,Aluminium 7075,AL7075,hybrid,256,256,0,P1,P1-AL7075_t_zgrub,area,Turning (roughing),t_zgrub,simple
868.8162767387618,130.73348608781825,168.57388938374433,1137.4426244278745,177.0636983466566,322.9701285319562,9782.996095412756,2362.6658188260194,15504.124678627684,738.0827906509435,700.2423873550174,960.3789260812179,814.4724958959184,7420.3302765867365,-5721.128583214929,0.0,0.0,/Users/dawid/Library/Mobile Documents/com~apple~CloudDocs/Dokumenty/Publikacje własne/Manuscripts/Quantum_interference/data/P1-C45_frez_wyk.sur,1156.1351506459466,810.0000000000001,809.0,532.0,655289.9999999508,Steel C45,C45,classical,256,256,0,P1,P1-C45_frez_wyk,area,Milling (finishing),frez_wyk,simple
315.6782807304135,130.73348608781825,168.57388938374433,398.20091562886904,177.0636983466566,322.9701285319562,3886.5788379139894,2362.6658188260194,15504.124678627684,184.9447946425953,147.10439134666922,221.13721728221248,75.23078709691286,1523.91301908797,-11617.545840713696,0.0,0.0,/Users/dawid/Library/Mobile Documents/com~apple~CloudDocs/Dokumenty/Publikacje własne/Manuscripts/Quantum_interference/data/P1-C45_frez_wyk.sur,356.0396306581425,810.0000000000001,809.0,532.0,655289.9999999508,Steel C45,C45,quantum_like,256,256,0,P1,P1-C45_frez_wyk,area,Milling (finishing),frez_wyk,simple
110.50831802126739,130.73348608781825,168.57388938374433,139.89205039734085,177.0636983466566,322.9701285319562,1505.9649640654227,2362.6658188260194,15504.124678627684,-20.225168066550875,-58.06557136247695,-37.17164794931575,-183.07807813461537,-856.7008547605967,-13998.159714562262,0.0,0.0,/Users/dawid/Library/Mobile Documents/com~apple~CloudDocs/Dokumenty/Publikacje własne/Manuscripts/Quantum_interference/data/P1-C45_frez_wyk.sur,164.09545717937615,810.0000000000001,809.0,532.0,655289.9999999508,Steel C45,C45,hybrid,256,256,0,P1,P1-C45_frez_wyk,area,Milling (finishing),frez_wyk,simple
0.19993383117387972,0.013677398688480481,0.014215393199252453,0.25013629369538404,0.016567023530093917,0.017415753488415692,2.0313252981805183,0.16320364671729742,0.3893552769154757,0.18625643248539925,0.18571843797462725,0.23356927016529014,0.23272054020696833,1.8681216514632208,1.6419700212650423,0.0,0.0,/Users/dawid/Library/Mobile Documents/com~apple~CloudDocs/Dokumenty/Publikacje własne/Manuscripts/Quantum_interference/data/P1-C45_frez_zgr.sur,0.24953312034962233,810.0000000000001,809.0,532.0,655289.9999999508,Steel C45,C45,classical,256,256,0,P1,P1-C45_frez_zgr,area,Milling (roughing),frez_zgr,simple
281.9403127172509,0.013677398688480481,0.014215393199252453,353.3285113441404,0.016567023530093917,0.017415753488415692,2994.1586440373385,0.16320364671729742,0.3893552769154757,281.92663531856243,281.9260973240516,353.3119443206103,353.311095590652,2993.9954403906213,2993.769288760423,0.0,0.0,/Users/dawid/Library/Mobile Documents/com~apple~CloudDocs/Dokumenty/Publikacje własne/Manuscripts/Quantum_interference/data/P1-C45_frez_zgr.sur,353.3284563112256,810.0000000000001,809.0,532.0,655289.9999999508,Steel C45,C45,quantum_like,256,256,0,P1,P1-C45_frez_zgr,area,Milling (roughing),frez_zgr,simple
12.634545459074959,0.013677398688480481,0.014215393199252453,56.34209602598184,0.016567023530093917,0.017415753488415692,536.6515310053235,0.16320364671729742,0.3893552769154757,12.620868060386478,12.620330065875708,56.32552900245174,56.32468027249342,536.4883273586062,536.262175728408,0.0,0.0,/Users/dawid/Library/Mobile Documents/com~apple~CloudDocs/Dokumenty/Publikacje własne/Manuscripts/Quantum_interference/data/P1-C45_frez_zgr.sur,56.34201782015952,810.0000000000001,809.0,532.0,655289.9999999508,Steel C45,C45,hybrid,256,256,0,P1,P1-C45_frez_zgr,area,Milling (roughing),frez_zgr,simple
395.71890276375115,170.69015003093372,209.73484587406048,536.6198930617744,520.4751383049718,1330.3937512601992,6113.618278363041,55011.498285111746,157120.78884941927,225.0287527328174,185.98405688969063,16.144754756802524,-793.7738581984249,-48897.88000674871,-151007.17057105622,0.0,0.0,/Users/dawid/Library/Mobile Documents/com~apple~CloudDocs/Dokumenty/Publikacje własne/Manuscripts/Quantum_interference/data/P1-C45_nagniat.sur,751.1478270906568,810.0000000000001,809.0,532.0,655289.9999999508,Steel C45,C45,classical,256,256,0,P1,P1-C45_nagniat,area,Burnishing,nagniat,simple
344.80213458587014,170.69015003093372,209.73484587406048,628.1641576643054,520.4751383049718,1330.3937512601992,54017.12549375497,55011.498285111746,157120.78884941927,174.1119845549364,135.06728871180962,107.68901935933363,-702.2295935958938,-994.3727913567756,-103103.66335566432,0.0,0.0,/Users/dawid/Library/Mobile Documents/com~apple~CloudDocs/Dokumenty/Publikacje własne/Manuscripts/Quantum_interference/data/P1-C45_nagniat.sur,356.0648554534834,810.0000000000001,809.0,532.0,655289.9999999508,Steel C45,C45,quantum_like,256,256,0,P1,P1-C45_nagniat,area,Burnishing,nagniat,simple
162.87516983640157,170.69015003093372,209.73484587406048,280.65830225118816,520.4751383049718,1330.3937512601992,13200.14171943217,55011.498285111746,157120.78884941927,-7.814980194532155,-46.85967603765893,-239.81683605378367,-1049.7354490090113,-41811.356565679576,-143920.64712998713,0.0,0.0,/Users/dawid/Library/Mobile Documents/com~apple~CloudDocs/Dokumenty/Publikacje własne/Manuscripts/Quantum_interference/data/P1-C45_nagniat.sur,396.2289573537502,810.0000000000001,809.0,532.0,655289.9999999508,Steel C45,C45,hybrid,256,256,0,P1,P1-C45_nagniat,area,Burnishing,nagniat,simple
688.8236072733604,5185.610777344909,5352.809007024925,915.543140564401,7146.173032652967,7452.142131531978,7459.514495791003,83837.1018021227,131214.74393826575,-4496.78717007155,-4663.985399751566,-6230.629892088566,-6536.598990967577,-76377.5873063317,-123755.22944247475,0.0,0.0,/Users/dawid/Library/Mobile Documents/com~apple~CloudDocs/Dokumenty/Publikacje własne/Manuscripts/Quantum_interference/data/P1-C45_t_zgrubne.sur,7166.439318242412,810.0000000000001,809.0,532.0,655289.9999999508,Steel C45,C45,classical,256,256,0,P1,P1-C45_t_zgrubne,area,Turning (roughing),t_zgrubne,simple
5194.682350091732,5185.610777344909,5352.809007024925,7154.969771755126,7146.173032652967,7452.142131531978,83811.05947806578,83837.1018021227,131214.74393826575,9.071572746822437,-158.12665693319352,8.796739102159746,-297.1723597768517,-26.042324056927445,-47403.68446019996,0.0,0.0,/Users/dawid/Library/Mobile Documents/com~apple~CloudDocs/Dokumenty/Publikacje własne/Manuscripts/Quantum_interference/data/P1-C45_t_zgrubne.sur,354.7340508399675,810.0000000000001,809.0,532.0,655289.9999999508,Steel C45,C45,quantum_like,256,256,0,P1,P1-C45_t_zgrubne,area,Turning (roughing),t_zgrubne,simple
4591.352281589132,5185.610777344909,5352.809007024925,6424.871675703421,7146.173032652967,7452.142131531978,64697.5554246626,83837.1018021227,131214.74393826575,-594.2584957557781,-761.456725435794,-721.3013569495456,-1027.270455828557,-19139.546377460116,-66517.18851360315,0.0,0.0,/Users/dawid/Library/Mobile Documents/com~apple~CloudDocs/Dokumenty/Publikacje własne/Manuscripts/Quantum_interference/data/P1-C45_t_zgrubne.sur,1876.5961379054386,810.0000000000001,809.0,532.0,655289.9999999508,Steel C45,C45,hybrid,256,256,0,P1,P1-C45_t_zgrubne,area,Turning (roughing),t_zgrubne,simple
691.7219446203376,81448.3135018408,164445.50446808158,914.1040346719733,112903.87193262373,259806.01315388278,8663.510654387064,4583764.4006710155,14845451.98272266,-80756.59155722047,-163753.78252346124,-111989.76789795175,-258891.90911921082,-4575100.890016628,-14836788.472068273,0.0,0.0,/Users/dawid/Library/Mobile Documents/com~apple~CloudDocs/Dokumenty/Publikacje własne/Manuscripts/Quantum_interference/data/P1-C45_wedm_wyk.sur,112801.54949975992,810.0000000000001,809.0,532.0,655289.9999999508,Steel C45,C45,classical,256,256,0,P1,P1-C45_wedm_wyk,area,Wire EDM (finishing),wedm_wyk,simple
485311.0770492234,81448.3135018408,164445.50446808158,636857.5187078465,112903.87193262373,259806.01315388278,4980276.846555921,4583764.4006710155,14845451.98272266,403862.7635473826,320865.57258114184,523953.64677522273,377051.50555396377,396512.44588490616,-9865175.13616674,0.0,0.0,/Users/dawid/Library/Mobile Documents/com~apple~CloudDocs/Dokumenty/Publikacje własne/Manuscripts/Quantum_interference/data/P1-C45_wedm_wyk.sur,633384.2263150393,810.0000000000001,809.0,532.0,655289.9999999508,Steel C45,C45,quantum_like,256,256,0,P1,P1-C45_wedm_wyk,area,Wire EDM (finishing),wedm_wyk,simple
291369.8939289627,81448.3135018408,164445.50446808158,355222.65909874806,112903.87193262373,259806.01315388278,2764991.3737485255,4583764.4006710155,14845451.98272266,209921.58042712187,126924.3894608811,242318.78716612433,95416.64594486527,-1818773.0269224895,-12080460.608974136,0.0,0.0,/Users/dawid/Library/Mobile Documents/com~apple~CloudDocs/Dokumenty/Publikacje własne/Manuscripts/Quantum_interference/data/P1-C45_wedm_wyk.sur,357565.24917189,810.0000000000001,809.0,532.0,655289.9999999508,Steel C45,C45,hybrid,256,256,0,P1,P1-C45_wedm_wyk,area,Wire EDM (finishing),wedm_wyk,simple
721.2656018354807,3569.9070838506477,4474.643435891885,946.6613952719315,5003.580066908198,6990.219229140815,7983.533925127468,155206.2258000693,233363.97390964086,-2848.641482015167,-3753.377834056404,-4056.918671636267,-6043.557833868883,-147222.69187494184,-225380.4399845134,0.0,0.0,/Users/dawid/Library/Mobile Documents/com~apple~CloudDocs/Dokumenty/Publikacje własne/Manuscripts/Quantum_interference/data/P1-C45_wedm_zgru_1prz.sur,5130.336816138443,810.0000000000001,809.0,532.0,655289.9999999508,Steel C45,C45,classical,256,256,0,P1,P1-C45_wedm_zgru_1prz,area,Wire EDM (roughing),wedm_zgru_1prz,simple
3580.726551689037,3569.9070838506477,4474.643435891885,5015.710393925695,5003.580066908198,6990.219229140815,154514.11975461335,155206.2258000693,233363.97390964086,10.81946783838936,-893.9168842028478,12.130327017497013,-1974.5088352151195,-692.1060454559446,-78849.8541550275,0.0,0.0,/Users/dawid/Library/Mobile Documents/com~apple~CloudDocs/Dokumenty/Publikacje własne/Manuscripts/Quantum_interference/data/P1-C45_wedm_zgru_1prz.sur,353.1899925715751,810.0000000000001,809.0,532.0,655289.9999999508,Steel C45,C45,quantum_like,256,256,0,P1,P1-C45_wedm_zgru_1prz,area,Wire EDM (roughing),wedm_zgru_1prz,simple
1951.4486336342088,3569.9070838506477,4474.643435891885,2650.010846468148,5003.580066908198,6990.219229140815,38367.31139947338,155206.2258000693,233363.97390964086,-1618.4584502164387,-2523.1948022576757,-2353.5692204400502,-4340.208382672667,-116838.91440059592,-194996.6625101675,0.0,0.0,/Users/dawid/Library/Mobile Documents/com~apple~CloudDocs/Dokumenty/Publikacje własne/Manuscripts/Quantum_interference/data/P1-C45_wedm_zgru_1prz.sur,3467.3433510767177,810.0000000000001,809.0,532.0,655289.9999999508,Steel C45,C45,hybrid,256,256,0,P1,P1-C45_wedm_zgru_1prz,area,Wire EDM (roughing),wedm_zgru_1prz,simple
152.15241940129553,20.57608432054199,27.297418640221498,202.0598417059906,31.732911762796896,52.32595042339795,1758.1546786363192,644.9031710672818,1708.9317205210828,131.57633508075355,124.85500076107402,170.3269299431937,149.73389128259268,1113.2515075690374,49.222958115236445,0.0,0.0,/Users/dawid/Library/Mobile Documents/com~apple~CloudDocs/Dokumenty/Publikacje własne/Manuscripts/Quantum_interference/data/P1-ELLOR_frez_wyk.sur,201.6241822299337,810.0000000000001,809.0,532.0,655289.9999999508,Graphite,ELLOR,classical,256,256,0,P1,P1-ELLOR_frez_wyk,area,Milling (finishing),frez_wyk,simple
283.1075719450307,20.57608432054199,27.297418640221498,355.36993043957153,31.732911762796896,52.32595042339795,2984.6676771573993,644.9031710672818,1708.9317205210828,262.5314876244887,255.81015330480923,323.63701867677463,303.0439800161736,2339.7645060901173,1275.7359566363166,0.0,0.0,/Users/dawid/Library/Mobile Documents/com~apple~CloudDocs/Dokumenty/Publikacje własne/Manuscripts/Quantum_interference/data/P1-ELLOR_frez_wyk.sur,353.95524005026255,810.0000000000001,809.0,532.0,655289.9999999508,Graphite,ELLOR,quantum_like,256,256,0,P1,P1-ELLOR_frez_wyk,area,Milling (finishing),frez_wyk,simple
31.623296581631962,20.57608432054199,27.297418640221498,64.97247799834902,31.732911762796896,52.32595042339795,695.0286314722912,644.9031710672818,1708.9317205210828,11.04721226108997,4.325877941410463,33.239566235552125,12.646527574951074,50.12546040500931,-1013.9030890487915,0.0,0.0,/Users/dawid/Library/Mobile Documents/com~apple~CloudDocs/Dokumenty/Publikacje własne/Manuscripts/Quantum_interference/data/P1-ELLOR_frez_wyk.sur,65.18894303230348,810.0000000000001,809.0,532.0,655289.9999999508,Graphite,ELLOR,hybrid,256,256,0,P1,P1-ELLOR_frez_wyk,area,Milling (finishing),frez_wyk,simple
0.19961012055098384,0.01334088396177543,0.01663394778151025,0.2501302352900118,0.020928418299710188,0.02991984577749072,2.221154790780896,0.3789701745965676,0.8378487410273452,0.1862692365892084,0.18297617276947362,0.22920181699030162,0.2202103895125211,1.8421846161843285,1.383306049753551,0.0,0.0,/Users/dawid/Library/Mobile Documents/com~apple~CloudDocs/Dokumenty/Publikacje własne/Manuscripts/Quantum_interference/data/P1-ELLOR_frez_zgr.sur,0.24926292461215713,810.0000000000001,809.0,532.0,655289.9999999508,Graphite,ELLOR,classical,256,256,0,P1,P1-ELLOR_frez_zgr,area,Milling (roughing),frez_zgr,simple
282.7758109436696,0.01334088396177543,0.01663394778151025,354.23929887399646,0.020928418299710188,0.02991984577749072,2922.5681896839997,0.3789701745965676,0.8378487410273452,282.7624700597078,282.7591769958881,354.21837045569674,354.20937902821896,2922.1892195094033,2921.7303409429724,0.0,0.0,/Users/dawid/Library/Mobile Documents/com~apple~CloudDocs/Dokumenty/Publikacje własne/Manuscripts/Quantum_interference/data/P1-ELLOR_frez_zgr.sur,354.2393570259891,810.0000000000001,809.0,532.0,655289.9999999508,Graphite,ELLOR,quantum_like,256,256,0,P1,P1-ELLOR_frez_zgr,area,Milling (roughing),frez_zgr,simple
13.340685709403969,0.01334088396177543,0.01663394778151025,56.97066086309218,0.020928418299710188,0.02991984577749072,536.5577168419497,0.3789701745965676,0.8378487410273452,13.327344825442193,13.324051761622458,56.94973244479246,56.940741017314686,536.1787466673532,535.7198681009223,0.0,0.0,/Users/dawid/Library/Mobile Documents/com~apple~CloudDocs/Dokumenty/Publikacje własne/Manuscripts/Quantum_interference/data/P1-ELLOR_frez_zgr.sur,56.970726303330125,810.0000000000001,809.0,532.0,655289.9999999508,Graphite,ELLOR,hybrid,256,256,0,P1,P1-ELLOR_frez_zgr,area,Milling (roughing),frez_zgr,simple
654.7729090663637,1787165.7870731056,2018004.8643047118,866.017814639629,2641894.4982416346,3090351.901157858,8106.270109926933,36281268.04227555,61174725.89370246,-1786511.0141640392,-2017350.0913956456,-2641028.480426995,-3089485.8833432184,-36273161.77216562,-61166619.62359254,0.0,0.0,/Users/dawid/Library/Mobile Documents/com~apple~CloudDocs/Dokumenty/Publikacje własne/Manuscripts/Quantum_interference/data/P1-ELLOR_t_zgrub.sur,2641899.0363427843,810.0000000000001,809.0,532.0,655289.9999999508,Graphite,ELLOR,classical,256,256,0,P1,P1-ELLOR_t_zgrub,area,Turning (roughing),t_zgrub,simple
899192.7972435915,1787165.7870731056,2018004.8643047118,1151517.6237767516,2641894.4982416346,3090351.901157858,9989453.88624742,36281268.04227555,61174725.89370246,-887972.9898295141,-1118812.0670611204,-1490376.8744648832,-1938834.2773811063,-26291814.15602813,-51185272.00745504,0.0,0.0,/Users/dawid/Library/Mobile Documents/com~apple~CloudDocs/Dokumenty/Publikacje własne/Manuscripts/Quantum_interference/data/P1-ELLOR_t_zgrub.sur,2883398.287675384,810.0000000000001,809.0,532.0,655289.9999999508,Graphite,ELLOR,quantum_like,256,256,0,P1,P1-ELLOR_t_zgrub,area,Turning (roughing),t_zgrub,simple
521327.51815772586,1787165.7870731056,2018004.8643047118,657149.1981990769,2641894.4982416346,3090351.901157858,4802764.149879495,36281268.04227555,61174725.89370246,-1265838.2689153797,-1496677.3461469861,-1984745.3000425575,-2433202.702958781,-31478503.89239606,-56371961.74382298,0.0,0.0,/Users/dawid/Library/Mobile Documents/com~apple~CloudDocs/Dokumenty/Publikacje własne/Manuscripts/Quantum_interference/data/P1-ELLOR_t_zgrub.sur,2728957.5553851826,810.0000000000001,809.0,532.0,655289.9999999508,Graphite,ELLOR,hybrid,256,256,0,P1,P1-ELLOR_t_zgrub,area,Turning (roughing),t_zgrub,simple
721.564930589024,949.3128362506651,1288.9111898407098,957.7948715416125,1493.174789438539,2635.0106342366944,8099.88379022937,28667.810212091194,94762.18475820428,-227.74790566164114,-567.3462592516858,-535.3799178969265,-1677.215762695082,-20567.926421861823,-86662.30096797491,0.0,0.0,/Users/dawid/Library/Mobile Documents/com~apple~CloudDocs/Dokumenty/Publikacje własne/Manuscripts/Quantum_interference/data/P1-ELLOR_wedm_wyk.sur,1753.908684315117,810.0000000000001,809.0,532.0,655289.9999999508,Graphite,ELLOR,classical,256,256,0,P1,P1-ELLOR_wedm_wyk,area,Wire EDM (finishing),wedm_wyk,simple
996.9949249970329,949.3128362506651,1288.9111898407098,1536.0014653063558,1493.174789438539,2635.0106342366944,29151.561267700767,28667.810212091194,94762.18475820428,47.68208874636776,-291.9162648436768,42.82667586781694,-1099.0091689303385,483.7510556095727,-65610.62349050352,0.0,0.0,/Users/dawid/Library/Mobile Documents/com~apple~CloudDocs/Dokumenty/Publikacje własne/Manuscripts/Quantum_interference/data/P1-ELLOR_wedm_wyk.sur,353.7787299871554,810.0000000000001,809.0,532.0,655289.9999999508,Graphite,ELLOR,quantum_like,256,256,0,P1,P1-ELLOR_wedm_wyk,area,Wire EDM (finishing),wedm_wyk,simple
494.48917126921225,949.3128362506651,1288.9111898407098,694.074842096376,1493.174789438539,2635.0106342366944,12561.212855148451,28667.810212091194,94762.18475820428,-454.8236649814529,-794.4220185714975,-799.0999473421629,-1940.9357921403184,-16106.59735694274,-82200.97190305583,0.0,0.0,/Users/dawid/Library/Mobile Documents/com~apple~CloudDocs/Dokumenty/Publikacje własne/Manuscripts/Quantum_interference/data/P1-ELLOR_wedm_wyk.sur,1138.003592894487,810.0000000000001,809.0,532.0,655289.9999999508,Graphite,ELLOR,hybrid,256,256,0,P1,P1-ELLOR_wedm_wyk,area,Wire EDM (finishing),wedm_wyk,simple
776.1239105538422,1065.6324171939048,1449.8944742396523,1012.8295243811602,1565.3286439144156,2498.4242966125526,8733.947117944255,32513.359859253404,69211.50170978007,-289.5085066400624,-673.77056368581,-552.4991195332555,-1485.5947722313922,-23779.41274130915,-60477.55459183582,0.0,0.0,/Users/dawid/Library/Mobile Documents/com~apple~CloudDocs/Dokumenty/Publikacje własne/Manuscripts/Quantum_interference/data/P1-ELLOR_wedm_zgru_1prz.sur,1865.5904342123417,810.0000000000001,809.0,532.0,655289.9999999508,Graphite,ELLOR,classical,256,256,0,P1,P1-ELLOR_wedm_zgru_1prz,area,Wire EDM (roughing),wedm_zgru_1prz,simple
1104.9800500236777,1065.6324171939048,1449.8944742396523,1603.7816625382031,1565.3286439144156,2498.4242966125526,33146.31027172322,32513.359859253404,69211.50170978007,39.347632829772934,-344.91442421597463,38.45301862378764,-894.6426340743491,632.9504124698109,-36065.191438056856,0.0,0.0,/Users/dawid/Library/Mobile Documents/com~apple~CloudDocs/Dokumenty/Publikacje własne/Manuscripts/Quantum_interference/data/P1-ELLOR_wedm_zgru_1prz.sur,357.0011320584991,810.0000000000001,809.0,532.0,655289.9999999508,Graphite,ELLOR,quantum_like,256,256,0,P1,P1-ELLOR_wedm_zgru_1prz,area,Wire EDM (roughing),wedm_zgru_1prz,simple
570.5805511275981,1065.6324171939048,1449.8944742396523,765.3113456809116,1565.3286439144156,2498.4242966125526,15058.424603125264,32513.359859253404,69211.50170978007,-495.0518660663065,-879.3139231120541,-800.017298233504,-1733.1129509316406,-17454.93525612814,-54153.07710665481,0.0,0.0,/Users/dawid/Library/Mobile Documents/com~apple~CloudDocs/Dokumenty/Publikacje własne/Manuscripts/Quantum_interference/data/P1-ELLOR_wedm_zgru_1prz.sur,1159.870352473651,810.0000000000001,809.0,532.0,655289.9999999508,Graphite,ELLOR,hybrid,256,256,0,P1,P1-ELLOR_wedm_zgru_1prz,area,Wire EDM (roughing),wedm_zgru_1prz,simple
371.85183390246976,365.53903232290645,371.232885286238,479.9300955395662,419.12377625567063,433.87656132110186,4186.928109907202,3473.2955761941603,10944.451287199645,6.312801579563346,0.618948616231779,60.80631928389555,46.05353421846433,713.6325337130424,-6757.523177292443,0.0,0.0,/Users/dawid/Library/Mobile Documents/com~apple~CloudDocs/Dokumenty/Publikacje własne/Manuscripts/Quantum_interference/data/P1-MO58A_frez_wyk.sur,525.2115478388116,810.0000000000001,809.0,532.0,655289.9999999508,Brass,MO58A,classical,256,256,0,P1,P1-MO58A_frez_wyk,area,Milling (finishing),frez_wyk,simple
444.88366313890907,365.53903232290645,371.232885286238,547.2566729850646,419.12377625567063,433.87656132110186,4373.464363566513,3473.2955761941603,10944.451287199645,79.34463081600262,73.65077785267106,128.13289672939393,113.38011166396272,900.1687873723534,-6570.986923633132,0.0,0.0,/Users/dawid/Library/Mobile Documents/com~apple~CloudDocs/Dokumenty/Publikacje własne/Manuscripts/Quantum_interference/data/P1-MO58A_frez_wyk.sur,351.2748671703417,810.0000000000001,809.0,532.0,655289.9999999508,Brass,MO58A,quantum_like,256,256,0,P1,P1-MO58A_frez_wyk,area,Milling (finishing),frez_wyk,simple
364.99332283428936,365.53903232290645,371.232885286238,419.5260751763272,419.12377625567063,433.87656132110186,2170.3445085396274,3473.2955761941603,10944.451287199645,-0.5457094886170837,-6.239562451948651,0.40229892065657613,-14.350486144774642,-1302.9510676545326,-8774.106778660018,0.0,0.0,/Users/dawid/Library/Mobile Documents/com~apple~CloudDocs/Dokumenty/Publikacje własne/Manuscripts/Quantum_interference/data/P1-MO58A_frez_wyk.sur,87.05513634293406,810.0000000000001,809.0,532.0,655289.9999999508,Brass,MO58A,hybrid,256,256,0,P1,P1-MO58A_frez_wyk,area,Milling (finishing),frez_wyk,simple
661.8376197616358,1551.2293906381824,1635.1765763826413,863.2744011333914,1921.0449903766198,2024.9415456585623,7221.726167650172,11473.279324183392,15746.571803058374,-889.3917708765465,-973.3389566210055,-1057.7705892432284,-1161.667144525171,-4251.55315653322,-8524.845635408203,0.0,0.0,/Users/dawid/Library/Mobile Documents/com~apple~CloudDocs/Dokumenty/Publikacje własne/Manuscripts/Quantum_interference/data/P1-MO58A_frez_zgr.sur,2086.7669994191187,810.0000000000001,809.0,532.0,655289.9999999508,Brass,MO58A,classical,256,256,0,P1,P1-MO58A_frez_zgr,area,Milling (roughing),frez_zgr,simple
1577.4942639427813,1551.2293906381824,1635.1765763826413,1953.2379883256015,1921.0449903766198,2024.9415456585623,13085.847160864116,11473.279324183392,15746.571803058374,26.264873304598996,-57.68231243986008,32.19299794898161,-71.70355733296078,1612.5678366807242,-2660.7246421942586,0.0,0.0,/Users/dawid/Library/Mobile Documents/com~apple~CloudDocs/Dokumenty/Publikacje własne/Manuscripts/Quantum_interference/data/P1-MO58A_frez_zgr.sur,353.2450596539553,810.0000000000001,809.0,532.0,655289.9999999508,Brass,MO58A,quantum_like,256,256,0,P1,P1-MO58A_frez_zgr,area,Milling (roughing),frez_zgr,simple
1252.716429974402,1551.2293906381824,1635.1765763826413,1582.6231709549816,1921.0449903766198,2024.9415456585623,8985.841807295079,11473.279324183392,15746.571803058374,-298.5129606637803,-382.4601464082394,-338.42181942163825,-442.3183747035807,-2487.4375168883125,-6760.729995763295,0.0,0.0,/Users/dawid/Library/Mobile Documents/com~apple~CloudDocs/Dokumenty/Publikacje własne/Manuscripts/Quantum_interference/data/P1-MO58A_frez_zgr.sur,789.3816569234785,810.0000000000001,809.0,532.0,655289.9999999508,Brass,MO58A,hybrid,256,256,0,P1,P1-MO58A_frez_zgr,area,Milling (roughing),frez_zgr,simple
145.35848667240455,145.26033640365523,149.36655947912297,181.13614236477832,180.98995739306156,187.34316490288163,1036.8580554428024,1013.2719698546313,3484.618675857259,0.09815026874930692,-4.008072806718429,0.1461849717167654,-6.2070225381033,23.586085588171315,-2447.7606204144563,0.0,0.0,/Users/dawid/Library/Mobile Documents/com~apple~CloudDocs/Dokumenty/Publikacje własne/Manuscripts/Quantum_interference/data/P1-MO58A_nagniat.sur,9.560959269449663,810.0000000000001,809.0,532.0,655289.9999999508,Brass,MO58A,classical,256,256,0,P1,P1-MO58A_nagniat,area,Burnishing,nagniat,simple
318.87733800024375,145.26033640365523,149.36655947912297,399.24837373819173,180.98995739306156,187.34316490288163,3406.3044385409426,1013.2719698546313,3484.618675857259,173.61700159658852,169.5107785211208,218.25841634513017,211.9052088353101,2393.0324686863114,-78.31423731631644,0.0,0.0,/Users/dawid/Library/Mobile Documents/com~apple~CloudDocs/Dokumenty/Publikacje własne/Manuscripts/Quantum_interference/data/P1-MO58A_nagniat.sur,355.15551271191094,810.0000000000001,809.0,532.0,655289.9999999508,Brass,MO58A,quantum_like,256,256,0,P1,P1-MO58A_nagniat,area,Burnishing,nagniat,simple
152.84016192220002,145.26033640365523,149.36655947912297,192.24403189882335,180.98995739306156,187.34316490288163,1419.0603763079357,1013.2719698546313,3484.618675857259,7.579825518544776,3.473602443077039,11.254074505761817,4.900866995941752,405.78840645330456,-2065.5582995493232,0.0,0.0,/Users/dawid/Library/Mobile Documents/com~apple~CloudDocs/Dokumenty/Publikacje własne/Manuscripts/Quantum_interference/data/P1-MO58A_nagniat.sur,65.45761635300522,810.0000000000001,809.0,532.0,655289.9999999508,Brass,MO58A,hybrid,256,256,0,P1,P1-MO58A_nagniat,area,Burnishing,nagniat,simple
701.3052153483729,1284.9933550707844,1386.8772375518495,896.7163869108247,1636.5550981867475,2154.5371115300177,6948.412667023741,22299.111784202174,97070.55657722981,-583.6881397224114,-685.5720222034765,-739.838711275923,-1257.820724619193,-15350.699117178432,-90122.14391020607,0.0,0.0,/Users/dawid/Library/Mobile Documents/com~apple~CloudDocs/Dokumenty/Publikacje własne/Manuscripts/Quantum_interference/data/P1-MO58A_t_zgrub.sur,1849.1205491809844,810.0000000000001,809.0,532.0,655289.9999999508,Brass,MO58A,classical,256,256,0,P1,P1-MO58A_t_zgrub,area,Turning (roughing),t_zgrub,simple
1317.7121135494829,1284.9933550707844,1386.8772375518495,1677.3568385288613,1636.5550981867475,2154.5371115300177,23618.36462216788,22299.111784202174,97070.55657722981,32.71875847869854,-69.16512400236664,40.8017403421137,-477.18027300115637,1319.2528379657049,-73452.19195506192,0.0,0.0,/Users/dawid/Library/Mobile Documents/com~apple~CloudDocs/Dokumenty/Publikacje własne/Manuscripts/Quantum_interference/data/P1-MO58A_t_zgrub.sur,354.3320669011882,810.0000000000001,809.0,532.0,655289.9999999508,Brass,MO58A,quantum_like,256,256,0,P1,P1-MO58A_t_zgrub,area,Turning (roughing),t_zgrub,simple
926.2034758832968,1284.9933550707844,1386.8772375518495,1165.5607065285749,1636.5550981867475,2154.5371115300177,13396.752129018001,22299.111784202174,97070.55657722981,-358.78987918748743,-460.67376166855263,-470.9943916581727,-988.9764050014428,-8902.359655184171,-83673.8044482118,0.0,0.0,/Users/dawid/Library/Mobile Documents/com~apple~CloudDocs/Dokumenty/Publikacje własne/Manuscripts/Quantum_interference/data/P1-MO58A_t_zgrub.sur,792.7619054438188,810.0000000000001,809.0,532.0,655289.9999999508,Brass,MO58A,hybrid,256,256,0,P1,P1-MO58A_t_zgrub,area,Turning (roughing),t_zgrub,simple
698.0215744381412,340.25414805552055,623.3622952841346,912.4983610245027,610.8953384067628,1678.008257576369,6811.631873196833,23870.72325179736,119387.24119355052,357.76742638262067,74.65927915400657,301.6030226177399,-765.5098965518664,-17059.09137860053,-112575.60932035369,0.0,0.0,/Users/dawid/Library/Mobile Documents/com~apple~CloudDocs/Dokumenty/Publikacje własne/Manuscripts/Quantum_interference/data/P1-MO58A_wedm_wyk.sur,1080.5888546753076,810.0000000000001,809.0,532.0,655289.9999999508,Brass,MO58A,classical,256,256,0,P1,P1-MO58A_wedm_wyk,area,Wire EDM (finishing),wedm_wyk,simple
447.22546241856537,340.25414805552055,623.3622952841346,705.1645612635057,610.8953384067628,1678.008257576369,23612.77048280698,23870.72325179736,119387.24119355052,106.97131436304484,-176.13683286556923,94.26922285674284,-972.8436963128634,-257.9527689903794,-95774.47071074354,0.0,0.0,/Users/dawid/Library/Mobile Documents/com~apple~CloudDocs/Dokumenty/Publikacje własne/Manuscripts/Quantum_interference/data/P1-MO58A_wedm_wyk.sur,353.9349997999257,810.0000000000001,809.0,532.0,655289.9999999508,Brass,MO58A,quantum_like,256,256,0,P1,P1-MO58A_wedm_wyk,area,Wire EDM (finishing),wedm_wyk,simple
242.79844813057804,340.25414805552055,623.3622952841346,386.33733477280896,610.8953384067628,1678.008257576369,9877.837977765546,23870.72325179736,119387.24119355052,-97.4556999249425,-380.5638471535566,-224.55800363395383,-1291.6709228035602,-13992.885274031814,-109509.40321578497,0.0,0.0,/Users/dawid/Library/Mobile Documents/com~apple~CloudDocs/Dokumenty/Publikacje własne/Manuscripts/Quantum_interference/data/P1-MO58A_wedm_wyk.sur,416.7151808760826,810.0000000000001,809.0,532.0,655289.9999999508,Brass,MO58A,hybrid,256,256,0,P1,P1-MO58A_wedm_wyk,area,Wire EDM (finishing),wedm_wyk,simple
705.6001844801839,76181.75825171938,88536.39320245878,913.3322755348984,95543.18876467575,114712.78171870453,6828.11936634969,1160504.7392569627,2608601.8359336206,-75476.1580672392,-87830.7930179786,-94629.85648914086,-113799.44944316964,-1153676.619890613,-2601773.716567271,0.0,0.0,/Users/dawid/Library/Mobile Documents/com~apple~CloudDocs/Dokumenty/Publikacje własne/Manuscripts/Quantum_interference/data/P1-MO58A_wedm_zgru_1prz.sur,95553.72262291724,810.0000000000001,809.0,532.0,655289.9999999508,Brass,MO58A,classical,256,256,0,P1,P1-MO58A_wedm_zgru_1prz,area,Wire EDM (roughing),wedm_zgru_1prz,simple
358021.52297686605,76181.75825171938,88536.39320245878,458286.123836148,95543.18876467575,114712.78171870453,3662199.008124289,1160504.7392569627,2608601.8359336206,281839.7647251467,269485.1297744073,362742.9350714723,343573.3421174435,2501694.2688673264,1053597.1721906688,0.0,0.0,/Users/dawid/Library/Mobile Documents/com~apple~CloudDocs/Dokumenty/Publikacje własne/Manuscripts/Quantum_interference/data/P1-MO58A_wedm_zgru_1prz.sur,450752.76452328195,810.0000000000001,809.0,532.0,655289.9999999508,Brass,MO58A,quantum_like,256,256,0,P1,P1-MO58A_wedm_zgru_1prz,area,Wire EDM (roughing),wedm_zgru_1prz,simple
248550.65734393228,76181.75825171938,88536.39320245878,309965.32939133904,95543.18876467575,114712.78171870453,2371933.5365225007,1160504.7392569627,2608601.8359336206,172368.8990922129,160014.26414147348,214422.14062666325,195252.54767263448,1211428.797265538,-236668.2994111198,0.0,0.0,/Users/dawid/Library/Mobile Documents/com~apple~CloudDocs/Dokumenty/Publikacje własne/Manuscripts/Quantum_interference/data/P1-MO58A_wedm_zgru_1prz.sur,311993.86520233,810.0000000000001,809.0,532.0,655289.9999999508,Brass,MO58A,hybrid,256,256,0,P1,P1-MO58A_wedm_zgru_1prz,area,Wire EDM (roughing),wedm_zgru_1prz,simple
662.6647688775521,469.42585056562103,548.7149225512189,879.0001117293843,610.3819266295891,713.3317760266872,7749.509673381966,5636.036789390006,8954.240732494147,193.23891831193106,113.94984632633316,268.61818509979526,165.66833570269714,2113.4728839919603,-1204.7310591121816,0.0,0.0,/Users/dawid/Library/Mobile Documents/com~apple~CloudDocs/Dokumenty/Publikacje własne/Manuscripts/Quantum_interference/data/P1-Ti6A14V_frez_wyk.sur,1058.5273510553288,810.0000000000001,809.0,532.0,655289.9999999508,Titanium,Ti6A14V,classical,256,256,0,P1,P1-Ti6A14V_frez_wyk,area,Milling (finishing),frez_wyk,simple
550.4071846396486,469.42585056562103,548.7149225512189,704.4952902902451,610.3819266295891,713.3317760266872,6795.652335374395,5636.036789390006,8954.240732494147,80.9813340740275,1.6922620884296147,94.113363660656,-8.836485736442128,1159.6155459843894,-2158.5883971197527,0.0,0.0,/Users/dawid/Library/Mobile Documents/com~apple~CloudDocs/Dokumenty/Publikacje własne/Manuscripts/Quantum_interference/data/P1-Ti6A14V_frez_wyk.sur,355.1175313392071,810.0000000000001,809.0,532.0,655289.9999999508,Titanium,Ti6A14V,quantum_like,256,256,0,P1,P1-Ti6A14V_frez_wyk,area,Milling (finishing),frez_wyk,simple
297.82839374747414,469.42585056562103,548.7149225512189,404.88734831977627,610.3819266295891,713.3317760266872,3731.884758644251,5636.036789390006,8954.240732494147,-171.59745681814692,-250.8865288037448,-205.49457830981285,-308.444427706911,-1904.1520307457542,-5222.355973849896,0.0,0.0,/Users/dawid/Library/Mobile Documents/com~apple~CloudDocs/Dokumenty/Publikacje własne/Manuscripts/Quantum_interference/data/P1-Ti6A14V_frez_wyk.sur,415.94692166615823,810.0000000000001,809.0,532.0,655289.9999999508,Titanium,Ti6A14V,hybrid,256,256,0,P1,P1-Ti6A14V_frez_wyk,area,Milling (finishing),frez_wyk,simple
756.60621300516,641.8688484561754,683.9830450019091,983.1237708534552,822.469868351295,1071.5743326150443,8385.132259368333,21558.194735968656,70791.5363647731,114.73736454898456,72.62316800325094,160.65390250216018,-88.45056176158913,-13173.062476600324,-62406.40410540476,0.0,0.0,/Users/dawid/Library/Mobile Documents/com~apple~CloudDocs/Dokumenty/Publikacje własne/Manuscripts/Quantum_interference/data/P1-Ti6A14V_frez_zgr.sur,1180.9891810072281,810.0000000000001,809.0,532.0,655289.9999999508,Titanium,Ti6A14V,classical,256,256,0,P1,P1-Ti6A14V_frez_zgr,area,Milling (roughing),frez_zgr,simple
703.3038655186242,641.8688484561754,683.9830450019091,894.9555272342723,822.469868351295,1071.5743326150443,21723.947227215896,21558.194735968656,70791.5363647731,61.43501706244881,19.32082051671519,72.48565888297733,-176.61880538077196,165.75249124724033,-49067.589137557195,0.0,0.0,/Users/dawid/Library/Mobile Documents/com~apple~CloudDocs/Dokumenty/Publikacje własne/Manuscripts/Quantum_interference/data/P1-Ti6A14V_frez_zgr.sur,356.08196014571445,810.0000000000001,809.0,532.0,655289.9999999508,Titanium,Ti6A14V,quantum_like,256,256,0,P1,P1-Ti6A14V_frez_zgr,area,Milling (roughing),frez_zgr,simple
597.3979575567391,641.8688484561754,683.9830450019091,749.1345966637695,822.469868351295,1071.5743326150443,5679.318122023664,21558.194735968656,70791.5363647731,-44.47089089943636,-86.58508744516998,-73.33527168752558,-322.4397359512749,-15878.876613944993,-65112.218242749426,0.0,0.0,/Users/dawid/Library/Mobile Documents/com~apple~CloudDocs/Dokumenty/Publikacje własne/Manuscripts/Quantum_interference/data/P1-Ti6A14V_frez_zgr.sur,290.86333065649643,810.0000000000001,809.0,532.0,655289.9999999508,Titanium,Ti6A14V,hybrid,256,256,0,P1,P1-Ti6A14V_frez_zgr,area,Milling (roughing),frez_zgr,simple
633.0930228717879,289.77462995164757,347.8317815466067,832.3050066251961,410.8437237790098,803.7426150092576,7140.251561012284,10313.574305428681,44965.60414799983,343.31839292014024,285.2612413251811,421.4612828461863,28.562391615938406,-3173.322744416397,-37825.352586987545,0.0,0.0,/Users/dawid/Library/Mobile Documents/com~apple~CloudDocs/Dokumenty/Publikacje własne/Manuscripts/Quantum_interference/data/P1-Ti6A14V_nagniat.sur,917.5332980122778,810.0000000000001,809.0,532.0,655289.9999999508,Titanium,Ti6A14V,classical,256,256,0,P1,P1-Ti6A14V_nagniat,area,Burnishing,nagniat,simple
408.03733183801245,289.77462995164757,347.8317815466067,541.5694516730089,410.8437237790098,803.7426150092576,10814.326800432975,10313.574305428681,44965.60414799983,118.26270188636488,60.20555029140579,130.72572789399905,-262.1731633362489,500.7524950042933,-34151.27734756685,0.0,0.0,/Users/dawid/Library/Mobile Documents/com~apple~CloudDocs/Dokumenty/Publikacje własne/Manuscripts/Quantum_interference/data/P1-Ti6A14V_nagniat.sur,355.3495064421608,810.0000000000001,809.0,532.0,655289.9999999508,Titanium,Ti6A14V,quantum_like,256,256,0,P1,P1-Ti6A14V_nagniat,area,Burnishing,nagniat,simple
231.8835465420658,289.77462995164757,347.8317815466067,302.03448270640075,410.8437237790098,803.7426150092576,5286.088673160157,10313.574305428681,44965.60414799983,-57.89108340958178,-115.94823500454088,-108.80924107260903,-501.7081323028569,-5027.485632268524,-39679.515474839674,0.0,0.0,/Users/dawid/Library/Mobile Documents/com~apple~CloudDocs/Dokumenty/Publikacje własne/Manuscripts/Quantum_interference/data/P1-Ti6A14V_nagniat.sur,262.3626304010882,810.0000000000001,809.0,532.0,655289.9999999508,Titanium,Ti6A14V,hybrid,256,256,0,P1,P1-Ti6A14V_nagniat,area,Burnishing,nagniat,simple
516.4251063046869,103.18491123593812,120.19932196150366,637.5511614006431,123.73059001201017,143.5085523769773,4645.858553330672,2667.2561281473622,3825.7073651355636,413.24019506874885,396.2257843431833,513.820571388633,494.0426090236658,1978.60242518331,820.1511881951087,0.0,0.0,/Users/dawid/Library/Mobile Documents/com~apple~CloudDocs/Dokumenty/Publikacje własne/Manuscripts/Quantum_interference/data/P1-Ti6A14V_t_wyk.sur,644.2377308036397,810.0000000000001,809.0,532.0,655289.9999999508,Titanium,Ti6A14V,classical,256,256,0,P1,P1-Ti6A14V_t_wyk,area,Turning (finishing),t_wyk,simple
299.2803803967824,103.18491123593812,120.19932196150366,375.5954462733951,123.73059001201017,143.5085523769773,4025.8687354148306,2667.2561281473622,3825.7073651355636,196.09546916084426,179.08105843527872,251.86485626138497,232.08689389641785,1358.6126072674685,200.16137027926726,0.0,0.0,/Users/dawid/Library/Mobile Documents/com~apple~CloudDocs/Dokumenty/Publikacje własne/Manuscripts/Quantum_interference/data/P1-Ti6A14V_t_wyk.sur,354.44882056573226,810.0000000000001,809.0,532.0,655289.9999999508,Titanium,Ti6A14V,quantum_like,256,256,0,P1,P1-Ti6A14V_t_wyk,area,Turning (finishing),t_wyk,simple
106.6749164754567,103.18491123593812,120.19932196150366,127.32449332534514,123.73059001201017,143.5085523769773,955.9833758351361,2667.2561281473622,3825.7073651355636,3.490005239518582,-13.524405486046957,3.593903313334975,-16.184059051632147,-1711.272752312226,-2869.723989300427,0.0,0.0,/Users/dawid/Library/Mobile Documents/com~apple~CloudDocs/Dokumenty/Publikacje własne/Manuscripts/Quantum_interference/data/P1-Ti6A14V_t_wyk.sur,149.53992672186249,810.0000000000001,809.0,532.0,655289.9999999508,Titanium,Ti6A14V,hybrid,256,256,0,P1,P1-Ti6A14V_t_wyk,area,Turning (finishing),t_wyk,simple
696.5795582268235,2932.855047006961,3004.2986216553054,916.4077411374751,3378.02639502885,3551.4597919526173,8271.33907708545,35489.60649569244,70976.5955354702,-2236.2754887801375,-2307.719063428482,-2461.618653891375,-2635.0520508151426,-27218.26741860699,-62705.25645838475,0.0,0.0,/Users/dawid/Library/Mobile Documents/com~apple~CloudDocs/Dokumenty/Publikacje własne/Manuscripts/Quantum_interference/data/P1-Ti6A14V_t_zgrub.sur,3531.69120048362,810.0000000000001,809.0,532.0,655289.9999999508,Titanium,Ti6A14V,classical,256,256,0,P1,P1-Ti6A14V_t_zgrub,area,Turning (roughing),t_zgrub,simple
2942.0253340287372,2932.855047006961,3004.2986216553054,3397.1874166380594,3378.02639502885,3551.4597919526173,36673.92466751653,35489.60649569244,70976.5955354702,9.170287021776533,-62.273287626568056,19.161021609209513,-154.2723753145582,1184.3181718240867,-34302.670867953675,0.0,0.0,/Users/dawid/Library/Mobile Documents/com~apple~CloudDocs/Dokumenty/Publikacje własne/Manuscripts/Quantum_interference/data/P1-Ti6A14V_t_zgrub.sur,355.3325768909037,810.0000000000001,809.0,532.0,655289.9999999508,Titanium,Ti6A14V,quantum_like,256,256,0,P1,P1-Ti6A14V_t_zgrub,area,Turning (roughing),t_zgrub,simple
1840.2710166814898,2932.855047006961,3004.2986216553054,2128.3849287133885,3378.02639502885,3551.4597919526173,12396.382981156972,35489.60649569244,70976.5955354702,-1092.584030325471,-1164.0276049738156,-1249.641466315461,-1423.0748632392288,-23093.223514535468,-58580.212554313235,0.0,0.0,/Users/dawid/Library/Mobile Documents/com~apple~CloudDocs/Dokumenty/Publikacje własne/Manuscripts/Quantum_interference/data/P1-Ti6A14V_t_zgrub.sur,1420.137086723736,810.0000000000001,809.0,532.0,655289.9999999508,Titanium,Ti6A14V,hybrid,256,256,0,P1,P1-Ti6A14V_t_zgrub,area,Turning (roughing),t_zgrub,simple
699.1574056436847,207.04189770573768,409.00644899786334,906.1395166506833,258.27993904413785,520.0834351728039,6718.272837301325,7062.439869683003,19334.36500722471,492.115507937947,290.15095664582134,647.8595776065455,386.0560814778794,-344.167032381678,-12616.092169923386,0.0,0.0,/Users/dawid/Library/Mobile Documents/com~apple~CloudDocs/Dokumenty/Publikacje własne/Manuscripts/Quantum_interference/data/P1-Ti6A14V_wedm_wyk.sur,956.8248731222171,810.0000000000001,809.0,532.0,655289.9999999508,Titanium,Ti6A14V,classical,256,256,0,P1,P1-Ti6A14V_wedm_wyk,area,Wire EDM (finishing),wedm_wyk,simple
349.2787191433341,207.04189770573768,409.00644899786334,438.3707879188757,258.27993904413785,520.0834351728039,7608.379020396297,7062.439869683003,19334.36500722471,142.2368214375964,-59.72772985452923,180.09084887473787,-81.71264725392817,545.9391507132941,-11725.985986828411,0.0,0.0,/Users/dawid/Library/Mobile Documents/com~apple~CloudDocs/Dokumenty/Publikacje własne/Manuscripts/Quantum_interference/data/P1-Ti6A14V_wedm_wyk.sur,354.70788899724084,810.0000000000001,809.0,532.0,655289.9999999508,Titanium,Ti6A14V,quantum_like,256,256,0,P1,P1-Ti6A14V_wedm_wyk,area,Wire EDM (finishing),wedm_wyk,simple
193.96000110808595,207.04189770573768,409.00644899786334,236.7653466289589,258.27993904413785,520.0834351728039,1587.5022308728649,7062.439869683003,19334.36500722471,-13.081896597651735,-215.04644788977737,-21.514592415178935,-283.31808854384496,-5474.937638810138,-17746.862776351845,0.0,0.0,/Users/dawid/Library/Mobile Documents/com~apple~CloudDocs/Dokumenty/Publikacje własne/Manuscripts/Quantum_interference/data/P1-Ti6A14V_wedm_wyk.sur,163.2413494840395,810.0000000000001,809.0,532.0,655289.9999999508,Titanium,Ti6A14V,hybrid,256,256,0,P1,P1-Ti6A14V_wedm_wyk,area,Wire EDM (finishing),wedm_wyk,simple
684.4152411037062,3566.8007954163995,4401.629858763449,907.9142302415481,4516.990717477603,5552.950033863544,7369.74194142445,47676.136952479326,73584.54434948617,-2882.385554312694,-3717.2146176597435,-3609.076487236054,-4645.035803621997,-40306.395011054876,-66214.80240806172,0.0,0.0,/Users/dawid/Library/Mobile Documents/com~apple~CloudDocs/Dokumenty/Publikacje własne/Manuscripts/Quantum_interference/data/P1-Ti6A14V_wedm_zgru_1prz.sur,4605.710570432943,810.0000000000001,809.0,532.0,655289.9999999508,Titanium,Ti6A14V,classical,256,256,0,P1,P1-Ti6A14V_wedm_zgru_1prz,area,Wire EDM (roughing),wedm_zgru_1prz,simple
3579.1914475226604,3566.8007954163995,4401.629858763449,4531.785218632557,4516.990717477603,5552.950033863544,47111.414638365735,47676.136952479326,73584.54434948617,12.390652106260763,-822.438411240789,14.794501154955054,-1021.1648152309872,-564.7223141135948,-26473.12971112044,0.0,0.0,/Users/dawid/Library/Mobile Documents/com~apple~CloudDocs/Dokumenty/Publikacje własne/Manuscripts/Quantum_interference/data/P1-Ti6A14V_wedm_zgru_1prz.sur,355.4296338348725,810.0000000000001,809.0,532.0,655289.9999999508,Titanium,Ti6A14V,quantum_like,256,256,0,P1,P1-Ti6A14V_wedm_zgru_1prz,area,Wire EDM (roughing),wedm_zgru_1prz,simple
1698.3080261688249,3566.8007954163995,4401.629858763449,2149.332941858337,4516.990717477603,5552.950033863544,20826.961791116664,47676.136952479326,73584.54434948617,-1868.4927692475746,-2703.3218325946245,-2367.657775619265,-3403.6170920052073,-26849.175161362662,-52757.58255836951,0.0,0.0,/Users/dawid/Library/Mobile Documents/com~apple~CloudDocs/Dokumenty/Publikacje własne/Manuscripts/Quantum_interference/data/P1-Ti6A14V_wedm_zgru_1prz.sur,3264.5889907116443,810.0000000000001,809.0,532.0,655289.9999999508,Titanium,Ti6A14V,hybrid,256,256,0,P1,P1-Ti6A14V_wedm_zgru_1prz,area,Wire EDM (roughing),wedm_zgru_1prz,simple
450.51160455516225,301.41656181188597,313.44194181447756,572.4225227151568,434.7065418322733,820.2161239650844,5572.637365868591,8952.504640216148,41617.377154131675,149.09504274327628,137.06966274068472,137.71598088288349,-247.7936012499276,-3379.867274347558,-36044.73978826308,0.0,0.0,/Users/dawid/Library/Mobile Documents/com~apple~CloudDocs/Dokumenty/Publikacje własne/Manuscripts/Quantum_interference/data/Ti_oselkowane.sur,686.0140667436991,810.0000000000001,809.0,532.0,655289.9999999508,Titanium,Ti,classical,256,256,0,,Ti_oselkowane,area,Honed,oselkowane,simple
417.7902961942165,301.41656181188597,313.44194181447756,562.3567762452595,434.7065418322733,820.2161239650844,8848.681581577019,8952.504640216148,41617.377154131675,116.37373438233053,104.34835437973896,127.65023441298628,-257.8593477198248,-103.82305863913058,-32768.69557255466,0.0,0.0,/Users/dawid/Library/Mobile Documents/com~apple~CloudDocs/Dokumenty/Publikacje własne/Manuscripts/Quantum_interference/data/Ti_oselkowane.sur,353.6922371763498,810.0000000000001,809.0,532.0,655289.9999999508,Titanium,Ti,quantum_like,256,256,0,,Ti_oselkowane,area,Honed,oselkowane,simple
295.87678122088306,301.41656181188597,313.44194181447756,384.4330315193793,434.7065418322733,820.2161239650844,4192.927869345398,8952.504640216148,41617.377154131675,-5.539780591002923,-17.56516059359448,-50.27351031289398,-435.78309244570505,-4759.57677087075,-37424.44928478627,0.0,0.0,/Users/dawid/Library/Mobile Documents/com~apple~CloudDocs/Dokumenty/Publikacje własne/Manuscripts/Quantum_interference/data/Ti_oselkowane.sur,197.80163233882337,810.0000000000001,809.0,532.0,655289.9999999508,Titanium,Ti,hybrid,256,256,0,,Ti_oselkowane,area,Honed,oselkowane,simple
665.5878595332481,352.99595449299903,362.86787323690766,870.6923713659633,437.7957437668097,450.1454615793234,7661.4606915193435,2797.1289201102377,5483.871984749424,312.5919050402491,302.71998629634044,432.89662759915353,420.54690978663984,4864.331771409105,2177.5887067699186,0.0,0.0,/Users/dawid/Library/Mobile Documents/com~apple~CloudDocs/Dokumenty/Publikacje własne/Manuscripts/Quantum_interference/data/Ti_szkielkowane.sur,931.1282345961235,810.0000000000001,809.0,532.0,655289.9999999508,Titanium,Ti,classical,256,256,0,,Ti_szkielkowane,area,Glass bead blasted,szkielkowane,simple
449.17096288191334,352.99595449299903,362.86787323690766,560.7007076739651,437.7957437668097,450.1454615793234,4866.279667734667,2797.1289201102377,5483.871984749424,96.17500838891428,86.30308964500564,122.90496390715532,110.55524609464166,2069.150747624429,-617.5923170147577,0.0,0.0,/Users/dawid/Library/Mobile Documents/com~apple~CloudDocs/Dokumenty/Publikacje własne/Manuscripts/Quantum_interference/data/Ti_szkielkowane.sur,352.95911795341067,810.0000000000001,809.0,532.0,655289.9999999508,Titanium,Ti,quantum_like,256,256,0,,Ti_szkielkowane,area,Glass bead blasted,szkielkowane,simple
330.6744702773327,352.99595449299903,362.86787323690766,411.91550681029247,437.7957437668097,450.1454615793234,2535.2914385129798,2797.1289201102377,5483.871984749424,-22.321484215666327,-32.19340295957496,-25.880236956517276,-38.22995476903094,-261.83748159725786,-2948.5805462364447,0.0,0.0,/Users/dawid/Library/Mobile Documents/com~apple~CloudDocs/Dokumenty/Publikacje własne/Manuscripts/Quantum_interference/data/Ti_szkielkowane.sur,184.135809651064,810.0000000000001,809.0,532.0,655289.9999999508,Titanium,Ti,hybrid,256,256,0,,Ti_szkielkowane,area,Glass bead blasted,szkielkowane,simple
667.6026988808178,260.9508386001499,269.0687259091993,880.9141250087649,320.8989163140508,332.064684239527,8042.29766058616,2168.8333199346725,3640.405667431295,406.65186028066796,398.5339729716185,560.0152086947141,548.8494407692378,5873.464340651487,4401.891993154865,0.0,0.0,/Users/dawid/Library/Mobile Documents/com~apple~CloudDocs/Dokumenty/Publikacje własne/Manuscripts/Quantum_interference/data/Ti_szlifowane.sur,896.2075124573678,810.0000000000001,809.0,532.0,655289.9999999508,Titanium,Ti,classical,256,256,0,,Ti_szlifowane,area,Grinding,szlifowane,simple
383.9959609086126,260.9508386001499,269.0687259091993,478.9978433607492,320.8989163140508,332.064684239527,3805.7417053633817,2168.8333199346725,3640.405667431295,123.04512230846268,114.92723499941323,158.09892704669846,146.9331591212222,1636.908385428709,165.33603793208658,0.0,0.0,/Users/dawid/Library/Mobile Documents/com~apple~CloudDocs/Dokumenty/Publikacje własne/Manuscripts/Quantum_interference/data/Ti_szlifowane.sur,356.3630417889832,810.0000000000001,809.0,532.0,655289.9999999508,Titanium,Ti,quantum_like,256,256,0,,Ti_szlifowane,area,Grinding,szlifowane,simple
253.9955756412316,260.9508386001499,269.0687259091993,311.9078488733625,320.8989163140508,332.064684239527,2015.6215818420046,2168.8333199346725,3640.405667431295,-6.955262958918293,-15.073150267967748,-8.99106744068825,-20.156835366164504,-153.21173809266804,-1624.7840855892905,0.0,0.0,/Users/dawid/Library/Mobile Documents/com~apple~CloudDocs/Dokumenty/Publikacje własne/Manuscripts/Quantum_interference/data/Ti_szlifowane.sur,125.49121294939566,810.0000000000001,809.0,532.0,655289.9999999508,Titanium,Ti,hybrid,256,256,0,,Ti_szlifowane,area,Grinding,szlifowane,simple
