Sa_est_nm,Sa_true_bw_nm,Sa_true_nm,Sq_est_nm,Sq_true_bw_nm,Sq_true_nm,Sz_est_nm,Sz_true_bw_nm,Sz_true_nm,bias_Sa_bw_nm,bias_Sa_nm,bias_Sq_bw_nm,bias_Sq_nm,bias_Sz_bw_nm,bias_Sz_nm,deadtime1_s,deadtime2_s,file,height_rmse_nm,lambda1_nm,lambda2_nm,lambda_class_nm,lambda_eff_nm,material,material_code,method,nx,ny,rep,sample_group,stem,sur_resample,treatment,treatment_code,unwrap_method
104.9716703919139,364.8550085944905,382.78488492918075,132.390318940993,522.5751367826276,924.2360826616774,1020.7483671287762,12115.076009263661,44222.947324976805,-259.8833382025767,-277.81321453726684,-390.18481784163464,-791.8457637206843,-11094.327642134886,-43202.19895784802,0.0,0.0,/Users/dawid/Library/Mobile Documents/com~apple~CloudDocs/Dokumenty/Publikacje własne/Manuscripts/Quantum_interference/data/1.4301_oselkowane.sur,559.235236528846,810.0000000000001,809.0,532.0,655289.9999999508,Stainless steel 1.4301 (AISI 304),1.4301,classical,256,256,0,,1.4301_oselkowane,area,Honed,oselkowane,least_squares
679.8306874333944,364.8550085944905,382.78488492918075,879.8787261311965,522.5751367826276,924.2360826616774,14620.428763137976,12115.076009263661,44222.947324976805,314.9756788389038,297.04580250421355,357.30358934856883,-44.35735653048091,2505.3527538743156,-29602.518561838828,0.0,0.0,/Users/dawid/Library/Mobile Documents/com~apple~CloudDocs/Dokumenty/Publikacje własne/Manuscripts/Quantum_interference/data/1.4301_oselkowane.sur,708.1438366915751,810.0000000000001,809.0,532.0,655289.9999999508,Stainless steel 1.4301 (AISI 304),1.4301,quantum_like,256,256,0,,1.4301_oselkowane,area,Honed,oselkowane,least_squares
354.65931502978975,364.8550085944905,382.78488492918075,463.32084188636014,522.5751367826276,924.2360826616774,6424.066232986252,12115.076009263661,44222.947324976805,-10.195693564700791,-28.125569899391014,-59.254294896267496,-460.9152407753172,-5691.0097762774085,-37798.88109199055,0.0,0.0,/Users/dawid/Library/Mobile Documents/com~apple~CloudDocs/Dokumenty/Publikacje własne/Manuscripts/Quantum_interference/data/1.4301_oselkowane.sur,273.39222824773566,810.0000000000001,809.0,532.0,655289.9999999508,Stainless steel 1.4301 (AISI 304),1.4301,hybrid,256,256,0,,1.4301_oselkowane,area,Honed,oselkowane,least_squares
86.92551474808407,357.6011094818264,453.17839917015544,106.90690234802219,439.57733820095774,539.7002414210604,768.0829234403985,2678.634068318592,4309.3120301784875,-270.67559473374234,-366.25288442207136,-332.6704358529355,-432.79333907303817,-1910.5511448781938,-3541.2291067380893,0.0,0.0,/Users/dawid/Library/Mobile Documents/com~apple~CloudDocs/Dokumenty/Publikacje własne/Manuscripts/Quantum_interference/data/1.4301_szkielkowane.sur,443.6905881496816,810.0000000000001,809.0,532.0,655289.9999999508,Stainless steel 1.4301 (AISI 304),1.4301,classical,256,256,0,,1.4301_szkielkowane,area,Glass bead blasted,szkielkowane,least_squares
664.7138741902373,357.6011094818264,453.17839917015544,831.5742438203114,439.57733820095774,539.7002414210604,6937.899024456242,2678.634068318592,4309.3120301784875,307.11276470841096,211.53547502008192,391.99690561935364,291.874002399251,4259.26495613765,2628.5869942777545,0.0,0.0,/Users/dawid/Library/Mobile Documents/com~apple~CloudDocs/Dokumenty/Publikacje własne/Manuscripts/Quantum_interference/data/1.4301_szkielkowane.sur,705.7146736216106,810.0000000000001,809.0,532.0,655289.9999999508,Stainless steel 1.4301 (AISI 304),1.4301,quantum_like,256,256,0,,1.4301_szkielkowane,area,Glass bead blasted,szkielkowane,least_squares
266.20572016874576,357.6011094818264,453.17839917015544,323.675669059887,439.57733820095774,539.7002414210604,2312.4814899137355,2678.634068318592,4309.3120301784875,-91.39538931308063,-186.97267900140963,-115.90166914107068,-216.02457236117328,-366.15257840485685,-1996.8305402647522,0.0,0.0,/Users/dawid/Library/Mobile Documents/com~apple~CloudDocs/Dokumenty/Publikacje własne/Manuscripts/Quantum_interference/data/1.4301_szkielkowane.sur,345.23696137804,810.0000000000001,809.0,532.0,655289.9999999508,Stainless steel 1.4301 (AISI 304),1.4301,hybrid,256,256,0,,1.4301_szkielkowane,area,Glass bead blasted,szkielkowane,least_squares
30.416000055456934,30.413699462010378,33.84118699522956,37.455787955954634,37.45328524655293,41.899689585882065,266.2942011258366,266.08343313585567,417.17396197934573,0.002300593446554547,-3.4251869397726313,0.002502709401703796,-4.443901629927432,0.21076798998093021,-150.8797608535091,0.0,0.0,/Users/dawid/Library/Mobile Documents/com~apple~CloudDocs/Dokumenty/Publikacje własne/Manuscripts/Quantum_interference/data/1.4301_szlifowane.sur,0.24796758757664664,810.0000000000001,809.0,532.0,655289.9999999508,Stainless steel 1.4301 (AISI 304),1.4301,classical,256,256,0,,1.4301_szlifowane,area,Grinding,szlifowane,least_squares
567.6482577841485,30.413699462010378,33.84118699522956,712.4479551087403,37.45328524655293,41.899689585882065,6449.150356652088,266.08343313585567,417.17396197934573,537.2345583221381,533.807070788919,674.9946698621875,670.5482655228582,6183.066923516231,6031.976394672742,0.0,0.0,/Users/dawid/Library/Mobile Documents/com~apple~CloudDocs/Dokumenty/Publikacje własne/Manuscripts/Quantum_interference/data/1.4301_szlifowane.sur,711.1345191396966,810.0000000000001,809.0,532.0,655289.9999999508,Stainless steel 1.4301 (AISI 304),1.4301,quantum_like,256,256,0,,1.4301_szlifowane,area,Grinding,szlifowane,least_squares
108.0334004440774,30.413699462010378,33.84118699522956,157.3169498055456,37.45328524655293,41.899689585882065,1452.1107539086624,266.08343313585567,417.17396197934573,77.61970098206702,74.19221344884782,119.86366455899267,115.41726021966355,1186.0273207728067,1034.9367919293168,0.0,0.0,/Users/dawid/Library/Mobile Documents/com~apple~CloudDocs/Dokumenty/Publikacje własne/Manuscripts/Quantum_interference/data/1.4301_szlifowane.sur,156.40123143193537,810.0000000000001,809.0,532.0,655289.9999999508,Stainless steel 1.4301 (AISI 304),1.4301,hybrid,256,256,0,,1.4301_szlifowane,area,Grinding,szlifowane,least_squares
58.067844218028135,628.2335439287026,719.0243698335206,72.94280472408707,843.387722653666,1182.6790015108243,610.3079236278425,28422.32201382488,88645.45204885582,-570.1656997106744,-660.9565256154924,-770.4449179295789,-1109.7361967867373,-27812.014090197037,-88035.14412522796,0.0,0.0,/Users/dawid/Library/Mobile Documents/com~apple~CloudDocs/Dokumenty/Publikacje własne/Manuscripts/Quantum_interference/data/1.4301_t_wyk.sur,845.4390991224726,810.0000000000001,809.0,532.0,655289.9999999508,Stainless steel 1.4301 (AISI 304),1.4301,classical,256,256,0,,1.4301_t_wyk,area,Turning (finishing),t_wyk,least_squares
839.1972477025761,628.2335439287026,719.0243698335206,1098.3525676891757,843.387722653666,1182.6790015108243,29860.562149994286,28422.32201382488,88645.45204885582,210.96370377387345,120.17287786905548,254.96484503550957,-84.32643382164869,1438.2401361694083,-58784.889898861526,0.0,0.0,/Users/dawid/Library/Mobile Documents/com~apple~CloudDocs/Dokumenty/Publikacje własne/Manuscripts/Quantum_interference/data/1.4301_t_wyk.sur,710.579154420572,810.0000000000001,809.0,532.0,655289.9999999508,Stainless steel 1.4301 (AISI 304),1.4301,quantum_like,256,256,0,,1.4301_t_wyk,area,Turning (finishing),t_wyk,least_squares
291.67834000778765,628.2335439287026,719.0243698335206,422.4755029127459,843.387722653666,1182.6790015108243,10986.200734275215,28422.32201382488,88645.45204885582,-336.55520392091495,-427.3460298257329,-420.9122197409201,-760.2034985980783,-17436.12127954966,-77659.2513145806,0.0,0.0,/Users/dawid/Library/Mobile Documents/com~apple~CloudDocs/Dokumenty/Publikacje własne/Manuscripts/Quantum_interference/data/1.4301_t_wyk.sur,678.6423901412123,810.0000000000001,809.0,532.0,655289.9999999508,Stainless steel 1.4301 (AISI 304),1.4301,hybrid,256,256,0,,1.4301_t_wyk,area,Turning (finishing),t_wyk,least_squares
132.16120826217832,408.0134970138842,467.573643958579,165.7028092098425,522.9588934926375,606.1052304901839,1134.4359000747183,3043.1017019360343,3779.3551222935625,-275.8522887517059,-335.4124356964007,-357.256084282795,-440.4024212803414,-1908.665801861316,-2644.919222218844,0.0,0.0,/Users/dawid/Library/Mobile Documents/com~apple~CloudDocs/Dokumenty/Publikacje własne/Manuscripts/Quantum_interference/data/AL_oselkowane.sur,507.34101312966965,810.0000000000001,809.0,532.0,655289.9999999508,Aluminium 7075,AL,classical,256,256,0,,AL_oselkowane,area,Honed,oselkowane,least_squares
704.4628992479933,408.0134970138842,467.573643958579,882.1510491781669,522.9588934926375,606.1052304901839,7099.11097027081,3043.1017019360343,3779.3551222935625,296.449402234109,236.88925528941422,359.19215568552937,276.045818687983,4056.0092683347752,3319.755847977248,0.0,0.0,/Users/dawid/Library/Mobile Documents/com~apple~CloudDocs/Dokumenty/Publikacje własne/Manuscripts/Quantum_interference/data/AL_oselkowane.sur,712.1104565616497,810.0000000000001,809.0,532.0,655289.9999999508,Aluminium 7075,AL,quantum_like,256,256,0,,AL_oselkowane,area,Honed,oselkowane,least_squares
271.05071698544117,408.0134970138842,467.573643958579,329.0380587419065,522.9588934926375,606.1052304901839,2406.7195966354516,3043.1017019360343,3779.3551222935625,-136.962780028443,-196.52292697313783,-193.92083475073102,-277.0671717482774,-636.3821053005829,-1372.635525658111,0.0,0.0,/Users/dawid/Library/Mobile Documents/com~apple~CloudDocs/Dokumenty/Publikacje własne/Manuscripts/Quantum_interference/data/AL_oselkowane.sur,416.8858946687311,810.0000000000001,809.0,532.0,655289.9999999508,Aluminium 7075,AL,hybrid,256,256,0,,AL_oselkowane,area,Honed,oselkowane,least_squares
114.12670615202536,524.5136807904041,546.3689426510782,139.72643422343347,687.0092608696518,922.2410215602662,909.5127767299974,31199.884564537664,85338.86653628112,-410.3869746383788,-432.2422364990528,-547.2828266462184,-782.5145873368327,-30290.371787807668,-84429.35375955112,0.0,0.0,/Users/dawid/Library/Mobile Documents/com~apple~CloudDocs/Dokumenty/Publikacje własne/Manuscripts/Quantum_interference/data/Al7075_t_wyk.sur,655.2771388396994,810.0000000000001,809.0,532.0,655289.9999999508,Aluminium 7075,Al7075,classical,256,256,0,,Al7075_t_wyk,area,Turning (finishing),t_wyk,least_squares
773.1293163886444,524.5136807904041,546.3689426510782,988.417897239786,687.0092608696518,922.2410215602662,33429.78149579376,31199.884564537664,85338.86653628112,248.6156355982402,226.76037373756614,301.4086363701342,66.17687567951987,2229.8969312560957,-51909.085040487356,0.0,0.0,/Users/dawid/Library/Mobile Documents/com~apple~CloudDocs/Dokumenty/Publikacje własne/Manuscripts/Quantum_interference/data/Al7075_t_wyk.sur,711.5406592904432,810.0000000000001,809.0,532.0,655289.9999999508,Aluminium 7075,Al7075,quantum_like,256,256,0,,Al7075_t_wyk,area,Turning (finishing),t_wyk,least_squares
495.2245185224503,524.5136807904041,546.3689426510782,631.9842182699508,687.0092608696518,922.2410215602662,7310.242035533848,31199.884564537664,85338.86653628112,-29.28916226795384,-51.14442412862791,-55.02504259970102,-290.25680329031536,-23889.642529003813,-78028.62450074726,0.0,0.0,/Users/dawid/Library/Mobile Documents/com~apple~CloudDocs/Dokumenty/Publikacje własne/Manuscripts/Quantum_interference/data/Al7075_t_wyk.sur,288.06377135835027,810.0000000000001,809.0,532.0,655289.9999999508,Aluminium 7075,Al7075,hybrid,256,256,0,,Al7075_t_wyk,area,Turning (finishing),t_wyk,least_squares
129.85822622972591,293.0939529305958,299.70349938185274,161.7844732710162,354.2118986734384,364.15267521941,1113.7890890372096,2154.9281499577382,3032.6030471767835,-163.23572670086986,-169.8452731521268,-192.42742540242216,-202.36820194839382,-1041.1390609205287,-1918.8139581395737,0.0,0.0,/Users/dawid/Library/Mobile Documents/com~apple~CloudDocs/Dokumenty/Publikacje własne/Manuscripts/Quantum_interference/data/Al_szkielkowane.sur,284.0517991393043,810.0000000000001,809.0,532.0,655289.9999999508,Aluminium 7075,Al,classical,256,256,0,,Al_szkielkowane,area,Glass bead blasted,szkielkowane,least_squares
636.1976322321095,293.0939529305958,299.70349938185274,796.7526928427303,354.2118986734384,364.15267521941,6527.603230198955,2154.9281499577382,3032.6030471767835,343.1036793015137,336.4941328502568,442.5407941692919,432.6000176233203,4372.675080241217,3495.0001830221718,0.0,0.0,/Users/dawid/Library/Mobile Documents/com~apple~CloudDocs/Dokumenty/Publikacje własne/Manuscripts/Quantum_interference/data/Al_szkielkowane.sur,711.7957375203524,810.0000000000001,809.0,532.0,655289.9999999508,Aluminium 7075,Al,quantum_like,256,256,0,,Al_szkielkowane,area,Glass bead blasted,szkielkowane,least_squares
305.4704422371073,293.0939529305958,299.70349938185274,370.38831934274083,354.2118986734384,364.15267521941,2470.700924085612,2154.9281499577382,3032.6030471767835,12.376489306511504,5.76694285525457,16.176420669302473,6.235644123330812,315.77277412787373,-561.9021230911715,0.0,0.0,/Users/dawid/Library/Mobile Documents/com~apple~CloudDocs/Dokumenty/Publikacje własne/Manuscripts/Quantum_interference/data/Al_szkielkowane.sur,181.26695897023524,810.0000000000001,809.0,532.0,655289.9999999508,Aluminium 7075,Al,hybrid,256,256,0,,Al_szkielkowane,area,Glass bead blasted,szkielkowane,least_squares
61.546283268875385,63.67904400930688,66.55707432300152,78.72400913503542,81.49109450002742,84.85770719843457,464.7197296775176,473.8258971126187,638.6250286224301,-2.1327607404314946,-5.010791054126134,-2.7670853649920075,-6.133698063399156,-9.106167435101105,-173.90529894491257,0.0,0.0,/Users/dawid/Library/Mobile Documents/com~apple~CloudDocs/Dokumenty/Publikacje własne/Manuscripts/Quantum_interference/data/Al_szlifowane.sur,5.269848137062374,810.0000000000001,809.0,532.0,655289.9999999508,Aluminium 7075,Al,classical,256,256,0,,Al_szlifowane,area,Grinding,szlifowane,least_squares
571.5227572021929,63.67904400930688,66.55707432300152,716.5218686542592,81.49109450002742,84.85770719843457,6575.737493654746,473.8258971126187,638.6250286224301,507.843713192886,504.96568287919143,635.0307741542317,631.6641614558246,6101.911596542127,5937.112465032315,0.0,0.0,/Users/dawid/Library/Mobile Documents/com~apple~CloudDocs/Dokumenty/Publikacje własne/Manuscripts/Quantum_interference/data/Al_szlifowane.sur,711.6354597177243,810.0000000000001,809.0,532.0,655289.9999999508,Aluminium 7075,Al,quantum_like,256,256,0,,Al_szlifowane,area,Grinding,szlifowane,least_squares
127.36770082792394,63.67904400930688,66.55707432300152,171.22194612491853,81.49109450002742,84.85770719843457,1452.6925181951829,473.8258971126187,638.6250286224301,63.68865681861706,60.810626504922425,89.7308516248911,86.36423892648396,978.8666210825642,814.0674895727527,0.0,0.0,/Users/dawid/Library/Mobile Documents/com~apple~CloudDocs/Dokumenty/Publikacje własne/Manuscripts/Quantum_interference/data/Al_szlifowane.sur,153.2119716447455,810.0000000000001,809.0,532.0,655289.9999999508,Aluminium 7075,Al,hybrid,256,256,0,,Al_szlifowane,area,Grinding,szlifowane,least_squares
80.44945000713112,223.31743222772795,297.16816890965,100.42086496831489,272.5381756206323,365.33382951310733,747.1303019813392,1738.0094316217455,2768.298898994887,-142.86798222059684,-216.71871890251887,-172.1173106523174,-264.91296454479243,-990.8791296404064,-2021.168597013548,0.0,0.0,/Users/dawid/Library/Mobile Documents/com~apple~CloudDocs/Dokumenty/Publikacje własne/Manuscripts/Quantum_interference/data/C45_oselkowane.sur,254.2036792528862,810.0000000000001,809.0,532.0,655289.9999999508,Steel C45,C45,classical,256,256,0,,C45_oselkowane,area,Honed,oselkowane,least_squares
608.640162558878,223.31743222772795,297.16816890965,762.9785767734536,272.5381756206323,365.33382951310733,6687.534368122092,1738.0094316217455,2768.298898994887,385.32273033115007,311.47199364922807,490.44040115282127,397.64474726034626,4949.5249365003465,3919.2354691272053,0.0,0.0,/Users/dawid/Library/Mobile Documents/com~apple~CloudDocs/Dokumenty/Publikacje własne/Manuscripts/Quantum_interference/data/C45_oselkowane.sur,711.552225862573,810.0000000000001,809.0,532.0,655289.9999999508,Steel C45,C45,quantum_like,256,256,0,,C45_oselkowane,area,Honed,oselkowane,least_squares
183.64800811572113,223.31743222772795,297.16816890965,229.4199241260867,272.5381756206323,365.33382951310733,1823.9987885536912,1738.0094316217455,2768.298898994887,-39.66942411200683,-113.52016079392888,-43.118251494545596,-135.91390538702063,85.9893569319455,-944.3001104411959,0.0,0.0,/Users/dawid/Library/Mobile Documents/com~apple~CloudDocs/Dokumenty/Publikacje własne/Manuscripts/Quantum_interference/data/C45_oselkowane.sur,258.81313605065077,810.0000000000001,809.0,532.0,655289.9999999508,Steel C45,C45,hybrid,256,256,0,,C45_oselkowane,area,Honed,oselkowane,least_squares
63.14881019189603,201.86236291841112,304.0087497191734,79.81594520063373,252.25718011110456,380.88187998390504,723.3567100825385,1739.620230782732,2637.5771352498405,-138.71355272651508,-240.85993952727742,-172.44123491047085,-301.0659347832713,-1016.2635207001936,-1914.2204251673018,0.0,0.0,/Users/dawid/Library/Mobile Documents/com~apple~CloudDocs/Dokumenty/Publikacje własne/Manuscripts/Quantum_interference/data/C45_szkielkowane.sur,255.7470379122494,810.0000000000001,809.0,532.0,655289.9999999508,Steel C45,C45,classical,256,256,0,,C45_szkielkowane,area,Glass bead blasted,szkielkowane,least_squares
599.9572930983607,201.86236291841112,304.0087497191734,751.772283814412,252.25718011110456,380.88187998390504,6352.246259651374,1739.620230782732,2637.5771352498405,398.0949301799496,295.9485433791873,499.51510370330743,370.89040383050695,4612.626028868642,3714.6691244015337,0.0,0.0,/Users/dawid/Library/Mobile Documents/com~apple~CloudDocs/Dokumenty/Publikacje własne/Manuscripts/Quantum_interference/data/C45_szkielkowane.sur,707.7829931992114,810.0000000000001,809.0,532.0,655289.9999999508,Steel C45,C45,quantum_like,256,256,0,,C45_szkielkowane,area,Glass bead blasted,szkielkowane,least_squares
156.47483439178745,201.86236291841112,304.0087497191734,195.6152951250828,252.25718011110456,380.88187998390504,1727.0496475170974,1739.620230782732,2637.5771352498405,-45.38752852662367,-147.53391532738598,-56.64188498602175,-185.26658485882223,-12.570583265634625,-910.5274877327431,0.0,0.0,/Users/dawid/Library/Mobile Documents/com~apple~CloudDocs/Dokumenty/Publikacje własne/Manuscripts/Quantum_interference/data/C45_szkielkowane.sur,264.40116881719445,810.0000000000001,809.0,532.0,655289.9999999508,Steel C45,C45,hybrid,256,256,0,,C45_szkielkowane,area,Glass bead blasted,szkielkowane,least_squares
72.74288287383264,234.32438033986708,294.2677905732902,90.59430831713777,292.51105888481834,373.10076478927004,675.7130754747697,2256.4749962736864,4746.313267479542,-161.58149746603442,-221.52490769945754,-201.91675056768054,-282.50645647213224,-1580.7619207989167,-4070.6001920047725,0.0,0.0,/Users/dawid/Library/Mobile Documents/com~apple~CloudDocs/Dokumenty/Publikacje własne/Manuscripts/Quantum_interference/data/C45_szlifowane.sur,284.60233019905894,810.0000000000001,809.0,532.0,655289.9999999508,Steel C45,C45,classical,256,256,0,,C45_szlifowane,area,Grinding,szlifowane,least_squares
610.6545286404937,234.32438033986708,294.2677905732902,764.3797861426401,292.51105888481834,373.10076478927004,6407.854058201256,2256.4749962736864,4746.313267479542,376.3301483006267,316.38673806720357,471.8687272578218,391.27902135337007,4151.37906192757,1661.5407907217136,0.0,0.0,/Users/dawid/Library/Mobile Documents/com~apple~CloudDocs/Dokumenty/Publikacje własne/Manuscripts/Quantum_interference/data/C45_szlifowane.sur,707.8141204466431,810.0000000000001,809.0,532.0,655289.9999999508,Steel C45,C45,quantum_like,256,256,0,,C45_szlifowane,area,Grinding,szlifowane,least_squares
206.83062906144912,234.32438033986708,294.2677905732902,255.93283782322885,292.51105888481834,373.10076478927004,2021.6488163833665,2256.4749962736864,4746.313267479542,-27.493751278417946,-87.43716151184107,-36.578221061589495,-117.16792696604121,-234.82617989031976,-2724.664451096176,0.0,0.0,/Users/dawid/Library/Mobile Documents/com~apple~CloudDocs/Dokumenty/Publikacje własne/Manuscripts/Quantum_interference/data/C45_szlifowane.sur,247.09116065251283,810.0000000000001,809.0,532.0,655289.9999999508,Steel C45,C45,hybrid,256,256,0,,C45_szlifowane,area,Grinding,szlifowane,least_squares
61.89278201679297,2732.958658307945,3227.486193601588,77.28569288603687,3775.7730527330605,4810.678022931261,705.437386938483,91545.0493924157,102791.46656079737,-2671.065876291152,-3165.593411584795,-3698.4873598470235,-4733.392330045224,-90839.61200547722,-102086.0291738589,0.0,0.0,/Users/dawid/Library/Mobile Documents/com~apple~CloudDocs/Dokumenty/Publikacje własne/Manuscripts/Quantum_interference/data/C45_t_wyk.sur,3777.2399816972897,810.0000000000001,809.0,532.0,655289.9999999508,Steel C45,C45,classical,256,256,0,,C45_t_wyk,area,Turning (finishing),t_wyk,least_squares
2801.641443222342,2732.958658307945,3227.486193601588,3844.495719302171,3775.7730527330605,4810.678022931261,92096.42946485119,91545.0493924157,102791.46656079737,68.68278491439715,-425.844750379246,68.72266656911056,-966.1823036290897,551.3800724354809,-10695.037095946192,0.0,0.0,/Users/dawid/Library/Mobile Documents/com~apple~CloudDocs/Dokumenty/Publikacje własne/Manuscripts/Quantum_interference/data/C45_t_wyk.sur,710.7144423139755,810.0000000000001,809.0,532.0,655289.9999999508,Steel C45,C45,quantum_like,256,256,0,,C45_t_wyk,area,Turning (finishing),t_wyk,least_squares
1691.4345522899068,2732.958658307945,3227.486193601588,2214.758271624589,3775.7730527330605,4810.678022931261,29254.11254979321,91545.0493924157,102791.46656079737,-1041.524106018038,-1536.0516413116814,-1561.0147811084717,-2595.919751306672,-62290.9368426225,-73537.35401100416,0.0,0.0,/Users/dawid/Library/Mobile Documents/com~apple~CloudDocs/Dokumenty/Publikacje własne/Manuscripts/Quantum_interference/data/C45_t_wyk.sur,2658.03110079666,810.0000000000001,809.0,532.0,655289.9999999508,Steel C45,C45,hybrid,256,256,0,,C45_t_wyk,area,Turning (finishing),t_wyk,least_squares
67.22437382536883,1234.8140560888633,1520.863677324698,84.90529960987345,1847.786756643374,2711.1025465307293,770.544988590702,36468.104434120825,95448.76015739111,-1167.5896822634945,-1453.6393034993291,-1762.8814570335005,-2626.1972469208554,-35697.559445530125,-94678.2151688004,0.0,0.0,/Users/dawid/Library/Mobile Documents/com~apple~CloudDocs/Dokumenty/Publikacje własne/Manuscripts/Quantum_interference/data/ELLOR_t_wyk.sur,1848.7591487595384,810.0000000000001,809.0,532.0,655289.9999999508,Graphite,ELLOR,classical,256,256,0,,ELLOR_t_wyk,area,Turning (finishing),t_wyk,least_squares
1374.9002535353645,1234.8140560888633,1520.863677324698,1978.4531064029964,1847.786756643374,2711.1025465307293,36047.11692000737,36468.104434120825,95448.76015739111,140.0861974465013,-145.96342378933343,130.66634975962242,-732.6494401277328,-420.98751411345677,-59401.64323738374,0.0,0.0,/Users/dawid/Library/Mobile Documents/com~apple~CloudDocs/Dokumenty/Publikacje własne/Manuscripts/Quantum_interference/data/ELLOR_t_wyk.sur,709.8960282003345,810.0000000000001,809.0,532.0,655289.9999999508,Graphite,ELLOR,quantum_like,256,256,0,,ELLOR_t_wyk,area,Turning (finishing),t_wyk,least_squares
673.1570866956115,1234.8140560888633,1520.863677324698,901.0803986237634,1847.786756643374,2711.1025465307293,11605.420587042085,36468.104434120825,95448.76015739111,-561.6569693932518,-847.7065906290866,-946.7063580196105,-1810.0221479069655,-24862.683847078744,-83843.33957034901,0.0,0.0,/Users/dawid/Library/Mobile Documents/com~apple~CloudDocs/Dokumenty/Publikacje własne/Manuscripts/Quantum_interference/data/ELLOR_t_wyk.sur,1410.5039776912356,810.0000000000001,809.0,532.0,655289.9999999508,Graphite,ELLOR,hybrid,256,256,0,,ELLOR_t_wyk,area,Turning (finishing),t_wyk,least_squares
75.53305464656165,164.77047735641173,182.7126111276782,93.368576330947,327.645724642529,690.4123953098978,682.830411792416,24322.604544626112,72932.940179508,-89.2374227098501,-107.17955648111655,-234.27714831158195,-597.0438189789508,-23639.7741328337,-72250.10976771558,0.0,0.0,/Users/dawid/Library/Mobile Documents/com~apple~CloudDocs/Dokumenty/Publikacje własne/Manuscripts/Quantum_interference/data/Graphite_oselkowane.sur,301.80923570328764,810.0000000000001,809.0,532.0,655289.9999999508,Graphite,Graphite,classical,256,256,0,,Graphite_oselkowane,area,Honed,oselkowane,least_squares
597.1921738274859,164.77047735641173,182.7126111276782,778.7488064540343,327.645724642529,690.4123953098978,23687.455651459386,24322.604544626112,72932.940179508,432.4216964710742,414.47956269980773,451.1030818115053,88.33641114413653,-635.1488931667269,-49245.48452804862,0.0,0.0,/Users/dawid/Library/Mobile Documents/com~apple~CloudDocs/Dokumenty/Publikacje własne/Manuscripts/Quantum_interference/data/Graphite_oselkowane.sur,707.8982769878223,810.0000000000001,809.0,532.0,655289.9999999508,Graphite,Graphite,quantum_like,256,256,0,,Graphite_oselkowane,area,Honed,oselkowane,least_squares
189.49360489167177,164.77047735641173,182.7126111276782,259.07230943029316,327.645724642529,690.4123953098978,6447.759127802013,24322.604544626112,72932.940179508,24.723127535260037,6.780993763993584,-68.57341521223579,-431.3400858796046,-17874.8454168241,-66485.181051706,0.0,0.0,/Users/dawid/Library/Mobile Documents/com~apple~CloudDocs/Dokumenty/Publikacje własne/Manuscripts/Quantum_interference/data/Graphite_oselkowane.sur,259.7816519802458,810.0000000000001,809.0,532.0,655289.9999999508,Graphite,Graphite,hybrid,256,256,0,,Graphite_oselkowane,area,Honed,oselkowane,least_squares
58.512255805105625,3829.3307503464025,4108.088201239449,74.0867592017799,4832.412944308994,5287.391144681693,695.2338720017204,69264.72898160366,134314.12938102838,-3770.818494541297,-4049.575945434344,-4758.326185107214,-5213.3043854799125,-68569.49510960195,-133618.89550902665,0.0,0.0,/Users/dawid/Library/Mobile Documents/com~apple~CloudDocs/Dokumenty/Publikacje własne/Manuscripts/Quantum_interference/data/Graphite_szkielkowane.sur,4832.271261326587,810.0000000000001,809.0,532.0,655289.9999999508,Graphite,Graphite,classical,256,256,0,,Graphite_szkielkowane,area,Glass bead blasted,szkielkowane,least_squares
3866.8258001392214,3829.3307503464025,4108.088201239449,4881.973193259132,4832.412944308994,5287.391144681693,70493.73844990038,69264.72898160366,134314.12938102838,37.49504979281881,-241.26240110022772,49.56024895013817,-405.4179514225601,1229.0094682967094,-63820.390931128015,0.0,0.0,/Users/dawid/Library/Mobile Documents/com~apple~CloudDocs/Dokumenty/Publikacje własne/Manuscripts/Quantum_interference/data/Graphite_szkielkowane.sur,707.9585063013951,810.0000000000001,809.0,532.0,655289.9999999508,Graphite,Graphite,quantum_like,256,256,0,,Graphite_szkielkowane,area,Glass bead blasted,szkielkowane,least_squares
2620.548082664895,3829.3307503464025,4108.088201239449,3339.375724024155,4832.412944308994,5287.391144681693,25779.50702051899,69264.72898160366,134314.12938102838,-1208.7826676815075,-1487.540118574554,-1493.0372202848396,-1948.015420657538,-43485.22196108468,-108534.6223605094,0.0,0.0,/Users/dawid/Library/Mobile Documents/com~apple~CloudDocs/Dokumenty/Publikacje własne/Manuscripts/Quantum_interference/data/Graphite_szkielkowane.sur,2425.6966540128365,810.0000000000001,809.0,532.0,655289.9999999508,Graphite,Graphite,hybrid,256,256,0,,Graphite_szkielkowane,area,Glass bead blasted,szkielkowane,least_squares
62.994615883915394,675.9230923447734,734.1358655009894,79.55844236140818,895.8246310633954,988.924907794223,717.2923944267178,21297.018942900188,31332.969758396513,-612.928476460858,-671.141249617074,-816.2661887019872,-909.3664654328148,-20579.72654847347,-30615.677363969797,0.0,0.0,/Users/dawid/Library/Mobile Documents/com~apple~CloudDocs/Dokumenty/Publikacje własne/Manuscripts/Quantum_interference/data/Graphite_szlifowane.sur,914.0726139839729,810.0000000000001,809.0,532.0,655289.9999999508,Graphite,Graphite,classical,256,256,0,,Graphite_szlifowane,area,Grinding,szlifowane,least_squares
881.4406528597104,675.9230923447734,734.1358655009894,1141.6663725149972,895.8246310633954,988.924907794223,22252.86071708803,21297.018942900188,31332.969758396513,205.517560514937,147.30478735872094,245.8417414516017,152.7414647207741,955.8417741878435,-9080.109041308482,0.0,0.0,/Users/dawid/Library/Mobile Documents/com~apple~CloudDocs/Dokumenty/Publikacje własne/Manuscripts/Quantum_interference/data/Graphite_szlifowane.sur,709.8457744105202,810.0000000000001,809.0,532.0,655289.9999999508,Graphite,Graphite,quantum_like,256,256,0,,Graphite_szlifowane,area,Grinding,szlifowane,least_squares
604.4824097382314,675.9230923447734,734.1358655009894,763.7911917232286,895.8246310633954,988.924907794223,10458.499206840326,21297.018942900188,31332.969758396513,-71.44068260654203,-129.65345576275809,-132.03343934016678,-225.13371607099438,-10838.519736059863,-20874.470551556187,0.0,0.0,/Users/dawid/Library/Mobile Documents/com~apple~CloudDocs/Dokumenty/Publikacje własne/Manuscripts/Quantum_interference/data/Graphite_szlifowane.sur,436.05239775020783,810.0000000000001,809.0,532.0,655289.9999999508,Graphite,Graphite,hybrid,256,256,0,,Graphite_szlifowane,area,Grinding,szlifowane,least_squares
0.4075229875835637,0.35947247736976634,0.38374216577089826,0.5043094312947835,0.4394336278553746,0.49961149964288243,6.164249002952293,6.1562334806096946,14.90811096860517,0.048050510213797394,0.023780821812665477,0.06487580343940887,0.004697931651901062,0.00801552234259911,-8.743861965652876,0.0,0.0,/Users/dawid/Library/Mobile Documents/com~apple~CloudDocs/Dokumenty/Publikacje własne/Manuscripts/Quantum_interference/data/MO58A_t_wyk.sur,0.24897125764437858,810.0000000000001,809.0,532.0,655289.9999999508,Brass,MO58A,classical,256,256,0,,MO58A_t_wyk,area,Turning (finishing),t_wyk,least_squares
565.0426579494434,0.35947247736976634,0.38374216577089826,708.7380234243652,0.4394336278553746,0.49961149964288243,6053.286683237734,6.1562334806096946,14.90811096860517,564.6831854720737,564.6589157836725,708.2985897965099,708.2384119247223,6047.130449757125,6038.378572269129,0.0,0.0,/Users/dawid/Library/Mobile Documents/com~apple~CloudDocs/Dokumenty/Publikacje własne/Manuscripts/Quantum_interference/data/MO58A_t_wyk.sur,708.7385285129075,810.0000000000001,809.0,532.0,655289.9999999508,Brass,MO58A,quantum_like,256,256,0,,MO58A_t_wyk,area,Turning (finishing),t_wyk,least_squares
91.81749018928008,0.35947247736976634,0.38374216577089826,155.3550950192406,0.4394336278553746,0.49961149964288243,1084.7504911830101,6.1562334806096946,14.90811096860517,91.45801771191032,91.43374802350918,154.91566139138524,154.85548351959773,1078.5942577024005,1069.842380214405,0.0,0.0,/Users/dawid/Library/Mobile Documents/com~apple~CloudDocs/Dokumenty/Publikacje własne/Manuscripts/Quantum_interference/data/MO58A_t_wyk.sur,155.35656112813317,810.0000000000001,809.0,532.0,655289.9999999508,Brass,MO58A,hybrid,256,256,0,,MO58A_t_wyk,area,Turning (finishing),t_wyk,least_squares
159.93113387402474,688.6196300447552,792.9141407912094,193.48241788764525,904.1179706233471,1032.4920184592152,1239.3448526727066,9300.9527165155,23497.55744491682,-528.6884961707306,-632.9830069171848,-710.6355527357019,-839.00960057157,-8061.607863842793,-22258.212592244116,0.0,0.0,/Users/dawid/Library/Mobile Documents/com~apple~CloudDocs/Dokumenty/Publikacje własne/Manuscripts/Quantum_interference/data/Mosiadz_oselkowane.sur,911.8504579854088,810.0000000000001,809.0,532.0,655289.9999999508,Brass,Mosiadz,classical,256,256,0,,Mosiadz_oselkowane,area,Honed,oselkowane,least_squares
896.7086032318977,688.6196300447552,792.9141407912094,1151.0115459781082,904.1179706233471,1032.4920184592152,10726.07108883139,9300.9527165155,23497.55744491682,208.0889731871424,103.79446244068815,246.8935753547611,118.51952751889303,1425.1183723158902,-12771.48635608543,0.0,0.0,/Users/dawid/Library/Mobile Documents/com~apple~CloudDocs/Dokumenty/Publikacje własne/Manuscripts/Quantum_interference/data/Mosiadz_oselkowane.sur,708.4902509664497,810.0000000000001,809.0,532.0,655289.9999999508,Brass,Mosiadz,quantum_like,256,256,0,,Mosiadz_oselkowane,area,Honed,oselkowane,least_squares
384.2796884516471,688.6196300447552,792.9141407912094,527.6080359534265,904.1179706233471,1032.4920184592152,4412.564898421701,9300.9527165155,23497.55744491682,-304.3399415931081,-408.63445233956236,-376.50993466992065,-504.8839825057887,-4888.387818093799,-19084.99254649512,0.0,0.0,/Users/dawid/Library/Mobile Documents/com~apple~CloudDocs/Dokumenty/Publikacje własne/Manuscripts/Quantum_interference/data/Mosiadz_oselkowane.sur,664.6281955971039,810.0000000000001,809.0,532.0,655289.9999999508,Brass,Mosiadz,hybrid,256,256,0,,Mosiadz_oselkowane,area,Honed,oselkowane,least_squares
78.35348940380865,1960.2922291845982,2155.756816476956,99.59108708493828,2463.686862640799,2802.067527088578,873.3099535828027,25506.974684978308,82025.36716815887,-1881.9387397807895,-2077.4033270731475,-2364.0957755558607,-2702.4764400036397,-24633.664731395504,-81152.05721457607,0.0,0.0,/Users/dawid/Library/Mobile Documents/com~apple~CloudDocs/Dokumenty/Publikacje własne/Manuscripts/Quantum_interference/data/Mosiadz_szkielkowane.sur,2462.6992468905405,810.0000000000001,809.0,532.0,655289.9999999508,Brass,Mosiadz,classical,256,256,0,,Mosiadz_szkielkowane,area,Glass bead blasted,szkielkowane,least_squares
2037.4853494433523,1960.2922291845982,2155.756816476956,2565.6476071544566,2463.686862640799,2802.067527088578,25583.140824327573,25506.974684978308,82025.36716815887,77.19312025875406,-118.27146703360364,101.96074451365766,-236.4199199341214,76.16613934926757,-56442.2263438313,0.0,0.0,/Users/dawid/Library/Mobile Documents/com~apple~CloudDocs/Dokumenty/Publikacje własne/Manuscripts/Quantum_interference/data/Mosiadz_szkielkowane.sur,709.6691372621389,810.0000000000001,809.0,532.0,655289.9999999508,Brass,Mosiadz,quantum_like,256,256,0,,Mosiadz_szkielkowane,area,Glass bead blasted,szkielkowane,least_squares
743.4061812418767,1960.2922291845982,2155.756816476956,916.9360603762583,2463.686862640799,2802.067527088578,7032.561300188825,25506.974684978308,82025.36716815887,-1216.8860479427217,-1412.3506352350794,-1546.7508022645404,-1885.1314667123195,-18474.41338478948,-74992.80586797005,0.0,0.0,/Users/dawid/Library/Mobile Documents/com~apple~CloudDocs/Dokumenty/Publikacje własne/Manuscripts/Quantum_interference/data/Mosiadz_szkielkowane.sur,2001.2215173927136,810.0000000000001,809.0,532.0,655289.9999999508,Brass,Mosiadz,hybrid,256,256,0,,Mosiadz_szkielkowane,area,Glass bead blasted,szkielkowane,least_squares
57.08243528487014,147625.37736720787,169535.81421614034,71.50559222392977,179484.55133750872,204695.70044101938,588.9491100746469,1012664.1213782984,1248162.7352467102,-147568.294931923,-169478.73178085548,-179413.04574528476,-204624.19484879545,-1012075.1722682236,-1247573.7861366356,0.0,0.0,/Users/dawid/Library/Mobile Documents/com~apple~CloudDocs/Dokumenty/Publikacje własne/Manuscripts/Quantum_interference/data/Mosiadz_szlifowane.sur,179486.8110160278,810.0000000000001,809.0,532.0,655289.9999999508,Brass,Mosiadz,classical,256,256,0,,Mosiadz_szlifowane,area,Grinding,szlifowane,least_squares
109367.2485454888,147625.37736720787,169535.81421614034,136763.3258351531,179484.55133750872,204695.70044101938,1088357.5808513095,1012664.1213782984,1248162.7352467102,-38258.12882171908,-60168.56567065155,-42721.2255023556,-67932.37460586628,75693.45947301101,-159805.1543954008,0.0,0.0,/Users/dawid/Library/Mobile Documents/com~apple~CloudDocs/Dokumenty/Publikacje własne/Manuscripts/Quantum_interference/data/Mosiadz_szlifowane.sur,224362.33608717704,810.0000000000001,809.0,532.0,655289.9999999508,Brass,Mosiadz,quantum_like,256,256,0,,Mosiadz_szlifowane,area,Grinding,szlifowane,least_squares
97687.79877424093,147625.37736720787,169535.81421614034,121690.40452882195,179484.55133750872,204695.70044101938,927692.8380864345,1012664.1213782984,1248162.7352467102,-49937.578592966944,-71848.01544189942,-57794.14680868676,-83005.29591219744,-84971.2832918639,-320469.8971602757,0.0,0.0,/Users/dawid/Library/Mobile Documents/com~apple~CloudDocs/Dokumenty/Publikacje własne/Manuscripts/Quantum_interference/data/Mosiadz_szlifowane.sur,217746.7592314014,810.0000000000001,809.0,532.0,655289.9999999508,Brass,Mosiadz,hybrid,256,256,0,,Mosiadz_szlifowane,area,Grinding,szlifowane,least_squares
62.07231444429734,1814.9785180712133,1863.3965300423874,77.61183645852087,2162.205641859635,2274.685531479601,651.9347757022842,18381.20786678298,42456.7727785019,-1752.9062036269158,-1801.32421559809,-2084.593805401114,-2197.0736950210803,-17729.2730910807,-41804.83800279962,0.0,0.0,/Users/dawid/Library/Mobile Documents/com~apple~CloudDocs/Dokumenty/Publikacje własne/Manuscripts/Quantum_interference/data/P1-1.4301-t.zgrub.sur,2163.227351873514,810.0000000000001,809.0,532.0,655289.9999999508,Stainless steel 1.4301 (AISI 304),1.4301,classical,256,256,0,P1,P1-1.4301-t.zgrub,area,Turning (roughing),t.zgrub,least_squares
1880.379054690137,1814.9785180712133,1863.3965300423874,2277.7855639278237,2162.205641859635,2274.685531479601,19797.765223129158,18381.20786678298,42456.7727785019,65.40053661892388,16.98252464774974,115.57992206818871,3.100032448222444,1416.5573563461764,-22659.007555372744,0.0,0.0,/Users/dawid/Library/Mobile Documents/com~apple~CloudDocs/Dokumenty/Publikacje własne/Manuscripts/Quantum_interference/data/P1-1.4301-t.zgrub.sur,710.9302072369742,810.0000000000001,809.0,532.0,655289.9999999508,Stainless steel 1.4301 (AISI 304),1.4301,quantum_like,256,256,0,P1,P1-1.4301-t.zgrub,area,Turning (roughing),t.zgrub,least_squares
1141.0786867381012,1814.9785180712133,1863.3965300423874,1345.7867089412784,2162.205641859635,2274.685531479601,12645.096349046426,18381.20786678298,42456.7727785019,-673.8998313331122,-722.3178433042863,-816.4189329183565,-928.8988225383227,-5736.111517736557,-29811.676429455478,0.0,0.0,/Users/dawid/Library/Mobile Documents/com~apple~CloudDocs/Dokumenty/Publikacje własne/Manuscripts/Quantum_interference/data/P1-1.4301-t.zgrub.sur,1029.6340638662396,810.0000000000001,809.0,532.0,655289.9999999508,Stainless steel 1.4301 (AISI 304),1.4301,hybrid,256,256,0,P1,P1-1.4301-t.zgrub,area,Turning (roughing),t.zgrub,least_squares
260.3681171828068,305.23317869964404,347.6274194739767,317.9445678333927,413.1752042656368,601.8393081218546,1862.0737775339715,18927.89092613333,78579.84712886067,-44.86506151683725,-87.25930229116992,-95.23063643224411,-283.89474028846195,-17065.817148599355,-76717.77335132669,0.0,0.0,/Users/dawid/Library/Mobile Documents/com~apple~CloudDocs/Dokumenty/Publikacje własne/Manuscripts/Quantum_interference/data/P1-1.4301_frez_wyk.sur,603.4245297165909,810.0000000000001,809.0,532.0,655289.9999999508,Stainless steel 1.4301 (AISI 304),1.4301,classical,256,256,0,P1,P1-1.4301_frez_wyk,area,Milling (finishing),frez_wyk,least_squares
649.8304830420902,305.23317869964404,347.6274194739767,821.7206828933478,413.1752042656368,601.8393081218546,20562.50984549834,18927.89092613333,78579.84712886067,344.59730434244625,302.2030635681136,408.5454786277109,219.88137477149306,1634.6189193650162,-58017.33728336232,0.0,0.0,/Users/dawid/Library/Mobile Documents/com~apple~CloudDocs/Dokumenty/Publikacje własne/Manuscripts/Quantum_interference/data/P1-1.4301_frez_wyk.sur,711.0938995429318,810.0000000000001,809.0,532.0,655289.9999999508,Stainless steel 1.4301 (AISI 304),1.4301,quantum_like,256,256,0,P1,P1-1.4301_frez_wyk,area,Milling (finishing),frez_wyk,least_squares
281.491564136727,305.23317869964404,347.6274194739767,351.65332830021725,413.1752042656368,601.8393081218546,4182.9795818701095,18927.89092613333,78579.84712886067,-23.741614562917086,-66.13585533724975,-61.521875965419575,-250.18597982163743,-14744.911344263217,-74396.86754699056,0.0,0.0,/Users/dawid/Library/Mobile Documents/com~apple~CloudDocs/Dokumenty/Publikacje własne/Manuscripts/Quantum_interference/data/P1-1.4301_frez_wyk.sur,270.6013607744595,810.0000000000001,809.0,532.0,655289.9999999508,Stainless steel 1.4301 (AISI 304),1.4301,hybrid,256,256,0,P1,P1-1.4301_frez_wyk,area,Milling (finishing),frez_wyk,least_squares
152.07067731900415,764.4718619642408,779.0817824786186,185.08972701193915,887.9798147663537,914.4578575056264,1215.1396046991144,8664.031748120799,25224.51211973308,-612.4011846452366,-627.0111051596144,-702.8900877544145,-729.3681304936872,-7448.8921434216845,-24009.37251503397,0.0,0.0,/Users/dawid/Library/Mobile Documents/com~apple~CloudDocs/Dokumenty/Publikacje własne/Manuscripts/Quantum_interference/data/P1-1.4301_frez_zgrub.sur,905.2950689443227,810.0000000000001,809.0,532.0,655289.9999999508,Stainless steel 1.4301 (AISI 304),1.4301,classical,256,256,0,P1,P1-1.4301_frez_zgrub,area,Milling (roughing),frez_zgrub,least_squares
928.7451977257919,764.4718619642408,779.0817824786186,1136.007513974833,887.9798147663537,914.4578575056264,10522.787596543452,8664.031748120799,25224.51211973308,164.273335761551,149.6634152471733,248.02769920847948,221.54965646920675,1858.755848422654,-14701.72452318963,0.0,0.0,/Users/dawid/Library/Mobile Documents/com~apple~CloudDocs/Dokumenty/Publikacje własne/Manuscripts/Quantum_interference/data/P1-1.4301_frez_zgrub.sur,707.1448107041963,810.0000000000001,809.0,532.0,655289.9999999508,Stainless steel 1.4301 (AISI 304),1.4301,quantum_like,256,256,0,P1,P1-1.4301_frez_zgrub,area,Milling (roughing),frez_zgrub,least_squares
681.5819656078198,764.4718619642408,779.0817824786186,783.5640198624592,887.9798147663537,914.4578575056264,4489.990117140983,8664.031748120799,25224.51211973308,-82.88989635642105,-97.49981687079877,-104.41579490389451,-130.89383764316722,-4174.041630979817,-20734.5220025921,0.0,0.0,/Users/dawid/Library/Mobile Documents/com~apple~CloudDocs/Dokumenty/Publikacje własne/Manuscripts/Quantum_interference/data/P1-1.4301_frez_zgrub.sur,273.59770949098765,810.0000000000001,809.0,532.0,655289.9999999508,Stainless steel 1.4301 (AISI 304),1.4301,hybrid,256,256,0,P1,P1-1.4301_frez_zgrub,area,Milling (roughing),frez_zgrub,least_squares
174.69191955618663,192.10411714460616,205.35721843028773,204.11227671213538,341.92217999220065,751.2053660424251,1041.3663753874816,36240.82265559685,70877.09415226404,-17.412197588419545,-30.665298874101115,-137.80990328006524,-547.0930893302898,-35199.45628020937,-69835.72777687655,0.0,0.0,/Users/dawid/Library/Mobile Documents/com~apple~CloudDocs/Dokumenty/Publikacje własne/Manuscripts/Quantum_interference/data/P1-1.4301_nagniat.sur,283.6945440402498,810.0000000000001,809.0,532.0,655289.9999999508,Stainless steel 1.4301 (AISI 304),1.4301,classical,256,256,0,P1,P1-1.4301_nagniat,area,Burnishing,nagniat,least_squares
597.4461826271321,192.10411714460616,205.35721843028773,783.5325350306991,341.92217999220065,751.2053660424251,35981.45558472022,36240.82265559685,70877.09415226404,405.3420654825259,392.0889641968443,441.61035503849854,32.327168988274074,-259.36707087662296,-34895.63856754381,0.0,0.0,/Users/dawid/Library/Mobile Documents/com~apple~CloudDocs/Dokumenty/Publikacje własne/Manuscripts/Quantum_interference/data/P1-1.4301_nagniat.sur,706.4564875616792,810.0000000000001,809.0,532.0,655289.9999999508,Stainless steel 1.4301 (AISI 304),1.4301,quantum_like,256,256,0,P1,P1-1.4301_nagniat,area,Burnishing,nagniat,least_squares
211.98211625722155,192.10411714460616,205.35721843028773,273.3998796976402,341.92217999220065,751.2053660424251,6510.780320804763,36240.82265559685,70877.09415226404,19.877999112615395,6.624897826933826,-68.52230029456044,-477.80548634478487,-29730.042334792088,-64366.31383145927,0.0,0.0,/Users/dawid/Library/Mobile Documents/com~apple~CloudDocs/Dokumenty/Publikacje własne/Manuscripts/Quantum_interference/data/P1-1.4301_nagniat.sur,267.21305935833357,810.0000000000001,809.0,532.0,655289.9999999508,Stainless steel 1.4301 (AISI 304),1.4301,hybrid,256,256,0,P1,P1-1.4301_nagniat,area,Burnishing,nagniat,least_squares
63.852132864511006,328.9596386783718,631.8049335855268,80.48519017625324,494.03734571699454,1158.9868653377114,745.9477611020582,28919.772544372994,76898.75565772936,-265.1075058138608,-567.9528007210158,-413.5521555407413,-1078.501675161458,-28173.824783270935,-76152.8078966273,0.0,0.0,/Users/dawid/Library/Mobile Documents/com~apple~CloudDocs/Dokumenty/Publikacje własne/Manuscripts/Quantum_interference/data/P1-1.4301_wedm_wyk.sur,490.9485427580491,810.0000000000001,809.0,532.0,655289.9999999508,Stainless steel 1.4301 (AISI 304),1.4301,classical,256,256,0,P1,P1-1.4301_wedm_wyk,area,Wire EDM (finishing),wedm_wyk,least_squares
663.1745106330336,328.9596386783718,631.8049335855268,868.6638936036692,494.03734571699454,1158.9868653377114,28673.847360916883,28919.772544372994,76898.75565772936,334.21487195466176,31.36957704750679,374.62654788667464,-290.32297173404214,-245.92518345611373,-48224.908296812486,0.0,0.0,/Users/dawid/Library/Mobile Documents/com~apple~CloudDocs/Dokumenty/Publikacje własne/Manuscripts/Quantum_interference/data/P1-1.4301_wedm_wyk.sur,711.5210614413775,810.0000000000001,809.0,532.0,655289.9999999508,Stainless steel 1.4301 (AISI 304),1.4301,quantum_like,256,256,0,P1,P1-1.4301_wedm_wyk,area,Wire EDM (finishing),wedm_wyk,least_squares
266.2492793745027,328.9596386783718,631.8049335855268,353.43425333600214,494.03734571699454,1158.9868653377114,9558.307706593949,28919.772544372994,76898.75565772936,-62.71035930386914,-365.55565421102415,-140.60309238099242,-805.5526120017092,-19361.464837779047,-67340.44795113541,0.0,0.0,/Users/dawid/Library/Mobile Documents/com~apple~CloudDocs/Dokumenty/Publikacje własne/Manuscripts/Quantum_interference/data/P1-1.4301_wedm_wyk.sur,371.7814184807545,810.0000000000001,809.0,532.0,655289.9999999508,Stainless steel 1.4301 (AISI 304),1.4301,hybrid,256,256,0,P1,P1-1.4301_wedm_wyk,area,Wire EDM (finishing),wedm_wyk,least_squares
0.2037740962826756,0.04307600837950057,0.05372627427155684,0.2560670754626786,0.05772079793605276,0.08613583044120729,2.6539028997940135,1.9896324086203703,3.412098775156563,0.160698087903175,0.15004782201111874,0.19834627752662584,0.1699312450214713,0.6642704911736432,-0.7581958753625492,0.0,0.0,/Users/dawid/Library/Mobile Documents/com~apple~CloudDocs/Dokumenty/Publikacje własne/Manuscripts/Quantum_interference/data/P1-1.4301_wedm_zgru.sur,0.2490601627046664,810.0000000000001,809.0,532.0,655289.9999999508,Stainless steel 1.4301 (AISI 304),1.4301,classical,256,256,0,P1,P1-1.4301_wedm_zgru,area,Wire EDM (roughing),wedm_zgru,least_squares
563.214841373828,0.04307600837950057,0.05372627427155684,705.8408071822769,0.05772079793605276,0.08613583044120729,6180.013413199566,1.9896324086203703,3.412098775156563,563.1717653654486,563.1611150995565,705.7830863843409,705.7546713518358,6178.023780790945,6176.601314424409,0.0,0.0,/Users/dawid/Library/Mobile Documents/com~apple~CloudDocs/Dokumenty/Publikacje własne/Manuscripts/Quantum_interference/data/P1-1.4301_wedm_zgru.sur,705.8411266571081,810.0000000000001,809.0,532.0,655289.9999999508,Stainless steel 1.4301 (AISI 304),1.4301,quantum_like,256,256,0,P1,P1-1.4301_wedm_zgru,area,Wire EDM (roughing),wedm_zgru,least_squares
83.73680978542907,0.04307600837950057,0.05372627427155684,149.44032027835513,0.05772079793605276,0.08613583044120729,1071.8269220865907,1.9896324086203703,3.412098775156563,83.69373377704957,83.68308351115752,149.38259948041906,149.35418444791392,1069.8372896779701,1068.414823311434,0.0,0.0,/Users/dawid/Library/Mobile Documents/com~apple~CloudDocs/Dokumenty/Publikacje własne/Manuscripts/Quantum_interference/data/P1-1.4301_wedm_zgru.sur,149.4408714970284,810.0000000000001,809.0,532.0,655289.9999999508,Stainless steel 1.4301 (AISI 304),1.4301,hybrid,256,256,0,P1,P1-1.4301_wedm_zgru,area,Wire EDM (roughing),wedm_zgru,least_squares
310.25121971201685,327.133259114379,330.4382999039521,387.0578694499944,405.6896736729729,411.1023927935191,2107.638002819295,2291.434062734852,5098.419384523485,-16.882039402362157,-20.18708019193525,-18.63180422297849,-24.04452334352463,-183.7960599155571,-2990.7813817041906,0.0,0.0,/Users/dawid/Library/Mobile Documents/com~apple~CloudDocs/Dokumenty/Publikacje własne/Manuscripts/Quantum_interference/data/P1-AL70752_nagniat.sur,34.155529724524634,810.0000000000001,809.0,532.0,655289.9999999508,Aluminium 7075,AL70752,classical,256,256,0,P1,P1-AL70752_nagniat,area,Burnishing,nagniat,least_squares
648.0039705534576,327.133259114379,330.4382999039521,812.097237589884,405.6896736729729,411.1023927935191,7170.220207802843,2291.434062734852,5098.419384523485,320.87071143907866,317.5656706495056,406.40756391691104,400.99484479636493,4878.786145067991,2071.8008232793577,0.0,0.0,/Users/dawid/Library/Mobile Documents/com~apple~CloudDocs/Dokumenty/Publikacje własne/Manuscripts/Quantum_interference/data/P1-AL70752_nagniat.sur,703.798041914596,810.0000000000001,809.0,532.0,655289.9999999508,Aluminium 7075,AL70752,quantum_like,256,256,0,P1,P1-AL70752_nagniat,area,Burnishing,nagniat,least_squares
344.82432728376483,327.133259114379,330.4382999039521,429.64271918849283,405.6896736729729,411.1023927935191,2591.2850153008876,2291.434062734852,5098.419384523485,17.69106816938584,14.386027379812749,23.953045515519904,18.540326394973764,299.85095256603597,-2507.1343692225973,0.0,0.0,/Users/dawid/Library/Mobile Documents/com~apple~CloudDocs/Dokumenty/Publikacje własne/Manuscripts/Quantum_interference/data/P1-AL70752_nagniat.sur,155.00923364141596,810.0000000000001,809.0,532.0,655289.9999999508,Aluminium 7075,AL70752,hybrid,256,256,0,P1,P1-AL70752_nagniat,area,Burnishing,nagniat,least_squares
0.19929446088116456,0.0003584054062409802,0.0007220720332325905,0.2495795607561039,0.0005485641750130267,0.0014155996819883096,2.1019772010102034,0.023651161583801494,0.10982922986895624,0.1989360554749236,0.198572388847932,0.24903099658109087,0.2481639610741156,2.078326039426402,1.9921479711412469,0.0,0.0,/Users/dawid/Library/Mobile Documents/com~apple~CloudDocs/Dokumenty/Publikacje własne/Manuscripts/Quantum_interference/data/P1-AL70752_wedm_wyk.sur,0.249580527504263,810.0000000000001,809.0,532.0,655289.9999999508,Aluminium 7075,AL70752,classical,256,256,0,P1,P1-AL70752_wedm_wyk,area,Wire EDM (finishing),wedm_wyk,least_squares
565.7902145541186,0.0003584054062409802,0.0007220720332325905,709.4964590051209,0.0005485641750130267,0.0014155996819883096,6107.942877563448,0.023651161583801494,0.10982922986895624,565.7898561487124,565.7894924820854,709.4959104409457,709.4950434054389,6107.919226401864,6107.833048333579,0.0,0.0,/Users/dawid/Library/Mobile Documents/com~apple~CloudDocs/Dokumenty/Publikacje własne/Manuscripts/Quantum_interference/data/P1-AL70752_wedm_wyk.sur,709.4964563426555,810.0000000000001,809.0,532.0,655289.9999999508,Aluminium 7075,AL70752,quantum_like,256,256,0,P1,P1-AL70752_wedm_wyk,area,Wire EDM (finishing),wedm_wyk,least_squares
86.68082973691519,0.0003584054062409802,0.0007220720332325905,152.76806298347623,0.0005485641750130267,0.0014155996819883096,1070.0765747340838,0.023651161583801494,0.10982922986895624,86.68047133150895,86.68010766488196,152.76751441930122,152.76664738379426,1070.0529235725,1069.9667455042147,0.0,0.0,/Users/dawid/Library/Mobile Documents/com~apple~CloudDocs/Dokumenty/Publikacje własne/Manuscripts/Quantum_interference/data/P1-AL70752_wedm_wyk.sur,152.7680583606236,810.0000000000001,809.0,532.0,655289.9999999508,Aluminium 7075,AL70752,hybrid,256,256,0,P1,P1-AL70752_wedm_wyk,area,Wire EDM (finishing),wedm_wyk,least_squares
62.06827355427501,4536.588572664918,5090.885428896734,77.64625142838582,5657.7091276911,6421.666175283541,647.2612207277431,58187.247640672605,122915.12441126864,-4474.520299110643,-5028.817155342459,-5580.062876262714,-6344.019923855154,-57539.986419944864,-122267.8631905409,0.0,0.0,/Users/dawid/Library/Mobile Documents/com~apple~CloudDocs/Dokumenty/Publikacje własne/Manuscripts/Quantum_interference/data/P1-AL70752_wedm_zgru_1prz.sur,5657.44285127694,810.0000000000001,809.0,532.0,655289.9999999508,Aluminium 7075,AL70752,classical,256,256,0,P1,P1-AL70752_wedm_zgru_1prz,area,Wire EDM (roughing),wedm_zgru_1prz,least_squares
4569.661037856908,4536.588572664918,5090.885428896734,5702.069176707217,5657.7091276911,6421.666175283541,58282.64477456978,58187.247640672605,122915.12441126864,33.07246519198945,-521.2243910398269,44.36004901611668,-719.5969985763239,95.39713389717693,-64632.47963669886,0.0,0.0,/Users/dawid/Library/Mobile Documents/com~apple~CloudDocs/Dokumenty/Publikacje własne/Manuscripts/Quantum_interference/data/P1-AL70752_wedm_zgru_1prz.sur,711.2021460197353,810.0000000000001,809.0,532.0,655289.9999999508,Aluminium 7075,AL70752,quantum_like,256,256,0,P1,P1-AL70752_wedm_zgru_1prz,area,Wire EDM (roughing),wedm_zgru_1prz,least_squares
2697.7150902272897,4536.588572664918,5090.885428896734,3370.2089935911904,5657.7091276911,6421.666175283541,27986.125685483505,58187.247640672605,122915.12441126864,-1838.8734824376281,-2393.1703386694444,-2287.5001340999097,-3051.4571816923503,-30201.1219551891,-94928.99872578513,0.0,0.0,/Users/dawid/Library/Mobile Documents/com~apple~CloudDocs/Dokumenty/Publikacje własne/Manuscripts/Quantum_interference/data/P1-AL70752_wedm_zgru_1prz.sur,3369.204940617845,810.0000000000001,809.0,532.0,655289.9999999508,Aluminium 7075,AL70752,hybrid,256,256,0,P1,P1-AL70752_wedm_zgru_1prz,area,Wire EDM (roughing),wedm_zgru_1prz,least_squares
58.72185592181269,374635.40711837687,386337.33015214914,74.07714593673211,468767.4817956795,687536.3225057478,668.0484240519883,7017210.988175499,37520538.8651078,-374576.6852624551,-386278.60829622735,-468693.40464974276,-687462.245359811,-7016542.939751447,-37519870.81668375,0.0,0.0,/Users/dawid/Library/Mobile Documents/com~apple~CloudDocs/Dokumenty/Publikacje własne/Manuscripts/Quantum_interference/data/P1-AL7075_frez_wyk.sur,468769.52749047545,810.0000000000001,809.0,532.0,655289.9999999508,Aluminium 7075,AL7075,classical,256,256,0,P1,P1-AL7075_frez_wyk,area,Milling (finishing),frez_wyk,least_squares
315145.6362468546,374635.40711837687,386337.33015214914,376646.6171392816,468767.4817956795,687536.3225057478,1740153.8189115708,7017210.988175499,37520538.8651078,-59489.7708715223,-71191.69390529457,-92120.86465639791,-310889.7053664662,-5277057.169263928,-35780385.04619622,0.0,0.0,/Users/dawid/Library/Mobile Documents/com~apple~CloudDocs/Dokumenty/Publikacje własne/Manuscripts/Quantum_interference/data/P1-AL7075_frez_wyk.sur,172650.9391280588,810.0000000000001,809.0,532.0,655289.9999999508,Aluminium 7075,AL7075,quantum_like,256,256,0,P1,P1-AL7075_frez_wyk,area,Milling (finishing),frez_wyk,least_squares
313820.9931142193,374635.40711837687,386337.33015214914,374144.3978944566,468767.4817956795,687536.3225057478,1579703.1512407765,7017210.988175499,37520538.8651078,-60814.41400415758,-72516.33703792986,-94623.08390122294,-313391.9246112912,-5437507.836934722,-35940835.713867016,0.0,0.0,/Users/dawid/Library/Mobile Documents/com~apple~CloudDocs/Dokumenty/Publikacje własne/Manuscripts/Quantum_interference/data/P1-AL7075_frez_wyk.sur,173394.61620147288,810.0000000000001,809.0,532.0,655289.9999999508,Aluminium 7075,AL7075,hybrid,256,256,0,P1,P1-AL7075_frez_wyk,area,Milling (finishing),frez_wyk,least_squares
111.943671315242,144.15207454052342,176.1165973340421,138.2493928135289,195.0547431686774,345.94806999303705,982.7944378487509,13395.505415319141,53690.94074605003,-32.20840322528142,-64.1729260188001,-56.805350355148484,-207.69867717950814,-12412.71097747039,-52708.146308201285,0.0,0.0,/Users/dawid/Library/Mobile Documents/com~apple~CloudDocs/Dokumenty/Publikacje własne/Manuscripts/Quantum_interference/data/P1-AL7075_frez_zgr.sur,125.24509140442234,810.0000000000001,809.0,532.0,655289.9999999508,Aluminium 7075,AL7075,classical,256,256,0,P1,P1-AL7075_frez_zgr,area,Milling (roughing),frez_zgr,least_squares
586.1727385310836,144.15207454052342,176.1165973340421,736.9066462911387,195.0547431686774,345.94806999303705,15394.985118979315,13395.505415319141,53690.94074605003,442.0206639905602,410.0561411970415,541.8519031224613,390.95857629810166,1999.4797036601756,-38295.95562707072,0.0,0.0,/Users/dawid/Library/Mobile Documents/com~apple~CloudDocs/Dokumenty/Publikacje własne/Manuscripts/Quantum_interference/data/P1-AL7075_frez_zgr.sur,710.3776970772565,810.0000000000001,809.0,532.0,655289.9999999508,Aluminium 7075,AL7075,quantum_like,256,256,0,P1,P1-AL7075_frez_zgr,area,Milling (roughing),frez_zgr,least_squares
183.31804116783672,144.15207454052342,176.1165973340421,230.57036427719143,195.0547431686774,345.94806999303705,3201.8662508105213,13395.505415319141,53690.94074605003,39.16596662731332,7.201443833794648,35.51562110851404,-115.37770571584562,-10193.63916450862,-50489.07449523951,0.0,0.0,/Users/dawid/Library/Mobile Documents/com~apple~CloudDocs/Dokumenty/Publikacje własne/Manuscripts/Quantum_interference/data/P1-AL7075_frez_zgr.sur,177.6169406156901,810.0000000000001,809.0,532.0,655289.9999999508,Aluminium 7075,AL7075,hybrid,256,256,0,P1,P1-AL7075_frez_zgr,area,Milling (roughing),frez_zgr,least_squares
59.483643330160604,2781.705846909539,2851.069027265254,75.52909599139294,3200.986502044666,3375.9853169491635,776.221263923084,15955.285939709558,59633.0796095711,-2722.222203579379,-2791.5853839350934,-3125.457406053273,-3300.4562209577707,-15179.064675786474,-58856.85834564801,0.0,0.0,/Users/dawid/Library/Mobile Documents/com~apple~CloudDocs/Dokumenty/Publikacje własne/Manuscripts/Quantum_interference/data/P1-AL7075_t_zgrub.sur,3200.5198856245715,810.0000000000001,809.0,532.0,655289.9999999508,Aluminium 7075,AL7075,classical,256,256,0,P1,P1-AL7075_t_zgrub,area,Turning (roughing),t_zgrub,least_squares
2826.1596055394325,2781.705846909539,2851.069027265254,3277.066117876749,3200.986502044666,3375.9853169491635,18582.98364861068,15955.285939709558,59633.0796095711,44.453758629893436,-24.909421725821414,76.07961583208309,-98.91919907241443,2627.697708901122,-41050.09596096042,0.0,0.0,/Users/dawid/Library/Mobile Documents/com~apple~CloudDocs/Dokumenty/Publikacje własne/Manuscripts/Quantum_interference/data/P1-AL7075_t_zgrub.sur,708.6537148294293,810.0000000000001,809.0,532.0,655289.9999999508,Aluminium 7075,AL7075,quantum_like,256,256,0,P1,P1-AL7075_t_zgrub,area,Turning (roughing),t_zgrub,least_squares
1751.972248264872,2781.705846909539,2851.069027265254,2003.0604304282288,3200.986502044666,3375.9853169491635,10899.772122701705,15955.285939709558,59633.0796095711,-1029.7335986446672,-1099.096779000382,-1197.9260716164374,-1372.924886520935,-5055.5138170078535,-48733.30748686939,0.0,0.0,/Users/dawid/Library/Mobile Documents/com~apple~CloudDocs/Dokumenty/Publikacje własne/Manuscripts/Quantum_interference/data/P1-AL7075_t_zgrub.sur,1348.3501885388657,810.0000000000001,809.0,532.0,655289.9999999508,Aluminium 7075,AL7075,hybrid,256,256,0,P1,P1-AL7075_t_zgrub,area,Turning (roughing),t_zgrub,least_squares
97.02472234932772,130.73348608781825,168.57388938374433,123.58324995416746,177.0636983466566,322.9701285319562,1047.8551458165252,2362.6658188260194,15504.124678627684,-33.70876373849053,-71.54916703441661,-53.48044839248914,-199.38687857778874,-1314.8106730094942,-14456.269532811159,0.0,0.0,/Users/dawid/Library/Mobile Documents/com~apple~CloudDocs/Dokumenty/Publikacje własne/Manuscripts/Quantum_interference/data/P1-C45_frez_wyk.sur,214.16756217821273,810.0000000000001,809.0,532.0,655289.9999999508,Steel C45,C45,classical,256,256,0,P1,P1-C45_frez_wyk,area,Milling (finishing),frez_wyk,least_squares
582.088874486691,130.73348608781825,168.57388938374433,729.4536470256207,177.0636983466566,322.9701285319562,6189.278683434177,2362.6658188260194,15504.124678627684,451.3553883988728,413.5149851029467,552.3899486789642,406.4835184936646,3826.612864608158,-9314.845995193507,0.0,0.0,/Users/dawid/Library/Mobile Documents/com~apple~CloudDocs/Dokumenty/Publikacje własne/Manuscripts/Quantum_interference/data/P1-C45_frez_wyk.sur,708.8425709166427,810.0000000000001,809.0,532.0,655289.9999999508,Steel C45,C45,quantum_like,256,256,0,P1,P1-C45_frez_wyk,area,Milling (finishing),frez_wyk,least_squares
143.20812240735307,130.73348608781825,168.57388938374433,181.08656933572087,177.0636983466566,322.9701285319562,1663.2590870282725,2362.6658188260194,15504.124678627684,12.474636319534802,-25.365766976391278,4.022870989064266,-141.88355919623535,-699.406731797747,-13840.865591599413,0.0,0.0,/Users/dawid/Library/Mobile Documents/com~apple~CloudDocs/Dokumenty/Publikacje własne/Manuscripts/Quantum_interference/data/P1-C45_frez_wyk.sur,204.79777752694181,810.0000000000001,809.0,532.0,655289.9999999508,Steel C45,C45,hybrid,256,256,0,P1,P1-C45_frez_wyk,area,Milling (finishing),frez_wyk,least_squares
0.19993383117387972,0.013677398688480481,0.014215393199252453,0.250136293695384,0.016567023530093917,0.017415753488415692,2.0313252981805054,0.16320364671729742,0.3893552769154757,0.18625643248539925,0.18571843797462725,0.23356927016529008,0.23272054020696828,1.8681216514632082,1.6419700212650297,0.0,0.0,/Users/dawid/Library/Mobile Documents/com~apple~CloudDocs/Dokumenty/Publikacje własne/Manuscripts/Quantum_interference/data/P1-C45_frez_zgr.sur,0.24953312034962227,810.0000000000001,809.0,532.0,655289.9999999508,Steel C45,C45,classical,256,256,0,P1,P1-C45_frez_zgr,area,Milling (roughing),frez_zgr,least_squares
565.9319147083581,0.013677398688480481,0.014215393199252453,709.3988849107312,0.016567023530093917,0.017415753488415692,5941.4491352504065,0.16320364671729742,0.3893552769154757,565.9182373096696,565.9176993151589,709.3823178872011,709.3814691572428,5941.285931603689,5941.059779973491,0.0,0.0,/Users/dawid/Library/Mobile Documents/com~apple~CloudDocs/Dokumenty/Publikacje własne/Manuscripts/Quantum_interference/data/P1-C45_frez_zgr.sur,709.3988526583317,810.0000000000001,809.0,532.0,655289.9999999508,Steel C45,C45,quantum_like,256,256,0,P1,P1-C45_frez_zgr,area,Milling (roughing),frez_zgr,least_squares
86.72786161448029,0.013677398688480481,0.014215393199252453,151.82043009011454,0.016567023530093917,0.017415753488415692,1075.2198155328326,0.16320364671729742,0.3893552769154757,86.71418421579182,86.71364622128105,151.80386306658446,151.80301433662612,1075.0566118861152,1074.8304602559172,0.0,0.0,/Users/dawid/Library/Mobile Documents/com~apple~CloudDocs/Dokumenty/Publikacje własne/Manuscripts/Quantum_interference/data/P1-C45_frez_zgr.sur,151.82033024152753,810.0000000000001,809.0,532.0,655289.9999999508,Steel C45,C45,hybrid,256,256,0,P1,P1-C45_frez_zgr,area,Milling (roughing),frez_zgr,least_squares
101.69219222533012,170.69015003093372,209.73484587406048,128.32737887379182,520.4751383049718,1330.3937512601992,980.5667093009256,55011.498285111746,157120.78884941927,-68.99795780560359,-108.04265364873037,-392.1477594311801,-1202.0663723864075,-54030.93157581082,-156140.22214011836,0.0,0.0,/Users/dawid/Library/Mobile Documents/com~apple~CloudDocs/Dokumenty/Publikacje własne/Manuscripts/Quantum_interference/data/P1-C45_nagniat.sur,504.0302976572182,810.0000000000001,809.0,532.0,655289.9999999508,Steel C45,C45,classical,256,256,0,P1,P1-C45_nagniat,area,Burnishing,nagniat,least_squares
609.5113300575752,170.69015003093372,209.73484587406048,882.1154682280903,520.4751383049718,1330.3937512601992,55575.31934779835,55011.498285111746,157120.78884941927,438.8211800266414,399.77648418351464,361.64032992311843,-448.278283032109,563.8210626866048,-101545.46950162093,0.0,0.0,/Users/dawid/Library/Mobile Documents/com~apple~CloudDocs/Dokumenty/Publikacje własne/Manuscripts/Quantum_interference/data/P1-C45_nagniat.sur,711.7938864511854,810.0000000000001,809.0,532.0,655289.9999999508,Steel C45,C45,quantum_like,256,256,0,P1,P1-C45_nagniat,area,Burnishing,nagniat,least_squares
191.72003889447222,170.69015003093372,209.73484587406048,308.64183358173386,520.4751383049718,1330.3937512601992,13631.517159554665,55011.498285111746,157120.78884941927,21.02988886353851,-18.01480697958826,-211.83330472323794,-1021.7519176784654,-41379.981125557075,-143489.27168986463,0.0,0.0,/Users/dawid/Library/Mobile Documents/com~apple~CloudDocs/Dokumenty/Publikacje własne/Manuscripts/Quantum_interference/data/P1-C45_nagniat.sur,416.4395634532085,810.0000000000001,809.0,532.0,655289.9999999508,Steel C45,C45,hybrid,256,256,0,P1,P1-C45_nagniat,area,Burnishing,nagniat,least_squares
62.88054976254726,5185.610777344909,5352.809007024925,78.74089739394955,7146.173032652967,7452.142131531978,622.7349244649769,83837.1018021227,131214.74393826575,-5122.730227582362,-5289.928457262378,-7067.432135259017,-7373.4012341380285,-83214.36687765774,-130592.00901380077,0.0,0.0,/Users/dawid/Library/Mobile Documents/com~apple~CloudDocs/Dokumenty/Publikacje własne/Manuscripts/Quantum_interference/data/P1-C45_t_zgrubne.sur,7139.452779734899,810.0000000000001,809.0,532.0,655289.9999999508,Steel C45,C45,classical,256,256,0,P1,P1-C45_t_zgrubne,area,Turning (roughing),t_zgrubne,least_squares
5219.66241584589,5185.610777344909,5352.809007024925,7179.217843563499,7146.173032652967,7452.142131531978,84283.10405576484,83837.1018021227,131214.74393826575,34.05163850098052,-133.14659117903543,33.04481091053253,-272.9242879684789,446.00225364212645,-46931.63988250091,0.0,0.0,/Users/dawid/Library/Mobile Documents/com~apple~CloudDocs/Dokumenty/Publikacje własne/Manuscripts/Quantum_interference/data/P1-C45_t_zgrubne.sur,707.1357729973315,810.0000000000001,809.0,532.0,655289.9999999508,Steel C45,C45,quantum_like,256,256,0,P1,P1-C45_t_zgrubne,area,Turning (roughing),t_zgrubne,least_squares
4590.458045608569,5185.610777344909,5352.809007024925,6423.843218429749,7146.173032652967,7452.142131531978,64497.52880016338,83837.1018021227,131214.74393826575,-595.1527317363414,-762.3509614163573,-722.3298142232176,-1028.2989131022289,-19339.57300195933,-66717.21513810237,0.0,0.0,/Users/dawid/Library/Mobile Documents/com~apple~CloudDocs/Dokumenty/Publikacje własne/Manuscripts/Quantum_interference/data/P1-C45_t_zgrubne.sur,1880.1080484396311,810.0000000000001,809.0,532.0,655289.9999999508,Steel C45,C45,hybrid,256,256,0,P1,P1-C45_t_zgrubne,area,Turning (roughing),t_zgrubne,least_squares
61.47333618516872,81448.3135018408,164445.50446808158,77.22548117328344,112903.87193262373,259806.01315388278,756.6172150934437,4583764.4006710155,14845451.98272266,-81386.84016565562,-164384.0311318964,-112826.64645145045,-259728.78767270947,-4583007.783455921,-14844695.36550757,0.0,0.0,/Users/dawid/Library/Mobile Documents/com~apple~CloudDocs/Dokumenty/Publikacje własne/Manuscripts/Quantum_interference/data/P1-C45_wedm_wyk.sur,112910.58162510986,810.0000000000001,809.0,532.0,655289.9999999508,Steel C45,C45,classical,256,256,0,P1,P1-C45_wedm_wyk,area,Wire EDM (finishing),wedm_wyk,least_squares
61908.260111138996,81448.3135018408,164445.50446808158,77256.55820122566,112903.87193262373,259806.01315388278,609738.0423295929,4583764.4006710155,14845451.98272266,-19540.053390701803,-102537.24435694258,-35647.31373139807,-182549.4549526571,-3974026.358341423,-14235713.940393068,0.0,0.0,/Users/dawid/Library/Mobile Documents/com~apple~CloudDocs/Dokumenty/Publikacje własne/Manuscripts/Quantum_interference/data/P1-C45_wedm_wyk.sur,97533.35727973383,810.0000000000001,809.0,532.0,655289.9999999508,Steel C45,C45,quantum_like,256,256,0,P1,P1-C45_wedm_wyk,area,Wire EDM (finishing),wedm_wyk,least_squares
46973.62348224756,81448.3135018408,164445.50446808158,58065.135568855716,112903.87193262373,259806.01315388278,387020.5207784108,4583764.4006710155,14845451.98272266,-34474.69001959325,-117471.88098583402,-54838.73636376802,-201740.87758502705,-4196743.879892604,-14458431.46194425,0.0,0.0,/Users/dawid/Library/Mobile Documents/com~apple~CloudDocs/Dokumenty/Publikacje własne/Manuscripts/Quantum_interference/data/P1-C45_wedm_wyk.sur,102727.11420284773,810.0000000000001,809.0,532.0,655289.9999999508,Steel C45,C45,hybrid,256,256,0,P1,P1-C45_wedm_wyk,area,Wire EDM (finishing),wedm_wyk,least_squares
57.87533185822561,3569.9070838506477,4474.643435891885,72.26747048718126,5003.580066908198,6990.219229140815,594.190925002944,155206.2258000693,233363.97390964086,-3512.031751992422,-4416.768104033658,-4931.312596421017,-6917.951758653633,-154612.03487506637,-232769.78298463792,0.0,0.0,/Users/dawid/Library/Mobile Documents/com~apple~CloudDocs/Dokumenty/Publikacje własne/Manuscripts/Quantum_interference/data/P1-C45_wedm_zgru_1prz.sur,5001.392566667133,810.0000000000001,809.0,532.0,655289.9999999508,Steel C45,C45,classical,256,256,0,P1,P1-C45_wedm_zgru_1prz,area,Wire EDM (roughing),wedm_zgru_1prz,least_squares
3621.735979136999,3569.9070838506477,4474.643435891885,5057.064314179738,5003.580066908198,6990.219229140815,156750.40204649666,155206.2258000693,233363.97390964086,51.82889528635132,-852.9074567548857,53.484247271539836,-1933.1549149610767,1544.176246427362,-76613.5718631442,0.0,0.0,/Users/dawid/Library/Mobile Documents/com~apple~CloudDocs/Dokumenty/Publikacje własne/Manuscripts/Quantum_interference/data/P1-C45_wedm_zgru_1prz.sur,713.8059988375304,810.0000000000001,809.0,532.0,655289.9999999508,Steel C45,C45,quantum_like,256,256,0,P1,P1-C45_wedm_zgru_1prz,area,Wire EDM (roughing),wedm_zgru_1prz,least_squares
1954.9827770439292,3569.9070838506477,4474.643435891885,2653.4140606686774,5003.580066908198,6990.219229140815,38363.27717058259,155206.2258000693,233363.97390964086,-1614.9243068067183,-2519.6606588479553,-2350.166006239521,-4336.805168472137,-116842.94862948672,-195000.6967390583,0.0,0.0,/Users/dawid/Library/Mobile Documents/com~apple~CloudDocs/Dokumenty/Publikacje własne/Manuscripts/Quantum_interference/data/P1-C45_wedm_zgru_1prz.sur,3468.787306652598,810.0000000000001,809.0,532.0,655289.9999999508,Steel C45,C45,hybrid,256,256,0,P1,P1-C45_wedm_zgru_1prz,area,Wire EDM (roughing),wedm_zgru_1prz,least_squares
20.93614623516811,20.57608432054199,27.297418640221498,28.560200685020686,31.732911762796896,52.32595042339795,350.47075155703317,644.9031710672818,1708.9317205210828,0.3600619146261177,-6.3612724050533895,-3.172711077776208,-23.76574973837726,-294.4324195102487,-1358.4609689640495,0.0,0.0,/Users/dawid/Library/Mobile Documents/com~apple~CloudDocs/Dokumenty/Publikacje własne/Manuscripts/Quantum_interference/data/P1-ELLOR_frez_wyk.sur,22.28380898900179,810.0000000000001,809.0,532.0,655289.9999999508,Graphite,ELLOR,classical,256,256,0,P1,P1-ELLOR_frez_wyk,area,Milling (finishing),frez_wyk,least_squares
565.3154927254946,20.57608432054199,27.297418640221498,709.911798300191,31.732911762796896,52.32595042339795,6457.255577048599,644.9031710672818,1708.9317205210828,544.7394084049525,538.018074085273,678.1788865373941,657.5858478767931,5812.352405981317,4748.323856527516,0.0,0.0,/Users/dawid/Library/Mobile Documents/com~apple~CloudDocs/Dokumenty/Publikacje własne/Manuscripts/Quantum_interference/data/P1-ELLOR_frez_wyk.sur,709.2149068024491,810.0000000000001,809.0,532.0,655289.9999999508,Graphite,ELLOR,quantum_like,256,256,0,P1,P1-ELLOR_frez_wyk,area,Milling (finishing),frez_wyk,least_squares
97.26823855906099,20.57608432054199,27.297418640221498,151.82133806699778,31.732911762796896,52.32595042339795,1193.8260872789865,644.9031710672818,1708.9317205210828,76.692154238519,69.9708199188395,120.0884263042009,99.49538764359984,548.9229162117048,-515.1056332420961,0.0,0.0,/Users/dawid/Library/Mobile Documents/com~apple~CloudDocs/Dokumenty/Publikacje własne/Manuscripts/Quantum_interference/data/P1-ELLOR_frez_wyk.sur,153.05529375764027,810.0000000000001,809.0,532.0,655289.9999999508,Graphite,ELLOR,hybrid,256,256,0,P1,P1-ELLOR_frez_wyk,area,Milling (finishing),frez_wyk,least_squares
0.19961012055098382,0.01334088396177543,0.01663394778151025,0.25013023529001177,0.020928418299710188,0.02991984577749072,2.221154790780886,0.3789701745965676,0.8378487410273452,0.18626923658920838,0.18297617276947356,0.22920181699030157,0.22021038951252103,1.8421846161843183,1.3833060497535405,0.0,0.0,/Users/dawid/Library/Mobile Documents/com~apple~CloudDocs/Dokumenty/Publikacje własne/Manuscripts/Quantum_interference/data/P1-ELLOR_frez_zgr.sur,0.24926292461215702,810.0000000000001,809.0,532.0,655289.9999999508,Graphite,ELLOR,classical,256,256,0,P1,P1-ELLOR_frez_zgr,area,Milling (roughing),frez_zgr,least_squares
567.2095140318185,0.01334088396177543,0.01663394778151025,711.0560693496403,0.020928418299710188,0.02991984577749072,5812.981228674767,0.3789701745965676,0.8378487410273452,567.1961731478566,567.1928800840369,711.0351409313406,711.0261495038628,5812.602258500171,5812.14337993374,0.0,0.0,/Users/dawid/Library/Mobile Documents/com~apple~CloudDocs/Dokumenty/Publikacje własne/Manuscripts/Quantum_interference/data/P1-ELLOR_frez_zgr.sur,711.0561570576201,810.0000000000001,809.0,532.0,655289.9999999508,Graphite,ELLOR,quantum_like,256,256,0,P1,P1-ELLOR_frez_zgr,area,Milling (roughing),frez_zgr,least_squares
90.3554231817611,0.01334088396177543,0.01663394778151025,153.6975324924516,0.020928418299710188,0.02991984577749072,1088.8221701723346,0.3789701745965676,0.8378487410273452,90.34208229779932,90.3387892339796,153.6766040741519,153.6676126466741,1088.443199997738,1087.9843214313073,0.0,0.0,/Users/dawid/Library/Mobile Documents/com~apple~CloudDocs/Dokumenty/Publikacje własne/Manuscripts/Quantum_interference/data/P1-ELLOR_frez_zgr.sur,153.6975815877809,810.0000000000001,809.0,532.0,655289.9999999508,Graphite,ELLOR,hybrid,256,256,0,P1,P1-ELLOR_frez_zgr,area,Milling (roughing),frez_zgr,least_squares
63.04133520889221,1787165.7870731056,2018004.8643047118,78.81523630918339,2641894.4982416346,3090351.901157858,690.1235301930686,36281268.04227555,61174725.89370246,-1787102.7457378965,-2017941.822969503,-2641815.6830053255,-3090273.085921549,-36280577.91874536,-61174035.770172276,0.0,0.0,/Users/dawid/Library/Mobile Documents/com~apple~CloudDocs/Dokumenty/Publikacje własne/Manuscripts/Quantum_interference/data/P1-ELLOR_t_zgrub.sur,2641894.669824903,810.0000000000001,809.0,532.0,655289.9999999508,Graphite,ELLOR,classical,256,256,0,P1,P1-ELLOR_t_zgrub,area,Turning (roughing),t_zgrub,least_squares
69818.13312798699,1787165.7870731056,2018004.8643047118,87497.90171218911,2641894.4982416346,3090351.901157858,741139.4839960041,36281268.04227555,61174725.89370246,-1717347.6539451184,-1948186.731176725,-2554396.5965294456,-3002853.999445669,-35540128.558279544,-60433586.40970646,0.0,0.0,/Users/dawid/Library/Mobile Documents/com~apple~CloudDocs/Dokumenty/Publikacje własne/Manuscripts/Quantum_interference/data/P1-ELLOR_t_zgrub.sur,2641521.8371388535,810.0000000000001,809.0,532.0,655289.9999999508,Graphite,ELLOR,quantum_like,256,256,0,P1,P1-ELLOR_t_zgrub,area,Turning (roughing),t_zgrub,least_squares
51488.28176513809,1787165.7870731056,2018004.8643047118,64852.13150393503,2641894.4982416346,3090351.901157858,464713.8115519082,36281268.04227555,61174725.89370246,-1735677.5053079675,-1966516.5825395735,-2577042.3667376996,-3025499.769653923,-35816554.23072364,-60710012.082150556,0.0,0.0,/Users/dawid/Library/Mobile Documents/com~apple~CloudDocs/Dokumenty/Publikacje własne/Manuscripts/Quantum_interference/data/P1-ELLOR_t_zgrub.sur,2640998.2025335175,810.0000000000001,809.0,532.0,655289.9999999508,Graphite,ELLOR,hybrid,256,256,0,P1,P1-ELLOR_t_zgrub,area,Turning (roughing),t_zgrub,least_squares
67.96177586936905,949.3128362506651,1288.9111898407098,84.79175760527853,1493.174789438539,2635.0106342366944,697.8960963150358,28667.810212091194,94762.18475820428,-881.3510603812961,-1220.9494139713408,-1408.3830318332602,-2550.218876631416,-27969.914115776155,-94064.28866188925,0.0,0.0,/Users/dawid/Library/Mobile Documents/com~apple~CloudDocs/Dokumenty/Publikacje własne/Manuscripts/Quantum_interference/data/P1-ELLOR_wedm_wyk.sur,1493.0077655300595,810.0000000000001,809.0,532.0,655289.9999999508,Graphite,ELLOR,classical,256,256,0,P1,P1-ELLOR_wedm_wyk,area,Wire EDM (finishing),wedm_wyk,least_squares
1123.055754750991,949.3128362506651,1288.9111898407098,1653.889082924354,1493.174789438539,2635.0106342366944,31040.442875724173,28667.810212091194,94762.18475820428,173.7429185003258,-165.85543508971878,160.71429348581498,-981.1215513123406,2372.6326636329795,-63721.74188248011,0.0,0.0,/Users/dawid/Library/Mobile Documents/com~apple~CloudDocs/Dokumenty/Publikacje własne/Manuscripts/Quantum_interference/data/P1-ELLOR_wedm_wyk.sur,708.1877288066975,810.0000000000001,809.0,532.0,655289.9999999508,Graphite,ELLOR,quantum_like,256,256,0,P1,P1-ELLOR_wedm_wyk,area,Wire EDM (finishing),wedm_wyk,least_squares
504.39051743478456,949.3128362506651,1288.9111898407098,705.1863609465581,1493.174789438539,2635.0106342366944,12950.849971459893,28667.810212091194,94762.18475820428,-444.9223188158806,-784.5206724059252,-787.9884284919807,-1929.8242732901363,-15716.960240631302,-81811.3347867444,0.0,0.0,/Users/dawid/Library/Mobile Documents/com~apple~CloudDocs/Dokumenty/Publikacje własne/Manuscripts/Quantum_interference/data/P1-ELLOR_wedm_wyk.sur,1142.863877901353,810.0000000000001,809.0,532.0,655289.9999999508,Graphite,ELLOR,hybrid,256,256,0,P1,P1-ELLOR_wedm_wyk,area,Wire EDM (finishing),wedm_wyk,least_squares
59.79289042636978,1065.6324171939048,1449.8944742396523,74.92175975822497,1565.3286439144156,2498.4242966125526,714.6226862474462,32513.359859253404,69211.50170978007,-1005.8395267675348,-1390.1015838132826,-1490.4068841561907,-2423.5025368543274,-31798.737173005957,-68496.87902353262,0.0,0.0,/Users/dawid/Library/Mobile Documents/com~apple~CloudDocs/Dokumenty/Publikacje własne/Manuscripts/Quantum_interference/data/P1-ELLOR_wedm_zgru_1prz.sur,1567.077735490681,810.0000000000001,809.0,532.0,655289.9999999508,Graphite,ELLOR,classical,256,256,0,P1,P1-ELLOR_wedm_zgru_1prz,area,Wire EDM (roughing),wedm_zgru_1prz,least_squares
1214.9880749475697,1065.6324171939048,1449.8944742396523,1713.6899335131832,1565.3286439144156,2498.4242966125526,33897.71747425704,32513.359859253404,69211.50170978007,149.3556577536649,-234.90639929208268,148.3612895987676,-784.7343630993691,1384.3576150036354,-35313.78423552303,0.0,0.0,/Users/dawid/Library/Mobile Documents/com~apple~CloudDocs/Dokumenty/Publikacje własne/Manuscripts/Quantum_interference/data/P1-ELLOR_wedm_zgru_1prz.sur,710.7152752301422,810.0000000000001,809.0,532.0,655289.9999999508,Graphite,ELLOR,quantum_like,256,256,0,P1,P1-ELLOR_wedm_zgru_1prz,area,Wire EDM (roughing),wedm_zgru_1prz,least_squares
577.2542431842936,1065.6324171939048,1449.8944742396523,773.2569348521648,1565.3286439144156,2498.4242966125526,15177.311963158456,32513.359859253404,69211.50170978007,-488.37817400961103,-872.6402310553586,-792.0717090622508,-1725.1673617603874,-17336.047896094948,-54034.18974662162,0.0,0.0,/Users/dawid/Library/Mobile Documents/com~apple~CloudDocs/Dokumenty/Publikacje własne/Manuscripts/Quantum_interference/data/P1-ELLOR_wedm_zgru_1prz.sur,1167.8445490163072,810.0000000000001,809.0,532.0,655289.9999999508,Graphite,ELLOR,hybrid,256,256,0,P1,P1-ELLOR_wedm_zgru_1prz,area,Wire EDM (roughing),wedm_zgru_1prz,least_squares
140.8648515281298,365.53903232290645,371.232885286238,175.6296148024744,419.12377625567063,433.87656132110186,1050.2526339750007,3473.2955761941603,10944.451287199645,-224.67418079477665,-230.3680337581082,-243.49416145319626,-258.24694651862745,-2423.042942219159,-9894.198653224645,0.0,0.0,/Users/dawid/Library/Mobile Documents/com~apple~CloudDocs/Dokumenty/Publikacje własne/Manuscripts/Quantum_interference/data/P1-MO58A_frez_wyk.sur,280.00994101590544,810.0000000000001,809.0,532.0,655289.9999999508,Brass,MO58A,classical,256,256,0,P1,P1-MO58A_frez_wyk,area,Milling (finishing),frez_wyk,least_squares
656.9790516838164,365.53903232290645,371.232885286238,820.8047398131422,419.12377625567063,433.87656132110186,6585.439880758593,3473.2955761941603,10944.451287199645,291.44001936090984,285.7461663975783,401.68096355747156,386.92817849204033,3112.144304564433,-4359.011406441053,0.0,0.0,/Users/dawid/Library/Mobile Documents/com~apple~CloudDocs/Dokumenty/Publikacje własne/Manuscripts/Quantum_interference/data/P1-MO58A_frez_wyk.sur,704.3443171233354,810.0000000000001,809.0,532.0,655289.9999999508,Brass,MO58A,quantum_like,256,256,0,P1,P1-MO58A_frez_wyk,area,Milling (finishing),frez_wyk,least_squares
376.5803656892686,365.53903232290645,371.232885286238,441.7110456216813,419.12377625567063,433.87656132110186,2525.5113532750484,3473.2955761941603,10944.451287199645,11.041333366362174,5.347480403030607,22.587269366010652,7.834484300579433,-947.7842229191118,-8418.939933924597,0.0,0.0,/Users/dawid/Library/Mobile Documents/com~apple~CloudDocs/Dokumenty/Publikacje własne/Manuscripts/Quantum_interference/data/P1-MO58A_frez_wyk.sur,160.3782978792003,810.0000000000001,809.0,532.0,655289.9999999508,Brass,MO58A,hybrid,256,256,0,P1,P1-MO58A_frez_wyk,area,Milling (finishing),frez_wyk,least_squares
62.16477805011191,1551.2293906381824,1635.1765763826413,78.42500509948323,1921.0449903766198,2024.9415456585623,665.8094959133176,11473.279324183392,15746.571803058374,-1489.0646125880705,-1573.0117983325295,-1842.6199852771365,-1946.5165405590792,-10807.469828270074,-15080.762307145058,0.0,0.0,/Users/dawid/Library/Mobile Documents/com~apple~CloudDocs/Dokumenty/Publikacje własne/Manuscripts/Quantum_interference/data/P1-MO58A_frez_zgr.sur,1923.7484574933503,810.0000000000001,809.0,532.0,655289.9999999508,Brass,MO58A,classical,256,256,0,P1,P1-MO58A_frez_zgr,area,Milling (roughing),frez_zgr,least_squares
1652.9054794017072,1551.2293906381824,1635.1765763826413,2048.141364714377,1921.0449903766198,2024.9415456585623,14061.927737502532,11473.279324183392,15746.571803058374,101.67608876352492,17.728903019065843,127.09637433775671,23.19981905581431,2588.648413319141,-1684.6440655558417,0.0,0.0,/Users/dawid/Library/Mobile Documents/com~apple~CloudDocs/Dokumenty/Publikacje własne/Manuscripts/Quantum_interference/data/P1-MO58A_frez_zgr.sur,710.7566678484434,810.0000000000001,809.0,532.0,655289.9999999508,Brass,MO58A,quantum_like,256,256,0,P1,P1-MO58A_frez_zgr,area,Milling (roughing),frez_zgr,least_squares
1257.3297990826438,1551.2293906381824,1635.1765763826413,1586.4501854757866,1921.0449903766198,2024.9415456585623,9304.772663237138,11473.279324183392,15746.571803058374,-293.89959155553856,-377.84677729999765,-334.59480490083325,-438.4913601827756,-2168.506660946254,-6441.799139821237,0.0,0.0,/Users/dawid/Library/Mobile Documents/com~apple~CloudDocs/Dokumenty/Publikacje własne/Manuscripts/Quantum_interference/data/P1-MO58A_frez_zgr.sur,798.2376482034986,810.0000000000001,809.0,532.0,655289.9999999508,Brass,MO58A,hybrid,256,256,0,P1,P1-MO58A_frez_zgr,area,Milling (roughing),frez_zgr,least_squares
145.110353318225,145.26033640365523,149.36655947912297,180.7715432948114,180.98995739306156,187.34316490288163,1011.267396880164,1013.2719698546313,3484.618675857259,-0.14998308543023683,-4.256206160897973,-0.21841409825013286,-6.571621608070198,-2.0045729744671545,-2473.351278977095,0.0,0.0,/Users/dawid/Library/Mobile Documents/com~apple~CloudDocs/Dokumenty/Publikacje własne/Manuscripts/Quantum_interference/data/P1-MO58A_nagniat.sur,1.5594930082348102,810.0000000000001,809.0,532.0,655289.9999999508,Brass,MO58A,classical,256,256,0,P1,P1-MO58A_nagniat,area,Burnishing,nagniat,least_squares
585.746815964194,145.26033640365523,149.36655947912297,733.5239068620631,180.98995739306156,187.34316490288163,6871.98600333981,1013.2719698546313,3484.618675857259,440.4864795605387,436.380256485071,552.5339494690015,546.1807419591814,5858.714033485178,3387.367327482551,0.0,0.0,/Users/dawid/Library/Mobile Documents/com~apple~CloudDocs/Dokumenty/Publikacje własne/Manuscripts/Quantum_interference/data/P1-MO58A_nagniat.sur,710.1891375761195,810.0000000000001,809.0,532.0,655289.9999999508,Brass,MO58A,quantum_like,256,256,0,P1,P1-MO58A_nagniat,area,Burnishing,nagniat,least_squares
189.65381875987327,145.26033640365523,149.36655947912297,238.23534223654437,180.98995739306156,187.34316490288163,1825.4264806779331,1013.2719698546313,3484.618675857259,44.39348235621803,40.2872592807503,57.24538484348282,50.89217733366275,812.1545108233018,-1659.1921951793258,0.0,0.0,/Users/dawid/Library/Mobile Documents/com~apple~CloudDocs/Dokumenty/Publikacje własne/Manuscripts/Quantum_interference/data/P1-MO58A_nagniat.sur,155.14429959204995,810.0000000000001,809.0,532.0,655289.9999999508,Brass,MO58A,hybrid,256,256,0,P1,P1-MO58A_nagniat,area,Burnishing,nagniat,least_squares
63.642806555828045,1284.9933550707844,1386.8772375518495,79.80558550845369,1636.5550981867475,2154.5371115300177,665.862307402928,22299.111784202174,97070.55657722981,-1221.3505485149562,-1323.2344309960215,-1556.749512678294,-2074.7315260215637,-21633.249476799247,-96404.69426982688,0.0,0.0,/Users/dawid/Library/Mobile Documents/com~apple~CloudDocs/Dokumenty/Publikacje własne/Manuscripts/Quantum_interference/data/P1-MO58A_t_zgrub.sur,1634.470177177173,810.0000000000001,809.0,532.0,655289.9999999508,Brass,MO58A,classical,256,256,0,P1,P1-MO58A_t_zgrub,area,Turning (roughing),t_zgrub,least_squares
1406.2184879396866,1284.9933550707844,1386.8772375518495,1784.9976664071507,1636.5550981867475,2154.5371115300177,25588.491712136998,22299.111784202174,97070.55657722981,121.22513286890218,19.341250387837004,148.44256822040325,-369.5394451228668,3289.3799279348245,-71482.0648650928,0.0,0.0,/Users/dawid/Library/Mobile Documents/com~apple~CloudDocs/Dokumenty/Publikacje własne/Manuscripts/Quantum_interference/data/P1-MO58A_t_zgrub.sur,710.6429446555616,810.0000000000001,809.0,532.0,655289.9999999508,Brass,MO58A,quantum_like,256,256,0,P1,P1-MO58A_t_zgrub,area,Turning (roughing),t_zgrub,least_squares
928.2598115728445,1284.9933550707844,1386.8772375518495,1168.5496191927461,1636.5550981867475,2154.5371115300177,13643.284557408248,22299.111784202174,97070.55657722981,-356.7335434979399,-458.6174259790051,-468.0054789940014,-985.9874923372715,-8655.827226793925,-83427.27201982155,0.0,0.0,/Users/dawid/Library/Mobile Documents/com~apple~CloudDocs/Dokumenty/Publikacje własne/Manuscripts/Quantum_interference/data/P1-MO58A_t_zgrub.sur,802.8177376017509,810.0000000000001,809.0,532.0,655289.9999999508,Brass,MO58A,hybrid,256,256,0,P1,P1-MO58A_t_zgrub,area,Turning (roughing),t_zgrub,least_squares
64.30423924261537,340.25414805552055,623.3622952841346,81.35253954933437,610.8953384067628,1678.008257576369,687.9392223157696,23870.72325179736,119387.24119355052,-275.94990881290516,-559.0580560415192,-529.5427988574284,-1596.6557180270347,-23182.78402948159,-118699.30197123476,0.0,0.0,/Users/dawid/Library/Mobile Documents/com~apple~CloudDocs/Dokumenty/Publikacje własne/Manuscripts/Quantum_interference/data/P1-MO58A_wedm_wyk.sur,613.7954035089725,810.0000000000001,809.0,532.0,655289.9999999508,Brass,MO58A,classical,256,256,0,P1,P1-MO58A_wedm_wyk,area,Wire EDM (finishing),wedm_wyk,least_squares
669.7106158469284,340.25414805552055,623.3622952841346,934.6614158522299,610.8953384067628,1678.008257576369,25519.156623498515,23870.72325179736,119387.24119355052,329.4564677914078,46.34832056279371,323.7660774454671,-743.3468417241393,1648.4333717011536,-93868.08457005201,0.0,0.0,/Users/dawid/Library/Mobile Documents/com~apple~CloudDocs/Dokumenty/Publikacje własne/Manuscripts/Quantum_interference/data/P1-MO58A_wedm_wyk.sur,707.5795693194477,810.0000000000001,809.0,532.0,655289.9999999508,Brass,MO58A,quantum_like,256,256,0,P1,P1-MO58A_wedm_wyk,area,Wire EDM (finishing),wedm_wyk,least_squares
262.14173333701,340.25414805552055,623.3622952841346,405.3963501370652,610.8953384067628,1678.008257576369,10475.605177172856,23870.72325179736,119387.24119355052,-78.11241471851055,-361.2205619471246,-205.49898826969758,-1272.6119074393039,-13395.118074624505,-108911.63601637767,0.0,0.0,/Users/dawid/Library/Mobile Documents/com~apple~CloudDocs/Dokumenty/Publikacje własne/Manuscripts/Quantum_interference/data/P1-MO58A_wedm_wyk.sur,432.022830973038,810.0000000000001,809.0,532.0,655289.9999999508,Brass,MO58A,hybrid,256,256,0,P1,P1-MO58A_wedm_wyk,area,Wire EDM (finishing),wedm_wyk,least_squares
62.99825895819091,76181.75825171938,88536.39320245878,79.13907377804126,95543.18876467575,114712.78171870453,724.1877393601416,1160504.7392569627,2608601.8359336206,-76118.75999276119,-88473.39494350059,-95464.04969089771,-114633.64264492648,-1159780.5515176025,-2607877.64819426,0.0,0.0,/Users/dawid/Library/Mobile Documents/com~apple~CloudDocs/Dokumenty/Publikacje własne/Manuscripts/Quantum_interference/data/P1-MO58A_wedm_zgru_1prz.sur,95543.7520523645,810.0000000000001,809.0,532.0,655289.9999999508,Brass,MO58A,classical,256,256,0,P1,P1-MO58A_wedm_zgru_1prz,area,Wire EDM (roughing),wedm_zgru_1prz,least_squares
68281.8788798942,76181.75825171938,88536.39320245878,85074.1312505509,95543.18876467575,114712.78171870453,703620.7256436839,1160504.7392569627,2608601.8359336206,-7899.879371825182,-20254.514322564584,-10469.057514124863,-29638.65046815364,-456884.01361327874,-1904981.1102899364,0.0,0.0,/Users/dawid/Library/Mobile Documents/com~apple~CloudDocs/Dokumenty/Publikacje własne/Manuscripts/Quantum_interference/data/P1-MO58A_wedm_zgru_1prz.sur,59272.580026272466,810.0000000000001,809.0,532.0,655289.9999999508,Brass,MO58A,quantum_like,256,256,0,P1,P1-MO58A_wedm_zgru_1prz,area,Wire EDM (roughing),wedm_zgru_1prz,least_squares
45426.02989322061,76181.75825171938,88536.39320245878,56762.04159513825,95543.18876467575,114712.78171870453,421259.02019826794,1160504.7392569627,2608601.8359336206,-30755.72835849877,-43110.36330923817,-38781.1471695375,-57950.740123566284,-739245.7190586947,-2187342.8157353527,0.0,0.0,/Users/dawid/Library/Mobile Documents/com~apple~CloudDocs/Dokumenty/Publikacje własne/Manuscripts/Quantum_interference/data/P1-MO58A_wedm_zgru_1prz.sur,79137.95876444152,810.0000000000001,809.0,532.0,655289.9999999508,Brass,MO58A,hybrid,256,256,0,P1,P1-MO58A_wedm_zgru_1prz,area,Wire EDM (roughing),wedm_zgru_1prz,least_squares
68.65214071206294,469.42585056562103,548.7149225512189,86.47573383627584,610.3819266295891,713.3317760266872,715.6888307502498,5636.036789390006,8954.240732494147,-400.7737098535581,-480.062781839156,-523.9061927933133,-626.8560421904114,-4920.347958639756,-8238.551901743898,0.0,0.0,/Users/dawid/Library/Mobile Documents/com~apple~CloudDocs/Dokumenty/Publikacje własne/Manuscripts/Quantum_interference/data/P1-Ti6A14V_frez_wyk.sur,615.3740440481841,810.0000000000001,809.0,532.0,655289.9999999508,Titanium,Ti6A14V,classical,256,256,0,P1,P1-Ti6A14V_frez_wyk,area,Milling (finishing),frez_wyk,least_squares
742.4066402442128,469.42585056562103,548.7149225512189,937.8555218320301,610.3819266295891,713.3317760266872,8628.499933263887,5636.036789390006,8954.240732494147,272.9807896785917,193.69171769299382,327.47359520244106,224.5237458053429,2992.4631438738816,-325.7407992302604,0.0,0.0,/Users/dawid/Library/Mobile Documents/com~apple~CloudDocs/Dokumenty/Publikacje własne/Manuscripts/Quantum_interference/data/P1-Ti6A14V_frez_wyk.sur,710.4408173017122,810.0000000000001,809.0,532.0,655289.9999999508,Titanium,Ti6A14V,quantum_like,256,256,0,P1,P1-Ti6A14V_frez_wyk,area,Milling (finishing),frez_wyk,least_squares
314.5344930464474,469.42585056562103,548.7149225512189,420.0339939584965,610.3819266295891,713.3317760266872,3886.299349512226,5636.036789390006,8954.240732494147,-154.89135751917368,-234.18042950477158,-190.3479326710926,-293.2977820681907,-1749.7374398777797,-5067.941382981922,0.0,0.0,/Users/dawid/Library/Mobile Documents/com~apple~CloudDocs/Dokumenty/Publikacje własne/Manuscripts/Quantum_interference/data/P1-Ti6A14V_frez_wyk.sur,430.42994480827423,810.0000000000001,809.0,532.0,655289.9999999508,Titanium,Ti6A14V,hybrid,256,256,0,P1,P1-Ti6A14V_frez_wyk,area,Milling (finishing),frez_wyk,least_squares
72.75117586007654,641.8688484561754,683.9830450019091,91.55253502758947,822.469868351295,1071.5743326150443,787.0450005605691,21558.194735968656,70791.5363647731,-569.1176725960989,-611.2318691418326,-730.9173333237055,-980.0217975874548,-20771.149735408086,-70004.49136421252,0.0,0.0,/Users/dawid/Library/Mobile Documents/com~apple~CloudDocs/Dokumenty/Publikacje własne/Manuscripts/Quantum_interference/data/P1-Ti6A14V_frez_zgr.sur,800.8002134986494,810.0000000000001,809.0,532.0,655289.9999999508,Titanium,Ti6A14V,classical,256,256,0,P1,P1-Ti6A14V_frez_zgr,area,Milling (roughing),frez_zgr,least_squares
856.2751335457298,641.8688484561754,683.9830450019091,1084.605492683218,822.469868351295,1071.5743326150443,22656.423295520905,21558.194735968656,70791.5363647731,214.4062850895543,172.29208854382068,262.13562433192305,13.031160068173742,1098.2285595522476,-48135.11306925219,0.0,0.0,/Users/dawid/Library/Mobile Documents/com~apple~CloudDocs/Dokumenty/Publikacje własne/Manuscripts/Quantum_interference/data/P1-Ti6A14V_frez_zgr.sur,709.3553773471896,810.0000000000001,809.0,532.0,655289.9999999508,Titanium,Ti6A14V,quantum_like,256,256,0,P1,P1-Ti6A14V_frez_zgr,area,Milling (roughing),frez_zgr,least_squares
600.0146797449817,641.8688484561754,683.9830450019091,756.1036540296972,822.469868351295,1071.5743326150443,5997.532136613864,21558.194735968656,70791.5363647731,-41.85416871119379,-83.96836525692741,-66.36621432159782,-315.4706785853471,-15560.662599354791,-64794.004228159225,0.0,0.0,/Users/dawid/Library/Mobile Documents/com~apple~CloudDocs/Dokumenty/Publikacje własne/Manuscripts/Quantum_interference/data/P1-Ti6A14V_frez_zgr.sur,313.62723765463295,810.0000000000001,809.0,532.0,655289.9999999508,Titanium,Ti6A14V,hybrid,256,256,0,P1,P1-Ti6A14V_frez_zgr,area,Milling (roughing),frez_zgr,least_squares
155.90700333788897,289.77462995164757,347.8317815466067,183.23900033320658,410.8437237790098,803.7426150092576,1128.9995229196386,10313.574305428681,44965.60414799983,-133.86762661375863,-191.92477820871773,-227.60472344580322,-620.5036146760511,-9184.574782509042,-43836.60462508019,0.0,0.0,/Users/dawid/Library/Mobile Documents/com~apple~CloudDocs/Dokumenty/Publikacje własne/Manuscripts/Quantum_interference/data/P1-Ti6A14V_nagniat.sur,452.1960882596011,810.0000000000001,809.0,532.0,655289.9999999508,Titanium,Ti6A14V,classical,256,256,0,P1,P1-Ti6A14V_nagniat,area,Burnishing,nagniat,least_squares
640.521313185656,289.77462995164757,347.8317815466067,820.5972152442428,410.8437237790098,803.7426150092576,12714.355646955579,10313.574305428681,44965.60414799983,350.74668323400846,292.68953163904933,409.75349146523297,16.854600234985103,2400.7813415268984,-32251.248501044254,0.0,0.0,/Users/dawid/Library/Mobile Documents/com~apple~CloudDocs/Dokumenty/Publikacje własne/Manuscripts/Quantum_interference/data/P1-Ti6A14V_nagniat.sur,713.2692385428179,810.0000000000001,809.0,532.0,655289.9999999508,Titanium,Ti6A14V,quantum_like,256,256,0,P1,P1-Ti6A14V_nagniat,area,Burnishing,nagniat,least_squares
250.63468987288772,289.77462995164757,347.8317815466067,325.0680969268978,410.8437237790098,803.7426150092576,5259.016392675604,10313.574305428681,44965.60414799983,-39.13994007875989,-97.19709167371897,-85.775626852112,-478.67451808235984,-5054.557912753077,-39706.587755324224,0.0,0.0,/Users/dawid/Library/Mobile Documents/com~apple~CloudDocs/Dokumenty/Publikacje własne/Manuscripts/Quantum_interference/data/P1-Ti6A14V_nagniat.sur,286.38261839648817,810.0000000000001,809.0,532.0,655289.9999999508,Titanium,Ti6A14V,hybrid,256,256,0,P1,P1-Ti6A14V_nagniat,area,Burnishing,nagniat,least_squares
339.2369612410735,103.18491123593812,120.19932196150366,398.1816373044175,123.73059001201017,143.5085523769773,2185.415313438264,2667.2561281473622,3825.7073651355636,236.0520500051354,219.03763927956987,274.45104729240734,254.67308492744021,-481.8408147090981,-1640.2920516972995,0.0,0.0,/Users/dawid/Library/Mobile Documents/com~apple~CloudDocs/Dokumenty/Publikacje własne/Manuscripts/Quantum_interference/data/P1-Ti6A14V_t_wyk.sur,422.94288119378234,810.0000000000001,809.0,532.0,655289.9999999508,Titanium,Ti6A14V,classical,256,256,0,P1,P1-Ti6A14V_t_wyk,area,Turning (finishing),t_wyk,least_squares
574.8068156599126,103.18491123593812,120.19932196150366,721.5285352641032,123.73059001201017,143.5085523769773,6437.344169743802,2667.2561281473622,3825.7073651355636,471.6219044239745,454.607493698409,597.7979452520931,578.0199828871259,3770.0880415964402,2611.636804608239,0.0,0.0,/Users/dawid/Library/Mobile Documents/com~apple~CloudDocs/Dokumenty/Publikacje własne/Manuscripts/Quantum_interference/data/P1-Ti6A14V_t_wyk.sur,711.1324172402747,810.0000000000001,809.0,532.0,655289.9999999508,Titanium,Ti6A14V,quantum_like,256,256,0,P1,P1-Ti6A14V_t_wyk,area,Turning (finishing),t_wyk,least_squares
136.2475148900419,103.18491123593812,120.19932196150366,165.84192429207644,123.73059001201017,143.5085523769773,1317.0958016827713,2667.2561281473622,3825.7073651355636,33.0626036541038,16.048192928538263,42.11133428006627,22.333371915099153,-1350.160326464591,-2508.6115634527923,0.0,0.0,/Users/dawid/Library/Mobile Documents/com~apple~CloudDocs/Dokumenty/Publikacje własne/Manuscripts/Quantum_interference/data/P1-Ti6A14V_t_wyk.sur,185.55112899311408,810.0000000000001,809.0,532.0,655289.9999999508,Titanium,Ti6A14V,hybrid,256,256,0,P1,P1-Ti6A14V_t_wyk,area,Turning (finishing),t_wyk,least_squares
62.265785078671016,2932.855047006961,3004.2986216553054,78.2489779580171,3378.02639502885,3551.4597919526173,796.7312852292819,35489.60649569244,70976.5955354702,-2870.58926192829,-2942.0328365766345,-3299.7774170708326,-3473.2108139946004,-34692.87521046316,-70179.86425024092,0.0,0.0,/Users/dawid/Library/Mobile Documents/com~apple~CloudDocs/Dokumenty/Publikacje własne/Manuscripts/Quantum_interference/data/P1-Ti6A14V_t_zgrub.sur,3381.5379615669167,810.0000000000001,809.0,532.0,655289.9999999508,Titanium,Ti6A14V,classical,256,256,0,P1,P1-Ti6A14V_t_zgrub,area,Turning (roughing),t_zgrub,least_squares
2972.1253154413635,2932.855047006961,3004.2986216553054,3454.242509170309,3378.02639502885,3551.4597919526173,36588.34107069063,35489.60649569244,70976.5955354702,39.27026843440246,-32.17330621394213,76.21611414145917,-97.21728278230852,1098.734574998189,-34388.25446477957,0.0,0.0,/Users/dawid/Library/Mobile Documents/com~apple~CloudDocs/Dokumenty/Publikacje własne/Manuscripts/Quantum_interference/data/P1-Ti6A14V_t_zgrub.sur,711.0170069778026,810.0000000000001,809.0,532.0,655289.9999999508,Titanium,Ti6A14V,quantum_like,256,256,0,P1,P1-Ti6A14V_t_zgrub,area,Turning (roughing),t_zgrub,least_squares
1843.0737506395285,2932.855047006961,3004.2986216553054,2132.9569261133383,3378.02639502885,3551.4597919526173,12477.4422753229,35489.60649569244,70976.5955354702,-1089.7812963674323,-1161.224871015777,-1245.0694689155114,-1418.502865839279,-23012.164220369537,-58499.1532601473,0.0,0.0,/Users/dawid/Library/Mobile Documents/com~apple~CloudDocs/Dokumenty/Publikacje własne/Manuscripts/Quantum_interference/data/P1-Ti6A14V_t_zgrub.sur,1424.46962108774,810.0000000000001,809.0,532.0,655289.9999999508,Titanium,Ti6A14V,hybrid,256,256,0,P1,P1-Ti6A14V_t_zgrub,area,Turning (roughing),t_zgrub,least_squares
58.2551575238917,207.04189770573768,409.00644899786334,72.94323035989251,258.27993904413785,520.0834351728039,600.3748371340495,7062.439869683003,19334.36500722471,-148.786740181846,-350.75129147397166,-185.3367086842453,-447.14020481291135,-6462.065032548954,-18733.99017009066,0.0,0.0,/Users/dawid/Library/Mobile Documents/com~apple~CloudDocs/Dokumenty/Publikacje własne/Manuscripts/Quantum_interference/data/P1-Ti6A14V_wedm_wyk.sur,261.8731239207401,810.0000000000001,809.0,532.0,655289.9999999508,Titanium,Ti6A14V,classical,256,256,0,P1,P1-Ti6A14V_wedm_wyk,area,Wire EDM (finishing),wedm_wyk,least_squares
602.6430457223086,207.04189770573768,409.00644899786334,754.5442017101477,258.27993904413785,520.0834351728039,10388.82248817137,7062.439869683003,19334.36500722471,395.60114801657085,193.6365967244452,496.2642626660099,234.46076653734386,3326.3826184883674,-8945.542519053339,0.0,0.0,/Users/dawid/Library/Mobile Documents/com~apple~CloudDocs/Dokumenty/Publikacje własne/Manuscripts/Quantum_interference/data/P1-Ti6A14V_wedm_wyk.sur,710.2404143353975,810.0000000000001,809.0,532.0,655289.9999999508,Titanium,Ti6A14V,quantum_like,256,256,0,P1,P1-Ti6A14V_wedm_wyk,area,Wire EDM (finishing),wedm_wyk,least_squares
212.7951433001876,207.04189770573768,409.00644899786334,261.63543053362787,258.27993904413785,520.0834351728039,1917.1365330388273,7062.439869683003,19334.36500722471,5.7532455944498935,-196.21130569767573,3.355491489490017,-258.448004639176,-5145.303336644176,-17417.228474185882,0.0,0.0,/Users/dawid/Library/Mobile Documents/com~apple~CloudDocs/Dokumenty/Publikacje własne/Manuscripts/Quantum_interference/data/P1-Ti6A14V_wedm_wyk.sur,200.57768490851396,810.0000000000001,809.0,532.0,655289.9999999508,Titanium,Ti6A14V,hybrid,256,256,0,P1,P1-Ti6A14V_wedm_wyk,area,Wire EDM (finishing),wedm_wyk,least_squares
62.83744646055109,3566.8007954163995,4401.629858763449,79.32208169458244,4516.990717477603,5552.950033863544,755.0556408047439,47676.136952479326,73584.54434948617,-3503.9633489558487,-4338.792412302898,-4437.668635783019,-5473.627952168962,-46921.081311674585,-72829.48870868143,0.0,0.0,/Users/dawid/Library/Mobile Documents/com~apple~CloudDocs/Dokumenty/Publikacje własne/Manuscripts/Quantum_interference/data/P1-Ti6A14V_wedm_zgru_1prz.sur,4519.817222423091,810.0000000000001,809.0,532.0,655289.9999999508,Titanium,Ti6A14V,classical,256,256,0,P1,P1-Ti6A14V_wedm_zgru_1prz,area,Wire EDM (roughing),wedm_zgru_1prz,least_squares
3611.54929944094,3566.8007954163995,4401.629858763449,4569.483315286468,4516.990717477603,5552.950033863544,48542.80783131994,47676.136952479326,73584.54434948617,44.74850402454061,-790.0805593225092,52.492597808864865,-983.4667185770774,866.6708788406075,-25041.73651816624,0.0,0.0,/Users/dawid/Library/Mobile Documents/com~apple~CloudDocs/Dokumenty/Publikacje własne/Manuscripts/Quantum_interference/data/P1-Ti6A14V_wedm_zgru_1prz.sur,710.9459077784074,810.0000000000001,809.0,532.0,655289.9999999508,Titanium,Ti6A14V,quantum_like,256,256,0,P1,P1-Ti6A14V_wedm_zgru_1prz,area,Wire EDM (roughing),wedm_zgru_1prz,least_squares
1699.951963301632,3566.8007954163995,4401.629858763449,2151.590072364865,4516.990717477603,5552.950033863544,21094.289494310506,47676.136952479326,73584.54434948617,-1866.8488321147674,-2701.6778954618176,-2365.400645112737,-3401.3599614986792,-26581.84745816882,-52490.25485517567,0.0,0.0,/Users/dawid/Library/Mobile Documents/com~apple~CloudDocs/Dokumenty/Publikacje własne/Manuscripts/Quantum_interference/data/P1-Ti6A14V_wedm_zgru_1prz.sur,3266.9367348475967,810.0000000000001,809.0,532.0,655289.9999999508,Titanium,Ti6A14V,hybrid,256,256,0,P1,P1-Ti6A14V_wedm_zgru_1prz,area,Wire EDM (roughing),wedm_zgru_1prz,least_squares
138.88475601601053,301.41656181188597,313.44194181447756,174.04519415812123,434.7065418322733,820.2161239650844,1280.4733850479058,8952.504640216148,41617.377154131675,-162.53180579587544,-174.557185798467,-260.66134767415207,-646.1709298069632,-7672.031255168244,-40336.90376908377,0.0,0.0,/Users/dawid/Library/Mobile Documents/com~apple~CloudDocs/Dokumenty/Publikacje własne/Manuscripts/Quantum_interference/data/Ti_oselkowane.sur,410.225944914343,810.0000000000001,809.0,532.0,655289.9999999508,Titanium,Ti,classical,256,256,0,,Ti_oselkowane,area,Honed,oselkowane,least_squares
646.1011610457027,301.41656181188597,313.44194181447756,830.0326562473226,434.7065418322733,820.2161239650844,10924.204961986838,8952.504640216148,41617.377154131675,344.68459923381675,332.6592192312252,395.3261144150493,9.816532282238192,1971.7003217706897,-30693.172192144833,0.0,0.0,/Users/dawid/Library/Mobile Documents/com~apple~CloudDocs/Dokumenty/Publikacje własne/Manuscripts/Quantum_interference/data/Ti_oselkowane.sur,707.4383787172998,810.0000000000001,809.0,532.0,655289.9999999508,Titanium,Ti,quantum_like,256,256,0,,Ti_oselkowane,area,Honed,oselkowane,least_squares
309.1956078860779,301.41656181188597,313.44194181447756,398.808214446883,434.7065418322733,820.2161239650844,4711.735815205897,8952.504640216148,41617.377154131675,7.7790460741918945,-4.246333928399661,-35.89832738539027,-421.40790951820134,-4240.768825010252,-36905.64133892578,0.0,0.0,/Users/dawid/Library/Mobile Documents/com~apple~CloudDocs/Dokumenty/Publikacje własne/Manuscripts/Quantum_interference/data/Ti_oselkowane.sur,233.60052529755424,810.0000000000001,809.0,532.0,655289.9999999508,Titanium,Ti,hybrid,256,256,0,,Ti_oselkowane,area,Honed,oselkowane,least_squares
134.55001861548593,352.99595449299903,362.86787323690766,163.62496768533637,437.7957437668097,450.1454615793234,1115.422502793896,2797.1289201102377,5483.871984749424,-218.4459358775131,-228.31785462142173,-274.1707760814734,-286.52049389398707,-1681.7064173163417,-4368.449481955528,0.0,0.0,/Users/dawid/Library/Mobile Documents/com~apple~CloudDocs/Dokumenty/Publikacje własne/Manuscripts/Quantum_interference/data/Ti_szkielkowane.sur,371.879706814102,810.0000000000001,809.0,532.0,655289.9999999508,Titanium,Ti,classical,256,256,0,,Ti_szkielkowane,area,Glass bead blasted,szkielkowane,least_squares
661.6512017302568,352.99595449299903,362.86787323690766,829.0303662044166,437.7957437668097,450.1454615793234,7466.953782416651,2797.1289201102377,5483.871984749424,308.65524723725775,298.78332849334913,391.2346224376069,378.8849046250932,4669.824862306413,1983.081797667226,0.0,0.0,/Users/dawid/Library/Mobile Documents/com~apple~CloudDocs/Dokumenty/Publikacje własne/Manuscripts/Quantum_interference/data/Ti_szkielkowane.sur,705.6397820495836,810.0000000000001,809.0,532.0,655289.9999999508,Titanium,Ti,quantum_like,256,256,0,,Ti_szkielkowane,area,Glass bead blasted,szkielkowane,least_squares
342.6806636525491,352.99595449299903,362.86787323690766,426.45839024177104,437.7957437668097,450.1454615793234,2866.7809419599666,2797.1289201102377,5483.871984749424,-10.315290840449983,-20.18720958435862,-11.337353525038694,-23.687071337552357,69.65202184972891,-2617.091042789458,0.0,0.0,/Users/dawid/Library/Mobile Documents/com~apple~CloudDocs/Dokumenty/Publikacje własne/Manuscripts/Quantum_interference/data/Ti_szkielkowane.sur,212.79090588159903,810.0000000000001,809.0,532.0,655289.9999999508,Titanium,Ti,hybrid,256,256,0,,Ti_szkielkowane,area,Glass bead blasted,szkielkowane,least_squares
112.57878153014094,260.9508386001499,269.0687259091993,145.64242587942945,320.8989163140508,332.064684239527,1290.9841345401012,2168.8333199346725,3640.405667431295,-148.37205707000894,-156.4899443790584,-175.2564904346213,-186.42225836009757,-877.8491853945714,-2349.4215328911937,0.0,0.0,/Users/dawid/Library/Mobile Documents/com~apple~CloudDocs/Dokumenty/Publikacje własne/Manuscripts/Quantum_interference/data/Ti_szlifowane.sur,274.211950792425,810.0000000000001,809.0,532.0,655289.9999999508,Titanium,Ti,classical,256,256,0,,Ti_szlifowane,area,Grinding,szlifowane,least_squares
619.1573363023894,260.9508386001499,269.0687259091993,775.82925658872,320.8989163140508,332.064684239527,7200.030346989716,2168.8333199346725,3640.405667431295,358.20649770223946,350.08861039319004,454.9303402746692,443.7645723491929,5031.197027055044,3559.624679558421,0.0,0.0,/Users/dawid/Library/Mobile Documents/com~apple~CloudDocs/Dokumenty/Publikacje własne/Manuscripts/Quantum_interference/data/Ti_szlifowane.sur,709.2868398362467,810.0000000000001,809.0,532.0,655289.9999999508,Titanium,Ti,quantum_like,256,256,0,,Ti_szlifowane,area,Grinding,szlifowane,least_squares
266.0580180557577,260.9508386001499,269.0687259091993,329.0555161648432,320.8989163140508,332.064684239527,2379.8146756725555,2168.8333199346725,3640.405667431295,5.107179455607807,-3.010707853441647,8.156599850792436,-3.0091680746838194,210.981355737883,-1260.5909917587394,0.0,0.0,/Users/dawid/Library/Mobile Documents/com~apple~CloudDocs/Dokumenty/Publikacje własne/Manuscripts/Quantum_interference/data/Ti_szlifowane.sur,177.3201139111209,810.0000000000001,809.0,532.0,655289.9999999508,Titanium,Ti,hybrid,256,256,0,,Ti_szlifowane,area,Grinding,szlifowane,least_squares
