method,step_nm,rms_nm,sample_reflectivity,sample_visibility_scale,coherence_model,incidence_cos,coherence_class,coherence_quant,lambda_class_nm,lambda1_nm,lambda2_nm,lambda_eff_um,class_visibility,class_visibility_eff,class_photons_per_pixel,class_photons_per_pixel_eff,class_mean_counts_per_pixel_frame,crlb_phi_rad_mean,crlb_phi_rad_median,crlb_phi_rad_p90,crlb_h_nm_mean,crlb_h_nm_median,crlb_h_nm_p90,quant_interferometer,quant_detector_model,quant_visibility,quant_visibility_eff,quant_pairs_per_pixel,quant_pairs_per_pixel_eff,gate_time_s,tau_c_s,eta1,eta2,dark1_hz,dark2_hz,phase_step_sigma_deg,deadtime1_s,deadtime2_s,background_drift_frac,amplitude_drift_frac,normalize_frames,hybrid_smooth_sigma_px,recon,rep,Sa_true_nm,Sq_true_nm,Sz_true_nm,Sa_est_nm,Sq_est_nm,Sz_est_nm,bias_Sa_nm,bias_Sq_nm,bias_Sz_nm,rmse_h_nm,step_est_nm,step_err_nm,quant_mean_counts_per_pixel_frame,crlb_phi_coarse_rad_median,crlb_h_coarse_nm_median,quant_target_mean_counts,quant_target_mean_counts_eff,su11_gain
classical,0.0,80.0,1.0,1.0,rayleigh,1.0,0.028130814138268814,0.2138907659724164,532.0,810.0,809.0,655.2899999999507,0.85,0.02391119201752849,80000.0,80000.0,79998.32406616211,0.2139042565354728,0.20392353908180116,0.27629338729532826,9.055682660420619,8.633146842538082,11.696939916220225,-,simple,0.6,0.12833445958344983,30000.0,30000.0,1.0,1e-06,1.0,1.0,0.0,0.0,0.0,0.0,0.0,0.0,0.0,0,1.5,psi4,0,64.5222403252258,79.78676508330491,545.2659088492186,64.88498434373517,80.31465302763115,563.898463761189,0.3627440185093631,0.5278879443262389,18.63255491197036,9.028134372608166,-4.870761336775458,-4.870761336775458,,,,,,
quant_diff,0.0,80.0,1.0,1.0,rayleigh,1.0,0.028130814138268814,0.2138907659724164,532.0,810.0,809.0,655.2899999999507,0.85,0.02391119201752849,80000.0,80000.0,79998.32406616211,0.06370937778041483,0.06344426543289101,0.06908911398016761,3322.2096854298343,3308.385051767482,3602.7431379692257,diff,simple,0.6,0.12833445958344983,30000.0,30000.0,1.0,1e-06,1.0,1.0,0.0,0.0,0.0,0.0,0.0,0.0,0.0,0,1.5,psi4,0,64.5222403252258,79.78676508330491,545.2659088492186,2632.4192392941663,3305.7784904707128,25936.86100702609,2567.896998968941,3225.9917253874073,25391.59509817687,3304.3558790385778,40.747328855406145,40.747328855406145,29999.04571533203,nan,nan,0.0,0.0,0.0
hybrid_diff,0.0,80.0,1.0,1.0,rayleigh,1.0,0.028130814138268814,0.2138907659724164,532.0,810.0,809.0,655.2899999999507,0.85,0.02391119201752849,80000.0,80000.0,79998.32406616211,0.2139042565354728,0.20392353908180116,0.27629338729532826,9.055682660420619,8.633146842538082,11.696939916220225,diff,simple,0.6,0.12833445958344983,30000.0,30000.0,1.0,1e-06,1.0,1.0,0.0,0.0,0.0,0.0,0.0,0.0,0.0,0,1.5,psi4,0,64.5222403252258,79.78676508330491,545.2659088492186,515.1812985486015,643.748247797842,4715.898724847876,450.6590582233757,563.9614827145372,4170.632815998658,637.864042234627,87.58569705628149,87.58569705628149,29999.04571533203,0.06344426543289101,3308.385051767482,0.0,0.0,0.0
quant_noon2,0.0,80.0,1.0,1.0,rayleigh,1.0,0.028130814138268814,0.2138907659724164,532.0,810.0,809.0,0.405,0.85,0.02391119201752849,80000.0,80000.0,79998.32406616211,0.06375555444659226,0.06348031474650995,0.06919071539414387,2.0547698570472748,2.045899190889621,2.2299389851361053,noon2,simple,0.6,0.12833445958344983,30000.0,30000.0,1.0,1e-06,1.0,1.0,0.0,0.0,0.0,0.0,0.0,0.0,0.0,0,1.5,psi4,0,64.5222403252258,79.78676508330491,545.2659088492186,64.53539351075199,79.82802276087492,549.1186380828831,0.01315318552618295,0.04125767757000302,3.852729233664439,2.060408796850983,-5.0881187589895305,-5.0881187589895305,29999.02279663086,nan,nan,0.0,0.0,0.0
hybrid_noon2,0.0,80.0,1.0,1.0,rayleigh,1.0,0.028130814138268814,0.2138907659724164,532.0,810.0,809.0,0.405,0.85,0.02391119201752849,80000.0,80000.0,79998.32406616211,0.2139042565354728,0.20392353908180116,0.27629338729532826,9.055682660420619,8.633146842538082,11.696939916220225,noon2,simple,0.6,0.12833445958344983,30000.0,30000.0,1.0,1e-06,1.0,1.0,0.0,0.0,0.0,0.0,0.0,0.0,0.0,0,1.5,psi4,0,64.5222403252258,79.78676508330491,545.2659088492186,64.88498434373517,80.31465302763115,563.8984637611889,0.3627440185093631,0.5278879443262389,18.632554911970253,9.028134372608166,-4.870761336775497,-4.870761336775497,29999.02279663086,0.06348031474650995,2.045899190889621,0.0,0.0,0.0
classical,0.0,80.0,1.0,1.0,rayleigh,1.0,0.028130814138268814,0.2138907659724164,532.0,810.0,809.0,655.2899999999507,0.85,0.02391119201752849,80000.0,80000.0,80001.45687866211,0.2150217458681168,0.20544385102082197,0.2768850524726012,9.10299181142459,8.697509575134468,11.7219881886267,-,simple,0.6,0.12833445958344983,30000.0,30000.0,1.0,1e-06,1.0,1.0,0.0,0.0,0.0,0.0,0.0,0.0,0.0,0,1.5,psi4,1,63.45540927048641,79.93200411533286,560.8268298638247,63.80920447557693,80.37031090056192,562.7237468216583,0.35379520509051443,0.43830678522906114,1.8969169578336118,9.109847391444081,4.340968239077622,4.340968239077622,,,,,,
quant_diff,0.0,80.0,1.0,1.0,rayleigh,1.0,0.028130814138268814,0.2138907659724164,532.0,810.0,809.0,655.2899999999507,0.85,0.02391119201752849,80000.0,80000.0,80001.45687866211,0.06377779664685504,0.06352455726661828,0.069222796871314,3325.7774776242145,3312.5719755291457,3609.7142089671806,diff,simple,0.6,0.12833445958344983,30000.0,30000.0,1.0,1e-06,1.0,1.0,0.0,0.0,0.0,0.0,0.0,0.0,0.0,0,1.5,psi4,1,63.45540927048641,79.93200411533286,560.8268298638247,2613.4443746209454,3287.1057697560123,25260.38870465372,2549.9889653504592,3207.1737656406794,24699.561874789895,3285.9714386980786,38.73508286865273,38.73508286865273,30000.800888061523,nan,nan,0.0,0.0,0.0
hybrid_diff,0.0,80.0,1.0,1.0,rayleigh,1.0,0.028130814138268814,0.2138907659724164,532.0,810.0,809.0,655.2899999999507,0.85,0.02391119201752849,80000.0,80000.0,80001.45687866211,0.2150217458681168,0.20544385102082197,0.2768850524726012,9.10299181142459,8.697509575134468,11.7219881886267,diff,simple,0.6,0.12833445958344983,30000.0,30000.0,1.0,1e-06,1.0,1.0,0.0,0.0,0.0,0.0,0.0,0.0,0.0,0,1.5,psi4,1,63.45540927048641,79.93200411533286,560.8268298638247,507.12767654963164,644.8047451227452,7688.84003441507,443.6722672791452,564.8727410074124,7128.013204551245,640.2083943288919,-11.520395746408024,-11.520395746408024,30000.800888061523,0.06352455726661828,3312.5719755291457,0.0,0.0,0.0
quant_noon2,0.0,80.0,1.0,1.0,rayleigh,1.0,0.028130814138268814,0.2138907659724164,532.0,810.0,809.0,0.405,0.85,0.02391119201752849,80000.0,80000.0,80001.45687866211,0.06377428388309897,0.06350835112417658,0.06922602002634182,2.0553734857335524,2.0468027718282573,2.2310768137485955,noon2,simple,0.6,0.12833445958344983,30000.0,30000.0,1.0,1e-06,1.0,1.0,0.0,0.0,0.0,0.0,0.0,0.0,0.0,0,1.5,psi4,1,63.45540927048641,79.93200411533286,560.8268298638247,63.497042097604016,79.97588128044201,566.4298306271266,0.041632827117597734,0.04387716510915531,5.603000763301915,2.0447725089797917,3.8806906525427993,3.8806906525427993,30000.80140686035,nan,nan,0.0,0.0,0.0
hybrid_noon2,0.0,80.0,1.0,1.0,rayleigh,1.0,0.028130814138268814,0.2138907659724164,532.0,810.0,809.0,0.405,0.85,0.02391119201752849,80000.0,80000.0,80001.45687866211,0.2150217458681168,0.20544385102082197,0.2768850524726012,9.10299181142459,8.697509575134468,11.7219881886267,noon2,simple,0.6,0.12833445958344983,30000.0,30000.0,1.0,1e-06,1.0,1.0,0.0,0.0,0.0,0.0,0.0,0.0,0.0,0,1.5,psi4,1,63.45540927048641,79.93200411533286,560.8268298638247,63.80920447557693,80.37031090056192,562.7237468216583,0.35379520509051443,0.43830678522906114,1.8969169578336118,9.109847391444081,4.340968239077603,4.340968239077603,30000.80140686035,0.06350835112417658,2.0468027718282573,0.0,0.0,0.0
classical,0.0,80.0,1.0,1.0,rayleigh,1.0,0.028130814138268814,0.2138907659724164,532.0,810.0,809.0,655.2899999999507,0.85,0.02391119201752849,80000.0,80000.0,79999.93563842773,0.214125298866164,0.20502275927606847,0.2761161673279983,9.065040534984124,8.679682565643526,11.689437270825396,-,simple,0.6,0.12833445958344983,30000.0,30000.0,1.0,1e-06,1.0,1.0,0.0,0.0,0.0,0.0,0.0,0.0,0.0,0,1.5,psi4,2,64.34518646245138,79.68847520541914,509.18388229070416,64.80522777181062,80.3342347243152,518.3099381781736,0.46004130935924464,0.6457595188960534,9.126055887469466,9.059450007869547,7.667885670259639,7.667885670259639,,,,,,
quant_diff,0.0,80.0,1.0,1.0,rayleigh,1.0,0.028130814138268814,0.2138907659724164,532.0,810.0,809.0,655.2899999999507,0.85,0.02391119201752849,80000.0,80000.0,79999.93563842773,0.06375989927182182,0.06347055595490209,0.06919016728420263,3324.844195354781,3309.7560057761875,3608.0126960328275,diff,simple,0.6,0.12833445958344983,30000.0,30000.0,1.0,1e-06,1.0,1.0,0.0,0.0,0.0,0.0,0.0,0.0,0.0,0,1.5,psi4,2,64.34518646245138,79.68847520541914,509.18388229070416,2661.4137421053088,3331.1068195316193,27615.56569271227,2597.0685556428575,3251.4183443262004,27106.381810421564,3329.5483218515005,-12.04815667499495,-12.04815667499495,29999.967407226562,nan,nan,0.0,0.0,0.0
hybrid_diff,0.0,80.0,1.0,1.0,rayleigh,1.0,0.028130814138268814,0.2138907659724164,532.0,810.0,809.0,655.2899999999507,0.85,0.02391119201752849,80000.0,80000.0,79999.93563842773,0.214125298866164,0.20502275927606847,0.2761161673279983,9.065040534984124,8.679682565643526,11.689437270825396,diff,simple,0.6,0.12833445958344983,30000.0,30000.0,1.0,1e-06,1.0,1.0,0.0,0.0,0.0,0.0,0.0,0.0,0.0,0,1.5,psi4,2,64.34518646245138,79.68847520541914,509.18388229070416,509.45193446219463,641.3057764348554,5065.005897593027,445.1067479997432,561.6173012294363,4555.822015302322,634.2326183356101,22.798731914749403,22.798731914749403,29999.967407226562,0.06347055595490209,3309.7560057761875,0.0,0.0,0.0
quant_noon2,0.0,80.0,1.0,1.0,rayleigh,1.0,0.028130814138268814,0.2138907659724164,532.0,810.0,809.0,0.405,0.85,0.02391119201752849,80000.0,80000.0,79999.93563842773,0.06371291283109547,0.06343913575540064,0.06911690205457087,2.053395565710007,2.044572038292337,2.2275600641696247,noon2,simple,0.6,0.12833445958344983,30000.0,30000.0,1.0,1e-06,1.0,1.0,0.0,0.0,0.0,0.0,0.0,0.0,0.0,0,1.5,psi4,2,64.34518646245138,79.68847520541914,509.18388229070416,64.36961400743274,79.72209485023107,509.86762664125325,0.024427544981370043,0.033619644811937285,0.6837443505490909,2.059111339851794,7.868350758496778,7.868350758496778,29999.8994140625,nan,nan,0.0,0.0,0.0
hybrid_noon2,0.0,80.0,1.0,1.0,rayleigh,1.0,0.028130814138268814,0.2138907659724164,532.0,810.0,809.0,0.405,0.85,0.02391119201752849,80000.0,80000.0,79999.93563842773,0.214125298866164,0.20502275927606847,0.2761161673279983,9.065040534984124,8.679682565643526,11.689437270825396,noon2,simple,0.6,0.12833445958344983,30000.0,30000.0,1.0,1e-06,1.0,1.0,0.0,0.0,0.0,0.0,0.0,0.0,0.0,0,1.5,psi4,2,64.34518646245138,79.68847520541914,509.18388229070416,64.80522777181064,80.3342347243152,518.3099381781736,0.46004130935925786,0.6457595188960534,9.126055887469466,9.059450007869547,7.6678856702596105,7.6678856702596105,29999.8994140625,0.06343913575540064,2.044572038292337,0.0,0.0,0.0
classical,0.0,80.0,1.0,1.0,rayleigh,1.0,0.028130814138268814,0.2138907659724164,532.0,810.0,809.0,655.2899999999507,0.85,0.02391119201752849,80000.0,80000.0,79998.85850524902,0.21374882425485628,0.20415900231008294,0.2755658424481627,9.049102401424157,8.643115228899596,11.666139148793404,-,simple,0.6,0.12833445958344983,30000.0,30000.0,1.0,1e-06,1.0,1.0,0.0,0.0,0.0,0.0,0.0,0.0,0.0,0,1.5,psi4,3,64.69882142805872,79.9962728428014,496.99731553182613,64.99905059938528,80.43754062288401,520.4381986886406,0.3002291713265679,0.4412677800826156,23.440883156814415,9.087937488225768,2.509107346401248,2.509107346401248,,,,,,
quant_diff,0.0,80.0,1.0,1.0,rayleigh,1.0,0.028130814138268814,0.2138907659724164,532.0,810.0,809.0,655.2899999999507,0.85,0.02391119201752849,80000.0,80000.0,79998.85850524902,0.06370880529758233,0.06346074419731684,0.06904732066705999,3322.179832556095,3309.2443587123416,3600.563770434498,diff,simple,0.6,0.12833445958344983,30000.0,30000.0,1.0,1e-06,1.0,1.0,0.0,0.0,0.0,0.0,0.0,0.0,0.0,0,1.5,psi4,3,64.69882142805872,79.9962728428014,496.99731553182613,2663.6138293617582,3339.142799739248,26688.575232760926,2598.9150079336996,3259.1465268964466,26191.5779172291,3339.147888439636,65.63398910913895,65.63398910913895,29999.40103149414,nan,nan,0.0,0.0,0.0
hybrid_diff,0.0,80.0,1.0,1.0,rayleigh,1.0,0.028130814138268814,0.2138907659724164,532.0,810.0,809.0,655.2899999999507,0.85,0.02391119201752849,80000.0,80000.0,79998.85850524902,0.21374882425485628,0.20415900231008294,0.2755658424481627,9.049102401424157,8.643115228899596,11.666139148793404,diff,simple,0.6,0.12833445958344983,30000.0,30000.0,1.0,1e-06,1.0,1.0,0.0,0.0,0.0,0.0,0.0,0.0,0.0,0,1.5,psi4,3,64.69882142805872,79.9962728428014,496.99731553182613,539.2987372665133,674.4432460468786,4966.8679140813865,474.5999158384545,594.4469732040773,4469.870598549561,675.3772113271026,58.96098999211207,58.96098999211207,29999.40103149414,0.06346074419731684,3309.2443587123416,0.0,0.0,0.0
quant_noon2,0.0,80.0,1.0,1.0,rayleigh,1.0,0.028130814138268814,0.2138907659724164,532.0,810.0,809.0,0.405,0.85,0.02391119201752849,80000.0,80000.0,79998.85850524902,0.06374793684963738,0.06350306063531946,0.06907002948179873,2.05452435045978,2.0466322653190288,2.2260494138350704,noon2,simple,0.6,0.12833445958344983,30000.0,30000.0,1.0,1e-06,1.0,1.0,0.0,0.0,0.0,0.0,0.0,0.0,0.0,0,1.5,psi4,3,64.69882142805872,79.9962728428014,496.99731553182613,64.72528110064152,80.02630314312496,499.23226954478025,0.026459672582806435,0.030030300323562287,2.23495401295411,2.0729668583032894,3.1499122237489114,3.1499122237489114,29999.371841430664,nan,nan,0.0,0.0,0.0
hybrid_noon2,0.0,80.0,1.0,1.0,rayleigh,1.0,0.028130814138268814,0.2138907659724164,532.0,810.0,809.0,0.405,0.85,0.02391119201752849,80000.0,80000.0,79998.85850524902,0.21374882425485628,0.20415900231008294,0.2755658424481627,9.049102401424157,8.643115228899596,11.666139148793404,noon2,simple,0.6,0.12833445958344983,30000.0,30000.0,1.0,1e-06,1.0,1.0,0.0,0.0,0.0,0.0,0.0,0.0,0.0,0,1.5,psi4,3,64.69882142805872,79.9962728428014,496.99731553182613,64.99905059938527,80.43754062288401,520.4381986886406,0.30022917132655463,0.4412677800826156,23.440883156814415,9.087937488225768,2.5091073464013007,2.5091073464013007,29999.371841430664,0.06350306063531946,2.0466322653190288,0.0,0.0,0.0
classical,0.0,80.0,1.0,1.0,rayleigh,1.0,0.028130814138268814,0.2138907659724164,532.0,810.0,809.0,655.2899999999507,0.85,0.02391119201752849,80000.0,80000.0,80001.6263885498,0.21400730797219236,0.2041665271891782,0.2757111861893151,9.060045365136023,8.643433796272907,11.672292307304003,-,simple,0.6,0.12833445958344983,30000.0,30000.0,1.0,1e-06,1.0,1.0,0.0,0.0,0.0,0.0,0.0,0.0,0.0,0,1.5,psi4,4,64.64017692465141,79.88821086621266,496.3154119796947,65.01549340932489,80.33833995531047,504.9245120011308,0.37531648467347983,0.4501290890978196,8.609100021436062,8.990765680609707,-16.523606266901034,-16.523606266901034,,,,,,
quant_diff,0.0,80.0,1.0,1.0,rayleigh,1.0,0.028130814138268814,0.2138907659724164,532.0,810.0,809.0,655.2899999999507,0.85,0.02391119201752849,80000.0,80000.0,80001.6263885498,0.06373942110464291,0.06353190923270231,0.06907268134554005,3323.7763342688336,3312.955353514966,3601.8862365236496,diff,simple,0.6,0.12833445958344983,30000.0,30000.0,1.0,1e-06,1.0,1.0,0.0,0.0,0.0,0.0,0.0,0.0,0.0,0,1.5,psi4,4,64.64017692465141,79.88821086621266,496.3154119796947,2627.2829832701373,3289.901235943995,29418.901317162043,2562.642806345486,3210.013025077782,28922.585905182346,3288.423023672992,-84.31543154819414,-84.31543154819414,30000.951385498047,nan,nan,0.0,0.0,0.0
hybrid_diff,0.0,80.0,1.0,1.0,rayleigh,1.0,0.028130814138268814,0.2138907659724164,532.0,810.0,809.0,655.2899999999507,0.85,0.02391119201752849,80000.0,80000.0,80001.6263885498,0.21400730797219236,0.2041665271891782,0.2757111861893151,9.060045365136023,8.643433796272907,11.672292307304003,diff,simple,0.6,0.12833445958344983,30000.0,30000.0,1.0,1e-06,1.0,1.0,0.0,0.0,0.0,0.0,0.0,0.0,0.0,0,1.5,psi4,4,64.64017692465141,79.88821086621266,496.3154119796947,508.6366867761401,641.7025469351096,4734.6334196200905,443.99650985148867,561.814336068897,4238.318007640395,635.4973374682435,-66.45580345065409,-66.45580345065409,30000.951385498047,0.06353190923270231,3312.955353514966,0.0,0.0,0.0
quant_noon2,0.0,80.0,1.0,1.0,rayleigh,1.0,0.028130814138268814,0.2138907659724164,532.0,810.0,809.0,0.405,0.85,0.02391119201752849,80000.0,80000.0,80001.6263885498,0.06373518206310826,0.06345996493962072,0.06906640278789034,2.0541132780266307,2.04524333948725,2.2259325295668932,noon2,simple,0.6,0.12833445958344983,30000.0,30000.0,1.0,1e-06,1.0,1.0,0.0,0.0,0.0,0.0,0.0,0.0,0.0,0,1.5,psi4,4,64.64017692465141,79.88821086621266,496.3154119796947,64.65720334086822,79.92462656646767,499.1637956043674,0.01702641621680434,0.03641570025499956,2.848383624672677,2.0645021998827198,-17.178283128478714,-17.178283128478714,30000.923889160156,nan,nan,0.0,0.0,0.0
hybrid_noon2,0.0,80.0,1.0,1.0,rayleigh,1.0,0.028130814138268814,0.2138907659724164,532.0,810.0,809.0,0.405,0.85,0.02391119201752849,80000.0,80000.0,80001.6263885498,0.21400730797219236,0.2041665271891782,0.2757111861893151,9.060045365136023,8.643433796272907,11.672292307304003,noon2,simple,0.6,0.12833445958344983,30000.0,30000.0,1.0,1e-06,1.0,1.0,0.0,0.0,0.0,0.0,0.0,0.0,0.0,0,1.5,psi4,4,64.64017692465141,79.88821086621266,496.3154119796947,65.0154934093249,80.33833995531047,504.9245120011309,0.37531648467349304,0.4501290890978196,8.609100021436166,8.990765680609705,-16.523606266901066,-16.523606266901066,30000.923889160156,0.06345996493962072,2.04524333948725,0.0,0.0,0.0
classical,0.0,80.0,1.0,1.0,rayleigh,1.0,0.028130814138268814,0.2138907659724164,532.0,810.0,809.0,655.2899999999507,0.85,0.02391119201752849,80000.0,80000.0,80000.17610168457,0.21400217940683106,0.2043619396499333,0.2759380164397307,9.059828246219517,8.651706624785774,11.68189521469265,-,simple,0.6,0.12833445958344983,30000.0,30000.0,1.0,1e-06,1.0,1.0,0.0,0.0,0.0,0.0,0.0,0.0,0.0,0,1.5,psi4,5,63.83196241206738,78.72142622258168,497.24798357818315,64.28887303231075,79.29827698770528,504.9519418427837,0.4569106202433761,0.576850765123595,7.703958264600501,9.023916898158637,-16.215916040412594,-16.215916040412594,,,,,,
quant_diff,0.0,80.0,1.0,1.0,rayleigh,1.0,0.028130814138268814,0.2138907659724164,532.0,810.0,809.0,655.2899999999507,0.85,0.02391119201752849,80000.0,80000.0,80000.17610168457,0.06377576893107526,0.06352897139710467,0.06909658273192264,3325.6717397055972,3312.802156195879,3603.132605898172,diff,simple,0.6,0.12833445958344983,30000.0,30000.0,1.0,1e-06,1.0,1.0,0.0,0.0,0.0,0.0,0.0,0.0,0.0,0,1.5,psi4,5,63.83196241206738,78.72142622258168,497.24798357818315,2655.69357648217,3329.043714902183,25404.685050219126,2591.8616140701024,3250.322288679601,24907.437066640945,3328.6710065100847,-102.04660981099916,-102.04660981099916,30000.074737548828,nan,nan,0.0,0.0,0.0
hybrid_diff,0.0,80.0,1.0,1.0,rayleigh,1.0,0.028130814138268814,0.2138907659724164,532.0,810.0,809.0,655.2899999999507,0.85,0.02391119201752849,80000.0,80000.0,80000.17610168457,0.21400217940683106,0.2043619396499333,0.2759380164397307,9.059828246219517,8.651706624785774,11.68189521469265,diff,simple,0.6,0.12833445958344983,30000.0,30000.0,1.0,1e-06,1.0,1.0,0.0,0.0,0.0,0.0,0.0,0.0,0.0,0,1.5,psi4,5,63.83196241206738,78.72142622258168,497.24798357818315,509.12869683151405,642.0033336334615,5394.379187569355,445.2967344194467,563.2819074108797,4897.131203991172,640.5658640935563,-66.73388678240026,-66.73388678240026,30000.074737548828,0.06352897139710467,3312.802156195879,0.0,0.0,0.0
quant_noon2,0.0,80.0,1.0,1.0,rayleigh,1.0,0.028130814138268814,0.2138907659724164,532.0,810.0,809.0,0.405,0.85,0.02391119201752849,80000.0,80000.0,80000.17610168457,0.06371831706940989,0.06347140299168014,0.06904067248561918,2.053569738236388,2.045611975048481,2.225103270846169,noon2,simple,0.6,0.12833445958344983,30000.0,30000.0,1.0,1e-06,1.0,1.0,0.0,0.0,0.0,0.0,0.0,0.0,0.0,0,1.5,psi4,5,63.83196241206738,78.72142622258168,497.24798357818315,63.87207155928567,78.76038872457318,497.3083911896396,0.0401091472183007,0.03896250199149441,0.06040761145641784,2.05505984744471,-16.120752389833285,-16.120752389833285,30000.14727783203,nan,nan,0.0,0.0,0.0
hybrid_noon2,0.0,80.0,1.0,1.0,rayleigh,1.0,0.028130814138268814,0.2138907659724164,532.0,810.0,809.0,0.405,0.85,0.02391119201752849,80000.0,80000.0,80000.17610168457,0.21400217940683106,0.2043619396499333,0.2759380164397307,9.059828246219517,8.651706624785774,11.68189521469265,noon2,simple,0.6,0.12833445958344983,30000.0,30000.0,1.0,1e-06,1.0,1.0,0.0,0.0,0.0,0.0,0.0,0.0,0.0,0,1.5,psi4,5,63.83196241206738,78.72142622258168,497.24798357818315,64.28887303231075,79.29827698770528,504.95194184278347,0.4569106202433761,0.576850765123595,7.703958264600288,9.023916898158637,-16.215916040412576,-16.215916040412576,30000.14727783203,0.06347140299168014,2.045611975048481,0.0,0.0,0.0
classical,0.0,80.0,1.0,1.0,rayleigh,1.0,0.028130814138268814,0.2138907659724164,532.0,810.0,809.0,655.2899999999507,0.85,0.02391119201752849,80000.0,80000.0,79998.9992980957,0.21484368446505187,0.20475754705911392,0.2775363116926213,9.09545354366713,8.668454749454611,11.749559387637397,-,simple,0.6,0.12833445958344983,30000.0,30000.0,1.0,1e-06,1.0,1.0,0.0,0.0,0.0,0.0,0.0,0.0,0.0,0,1.5,psi4,6,64.00824378958805,79.81191698851954,520.6375093880803,64.51433111804782,80.4123659661831,548.3065834883434,0.5060873284597655,0.6004489776635621,27.669074100263195,9.068896598896481,-3.5998489577353077,-3.5998489577353077,,,,,,
quant_diff,0.0,80.0,1.0,1.0,rayleigh,1.0,0.028130814138268814,0.2138907659724164,532.0,810.0,809.0,655.2899999999507,0.85,0.02391119201752849,80000.0,80000.0,79998.9992980957,0.06376834786807782,0.06353998350617229,0.06913753209000624,3325.284758569928,3313.3763971738326,3605.267964283031,diff,simple,0.6,0.12833445958344983,30000.0,30000.0,1.0,1e-06,1.0,1.0,0.0,0.0,0.0,0.0,0.0,0.0,0.0,0,1.5,psi4,6,64.00824378958805,79.81191698851954,520.6375093880803,2652.930506967228,3329.4490589423262,24987.99265460904,2588.92226317764,3249.637141953807,24467.355145220958,3327.86048179963,-99.96468082515663,-99.96468082515663,29999.408309936523,nan,nan,0.0,0.0,0.0
hybrid_diff,0.0,80.0,1.0,1.0,rayleigh,1.0,0.028130814138268814,0.2138907659724164,532.0,810.0,809.0,655.2899999999507,0.85,0.02391119201752849,80000.0,80000.0,79998.9992980957,0.21484368446505187,0.20475754705911392,0.2775363116926213,9.09545354366713,8.668454749454611,11.749559387637397,diff,simple,0.6,0.12833445958344983,30000.0,30000.0,1.0,1e-06,1.0,1.0,0.0,0.0,0.0,0.0,0.0,0.0,0.0,0,1.5,psi4,6,64.00824378958805,79.81191698851954,520.6375093880803,522.6476941701427,654.3041945634798,5007.363370773964,458.6394503805547,574.4922775749602,4486.725861385884,647.09165100753,-54.44823874696206,-54.44823874696206,29999.408309936523,0.06353998350617229,3313.3763971738326,0.0,0.0,0.0
quant_noon2,0.0,80.0,1.0,1.0,rayleigh,1.0,0.028130814138268814,0.2138907659724164,532.0,810.0,809.0,0.405,0.85,0.02391119201752849,80000.0,80000.0,79998.9992980957,0.06372124914425743,0.06346935649126717,0.06917189673934987,2.0536642357130024,2.0455460186404864,2.229332481044712,noon2,simple,0.6,0.12833445958344983,30000.0,30000.0,1.0,1e-06,1.0,1.0,0.0,0.0,0.0,0.0,0.0,0.0,0.0,0,1.5,psi4,6,64.00824378958805,79.81191698851954,520.6375093880803,64.03402959599926,79.84555613473563,519.5182494256301,0.025785806411196592,0.03363914621608425,-1.1192599624501445,2.0617500807330837,-3.9520504637276668,-3.9520504637276668,29999.366287231445,nan,nan,0.0,0.0,0.0
hybrid_noon2,0.0,80.0,1.0,1.0,rayleigh,1.0,0.028130814138268814,0.2138907659724164,532.0,810.0,809.0,0.405,0.85,0.02391119201752849,80000.0,80000.0,79998.9992980957,0.21484368446505187,0.20475754705911392,0.2775363116926213,9.09545354366713,8.668454749454611,11.749559387637397,noon2,simple,0.6,0.12833445958344983,30000.0,30000.0,1.0,1e-06,1.0,1.0,0.0,0.0,0.0,0.0,0.0,0.0,0.0,0,1.5,psi4,6,64.00824378958805,79.81191698851954,520.6375093880803,64.5143311180478,80.4123659661831,548.3065834883433,0.5060873284597522,0.6004489776635621,27.66907410026309,9.068896598896481,-3.599848957735289,-3.599848957735289,29999.366287231445,0.06346935649126717,2.0455460186404864,0.0,0.0,0.0
classical,0.0,80.0,1.0,1.0,rayleigh,1.0,0.028130814138268814,0.2138907659724164,532.0,810.0,809.0,655.2899999999507,0.85,0.02391119201752849,80000.0,80000.0,80000.42141723633,0.21393652706342473,0.204473625255696,0.27577377576472467,9.057048840155186,8.65643485890278,11.674942050427116,-,simple,0.6,0.12833445958344983,30000.0,30000.0,1.0,1e-06,1.0,1.0,0.0,0.0,0.0,0.0,0.0,0.0,0.0,0,1.5,psi4,7,64.103334789993,79.63279081774465,493.21196767035946,64.33665651366566,80.04766653492828,513.6074156225105,0.23332172367265627,0.41487571718363414,20.39544795215106,8.99815738373166,-7.401457714429468,-7.401457714429468,,,,,,
quant_diff,0.0,80.0,1.0,1.0,rayleigh,1.0,0.028130814138268814,0.2138907659724164,532.0,810.0,809.0,655.2899999999507,0.85,0.02391119201752849,80000.0,80000.0,80000.42141723633,0.06372072450907748,0.0633932961903619,0.06911631524472019,3322.801375588713,3305.7271932686454,3604.1615838511493,diff,simple,0.6,0.12833445958344983,30000.0,30000.0,1.0,1e-06,1.0,1.0,0.0,0.0,0.0,0.0,0.0,0.0,0.0,0,1.5,psi4,7,64.103334789993,79.63279081774465,493.21196767035946,2631.828461728006,3301.5116386663267,27872.86580798379,2567.725126938013,3221.8788478485817,27379.653840313433,3301.3517175035504,0.06413406014438124,0.06413406014438124,30000.310943603516,nan,nan,0.0,0.0,0.0
hybrid_diff,0.0,80.0,1.0,1.0,rayleigh,1.0,0.028130814138268814,0.2138907659724164,532.0,810.0,809.0,655.2899999999507,0.85,0.02391119201752849,80000.0,80000.0,80000.42141723633,0.21393652706342473,0.204473625255696,0.27577377576472467,9.057048840155186,8.65643485890278,11.674942050427116,diff,simple,0.6,0.12833445958344983,30000.0,30000.0,1.0,1e-06,1.0,1.0,0.0,0.0,0.0,0.0,0.0,0.0,0.0,0,1.5,psi4,7,64.103334789993,79.63279081774465,493.21196767035946,499.49828473359486,636.6815535032717,5599.325987502693,435.3949499436019,557.0487626855271,5106.114019832334,636.5652614036671,-8.378780800179781,-8.378780800179781,30000.310943603516,0.0633932961903619,3305.7271932686454,0.0,0.0,0.0
quant_noon2,0.0,80.0,1.0,1.0,rayleigh,1.0,0.028130814138268814,0.2138907659724164,532.0,810.0,809.0,0.405,0.85,0.02391119201752849,80000.0,80000.0,80000.42141723633,0.06372313160020605,0.06344366664884162,0.06906398783073442,2.0537249051523014,2.0447180638951075,2.225854698212228,noon2,simple,0.6,0.12833445958344983,30000.0,30000.0,1.0,1e-06,1.0,1.0,0.0,0.0,0.0,0.0,0.0,0.0,0.0,0,1.5,psi4,7,64.103334789993,79.63279081774465,493.21196767035946,64.12651953163277,79.66727317978025,496.48503349349426,0.023184741639766387,0.034482362035593295,3.2730658231348158,2.031599285016652,-7.731600515925583,-7.731600515925583,30000.247756958008,nan,nan,0.0,0.0,0.0
hybrid_noon2,0.0,80.0,1.0,1.0,rayleigh,1.0,0.028130814138268814,0.2138907659724164,532.0,810.0,809.0,0.405,0.85,0.02391119201752849,80000.0,80000.0,80000.42141723633,0.21393652706342473,0.204473625255696,0.27577377576472467,9.057048840155186,8.65643485890278,11.674942050427116,noon2,simple,0.6,0.12833445958344983,30000.0,30000.0,1.0,1e-06,1.0,1.0,0.0,0.0,0.0,0.0,0.0,0.0,0.0,0,1.5,psi4,7,64.103334789993,79.63279081774465,493.21196767035946,64.33665651366564,80.04766653492827,513.6074156225105,0.23332172367264303,0.41487571718362093,20.39544795215106,8.998157383731659,-7.4014577144294496,-7.4014577144294496,30000.247756958008,0.06344366664884162,2.0447180638951075,0.0,0.0,0.0
classical,0.0,80.0,1.0,1.0,rayleigh,1.0,0.028130814138268814,0.2138907659724164,532.0,810.0,809.0,655.2899999999507,0.85,0.02391119201752849,80000.0,80000.0,79999.03559875488,0.21427409560930258,0.20475726135518035,0.27512802850212886,9.071339877075728,8.668442654117197,11.647604201318288,-,simple,0.6,0.12833445958344983,30000.0,30000.0,1.0,1e-06,1.0,1.0,0.0,0.0,0.0,0.0,0.0,0.0,0.0,0,1.5,psi4,8,62.863164559627535,78.96757030862183,543.477455814894,63.368951377454394,79.55651615658867,570.417732901398,0.5057868178268634,0.5889458479668459,26.940277086504086,9.033077193827095,-7.3776682704035,-7.3776682704035,,,,,,
quant_diff,0.0,80.0,1.0,1.0,rayleigh,1.0,0.028130814138268814,0.2138907659724164,532.0,810.0,809.0,655.2899999999507,0.85,0.02391119201752849,80000.0,80000.0,79999.03559875488,0.06375455873497286,0.06348076735759021,0.06906469944932205,3324.565706004184,3310.288492861986,3601.4700099986485,diff,simple,0.6,0.12833445958344983,30000.0,30000.0,1.0,1e-06,1.0,1.0,0.0,0.0,0.0,0.0,0.0,0.0,0.0,0,1.5,psi4,8,62.863164559627535,78.96757030862183,543.477455814894,2627.3766519599426,3306.3983850224367,25880.24898183332,2564.513487400315,3227.430814713815,25336.771526018427,3305.94523383189,-19.846855934580912,-19.846855934580912,29999.37010192871,nan,nan,0.0,0.0,0.0
hybrid_diff,0.0,80.0,1.0,1.0,rayleigh,1.0,0.028130814138268814,0.2138907659724164,532.0,810.0,809.0,655.2899999999507,0.85,0.02391119201752849,80000.0,80000.0,79999.03559875488,0.21427409560930258,0.20475726135518035,0.27512802850212886,9.071339877075728,8.668442654117197,11.647604201318288,diff,simple,0.6,0.12833445958344983,30000.0,30000.0,1.0,1e-06,1.0,1.0,0.0,0.0,0.0,0.0,0.0,0.0,0.0,0,1.5,psi4,8,62.863164559627535,78.96757030862183,543.477455814894,511.48216729615996,642.2449801368124,5743.511239940812,448.6190027365325,563.2774098281906,5200.033784125918,640.7422224114583,-0.35449332677878564,-0.35449332677878564,29999.37010192871,0.06348076735759021,3310.288492861986,0.0,0.0,0.0
quant_noon2,0.0,80.0,1.0,1.0,rayleigh,1.0,0.028130814138268814,0.2138907659724164,532.0,810.0,809.0,0.405,0.85,0.02391119201752849,80000.0,80000.0,79999.03559875488,0.06373578488648748,0.06347074636507516,0.06909766427241516,2.0541327063465555,2.0455908127110662,2.226940052074473,noon2,simple,0.6,0.12833445958344983,30000.0,30000.0,1.0,1e-06,1.0,1.0,0.0,0.0,0.0,0.0,0.0,0.0,0.0,0,1.5,psi4,8,62.863164559627535,78.96757030862183,543.477455814894,62.897075036848456,79.00738453102174,544.167272143838,0.03391047722092006,0.039814222399914695,0.6898163289439306,2.0393617797650214,-6.8685741350436516,-6.8685741350436516,29999.451858520508,nan,nan,0.0,0.0,0.0
hybrid_noon2,0.0,80.0,1.0,1.0,rayleigh,1.0,0.028130814138268814,0.2138907659724164,532.0,810.0,809.0,0.405,0.85,0.02391119201752849,80000.0,80000.0,79999.03559875488,0.21427409560930258,0.20475726135518035,0.27512802850212886,9.071339877075728,8.668442654117197,11.647604201318288,noon2,simple,0.6,0.12833445958344983,30000.0,30000.0,1.0,1e-06,1.0,1.0,0.0,0.0,0.0,0.0,0.0,0.0,0.0,0,1.5,psi4,8,62.863164559627535,78.96757030862183,543.477455814894,63.368951377454394,79.55651615658867,570.417732901398,0.5057868178268634,0.5889458479668459,26.940277086504086,9.033077193827095,-7.377668270403538,-7.377668270403538,29999.451858520508,0.06347074636507516,2.0455908127110662,0.0,0.0,0.0
classical,0.0,80.0,1.0,1.0,rayleigh,1.0,0.028130814138268814,0.2138907659724164,532.0,810.0,809.0,655.2899999999507,0.85,0.02391119201752849,80000.0,80000.0,79999.48063659668,0.21464448561744753,0.2043740509716595,0.27834860303003883,9.087020417653447,8.652219360193321,11.78394791593787,-,simple,0.6,0.12833445958344983,30000.0,30000.0,1.0,1e-06,1.0,1.0,0.0,0.0,0.0,0.0,0.0,0.0,0.0,0,1.5,psi4,9,63.58644271620053,79.33494372303691,582.1652103988696,64.08077459607426,79.94339854465089,580.3628819465848,0.4943318798737387,0.6084548216139719,-1.8023284522847869,9.103939143633303,-7.733865347242863,-7.733865347242863,,,,,,
quant_diff,0.0,80.0,1.0,1.0,rayleigh,1.0,0.028130814138268814,0.2138907659724164,532.0,810.0,809.0,655.2899999999507,0.85,0.02391119201752849,80000.0,80000.0,79999.48063659668,0.06376563675278715,0.06348577218631038,0.0691667626306567,3325.14338388082,3310.5494762686253,3606.7922294484197,diff,simple,0.6,0.12833445958344983,30000.0,30000.0,1.0,1e-06,1.0,1.0,0.0,0.0,0.0,0.0,0.0,0.0,0.0,0,1.5,psi4,9,63.58644271620053,79.33494372303691,582.1652103988696,2621.5304715070474,3304.878975046337,26250.497481354276,2557.944028790847,3225.5440313233,25668.332270955405,3303.616079936142,-73.04112478386394,-73.04112478386394,29999.811721801758,nan,nan,0.0,0.0,0.0
hybrid_diff,0.0,80.0,1.0,1.0,rayleigh,1.0,0.028130814138268814,0.2138907659724164,532.0,810.0,809.0,655.2899999999507,0.85,0.02391119201752849,80000.0,80000.0,79999.48063659668,0.21464448561744753,0.2043740509716595,0.27834860303003883,9.087020417653447,8.652219360193321,11.78394791593787,diff,simple,0.6,0.12833445958344983,30000.0,30000.0,1.0,1e-06,1.0,1.0,0.0,0.0,0.0,0.0,0.0,0.0,0.0,0,1.5,psi4,9,63.58644271620053,79.33494372303691,582.1652103988696,524.8779677396969,666.8108726627146,5998.359387941989,461.2915250234965,587.4759289396777,5416.19417754312,661.6811020696288,-77.35808209298119,-77.35808209298119,29999.811721801758,0.06348577218631038,3310.5494762686253,0.0,0.0,0.0
quant_noon2,0.0,80.0,1.0,1.0,rayleigh,1.0,0.028130814138268814,0.2138907659724164,532.0,810.0,809.0,0.405,0.85,0.02391119201752849,80000.0,80000.0,79999.48063659668,0.06376266269556831,0.06348970302964713,0.0691644952207348,2.0549989479219315,2.046201764702477,2.2290939384192323,noon2,simple,0.6,0.12833445958344983,30000.0,30000.0,1.0,1e-06,1.0,1.0,0.0,0.0,0.0,0.0,0.0,0.0,0.0,0,1.5,psi4,9,63.58644271620053,79.33494372303691,582.1652103988696,63.60056156089726,79.35659700193587,585.4135746848339,0.014118844696731674,0.021653278898948938,3.2483642859642794,2.055585774280421,-7.943329457623786,-7.943329457623786,29999.82502746582,nan,nan,0.0,0.0,0.0
hybrid_noon2,0.0,80.0,1.0,1.0,rayleigh,1.0,0.028130814138268814,0.2138907659724164,532.0,810.0,809.0,0.405,0.85,0.02391119201752849,80000.0,80000.0,79999.48063659668,0.21464448561744753,0.2043740509716595,0.27834860303003883,9.087020417653447,8.652219360193321,11.78394791593787,noon2,simple,0.6,0.12833445958344983,30000.0,30000.0,1.0,1e-06,1.0,1.0,0.0,0.0,0.0,0.0,0.0,0.0,0.0,0,1.5,psi4,9,63.58644271620053,79.33494372303691,582.1652103988696,64.08077459607428,79.94339854465089,580.3628819465848,0.49433187987375193,0.6084548216139719,-1.8023284522847869,9.103939143633303,-7.733865347242882,-7.733865347242882,29999.82502746582,0.06348970302964713,2.046201764702477,0.0,0.0,0.0
classical,100.0,80.0,1.0,1.0,rayleigh,1.0,0.028130814138268814,0.2138907659724164,532.0,810.0,809.0,655.2899999999507,0.85,0.02391119201752849,80000.0,80000.0,79998.33908081055,0.21455937486307486,0.20495097483479763,0.27635437678874286,9.083417235579976,8.676643555898545,11.699521919528282,-,simple,0.6,0.12833445958344983,30000.0,30000.0,1.0,1e-06,1.0,1.0,0.0,0.0,0.0,0.0,0.0,0.0,0.0,0,1.5,psi4,0,66.46933561365422,82.10626844244788,536.513958509378,66.79956681820178,82.59159444970707,531.5526091268093,0.33023120454754573,0.48532600725919023,-4.961349382568607,9.13763894170418,95.13192881948426,-4.868071180515751,,,,,,
quant_diff,100.0,80.0,1.0,1.0,rayleigh,1.0,0.028130814138268814,0.2138907659724164,532.0,810.0,809.0,655.2899999999507,0.85,0.02391119201752849,80000.0,80000.0,79998.33908081055,0.06370832134478047,0.06345410564775494,0.06909123329085876,3322.154596197781,3308.898182773726,3602.8536522255235,diff,simple,0.6,0.12833445958344983,30000.0,30000.0,1.0,1e-06,1.0,1.0,0.0,0.0,0.0,0.0,0.0,0.0,0.0,0,1.5,psi4,0,66.46933561365422,82.10626844244788,536.513958509378,2648.8392304546082,3323.9728306964676,25229.620812613513,2582.369894840954,3241.8665622540198,24693.106854104135,3321.6494867431306,186.13324704202626,86.13324704202626,29999.106719970703,nan,nan,0.0,0.0,0.0
hybrid_diff,100.0,80.0,1.0,1.0,rayleigh,1.0,0.028130814138268814,0.2138907659724164,532.0,810.0,809.0,655.2899999999507,0.85,0.02391119201752849,80000.0,80000.0,79998.33908081055,0.21455937486307486,0.20495097483479763,0.27635437678874286,9.083417235579976,8.676643555898545,11.699521919528282,diff,simple,0.6,0.12833445958344983,30000.0,30000.0,1.0,1e-06,1.0,1.0,0.0,0.0,0.0,0.0,0.0,0.0,0.0,0,1.5,psi4,0,66.46933561365422,82.10626844244788,536.513958509378,527.064725010167,656.7481660864999,5197.474527492612,460.59538939651276,574.641897644052,4660.960568983234,646.7537679952737,175.30296891884225,75.30296891884225,29999.106719970703,0.06345410564775494,3308.898182773726,0.0,0.0,0.0
quant_noon2,100.0,80.0,1.0,1.0,rayleigh,1.0,0.028130814138268814,0.2138907659724164,532.0,810.0,809.0,0.405,0.85,0.02391119201752849,80000.0,80000.0,79998.33908081055,0.06372348018277665,0.06344815244057192,0.06906548496977204,2.0537361395767357,2.044862635920438,2.22590294932059,noon2,simple,0.6,0.12833445958344983,30000.0,30000.0,1.0,1e-06,1.0,1.0,0.0,0.0,0.0,0.0,0.0,0.0,0.0,0,1.5,psi4,0,66.46933561365422,82.10626844244788,536.513958509378,66.49089729069243,82.15270804706473,537.9399518070969,0.02156167703820673,0.04643960461684611,1.4259932977189025,2.059660885262379,94.91777950415306,-5.082220495846943,29998.84815979004,nan,nan,0.0,0.0,0.0
hybrid_noon2,100.0,80.0,1.0,1.0,rayleigh,1.0,0.028130814138268814,0.2138907659724164,532.0,810.0,809.0,0.405,0.85,0.02391119201752849,80000.0,80000.0,79998.33908081055,0.21455937486307486,0.20495097483479763,0.27635437678874286,9.083417235579976,8.676643555898545,11.699521919528282,noon2,simple,0.6,0.12833445958344983,30000.0,30000.0,1.0,1e-06,1.0,1.0,0.0,0.0,0.0,0.0,0.0,0.0,0.0,0,1.5,psi4,0,66.46933561365422,82.10626844244788,536.513958509378,66.79956681820178,82.59159444970706,531.5526091268092,0.33023120454754573,0.48532600725917696,-4.961349382568713,9.13763894170418,95.13192881948426,-4.868071180515751,29998.84815979004,0.06344815244057192,2.044862635920438,0.0,0.0,0.0
classical,100.0,80.0,1.0,1.0,rayleigh,1.0,0.028130814138268814,0.2138907659724164,532.0,810.0,809.0,655.2899999999507,0.85,0.02391119201752849,80000.0,80000.0,80001.35848999023,0.21492136924395402,0.20490988118254458,0.277777014307049,9.098742345473493,8.674903847300929,11.759749584537147,-,simple,0.6,0.12833445958344983,30000.0,30000.0,1.0,1e-06,1.0,1.0,0.0,0.0,0.0,0.0,0.0,0.0,0.0,0,1.5,psi4,1,66.5940578178298,83.02614878613545,572.1321407824572,66.93561295564992,83.47927902542364,594.4911058207638,0.3415551378201132,0.4531302392881899,22.358965038306643,9.112580614070579,103.75038834540146,3.7503883454014493,,,,,,
quant_diff,100.0,80.0,1.0,1.0,rayleigh,1.0,0.028130814138268814,0.2138907659724164,532.0,810.0,809.0,655.2899999999507,0.85,0.02391119201752849,80000.0,80000.0,80001.35848999023,0.06377247824429341,0.0635265754966112,0.06916958636548297,3325.500142495277,3312.6772187988736,3606.9394768320194,diff,simple,0.6,0.12833445958344983,30000.0,30000.0,1.0,1e-06,1.0,1.0,0.0,0.0,0.0,0.0,0.0,0.0,0.0,0,1.5,psi4,1,66.5940578178298,83.02614878613545,572.1321407824572,2655.2828939311185,3328.5143886808264,27782.654369647964,2588.6888361132887,3245.488239894691,27210.522228865506,3326.275927739247,124.78215759066416,24.78215759066415,30000.862747192383,nan,nan,0.0,0.0,0.0
hybrid_diff,100.0,80.0,1.0,1.0,rayleigh,1.0,0.028130814138268814,0.2138907659724164,532.0,810.0,809.0,655.2899999999507,0.85,0.02391119201752849,80000.0,80000.0,80001.35848999023,0.21492136924395402,0.20490988118254458,0.277777014307049,9.098742345473493,8.674903847300929,11.759749584537147,diff,simple,0.6,0.12833445958344983,30000.0,30000.0,1.0,1e-06,1.0,1.0,0.0,0.0,0.0,0.0,0.0,0.0,0.0,0,1.5,psi4,1,66.5940578178298,83.02614878613545,572.1321407824572,502.3309638602469,639.8986012186972,5707.6395928354705,435.7369060424171,556.8724524325617,5135.507452053013,629.8111664547866,81.95511423307059,-18.04488576692942,30000.862747192383,0.0635265754966112,3312.6772187988736,0.0,0.0,0.0
quant_noon2,100.0,80.0,1.0,1.0,rayleigh,1.0,0.028130814138268814,0.2138907659724164,532.0,810.0,809.0,0.405,0.85,0.02391119201752849,80000.0,80000.0,80001.35848999023,0.06368587115982774,0.06338588645537108,0.06908346422415847,2.052524043040533,2.0428558732058697,2.226482400480353,noon2,simple,0.6,0.12833445958344983,30000.0,30000.0,1.0,1e-06,1.0,1.0,0.0,0.0,0.0,0.0,0.0,0.0,0.0,0,1.5,psi4,1,66.5940578178298,83.02614878613545,572.1321407824572,66.60038740817913,83.07599599357482,573.3685150042055,0.006329590349322872,0.04984720743937925,1.2363742217483604,2.0617683621888947,103.74355460006987,3.743554600069858,30000.903686523438,nan,nan,0.0,0.0,0.0
hybrid_noon2,100.0,80.0,1.0,1.0,rayleigh,1.0,0.028130814138268814,0.2138907659724164,532.0,810.0,809.0,0.405,0.85,0.02391119201752849,80000.0,80000.0,80001.35848999023,0.21492136924395402,0.20490988118254458,0.277777014307049,9.098742345473493,8.674903847300929,11.759749584537147,noon2,simple,0.6,0.12833445958344983,30000.0,30000.0,1.0,1e-06,1.0,1.0,0.0,0.0,0.0,0.0,0.0,0.0,0.0,0,1.5,psi4,1,66.5940578178298,83.02614878613545,572.1321407824572,66.93561295564993,83.47927902542364,594.4911058207637,0.3415551378201265,0.4531302392881899,22.358965038306536,9.112580614070577,103.7503883454014,3.7503883454013964,30000.903686523438,0.06338588645537108,2.0428558732058697,0.0,0.0,0.0
classical,100.0,80.0,1.0,1.0,rayleigh,1.0,0.028130814138268814,0.2138907659724164,532.0,810.0,809.0,655.2899999999507,0.85,0.02391119201752849,80000.0,80000.0,79999.90118408203,0.21412621151882066,0.20469605265157045,0.276031149737028,9.06507917233044,8.66585137049842,11.685838032844579,-,simple,0.6,0.12833445958344983,30000.0,30000.0,1.0,1e-06,1.0,1.0,0.0,0.0,0.0,0.0,0.0,0.0,0.0,0,1.5,psi4,2,67.57849341894904,84.91526705599118,567.7634357581269,67.98191030413479,85.38295289446887,584.7284321677703,0.40341688518575364,0.46768583847769957,16.964996409643323,9.113697084576613,107.8987454318017,7.898745431801685,,,,,,
quant_diff,100.0,80.0,1.0,1.0,rayleigh,1.0,0.028130814138268814,0.2138907659724164,532.0,810.0,809.0,655.2899999999507,0.85,0.02391119201752849,80000.0,80000.0,79999.90118408203,0.06375770439319611,0.06349634480177191,0.06917348309113601,3324.7297405086856,3311.1007992717737,3607.1426767400553,diff,simple,0.6,0.12833445958344983,30000.0,30000.0,1.0,1e-06,1.0,1.0,0.0,0.0,0.0,0.0,0.0,0.0,0.0,0,1.5,psi4,2,67.57849341894904,84.91526705599118,567.7634357581269,2654.547603148322,3329.2050602206227,25551.38973168945,2586.969109729373,3244.2897931646316,24983.626295931328,3327.3000751517015,156.44837638907265,56.44837638907265,29999.910690307617,nan,nan,0.0,0.0,0.0
hybrid_diff,100.0,80.0,1.0,1.0,rayleigh,1.0,0.028130814138268814,0.2138907659724164,532.0,810.0,809.0,655.2899999999507,0.85,0.02391119201752849,80000.0,80000.0,79999.90118408203,0.21412621151882066,0.20469605265157045,0.276031149737028,9.06507917233044,8.66585137049842,11.685838032844579,diff,simple,0.6,0.12833445958344983,30000.0,30000.0,1.0,1e-06,1.0,1.0,0.0,0.0,0.0,0.0,0.0,0.0,0.0,0,1.5,psi4,2,67.57849341894904,84.91526705599118,567.7634357581269,520.5702992238139,654.9481458307209,4873.76589658799,452.9918058048649,570.0328787747297,4306.002460829863,646.5509433222328,138.71682104663748,38.71682104663746,29999.910690307617,0.06349634480177191,3311.1007992717737,0.0,0.0,0.0
quant_noon2,100.0,80.0,1.0,1.0,rayleigh,1.0,0.028130814138268814,0.2138907659724164,532.0,810.0,809.0,0.405,0.85,0.02391119201752849,80000.0,80000.0,79999.90118408203,0.0637504603391798,0.06349795963037491,0.06906449005992528,2.05460567969127,2.046467865663317,2.2258708844945314,noon2,simple,0.6,0.12833445958344983,30000.0,30000.0,1.0,1e-06,1.0,1.0,0.0,0.0,0.0,0.0,0.0,0.0,0.0,0,1.5,psi4,2,67.57849341894904,84.91526705599118,567.7634357581269,67.63759273950642,84.96901053689697,573.5045291893786,0.0590993205573847,0.053743480905803775,5.7410934312516755,2.068922092228215,107.33582039494972,7.335820394949708,29999.947692871094,nan,nan,0.0,0.0,0.0
hybrid_noon2,100.0,80.0,1.0,1.0,rayleigh,1.0,0.028130814138268814,0.2138907659724164,532.0,810.0,809.0,0.405,0.85,0.02391119201752849,80000.0,80000.0,79999.90118408203,0.21412621151882066,0.20469605265157045,0.276031149737028,9.06507917233044,8.66585137049842,11.685838032844579,noon2,simple,0.6,0.12833445958344983,30000.0,30000.0,1.0,1e-06,1.0,1.0,0.0,0.0,0.0,0.0,0.0,0.0,0.0,0,1.5,psi4,2,67.57849341894904,84.91526705599118,567.7634357581269,67.98191030413479,85.38295289446886,584.7284321677703,0.40341688518575364,0.4676858384776863,16.964996409643323,9.11369708457661,107.89874543180166,7.898745431801645,29999.947692871094,0.06349795963037491,2.046467865663317,0.0,0.0,0.0
classical,100.0,80.0,1.0,1.0,rayleigh,1.0,0.028130814138268814,0.2138907659724164,532.0,810.0,809.0,655.2899999999507,0.85,0.02391119201752849,80000.0,80000.0,79998.87254333496,0.21505313727443312,0.20495087683462387,0.277317018112793,9.104320773355827,8.676639407040131,11.740275546817413,-,simple,0.6,0.12833445958344983,30000.0,30000.0,1.0,1e-06,1.0,1.0,0.0,0.0,0.0,0.0,0.0,0.0,0.0,0,1.5,psi4,3,69.04038702551911,84.80996715147839,488.32369384504455,69.37846076350999,85.29171560236801,500.64944336423014,0.33807373799088825,0.4817484508896301,12.325749519185553,9.079208319537052,102.47607549777551,2.4760754977755037,,,,,,
quant_diff,100.0,80.0,1.0,1.0,rayleigh,1.0,0.028130814138268814,0.2138907659724164,532.0,810.0,809.0,655.2899999999507,0.85,0.02391119201752849,80000.0,80000.0,79998.87254333496,0.06371525939842757,0.06345650901074673,0.06912720220998839,3322.516390172663,3309.0235093125666,3604.7292990403257,diff,simple,0.6,0.12833445958344983,30000.0,30000.0,1.0,1e-06,1.0,1.0,0.0,0.0,0.0,0.0,0.0,0.0,0.0,0,1.5,psi4,3,69.04038702551911,84.80996715147839,488.32369384504455,2661.7997865929133,3340.7018296008036,27213.548496468255,2592.759399567394,3255.891862449325,26725.22480262321,3340.3232128762843,95.53314657885531,-4.466853421144695,29999.414474487305,nan,nan,0.0,0.0,0.0
hybrid_diff,100.0,80.0,1.0,1.0,rayleigh,1.0,0.028130814138268814,0.2138907659724164,532.0,810.0,809.0,655.2899999999507,0.85,0.02391119201752849,80000.0,80000.0,79998.87254333496,0.21505313727443312,0.20495087683462387,0.277317018112793,9.104320773355827,8.676639407040131,11.740275546817413,diff,simple,0.6,0.12833445958344983,30000.0,30000.0,1.0,1e-06,1.0,1.0,0.0,0.0,0.0,0.0,0.0,0.0,0.0,0,1.5,psi4,3,69.04038702551911,84.80996715147839,488.32369384504455,538.6539918107699,674.2563279668126,5519.50360257668,469.61360478525074,589.4463608153343,5031.179908731637,673.7758440049978,161.83798223416187,61.83798223416186,29999.414474487305,0.06345650901074673,3309.0235093125666,0.0,0.0,0.0
quant_noon2,100.0,80.0,1.0,1.0,rayleigh,1.0,0.028130814138268814,0.2138907659724164,532.0,810.0,809.0,0.405,0.85,0.02391119201752849,80000.0,80000.0,79998.87254333496,0.06368192839477069,0.06346184378224144,0.06893389089282537,2.052396972154507,2.0453038924730516,2.2216618201354854,noon2,simple,0.6,0.12833445958344983,30000.0,30000.0,1.0,1e-06,1.0,1.0,0.0,0.0,0.0,0.0,0.0,0.0,0.0,0,1.5,psi4,3,69.04038702551911,84.80996715147839,488.32369384504455,69.05348181137956,84.8122483377042,488.7296941006249,0.01309478586045118,0.0022811862258207893,0.40600025558031727,2.0560038074245646,102.85315933335107,2.8531593333510608,29999.398223876953,nan,nan,0.0,0.0,0.0
hybrid_noon2,100.0,80.0,1.0,1.0,rayleigh,1.0,0.028130814138268814,0.2138907659724164,532.0,810.0,809.0,0.405,0.85,0.02391119201752849,80000.0,80000.0,79998.87254333496,0.21505313727443312,0.20495087683462387,0.277317018112793,9.104320773355827,8.676639407040131,11.740275546817413,noon2,simple,0.6,0.12833445958344983,30000.0,30000.0,1.0,1e-06,1.0,1.0,0.0,0.0,0.0,0.0,0.0,0.0,0.0,0,1.5,psi4,3,69.04038702551911,84.80996715147839,488.32369384504455,69.3821781314824,85.2969661257458,500.64203474015153,0.34179110596329254,0.48699897426740973,12.318340895106944,9.273085446177287,102.4737692314651,2.4737692314650888,29999.398223876953,0.06346184378224144,2.0453038924730516,0.0,0.0,0.0
classical,100.0,80.0,1.0,1.0,rayleigh,1.0,0.028130814138268814,0.2138907659724164,532.0,810.0,809.0,655.2899999999507,0.85,0.02391119201752849,80000.0,80000.0,80001.60200500488,0.2140316227331888,0.20434037525245924,0.2762032077363293,9.061074735767138,8.65079369138533,11.6931221452138,-,simple,0.6,0.12833445958344983,30000.0,30000.0,1.0,1e-06,1.0,1.0,0.0,0.0,0.0,0.0,0.0,0.0,0.0,0,1.5,psi4,4,66.3401150377009,82.9911642293113,533.2122285415393,73.70166452135108,91.5826558155631,572.5750533582363,7.361549483650177,8.591491586251813,39.36282481669702,67.0952192750047,-184.4096843052833,-284.4096843052833,,,,,,
quant_diff,100.0,80.0,1.0,1.0,rayleigh,1.0,0.028130814138268814,0.2138907659724164,532.0,810.0,809.0,655.2899999999507,0.85,0.02391119201752849,80000.0,80000.0,80001.60200500488,0.06373522823903449,0.0635048342868972,0.06903026822797582,3323.557691751526,3311.543494691038,3599.674548466566,diff,simple,0.6,0.12833445958344983,30000.0,30000.0,1.0,1e-06,1.0,1.0,0.0,0.0,0.0,0.0,0.0,0.0,0.0,0,1.5,psi4,4,66.3401150377009,82.9911642293113,533.2122285415393,2658.209344584188,3315.1967346278034,25457.03432105029,2591.8692295464866,3232.205570398492,24923.82209250875,3313.664594142278,26.05980462754961,-73.9401953724504,30000.948135375977,nan,nan,0.0,0.0,0.0
hybrid_diff,100.0,80.0,1.0,1.0,rayleigh,1.0,0.028130814138268814,0.2138907659724164,532.0,810.0,809.0,655.2899999999507,0.85,0.02391119201752849,80000.0,80000.0,80001.60200500488,0.2140316227331888,0.20434037525245924,0.2762032077363293,9.061074735767138,8.65079369138533,11.6931221452138,diff,simple,0.6,0.12833445958344983,30000.0,30000.0,1.0,1e-06,1.0,1.0,0.0,0.0,0.0,0.0,0.0,0.0,0.0,0,1.5,psi4,4,66.3401150377009,82.9911642293113,533.2122285415393,517.189894613231,652.5135178270956,5376.975059111034,450.8497795755301,569.5223535977843,4843.762830569494,646.6415868212141,41.18788063663089,-58.81211936336912,30000.948135375977,0.0635048342868972,3311.543494691038,0.0,0.0,0.0
quant_noon2,100.0,80.0,1.0,1.0,rayleigh,1.0,0.028130814138268814,0.2138907659724164,532.0,810.0,809.0,0.405,0.85,0.02391119201752849,80000.0,80000.0,80001.60200500488,0.0637646759648357,0.06349737137807003,0.06909108089277381,2.055063833327457,2.0464489069527403,2.2267278771485084,noon2,simple,0.6,0.12833445958344983,30000.0,30000.0,1.0,1e-06,1.0,1.0,0.0,0.0,0.0,0.0,0.0,0.0,0.0,0,1.5,psi4,4,66.3401150377009,82.9911642293113,533.2122285415393,68.34639897398104,84.62428502037125,519.9165483967722,2.0062839362801426,1.6331207910599486,-13.295680144767083,50.635170573530694,-119.93099946897,-219.93099946897001,30000.799880981445,nan,nan,0.0,0.0,0.0
hybrid_noon2,100.0,80.0,1.0,1.0,rayleigh,1.0,0.028130814138268814,0.2138907659724164,532.0,810.0,809.0,0.405,0.85,0.02391119201752849,80000.0,80000.0,80001.60200500488,0.2140316227331888,0.20434037525245924,0.2762032077363293,9.061074735767138,8.65079369138533,11.6931221452138,noon2,simple,0.6,0.12833445958344983,30000.0,30000.0,1.0,1e-06,1.0,1.0,0.0,0.0,0.0,0.0,0.0,0.0,0.0,0,1.5,psi4,4,66.3401150377009,82.9911642293113,533.2122285415393,73.6706056097523,91.53253974810532,572.5538799149424,7.330490572051408,8.541375518794029,39.341651373403025,67.08162228735763,-184.3225454387085,-284.3225454387085,30000.799880981445,0.06349737137807003,2.0464489069527403,0.0,0.0,0.0
classical,100.0,80.0,1.0,1.0,rayleigh,1.0,0.028130814138268814,0.2138907659724164,532.0,810.0,809.0,655.2899999999507,0.85,0.02391119201752849,80000.0,80000.0,80000.16506958008,0.21401051020438608,0.20458713834415487,0.27534277952630704,9.060180932323984,8.661240459892387,11.6566957320688,-,simple,0.6,0.12833445958344983,30000.0,30000.0,1.0,1e-06,1.0,1.0,0.0,0.0,0.0,0.0,0.0,0.0,0.0,0,1.5,psi4,5,65.80098003529673,82.06631774471597,548.8136308955244,66.1763816489451,82.54308256000435,562.256347705519,0.3754016136483584,0.4767648152883783,13.44271680999463,9.029149840635734,82.94065781397164,-17.05934218602837,,,,,,
quant_diff,100.0,80.0,1.0,1.0,rayleigh,1.0,0.028130814138268814,0.2138907659724164,532.0,810.0,809.0,655.2899999999507,0.85,0.02391119201752849,80000.0,80000.0,80000.16506958008,0.06377799624654854,0.06354079604106244,0.06911551406376808,3325.787886013969,3313.418767879306,3604.119805211777,diff,simple,0.6,0.12833445958344983,30000.0,30000.0,1.0,1e-06,1.0,1.0,0.0,0.0,0.0,0.0,0.0,0.0,0.0,0,1.5,psi4,5,65.80098003529673,82.06631774471597,548.8136308955244,2617.841452591215,3287.854802826225,28839.669237040926,2552.040472555918,3205.7884850815085,28290.8556061454,3288.553648466348,69.62220646653749,-30.377793533462516,30000.10693359375,nan,nan,0.0,0.0,0.0
hybrid_diff,100.0,80.0,1.0,1.0,rayleigh,1.0,0.028130814138268814,0.2138907659724164,532.0,810.0,809.0,655.2899999999507,0.85,0.02391119201752849,80000.0,80000.0,80000.16506958008,0.21401051020438608,0.20458713834415487,0.27534277952630704,9.060180932323984,8.661240459892387,11.6566957320688,diff,simple,0.6,0.12833445958344983,30000.0,30000.0,1.0,1e-06,1.0,1.0,0.0,0.0,0.0,0.0,0.0,0.0,0.0,0,1.5,psi4,5,65.80098003529673,82.06631774471597,548.8136308955244,507.02832552164665,640.7424141882486,5791.746068241851,441.2273454863499,558.6760964435326,5242.932437346327,644.0777775534713,35.25225583908538,-64.74774416091462,30000.10693359375,0.06354079604106244,3313.418767879306,0.0,0.0,0.0
quant_noon2,100.0,80.0,1.0,1.0,rayleigh,1.0,0.028130814138268814,0.2138907659724164,532.0,810.0,809.0,0.405,0.85,0.02391119201752849,80000.0,80000.0,80000.16506958008,0.06368130908925144,0.06345302288081275,0.06903074987064817,2.0523770126337357,2.0450196047349087,2.224783476118909,noon2,simple,0.6,0.12833445958344983,30000.0,30000.0,1.0,1e-06,1.0,1.0,0.0,0.0,0.0,0.0,0.0,0.0,0.0,0,1.5,psi4,5,65.80098003529673,82.06631774471597,548.8136308955244,68.22789280993351,83.33879806278551,478.80032097116475,2.426912774636774,1.2724803180695345,-70.0133099243596,50.6666907370034,-118.55455032131732,-218.55455032131735,30000.122344970703,nan,nan,0.0,0.0,0.0
hybrid_noon2,100.0,80.0,1.0,1.0,rayleigh,1.0,0.028130814138268814,0.2138907659724164,532.0,810.0,809.0,0.405,0.85,0.02391119201752849,80000.0,80000.0,80000.16506958008,0.21401051020438608,0.20458713834415487,0.27534277952630704,9.060180932323984,8.661240459892387,11.6566957320688,noon2,simple,0.6,0.12833445958344983,30000.0,30000.0,1.0,1e-06,1.0,1.0,0.0,0.0,0.0,0.0,0.0,0.0,0.0,0,1.5,psi4,5,65.80098003529673,82.06631774471597,548.8136308955244,73.97151992005386,90.20878759537814,509.6383418216855,8.170539884757131,8.142469850662167,-39.17528907383885,67.14034092927375,-182.99449017532277,-282.9944901753228,30000.122344970703,0.06345302288081275,2.0450196047349087,0.0,0.0,0.0
classical,100.0,80.0,1.0,1.0,rayleigh,1.0,0.028130814138268814,0.2138907659724164,532.0,810.0,809.0,655.2899999999507,0.85,0.02391119201752849,80000.0,80000.0,79999.02291870117,0.21399089384972925,0.2043512357421179,0.2757968057946372,9.05935046973477,8.65125347254854,11.675917031691753,-,simple,0.6,0.12833445958344983,30000.0,30000.0,1.0,1e-06,1.0,1.0,0.0,0.0,0.0,0.0,0.0,0.0,0.0,0,1.5,psi4,6,66.46664978741335,83.66139272147217,515.2276876546931,66.86290505519075,84.07336028437682,550.4937656872927,0.3962552677774069,0.4119675629046423,35.26607803259964,9.089124263510005,96.47992145202457,-3.5200785479754444,,,,,,
quant_diff,100.0,80.0,1.0,1.0,rayleigh,1.0,0.028130814138268814,0.2138907659724164,532.0,810.0,809.0,655.2899999999507,0.85,0.02391119201752849,80000.0,80000.0,79999.02291870117,0.06376882905445765,0.06351796582517219,0.0691180719874576,3325.3098506695096,3312.228256105475,3604.253191522427,diff,simple,0.6,0.12833445958344983,30000.0,30000.0,1.0,1e-06,1.0,1.0,0.0,0.0,0.0,0.0,0.0,0.0,0.0,0,1.5,psi4,6,66.46664978741335,83.66139272147217,515.2276876546931,2647.9837482297703,3326.0551831103326,26129.229402194745,2581.5170984423567,3242.3937903888605,25614.001714540052,3324.7227585539486,42.96944110613797,-57.030558893862036,29999.43913269043,nan,nan,0.0,0.0,0.0
hybrid_diff,100.0,80.0,1.0,1.0,rayleigh,1.0,0.028130814138268814,0.2138907659724164,532.0,810.0,809.0,655.2899999999507,0.85,0.02391119201752849,80000.0,80000.0,79999.02291870117,0.21399089384972925,0.2043512357421179,0.2757968057946372,9.05935046973477,8.65125347254854,11.675917031691753,diff,simple,0.6,0.12833445958344983,30000.0,30000.0,1.0,1e-06,1.0,1.0,0.0,0.0,0.0,0.0,0.0,0.0,0.0,0,1.5,psi4,6,66.46664978741335,83.66139272147217,515.2276876546931,519.2510482511323,649.2012292096643,4794.087024609951,452.78439846371896,565.5398364881922,4278.859336955258,642.8167329977537,41.829149254605085,-58.17085074539493,29999.43913269043,0.06351796582517219,3312.228256105475,0.0,0.0,0.0
quant_noon2,100.0,80.0,1.0,1.0,rayleigh,1.0,0.028130814138268814,0.2138907659724164,532.0,810.0,809.0,0.405,0.85,0.02391119201752849,80000.0,80000.0,79999.02291870117,0.06375432526694269,0.06345842650649355,0.06914129347937864,2.054730241968796,2.045193757516797,2.228346172374635,noon2,simple,0.6,0.12833445958344983,30000.0,30000.0,1.0,1e-06,1.0,1.0,0.0,0.0,0.0,0.0,0.0,0.0,0.0,0,1.5,psi4,6,66.46664978741335,83.66139272147217,515.2276876546931,66.48066435464139,83.69272454828646,518.0039254303389,0.014014567228041177,0.031331826814289046,2.7762377756458414,2.0460081041745504,95.72927151954948,-4.270728480450526,29999.39569091797,nan,nan,0.0,0.0,0.0
hybrid_noon2,100.0,80.0,1.0,1.0,rayleigh,1.0,0.028130814138268814,0.2138907659724164,532.0,810.0,809.0,0.405,0.85,0.02391119201752849,80000.0,80000.0,79999.02291870117,0.21399089384972925,0.2043512357421179,0.2757968057946372,9.05935046973477,8.65125347254854,11.675917031691753,noon2,simple,0.6,0.12833445958344983,30000.0,30000.0,1.0,1e-06,1.0,1.0,0.0,0.0,0.0,0.0,0.0,0.0,0.0,0,1.5,psi4,6,66.46664978741335,83.66139272147217,515.2276876546931,66.86290505519075,84.07336028437682,550.4937656872925,0.3962552677774069,0.4119675629046423,35.266078032599424,9.089124263510003,96.47992145202461,-3.5200785479753915,29999.39569091797,0.06345842650649355,2.045193757516797,0.0,0.0,0.0
classical,100.0,80.0,1.0,1.0,rayleigh,1.0,0.028130814138268814,0.2138907659724164,532.0,810.0,809.0,655.2899999999507,0.85,0.02391119201752849,80000.0,80000.0,80000.50952148438,0.21377328925467146,0.20469830083304702,0.27508638683857106,9.050138132447943,8.665946547744278,11.64584129254434,-,simple,0.6,0.12833445958344983,30000.0,30000.0,1.0,1e-06,1.0,1.0,0.0,0.0,0.0,0.0,0.0,0.0,0.0,0,1.5,psi4,7,67.06119255774648,82.85904894982276,520.8866336151156,67.40712340162546,83.30460711684148,532.4139710150166,0.3459308438789732,0.4455581670187118,11.527337399900956,8.990653462455308,91.6157996462461,-8.384200353753902,,,,,,
quant_diff,100.0,80.0,1.0,1.0,rayleigh,1.0,0.028130814138268814,0.2138907659724164,532.0,810.0,809.0,655.2899999999507,0.85,0.02391119201752849,80000.0,80000.0,80000.50952148438,0.06372286201445476,0.06345363145998564,0.06916112660585683,3322.9128386309603,3308.873455625938,3606.498331488185,diff,simple,0.6,0.12833445958344983,30000.0,30000.0,1.0,1e-06,1.0,1.0,0.0,0.0,0.0,0.0,0.0,0.0,0.0,0,1.5,psi4,7,67.06119255774648,82.85904894982276,520.8866336151156,2649.5172825303785,3316.6711713023797,28859.59654958418,2582.456089972632,3233.8121223525573,28338.709915969066,3316.727376275069,64.78421830078993,-35.21578169921008,30000.312728881836,nan,nan,0.0,0.0,0.0
hybrid_diff,100.0,80.0,1.0,1.0,rayleigh,1.0,0.028130814138268814,0.2138907659724164,532.0,810.0,809.0,655.2899999999507,0.85,0.02391119201752849,80000.0,80000.0,80000.50952148438,0.21377328925467146,0.20469830083304702,0.27508638683857106,9.050138132447943,8.665946547744278,11.64584129254434,diff,simple,0.6,0.12833445958344983,30000.0,30000.0,1.0,1e-06,1.0,1.0,0.0,0.0,0.0,0.0,0.0,0.0,0.0,0,1.5,psi4,7,67.06119255774648,82.85904894982276,520.8866336151156,509.265959770252,642.5282381603197,5695.777916190801,442.2047672125055,559.6691892104968,5174.891282575685,643.4939780544532,98.51976104157754,-1.4802389584224653,30000.312728881836,0.06345363145998564,3308.873455625938,0.0,0.0,0.0
quant_noon2,100.0,80.0,1.0,1.0,rayleigh,1.0,0.028130814138268814,0.2138907659724164,532.0,810.0,809.0,0.405,0.85,0.02391119201752849,80000.0,80000.0,80000.50952148438,0.06375691884778392,0.06346101469048436,0.06913655689824169,2.054813830164062,2.0452771717776397,2.2281935176886214,noon2,simple,0.6,0.12833445958344983,30000.0,30000.0,1.0,1e-06,1.0,1.0,0.0,0.0,0.0,0.0,0.0,0.0,0.0,0,1.5,psi4,7,67.06119255774648,82.85904894982276,520.8866336151156,67.07785992553433,82.86855034411305,525.6603742040785,0.01666736778784915,0.009501394290277927,4.7737405889629425,2.0439726740708957,92.10779913232551,-7.892200867674505,30000.24592590332,nan,nan,0.0,0.0,0.0
hybrid_noon2,100.0,80.0,1.0,1.0,rayleigh,1.0,0.028130814138268814,0.2138907659724164,532.0,810.0,809.0,0.405,0.85,0.02391119201752849,80000.0,80000.0,80000.50952148438,0.21377328925467146,0.20469830083304702,0.27508638683857106,9.050138132447943,8.665946547744278,11.64584129254434,noon2,simple,0.6,0.12833445958344983,30000.0,30000.0,1.0,1e-06,1.0,1.0,0.0,0.0,0.0,0.0,0.0,0.0,0.0,0,1.5,psi4,7,67.06119255774648,82.85904894982276,520.8866336151156,67.40712340162546,83.30460711684148,532.4139710150166,0.3459308438789732,0.4455581670187118,11.527337399900956,8.990653462455308,91.61579964624612,-8.384200353753888,30000.24592590332,0.06346101469048436,2.0452771717776397,0.0,0.0,0.0
classical,100.0,80.0,1.0,1.0,rayleigh,1.0,0.028130814138268814,0.2138907659724164,532.0,810.0,809.0,655.2899999999507,0.85,0.02391119201752849,80000.0,80000.0,79998.94934082031,0.21451426481791142,0.20504433435979402,0.2753841791517424,9.081507492125528,8.680595951448723,11.65844839410683,-,simple,0.6,0.12833445958344983,30000.0,30000.0,1.0,1e-06,1.0,1.0,0.0,0.0,0.0,0.0,0.0,0.0,0.0,0,1.5,psi4,8,67.81681803268243,85.40987999063286,592.6992100723561,68.21384125446252,85.84649957873312,609.425723665373,0.39702322178009664,0.4366195881002562,16.726513593016893,9.080995507107804,92.93221299435707,-7.067787005642936,,,,,,
quant_diff,100.0,80.0,1.0,1.0,rayleigh,1.0,0.028130814138268814,0.2138907659724164,532.0,810.0,809.0,655.2899999999507,0.85,0.02391119201752849,80000.0,80000.0,79998.94934082031,0.06375899596710455,0.06347554613556206,0.06914750408293487,3324.797091336736,3310.0162253403732,3605.7879670305806,diff,simple,0.6,0.12833445958344983,30000.0,30000.0,1.0,1e-06,1.0,1.0,0.0,0.0,0.0,0.0,0.0,0.0,0.0,0,1.5,psi4,8,67.81681803268243,85.40987999063286,592.6992100723561,2617.5142384715105,3302.2665661709543,25339.469691853374,2549.6974204388275,3216.8566861803215,24746.770481781015,3302.1014082176475,57.58730268258628,-42.41269731741373,29999.449630737305,nan,nan,0.0,0.0,0.0
hybrid_diff,100.0,80.0,1.0,1.0,rayleigh,1.0,0.028130814138268814,0.2138907659724164,532.0,810.0,809.0,655.2899999999507,0.85,0.02391119201752849,80000.0,80000.0,79998.94934082031,0.21451426481791142,0.20504433435979402,0.2753841791517424,9.081507492125528,8.680595951448723,11.65844839410683,diff,simple,0.6,0.12833445958344983,30000.0,30000.0,1.0,1e-06,1.0,1.0,0.0,0.0,0.0,0.0,0.0,0.0,0.0,0,1.5,psi4,8,67.81681803268243,85.40987999063286,592.6992100723561,507.9112195798095,642.4098142160534,5128.370479385967,440.09440154712706,556.9999342254206,4535.6712693136105,642.2256063045375,66.85625163821608,-33.14374836178393,29999.449630737305,0.06347554613556206,3310.0162253403732,0.0,0.0,0.0
quant_noon2,100.0,80.0,1.0,1.0,rayleigh,1.0,0.028130814138268814,0.2138907659724164,532.0,810.0,809.0,0.405,0.85,0.02391119201752849,80000.0,80000.0,79998.94934082031,0.0637512756530071,0.06349901376197457,0.06910180685443235,2.0546319563394917,2.0465018391399052,2.227073562836526,noon2,simple,0.6,0.12833445958344983,30000.0,30000.0,1.0,1e-06,1.0,1.0,0.0,0.0,0.0,0.0,0.0,0.0,0.0,0,1.5,psi4,8,67.81681803268243,85.40987999063286,592.6992100723561,63.84905654843166,80.341698224883,498.889146630871,-3.967761484250767,-5.06818176574985,-93.81006344148504,50.668136518516974,-109.36519394656221,-209.36519394656224,29999.460052490234,nan,nan,0.0,0.0,0.0
hybrid_noon2,100.0,80.0,1.0,1.0,rayleigh,1.0,0.028130814138268814,0.2138907659724164,532.0,810.0,809.0,0.405,0.85,0.02391119201752849,80000.0,80000.0,79998.94934082031,0.21451426481791142,0.20504433435979402,0.2753841791517424,9.081507492125528,8.680595951448723,11.65844839410683,noon2,simple,0.6,0.12833445958344983,30000.0,30000.0,1.0,1e-06,1.0,1.0,0.0,0.0,0.0,0.0,0.0,0.0,0.0,0,1.5,psi4,8,67.81681803268243,85.40987999063286,592.6992100723561,67.98037573842619,85.55209304550631,544.9347918188871,0.1635577057437572,0.14221305487344854,-47.76441825346898,67.16442921496117,-173.0677870056429,-273.0677870056429,29999.460052490234,0.06349901376197457,2.0465018391399052,0.0,0.0,0.0
classical,100.0,80.0,1.0,1.0,rayleigh,1.0,0.028130814138268814,0.2138907659724164,532.0,810.0,809.0,655.2899999999507,0.85,0.02391119201752849,80000.0,80000.0,79999.49732971191,0.2145212347150695,0.2050149173253697,0.27567087994979156,9.081802564219284,8.679350574975752,11.670585933993475,-,simple,0.6,0.12833445958344983,30000.0,30000.0,1.0,1e-06,1.0,1.0,0.0,0.0,0.0,0.0,0.0,0.0,0.0,0,1.5,psi4,9,67.57591376662617,84.74512974149731,633.8141795463687,67.84991916997355,85.12902493545008,627.4641997219719,0.27400540334737306,0.38389519395275884,-6.349979824396816,9.034930892810278,92.56512869757404,-7.434871302425975,,,,,,
quant_diff,100.0,80.0,1.0,1.0,rayleigh,1.0,0.028130814138268814,0.2138907659724164,532.0,810.0,809.0,655.2899999999507,0.85,0.02391119201752849,80000.0,80000.0,79999.49732971191,0.06376896429721998,0.06349082626504321,0.06927218011692499,3325.316903082052,3310.813027882252,3612.2893635610967,diff,simple,0.6,0.12833445958344983,30000.0,30000.0,1.0,1e-06,1.0,1.0,0.0,0.0,0.0,0.0,0.0,0.0,0.0,0,1.5,psi4,9,67.57591376662617,84.74512974149731,633.8141795463687,2634.6006162840295,3308.8282820635977,25569.71178884737,2567.0247025174035,3224.0831523221004,24935.897609301002,3307.3188156307656,8.519159205082525,-91.48084079491748,29999.81346130371,nan,nan,0.0,0.0,0.0
hybrid_diff,100.0,80.0,1.0,1.0,rayleigh,1.0,0.028130814138268814,0.2138907659724164,532.0,810.0,809.0,655.2899999999507,0.85,0.02391119201752849,80000.0,80000.0,79999.49732971191,0.2145212347150695,0.2050149173253697,0.27567087994979156,9.081802564219284,8.679350574975752,11.670585933993475,diff,simple,0.6,0.12833445958344983,30000.0,30000.0,1.0,1e-06,1.0,1.0,0.0,0.0,0.0,0.0,0.0,0.0,0.0,0,1.5,psi4,9,67.57591376662617,84.74512974149731,633.8141795463687,511.54415412971525,650.8872234482608,5562.738407432879,443.968240363089,566.1420937067634,4928.92422788651,644.3416457451843,29.80775216710253,-70.19224783289746,29999.81346130371,0.06349082626504321,3310.813027882252,0.0,0.0,0.0
quant_noon2,100.0,80.0,1.0,1.0,rayleigh,1.0,0.028130814138268814,0.2138907659724164,532.0,810.0,809.0,0.405,0.85,0.02391119201752849,80000.0,80000.0,79999.49732971191,0.06378679958351502,0.06355156714934809,0.06912335285561486,2.0557768526900144,2.0481955757436907,2.227767966236418,noon2,simple,0.6,0.12833445958344983,30000.0,30000.0,1.0,1e-06,1.0,1.0,0.0,0.0,0.0,0.0,0.0,0.0,0.0,0,1.5,psi4,9,67.57591376662617,84.74512974149731,633.8141795463687,65.838987629803,81.78706309178985,570.847502358854,-1.7369261368231714,-2.9580666497074706,-62.96667718751478,50.661521717332306,-109.80103438258418,-209.80103438258416,29999.72933959961,nan,nan,0.0,0.0,0.0
hybrid_noon2,100.0,80.0,1.0,1.0,rayleigh,1.0,0.028130814138268814,0.2138907659724164,532.0,810.0,809.0,0.405,0.85,0.02391119201752849,80000.0,80000.0,79999.49732971191,0.2145212347150695,0.2050149173253697,0.27567087994979156,9.081802564219284,8.679350574975752,11.670585933993475,noon2,simple,0.6,0.12833445958344983,30000.0,30000.0,1.0,1e-06,1.0,1.0,0.0,0.0,0.0,0.0,0.0,0.0,0.0,0,1.5,psi4,9,67.57591376662617,84.74512974149731,633.8141795463687,70.63358073393579,87.49212961676734,571.8856162841557,3.05766696730962,2.7469998752700358,-61.928563262212975,67.17915820211465,-173.43487130242588,-273.4348713024259,29999.72933959961,0.06355156714934809,2.0481955757436907,0.0,0.0,0.0
classical,200.0,80.0,1.0,1.0,rayleigh,1.0,0.028130814138268814,0.2138907659724164,532.0,810.0,809.0,655.2899999999507,0.85,0.02391119201752849,80000.0,80000.0,79998.32292175293,0.21401401480362825,0.20426481387035295,0.27644531106506365,9.06032930028591,8.647594784038557,11.703371641654684,-,simple,0.6,0.12833445958344983,30000.0,30000.0,1.0,1e-06,1.0,1.0,0.0,0.0,0.0,0.0,0.0,0.0,0.0,0,1.5,psi4,0,74.2000002254282,91.4697865790749,550.9250878591621,66.99904627433399,83.01385095436547,587.1342233949518,-7.200953951094202,-8.45593562470944,36.209135535789805,67.13463024816721,-71.08350515383039,-271.0835051538304,,,,,,
quant_diff,200.0,80.0,1.0,1.0,rayleigh,1.0,0.028130814138268814,0.2138907659724164,532.0,810.0,809.0,655.2899999999507,0.85,0.02391119201752849,80000.0,80000.0,79998.32292175293,0.06370894243427548,0.06344744143489545,0.06910588261398314,3322.186983730162,3308.5506685885475,3603.6175605364247,diff,simple,0.6,0.12833445958344983,30000.0,30000.0,1.0,1e-06,1.0,1.0,0.0,0.0,0.0,0.0,0.0,0.0,0.0,0,1.5,psi4,0,74.2000002254282,91.4697865790749,550.9250878591621,2638.0617947483556,3315.9110992956994,27528.798384884332,2563.8617945229275,3224.441312716624,26977.87329702517,3313.2133614852823,296.6438107250004,96.64381072500035,29999.074645996094,nan,nan,0.0,0.0,0.0
hybrid_diff,200.0,80.0,1.0,1.0,rayleigh,1.0,0.028130814138268814,0.2138907659724164,532.0,810.0,809.0,655.2899999999507,0.85,0.02391119201752849,80000.0,80000.0,79998.32292175293,0.21401401480362825,0.20426481387035295,0.27644531106506365,9.06032930028591,8.647594784038557,11.703371641654684,diff,simple,0.6,0.12833445958344983,30000.0,30000.0,1.0,1e-06,1.0,1.0,0.0,0.0,0.0,0.0,0.0,0.0,0.0,0,1.5,psi4,0,74.2000002254282,91.4697865790749,550.9250878591621,507.222888380469,637.0556482814297,4870.082346986728,433.0228881550408,545.5858617023548,4319.157259127566,624.9657997275109,293.22807634668357,93.22807634668352,29999.074645996094,0.06344744143489545,3308.5506685885475,0.0,0.0,0.0
quant_noon2,200.0,80.0,1.0,1.0,rayleigh,1.0,0.028130814138268814,0.2138907659724164,532.0,810.0,809.0,0.405,0.85,0.02391119201752849,80000.0,80000.0,79998.32292175293,0.06374675921089645,0.06350847555520572,0.06914492668883028,2.054486396486854,2.0468067821004636,2.228463266631447,noon2,simple,0.6,0.12833445958344983,30000.0,30000.0,1.0,1e-06,1.0,1.0,0.0,0.0,0.0,0.0,0.0,0.0,0.0,0,1.5,psi4,0,74.2000002254282,91.4697865790749,550.9250878591621,64.56115643626848,79.85712694774736,542.5735052373492,-9.638843789159724,-11.612659631327544,-8.35158262181283,50.660961152566145,-7.0406133658665935,-207.04061336586662,29999.0115814209,nan,nan,0.0,0.0,0.0
hybrid_noon2,200.0,80.0,1.0,1.0,rayleigh,1.0,0.028130814138268814,0.2138907659724164,532.0,810.0,809.0,0.405,0.85,0.02391119201752849,80000.0,80000.0,79998.32292175293,0.21401401480362825,0.20426481387035295,0.27644531106506365,9.06032930028591,8.647594784038557,11.703371641654684,noon2,simple,0.6,0.12833445958344983,30000.0,30000.0,1.0,1e-06,1.0,1.0,0.0,0.0,0.0,0.0,0.0,0.0,0.0,0,1.5,psi4,0,74.2000002254282,91.4697865790749,550.9250878591621,66.99904627433399,83.01385095436547,587.1342233949517,-7.200953951094202,-8.45593562470944,36.2091355357897,67.13463024816721,-71.08350515383034,-271.08350515383034,29999.0115814209,0.06350847555520572,2.0468067821004636,0.0,0.0,0.0
classical,200.0,80.0,1.0,1.0,rayleigh,1.0,0.028130814138268814,0.2138907659724164,532.0,810.0,809.0,655.2899999999507,0.85,0.02391119201752849,80000.0,80000.0,80001.41084289551,0.21413587419876143,0.20466005299571954,0.2767032911128411,9.065488243961878,8.664327317332997,11.714293282407565,-,simple,0.6,0.12833445958344983,30000.0,30000.0,1.0,1e-06,1.0,1.0,0.0,0.0,0.0,0.0,0.0,0.0,0.0,0,1.5,psi4,1,75.36105158312895,92.9910134734254,610.0350954982972,65.56361263205909,82.66613165312283,600.9808797259378,-9.797438951069854,-10.324881820302572,-9.054215772359353,67.12630964531569,-62.28705548031405,-262.28705548031405,,,,,,
quant_diff,200.0,80.0,1.0,1.0,rayleigh,1.0,0.028130814138268814,0.2138907659724164,532.0,810.0,809.0,655.2899999999507,0.85,0.02391119201752849,80000.0,80000.0,80001.41084289551,0.06377739312267923,0.06349062294599003,0.06918616166487597,3325.7564353228786,3310.802425541572,3607.8038177202966,diff,simple,0.6,0.12833445958344983,30000.0,30000.0,1.0,1e-06,1.0,1.0,0.0,0.0,0.0,0.0,0.0,0.0,0.0,0,1.5,psi4,1,75.36105158312895,92.9910134734254,610.0350954982972,2624.919735673323,3295.8944680433606,25745.18269537809,2549.5586840901938,3202.903454569935,25135.147599879794,3294.525685225439,208.855701207756,8.85570120775599,30000.841995239258,nan,nan,0.0,0.0,0.0
hybrid_diff,200.0,80.0,1.0,1.0,rayleigh,1.0,0.028130814138268814,0.2138907659724164,532.0,810.0,809.0,655.2899999999507,0.85,0.02391119201752849,80000.0,80000.0,80001.41084289551,0.21413587419876143,0.20466005299571954,0.2767032911128411,9.065488243961878,8.664327317332997,11.714293282407565,diff,simple,0.6,0.12833445958344983,30000.0,30000.0,1.0,1e-06,1.0,1.0,0.0,0.0,0.0,0.0,0.0,0.0,0.0,0,1.5,psi4,1,75.36105158312895,92.9910134734254,610.0350954982972,505.33210146519065,636.6494756146249,6111.06005924044,429.9710498820617,543.6584621411995,5501.024963742142,631.2656369642363,200.9327245189985,0.9327245189984782,30000.841995239258,0.06349062294599003,3310.802425541572,0.0,0.0,0.0
quant_noon2,200.0,80.0,1.0,1.0,rayleigh,1.0,0.028130814138268814,0.2138907659724164,532.0,810.0,809.0,0.405,0.85,0.02391119201752849,80000.0,80000.0,80001.41084289551,0.06379664921079822,0.06356348265852221,0.06917021973273724,2.0560942951061354,2.048579599211056,2.2292784330065825,noon2,simple,0.6,0.12833445958344983,30000.0,30000.0,1.0,1e-06,1.0,1.0,0.0,0.0,0.0,0.0,0.0,0.0,0.0,0,1.5,psi4,1,75.36105158312895,92.9910134734254,610.0350954982972,63.482046236956364,79.98095733159148,560.6304395472972,-11.879005346172587,-13.01005614183392,-49.40465595100005,50.67702638717369,1.0605537457285688,-198.93944625427145,30000.842529296875,nan,nan,0.0,0.0,0.0
hybrid_noon2,200.0,80.0,1.0,1.0,rayleigh,1.0,0.028130814138268814,0.2138907659724164,532.0,810.0,809.0,0.405,0.85,0.02391119201752849,80000.0,80000.0,80001.41084289551,0.21413587419876143,0.20466005299571954,0.2767032911128411,9.065488243961878,8.664327317332997,11.714293282407565,noon2,simple,0.6,0.12833445958344983,30000.0,30000.0,1.0,1e-06,1.0,1.0,0.0,0.0,0.0,0.0,0.0,0.0,0.0,0,1.5,psi4,1,75.36105158312895,92.9910134734254,610.0350954982972,65.56361263205909,82.66613165312283,600.9808797259379,-9.797438951069854,-10.324881820302572,-9.054215772359246,67.12630964531569,-62.28705548031405,-262.28705548031405,30000.842529296875,0.06356348265852221,2.048579599211056,0.0,0.0,0.0
classical,200.0,80.0,1.0,1.0,rayleigh,1.0,0.028130814138268814,0.2138907659724164,532.0,810.0,809.0,655.2899999999507,0.85,0.02391119201752849,80000.0,80000.0,79999.86071777344,0.21371732676214467,0.20405819035036432,0.2754955189900468,9.047768948302583,8.638847332924204,11.663161990084198,-,simple,0.6,0.12833445958344983,30000.0,30000.0,1.0,1e-06,1.0,1.0,0.0,0.0,0.0,0.0,0.0,0.0,0.0,0,1.5,psi4,2,76.27085615586273,96.54389251531796,626.3607622551053,65.79789976452373,81.05288652305325,488.3708603394448,-10.472956391339006,-15.491005992264721,-137.9899019156606,67.08571963963036,-58.00520365050315,-258.0052036505032,,,,,,
quant_diff,200.0,80.0,1.0,1.0,rayleigh,1.0,0.028130814138268814,0.2138907659724164,532.0,810.0,809.0,655.2899999999507,0.85,0.02391119201752849,80000.0,80000.0,79999.86071777344,0.06375612813677475,0.06350743265911468,0.0691096683707343,3324.64754453484,3311.678990243624,3603.8149738244456,diff,simple,0.6,0.12833445958344983,30000.0,30000.0,1.0,1e-06,1.0,1.0,0.0,0.0,0.0,0.0,0.0,0.0,0.0,0,1.5,psi4,2,76.27085615586273,96.54389251531796,626.3607622551053,2651.8301884137636,3331.108554190564,26842.453895670933,2575.559332257901,3234.5646616752456,26216.093133415827,3329.085769129075,212.03865654829036,12.038656548290344,29999.943618774414,nan,nan,0.0,0.0,0.0
hybrid_diff,200.0,80.0,1.0,1.0,rayleigh,1.0,0.028130814138268814,0.2138907659724164,532.0,810.0,809.0,655.2899999999507,0.85,0.02391119201752849,80000.0,80000.0,79999.86071777344,0.21371732676214467,0.20405819035036432,0.2754955189900468,9.047768948302583,8.638847332924204,11.663161990084198,diff,simple,0.6,0.12833445958344983,30000.0,30000.0,1.0,1e-06,1.0,1.0,0.0,0.0,0.0,0.0,0.0,0.0,0.0,0,1.5,psi4,2,76.27085615586273,96.54389251531796,626.3607622551053,516.0344301000965,648.957448803087,5359.037930797863,439.76357394423377,552.4135562877691,4732.6771685427575,639.721016767457,220.34298021777332,20.342980217773302,29999.943618774414,0.06350743265911468,3311.678990243624,0.0,0.0,0.0
quant_noon2,200.0,80.0,1.0,1.0,rayleigh,1.0,0.028130814138268814,0.2138907659724164,532.0,810.0,809.0,0.405,0.85,0.02391119201752849,80000.0,80000.0,79999.86071777344,0.06373437101477958,0.06349197927406969,0.06908967074859154,2.054087138850635,2.046275125501663,2.2266824297865493,noon2,simple,0.6,0.12833445958344983,30000.0,30000.0,1.0,1e-06,1.0,1.0,0.0,0.0,0.0,0.0,0.0,0.0,0.0,0,1.5,psi4,2,76.27085615586273,96.54389251531796,626.3607622551053,64.35423517662001,79.68220814446809,507.87371251911566,-11.916620979242731,-16.861684370849886,-118.48704973598971,50.64224970308179,5.134123990213138,-194.8658760097869,29999.946319580078,nan,nan,0.0,0.0,0.0
hybrid_noon2,200.0,80.0,1.0,1.0,rayleigh,1.0,0.028130814138268814,0.2138907659724164,532.0,810.0,809.0,0.405,0.85,0.02391119201752849,80000.0,80000.0,79999.86071777344,0.21371732676214467,0.20405819035036432,0.2754955189900468,9.047768948302583,8.638847332924204,11.663161990084198,noon2,simple,0.6,0.12833445958344983,30000.0,30000.0,1.0,1e-06,1.0,1.0,0.0,0.0,0.0,0.0,0.0,0.0,0.0,0,1.5,psi4,2,76.27085615586273,96.54389251531796,626.3607622551053,65.79789976452373,81.05288652305325,488.3708603394448,-10.472956391339006,-15.491005992264721,-137.9899019156606,67.08571963963036,-58.00520365050314,-258.0052036505032,29999.946319580078,0.06349197927406969,2.046275125501663,0.0,0.0,0.0
classical,200.0,80.0,1.0,1.0,rayleigh,1.0,0.028130814138268814,0.2138907659724164,532.0,810.0,809.0,655.2899999999507,0.85,0.02391119201752849,80000.0,80000.0,79998.93870544434,0.21450916135558729,0.20461827264362295,0.27617222563536575,9.081291435951492,8.662558537149959,11.69181051131262,-,simple,0.6,0.12833445958344983,30000.0,30000.0,1.0,1e-06,1.0,1.0,0.0,0.0,0.0,0.0,0.0,0.0,0.0,0,1.5,psi4,3,78.39054320248098,96.10321790618217,562.1563252312376,65.48857241100971,81.48405922463411,596.6779071730431,-12.90197079147128,-14.619158681548052,34.52158194180544,67.21797674184845,-62.88996924950545,-262.88996924950544,,,,,,
quant_diff,200.0,80.0,1.0,1.0,rayleigh,1.0,0.028130814138268814,0.2138907659724164,532.0,810.0,809.0,655.2899999999507,0.85,0.02391119201752849,80000.0,80000.0,79998.93870544434,0.06371631865811726,0.0634879989878108,0.06907358915625078,3322.571626668813,3310.6655957752037,3601.9335755126776,diff,simple,0.6,0.12833445958344983,30000.0,30000.0,1.0,1e-06,1.0,1.0,0.0,0.0,0.0,0.0,0.0,0.0,0.0,0,1.5,psi4,3,78.39054320248098,96.10321790618217,562.1563252312376,2644.937593102974,3323.3312076819725,27585.380855402058,2566.5470499004928,3227.2279897757903,27023.224530170817,3322.7267423475164,226.83920796340638,26.839207963406356,29999.426345825195,nan,nan,0.0,0.0,0.0
hybrid_diff,200.0,80.0,1.0,1.0,rayleigh,1.0,0.028130814138268814,0.2138907659724164,532.0,810.0,809.0,655.2899999999507,0.85,0.02391119201752849,80000.0,80000.0,79998.93870544434,0.21450916135558729,0.20461827264362295,0.27617222563536575,9.081291435951492,8.662558537149959,11.69181051131262,diff,simple,0.6,0.12833445958344983,30000.0,30000.0,1.0,1e-06,1.0,1.0,0.0,0.0,0.0,0.0,0.0,0.0,0.0,0,1.5,psi4,3,78.39054320248098,96.10321790618217,562.1563252312376,542.2919878326475,679.7201725705811,5239.265076785482,463.9014446301665,583.616954664399,4677.108751554245,677.8801065618328,253.47566942325497,53.47566942325496,29999.426345825195,0.0634879989878108,3310.6655957752037,0.0,0.0,0.0
quant_noon2,200.0,80.0,1.0,1.0,rayleigh,1.0,0.028130814138268814,0.2138907659724164,532.0,810.0,809.0,0.405,0.85,0.02391119201752849,80000.0,80000.0,79998.93870544434,0.06369997602296298,0.06345131730338885,0.06907950897712259,2.052978626925179,2.0449646358916462,2.226354927314179,noon2,simple,0.6,0.12833445958344983,30000.0,30000.0,1.0,1e-06,1.0,1.0,0.0,0.0,0.0,0.0,0.0,0.0,0.0,0,1.5,psi4,3,78.39054320248098,96.10321790618217,562.1563252312376,64.67813724177945,79.97549922598365,501.3778509236534,-13.712405960701537,-16.127718680198512,-60.778474307584204,50.65588612054452,0.15360203665715216,-199.84639796334287,30000.498901367188,nan,nan,0.0,0.0,0.0
hybrid_noon2,200.0,80.0,1.0,1.0,rayleigh,1.0,0.028130814138268814,0.2138907659724164,532.0,810.0,809.0,0.405,0.85,0.02391119201752849,80000.0,80000.0,79998.93870544434,0.21450916135558729,0.20461827264362295,0.27617222563536575,9.081291435951492,8.662558537149959,11.69181051131262,noon2,simple,0.6,0.12833445958344983,30000.0,30000.0,1.0,1e-06,1.0,1.0,0.0,0.0,0.0,0.0,0.0,0.0,0.0,0,1.5,psi4,3,78.39054320248098,96.10321790618217,562.1563252312376,77.42885123533331,96.79836005172803,645.1913932907513,-0.9616919671476816,0.6951421455458627,83.03506805951363,96.67425395442474,13.534809708394212,-186.4651902916058,30000.498901367188,0.06345131730338885,2.0449646358916462,0.0,0.0,0.0
classical,200.0,80.0,1.0,1.0,rayleigh,1.0,0.028130814138268814,0.2138907659724164,532.0,810.0,809.0,655.2899999999507,0.85,0.02391119201752849,80000.0,80000.0,80001.68690490723,0.21490685143946875,0.2051720148257377,0.2768773396902409,9.098127731101275,8.686001331408185,11.721661666328288,-,simple,0.6,0.12833445958344983,30000.0,30000.0,1.0,1e-06,1.0,1.0,0.0,0.0,0.0,0.0,0.0,0.0,0.0,0,1.5,psi4,4,73.15419916060102,92.96618497637702,609.2941011821183,66.80863120227053,82.52664529952484,523.6954919131905,-6.345567958330496,-10.439539676852185,-85.59860926892789,67.04635000718916,-82.9913361017354,-282.99133610173544,,,,,,
quant_diff,200.0,80.0,1.0,1.0,rayleigh,1.0,0.028130814138268814,0.2138907659724164,532.0,810.0,809.0,655.2899999999507,0.85,0.02391119201752849,80000.0,80000.0,80001.68690490723,0.06373169791889371,0.06354073371541402,0.06903299961044786,3323.37359854307,3313.415517826016,3599.8169800146266,diff,simple,0.6,0.12833445958344983,30000.0,30000.0,1.0,1e-06,1.0,1.0,0.0,0.0,0.0,0.0,0.0,0.0,0.0,0,1.5,psi4,4,73.15419916060102,92.96618497637702,609.2941011821183,2662.638763250056,3326.679944144231,25923.150016114516,2589.484564089455,3233.7137591678543,25313.8559149324,3324.8301604514427,146.4937422484606,-53.506257751539415,30000.948989868164,nan,nan,0.0,0.0,0.0
hybrid_diff,200.0,80.0,1.0,1.0,rayleigh,1.0,0.028130814138268814,0.2138907659724164,532.0,810.0,809.0,655.2899999999507,0.85,0.02391119201752849,80000.0,80000.0,80001.68690490723,0.21490685143946875,0.2051720148257377,0.2768773396902409,9.098127731101275,8.686001331408185,11.721661666328288,diff,simple,0.6,0.12833445958344983,30000.0,30000.0,1.0,1e-06,1.0,1.0,0.0,0.0,0.0,0.0,0.0,0.0,0.0,0,1.5,psi4,4,73.15419916060102,92.96618497637702,609.2941011821183,520.852627420343,659.802304373234,5397.52116345242,447.698428259742,566.836119396857,4788.227062270301,652.6116865097025,123.06502976733874,-76.93497023266129,30000.948989868164,0.06354073371541402,3313.415517826016,0.0,0.0,0.0
quant_noon2,200.0,80.0,1.0,1.0,rayleigh,1.0,0.028130814138268814,0.2138907659724164,532.0,810.0,809.0,0.405,0.85,0.02391119201752849,80000.0,80000.0,80001.68690490723,0.06373655595019698,0.06344533067628194,0.06914615614074617,2.0541575568632178,2.044771693629102,2.228502890484763,noon2,simple,0.6,0.12833445958344983,30000.0,30000.0,1.0,1e-06,1.0,1.0,0.0,0.0,0.0,0.0,0.0,0.0,0.0,0,1.5,psi4,4,73.15419916060102,92.96618497637702,609.2941011821183,64.69908547031844,79.94664310350159,497.1145294915501,-8.455113690282584,-13.019541872875442,-112.17957169056825,50.65254234246722,-20.103348355232235,-220.10334835523227,30000.90476989746,nan,nan,0.0,0.0,0.0
hybrid_noon2,200.0,80.0,1.0,1.0,rayleigh,1.0,0.028130814138268814,0.2138907659724164,532.0,810.0,809.0,0.405,0.85,0.02391119201752849,80000.0,80000.0,80001.68690490723,0.21490685143946875,0.2051720148257377,0.2768773396902409,9.098127731101275,8.686001331408185,11.721661666328288,noon2,simple,0.6,0.12833445958344983,30000.0,30000.0,1.0,1e-06,1.0,1.0,0.0,0.0,0.0,0.0,0.0,0.0,0.0,0,1.5,psi4,4,73.15419916060102,92.96618497637702,609.2941011821183,66.80863120227053,82.52664529952483,523.6954919131906,-6.345567958330496,-10.439539676852197,-85.59860926892779,67.04635000718916,-82.99133610173537,-282.9913361017354,30000.90476989746,0.06344533067628194,2.044771693629102,0.0,0.0,0.0
classical,200.0,80.0,1.0,1.0,rayleigh,1.0,0.028130814138268814,0.2138907659724164,532.0,810.0,809.0,655.2899999999507,0.85,0.02391119201752849,80000.0,80000.0,80000.14056396484,0.2139664697211519,0.20443355764925303,0.2761391109108587,9.05831646900362,8.654738588174993,11.690408592335503,-,simple,0.6,0.12833445958344983,30000.0,30000.0,1.0,1e-06,1.0,1.0,0.0,0.0,0.0,0.0,0.0,0.0,0.0,0,1.5,psi4,5,73.56495889279522,92.3172203547603,600.3792782128653,66.37573524294915,81.32687970032583,477.87253254736106,-7.189223649846073,-10.99034065443446,-122.50674566550425,67.11532952471191,-81.95826890504921,-281.95826890504924,,,,,,
quant_diff,200.0,80.0,1.0,1.0,rayleigh,1.0,0.028130814138268814,0.2138907659724164,532.0,810.0,809.0,655.2899999999507,0.85,0.02391119201752849,80000.0,80000.0,80000.14056396484,0.06377921087758444,0.06349164736615158,0.06914393123855901,3325.851224554264,3310.8558452844927,3605.6016563396975,diff,simple,0.6,0.12833445958344983,30000.0,30000.0,1.0,1e-06,1.0,1.0,0.0,0.0,0.0,0.0,0.0,0.0,0.0,0,1.5,psi4,5,73.56495889279522,92.3172203547603,600.3792782128653,2661.7565359309924,3326.877526207876,25196.773885067454,2588.1915770381975,3234.5603058531156,24596.39460685459,3325.9209995431806,157.1584838473474,-42.841516152652595,30000.060653686523,nan,nan,0.0,0.0,0.0
hybrid_diff,200.0,80.0,1.0,1.0,rayleigh,1.0,0.028130814138268814,0.2138907659724164,532.0,810.0,809.0,655.2899999999507,0.85,0.02391119201752849,80000.0,80000.0,80000.14056396484,0.2139664697211519,0.20443355764925303,0.2761391109108587,9.05831646900362,8.654738588174993,11.690408592335503,diff,simple,0.6,0.12833445958344983,30000.0,30000.0,1.0,1e-06,1.0,1.0,0.0,0.0,0.0,0.0,0.0,0.0,0.0,0,1.5,psi4,5,73.56495889279522,92.3172203547603,600.3792782128653,528.7450079171393,660.2379073538273,5264.799618933559,455.1800490243441,567.920686999067,4664.420340720694,657.6877000355603,157.5615545470594,-42.43844545294063,30000.060653686523,0.06349164736615158,3310.8558452844927,0.0,0.0,0.0
quant_noon2,200.0,80.0,1.0,1.0,rayleigh,1.0,0.028130814138268814,0.2138907659724164,532.0,810.0,809.0,0.405,0.85,0.02391119201752849,80000.0,80000.0,80000.14056396484,0.06371366539686375,0.06347082052996059,0.06897605002617888,2.053419820058817,2.0455932029619603,2.223020561615596,noon2,simple,0.6,0.12833445958344983,30000.0,30000.0,1.0,1e-06,1.0,1.0,0.0,0.0,0.0,0.0,0.0,0.0,0.0,0,1.5,psi4,5,73.56495889279522,92.3172203547603,600.3792782128653,63.87849775682173,78.753022985262,499.416166992352,-9.686461135973488,-13.564197369498286,-100.96311122051337,50.65192924713137,-18.516940602905077,-218.5169406029051,30000.068817138672,nan,nan,0.0,0.0,0.0
hybrid_noon2,200.0,80.0,1.0,1.0,rayleigh,1.0,0.028130814138268814,0.2138907659724164,532.0,810.0,809.0,0.405,0.85,0.02391119201752849,80000.0,80000.0,80000.14056396484,0.2139664697211519,0.20443355764925303,0.2761391109108587,9.05831646900362,8.654738588174993,11.690408592335503,noon2,simple,0.6,0.12833445958344983,30000.0,30000.0,1.0,1e-06,1.0,1.0,0.0,0.0,0.0,0.0,0.0,0.0,0.0,0,1.5,psi4,5,73.56495889279522,92.3172203547603,600.3792782128653,66.37573524294915,81.32687970032583,477.87253254736095,-7.189223649846073,-10.99034065443446,-122.50674566550437,67.11532952471191,-81.95826890504917,-281.9582689050492,30000.068817138672,0.06347082052996059,2.0455932029619603,0.0,0.0,0.0
classical,200.0,80.0,1.0,1.0,rayleigh,1.0,0.028130814138268814,0.2138907659724164,532.0,810.0,809.0,655.2899999999507,0.85,0.02391119201752849,80000.0,80000.0,79999.01371765137,0.21456267662788314,0.20477677742167266,0.27674599482862444,9.08355701650256,8.669268870985416,11.716101153390678,-,simple,0.6,0.12833445958344983,30000.0,30000.0,1.0,1e-06,1.0,1.0,0.0,0.0,0.0,0.0,0.0,0.0,0.0,0,1.5,psi4,6,75.11212064345636,94.2246585295157,588.1050058469235,66.04948462331275,82.04129942626996,547.2106781204765,-9.062636020143618,-12.183359103245722,-40.89432772644708,67.21890268317338,-70.31257211369893,-270.312572113699,,,,,,
quant_diff,200.0,80.0,1.0,1.0,rayleigh,1.0,0.028130814138268814,0.2138907659724164,532.0,810.0,809.0,655.2899999999507,0.85,0.02391119201752849,80000.0,80000.0,79999.01371765137,0.06376604367043437,0.06356617154654283,0.0690862243062332,3325.1646031392065,3314.74200714198,3602.592452103705,diff,simple,0.6,0.12833445958344983,30000.0,30000.0,1.0,1e-06,1.0,1.0,0.0,0.0,0.0,0.0,0.0,0.0,0.0,0,1.5,psi4,6,75.11212064345636,94.2246585295157,588.1050058469235,2670.9468039192016,3343.712478785193,27570.82666005062,2595.834683275745,3249.4878202556774,26982.7216542037,3342.8118827252338,126.69008478553941,-73.30991521446062,29999.438369750977,nan,nan,0.0,0.0,0.0
hybrid_diff,200.0,80.0,1.0,1.0,rayleigh,1.0,0.028130814138268814,0.2138907659724164,532.0,810.0,809.0,655.2899999999507,0.85,0.02391119201752849,80000.0,80000.0,79999.01371765137,0.21456267662788314,0.20477677742167266,0.27674599482862444,9.08355701650256,8.669268870985416,11.716101153390678,diff,simple,0.6,0.12833445958344983,30000.0,30000.0,1.0,1e-06,1.0,1.0,0.0,0.0,0.0,0.0,0.0,0.0,0.0,0,1.5,psi4,6,75.11212064345636,94.2246585295157,588.1050058469235,515.6892973470854,648.5565463929889,4805.920855775168,440.57717670362894,554.3318878634732,4217.8158499282445,644.6142688098763,161.19045453067886,-38.809545469321165,29999.438369750977,0.06356617154654283,3314.74200714198,0.0,0.0,0.0
quant_noon2,200.0,80.0,1.0,1.0,rayleigh,1.0,0.028130814138268814,0.2138907659724164,532.0,810.0,809.0,0.405,0.85,0.02391119201752849,80000.0,80000.0,79999.01371765137,0.06377269082104894,0.06352427165154723,0.06920388482982864,2.055322143134319,2.04731587253036,2.2303634212454657,noon2,simple,0.6,0.12833445958344983,30000.0,30000.0,1.0,1e-06,1.0,1.0,0.0,0.0,0.0,0.0,0.0,0.0,0.0,0,1.5,psi4,6,75.11212064345636,94.2246585295157,588.1050058469235,64.04169123226322,79.83827555503295,524.5697080743462,-11.07042941119315,-14.386382974482743,-63.535297772577415,50.6485892051528,-6.3545470520888,-206.3545470520888,29999.40769958496,nan,nan,0.0,0.0,0.0
hybrid_noon2,200.0,80.0,1.0,1.0,rayleigh,1.0,0.028130814138268814,0.2138907659724164,532.0,810.0,809.0,0.405,0.85,0.02391119201752849,80000.0,80000.0,79999.01371765137,0.21456267662788314,0.20477677742167266,0.27674599482862444,9.08355701650256,8.669268870985416,11.716101153390678,noon2,simple,0.6,0.12833445958344983,30000.0,30000.0,1.0,1e-06,1.0,1.0,0.0,0.0,0.0,0.0,0.0,0.0,0.0,0,1.5,psi4,6,75.11212064345636,94.2246585295157,588.1050058469235,66.04948462331275,82.04129942626997,547.2106781204765,-9.062636020143618,-12.183359103245708,-40.89432772644708,67.21890268317338,-70.31257211369898,-270.312572113699,29999.40769958496,0.06352427165154723,2.04731587253036,0.0,0.0,0.0
classical,200.0,80.0,1.0,1.0,rayleigh,1.0,0.028130814138268814,0.2138907659724164,532.0,810.0,809.0,655.2899999999507,0.85,0.02391119201752849,80000.0,80000.0,80000.35244750977,0.21424896267831095,0.20455086119212768,0.2764754194668228,9.070275869042076,8.659704658866717,11.70464628731232,-,simple,0.6,0.12833445958344983,30000.0,30000.0,1.0,1e-06,1.0,1.0,0.0,0.0,0.0,0.0,0.0,0.0,0.0,0,1.5,psi4,7,75.30037225998319,92.9496299966221,612.0189450772916,65.92621502291345,82.19665615138713,534.1460198614664,-9.37415723706974,-10.75297384523496,-77.87292521582523,67.10083343081645,-72.58089684239496,-272.580896842395,,,,,,
quant_diff,200.0,80.0,1.0,1.0,rayleigh,1.0,0.028130814138268814,0.2138907659724164,532.0,810.0,809.0,655.2899999999507,0.85,0.02391119201752849,80000.0,80000.0,80000.35244750977,0.06372361312985657,0.06346209642088535,0.06907375293716346,3322.952006536059,3309.314872197054,3601.942116084778,diff,simple,0.6,0.12833445958344983,30000.0,30000.0,1.0,1e-06,1.0,1.0,0.0,0.0,0.0,0.0,0.0,0.0,0.0,0,1.5,psi4,7,75.30037225998319,92.9496299966221,612.0189450772916,2631.513041512917,3294.547750797003,25127.275408805457,2556.2126692529337,3201.598120800381,24515.256463728165,3294.693259162519,151.87726906455754,-48.122730935442476,30000.332397460938,nan,nan,0.0,0.0,0.0
hybrid_diff,200.0,80.0,1.0,1.0,rayleigh,1.0,0.028130814138268814,0.2138907659724164,532.0,810.0,809.0,655.2899999999507,0.85,0.02391119201752849,80000.0,80000.0,80000.35244750977,0.21424896267831095,0.20455086119212768,0.2764754194668228,9.070275869042076,8.659704658866717,11.70464628731232,diff,simple,0.6,0.12833445958344983,30000.0,30000.0,1.0,1e-06,1.0,1.0,0.0,0.0,0.0,0.0,0.0,0.0,0.0,0,1.5,psi4,7,75.30037225998319,92.9496299966221,612.0189450772916,498.67051089918186,629.8244846462585,5062.847885174648,423.3701386391987,536.8748546496364,4450.828940097356,631.1952514218125,193.3729547835062,-6.627045216493814,30000.332397460938,0.06346209642088535,3309.314872197054,0.0,0.0,0.0
quant_noon2,200.0,80.0,1.0,1.0,rayleigh,1.0,0.028130814138268814,0.2138907659724164,532.0,810.0,809.0,0.405,0.85,0.02391119201752849,80000.0,80000.0,80000.35244750977,0.06371413408276572,0.06344902977770046,0.06904833347627344,2.0534349252786233,2.0448909115099427,2.2253501759638192,noon2,simple,0.6,0.12833445958344983,30000.0,30000.0,1.0,1e-06,1.0,1.0,0.0,0.0,0.0,0.0,0.0,0.0,0.0,0,1.5,psi4,7,75.30037225998319,92.9496299966221,612.0189450772916,64.11612392739251,79.66938083484898,494.3145751033879,-11.184248332590679,-13.280249161773115,-117.70436997390368,50.63898228325551,-10.063113786271305,-210.06311378627134,30000.263305664062,nan,nan,0.0,0.0,0.0
hybrid_noon2,200.0,80.0,1.0,1.0,rayleigh,1.0,0.028130814138268814,0.2138907659724164,532.0,810.0,809.0,0.405,0.85,0.02391119201752849,80000.0,80000.0,80000.35244750977,0.21424896267831095,0.20455086119212768,0.2764754194668228,9.070275869042076,8.659704658866717,11.70464628731232,noon2,simple,0.6,0.12833445958344983,30000.0,30000.0,1.0,1e-06,1.0,1.0,0.0,0.0,0.0,0.0,0.0,0.0,0.0,0,1.5,psi4,7,75.30037225998319,92.9496299966221,612.0189450772916,65.92621502291345,82.19665615138713,534.1460198614662,-9.37415723706974,-10.75297384523496,-77.87292521582533,67.10083343081645,-72.580896842395,-272.580896842395,30000.263305664062,0.06344902977770046,2.0448909115099427,0.0,0.0,0.0
classical,200.0,80.0,1.0,1.0,rayleigh,1.0,0.028130814138268814,0.2138907659724164,532.0,810.0,809.0,655.2899999999507,0.85,0.02391119201752849,80000.0,80000.0,79998.96618652344,0.2147022200293056,0.2047787591307931,0.2761784633841691,9.089464616384419,8.669352767066826,11.692074587748467,-,simple,0.6,0.12833445958344983,30000.0,30000.0,1.0,1e-06,1.0,1.0,0.0,0.0,0.0,0.0,0.0,0.0,0.0,0,1.5,psi4,8,77.85167488619841,97.99790377235044,642.166302492448,63.254037348536926,79.43051618509362,527.583541460972,-14.597637537661486,-18.56738758725682,-114.58276103147602,67.0875765148838,-72.36436443430637,-272.36436443430637,,,,,,
quant_diff,200.0,80.0,1.0,1.0,rayleigh,1.0,0.028130814138268814,0.2138907659724164,532.0,810.0,809.0,655.2899999999507,0.85,0.02391119201752849,80000.0,80000.0,79998.96618652344,0.06374955119401735,0.0635180720669901,0.06908796560457914,3324.304581164448,3312.2337962254496,3602.6832544067825,diff,simple,0.6,0.12833445958344983,30000.0,30000.0,1.0,1e-06,1.0,1.0,0.0,0.0,0.0,0.0,0.0,0.0,0.0,0,1.5,psi4,8,77.85167488619841,97.99790377235044,642.166302492448,2629.0267624587887,3302.8226323621257,25289.804488077956,2551.17508757259,3204.824728589775,24647.638185585507,3302.3033453430417,166.82601188926066,-33.17398811073935,29999.39631652832,nan,nan,0.0,0.0,0.0
hybrid_diff,200.0,80.0,1.0,1.0,rayleigh,1.0,0.028130814138268814,0.2138907659724164,532.0,810.0,809.0,655.2899999999507,0.85,0.02391119201752849,80000.0,80000.0,79998.96618652344,0.2147022200293056,0.2047787591307931,0.2761784633841691,9.089464616384419,8.669352767066826,11.692074587748467,diff,simple,0.6,0.12833445958344983,30000.0,30000.0,1.0,1e-06,1.0,1.0,0.0,0.0,0.0,0.0,0.0,0.0,0.0,0,1.5,psi4,8,77.85167488619841,97.99790377235044,642.166302492448,506.3059117990497,636.6140757126648,5195.508799000209,428.45423691285123,538.6161719403144,4553.342496507761,634.5284868600855,194.3303765737328,-5.669623426267219,29999.39631652832,0.0635180720669901,3312.2337962254496,0.0,0.0,0.0
quant_noon2,200.0,80.0,1.0,1.0,rayleigh,1.0,0.028130814138268814,0.2138907659724164,532.0,810.0,809.0,0.405,0.85,0.02391119201752849,80000.0,80000.0,79998.96618652344,0.06371775517861514,0.06346686824747853,0.06910736402432843,2.0535516291276523,2.045465825340024,2.2272526641758845,noon2,simple,0.6,0.12833445958344983,30000.0,30000.0,1.0,1e-06,1.0,1.0,0.0,0.0,0.0,0.0,0.0,0.0,0.0,0,1.5,psi4,8,77.85167488619841,97.99790377235044,642.166302492448,62.82356375795291,78.91967356740264,546.6427435033729,-15.028111128245499,-19.078230204947808,-95.52355898907517,50.62776479320339,-9.534967081705323,-209.53496708170533,29999.394287109375,nan,nan,0.0,0.0,0.0
hybrid_noon2,200.0,80.0,1.0,1.0,rayleigh,1.0,0.028130814138268814,0.2138907659724164,532.0,810.0,809.0,0.405,0.85,0.02391119201752849,80000.0,80000.0,79998.96618652344,0.2147022200293056,0.2047787591307931,0.2761784633841691,9.089464616384419,8.669352767066826,11.692074587748467,noon2,simple,0.6,0.12833445958344983,30000.0,30000.0,1.0,1e-06,1.0,1.0,0.0,0.0,0.0,0.0,0.0,0.0,0.0,0,1.5,psi4,8,77.85167488619841,97.99790377235044,642.166302492448,63.254037348536926,79.43051618509362,527.5835414609718,-14.597637537661486,-18.56738758725682,-114.58276103147624,67.08757651488382,-72.36436443430637,-272.36436443430637,29999.394287109375,0.06346686824747853,2.045465825340024,0.0,0.0,0.0
classical,200.0,80.0,1.0,1.0,rayleigh,1.0,0.028130814138268814,0.2138907659724164,532.0,810.0,809.0,655.2899999999507,0.85,0.02391119201752849,80000.0,80000.0,79999.52174377441,0.21413066063494804,0.20486416619546888,0.27485262399313365,9.065267526617639,8.672968493500647,11.635944892255889,-,simple,0.6,0.12833445958344983,30000.0,30000.0,1.0,1e-06,1.0,1.0,0.0,0.0,0.0,0.0,0.0,0.0,0.0,0,1.5,psi4,9,77.15346612948882,96.536064962595,718.5788746571542,64.77823821412429,80.57694100914016,580.1015608807911,-12.375227915364544,-15.959123953454855,-138.47731377636308,67.12183007277169,-73.72699829065041,-273.72699829065044,,,,,,
quant_diff,200.0,80.0,1.0,1.0,rayleigh,1.0,0.028130814138268814,0.2138907659724164,532.0,810.0,809.0,655.2899999999507,0.85,0.02391119201752849,80000.0,80000.0,79999.52174377441,0.06376649890945664,0.06349548180561584,0.06915036571755045,3325.188342179543,3311.055797196914,3605.937190748772,diff,simple,0.6,0.12833445958344983,30000.0,30000.0,1.0,1e-06,1.0,1.0,0.0,0.0,0.0,0.0,0.0,0.0,0.0,0,1.5,psi4,9,77.15346612948882,96.536064962595,718.5788746571542,2622.114557162355,3293.603102631669,27567.606924816097,2544.9610910328665,3197.0670376690737,26849.028050158944,3291.5402715325868,211.36337726275596,11.363377262755932,29999.775177001953,nan,nan,0.0,0.0,0.0
hybrid_diff,200.0,80.0,1.0,1.0,rayleigh,1.0,0.028130814138268814,0.2138907659724164,532.0,810.0,809.0,655.2899999999507,0.85,0.02391119201752849,80000.0,80000.0,79999.52174377441,0.21413066063494804,0.20486416619546888,0.27485262399313365,9.065267526617639,8.672968493500647,11.635944892255889,diff,simple,0.6,0.12833445958344983,30000.0,30000.0,1.0,1e-06,1.0,1.0,0.0,0.0,0.0,0.0,0.0,0.0,0.0,0,1.5,psi4,9,77.15346612948882,96.536064962595,718.5788746571542,522.8255532183257,661.7935845530171,5243.385881152971,445.6720870888368,565.257519590422,4524.807006495817,653.0537782465562,154.50646514760186,-45.49353485239816,29999.775177001953,0.06349548180561584,3311.055797196914,0.0,0.0,0.0
quant_noon2,200.0,80.0,1.0,1.0,rayleigh,1.0,0.028130814138268814,0.2138907659724164,532.0,810.0,809.0,0.405,0.85,0.02391119201752849,80000.0,80000.0,79999.52174377441,0.06373128264289082,0.06350744518925827,0.06899959889112313,2.053987604096064,2.046773574564133,2.223779515063262,noon2,simple,0.6,0.12833445958344983,30000.0,30000.0,1.0,1e-06,1.0,1.0,0.0,0.0,0.0,0.0,0.0,0.0,0.0,0,1.5,psi4,9,77.15346612948882,96.536064962595,718.5788746571542,63.58828592710043,79.32118019538976,586.8895321341082,-13.565180202388392,-17.214884767205255,-131.68934252304607,50.69439664673662,-9.753302314787838,-209.75330231478785,29999.72802734375,nan,nan,0.0,0.0,0.0
hybrid_noon2,200.0,80.0,1.0,1.0,rayleigh,1.0,0.028130814138268814,0.2138907659724164,532.0,810.0,809.0,0.405,0.85,0.02391119201752849,80000.0,80000.0,79999.52174377441,0.21413066063494804,0.20486416619546888,0.27485262399313365,9.065267526617639,8.672968493500647,11.635944892255889,noon2,simple,0.6,0.12833445958344983,30000.0,30000.0,1.0,1e-06,1.0,1.0,0.0,0.0,0.0,0.0,0.0,0.0,0.0,0,1.5,psi4,9,77.15346612948882,96.536064962595,718.5788746571542,64.77823821412429,80.57694100914014,580.101560880791,-12.375227915364544,-15.959123953454869,-138.4773137763632,67.12183007277169,-73.72699829065039,-273.7269982906504,29999.72802734375,0.06350744518925827,2.046773574564133,0.0,0.0,0.0
classical,300.0,80.0,1.0,1.0,rayleigh,1.0,0.028130814138268814,0.2138907659724164,532.0,810.0,809.0,655.2899999999507,0.85,0.02391119201752849,80000.0,80000.0,79998.38613891602,0.21444452426865174,0.20506058575888042,0.2758103407643969,9.078555010987994,8.681283957920861,11.676490037544687,-,simple,0.6,0.12833445958344983,30000.0,30000.0,1.0,1e-06,1.0,1.0,0.0,0.0,0.0,0.0,0.0,0.0,0.0,0,1.5,psi4,0,86.25504218177429,106.02723942597525,600.110177585236,64.81515002185644,80.18256657971186,548.7238868558834,-21.43989215991784,-25.844672846263396,-51.38629072935262,67.22685926002205,28.979808126710445,-271.0201918732896,,,,,,
quant_diff,300.0,80.0,1.0,1.0,rayleigh,1.0,0.028130814138268814,0.2138907659724164,532.0,810.0,809.0,655.2899999999507,0.85,0.02391119201752849,80000.0,80000.0,79998.38613891602,0.06371072961844362,0.06342875924423269,0.06911039902517853,3322.2801788100687,3307.576461071111,3603.8530747658747,diff,simple,0.6,0.12833445958344983,30000.0,30000.0,1.0,1e-06,1.0,1.0,0.0,0.0,0.0,0.0,0.0,0.0,0.0,0,1.5,psi4,0,86.25504218177429,106.02723942597525,600.110177585236,2647.864449453965,3322.9770509246714,29403.701579472337,2561.6094072721908,3216.9498114986964,28803.5914018871,3319.9853119620216,308.8752739281178,8.875273928117734,29999.129653930664,nan,nan,0.0,0.0,0.0
hybrid_diff,300.0,80.0,1.0,1.0,rayleigh,1.0,0.028130814138268814,0.2138907659724164,532.0,810.0,809.0,655.2899999999507,0.85,0.02391119201752849,80000.0,80000.0,79998.38613891602,0.21444452426865174,0.20506058575888042,0.2758103407643969,9.078555010987994,8.681283957920861,11.676490037544687,diff,simple,0.6,0.12833445958344983,30000.0,30000.0,1.0,1e-06,1.0,1.0,0.0,0.0,0.0,0.0,0.0,0.0,0.0,0,1.5,psi4,0,86.25504218177429,106.02723942597525,600.110177585236,536.207839044685,668.6118444041654,5398.949146452458,449.95279686291076,562.5846049781901,4798.838968867222,655.465645895575,321.2790980394984,21.279098039498365,29999.129653930664,0.06342875924423269,3307.576461071111,0.0,0.0,0.0
quant_noon2,300.0,80.0,1.0,1.0,rayleigh,1.0,0.028130814138268814,0.2138907659724164,532.0,810.0,809.0,0.405,0.85,0.02391119201752849,80000.0,80000.0,79998.38613891602,0.063720239593727,0.06341679212388648,0.06915774699986424,2.0536316990341654,2.0438519281634115,2.228876450845736,noon2,simple,0.6,0.12833445958344983,30000.0,30000.0,1.0,1e-06,1.0,1.0,0.0,0.0,0.0,0.0,0.0,0.0,0.0,0,1.5,psi4,0,86.25504218177429,106.02723942597525,600.110177585236,66.35809708098681,81.99327675785531,538.717301084562,-19.89694510078748,-24.033962668119944,-61.39287650067392,50.665663460547556,92.6535654180213,-207.34643458197874,29999.00358581543,nan,nan,0.0,0.0,0.0
hybrid_noon2,300.0,80.0,1.0,1.0,rayleigh,1.0,0.028130814138268814,0.2138907659724164,532.0,810.0,809.0,0.405,0.85,0.02391119201752849,80000.0,80000.0,79998.38613891602,0.21444452426865174,0.20506058575888042,0.2758103407643969,9.078555010987994,8.681283957920861,11.676490037544687,noon2,simple,0.6,0.12833445958344983,30000.0,30000.0,1.0,1e-06,1.0,1.0,0.0,0.0,0.0,0.0,0.0,0.0,0.0,0,1.5,psi4,0,86.25504218177429,106.02723942597525,600.110177585236,64.81515002185643,80.18256657971186,548.7238868558834,-21.439892159917854,-25.844672846263396,-51.38629072935262,67.22685926002205,28.979808126710466,-271.0201918732896,29999.00358581543,0.06341679212388648,2.0438519281634115,0.0,0.0,0.0
classical,300.0,80.0,1.0,1.0,rayleigh,1.0,0.028130814138268814,0.2138907659724164,532.0,810.0,809.0,655.2899999999507,0.85,0.02391119201752849,80000.0,80000.0,80001.43379211426,0.21461150275318103,0.20527709305879638,0.2767033163855222,9.085624081007946,8.69044984098209,11.71429435233195,-,simple,0.6,0.12833445958344983,30000.0,30000.0,1.0,1e-06,1.0,1.0,0.0,0.0,0.0,0.0,0.0,0.0,0.0,0,1.5,psi4,1,88.40799229779111,107.94020055366508,664.4207892575814,64.16082386331931,80.55372424896795,588.6654157172756,-24.247168434471806,-27.386476304697123,-75.75537354030588,67.29809455525483,37.66366974578449,-262.3363302542155,,,,,,
quant_diff,300.0,80.0,1.0,1.0,rayleigh,1.0,0.028130814138268814,0.2138907659724164,532.0,810.0,809.0,655.2899999999507,0.85,0.02391119201752849,80000.0,80000.0,80001.43379211426,0.06377660725986029,0.0635067408962723,0.06920660591346321,3325.7154554678013,3311.6429173561614,3608.869910076464,diff,simple,0.6,0.12833445958344983,30000.0,30000.0,1.0,1e-06,1.0,1.0,0.0,0.0,0.0,0.0,0.0,0.0,0.0,0,1.5,psi4,1,88.40799229779111,107.94020055366508,664.4207892575814,2625.713902166405,3293.1341152051045,25980.013953069665,2537.305909868614,3185.193914651439,25315.593163812086,3291.0214880153376,321.3205186651004,21.320518665100337,30000.802169799805,nan,nan,0.0,0.0,0.0
hybrid_diff,300.0,80.0,1.0,1.0,rayleigh,1.0,0.028130814138268814,0.2138907659724164,532.0,810.0,809.0,655.2899999999507,0.85,0.02391119201752849,80000.0,80000.0,80001.43379211426,0.21461150275318103,0.20527709305879638,0.2767033163855222,9.085624081007946,8.69044984098209,11.71429435233195,diff,simple,0.6,0.12833445958344983,30000.0,30000.0,1.0,1e-06,1.0,1.0,0.0,0.0,0.0,0.0,0.0,0.0,0.0,0,1.5,psi4,1,88.40799229779111,107.94020055366508,664.4207892575814,510.7753045609777,647.0011039117634,7712.857715680069,422.3673122631866,539.0609033580984,7048.436926422488,639.1837561448931,293.34535782217574,-6.654642177824324,30000.802169799805,0.0635067408962723,3311.6429173561614,0.0,0.0,0.0
quant_noon2,300.0,80.0,1.0,1.0,rayleigh,1.0,0.028130814138268814,0.2138907659724164,532.0,810.0,809.0,0.405,0.85,0.02391119201752849,80000.0,80000.0,80001.43379211426,0.06370611775539103,0.06346616592522533,0.06906283216225018,2.0531765680578813,2.04544319028323,2.2258174523159795,noon2,simple,0.6,0.12833445958344983,30000.0,30000.0,1.0,1e-06,1.0,1.0,0.0,0.0,0.0,0.0,0.0,0.0,0.0,0,1.5,psi4,1,88.40799229779111,107.94020055366508,664.4207892575814,66.45486759920674,82.87501622130478,573.91278117774,-21.95312469858437,-25.06518433236031,-90.50800807984139,50.6468270652633,100.85416045974497,-199.14583954025505,30000.839477539062,nan,nan,0.0,0.0,0.0
hybrid_noon2,300.0,80.0,1.0,1.0,rayleigh,1.0,0.028130814138268814,0.2138907659724164,532.0,810.0,809.0,0.405,0.85,0.02391119201752849,80000.0,80000.0,80001.43379211426,0.21461150275318103,0.20527709305879638,0.2767033163855222,9.085624081007946,8.69044984098209,11.71429435233195,noon2,simple,0.6,0.12833445958344983,30000.0,30000.0,1.0,1e-06,1.0,1.0,0.0,0.0,0.0,0.0,0.0,0.0,0.0,0,1.5,psi4,1,88.40799229779111,107.94020055366508,664.4207892575814,64.1608238633193,80.55372424896795,588.6654157172756,-24.247168434471817,-27.386476304697123,-75.75537354030588,67.29809455525483,37.66366974578447,-262.33633025421557,30000.839477539062,0.06346616592522533,2.04544319028323,0.0,0.0,0.0
classical,300.0,80.0,1.0,1.0,rayleigh,1.0,0.028130814138268814,0.2138907659724164,532.0,810.0,809.0,655.2899999999507,0.85,0.02391119201752849,80000.0,80000.0,79999.83609008789,0.21427632974502037,0.20492740135125087,0.27541715141238404,9.071434459691375,8.675645567407535,11.659844281845597,-,simple,0.6,0.12833445958344983,30000.0,30000.0,1.0,1e-06,1.0,1.0,0.0,0.0,0.0,0.0,0.0,0.0,0.0,0,1.5,psi4,2,89.71249987617506,112.608236328528,684.958088752084,65.22661932937389,81.13493029467226,552.4769766317894,-24.48588054680118,-31.47330603385574,-132.48111212029454,67.13214543725343,41.5904467974462,-258.40955320255387,,,,,,
quant_diff,300.0,80.0,1.0,1.0,rayleigh,1.0,0.028130814138268814,0.2138907659724164,532.0,810.0,809.0,655.2899999999507,0.85,0.02391119201752849,80000.0,80000.0,79999.83609008789,0.06375062913833769,0.06351295333927678,0.06918637281902992,3324.3607919953515,3311.966873405314,3607.8148286326586,diff,simple,0.6,0.12833445958344983,30000.0,30000.0,1.0,1e-06,1.0,1.0,0.0,0.0,0.0,0.0,0.0,0.0,0.0,0,1.5,psi4,2,89.71249987617506,112.608236328528,684.958088752084,2654.3758473895537,3332.865191803534,27822.382679246217,2564.6633475133785,3220.256955475006,27137.424590494134,3330.6403221788883,397.99597765441604,97.99597765441598,29999.959060668945,nan,nan,0.0,0.0,0.0
hybrid_diff,300.0,80.0,1.0,1.0,rayleigh,1.0,0.028130814138268814,0.2138907659724164,532.0,810.0,809.0,655.2899999999507,0.85,0.02391119201752849,80000.0,80000.0,79999.83609008789,0.21427632974502037,0.20492740135125087,0.27541715141238404,9.071434459691375,8.675645567407535,11.659844281845597,diff,simple,0.6,0.12833445958344983,30000.0,30000.0,1.0,1e-06,1.0,1.0,0.0,0.0,0.0,0.0,0.0,0.0,0.0,0,1.5,psi4,2,89.71249987617506,112.608236328528,684.958088752084,517.7720543944365,648.6656471472518,5197.797797752748,428.0595545182615,536.0574108187237,4512.839709000665,638.8188989972526,316.77994518598524,16.779945185985177,29999.959060668945,0.06351295333927678,3311.966873405314,0.0,0.0,0.0
quant_noon2,300.0,80.0,1.0,1.0,rayleigh,1.0,0.028130814138268814,0.2138907659724164,532.0,810.0,809.0,0.405,0.85,0.02391119201752849,80000.0,80000.0,79999.83609008789,0.06370842473707064,0.06345913079589383,0.06907184733847671,2.053250919484312,2.0452164559725294,2.2261080013124874,noon2,simple,0.6,0.12833445958344983,30000.0,30000.0,1.0,1e-06,1.0,1.0,0.0,0.0,0.0,0.0,0.0,0.0,0.0,0,1.5,psi4,2,89.71249987617506,112.608236328528,684.958088752084,67.47869338714283,84.75529562878519,566.3555042714567,-22.233806489032233,-27.85294069974281,-118.60258448062731,50.67099516266836,105.15067785740537,-194.84932214259467,29999.91131591797,nan,nan,0.0,0.0,0.0
hybrid_noon2,300.0,80.0,1.0,1.0,rayleigh,1.0,0.028130814138268814,0.2138907659724164,532.0,810.0,809.0,0.405,0.85,0.02391119201752849,80000.0,80000.0,79999.83609008789,0.21427632974502037,0.20492740135125087,0.27541715141238404,9.071434459691375,8.675645567407535,11.659844281845597,noon2,simple,0.6,0.12833445958344983,30000.0,30000.0,1.0,1e-06,1.0,1.0,0.0,0.0,0.0,0.0,0.0,0.0,0.0,0,1.5,psi4,2,89.71249987617506,112.608236328528,684.958088752084,65.22661932937389,81.13493029467226,552.4769766317895,-24.48588054680118,-31.47330603385574,-132.48111212029445,67.13214543725343,41.59044679744623,-258.4095532025538,29999.91131591797,0.06345913079589383,2.0452164559725294,0.0,0.0,0.0
classical,300.0,80.0,1.0,1.0,rayleigh,1.0,0.028130814138268814,0.2138907659724164,532.0,810.0,809.0,655.2899999999507,0.85,0.02391119201752849,80000.0,80000.0,79998.94673156738,0.21378935903074286,0.20415027877123054,0.27595693965029416,9.050818449870716,8.642745916007918,11.682696332877741,-,simple,0.6,0.12833445958344983,30000.0,30000.0,1.0,1e-06,1.0,1.0,0.0,0.0,0.0,0.0,0.0,0.0,0.0,0,1.5,psi4,3,91.42226755295385,111.9316646879014,651.6383672985103,65.84208306499485,81.23830807743849,514.5903622828955,-25.580184487959006,-30.69335661046292,-137.04800501561473,67.1644194553516,36.7863913033552,-263.2136086966448,,,,,,
quant_diff,300.0,80.0,1.0,1.0,rayleigh,1.0,0.028130814138268814,0.2138907659724164,532.0,810.0,809.0,655.2899999999507,0.85,0.02391119201752849,80000.0,80000.0,79998.94673156738,0.0637092313513321,0.06347447139048373,0.06908994386994484,3322.202049691834,3309.9601813381723,3602.786413668217,diff,simple,0.6,0.12833445958344983,30000.0,30000.0,1.0,1e-06,1.0,1.0,0.0,0.0,0.0,0.0,0.0,0.0,0.0,0,1.5,psi4,3,91.42226755295385,111.9316646879014,651.6383672985103,2672.183580658638,3344.5177175493154,26858.14720544457,2580.761313105684,3232.586052861414,26206.50883814606,3343.156247222811,368.85962052421155,68.85962052421154,29999.434646606445,nan,nan,0.0,0.0,0.0
hybrid_diff,300.0,80.0,1.0,1.0,rayleigh,1.0,0.028130814138268814,0.2138907659724164,532.0,810.0,809.0,655.2899999999507,0.85,0.02391119201752849,80000.0,80000.0,79998.94673156738,0.21378935903074286,0.20415027877123054,0.27595693965029416,9.050818449870716,8.642745916007918,11.682696332877741,diff,simple,0.6,0.12833445958344983,30000.0,30000.0,1.0,1e-06,1.0,1.0,0.0,0.0,0.0,0.0,0.0,0.0,0.0,0,1.5,psi4,3,91.42226755295385,111.9316646879014,651.6383672985103,541.9301700198132,683.4213061038233,5093.769682134633,450.5079024668593,571.4896414159219,4442.131314836122,679.1863015078715,346.9906905605651,46.99069056056507,29999.434646606445,0.06347447139048373,3309.9601813381723,0.0,0.0,0.0
quant_noon2,300.0,80.0,1.0,1.0,rayleigh,1.0,0.028130814138268814,0.2138907659724164,532.0,810.0,809.0,0.405,0.85,0.02391119201752849,80000.0,80000.0,79998.94673156738,0.06371539686262191,0.06343095533344054,0.06906989339564902,2.053475623253994,2.0443083924875527,2.226045027931429,noon2,simple,0.6,0.12833445958344983,30000.0,30000.0,1.0,1e-06,1.0,1.0,0.0,0.0,0.0,0.0,0.0,0.0,0.0,0,1.5,psi4,3,91.42226755295385,111.9316646879014,651.6383672985103,68.89067248815705,84.63022427084616,488.4333409264862,-22.531595064796797,-27.30144041705525,-163.20502637202407,50.6718835699649,100.25265972878863,-199.7473402712114,29999.402755737305,nan,nan,0.0,0.0,0.0
hybrid_noon2,300.0,80.0,1.0,1.0,rayleigh,1.0,0.028130814138268814,0.2138907659724164,532.0,810.0,809.0,0.405,0.85,0.02391119201752849,80000.0,80000.0,79998.94673156738,0.21378935903074286,0.20415027877123054,0.27595693965029416,9.050818449870716,8.642745916007918,11.682696332877741,noon2,simple,0.6,0.12833445958344983,30000.0,30000.0,1.0,1e-06,1.0,1.0,0.0,0.0,0.0,0.0,0.0,0.0,0.0,0,1.5,psi4,3,91.42226755295385,111.9316646879014,651.6383672985103,81.58479378197273,102.23337733500463,644.926500701906,-9.83747377098112,-9.698287352896777,-6.711866596604299,97.76044165353902,112.36332495947035,-187.6366750405297,29999.402755737305,0.06343095533344054,2.0443083924875527,0.0,0.0,0.0
classical,300.0,80.0,1.0,1.0,rayleigh,1.0,0.028130814138268814,0.2138907659724164,532.0,810.0,809.0,655.2899999999507,0.85,0.02391119201752849,80000.0,80000.0,80001.6675415039,0.21378336458291464,0.20392740060699122,0.2766286947320308,9.050564673633927,8.6333103210367,11.711135228598,-,simple,0.6,0.12833445958344983,30000.0,30000.0,1.0,1e-06,1.0,1.0,0.0,0.0,0.0,0.0,0.0,0.0,0.0,0,1.5,psi4,4,84.67183227858101,107.92432933394005,700.0195537339044,64.97146774858298,80.52478858949239,519.4602591857499,-19.700364529998026,-27.399540744447656,-180.55929454815458,67.0656550048745,16.642935763773426,-283.35706423622656,,,,,,
quant_diff,300.0,80.0,1.0,1.0,rayleigh,1.0,0.028130814138268814,0.2138907659724164,532.0,810.0,809.0,655.2899999999507,0.85,0.02391119201752849,80000.0,80000.0,80001.6675415039,0.06373294575162952,0.06352505597474123,0.06900167116740023,3323.438668429876,3312.5979813231743,3598.183316956717,diff,simple,0.6,0.12833445958344983,30000.0,30000.0,1.0,1e-06,1.0,1.0,0.0,0.0,0.0,0.0,0.0,0.0,0.0,0,1.5,psi4,4,84.67183227858101,107.92432933394005,700.0195537339044,2642.758454874738,3311.564994654551,25355.748857446095,2558.086622596157,3203.640665320611,24655.729303712193,3309.7858236854336,166.55044098678513,-133.44955901321492,30000.974807739258,nan,nan,0.0,0.0,0.0
hybrid_diff,300.0,80.0,1.0,1.0,rayleigh,1.0,0.028130814138268814,0.2138907659724164,532.0,810.0,809.0,655.2899999999507,0.85,0.02391119201752849,80000.0,80000.0,80001.6675415039,0.21378336458291464,0.20392740060699122,0.2766286947320308,9.050564673633927,8.6333103210367,11.711135228598,diff,simple,0.6,0.12833445958344983,30000.0,30000.0,1.0,1e-06,1.0,1.0,0.0,0.0,0.0,0.0,0.0,0.0,0.0,0,1.5,psi4,4,84.67183227858101,107.92432933394005,700.0195537339044,518.9004231905295,651.1792528794276,5760.310546242408,434.2285909119486,543.2549235454875,5060.290992508504,645.1070251751945,165.6986716299592,-134.30132837004086,30000.974807739258,0.06352505597474123,3312.5979813231743,0.0,0.0,0.0
quant_noon2,300.0,80.0,1.0,1.0,rayleigh,1.0,0.028130814138268814,0.2138907659724164,532.0,810.0,809.0,0.405,0.85,0.02391119201752849,80000.0,80000.0,80001.6675415039,0.06373315803719194,0.0635134344983724,0.06906995962208902,2.0540480459464017,2.046966603264755,2.22604716233515,noon2,simple,0.6,0.12833445958344983,30000.0,30000.0,1.0,1e-06,1.0,1.0,0.0,0.0,0.0,0.0,0.0,0.0,0.0,0,1.5,psi4,4,84.67183227858101,107.92432933394005,700.0195537339044,68.51542548735318,84.82427529785659,523.6282729379184,-16.156406791227816,-23.100054036083456,-176.39128079598612,101.24809121263084,-122.2981512335692,-422.2981512335693,30000.857376098633,nan,nan,0.0,0.0,0.0
hybrid_noon2,300.0,80.0,1.0,1.0,rayleigh,1.0,0.028130814138268814,0.2138907659724164,532.0,810.0,809.0,0.405,0.85,0.02391119201752849,80000.0,80000.0,80001.6675415039,0.21378336458291464,0.20392740060699122,0.2766286947320308,9.050564673633927,8.6333103210367,11.711135228598,noon2,simple,0.6,0.12833445958344983,30000.0,30000.0,1.0,1e-06,1.0,1.0,0.0,0.0,0.0,0.0,0.0,0.0,0.0,0,1.5,psi4,4,84.67183227858101,107.92432933394005,700.0195537339044,82.38603411635206,101.14252958379868,705.2214602247301,-2.2857981622289314,-6.781799750141378,5.201906490825628,137.57567253748357,-159.71246709001056,-459.71246709001065,30000.857376098633,0.0635134344983724,2.046966603264755,0.0,0.0,0.0
classical,300.0,80.0,1.0,1.0,rayleigh,1.0,0.028130814138268814,0.2138907659724164,532.0,810.0,809.0,655.2899999999507,0.85,0.02391119201752849,80000.0,80000.0,80000.11755371094,0.2145079459394187,0.20551091685955833,0.27610676500902076,9.081239981046847,8.700348821827301,11.689039221631274,-,simple,0.6,0.12833445958344983,30000.0,30000.0,1.0,1e-06,1.0,1.0,0.0,0.0,0.0,0.0,0.0,0.0,0.0,0,1.5,psi4,5,86.17963085561422,107.51664496288667,651.9449255302065,64.20325571968367,79.53318830747162,521.0050976742369,-21.97637513593056,-27.983456655415054,-130.93982785596972,67.11444691839888,17.171663032500003,-282.82833696750004,,,,,,
quant_diff,300.0,80.0,1.0,1.0,rayleigh,1.0,0.028130814138268814,0.2138907659724164,532.0,810.0,809.0,655.2899999999507,0.85,0.02391119201752849,80000.0,80000.0,80000.11755371094,0.06377692643024065,0.06348906635830384,0.0691437947017629,3325.7320990290145,3310.7212552199107,3605.594536448055,diff,simple,0.6,0.12833445958344983,30000.0,30000.0,1.0,1e-06,1.0,1.0,0.0,0.0,0.0,0.0,0.0,0.0,0.0,0,1.5,psi4,5,86.17963085561422,107.51664496288667,651.9449255302065,2641.4414572961523,3311.199433908627,24720.718946272573,2555.261826440538,3203.68278894574,24068.774020742363,3310.709610021829,266.61018705354985,-33.38981294645017,30000.112014770508,nan,nan,0.0,0.0,0.0
hybrid_diff,300.0,80.0,1.0,1.0,rayleigh,1.0,0.028130814138268814,0.2138907659724164,532.0,810.0,809.0,655.2899999999507,0.85,0.02391119201752849,80000.0,80000.0,80000.11755371094,0.2145079459394187,0.20551091685955833,0.27610676500902076,9.081239981046847,8.700348821827301,11.689039221631274,diff,simple,0.6,0.12833445958344983,30000.0,30000.0,1.0,1e-06,1.0,1.0,0.0,0.0,0.0,0.0,0.0,0.0,0.0,0,1.5,psi4,5,86.17963085561422,107.51664496288667,651.9449255302065,510.0341966797837,642.170761122351,5106.297329580544,423.85456582416947,534.6541161594644,4454.352404050337,640.2646939532804,241.50610066955258,-58.493899330447455,30000.112014770508,0.06348906635830384,3310.7212552199107,0.0,0.0,0.0
quant_noon2,300.0,80.0,1.0,1.0,rayleigh,1.0,0.028130814138268814,0.2138907659724164,532.0,810.0,809.0,0.405,0.85,0.02391119201752849,80000.0,80000.0,80000.11755371094,0.0636593254425498,0.06338258260577473,0.06906209865566804,2.0516685044106855,2.042749393846985,2.2257938122233165,noon2,simple,0.6,0.12833445958344983,30000.0,30000.0,1.0,1e-06,1.0,1.0,0.0,0.0,0.0,0.0,0.0,0.0,0.0,0,1.5,psi4,5,86.17963085561422,107.51664496288667,651.9449255302065,68.39817414580557,83.54112586292315,483.72284854843247,-17.78145670980865,-23.975519099963524,-168.22207698177414,101.23543403708905,-121.19948303636853,-421.1994830363685,30000.080139160156,nan,nan,0.0,0.0,0.0
hybrid_noon2,300.0,80.0,1.0,1.0,rayleigh,1.0,0.028130814138268814,0.2138907659724164,532.0,810.0,809.0,0.405,0.85,0.02391119201752849,80000.0,80000.0,80000.11755371094,0.2145079459394187,0.20551091685955833,0.27610676500902076,9.081239981046847,8.700348821827301,11.689039221631274,noon2,simple,0.6,0.12833445958344983,30000.0,30000.0,1.0,1e-06,1.0,1.0,0.0,0.0,0.0,0.0,0.0,0.0,0.0,0,1.5,psi4,5,86.17963085561422,107.51664496288667,651.9449255302065,83.24784807159692,103.29618128812685,656.8291920632477,-2.931782784017302,-4.2204636747598325,4.884266533041054,137.37233142321367,-167.76302622327117,-467.76302622327125,30000.080139160156,0.06338258260577473,2.042749393846985,0.0,0.0,0.0
classical,300.0,80.0,1.0,1.0,rayleigh,1.0,0.028130814138268814,0.2138907659724164,532.0,810.0,809.0,655.2899999999507,0.85,0.02391119201752849,80000.0,80000.0,79998.94927978516,0.21444257098002092,0.20508084411739938,0.27598988440839306,9.07847231809412,8.682141599881522,11.684091056290448,-,simple,0.6,0.12833445958344983,30000.0,30000.0,1.0,1e-06,1.0,1.0,0.0,0.0,0.0,0.0,0.0,0.0,0.0,0,1.5,psi4,6,87.97540893686707,109.57698217282972,684.2767673126426,64.59848351366139,80.81060080584214,524.6626865437244,-23.37692542320567,-28.766381366987574,-159.61408076891837,67.18400852972003,30.741026911536967,-269.25897308846305,,,,,,
quant_diff,300.0,80.0,1.0,1.0,rayleigh,1.0,0.028130814138268814,0.2138907659724164,532.0,810.0,809.0,655.2899999999507,0.85,0.02391119201752849,80000.0,80000.0,79998.94927978516,0.06376878465377979,0.06354267381587145,0.06908885321148965,3325.3075353374948,3313.5166869278805,3602.729539841952,diff,simple,0.6,0.12833445958344983,30000.0,30000.0,1.0,1e-06,1.0,1.0,0.0,0.0,0.0,0.0,0.0,0.0,0.0,0,1.5,psi4,6,87.97540893686707,109.57698217282972,684.2767673126426,2664.6990349801704,3328.452076920246,25336.698182813536,2576.723626043303,3218.8750947474164,24652.421415500892,3326.1806804188022,156.87655784777576,-143.12344215222427,29999.451141357422,nan,nan,0.0,0.0,0.0
hybrid_diff,300.0,80.0,1.0,1.0,rayleigh,1.0,0.028130814138268814,0.2138907659724164,532.0,810.0,809.0,655.2899999999507,0.85,0.02391119201752849,80000.0,80000.0,79998.94927978516,0.21444257098002092,0.20508084411739938,0.27598988440839306,9.07847231809412,8.682141599881522,11.684091056290448,diff,simple,0.6,0.12833445958344983,30000.0,30000.0,1.0,1e-06,1.0,1.0,0.0,0.0,0.0,0.0,0.0,0.0,0.0,0,1.5,psi4,6,87.97540893686707,109.57698217282972,684.2767673126426,518.532715930246,650.3770358653562,5074.35985508439,430.55730699337886,540.8000536925266,4390.083087771747,639.4915677526053,243.01795429670182,-56.98204570329821,29999.451141357422,0.06354267381587145,3313.5166869278805,0.0,0.0,0.0
quant_noon2,300.0,80.0,1.0,1.0,rayleigh,1.0,0.028130814138268814,0.2138907659724164,532.0,810.0,809.0,0.405,0.85,0.02391119201752849,80000.0,80000.0,79998.94927978516,0.06369180553917594,0.0634259066557728,0.06905916692925991,2.0527153014165416,2.044145679281156,2.225699325976513,noon2,simple,0.6,0.12833445958344983,30000.0,30000.0,1.0,1e-06,1.0,1.0,0.0,0.0,0.0,0.0,0.0,0.0,0.0,0,1.5,psi4,6,87.97540893686707,109.57698217282972,684.2767673126426,66.35378111657356,83.52291472656536,521.0763812009408,-21.62162782029351,-26.05406744626436,-163.20038611170193,50.67986642320864,93.37481515310652,-206.6251848468935,29999.420318603516,nan,nan,0.0,0.0,0.0
hybrid_noon2,300.0,80.0,1.0,1.0,rayleigh,1.0,0.028130814138268814,0.2138907659724164,532.0,810.0,809.0,0.405,0.85,0.02391119201752849,80000.0,80000.0,79998.94927978516,0.21444257098002092,0.20508084411739938,0.27598988440839306,9.07847231809412,8.682141599881522,11.684091056290448,noon2,simple,0.6,0.12833445958344983,30000.0,30000.0,1.0,1e-06,1.0,1.0,0.0,0.0,0.0,0.0,0.0,0.0,0.0,0,1.5,psi4,6,87.97540893686707,109.57698217282972,684.2767673126426,64.59848351366138,80.81060080584214,524.6626865437244,-23.376925423205684,-28.766381366987574,-159.61408076891837,67.18400852972003,30.741026911536927,-269.2589730884631,29999.420318603516,0.0634259066557728,2.044145679281156,0.0,0.0,0.0
classical,300.0,80.0,1.0,1.0,rayleigh,1.0,0.028130814138268814,0.2138907659724164,532.0,810.0,809.0,655.2899999999507,0.85,0.02391119201752849,80000.0,80000.0,80000.39320373535,0.2135680971471773,0.20425059620442818,0.275400089689303,9.0414512804891,8.646992876096789,11.659121970133038,-,simple,0.6,0.12833445958344983,30000.0,30000.0,1.0,1e-06,1.0,1.0,0.0,0.0,0.0,0.0,0.0,0.0,0.0,0,1.5,psi4,7,87.5823043159869,107.99729878261834,710.8469985473521,64.74798771909732,80.31957714838738,490.7626521240762,-22.834316596889572,-27.677721634230966,-220.0843464232759,67.03425527737791,26.4492385011731,-273.55076149882694,,,,,,
quant_diff,300.0,80.0,1.0,1.0,rayleigh,1.0,0.028130814138268814,0.2138907659724164,532.0,810.0,809.0,655.2899999999507,0.85,0.02391119201752849,80000.0,80000.0,80000.39320373535,0.06371564605836533,0.06345879979456102,0.06898243255366823,3322.5365530660224,3309.142965261443,3597.180094023117,diff,simple,0.6,0.12833445958344983,30000.0,30000.0,1.0,1e-06,1.0,1.0,0.0,0.0,0.0,0.0,0.0,0.0,0.0,0,1.5,psi4,7,87.5823043159869,107.99729878261834,710.8469985473521,2622.7879937317803,3302.1086297545376,25092.766963377806,2535.205689415793,3194.111330971919,24381.919964830457,3301.0407637478015,244.24804662686958,-55.75195337313045,30000.323959350586,nan,nan,0.0,0.0,0.0
hybrid_diff,300.0,80.0,1.0,1.0,rayleigh,1.0,0.028130814138268814,0.2138907659724164,532.0,810.0,809.0,655.2899999999507,0.85,0.02391119201752849,80000.0,80000.0,80000.39320373535,0.2135680971471773,0.20425059620442818,0.275400089689303,9.0414512804891,8.646992876096789,11.659121970133038,diff,simple,0.6,0.12833445958344983,30000.0,30000.0,1.0,1e-06,1.0,1.0,0.0,0.0,0.0,0.0,0.0,0.0,0.0,0,1.5,psi4,7,87.5823043159869,107.99729878261834,710.8469985473521,508.71554525197774,644.3248574620442,5663.131860378815,421.13324093599084,536.3275586794258,4952.284861831463,641.1154811734376,267.3051581619597,-32.69484183804036,30000.323959350586,0.06345879979456102,3309.142965261443,0.0,0.0,0.0
quant_noon2,300.0,80.0,1.0,1.0,rayleigh,1.0,0.028130814138268814,0.2138907659724164,532.0,810.0,809.0,0.405,0.85,0.02391119201752849,80000.0,80000.0,80000.39320373535,0.06377226592704444,0.06349191604614726,0.0691678568410152,2.055308449278145,2.046273087736793,2.2292022796623283,noon2,simple,0.6,0.12833445958344983,30000.0,30000.0,1.0,1e-06,1.0,1.0,0.0,0.0,0.0,0.0,0.0,0.0,0.0,0,1.5,psi4,7,87.5823043159869,107.99729878261834,710.8469985473521,66.93964519256532,82.7203537764323,518.1676258796502,-20.642659123421584,-25.276945006186047,-192.6793726677019,50.665497392259056,89.94310906659291,-210.05689093340712,30000.222717285156,nan,nan,0.0,0.0,0.0
hybrid_noon2,300.0,80.0,1.0,1.0,rayleigh,1.0,0.028130814138268814,0.2138907659724164,532.0,810.0,809.0,0.405,0.85,0.02391119201752849,80000.0,80000.0,80000.39320373535,0.2135680971471773,0.20425059620442818,0.275400089689303,9.0414512804891,8.646992876096789,11.659121970133038,noon2,simple,0.6,0.12833445958344983,30000.0,30000.0,1.0,1e-06,1.0,1.0,0.0,0.0,0.0,0.0,0.0,0.0,0.0,0,1.5,psi4,7,87.5823043159869,107.99729878261834,710.8469985473521,64.74798771909732,80.31957714838737,490.7626521240761,-22.834316596889572,-27.67772163423098,-220.084346423276,67.03425527737792,26.449238501173117,-273.55076149882694,30000.222717285156,0.06349191604614726,2.046273087736793,0.0,0.0,0.0
classical,300.0,80.0,1.0,1.0,rayleigh,1.0,0.028130814138268814,0.2138907659724164,532.0,810.0,809.0,655.2899999999507,0.85,0.02391119201752849,80000.0,80000.0,79999.0355834961,0.21371809226071842,0.20431394354408727,0.27417060761109563,9.04780135584918,8.649674699332222,11.607071582182604,-,simple,0.6,0.12833445958344983,30000.0,30000.0,1.0,1e-06,1.0,1.0,0.0,0.0,0.0,0.0,0.0,0.0,0.0,0,1.5,psi4,8,91.5745069104876,114.72620359677546,722.1935147096324,64.32240381516063,80.92083183699974,585.9357230900571,-27.25210309532698,-33.80537175977572,-136.25779161957533,67.04258323570131,26.893230647143245,-273.1067693528568,,,,,,
quant_diff,300.0,80.0,1.0,1.0,rayleigh,1.0,0.028130814138268814,0.2138907659724164,532.0,810.0,809.0,655.2899999999507,0.85,0.02391119201752849,80000.0,80000.0,79999.0355834961,0.06375105712870976,0.0634986997549088,0.0690350508344512,3324.383110118819,3311.2236014147657,3599.9239438006234,diff,simple,0.6,0.12833445958344983,30000.0,30000.0,1.0,1e-06,1.0,1.0,0.0,0.0,0.0,0.0,0.0,0.0,0.0,0,1.5,psi4,8,91.5745069104876,114.72620359677546,722.1935147096324,2638.90220566672,3315.7181447778476,24558.029810726293,2547.327698756232,3200.9919411810715,23835.83629601666,3314.9056796734153,249.88559142421562,-50.11440857578443,29999.383102416992,nan,nan,0.0,0.0,0.0
hybrid_diff,300.0,80.0,1.0,1.0,rayleigh,1.0,0.028130814138268814,0.2138907659724164,532.0,810.0,809.0,655.2899999999507,0.85,0.02391119201752849,80000.0,80000.0,79999.0355834961,0.21371809226071842,0.20431394354408727,0.27417060761109563,9.04780135584918,8.649674699332222,11.607071582182604,diff,simple,0.6,0.12833445958344983,30000.0,30000.0,1.0,1e-06,1.0,1.0,0.0,0.0,0.0,0.0,0.0,0.0,0.0,0,1.5,psi4,8,91.5745069104876,114.72620359677546,722.1935147096324,511.1604817721385,640.1500295211251,5021.832012495285,419.58597486165087,525.4238259243496,4299.638497785653,637.4777989857826,300.7635187551045,0.7635187551044263,29999.383102416992,0.0634986997549088,3311.2236014147657,0.0,0.0,0.0
quant_noon2,300.0,80.0,1.0,1.0,rayleigh,1.0,0.028130814138268814,0.2138907659724164,532.0,810.0,809.0,0.405,0.85,0.02391119201752849,80000.0,80000.0,79999.0355834961,0.06369770194712414,0.0634100038472139,0.06909210952979068,2.052905336017009,2.043633149636439,2.2267610289633497,noon2,simple,0.6,0.12833445958344983,30000.0,30000.0,1.0,1e-06,1.0,1.0,0.0,0.0,0.0,0.0,0.0,0.0,0.0,0,1.5,psi4,8,91.5745069104876,114.72620359677546,722.1935147096324,63.94067589454051,80.46520033209443,501.51369065573857,-27.63383101594709,-34.26100326468103,-220.67982405389378,101.27315334433038,-111.6552203151912,-411.65522031519123,29999.42530822754,nan,nan,0.0,0.0,0.0
hybrid_noon2,300.0,80.0,1.0,1.0,rayleigh,1.0,0.028130814138268814,0.2138907659724164,532.0,810.0,809.0,0.405,0.85,0.02391119201752849,80000.0,80000.0,79999.0355834961,0.21371809226071842,0.20431394354408727,0.27417060761109563,9.04780135584918,8.649674699332222,11.607071582182604,noon2,simple,0.6,0.12833445958344983,30000.0,30000.0,1.0,1e-06,1.0,1.0,0.0,0.0,0.0,0.0,0.0,0.0,0.0,0,1.5,psi4,8,91.5745069104876,114.72620359677546,722.1935147096324,79.2848813023925,98.22950497394216,688.1667801996927,-12.289625608095093,-16.4966986228333,-34.02673450993967,136.63317213069917,-156.55989663382408,-456.5598966338241,29999.42530822754,0.0634100038472139,2.043633149636439,0.0,0.0,0.0
classical,300.0,80.0,1.0,1.0,rayleigh,1.0,0.028130814138268814,0.2138907659724164,532.0,810.0,809.0,655.2899999999507,0.85,0.02391119201752849,80000.0,80000.0,79999.50505065918,0.21404612856817112,0.20512196844901687,0.2763231869051835,9.061688843407872,8.683882607296622,11.69820148910626,-,simple,0.6,0.12833445958344983,30000.0,30000.0,1.0,1e-06,1.0,1.0,0.0,0.0,0.0,0.0,0.0,0.0,0.0,0,1.5,psi4,9,90.63341705704975,112.72292475896323,803.3435697679399,64.696562777007,80.84212503947467,588.4572199584737,-25.936854280042752,-31.880799719488557,-214.88634980946617,67.11615921641406,26.995548144808133,-273.0044518551919,,,,,,
quant_diff,300.0,80.0,1.0,1.0,rayleigh,1.0,0.028130814138268814,0.2138907659724164,532.0,810.0,809.0,655.2899999999507,0.85,0.02391119201752849,80000.0,80000.0,79999.50505065918,0.06376644913603824,0.06349094136301556,0.06921282037019882,3325.185746678874,3310.819029818102,3609.193971134286,diff,simple,0.6,0.12833445958344983,30000.0,30000.0,1.0,1e-06,1.0,1.0,0.0,0.0,0.0,0.0,0.0,0.0,0.0,0,1.5,psi4,9,90.63341705704975,112.72292475896323,803.3435697679399,2638.2981018281785,3321.196904246338,26155.299072346505,2547.6646847711286,3208.473979487375,25351.955502578563,3319.657863953528,211.3838679045829,-88.61613209541713,29999.812896728516,nan,nan,0.0,0.0,0.0
hybrid_diff,300.0,80.0,1.0,1.0,rayleigh,1.0,0.028130814138268814,0.2138907659724164,532.0,810.0,809.0,655.2899999999507,0.85,0.02391119201752849,80000.0,80000.0,79999.50505065918,0.21404612856817112,0.20512196844901687,0.2763231869051835,9.061688843407872,8.683882607296622,11.69820148910626,diff,simple,0.6,0.12833445958344983,30000.0,30000.0,1.0,1e-06,1.0,1.0,0.0,0.0,0.0,0.0,0.0,0.0,0.0,0,1.5,psi4,9,90.63341705704975,112.72292475896323,803.3435697679399,507.2078750214691,646.4446821284662,5849.819107289066,416.5744579644193,533.7217573695029,5046.475537521125,639.8720637650088,215.7071117554128,-84.29288824458723,29999.812896728516,0.06349094136301556,3310.819029818102,0.0,0.0,0.0
quant_noon2,300.0,80.0,1.0,1.0,rayleigh,1.0,0.028130814138268814,0.2138907659724164,532.0,810.0,809.0,0.405,0.85,0.02391119201752849,80000.0,80000.0,79999.50505065918,0.06374854018161862,0.0635023088760768,0.069121849397332,2.0545437951713756,2.046608036963633,2.2277195114658843,noon2,simple,0.6,0.12833445958344983,30000.0,30000.0,1.0,1e-06,1.0,1.0,0.0,0.0,0.0,0.0,0.0,0.0,0.0,0,1.5,psi4,9,90.63341705704975,112.72292475896323,803.3435697679399,65.96807337964485,81.94711154248769,569.3316035159088,-24.665343677404902,-30.77581321647553,-234.01196625203116,101.26406328242471,-112.5034475614201,-412.50344756142016,29999.758209228516,nan,nan,0.0,0.0,0.0
hybrid_noon2,300.0,80.0,1.0,1.0,rayleigh,1.0,0.028130814138268814,0.2138907659724164,532.0,810.0,809.0,0.405,0.85,0.02391119201752849,80000.0,80000.0,79999.50505065918,0.21404612856817112,0.20512196844901687,0.2763231869051835,9.061688843407872,8.683882607296622,11.69820148910626,noon2,simple,0.6,0.12833445958344983,30000.0,30000.0,1.0,1e-06,1.0,1.0,0.0,0.0,0.0,0.0,0.0,0.0,0.0,0,1.5,psi4,9,90.63341705704975,112.72292475896323,803.3435697679399,85.60717382464058,103.28545779137535,628.5488240162204,-5.0262432324091675,-9.43746696758788,-174.7947457517196,137.7818897614483,-166.10226868625324,-466.1022686862533,29999.758209228516,0.0635023088760768,2.046608036963633,0.0,0.0,0.0
classical,400.0,80.0,1.0,1.0,rayleigh,1.0,0.028130814138268814,0.2138907659724164,532.0,810.0,809.0,655.2899999999507,0.85,0.02391119201752849,80000.0,80000.0,79998.37353515625,0.2141714708312313,0.20467925589288988,0.27586909805421245,9.06699523504587,8.665140276110684,11.678977540033763,-,simple,0.6,0.12833445958344983,30000.0,30000.0,1.0,1e-06,1.0,1.0,0.0,0.0,0.0,0.0,0.0,0.0,0.0,0,1.5,psi4,0,101.16989979395719,123.96209197959682,682.4082355530777,68.86983259492337,85.19522480845946,540.9297220022356,-32.300067199033826,-38.76686717113737,-141.47851355084208,66.99142421867239,129.631974774405,-270.36802522559503,,,,,,
quant_diff,400.0,80.0,1.0,1.0,rayleigh,1.0,0.028130814138268814,0.2138907659724164,532.0,810.0,809.0,655.2899999999507,0.85,0.02391119201752849,80000.0,80000.0,79998.37353515625,0.06370671869289143,0.06343732593645923,0.06901399505697285,3322.0710237973963,3308.023182556686,3598.825962462398,diff,simple,0.6,0.12833445958344983,30000.0,30000.0,1.0,1e-06,1.0,1.0,0.0,0.0,0.0,0.0,0.0,0.0,0.0,0,1.5,psi4,0,101.16989979395719,123.96209197959682,682.4082355530777,2674.1857490688717,3358.442242202657,30228.380687545814,2573.0158492749147,3234.4801502230603,29545.972451992737,3355.1236921444984,451.8667477608153,51.86674776081527,29998.89894104004,nan,nan,0.0,0.0,0.0
hybrid_diff,400.0,80.0,1.0,1.0,rayleigh,1.0,0.028130814138268814,0.2138907659724164,532.0,810.0,809.0,655.2899999999507,0.85,0.02391119201752849,80000.0,80000.0,79998.37353515625,0.2141714708312313,0.20467925589288988,0.27586909805421245,9.06699523504587,8.665140276110684,11.678977540033763,diff,simple,0.6,0.12833445958344983,30000.0,30000.0,1.0,1e-06,1.0,1.0,0.0,0.0,0.0,0.0,0.0,0.0,0.0,0,1.5,psi4,0,101.16989979395719,123.96209197959682,682.4082355530777,539.5553537340675,676.118894208815,5665.457613119669,438.38545394011027,552.1568022292182,4983.049377566592,661.2382280107533,438.83509671719156,38.835096717191526,29998.89894104004,0.06343732593645923,3308.023182556686,0.0,0.0,0.0
quant_noon2,400.0,80.0,1.0,1.0,rayleigh,1.0,0.028130814138268814,0.2138907659724164,532.0,810.0,809.0,0.405,0.85,0.02391119201752849,80000.0,80000.0,79998.37353515625,0.06372768132854414,0.0634475642774071,0.06910758925530608,2.0538715377826344,2.044843680082745,2.2272599231171295,noon2,simple,0.6,0.12833445958344983,30000.0,30000.0,1.0,1e-06,1.0,1.0,0.0,0.0,0.0,0.0,0.0,0.0,0.0,0,1.5,psi4,0,101.16989979395719,123.96209197959682,682.4082355530777,64.59386153478455,79.89229003435113,549.6148363359537,-36.57603825917264,-44.06980194524569,-132.7933992171241,101.27684778179727,-10.126890168648695,-410.12689016864874,29998.82748413086,nan,nan,0.0,0.0,0.0
hybrid_noon2,400.0,80.0,1.0,1.0,rayleigh,1.0,0.028130814138268814,0.2138907659724164,532.0,810.0,809.0,0.405,0.85,0.02391119201752849,80000.0,80000.0,79998.37353515625,0.2141714708312313,0.20467925589288988,0.27586909805421245,9.06699523504587,8.665140276110684,11.678977540033763,noon2,simple,0.6,0.12833445958344983,30000.0,30000.0,1.0,1e-06,1.0,1.0,0.0,0.0,0.0,0.0,0.0,0.0,0.0,0,1.5,psi4,0,101.16989979395719,123.96209197959682,682.4082355530777,80.74821738448014,98.84208121353757,609.0086311302026,-20.421682409477054,-25.120010766059256,-73.39960442287511,139.50044395570916,-59.7349375352515,-459.7349375352515,29998.82748413086,0.0634475642774071,2.044843680082745,0.0,0.0,0.0
classical,400.0,80.0,1.0,1.0,rayleigh,1.0,0.028130814138268814,0.2138907659724164,532.0,810.0,809.0,655.2899999999507,0.85,0.02391119201752849,80000.0,80000.0,80001.33625793457,0.21510658931713716,0.20575791973020463,0.2767860727761351,9.106583677068539,8.710805741427752,11.717797861909787,-,simple,0.6,0.12833445958344983,30000.0,30000.0,1.0,1e-06,1.0,1.0,0.0,0.0,0.0,0.0,0.0,0.0,0.0,0,1.5,psi4,1,103.943090108026,126.11350565466599,750.3574308983065,69.2815096361944,86.15501785150347,598.2506653553239,-34.66158047183161,-39.95848780316252,-152.1067655429826,67.11195642504846,137.5447694281953,-262.45523057180475,,,,,,
quant_diff,400.0,80.0,1.0,1.0,rayleigh,1.0,0.028130814138268814,0.2138907659724164,532.0,810.0,809.0,655.2899999999507,0.85,0.02391119201752849,80000.0,80000.0,80001.33625793457,0.06377799755518791,0.06351280171130572,0.06917234793336259,3325.787954254699,3311.9589665644116,3607.0834824380427,diff,simple,0.6,0.12833445958344983,30000.0,30000.0,1.0,1e-06,1.0,1.0,0.0,0.0,0.0,0.0,0.0,0.0,0.0,0,1.5,psi4,1,103.943090108026,126.11350565466599,750.3574308983065,2644.022958128982,3308.1861938943043,24939.43864283497,2540.079868020956,3182.0726882396384,24189.081211936667,3305.4530022806834,353.9654601790317,-46.03453982096831,30000.838958740234,nan,nan,0.0,0.0,0.0
hybrid_diff,400.0,80.0,1.0,1.0,rayleigh,1.0,0.028130814138268814,0.2138907659724164,532.0,810.0,809.0,655.2899999999507,0.85,0.02391119201752849,80000.0,80000.0,80001.33625793457,0.21510658931713716,0.20575791973020463,0.2767860727761351,9.106583677068539,8.710805741427752,11.717797861909787,diff,simple,0.6,0.12833445958344983,30000.0,30000.0,1.0,1e-06,1.0,1.0,0.0,0.0,0.0,0.0,0.0,0.0,0.0,0,1.5,psi4,1,103.943090108026,126.11350565466599,750.3574308983065,508.3679373563626,642.8105344407458,6151.400056388476,404.4248472483365,516.6970287860798,5401.0426254901695,629.9382150629759,371.2874737531802,-28.71252624681979,30000.838958740234,0.06351280171130572,3311.9589665644116,0.0,0.0,0.0
quant_noon2,400.0,80.0,1.0,1.0,rayleigh,1.0,0.028130814138268814,0.2138907659724164,532.0,810.0,809.0,0.405,0.85,0.02391119201752849,80000.0,80000.0,80001.33625793457,0.06376350752032633,0.06347459204208919,0.06918965443660591,2.0550261756742794,2.0457147545585954,2.229904791667199,noon2,simple,0.6,0.12833445958344983,30000.0,30000.0,1.0,1e-06,1.0,1.0,0.0,0.0,0.0,0.0,0.0,0.0,0.0,0,1.5,psi4,1,103.943090108026,126.11350565466599,750.3574308983065,63.500371040848826,79.98704748674585,564.8889333391188,-40.44271906717718,-46.126458167920134,-185.46849755918768,101.2436779739392,-0.6480186965170791,-400.6480186965171,30000.863540649414,nan,nan,0.0,0.0,0.0
hybrid_noon2,400.0,80.0,1.0,1.0,rayleigh,1.0,0.028130814138268814,0.2138907659724164,532.0,810.0,809.0,0.405,0.85,0.02391119201752849,80000.0,80000.0,80001.33625793457,0.21510658931713716,0.20575791973020463,0.2767860727761351,9.106583677068539,8.710805741427752,11.717797861909787,noon2,simple,0.6,0.12833445958344983,30000.0,30000.0,1.0,1e-06,1.0,1.0,0.0,0.0,0.0,0.0,0.0,0.0,0.0,0,1.5,psi4,1,103.943090108026,126.11350565466599,750.3574308983065,77.92431140873077,96.80507132108104,652.7684887689261,-26.018778699295225,-29.308434333584948,-97.58894212938041,139.59881923661203,-61.3023568595342,-461.3023568595342,30000.863540649414,0.06347459204208919,2.0457147545585954,0.0,0.0,0.0
classical,400.0,80.0,1.0,1.0,rayleigh,1.0,0.028130814138268814,0.2138907659724164,532.0,810.0,809.0,655.2899999999507,0.85,0.02391119201752849,80000.0,80000.0,79999.96342468262,0.21373574952084917,0.20422012130376865,0.2748310253938572,9.048548879750697,8.645702714629458,11.635030510914794,-,simple,0.6,0.12833445958344983,30000.0,30000.0,1.0,1e-06,1.0,1.0,0.0,0.0,0.0,0.0,0.0,0.0,0.0,0,1.5,psi4,2,106.39342282856397,131.49250054747353,750.0176607605317,69.11180223183835,84.86281180017704,522.8826392251145,-37.28162059672561,-46.62968874729649,-227.13502153541725,133.29048762746774,-124.20600398810973,-524.2060039881097,,,,,,
quant_diff,400.0,80.0,1.0,1.0,rayleigh,1.0,0.028130814138268814,0.2138907659724164,532.0,810.0,809.0,655.2899999999507,0.85,0.02391119201752849,80000.0,80000.0,79999.96342468262,0.06375365586146856,0.06349294985849582,0.06913053504149223,3324.518624472309,3310.923765468805,3604.903093942862,diff,simple,0.6,0.12833445958344983,30000.0,30000.0,1.0,1e-06,1.0,1.0,0.0,0.0,0.0,0.0,0.0,0.0,0.0,0,1.5,psi4,2,106.39342282856397,131.49250054747353,750.0176607605317,2659.6825587599706,3339.641347003434,25912.392943971827,2553.2891359314067,3208.14884645596,25162.375283211295,3337.2066130303715,489.15811068664675,89.1581106866467,29999.968811035156,nan,nan,0.0,0.0,0.0
hybrid_diff,400.0,80.0,1.0,1.0,rayleigh,1.0,0.028130814138268814,0.2138907659724164,532.0,810.0,809.0,655.2899999999507,0.85,0.02391119201752849,80000.0,80000.0,79999.96342468262,0.21373574952084917,0.20422012130376865,0.2748310253938572,9.048548879750697,8.645702714629458,11.635030510914794,diff,simple,0.6,0.12833445958344983,30000.0,30000.0,1.0,1e-06,1.0,1.0,0.0,0.0,0.0,0.0,0.0,0.0,0.0,0,1.5,psi4,2,106.39342282856397,131.49250054747353,750.0176607605317,523.1514824307436,652.5757193317598,4795.861505977832,416.7580596021796,521.0832187842863,4045.8438452173004,641.180099689401,417.02888195746,17.028881957459948,29999.968811035156,0.06349294985849582,3310.923765468805,0.0,0.0,0.0
quant_noon2,400.0,80.0,1.0,1.0,rayleigh,1.0,0.028130814138268814,0.2138907659724164,532.0,810.0,809.0,0.405,0.85,0.02391119201752849,80000.0,80000.0,79999.96342468262,0.06371372942655149,0.06345629967962807,0.0691023095209394,2.053421883663682,2.0451252122775267,2.2270897632130393,noon2,simple,0.6,0.12833445958344983,30000.0,30000.0,1.0,1e-06,1.0,1.0,0.0,0.0,0.0,0.0,0.0,0.0,0.0,0,1.5,psi4,2,106.39342282856397,131.49250054747353,750.0176607605317,64.3422199261109,79.64564910930943,510.715476593726,-42.051202902453056,-51.8468514381641,-239.30218416680574,101.22888228170079,2.52825086546588,-397.47174913453415,29999.940460205078,nan,nan,0.0,0.0,0.0
hybrid_noon2,400.0,80.0,1.0,1.0,rayleigh,1.0,0.028130814138268814,0.2138907659724164,532.0,810.0,809.0,0.405,0.85,0.02391119201752849,80000.0,80000.0,79999.96342468262,0.21373574952084917,0.20422012130376865,0.2748310253938572,9.048548879750697,8.645702714629458,11.635030510914794,noon2,simple,0.6,0.12833445958344983,30000.0,30000.0,1.0,1e-06,1.0,1.0,0.0,0.0,0.0,0.0,0.0,0.0,0.0,0,1.5,psi4,2,106.39342282856397,131.49250054747353,750.0176607605317,80.31090794943668,98.90750931200068,616.7994997192972,-26.082514879127285,-32.58499123547285,-133.2181610412346,139.4287590165021,-46.952201247972695,-446.9522012479727,29999.940460205078,0.06345629967962807,2.0451252122775267,0.0,0.0,0.0
classical,400.0,80.0,1.0,1.0,rayleigh,1.0,0.028130814138268814,0.2138907659724164,532.0,810.0,809.0,655.2899999999507,0.85,0.02391119201752849,80000.0,80000.0,79998.90422058105,0.21458308345453464,0.20467982367484672,0.2767824148377595,9.084420943893512,8.665164313281823,11.717643002302705,-,simple,0.6,0.12833445958344983,30000.0,30000.0,1.0,1e-06,1.0,1.0,0.0,0.0,0.0,0.0,0.0,0.0,0.0,0,1.5,psi4,3,106.90206981448044,130.65732942273013,750.4664207685706,68.76591635764005,85.7508116798188,629.7364102742615,-38.13615345684038,-44.90651774291135,-120.73001049430914,133.3580088588447,-129.6273685916208,-529.6273685916209,,,,,,
quant_diff,400.0,80.0,1.0,1.0,rayleigh,1.0,0.028130814138268814,0.2138907659724164,532.0,810.0,809.0,655.2899999999507,0.85,0.02391119201752849,80000.0,80000.0,79998.90422058105,0.06371017222062371,0.06346649146083658,0.06907946826692715,3322.251112564243,3309.5440573626065,3602.240149507139,diff,simple,0.6,0.12833445958344983,30000.0,30000.0,1.0,1e-06,1.0,1.0,0.0,0.0,0.0,0.0,0.0,0.0,0.0,0,1.5,psi4,3,106.90206981448044,130.65732942273013,750.4664207685706,2656.1383518056446,3331.8984328839883,25860.268462781918,2549.236281991164,3201.2411034612583,25109.80204201335,3329.9785362527014,463.65052405848445,63.65052405848441,29999.434661865234,nan,nan,0.0,0.0,0.0
hybrid_diff,400.0,80.0,1.0,1.0,rayleigh,1.0,0.028130814138268814,0.2138907659724164,532.0,810.0,809.0,655.2899999999507,0.85,0.02391119201752849,80000.0,80000.0,79998.90422058105,0.21458308345453464,0.20467982367484672,0.2767824148377595,9.084420943893512,8.665164313281823,11.717643002302705,diff,simple,0.6,0.12833445958344983,30000.0,30000.0,1.0,1e-06,1.0,1.0,0.0,0.0,0.0,0.0,0.0,0.0,0.0,0,1.5,psi4,3,106.90206981448044,130.65732942273013,750.4664207685706,544.7146640785702,682.9785341594736,5095.594885267145,437.8125942640898,552.3212047367435,4345.128464498575,675.5993771429426,457.7623076360065,57.762307636006454,29999.434661865234,0.06346649146083658,3309.5440573626065,0.0,0.0,0.0
quant_noon2,400.0,80.0,1.0,1.0,rayleigh,1.0,0.028130814138268814,0.2138907659724164,532.0,810.0,809.0,0.405,0.85,0.02391119201752849,80000.0,80000.0,79998.90422058105,0.0637137999826578,0.06342485014977883,0.06908984038152996,2.0534241576076817,2.0441116292805086,2.2266878968654833,noon2,simple,0.6,0.12833445958344983,30000.0,30000.0,1.0,1e-06,1.0,1.0,0.0,0.0,0.0,0.0,0.0,0.0,0.0,0,1.5,psi4,3,106.90206981448044,130.65732942273013,750.4664207685706,64.65140500463639,79.9832303922824,505.05202444922844,-42.25066480984404,-50.67409903044775,-245.41439631934216,101.25767587094106,-2.2303289887666122,-402.23032898876664,29999.436569213867,nan,nan,0.0,0.0,0.0
hybrid_noon2,400.0,80.0,1.0,1.0,rayleigh,1.0,0.028130814138268814,0.2138907659724164,532.0,810.0,809.0,0.405,0.85,0.02391119201752849,80000.0,80000.0,79998.90422058105,0.21458308345453464,0.20467982367484672,0.2767824148377595,9.084420943893512,8.665164313281823,11.717643002302705,noon2,simple,0.6,0.12833445958344983,30000.0,30000.0,1.0,1e-06,1.0,1.0,0.0,0.0,0.0,0.0,0.0,0.0,0.0,0,1.5,psi4,3,106.90206981448044,130.65732942273013,750.4664207685706,72.07101771662285,88.46913062999363,527.0763948591457,-34.83105209785759,-42.188198792736515,-223.39002590942493,67.17384514212402,136.37263140837928,-263.6273685916208,29999.436569213867,0.06342485014977883,2.0441116292805086,0.0,0.0,0.0
classical,400.0,80.0,1.0,1.0,rayleigh,1.0,0.028130814138268814,0.2138907659724164,532.0,810.0,809.0,655.2899999999507,0.85,0.02391119201752849,80000.0,80000.0,80001.58483886719,0.21385169560560968,0.20479316579540954,0.2747563279910179,9.053457482161493,8.669962676308813,11.631868180315927,-,simple,0.6,0.12833445958344983,30000.0,30000.0,1.0,1e-06,1.0,1.0,0.0,0.0,0.0,0.0,0.0,0.0,0.0,0,1.5,psi4,4,99.32948573817109,126.10464416306375,792.9878745542669,68.54099656795903,86.27244895179278,561.7604682447197,-30.78848917021205,-39.83219521127097,-231.22740630954723,67.04393297276363,116.42618622829643,-283.5738137717036,,,,,,
quant_diff,400.0,80.0,1.0,1.0,rayleigh,1.0,0.028130814138268814,0.2138907659724164,532.0,810.0,809.0,655.2899999999507,0.85,0.02391119201752849,80000.0,80000.0,80001.58483886719,0.06373197835521624,0.06351838759339722,0.06902185681576846,3323.3882222656566,3312.250249766863,3599.235924262767,diff,simple,0.6,0.12833445958344983,30000.0,30000.0,1.0,1e-06,1.0,1.0,0.0,0.0,0.0,0.0,0.0,0.0,0.0,0,1.5,psi4,4,99.32948573817109,126.10464416306375,792.9878745542669,2651.572341851761,3324.946322248628,25037.395924088676,2552.2428561135894,3198.8416780855637,24244.408049534413,3322.285696576855,353.39864609107644,-46.60135390892357,30000.945251464844,nan,nan,0.0,0.0,0.0
hybrid_diff,400.0,80.0,1.0,1.0,rayleigh,1.0,0.028130814138268814,0.2138907659724164,532.0,810.0,809.0,655.2899999999507,0.85,0.02391119201752849,80000.0,80000.0,80001.58483886719,0.21385169560560968,0.20479316579540954,0.2747563279910179,9.053457482161493,8.669962676308813,11.631868180315927,diff,simple,0.6,0.12833445958344983,30000.0,30000.0,1.0,1e-06,1.0,1.0,0.0,0.0,0.0,0.0,0.0,0.0,0.0,0,1.5,psi4,4,99.32948573817109,126.10464416306375,792.9878745542669,529.415115552352,664.2668940620188,5755.941052952151,430.08562981418083,538.162249898955,4962.953178397885,654.9158901366294,307.041793382943,-92.958206617057,30000.945251464844,0.06351838759339722,3312.250249766863,0.0,0.0,0.0
quant_noon2,400.0,80.0,1.0,1.0,rayleigh,1.0,0.028130814138268814,0.2138907659724164,532.0,810.0,809.0,0.405,0.85,0.02391119201752849,80000.0,80000.0,80001.58483886719,0.063815088590111,0.06360225126292772,0.06921797890850369,2.056688575575084,2.0498290677542075,2.2308176575590806,noon2,simple,0.6,0.12833445958344983,30000.0,30000.0,1.0,1e-06,1.0,1.0,0.0,0.0,0.0,0.0,0.0,0.0,0.0,0,1.5,psi4,4,99.32948573817109,126.10464416306375,792.9878745542669,64.7075395712528,79.95847914035777,495.8348777237478,-34.62194616691829,-46.146165022705986,-297.15299683051916,101.25626990879489,-22.094585100877673,-422.0945851008777,30000.805908203125,nan,nan,0.0,0.0,0.0
hybrid_noon2,400.0,80.0,1.0,1.0,rayleigh,1.0,0.028130814138268814,0.2138907659724164,532.0,810.0,809.0,0.405,0.85,0.02391119201752849,80000.0,80000.0,80001.58483886719,0.21385169560560968,0.20479316579540954,0.2747563279910179,9.053457482161493,8.669962676308813,11.631868180315927,noon2,simple,0.6,0.12833445958344983,30000.0,30000.0,1.0,1e-06,1.0,1.0,0.0,0.0,0.0,0.0,0.0,0.0,0.0,0,1.5,psi4,4,99.32948573817109,126.10464416306375,792.9878745542669,77.7152168027872,95.76805120659866,625.9770831112032,-21.614268935383887,-30.336592956465097,-167.01079144306368,141.02512221902782,-62.61859433452846,-462.6185943345285,30000.805908203125,0.06360225126292772,2.0498290677542075,0.0,0.0,0.0
classical,400.0,80.0,1.0,1.0,rayleigh,1.0,0.028130814138268814,0.2138907659724164,532.0,810.0,809.0,655.2899999999507,0.85,0.02391119201752849,80000.0,80000.0,80000.11561584473,0.21397446701852643,0.2043010434643885,0.2758237520227651,9.058655036306288,8.64912857168643,11.67705780604928,-,simple,0.6,0.12833445958344983,30000.0,30000.0,1.0,1e-06,1.0,1.0,0.0,0.0,0.0,0.0,0.0,0.0,0.0,0,1.5,psi4,5,101.5026268970363,125.88470843718412,703.5105728475477,70.87244632791823,86.47092664652338,514.863225924122,-30.63018056911807,-39.413781790660735,-188.64734692342557,133.30578574452318,-148.7327533196593,-548.7327533196594,,,,,,
quant_diff,400.0,80.0,1.0,1.0,rayleigh,1.0,0.028130814138268814,0.2138907659724164,532.0,810.0,809.0,655.2899999999507,0.85,0.02391119201752849,80000.0,80000.0,80000.11561584473,0.06377776011664607,0.06352321009420248,0.06913651517909557,3325.7755727081994,3312.5017254434656,3605.214936119919,diff,simple,0.6,0.12833445958344983,30000.0,30000.0,1.0,1e-06,1.0,1.0,0.0,0.0,0.0,0.0,0.0,0.0,0.0,0,1.5,psi4,5,101.5026268970363,125.88470843718412,703.5105728475477,2635.8952107111063,3306.2999441472593,25208.178018777537,2534.39258381407,3180.415235710075,24504.66744592999,3305.3833871134902,376.42315926468495,-23.576840735315102,30000.085327148438,nan,nan,0.0,0.0,0.0
hybrid_diff,400.0,80.0,1.0,1.0,rayleigh,1.0,0.028130814138268814,0.2138907659724164,532.0,810.0,809.0,655.2899999999507,0.85,0.02391119201752849,80000.0,80000.0,80000.11561584473,0.21397446701852643,0.2043010434643885,0.2758237520227651,9.058655036306288,8.64912857168643,11.67705780604928,diff,simple,0.6,0.12833445958344983,30000.0,30000.0,1.0,1e-06,1.0,1.0,0.0,0.0,0.0,0.0,0.0,0.0,0.0,0,1.5,psi4,5,101.5026268970363,125.88470843718412,703.5105728475477,514.9322318678679,646.6527552941881,5471.327902407557,413.42960497083163,520.768046857004,4767.817329560009,644.184367829501,354.4244570201565,-45.57554297984352,30000.085327148438,0.06352321009420248,3312.5017254434656,0.0,0.0,0.0
quant_noon2,400.0,80.0,1.0,1.0,rayleigh,1.0,0.028130814138268814,0.2138907659724164,532.0,810.0,809.0,0.405,0.85,0.02391119201752849,80000.0,80000.0,80000.11561584473,0.06377869332572282,0.06347790827277985,0.06921137176887218,2.0555155971129992,2.0458216329462333,2.23060471687534,noon2,simple,0.6,0.12833445958344983,30000.0,30000.0,1.0,1e-06,1.0,1.0,0.0,0.0,0.0,0.0,0.0,0.0,0.0,0,1.5,psi4,5,101.5026268970363,125.88470843718412,703.5105728475477,63.912657381669945,78.78048553426974,496.6615276126909,-37.58996951536635,-47.104222902914366,-206.84904523485673,101.25472258833287,-21.39514422265057,-421.39514422265063,30000.036163330078,nan,nan,0.0,0.0,0.0
hybrid_noon2,400.0,80.0,1.0,1.0,rayleigh,1.0,0.028130814138268814,0.2138907659724164,532.0,810.0,809.0,0.405,0.85,0.02391119201752849,80000.0,80000.0,80000.11561584473,0.21397446701852643,0.2043010434643885,0.2758237520227651,9.058655036306288,8.64912857168643,11.67705780604928,noon2,simple,0.6,0.12833445958344983,30000.0,30000.0,1.0,1e-06,1.0,1.0,0.0,0.0,0.0,0.0,0.0,0.0,0.0,0,1.5,psi4,5,101.5026268970363,125.88470843718412,703.5105728475477,79.35788139434716,98.46279855153786,622.7299932387991,-22.144745502689137,-27.421909885646247,-80.7805796087485,140.37741794029503,-74.18845640942143,-474.18845640942146,30000.036163330078,0.06347790827277985,2.0458216329462333,0.0,0.0,0.0
classical,400.0,80.0,1.0,1.0,rayleigh,1.0,0.028130814138268814,0.2138907659724164,532.0,810.0,809.0,655.2899999999507,0.85,0.02391119201752849,80000.0,80000.0,79997.27429199219,0.21395931065112275,0.20454380488843926,0.27545120776351434,9.058013388235722,8.659405928733932,11.66128606478813,-,simple,0.6,0.12833445958344983,30000.0,30000.0,1.0,1e-06,1.0,1.0,0.0,0.0,0.0,0.0,0.0,0.0,0.0,0,1.5,psi4,6,103.42717016079035,128.00669854893852,780.760927722824,70.02044799354609,86.89784210068461,553.7470293335069,-33.406722167244276,-41.10885644825392,-227.01389838931712,133.35439529990697,-135.64397640824458,-535.6439764082446,,,,,,
quant_diff,400.0,80.0,1.0,1.0,rayleigh,1.0,0.028130814138268814,0.2138907659724164,532.0,810.0,809.0,655.2899999999507,0.85,0.02391119201752849,80000.0,80000.0,79997.27429199219,0.06376864134645638,0.06352848084177043,0.06912988074630537,3325.3000623877588,3312.776575539789,3604.868974855804,diff,simple,0.6,0.12833445958344983,30000.0,30000.0,1.0,1e-06,1.0,1.0,0.0,0.0,0.0,0.0,0.0,0.0,0.0,0,1.5,psi4,6,103.42717016079035,128.00669854893852,780.760927722824,2652.456710556268,3325.619931736912,24602.918116706474,2549.029540395478,3197.6132331879735,23822.15718898365,3322.3791246180735,357.5490314340114,-42.45096856598866,29999.41017150879,nan,nan,0.0,0.0,0.0
hybrid_diff,400.0,80.0,1.0,1.0,rayleigh,1.0,0.028130814138268814,0.2138907659724164,532.0,810.0,809.0,655.2899999999507,0.85,0.02391119201752849,80000.0,80000.0,79997.27429199219,0.21395931065112275,0.20454380488843926,0.27545120776351434,9.058013388235722,8.659405928733932,11.66128606478813,diff,simple,0.6,0.12833445958344983,30000.0,30000.0,1.0,1e-06,1.0,1.0,0.0,0.0,0.0,0.0,0.0,0.0,0.0,0,1.5,psi4,6,103.42717016079035,128.00669854893852,780.760927722824,528.1564112636627,658.958501743905,4793.293757807983,424.72924110287227,530.9518031949665,4012.5328300851584,644.4373960584908,339.929086056338,-60.070913943662056,29999.41017150879,0.06352848084177043,3312.776575539789,0.0,0.0,0.0
quant_noon2,400.0,80.0,1.0,1.0,rayleigh,1.0,0.028130814138268814,0.2138907659724164,532.0,810.0,809.0,0.405,0.85,0.02391119201752849,80000.0,80000.0,79997.27429199219,0.06375739631423001,0.06351575647805449,0.06912371160612733,2.054829218370936,2.0470414380599484,2.227779528362191,noon2,simple,0.6,0.12833445958344983,30000.0,30000.0,1.0,1e-06,1.0,1.0,0.0,0.0,0.0,0.0,0.0,0.0,0.0,0,1.5,psi4,6,103.42717016079035,128.00669854893852,780.760927722824,64.07190756846067,79.8528397778051,522.3806946133617,-39.35526259232969,-48.15385877113343,-258.3802331094624,101.25839190329732,-8.824287662592543,-408.8242876625926,29999.41781616211,nan,nan,0.0,0.0,0.0
hybrid_noon2,400.0,80.0,1.0,1.0,rayleigh,1.0,0.028130814138268814,0.2138907659724164,532.0,810.0,809.0,0.405,0.85,0.02391119201752849,80000.0,80000.0,79997.27429199219,0.21395931065112275,0.20454380488843926,0.27545120776351434,9.058013388235722,8.659405928733932,11.66128606478813,noon2,simple,0.6,0.12833445958344983,30000.0,30000.0,1.0,1e-06,1.0,1.0,0.0,0.0,0.0,0.0,0.0,0.0,0.0,0,1.5,psi4,6,103.42717016079035,128.00669854893852,780.760927722824,79.95871001183453,97.59866873098474,612.3731416225038,-23.468460148955835,-30.40802981795378,-168.38778610032026,139.80673119793116,-71.19900012034496,-471.199000120345,29999.41781616211,0.06351575647805449,2.0470414380599484,0.0,0.0,0.0
classical,400.0,80.0,1.0,1.0,rayleigh,1.0,0.028130814138268814,0.2138907659724164,532.0,810.0,809.0,655.2899999999507,0.85,0.02391119201752849,80000.0,80000.0,80000.38114929199,0.21373383109300959,0.2038633381468401,0.275582097779835,9.04846766269591,8.630598223021586,11.666827321752413,-,simple,0.6,0.12833445958344983,30000.0,30000.0,1.0,1e-06,1.0,1.0,0.0,0.0,0.0,0.0,0.0,0.0,0.0,0,1.5,psi4,7,102.44771972527744,126.2417144860157,809.6750520174126,69.681217018973,86.01379309054376,556.0857786725405,-32.76650270630443,-40.22792139547194,-253.58927334487205,67.18331869513682,127.38369120520466,-272.6163087947954,,,,,,
quant_diff,400.0,80.0,1.0,1.0,rayleigh,1.0,0.028130814138268814,0.2138907659724164,532.0,810.0,809.0,655.2899999999507,0.85,0.02391119201752849,80000.0,80000.0,80000.38114929199,0.06371298578450593,0.06344929568752447,0.06896378499351767,3322.3978295705265,3308.647361041966,3596.2076923594973,diff,simple,0.6,0.12833445958344983,30000.0,30000.0,1.0,1e-06,1.0,1.0,0.0,0.0,0.0,0.0,0.0,0.0,0.0,0,1.5,psi4,7,102.44771972527744,126.2417144860157,809.6750520174126,2640.236615897369,3301.4821525890247,25177.867946294526,2537.788896172092,3175.240438103009,24368.192894277116,3300.9848699384797,511.6351203841456,111.63512038414552,30000.343780517578,nan,nan,0.0,0.0,0.0
hybrid_diff,400.0,80.0,1.0,1.0,rayleigh,1.0,0.028130814138268814,0.2138907659724164,532.0,810.0,809.0,655.2899999999507,0.85,0.02391119201752849,80000.0,80000.0,80000.38114929199,0.21373383109300959,0.2038633381468401,0.275582097779835,9.04846766269591,8.630598223021586,11.666827321752413,diff,simple,0.6,0.12833445958344983,30000.0,30000.0,1.0,1e-06,1.0,1.0,0.0,0.0,0.0,0.0,0.0,0.0,0.0,0,1.5,psi4,7,102.44771972527744,126.2417144860157,809.6750520174126,500.4087327332248,635.0802532238994,5772.774336242387,397.9610130079474,508.8385387378837,4963.099284224975,635.6522488518364,404.0616132834681,4.061613283468072,30000.343780517578,0.06344929568752447,3308.647361041966,0.0,0.0,0.0
quant_noon2,400.0,80.0,1.0,1.0,rayleigh,1.0,0.028130814138268814,0.2138907659724164,532.0,810.0,809.0,0.405,0.85,0.02391119201752849,80000.0,80000.0,80000.38114929199,0.06374173168035663,0.06345246808422293,0.06914007145025666,2.0543243648286196,2.0450017242644236,2.2283067877496237,noon2,simple,0.6,0.12833445958344983,30000.0,30000.0,1.0,1e-06,1.0,1.0,0.0,0.0,0.0,0.0,0.0,0.0,0.0,0,1.5,psi4,7,102.44771972527744,126.2417144860157,809.6750520174126,64.13332759000541,79.69620234839293,493.1433480507323,-38.31439213527202,-46.545512137622765,-316.53170396668025,101.27053149820463,-12.815986900728786,-412.81598690072883,30000.22134399414,nan,nan,0.0,0.0,0.0
hybrid_noon2,400.0,80.0,1.0,1.0,rayleigh,1.0,0.028130814138268814,0.2138907659724164,532.0,810.0,809.0,0.405,0.85,0.02391119201752849,80000.0,80000.0,80000.38114929199,0.21373383109300959,0.2038633381468401,0.275582097779835,9.04846766269591,8.630598223021586,11.666827321752413,noon2,simple,0.6,0.12833445958344983,30000.0,30000.0,1.0,1e-06,1.0,1.0,0.0,0.0,0.0,0.0,0.0,0.0,0.0,0,1.5,psi4,7,102.44771972527744,126.2417144860157,809.6750520174126,82.94109406875666,99.84951161589287,617.5256643303173,-19.50662565652078,-26.392202870122834,-192.14938768709516,139.61676395019944,-64.95466673053176,-464.9546667305318,30000.22134399414,0.06345246808422293,2.0450017242644236,0.0,0.0,0.0
classical,400.0,80.0,1.0,1.0,rayleigh,1.0,0.028130814138268814,0.2138907659724164,532.0,810.0,809.0,655.2899999999507,0.85,0.02391119201752849,80000.0,80000.0,79998.97779846191,0.21412552120598383,0.20489172946191272,0.2758997003482914,9.06504994778817,8.674135390307857,11.680273094728879,-,simple,0.6,0.12833445958344983,30000.0,30000.0,1.0,1e-06,1.0,1.0,0.0,0.0,0.0,0.0,0.0,0.0,0.0,0,1.5,psi4,8,107.5898155752017,134.0536666558437,805.7862632904785,65.70613235492021,82.65295456007978,534.3595239815326,-41.883683220281476,-51.40071209576393,-271.4267393089458,133.37094922159744,-138.96083287890553,-538.9608328789055,,,,,,
quant_diff,400.0,80.0,1.0,1.0,rayleigh,1.0,0.028130814138268814,0.2138907659724164,532.0,810.0,809.0,655.2899999999507,0.85,0.02391119201752849,80000.0,80000.0,79998.97779846191,0.06375387303348128,0.06349436861146715,0.06914307848536826,3324.5299491938677,3310.9977482171344,3605.5571883977977,diff,simple,0.6,0.12833445958344983,30000.0,30000.0,1.0,1e-06,1.0,1.0,0.0,0.0,0.0,0.0,0.0,0.0,0.0,0,1.5,psi4,8,107.5898155752017,134.0536666558437,805.7862632904785,2634.6479801835344,3314.700765563812,26707.46421373839,2527.0581646083324,3180.6470989079685,25901.677950447913,3313.8976830711335,342.6462247319632,-57.353775268036856,29999.44598388672,nan,nan,0.0,0.0,0.0
hybrid_diff,400.0,80.0,1.0,1.0,rayleigh,1.0,0.028130814138268814,0.2138907659724164,532.0,810.0,809.0,655.2899999999507,0.85,0.02391119201752849,80000.0,80000.0,79998.97779846191,0.21412552120598383,0.20489172946191272,0.2758997003482914,9.06504994778817,8.674135390307857,11.680273094728879,diff,simple,0.6,0.12833445958344983,30000.0,30000.0,1.0,1e-06,1.0,1.0,0.0,0.0,0.0,0.0,0.0,0.0,0.0,0,1.5,psi4,8,107.5898155752017,134.0536666558437,805.7862632904785,512.3523689104708,646.4778518239192,5151.818430373914,404.7625533352691,512.4241851680755,4346.032167083436,643.4235933513563,377.634340743691,-22.36565925630903,29999.44598388672,0.06349436861146715,3310.9977482171344,0.0,0.0,0.0
quant_noon2,400.0,80.0,1.0,1.0,rayleigh,1.0,0.028130814138268814,0.2138907659724164,532.0,810.0,809.0,0.405,0.85,0.02391119201752849,80000.0,80000.0,79998.97779846191,0.06372175004117048,0.0635168152451972,0.06904002041705205,2.0536803790574893,2.0470755609348776,2.2250822554091907,noon2,simple,0.6,0.12833445958344983,30000.0,30000.0,1.0,1e-06,1.0,1.0,0.0,0.0,0.0,0.0,0.0,0.0,0.0,0,1.5,psi4,8,107.5898155752017,134.0536666558437,805.7862632904785,62.77199055842102,78.85685710309778,542.2916865228984,-44.817825016780674,-55.19680955274593,-263.49457676758,101.24054191525123,-11.970741444910407,-411.97074144491046,29999.465133666992,nan,nan,0.0,0.0,0.0
hybrid_noon2,400.0,80.0,1.0,1.0,rayleigh,1.0,0.028130814138268814,0.2138907659724164,532.0,810.0,809.0,0.405,0.85,0.02391119201752849,80000.0,80000.0,79998.97779846191,0.21412552120598383,0.20489172946191272,0.2758997003482914,9.06504994778817,8.674135390307857,11.680273094728879,noon2,simple,0.6,0.12833445958344983,30000.0,30000.0,1.0,1e-06,1.0,1.0,0.0,0.0,0.0,0.0,0.0,0.0,0.0,0,1.5,psi4,8,107.5898155752017,134.0536666558437,805.7862632904785,76.10499444504647,95.04879335561311,703.7696784300527,-31.484821130155222,-39.00487330023059,-102.01658486042565,140.05648542726635,-61.13713345016104,-461.1371334501611,29999.465133666992,0.0635168152451972,2.0470755609348776,0.0,0.0,0.0
classical,400.0,80.0,1.0,1.0,rayleigh,1.0,0.028130814138268814,0.2138907659724164,532.0,810.0,809.0,655.2899999999507,0.85,0.02391119201752849,80000.0,80000.0,79999.51466369629,0.2144237207238327,0.2046734055133434,0.2762054790874921,9.07767428844818,8.664892599035557,11.693218303353307,-,simple,0.6,0.12833445958344983,30000.0,30000.0,1.0,1e-06,1.0,1.0,0.0,0.0,0.0,0.0,0.0,0.0,0.0,0,1.5,psi4,9,106.29727612631883,131.69462706640985,888.1082648787254,68.01410453108224,84.35057066892213,564.8636072094313,-38.28317159523659,-47.344056397487726,-323.24465766929416,133.29625469885823,-139.4130370363537,-539.4130370363538,,,,,,
quant_diff,400.0,80.0,1.0,1.0,rayleigh,1.0,0.028130814138268814,0.2138907659724164,532.0,810.0,809.0,655.2899999999507,0.85,0.02391119201752849,80000.0,80000.0,79999.51466369629,0.06377006053883855,0.06348523583742646,0.06916878132333466,3325.3740680497476,3310.5215076473796,3606.8974968454695,diff,simple,0.6,0.12833445958344983,30000.0,30000.0,1.0,1e-06,1.0,1.0,0.0,0.0,0.0,0.0,0.0,0.0,0.0,0,1.5,psi4,9,106.29727612631883,131.69462706640985,888.1082648787254,2633.8346552658345,3301.41016997749,26440.9972464843,2527.537379139516,3169.7155429110803,25552.888981605574,3298.1346918049458,392.6038385467652,-7.39616145323486,29999.807342529297,nan,nan,0.0,0.0,0.0
hybrid_diff,400.0,80.0,1.0,1.0,rayleigh,1.0,0.028130814138268814,0.2138907659724164,532.0,810.0,809.0,655.2899999999507,0.85,0.02391119201752849,80000.0,80000.0,79999.51466369629,0.2144237207238327,0.2046734055133434,0.2762054790874921,9.07767428844818,8.664892599035557,11.693218303353307,diff,simple,0.6,0.12833445958344983,30000.0,30000.0,1.0,1e-06,1.0,1.0,0.0,0.0,0.0,0.0,0.0,0.0,0.0,0,1.5,psi4,9,106.29727612631883,131.69462706640985,888.1082648787254,527.621566667825,667.9429708256641,5556.873856020316,421.32429054150623,536.2483437592542,4668.765591141591,654.7956495421283,339.5800218856683,-60.41997811433175,29999.807342529297,0.06348523583742646,3310.5215076473796,0.0,0.0,0.0
quant_noon2,400.0,80.0,1.0,1.0,rayleigh,1.0,0.028130814138268814,0.2138907659724164,532.0,810.0,809.0,0.405,0.85,0.02391119201752849,80000.0,80000.0,79999.51466369629,0.06372186279591643,0.06345232283435853,0.06901619863141284,2.0536840130162126,2.044997043024558,2.224314506034295,noon2,simple,0.6,0.12833445958344983,30000.0,30000.0,1.0,1e-06,1.0,1.0,0.0,0.0,0.0,0.0,0.0,0.0,0.0,0,1.5,psi4,9,106.29727612631883,131.69462706640985,888.1082648787254,63.54546204331386,79.28635528712877,579.9401037851142,-42.751814083004966,-52.40827177928109,-308.16816109361133,101.24498727690043,-12.27323987368486,-412.27323987368493,29999.712524414062,nan,nan,0.0,0.0,0.0
hybrid_noon2,400.0,80.0,1.0,1.0,rayleigh,1.0,0.028130814138268814,0.2138907659724164,532.0,810.0,809.0,0.405,0.85,0.02391119201752849,80000.0,80000.0,79999.51466369629,0.2144237207238327,0.2046734055133434,0.2762054790874921,9.07767428844818,8.664892599035557,11.693218303353307,noon2,simple,0.6,0.12833445958344983,30000.0,30000.0,1.0,1e-06,1.0,1.0,0.0,0.0,0.0,0.0,0.0,0.0,0.0,0,1.5,psi4,9,106.29727612631883,131.69462706640985,888.1082648787254,81.68277750579999,98.94620020720065,643.29808020054,-24.61449862051883,-32.74842685920921,-244.81018467818546,140.95037773706574,-69.66127354032804,-469.66127354032807,29999.712524414062,0.06345232283435853,2.044997043024558,0.0,0.0,0.0
classical,600.0,80.0,1.0,1.0,rayleigh,1.0,0.028130814138268814,0.2138907659724164,532.0,810.0,809.0,655.2899999999507,0.85,0.02391119201752849,80000.0,80000.0,79998.35096740723,0.21438739417581648,0.20484671841393914,0.2766778640273348,9.076136396232702,8.67222983792071,11.71321682127933,-,simple,0.6,0.12833445958344983,30000.0,30000.0,1.0,1e-06,1.0,1.0,0.0,0.0,0.0,0.0,0.0,0.0,0.0,0,1.5,psi4,0,135.91567305555859,165.42540027416595,872.4222687260319,65.49940685000848,81.0130428362779,546.8153464160998,-70.41626620555009,-84.41235743788803,-325.60692230993214,133.34792619673644,63.40953881971157,-536.5904611802886,,,,,,
quant_diff,600.0,80.0,1.0,1.0,rayleigh,1.0,0.028130814138268814,0.2138907659724164,532.0,810.0,809.0,655.2899999999507,0.85,0.02391119201752849,80000.0,80000.0,79998.35096740723,0.06370510212817976,0.06342627473473045,0.06904046686682817,3321.9867258944914,3307.4469030402615,3600.2063699652826,diff,simple,0.6,0.12833445958344983,30000.0,30000.0,1.0,1e-06,1.0,1.0,0.0,0.0,0.0,0.0,0.0,0.0,0.0,0,1.5,psi4,0,135.91567305555859,165.42540027416595,872.4222687260319,2669.8769557523037,3334.5304076613925,25388.137577967114,2533.9612826967455,3169.1050073872266,24515.71530924108,3328.88898102186,608.3299064812768,8.329906481276762,29999.073013305664,nan,nan,0.0,0.0,0.0
hybrid_diff,600.0,80.0,1.0,1.0,rayleigh,1.0,0.028130814138268814,0.2138907659724164,532.0,810.0,809.0,655.2899999999507,0.85,0.02391119201752849,80000.0,80000.0,79998.35096740723,0.21438739417581648,0.20484671841393914,0.2766778640273348,9.076136396232702,8.67222983792071,11.71321682127933,diff,simple,0.6,0.12833445958344983,30000.0,30000.0,1.0,1e-06,1.0,1.0,0.0,0.0,0.0,0.0,0.0,0.0,0.0,0,1.5,psi4,0,135.91567305555859,165.42540027416595,872.4222687260319,539.1909445414452,671.4243157721263,4611.418803565963,403.2752714858866,505.9989154979604,3738.996534839931,647.453987864167,639.1118244794176,39.11182447941746,29999.073013305664,0.06342627473473045,3307.4469030402615,0.0,0.0,0.0
quant_noon2,600.0,80.0,1.0,1.0,rayleigh,1.0,0.028130814138268814,0.2138907659724164,532.0,810.0,809.0,0.405,0.85,0.02391119201752849,80000.0,80000.0,79998.35096740723,0.06373803680546754,0.06342151170869173,0.06919357313202344,2.054205283164072,2.0440040350767585,2.2300310868157984,noon2,simple,0.6,0.12833445958344983,30000.0,30000.0,1.0,1e-06,1.0,1.0,0.0,0.0,0.0,0.0,0.0,0.0,0.0,0,1.5,psi4,0,135.91567305555859,165.42540027416595,872.4222687260319,64.63013040651809,79.93378119279797,550.018392018516,-71.28554264904048,-85.49161908136797,-322.40387670751596,151.88424597175464,-12.152833681700523,-612.1528336817006,29998.825729370117,nan,nan,0.0,0.0,0.0
hybrid_noon2,600.0,80.0,1.0,1.0,rayleigh,1.0,0.028130814138268814,0.2138907659724164,532.0,810.0,809.0,0.405,0.85,0.02391119201752849,80000.0,80000.0,79998.35096740723,0.21438739417581648,0.20484671841393914,0.2766778640273348,9.076136396232702,8.67222983792071,11.71321682127933,noon2,simple,0.6,0.12833445958344983,30000.0,30000.0,1.0,1e-06,1.0,1.0,0.0,0.0,0.0,0.0,0.0,0.0,0.0,0,1.5,psi4,0,135.91567305555859,165.42540027416595,872.4222687260319,65.48343905501724,80.98139862914624,537.7000864287088,-70.43223400054133,-84.4440016450197,-334.7221822973231,133.35956543686075,63.40953881971156,-536.5904611802886,29998.825729370117,0.06342151170869173,2.0440040350767585,0.0,0.0,0.0
classical,600.0,80.0,1.0,1.0,rayleigh,1.0,0.028130814138268814,0.2138907659724164,532.0,810.0,809.0,655.2899999999507,0.85,0.02391119201752849,80000.0,80000.0,80001.3816986084,0.21509565940045844,0.20473228028512358,0.27806164990336,9.106120956697517,8.66738507514885,11.771799693664475,-,simple,0.6,0.12833445958344983,30000.0,30000.0,1.0,1e-06,1.0,1.0,0.0,0.0,0.0,0.0,0.0,0.0,0.0,0,1.5,psi4,1,138.79621063575652,167.81236082892593,944.2921383135226,65.19569999701666,81.65165642874314,591.5383558604424,-73.60051063873986,-86.1607044001828,-352.75378245308025,133.32719478606583,71.93907187615602,-528.0609281238441,,,,,,
quant_diff,600.0,80.0,1.0,1.0,rayleigh,1.0,0.028130814138268814,0.2138907659724164,532.0,810.0,809.0,655.2899999999507,0.85,0.02391119201752849,80000.0,80000.0,80001.3816986084,0.06377557088076533,0.06352007769316667,0.06916806098893727,3325.661412110496,3312.3383822525198,3606.859934056519,diff,simple,0.6,0.12833445958344983,30000.0,30000.0,1.0,1e-06,1.0,1.0,0.0,0.0,0.0,0.0,0.0,0.0,0.0,0,1.5,psi4,1,138.79621063575652,167.81236082892593,944.2921383135226,2655.1814797844177,3327.482185005215,28047.922442981337,2516.385269148661,3159.669824176289,27103.630304667815,3321.8115558401673,590.5217280806066,-9.478271919393414,30000.812408447266,nan,nan,0.0,0.0,0.0
hybrid_diff,600.0,80.0,1.0,1.0,rayleigh,1.0,0.028130814138268814,0.2138907659724164,532.0,810.0,809.0,655.2899999999507,0.85,0.02391119201752849,80000.0,80000.0,80001.3816986084,0.21509565940045844,0.20473228028512358,0.27806164990336,9.106120956697517,8.66738507514885,11.771799693664475,diff,simple,0.6,0.12833445958344983,30000.0,30000.0,1.0,1e-06,1.0,1.0,0.0,0.0,0.0,0.0,0.0,0.0,0.0,0,1.5,psi4,1,138.79621063575652,167.81236082892593,944.2921383135226,524.3001106550965,664.9361088484401,5712.13350310316,385.50390001934,497.1237480195142,4767.841364789637,639.214417293564,562.9245198818185,-37.07548011818156,30000.812408447266,0.06352007769316667,3312.3383822525198,0.0,0.0,0.0
quant_noon2,600.0,80.0,1.0,1.0,rayleigh,1.0,0.028130814138268814,0.2138907659724164,532.0,810.0,809.0,0.405,0.85,0.02391119201752849,80000.0,80000.0,80001.3816986084,0.06378511339769516,0.06349999949497151,0.06920829977500254,2.0557225088163538,2.046533608206409,2.2305057099659162,noon2,simple,0.6,0.12833445958344983,30000.0,30000.0,1.0,1e-06,1.0,1.0,0.0,0.0,0.0,0.0,0.0,0.0,0.0,0,1.5,psi4,1,138.79621063575652,167.81236082892593,944.2921383135226,63.50428585240556,80.02351377959717,567.4341253353555,-75.29192478335096,-87.78884704932875,-376.8580129781672,151.86799492054854,-3.6507846906805814,-603.6507846906807,30000.85319519043,nan,nan,0.0,0.0,0.0
hybrid_noon2,600.0,80.0,1.0,1.0,rayleigh,1.0,0.028130814138268814,0.2138907659724164,532.0,810.0,809.0,0.405,0.85,0.02391119201752849,80000.0,80000.0,80001.3816986084,0.21509565940045844,0.20473228028512358,0.27806164990336,9.106120956697517,8.66738507514885,11.771799693664475,noon2,simple,0.6,0.12833445958344983,30000.0,30000.0,1.0,1e-06,1.0,1.0,0.0,0.0,0.0,0.0,0.0,0.0,0.0,0,1.5,psi4,1,138.79621063575652,167.81236082892593,944.2921383135226,65.19569999701666,81.65165642874314,591.5383558604424,-73.60051063873986,-86.1607044001828,-352.75378245308025,133.32719478606583,71.939071876156,-528.0609281238441,30000.85319519043,0.06349999949497151,2.046533608206409,0.0,0.0,0.0
classical,600.0,80.0,1.0,1.0,rayleigh,1.0,0.028130814138268814,0.2138907659724164,532.0,810.0,809.0,655.2899999999507,0.85,0.02391119201752849,80000.0,80000.0,79999.95445251465,0.21407978173543157,0.2045098864526514,0.27519534574016086,9.063113557474646,8.657969984467055,11.65045409105432,-,simple,0.6,0.12833445958344983,30000.0,30000.0,1.0,1e-06,1.0,1.0,0.0,0.0,0.0,0.0,0.0,0.0,0.0,0,1.5,psi4,2,143.7409089716534,173.95090294453453,900.5519412314288,66.27170543203766,82.90238146034271,559.6576377077937,-77.46920353961572,-91.04852148419181,-340.8943035236351,133.14747550221423,75.19138656133322,-524.8086134386668,,,,,,
quant_diff,600.0,80.0,1.0,1.0,rayleigh,1.0,0.028130814138268814,0.2138907659724164,532.0,810.0,809.0,655.2899999999507,0.85,0.02391119201752849,80000.0,80000.0,79999.95445251465,0.06375349480833672,0.06350047385975457,0.069095726701832,3324.5102261439442,3311.3161144561254,3603.087967077999,diff,simple,0.6,0.12833445958344983,30000.0,30000.0,1.0,1e-06,1.0,1.0,0.0,0.0,0.0,0.0,0.0,0.0,0.0,0,1.5,psi4,2,143.7409089716534,173.95090294453453,900.5519412314288,2633.4738626354474,3312.210728380202,28016.081631324752,2489.732953663794,3138.2598254356676,27115.52969009332,3307.223611575105,685.2018544823666,85.20185448236651,29999.913345336914,nan,nan,0.0,0.0,0.0
hybrid_diff,600.0,80.0,1.0,1.0,rayleigh,1.0,0.028130814138268814,0.2138907659724164,532.0,810.0,809.0,655.2899999999507,0.85,0.02391119201752849,80000.0,80000.0,79999.95445251465,0.21407978173543157,0.2045098864526514,0.27519534574016086,9.063113557474646,8.657969984467055,11.65045409105432,diff,simple,0.6,0.12833445958344983,30000.0,30000.0,1.0,1e-06,1.0,1.0,0.0,0.0,0.0,0.0,0.0,0.0,0.0,0,1.5,psi4,2,143.7409089716534,173.95090294453453,900.5519412314288,520.6297583523758,658.3223583000865,5390.2227411813965,376.8888493807224,484.37145535555203,4489.670799949967,636.9684617972105,625.9767478929152,25.97674789291511,29999.913345336914,0.06350047385975457,3311.3161144561254,0.0,0.0,0.0
quant_noon2,600.0,80.0,1.0,1.0,rayleigh,1.0,0.028130814138268814,0.2138907659724164,532.0,810.0,809.0,0.405,0.85,0.02391119201752849,80000.0,80000.0,79999.95445251465,0.06370317506558915,0.06348081349467312,0.06898163101147375,2.0530817284732197,2.0459152649823142,2.223200430498489,noon2,simple,0.6,0.12833445958344983,30000.0,30000.0,1.0,1e-06,1.0,1.0,0.0,0.0,0.0,0.0,0.0,0.0,0.0,0,1.5,psi4,2,143.7409089716534,173.95090294453453,900.5519412314288,64.32828596192954,79.61358953758678,507.5707612887092,-79.41262300972386,-94.33731340694774,-392.9811799427196,151.8369824160389,0.3971661213486426,-599.6028338786515,29999.925704956055,nan,nan,0.0,0.0,0.0
hybrid_noon2,600.0,80.0,1.0,1.0,rayleigh,1.0,0.028130814138268814,0.2138907659724164,532.0,810.0,809.0,0.405,0.85,0.02391119201752849,80000.0,80000.0,79999.95445251465,0.21407978173543157,0.2045098864526514,0.27519534574016086,9.063113557474646,8.657969984467055,11.65045409105432,noon2,simple,0.6,0.12833445958344983,30000.0,30000.0,1.0,1e-06,1.0,1.0,0.0,0.0,0.0,0.0,0.0,0.0,0.0,0,1.5,psi4,2,143.7409089716534,173.95090294453453,900.5519412314288,66.27170543203766,82.9023814603427,559.6576377077938,-77.46920353961572,-91.04852148419182,-340.894303523635,133.14747550221423,75.19138656133322,-524.8086134386668,29999.925704956055,0.06348081349467312,2.0459152649823142,0.0,0.0,0.0
classical,600.0,80.0,1.0,1.0,rayleigh,1.0,0.028130814138268814,0.2138907659724164,532.0,810.0,809.0,655.2899999999507,0.85,0.02391119201752849,80000.0,80000.0,79998.88708496094,0.21406207691560852,0.20425440721470345,0.2764075809048496,9.062364020123336,8.647154216035634,11.701774327215228,-,simple,0.6,0.12833445958344983,30000.0,30000.0,1.0,1e-06,1.0,1.0,0.0,0.0,0.0,0.0,0.0,0.0,0.0,0,1.5,psi4,3,142.1919093093877,172.9333148604109,948.1225277086917,67.31609101842122,82.89317889724761,511.6862904895763,-74.87581829096648,-90.04013596316327,-436.43623721911536,133.41107798765054,70.54419611016031,-529.4558038898397,,,,,,
quant_diff,600.0,80.0,1.0,1.0,rayleigh,1.0,0.028130814138268814,0.2138907659724164,532.0,810.0,809.0,655.2899999999507,0.85,0.02391119201752849,80000.0,80000.0,79998.88708496094,0.06377261157005867,0.06350966769492064,0.06917774518925736,3325.507094943475,3311.795539138944,3607.364929478228,diff,simple,0.6,0.12833445958344983,30000.0,30000.0,1.0,1e-06,1.0,1.0,0.0,0.0,0.0,0.0,0.0,0.0,0.0,0,1.5,psi4,3,142.1919093093877,172.9333148604109,948.1225277086917,2669.964097658231,3354.9261350040883,29226.07045925067,2527.7721883488434,3181.9928201436774,28277.947931541978,3352.158023586502,544.1256865634546,-55.87431343654549,30000.560806274414,nan,nan,0.0,0.0,0.0
hybrid_diff,600.0,80.0,1.0,1.0,rayleigh,1.0,0.028130814138268814,0.2138907659724164,532.0,810.0,809.0,655.2899999999507,0.85,0.02391119201752849,80000.0,80000.0,79998.88708496094,0.21406207691560852,0.20425440721470345,0.2764075809048496,9.062364020123336,8.647154216035634,11.701774327215228,diff,simple,0.6,0.12833445958344983,30000.0,30000.0,1.0,1e-06,1.0,1.0,0.0,0.0,0.0,0.0,0.0,0.0,0.0,0,1.5,psi4,3,142.1919093093877,172.9333148604109,948.1225277086917,524.5191791446983,659.5893825273889,4524.708551545897,382.32726983531063,486.656067666978,3576.586023837205,647.6479892357744,567.7770553997387,-32.22294460026133,30000.560806274414,0.06350966769492064,3311.795539138944,0.0,0.0,0.0
quant_noon2,600.0,80.0,1.0,1.0,rayleigh,1.0,0.028130814138268814,0.2138907659724164,532.0,810.0,809.0,0.405,0.85,0.02391119201752849,80000.0,80000.0,79998.88708496094,0.06375824693724264,0.06348484058520906,0.06922680513253236,2.054856632994512,2.046045053583742,2.2311021168386382,noon2,simple,0.6,0.12833445958344983,30000.0,30000.0,1.0,1e-06,1.0,1.0,0.0,0.0,0.0,0.0,0.0,0.0,0.0,0,1.5,psi4,3,142.1919093093877,172.9333148604109,948.1225277086917,64.63270871939277,79.96523888257535,508.89701072282867,-77.55920058999493,-92.96807597783553,-439.225516985863,151.86511247955283,-4.483976451524698,-604.4839764515248,29999.383544921875,nan,nan,0.0,0.0,0.0
hybrid_noon2,600.0,80.0,1.0,1.0,rayleigh,1.0,0.028130814138268814,0.2138907659724164,532.0,810.0,809.0,0.405,0.85,0.02391119201752849,80000.0,80000.0,79998.88708496094,0.21406207691560852,0.20425440721470345,0.2764075809048496,9.062364020123336,8.647154216035634,11.701774327215228,noon2,simple,0.6,0.12833445958344983,30000.0,30000.0,1.0,1e-06,1.0,1.0,0.0,0.0,0.0,0.0,0.0,0.0,0.0,0,1.5,psi4,3,142.1919093093877,172.9333148604109,948.1225277086917,67.3160910184212,82.89317889724761,511.6862904895763,-74.87581829096649,-90.04013596316327,-436.43623721911536,133.41107798765054,70.54419611016023,-529.4558038898398,29999.383544921875,0.06348484058520906,2.046045053583742,0.0,0.0,0.0
classical,600.0,80.0,1.0,1.0,rayleigh,1.0,0.028130814138268814,0.2138907659724164,532.0,810.0,809.0,655.2899999999507,0.85,0.02391119201752849,80000.0,80000.0,80001.6707611084,0.21330021163479396,0.20394299010826655,0.2753249844682022,9.030110289763815,8.63397030592279,11.655942374460441,-,simple,0.6,0.12833445958344983,30000.0,30000.0,1.0,1e-06,1.0,1.0,0.0,0.0,0.0,0.0,0.0,0.0,0.0,0,1.5,psi4,4,133.40782873380468,167.81279875711923,978.9245161949922,65.55990227627846,81.67742224822565,530.7822775256698,-67.84792645752623,-86.13537650889356,-448.14223866932235,133.19478009062362,51.46770939555587,-548.5322906044443,,,,,,
quant_diff,600.0,80.0,1.0,1.0,rayleigh,1.0,0.028130814138268814,0.2138907659724164,532.0,810.0,809.0,655.2899999999507,0.85,0.02391119201752849,80000.0,80000.0,80001.6707611084,0.0637351691794501,0.06349665724966776,0.06911701016132564,3323.5546120114604,3311.11709228015,3604.197821195754,diff,simple,0.6,0.12833445958344983,30000.0,30000.0,1.0,1e-06,1.0,1.0,0.0,0.0,0.0,0.0,0.0,0.0,0.0,0,1.5,psi4,4,133.40782873380468,167.81279875711923,978.9245161949922,2632.3482955083464,3310.281331223814,25616.946956277417,2498.9404667745416,3142.468532466695,24638.022440082426,3307.1027090106295,607.868377319971,7.86837731997095,30000.402404785156,nan,nan,0.0,0.0,0.0
hybrid_diff,600.0,80.0,1.0,1.0,rayleigh,1.0,0.028130814138268814,0.2138907659724164,532.0,810.0,809.0,655.2899999999507,0.85,0.02391119201752849,80000.0,80000.0,80001.6707611084,0.21330021163479396,0.20394299010826655,0.2753249844682022,9.030110289763815,8.63397030592279,11.655942374460441,diff,simple,0.6,0.12833445958344983,30000.0,30000.0,1.0,1e-06,1.0,1.0,0.0,0.0,0.0,0.0,0.0,0.0,0.0,0,1.5,psi4,4,133.40782873380468,167.81279875711923,978.9245161949922,529.9289996666907,670.5688162653065,5302.605785880183,396.521170932886,502.75601750818737,4323.68126968519,659.4600112986415,561.5222882165991,-38.47771178340094,30000.402404785156,0.06349665724966776,3311.11709228015,0.0,0.0,0.0
quant_noon2,600.0,80.0,1.0,1.0,rayleigh,1.0,0.028130814138268814,0.2138907659724164,532.0,810.0,809.0,0.405,0.85,0.02391119201752849,80000.0,80000.0,80001.6707611084,0.06378461764614263,0.06351610218922599,0.06920231867909579,2.0557065313010523,2.0470525799424175,2.2303129459677367,noon2,simple,0.6,0.12833445958344983,30000.0,30000.0,1.0,1e-06,1.0,1.0,0.0,0.0,0.0,0.0,0.0,0.0,0.0,0,1.5,psi4,4,133.40782873380468,167.81279875711923,978.9245161949922,64.73303463587446,79.97496268379572,496.0610486516478,-68.67479409793023,-87.83783607332349,-482.8634675433443,151.87047835524803,-25.077303779513635,-625.0773037795137,30000.852340698242,nan,nan,0.0,0.0,0.0
hybrid_noon2,600.0,80.0,1.0,1.0,rayleigh,1.0,0.028130814138268814,0.2138907659724164,532.0,810.0,809.0,0.405,0.85,0.02391119201752849,80000.0,80000.0,80001.6707611084,0.21330021163479396,0.20394299010826655,0.2753249844682022,9.030110289763815,8.63397030592279,11.655942374460441,noon2,simple,0.6,0.12833445958344983,30000.0,30000.0,1.0,1e-06,1.0,1.0,0.0,0.0,0.0,0.0,0.0,0.0,0.0,0,1.5,psi4,4,133.40782873380468,167.81279875711923,978.9245161949922,65.55990227627846,81.67742224822565,530.7822775256698,-67.84792645752623,-86.13537650889356,-448.14223866932235,133.19478009062362,51.467709395555914,-548.5322906044441,30000.852340698242,0.06351610218922599,2.0470525799424175,0.0,0.0,0.0
classical,600.0,80.0,1.0,1.0,rayleigh,1.0,0.028130814138268814,0.2138907659724164,532.0,810.0,809.0,655.2899999999507,0.85,0.02391119201752849,80000.0,80000.0,80000.16229248047,0.21412200778960339,0.20435932905098564,0.276741977853161,9.064901206550804,8.651596104518404,11.715931093871335,-,simple,0.6,0.12833445958344983,30000.0,30000.0,1.0,1e-06,1.0,1.0,0.0,0.0,0.0,0.0,0.0,0.0,0.0,0,1.5,psi4,5,136.4314199043615,167.8408021887819,882.6532987864657,65.00597704681915,80.79250567896857,554.402022416598,-71.42544285754234,-87.04829650981334,-328.2512763698677,133.25634321281967,51.82682746047514,-548.1731725395249,,,,,,
quant_diff,600.0,80.0,1.0,1.0,rayleigh,1.0,0.028130814138268814,0.2138907659724164,532.0,810.0,809.0,655.2899999999507,0.85,0.02391119201752849,80000.0,80000.0,80000.16229248047,0.06378290616388615,0.06352854093017424,0.06918535177512511,3326.0439201411564,3312.779708929003,3607.7615849491067,diff,simple,0.6,0.12833445958344983,30000.0,30000.0,1.0,1e-06,1.0,1.0,0.0,0.0,0.0,0.0,0.0,0.0,0.0,0,1.5,psi4,5,136.4314199043615,167.8408021887819,882.6532987864657,2637.213135614457,3299.4803602864213,26189.532855579055,2500.7817157100953,3131.639558097639,25306.879556792588,3297.977297907883,565.0060662247878,-34.99393377521228,30000.097442626953,nan,nan,0.0,0.0,0.0
hybrid_diff,600.0,80.0,1.0,1.0,rayleigh,1.0,0.028130814138268814,0.2138907659724164,532.0,810.0,809.0,655.2899999999507,0.85,0.02391119201752849,80000.0,80000.0,80000.16229248047,0.21412200778960339,0.20435932905098564,0.276741977853161,9.064901206550804,8.651596104518404,11.715931093871335,diff,simple,0.6,0.12833445958344983,30000.0,30000.0,1.0,1e-06,1.0,1.0,0.0,0.0,0.0,0.0,0.0,0.0,0.0,0,1.5,psi4,5,136.4314199043615,167.8408021887819,882.6532987864657,516.4566989185493,652.8518136414959,6615.3572651948725,380.02527901418773,485.01101145271406,5732.703966408407,647.0692077920465,550.1970531145375,-49.802946885462546,30000.097442626953,0.06352854093017424,3312.779708929003,0.0,0.0,0.0
quant_noon2,600.0,80.0,1.0,1.0,rayleigh,1.0,0.028130814138268814,0.2138907659724164,532.0,810.0,809.0,0.405,0.85,0.02391119201752849,80000.0,80000.0,80000.16229248047,0.06371894567166976,0.06346222441167562,0.06900714364419454,2.05358999738066,2.045316159731878,2.224022673974271,noon2,simple,0.6,0.12833445958344983,30000.0,30000.0,1.0,1e-06,1.0,1.0,0.0,0.0,0.0,0.0,0.0,0.0,0.0,0,1.5,psi4,5,136.4314199043615,167.8408021887819,882.6532987864657,63.94346728978702,78.78721032916543,498.7561856032459,-72.48795261457447,-89.05359185961647,-383.89711318321974,151.87741798640297,-23.609147357843725,-623.6091473578438,30000.085876464844,nan,nan,0.0,0.0,0.0
hybrid_noon2,600.0,80.0,1.0,1.0,rayleigh,1.0,0.028130814138268814,0.2138907659724164,532.0,810.0,809.0,0.405,0.85,0.02391119201752849,80000.0,80000.0,80000.16229248047,0.21412200778960339,0.20435932905098564,0.276741977853161,9.064901206550804,8.651596104518404,11.715931093871335,noon2,simple,0.6,0.12833445958344983,30000.0,30000.0,1.0,1e-06,1.0,1.0,0.0,0.0,0.0,0.0,0.0,0.0,0.0,0,1.5,psi4,5,136.4314199043615,167.8408021887819,882.6532987864657,64.99644353424239,80.77644057357723,554.3475577323597,-71.4349763701191,-87.06436161520467,-328.3057410541059,133.28854471804368,51.80083123220257,-548.1991687677975,30000.085876464844,0.06346222441167562,2.045316159731878,0.0,0.0,0.0
classical,600.0,80.0,1.0,1.0,rayleigh,1.0,0.028130814138268814,0.2138907659724164,532.0,810.0,809.0,655.2899999999507,0.85,0.02391119201752849,80000.0,80000.0,79997.20892333984,0.21351728655763058,0.20448151314364588,0.2739114200602901,9.039300203263352,8.65676879433395,11.596098821529582,-,simple,0.6,0.12833445958344983,30000.0,30000.0,1.0,1e-06,1.0,1.0,0.0,0.0,0.0,0.0,0.0,0.0,0.0,0,1.5,psi4,6,138.47669714001222,169.97713931163597,973.7292485431865,65.48371490117796,82.13322610544826,527.1219847952945,-72.99298223883424,-87.84391320618771,-446.60726374789203,133.3754597736223,64.27184118107488,-535.7281588189252,,,,,,
quant_diff,600.0,80.0,1.0,1.0,rayleigh,1.0,0.028130814138268814,0.2138907659724164,532.0,810.0,809.0,655.2899999999507,0.85,0.02391119201752849,80000.0,80000.0,79997.20892333984,0.06377091903073734,0.06350167736056528,0.06916525011702779,3325.418835244161,3311.378872596121,3606.713357426712,diff,simple,0.6,0.12833445958344983,30000.0,30000.0,1.0,1e-06,1.0,1.0,0.0,0.0,0.0,0.0,0.0,0.0,0.0,0,1.5,psi4,6,138.47669714001222,169.97713931163597,973.7292485431865,2641.484475215678,3322.6155117920243,25347.092461041855,2503.0077780756656,3152.638372480388,24373.36321249867,3317.646167630175,519.7073646346829,-80.29263536531712,29999.434127807617,nan,nan,0.0,0.0,0.0
hybrid_diff,600.0,80.0,1.0,1.0,rayleigh,1.0,0.028130814138268814,0.2138907659724164,532.0,810.0,809.0,655.2899999999507,0.85,0.02391119201752849,80000.0,80000.0,79997.20892333984,0.21351728655763058,0.20448151314364588,0.2739114200602901,9.039300203263352,8.65676879433395,11.596098821529582,diff,simple,0.6,0.12833445958344983,30000.0,30000.0,1.0,1e-06,1.0,1.0,0.0,0.0,0.0,0.0,0.0,0.0,0.0,0,1.5,psi4,6,138.47669714001222,169.97713931163597,973.7292485431865,528.0102989945249,663.1017870501364,5661.70403346764,389.53360185451265,493.1246477385004,4687.974784924453,639.7454416365404,518.3311124629481,-81.66888753705193,29999.434127807617,0.06350167736056528,3311.378872596121,0.0,0.0,0.0
quant_noon2,600.0,80.0,1.0,1.0,rayleigh,1.0,0.028130814138268814,0.2138907659724164,532.0,810.0,809.0,0.405,0.85,0.02391119201752849,80000.0,80000.0,79997.20892333984,0.06375198538280524,0.06352409931505527,0.06905948149873611,2.0546548301331318,2.047310318318935,2.225709464197147,noon2,simple,0.6,0.12833445958344983,30000.0,30000.0,1.0,1e-06,1.0,1.0,0.0,0.0,0.0,0.0,0.0,0.0,0.0,0,1.5,psi4,6,138.47669714001222,169.97713931163597,973.7292485431865,64.10314305007896,79.87396132285495,524.6703627066469,-74.37355408993325,-90.103177988781,-449.0588858365396,151.8661720715171,-11.640503685340402,-611.6405036853405,29999.396224975586,nan,nan,0.0,0.0,0.0
hybrid_noon2,600.0,80.0,1.0,1.0,rayleigh,1.0,0.028130814138268814,0.2138907659724164,532.0,810.0,809.0,0.405,0.85,0.02391119201752849,80000.0,80000.0,79997.20892333984,0.21351728655763058,0.20448151314364588,0.2739114200602901,9.039300203263352,8.65676879433395,11.596098821529582,noon2,simple,0.6,0.12833445958344983,30000.0,30000.0,1.0,1e-06,1.0,1.0,0.0,0.0,0.0,0.0,0.0,0.0,0.0,0,1.5,psi4,6,138.47669714001222,169.97713931163597,973.7292485431865,65.48371490117796,82.13322610544824,527.1219847952945,-72.99298223883424,-87.84391320618772,-446.60726374789203,133.3754597736223,64.27184118107489,-535.7281588189252,29999.396224975586,0.06352409931505527,2.047310318318935,0.0,0.0,0.0
classical,600.0,80.0,1.0,1.0,rayleigh,1.0,0.028130814138268814,0.2138907659724164,532.0,810.0,809.0,655.2899999999507,0.85,0.02391119201752849,80000.0,80000.0,80000.42021179199,0.213729144477248,0.20446737766433093,0.27581633204419354,9.048269253810666,8.656170365779968,11.676743679662177,-,simple,0.6,0.12833445958344983,30000.0,30000.0,1.0,1e-06,1.0,1.0,0.0,0.0,0.0,0.0,0.0,0.0,0.0,0,1.5,psi4,7,137.24918656807094,168.02794902337513,1007.3311589575333,65.76681876145885,81.4209255126452,513.5525252608786,-71.48236780661209,-86.60702351072992,-493.77863369665465,133.31486630339995,60.72119681697894,-539.2788031830211,,,,,,
quant_diff,600.0,80.0,1.0,1.0,rayleigh,1.0,0.028130814138268814,0.2138907659724164,532.0,810.0,809.0,655.2899999999507,0.85,0.02391119201752849,80000.0,80000.0,80000.42021179199,0.06372031792081861,0.06343693212457202,0.06911861503340447,3322.7801735067187,3308.002646715473,3604.2815093708687,diff,simple,0.6,0.12833445958344983,30000.0,30000.0,1.0,1e-06,1.0,1.0,0.0,0.0,0.0,0.0,0.0,0.0,0.0,0,1.5,psi4,7,137.24918656807094,168.02794902337513,1007.3311589575333,2640.8271854293153,3308.4265439750475,28595.76806893239,2503.5779988612444,3140.3985949516723,27588.436909974855,3305.3352357501185,492.2924201620071,-107.707579837993,30000.290100097656,nan,nan,0.0,0.0,0.0
hybrid_diff,600.0,80.0,1.0,1.0,rayleigh,1.0,0.028130814138268814,0.2138907659724164,532.0,810.0,809.0,655.2899999999507,0.85,0.02391119201752849,80000.0,80000.0,80000.42021179199,0.213729144477248,0.20446737766433093,0.27581633204419354,9.048269253810666,8.656170365779968,11.676743679662177,diff,simple,0.6,0.12833445958344983,30000.0,30000.0,1.0,1e-06,1.0,1.0,0.0,0.0,0.0,0.0,0.0,0.0,0.0,0,1.5,psi4,7,137.24918656807094,168.02794902337513,1007.3311589575333,513.3255986332672,651.060059190255,5414.325330623162,376.0764120651962,483.0321101668799,4406.9941716656285,638.1624007441802,562.3807079880032,-37.619292011996805,30000.290100097656,0.06343693212457202,3308.002646715473,0.0,0.0,0.0
quant_noon2,600.0,80.0,1.0,1.0,rayleigh,1.0,0.028130814138268814,0.2138907659724164,532.0,810.0,809.0,0.405,0.85,0.02391119201752849,80000.0,80000.0,80000.42021179199,0.0637479850375657,0.06349317250735718,0.06908062597575985,2.0545259035025447,2.0463135820692964,2.226390926924725,noon2,simple,0.6,0.12833445958344983,30000.0,30000.0,1.0,1e-06,1.0,1.0,0.0,0.0,0.0,0.0,0.0,0.0,0.0,0,1.5,psi4,7,137.24918656807094,168.02794902337513,1007.3311589575333,64.16621172664024,79.7478101045907,497.2824237593032,-73.08297484143068,-88.28013891878443,-510.04873519823013,151.9155983976672,-14.960272257707548,-614.9602722577076,30000.243270874023,nan,nan,0.0,0.0,0.0
hybrid_noon2,600.0,80.0,1.0,1.0,rayleigh,1.0,0.028130814138268814,0.2138907659724164,532.0,810.0,809.0,0.405,0.85,0.02391119201752849,80000.0,80000.0,80000.42021179199,0.213729144477248,0.20446737766433093,0.27581633204419354,9.048269253810666,8.656170365779968,11.676743679662177,noon2,simple,0.6,0.12833445958344983,30000.0,30000.0,1.0,1e-06,1.0,1.0,0.0,0.0,0.0,0.0,0.0,0.0,0.0,0,1.5,psi4,7,137.24918656807094,168.02794902337513,1007.3311589575333,65.76681876145885,81.42092551264518,513.5525252608786,-71.48236780661209,-86.60702351072993,-493.77863369665465,133.31486630339995,60.721196816978946,-539.2788031830211,30000.243270874023,0.06349317250735718,2.0463135820692964,0.0,0.0,0.0
classical,600.0,80.0,1.0,1.0,rayleigh,1.0,0.028130814138268814,0.2138907659724164,532.0,810.0,809.0,655.2899999999507,0.85,0.02391119201752849,80000.0,80000.0,79998.96371459961,0.21419564169668404,0.20463220173267088,0.2767974396002784,9.068018513828223,8.66314822812764,11.718279078852198,-,simple,0.6,0.12833445958344983,30000.0,30000.0,1.0,1e-06,1.0,1.0,0.0,0.0,0.0,0.0,0.0,0.0,0.0,0,1.5,psi4,8,143.56337020262956,177.02052525272532,974.6939236570537,65.98923132800695,83.05184116191839,600.0210001586549,-77.57413887462259,-93.96868409080692,-374.67292349839875,133.28213715192157,61.555803346776145,-538.4441966532239,,,,,,
quant_diff,600.0,80.0,1.0,1.0,rayleigh,1.0,0.028130814138268814,0.2138907659724164,532.0,810.0,809.0,655.2899999999507,0.85,0.02391119201752849,80000.0,80000.0,79998.96371459961,0.0637498993719634,0.06355190867437721,0.06900649416650913,3324.3227373635023,3313.9982508269527,3598.43481861802,diff,simple,0.6,0.12833445958344983,30000.0,30000.0,1.0,1e-06,1.0,1.0,0.0,0.0,0.0,0.0,0.0,0.0,0.0,0,1.5,psi4,8,143.56337020262956,177.02052525272532,974.6939236570537,2635.4970649123425,3311.5826647080353,27526.895235301843,2491.933694709713,3134.56213945531,26552.201311644792,3308.745617939186,576.0377450618183,-23.962254938181722,29999.456161499023,nan,nan,0.0,0.0,0.0
hybrid_diff,600.0,80.0,1.0,1.0,rayleigh,1.0,0.028130814138268814,0.2138907659724164,532.0,810.0,809.0,655.2899999999507,0.85,0.02391119201752849,80000.0,80000.0,79998.96371459961,0.21419564169668404,0.20463220173267088,0.2767974396002784,9.068018513828223,8.66314822812764,11.718279078852198,diff,simple,0.6,0.12833445958344983,30000.0,30000.0,1.0,1e-06,1.0,1.0,0.0,0.0,0.0,0.0,0.0,0.0,0.0,0,1.5,psi4,8,143.56337020262956,177.02052525272532,974.6939236570537,519.6110275933323,653.5437739538265,5313.065026862076,376.0476573907028,476.5232487011012,4338.371103205021,642.3150632013484,585.1492589672288,-14.850741032771273,29999.456161499023,0.06355190867437721,3313.9982508269527,0.0,0.0,0.0
quant_noon2,600.0,80.0,1.0,1.0,rayleigh,1.0,0.028130814138268814,0.2138907659724164,532.0,810.0,809.0,0.405,0.85,0.02391119201752849,80000.0,80000.0,79998.96371459961,0.06374680692675794,0.06350292188371709,0.06908081881650444,2.0544879343154356,2.046627793510844,2.2263971419651654,noon2,simple,0.6,0.12833445958344983,30000.0,30000.0,1.0,1e-06,1.0,1.0,0.0,0.0,0.0,0.0,0.0,0.0,0.0,0,1.5,psi4,8,143.56337020262956,177.02052525272532,974.6939236570537,62.722751423009946,78.79144213812734,541.1033137065355,-80.8406187796196,-98.22908311459797,-433.5906099505182,151.85454409350274,-14.220606094051428,-614.2206060940515,29999.40167236328,nan,nan,0.0,0.0,0.0
hybrid_noon2,600.0,80.0,1.0,1.0,rayleigh,1.0,0.028130814138268814,0.2138907659724164,532.0,810.0,809.0,0.405,0.85,0.02391119201752849,80000.0,80000.0,79998.96371459961,0.21419564169668404,0.20463220173267088,0.2767974396002784,9.068018513828223,8.66314822812764,11.718279078852198,noon2,simple,0.6,0.12833445958344983,30000.0,30000.0,1.0,1e-06,1.0,1.0,0.0,0.0,0.0,0.0,0.0,0.0,0.0,0,1.5,psi4,8,143.56337020262956,177.02052525272532,974.6939236570537,65.98923132800695,83.05184116191839,600.0210001586552,-77.57413887462259,-93.96868409080692,-374.6729234983986,133.28213715192157,61.55580334677617,-538.4441966532239,29999.40167236328,0.06350292188371709,2.046627793510844,0.0,0.0,0.0
classical,600.0,80.0,1.0,1.0,rayleigh,1.0,0.028130814138268814,0.2138907659724164,532.0,810.0,809.0,655.2899999999507,0.85,0.02391119201752849,80000.0,80000.0,79999.56382751465,0.21469844556938886,0.2046714194266497,0.2777061664547952,9.089304823812851,8.664808517628645,11.756750225489439,-,simple,0.6,0.12833445958344983,30000.0,30000.0,1.0,1e-06,1.0,1.0,0.0,0.0,0.0,0.0,0.0,0.0,0.0,0,1.5,psi4,9,141.2691437645516,174.26078782856652,1057.6376551002966,66.06988861592403,82.65516727439322,607.443283981765,-75.19925514862756,-91.6056205541733,-450.1943711185314,133.36849591102734,60.926372757603104,-539.073627242397,,,,,,
quant_diff,600.0,80.0,1.0,1.0,rayleigh,1.0,0.028130814138268814,0.2138907659724164,532.0,810.0,809.0,655.2899999999507,0.85,0.02391119201752849,80000.0,80000.0,79999.56382751465,0.06376776413731733,0.06353592892293888,0.06913083314988679,3325.254319158122,3313.1649655736874,3604.918639198995,diff,simple,0.6,0.12833445958344983,30000.0,30000.0,1.0,1e-06,1.0,1.0,0.0,0.0,0.0,0.0,0.0,0.0,0.0,0,1.5,psi4,9,141.2691437645516,174.26078782856652,1057.6376551002966,2624.5298224294424,3293.490624625653,25933.260984223005,2483.2606786648907,3119.2298367970857,24875.62332912271,3288.130678074575,633.0323149348683,33.032314934868204,29999.78028869629,nan,nan,0.0,0.0,0.0
hybrid_diff,600.0,80.0,1.0,1.0,rayleigh,1.0,0.028130814138268814,0.2138907659724164,532.0,810.0,809.0,655.2899999999507,0.85,0.02391119201752849,80000.0,80000.0,79999.56382751465,0.21469844556938886,0.2046714194266497,0.2777061664547952,9.089304823812851,8.664808517628645,11.756750225489439,diff,simple,0.6,0.12833445958344983,30000.0,30000.0,1.0,1e-06,1.0,1.0,0.0,0.0,0.0,0.0,0.0,0.0,0.0,0,1.5,psi4,9,141.2691437645516,174.26078782856652,1057.6376551002966,534.8577929856461,676.3453875226684,5187.421240416851,393.58864922109456,502.0845996941018,4129.783585316554,653.2838239361644,560.7443600568007,-39.255639943199355,29999.78028869629,0.06353592892293888,3313.1649655736874,0.0,0.0,0.0
quant_noon2,600.0,80.0,1.0,1.0,rayleigh,1.0,0.028130814138268814,0.2138907659724164,532.0,810.0,809.0,0.405,0.85,0.02391119201752849,80000.0,80000.0,79999.56382751465,0.06371687998046607,0.06346478896577776,0.06899174652792686,2.053523422475051,2.04539881242797,2.2235264422236907,noon2,simple,0.6,0.12833445958344983,30000.0,30000.0,1.0,1e-06,1.0,1.0,0.0,0.0,0.0,0.0,0.0,0.0,0.0,0,1.5,psi4,9,141.2691437645516,174.26078782856652,1057.6376551002966,63.55831537466726,79.25690622323981,584.3864560381362,-77.71082838988433,-95.00388160532671,-473.25119906216025,151.908364685441,-15.097607178825815,-615.0976071788259,29999.735427856445,nan,nan,0.0,0.0,0.0
hybrid_noon2,600.0,80.0,1.0,1.0,rayleigh,1.0,0.028130814138268814,0.2138907659724164,532.0,810.0,809.0,0.405,0.85,0.02391119201752849,80000.0,80000.0,79999.56382751465,0.21469844556938886,0.2046714194266497,0.2777061664547952,9.089304823812851,8.664808517628645,11.756750225489439,noon2,simple,0.6,0.12833445958344983,30000.0,30000.0,1.0,1e-06,1.0,1.0,0.0,0.0,0.0,0.0,0.0,0.0,0.0,0,1.5,psi4,9,141.2691437645516,174.26078782856652,1057.6376551002966,66.06988861592403,82.65516727439322,607.443283981765,-75.19925514862756,-91.6056205541733,-450.1943711185314,133.36849591102734,60.92637275760301,-539.0736272423972,29999.735427856445,0.06346478896577776,2.04539881242797,0.0,0.0,0.0
classical,800.0,80.0,1.0,1.0,rayleigh,1.0,0.028130814138268814,0.2138907659724164,532.0,810.0,809.0,655.2899999999507,0.85,0.02391119201752849,80000.0,80000.0,79998.33389282227,0.21386726484834528,0.2040535861873633,0.27545595231270115,9.05411660939795,8.638652414694295,11.661486926297377,-,simple,0.6,0.12833445958344983,30000.0,30000.0,1.0,1e-06,1.0,1.0,0.0,0.0,0.0,0.0,0.0,0.0,0.0,0,1.5,psi4,0,174.07833244840458,210.62670837420285,1063.0466964865154,64.85419933438311,80.28060570432366,566.7705705714468,-109.22413311402146,-130.34610266987917,-496.2761259150687,199.82430380890932,-3.126287987602894,-803.126287987603,,,,,,
quant_diff,800.0,80.0,1.0,1.0,rayleigh,1.0,0.028130814138268814,0.2138907659724164,532.0,810.0,809.0,655.2899999999507,0.85,0.02391119201752849,80000.0,80000.0,79998.33389282227,0.0637075507552452,0.06344577247957375,0.06904331742839842,3322.1144127882626,3308.4636387080586,3600.3550162648944,diff,simple,0.6,0.12833445958344983,30000.0,30000.0,1.0,1e-06,1.0,1.0,0.0,0.0,0.0,0.0,0.0,0.0,0.0,0,1.5,psi4,0,174.07833244840458,210.62670837420285,1063.0466964865154,2660.417566362223,3334.62543509189,29151.914051466825,2486.339233913818,3123.998726717687,28088.86735498031,3325.188071117818,885.7376149532558,85.7376149532558,29999.0850982666,nan,nan,0.0,0.0,0.0
hybrid_diff,800.0,80.0,1.0,1.0,rayleigh,1.0,0.028130814138268814,0.2138907659724164,532.0,810.0,809.0,655.2899999999507,0.85,0.02391119201752849,80000.0,80000.0,79998.33389282227,0.21386726484834528,0.2040535861873633,0.27545595231270115,9.05411660939795,8.638652414694295,11.661486926297377,diff,simple,0.6,0.12833445958344983,30000.0,30000.0,1.0,1e-06,1.0,1.0,0.0,0.0,0.0,0.0,0.0,0.0,0.0,0,1.5,psi4,0,174.07833244840458,210.62670837420285,1063.0466964865154,552.7360076352282,684.8314384655564,4825.011384461679,378.65767518682367,474.20473009135355,3761.9646879751635,641.9408347940281,842.9318287624225,42.93182876242239,29999.0850982666,0.06344577247957375,3308.4636387080586,0.0,0.0,0.0
quant_noon2,800.0,80.0,1.0,1.0,rayleigh,1.0,0.028130814138268814,0.2138907659724164,532.0,810.0,809.0,0.405,0.85,0.02391119201752849,80000.0,80000.0,79998.33389282227,0.06368498007750864,0.06342946358482032,0.0690016775097624,2.052495324458987,2.0442603151062837,2.223846506605589,noon2,simple,0.6,0.12833445958344983,30000.0,30000.0,1.0,1e-06,1.0,1.0,0.0,0.0,0.0,0.0,0.0,0.0,0.0,0,1.5,psi4,0,174.07833244840458,210.62670837420285,1063.0466964865154,64.68118631437225,80.0044317084573,547.4078967134188,-109.39714613403233,-130.62227666574555,-515.6387997730966,202.48345680560982,-14.52963819373475,-814.5296381937347,29999.037368774414,nan,nan,0.0,0.0,0.0
hybrid_noon2,800.0,80.0,1.0,1.0,rayleigh,1.0,0.028130814138268814,0.2138907659724164,532.0,810.0,809.0,0.405,0.85,0.02391119201752849,80000.0,80000.0,79998.33389282227,0.21386726484834528,0.2040535861873633,0.27545595231270115,9.05411660939795,8.638652414694295,11.661486926297377,noon2,simple,0.6,0.12833445958344983,30000.0,30000.0,1.0,1e-06,1.0,1.0,0.0,0.0,0.0,0.0,0.0,0.0,0.0,0,1.5,psi4,0,174.07833244840458,210.62670837420285,1063.0466964865154,64.85419933438311,80.28060570432366,566.7705705714468,-109.22413311402147,-130.34610266987917,-496.2761259150687,199.82430380890932,-3.1262879876028915,-803.126287987603,29999.037368774414,0.06342946358482032,2.0442603151062837,0.0,0.0,0.0
classical,800.0,80.0,1.0,1.0,rayleigh,1.0,0.028130814138268814,0.2138907659724164,532.0,810.0,809.0,655.2899999999507,0.85,0.02391119201752849,80000.0,80000.0,80001.43492126465,0.21461059849132666,0.20481770736603835,0.27572255341203195,9.08558579888805,8.671001648974448,11.67277354112011,-,simple,0.6,0.12833445958344983,30000.0,30000.0,1.0,1e-06,1.0,1.0,0.0,0.0,0.0,0.0,0.0,0.0,0.0,0,1.5,psi4,1,176.51592970994787,213.11134414249113,1141.9482452536436,63.79252329565154,80.39378091636759,581.8645399489461,-112.72340641429632,-132.71756322612353,-560.0837053046974,199.838334841136,4.912975929838431,-795.0870240701616,,,,,,
quant_diff,800.0,80.0,1.0,1.0,rayleigh,1.0,0.028130814138268814,0.2138907659724164,532.0,810.0,809.0,655.2899999999507,0.85,0.02391119201752849,80000.0,80000.0,80001.43492126465,0.06377730660117772,0.06353538163648773,0.06912084310927441,3325.7519235448594,3313.136426598545,3604.3976953311294,diff,simple,0.6,0.12833445958344983,30000.0,30000.0,1.0,1e-06,1.0,1.0,0.0,0.0,0.0,0.0,0.0,0.0,0.0,0,1.5,psi4,1,176.51592970994787,213.11134414249113,1141.9482452536436,2636.542176028647,3296.841857301405,26158.50456596704,2460.0262463186996,3083.7305131589137,25016.556320713396,3288.8526679826386,795.0567380665071,-4.943261933492949,30000.887939453125,nan,nan,0.0,0.0,0.0
hybrid_diff,800.0,80.0,1.0,1.0,rayleigh,1.0,0.028130814138268814,0.2138907659724164,532.0,810.0,809.0,655.2899999999507,0.85,0.02391119201752849,80000.0,80000.0,80001.43492126465,0.21461059849132666,0.20481770736603835,0.27572255341203195,9.08558579888805,8.671001648974448,11.67277354112011,diff,simple,0.6,0.12833445958344983,30000.0,30000.0,1.0,1e-06,1.0,1.0,0.0,0.0,0.0,0.0,0.0,0.0,0.0,0,1.5,psi4,1,176.51592970994787,213.11134414249113,1141.9482452536436,532.8915028456528,674.0444909163867,5873.284011663152,356.37557313570494,460.93314677389566,4731.335766409508,639.809574877951,783.4211945587073,-16.578805441292797,30000.887939453125,0.06353538163648773,3313.136426598545,0.0,0.0,0.0
quant_noon2,800.0,80.0,1.0,1.0,rayleigh,1.0,0.028130814138268814,0.2138907659724164,532.0,810.0,809.0,0.405,0.85,0.02391119201752849,80000.0,80000.0,80001.43492126465,0.06376910888215727,0.06353693886234557,0.06910712123635099,2.0552067012700252,2.0477241224961436,2.227244839392271,noon2,simple,0.6,0.12833445958344983,30000.0,30000.0,1.0,1e-06,1.0,1.0,0.0,0.0,0.0,0.0,0.0,0.0,0.0,0,1.5,psi4,1,176.51592970994787,213.11134414249113,1141.9482452536436,63.55291527220237,80.10003537324991,564.4179941139296,-112.96301443774549,-133.0113087692412,-577.530251139714,202.49599175988865,-6.000667983105708,-806.0006679831058,30000.85804748535,nan,nan,0.0,0.0,0.0
hybrid_noon2,800.0,80.0,1.0,1.0,rayleigh,1.0,0.028130814138268814,0.2138907659724164,532.0,810.0,809.0,0.405,0.85,0.02391119201752849,80000.0,80000.0,80001.43492126465,0.21461059849132666,0.20481770736603835,0.27572255341203195,9.08558579888805,8.671001648974448,11.67277354112011,noon2,simple,0.6,0.12833445958344983,30000.0,30000.0,1.0,1e-06,1.0,1.0,0.0,0.0,0.0,0.0,0.0,0.0,0.0,0,1.5,psi4,1,176.51592970994787,213.11134414249113,1141.9482452536436,63.79252329565154,80.39378091636759,581.864539948946,-112.72340641429632,-132.71756322612353,-560.0837053046976,199.838334841136,4.912975929838462,-795.0870240701616,30000.85804748535,0.06353693886234557,2.0477241224961436,0.0,0.0,0.0
classical,800.0,80.0,1.0,1.0,rayleigh,1.0,0.028130814138268814,0.2138907659724164,532.0,810.0,809.0,655.2899999999507,0.85,0.02391119201752849,80000.0,80000.0,79999.88296508789,0.214258820257338,0.20464045826112892,0.27669130483469156,9.070693191768209,8.663497770033931,11.713785840746704,-,simple,0.6,0.12833445958344983,30000.0,30000.0,1.0,1e-06,1.0,1.0,0.0,0.0,0.0,0.0,0.0,0.0,0.0,0,1.5,psi4,2,183.31600097789558,219.60564652800684,1060.2755912601385,64.7702696860535,80.34672032091994,529.8653919781196,-118.54573129184209,-139.25892620708692,-530.4101992820189,199.58115174468549,9.622851323973824,-790.3771486760262,,,,,,
quant_diff,800.0,80.0,1.0,1.0,rayleigh,1.0,0.028130814138268814,0.2138907659724164,532.0,810.0,809.0,655.2899999999507,0.85,0.02391119201752849,80000.0,80000.0,79999.88296508789,0.0637566027987635,0.06353588136292672,0.06915661453800458,3324.672296411428,3313.16248549401,3606.2630437481025,diff,simple,0.6,0.12833445958344983,30000.0,30000.0,1.0,1e-06,1.0,1.0,0.0,0.0,0.0,0.0,0.0,0.0,0.0,0,1.5,psi4,2,183.31600097789558,219.60564652800684,1060.2755912601385,2648.442609943558,3326.3729887672703,26727.48025845962,2465.1266089656624,3106.7673422392636,25667.20466719948,3318.168619253517,876.6639561501653,76.66395615016523,29999.94273376465,nan,nan,0.0,0.0,0.0
hybrid_diff,800.0,80.0,1.0,1.0,rayleigh,1.0,0.028130814138268814,0.2138907659724164,532.0,810.0,809.0,655.2899999999507,0.85,0.02391119201752849,80000.0,80000.0,79999.88296508789,0.214258820257338,0.20464045826112892,0.27669130483469156,9.070693191768209,8.663497770033931,11.713785840746704,diff,simple,0.6,0.12833445958344983,30000.0,30000.0,1.0,1e-06,1.0,1.0,0.0,0.0,0.0,0.0,0.0,0.0,0.0,0,1.5,psi4,2,183.31600097789558,219.60564652800684,1060.2755912601385,520.2824567081926,657.8165975535643,5532.70733132158,336.966455730297,438.2109510255575,4472.431740061441,623.0600032481364,840.7684385284604,40.76843852846032,29999.94273376465,0.06353588136292672,3313.16248549401,0.0,0.0,0.0
quant_noon2,800.0,80.0,1.0,1.0,rayleigh,1.0,0.028130814138268814,0.2138907659724164,532.0,810.0,809.0,0.405,0.85,0.02391119201752849,80000.0,80000.0,79999.88296508789,0.06371300417873806,0.06346315885958902,0.06901273677836997,2.053398509741851,2.045346275937786,2.2242029344019287,noon2,simple,0.6,0.12833445958344983,30000.0,30000.0,1.0,1e-06,1.0,1.0,0.0,0.0,0.0,0.0,0.0,0.0,0.0,0,1.5,psi4,2,183.31600097789558,219.60564652800684,1060.2755912601385,64.3338720653819,79.59551060256878,507.3260067714612,-118.98212891251369,-140.01013592543808,-552.9495844886774,202.46908621558475,-2.470665123679623,-802.4706651236796,29999.92692565918,nan,nan,0.0,0.0,0.0
hybrid_noon2,800.0,80.0,1.0,1.0,rayleigh,1.0,0.028130814138268814,0.2138907659724164,532.0,810.0,809.0,0.405,0.85,0.02391119201752849,80000.0,80000.0,79999.88296508789,0.214258820257338,0.20464045826112892,0.27669130483469156,9.070693191768209,8.663497770033931,11.713785840746704,noon2,simple,0.6,0.12833445958344983,30000.0,30000.0,1.0,1e-06,1.0,1.0,0.0,0.0,0.0,0.0,0.0,0.0,0.0,0,1.5,psi4,2,183.31600097789558,219.60564652800684,1060.2755912601385,64.7702696860535,80.34672032091994,529.8653919781195,-118.54573129184209,-139.25892620708692,-530.410199282019,199.5811517446855,9.622851323973785,-790.3771486760263,29999.92692565918,0.06346315885958902,2.045346275937786,0.0,0.0,0.0
classical,800.0,80.0,1.0,1.0,rayleigh,1.0,0.028130814138268814,0.2138907659724164,532.0,810.0,809.0,655.2899999999507,0.85,0.02391119201752849,80000.0,80000.0,79998.9455871582,0.21388065417153646,0.20430571661850871,0.27673734898496766,9.05468344927211,8.649326410670195,11.7157351297418,-,simple,0.6,0.12833445958344983,30000.0,30000.0,1.0,1e-06,1.0,1.0,0.0,0.0,0.0,0.0,0.0,0.0,0.0,0,1.5,psi4,3,180.56653772330347,218.4939574956563,1145.7786346488124,65.03915224044141,80.44188404299086,526.5987128078395,-115.52738548286207,-138.05207345266544,-619.1799218409728,199.76953737369712,4.884874178889468,-795.1151258211106,,,,,,
quant_diff,800.0,80.0,1.0,1.0,rayleigh,1.0,0.028130814138268814,0.2138907659724164,532.0,810.0,809.0,655.2899999999507,0.85,0.02391119201752849,80000.0,80000.0,79998.9455871582,0.0637125854955557,0.06346635061109754,0.06905716968095058,3322.3769559743023,3309.5367125668554,3601.077360277614,diff,simple,0.6,0.12833445958344983,30000.0,30000.0,1.0,1e-06,1.0,1.0,0.0,0.0,0.0,0.0,0.0,0.0,0.0,0,1.5,psi4,3,180.56653772330347,218.4939574956563,1145.7786346488124,2669.824739302369,3355.2068230394366,26789.6499595834,2489.2582015790654,3136.7128655437805,25643.871324934586,3348.7696583536194,875.0177041234678,75.01770412346774,29999.44952392578,nan,nan,0.0,0.0,0.0
hybrid_diff,800.0,80.0,1.0,1.0,rayleigh,1.0,0.028130814138268814,0.2138907659724164,532.0,810.0,809.0,655.2899999999507,0.85,0.02391119201752849,80000.0,80000.0,79998.9455871582,0.21388065417153646,0.20430571661850871,0.27673734898496766,9.05468344927211,8.649326410670195,11.7157351297418,diff,simple,0.6,0.12833445958344983,30000.0,30000.0,1.0,1e-06,1.0,1.0,0.0,0.0,0.0,0.0,0.0,0.0,0.0,0,1.5,psi4,3,180.56653772330347,218.4939574956563,1145.7786346488124,557.177424094875,700.1154797873669,5203.055346016043,376.6108863715716,481.6215222917106,4057.2767113672303,673.5300021821447,842.7508470956493,42.75084709564922,29999.44952392578,0.06346635061109754,3309.5367125668554,0.0,0.0,0.0
quant_noon2,800.0,80.0,1.0,1.0,rayleigh,1.0,0.028130814138268814,0.2138907659724164,532.0,810.0,809.0,0.405,0.85,0.02391119201752849,80000.0,80000.0,79998.9455871582,0.063760533513626,0.0635192058598396,0.06910749780238698,2.054930326781182,2.0471526077576945,2.227256975692342,noon2,simple,0.6,0.12833445958344983,30000.0,30000.0,1.0,1e-06,1.0,1.0,0.0,0.0,0.0,0.0,0.0,0.0,0.0,0,1.5,psi4,3,180.56653772330347,218.4939574956563,1145.7786346488124,64.62044806992876,79.96278308646406,503.81523961310495,-115.94608965337473,-138.53117440919226,-641.9633950357073,202.48724356421394,-7.356028771065631,-807.3560287710657,29999.364959716797,nan,nan,0.0,0.0,0.0
hybrid_noon2,800.0,80.0,1.0,1.0,rayleigh,1.0,0.028130814138268814,0.2138907659724164,532.0,810.0,809.0,0.405,0.85,0.02391119201752849,80000.0,80000.0,79998.9455871582,0.21388065417153646,0.20430571661850871,0.27673734898496766,9.05468344927211,8.649326410670195,11.7157351297418,noon2,simple,0.6,0.12833445958344983,30000.0,30000.0,1.0,1e-06,1.0,1.0,0.0,0.0,0.0,0.0,0.0,0.0,0.0,0,1.5,psi4,3,180.56653772330347,218.4939574956563,1145.7786346488124,65.0391522404414,80.44188404299086,526.5987128078395,-115.52738548286209,-138.05207345266544,-619.1799218409728,199.76953737369712,4.884874178889361,-795.1151258211107,29999.364959716797,0.0635192058598396,2.0471526077576945,0.0,0.0,0.0
classical,800.0,80.0,1.0,1.0,rayleigh,1.0,0.028130814138268814,0.2138907659724164,532.0,810.0,809.0,655.2899999999507,0.85,0.02391119201752849,80000.0,80000.0,80001.60021972656,0.21389207961100348,0.2047010172214509,0.27563419391723754,9.055167147706845,8.666061546631006,11.669032822922853,-,simple,0.6,0.12833445958344983,30000.0,30000.0,1.0,1e-06,1.0,1.0,0.0,0.0,0.0,0.0,0.0,0.0,0.0,0,1.5,psi4,4,170.86788518460727,213.1172775508249,1174.2672944338044,64.9864669738688,80.35079998996929,516.0005103966196,-105.88141821073847,-132.76647756085563,-658.2667840371848,199.70800524567647,-14.687584217601149,-814.6875842176013,,,,,,
quant_diff,800.0,80.0,1.0,1.0,rayleigh,1.0,0.028130814138268814,0.2138907659724164,532.0,810.0,809.0,655.2899999999507,0.85,0.02391119201752849,80000.0,80000.0,80001.60021972656,0.06373360893798746,0.06351820963334234,0.06907761200374891,3323.473251158798,3312.2409698046577,3602.143352210974,diff,simple,0.6,0.12833445958344983,30000.0,30000.0,1.0,1e-06,1.0,1.0,0.0,0.0,0.0,0.0,0.0,0.0,0.0,0,1.5,psi4,4,170.86788518460727,213.1172775508249,1174.2672944338044,2641.133976275917,3300.3504196631243,26627.398179771368,2470.26609109131,3087.2331421122994,25453.130885337563,3294.618379251475,675.9942992394875,-124.00570076051258,30000.90835571289,nan,nan,0.0,0.0,0.0
hybrid_diff,800.0,80.0,1.0,1.0,rayleigh,1.0,0.028130814138268814,0.2138907659724164,532.0,810.0,809.0,655.2899999999507,0.85,0.02391119201752849,80000.0,80000.0,80001.60021972656,0.21389207961100348,0.2047010172214509,0.27563419391723754,9.055167147706845,8.666061546631006,11.669032822922853,diff,simple,0.6,0.12833445958344983,30000.0,30000.0,1.0,1e-06,1.0,1.0,0.0,0.0,0.0,0.0,0.0,0.0,0.0,0,1.5,psi4,4,170.86788518460727,213.1172775508249,1174.2672944338044,518.4242600151696,658.9544312473806,5504.508206464485,347.55637483056233,445.8371536965558,4330.24091203068,637.1453727212743,726.5771570213602,-73.4228429786398,30000.90835571289,0.06351820963334234,3312.2409698046577,0.0,0.0,0.0
quant_noon2,800.0,80.0,1.0,1.0,rayleigh,1.0,0.028130814138268814,0.2138907659724164,532.0,810.0,809.0,0.405,0.85,0.02391119201752849,80000.0,80000.0,80001.60021972656,0.06379205985756266,0.06356603397329569,0.06913139206500955,2.0559463854098965,2.048661825218466,2.228027060918946,noon2,simple,0.6,0.12833445958344983,30000.0,30000.0,1.0,1e-06,1.0,1.0,0.0,0.0,0.0,0.0,0.0,0.0,0.0,0,1.5,psi4,4,170.86788518460727,213.1172775508249,1174.2672944338044,64.77586771715298,80.0152881256265,497.1422185723789,-106.0920174674543,-133.10198942519844,-677.1250758614254,202.47478265255643,-27.756636003379505,-827.7566360033795,30000.858505249023,nan,nan,0.0,0.0,0.0
hybrid_noon2,800.0,80.0,1.0,1.0,rayleigh,1.0,0.028130814138268814,0.2138907659724164,532.0,810.0,809.0,0.405,0.85,0.02391119201752849,80000.0,80000.0,80001.60021972656,0.21389207961100348,0.2047010172214509,0.27563419391723754,9.055167147706845,8.666061546631006,11.669032822922853,noon2,simple,0.6,0.12833445958344983,30000.0,30000.0,1.0,1e-06,1.0,1.0,0.0,0.0,0.0,0.0,0.0,0.0,0.0,0,1.5,psi4,4,170.86788518460727,213.1172775508249,1174.2672944338044,64.98646697386879,80.35079998996929,516.0005103966198,-105.88141821073849,-132.76647756085563,-658.2667840371846,199.70800524567647,-14.687584217601128,-814.6875842176012,30000.858505249023,0.06356603397329569,2.048661825218466,0.0,0.0,0.0
classical,800.0,80.0,1.0,1.0,rayleigh,1.0,0.028130814138268814,0.2138907659724164,532.0,810.0,809.0,655.2899999999507,0.85,0.02391119201752849,80000.0,80000.0,80000.13800048828,0.21445527765706263,0.205039698832443,0.2771884334788183,9.079010257996869,8.680399705402316,11.734831888710083,-,simple,0.6,0.12833445958344983,30000.0,30000.0,1.0,1e-06,1.0,1.0,0.0,0.0,0.0,0.0,0.0,0.0,0.0,0,1.5,psi4,5,174.74304093263183,213.29133680767788,1080.3094057265864,64.24617665133339,79.29469592001455,510.723834476573,-110.49686428129843,-133.99664088766332,-569.5855712500133,199.66178494335466,-14.000856739917959,-814.000856739918,,,,,,
quant_diff,800.0,80.0,1.0,1.0,rayleigh,1.0,0.028130814138268814,0.2138907659724164,532.0,810.0,809.0,655.2899999999507,0.85,0.02391119201752849,80000.0,80000.0,80000.13800048828,0.06377460662640375,0.06355097674070433,0.06913820635604596,3325.611129792714,3313.949653914189,3605.3031247765994,diff,simple,0.6,0.12833445958344983,30000.0,30000.0,1.0,1e-06,1.0,1.0,0.0,0.0,0.0,0.0,0.0,0.0,0.0,0,1.5,psi4,5,174.74304093263183,213.29133680767788,1080.3094057265864,2665.844420643425,3321.7631162321736,25944.64330906748,2491.1013797107935,3108.4717794244957,24864.333903340896,3316.9249399065607,738.0774940108635,-61.92250598913659,30000.061813354492,nan,nan,0.0,0.0,0.0
hybrid_diff,800.0,80.0,1.0,1.0,rayleigh,1.0,0.028130814138268814,0.2138907659724164,532.0,810.0,809.0,655.2899999999507,0.85,0.02391119201752849,80000.0,80000.0,80000.13800048828,0.21445527765706263,0.205039698832443,0.2771884334788183,9.079010257996869,8.680399705402316,11.734831888710083,diff,simple,0.6,0.12833445958344983,30000.0,30000.0,1.0,1e-06,1.0,1.0,0.0,0.0,0.0,0.0,0.0,0.0,0.0,0,1.5,psi4,5,174.74304093263183,213.29133680767788,1080.3094057265864,528.151549193845,664.0165737940175,5414.422988461061,353.4085082612131,450.7252369863396,4334.113582734475,645.576375970597,739.1363778364322,-60.863622163567875,30000.061813354492,0.06355097674070433,3313.949653914189,0.0,0.0,0.0
quant_noon2,800.0,80.0,1.0,1.0,rayleigh,1.0,0.028130814138268814,0.2138907659724164,532.0,810.0,809.0,0.405,0.85,0.02391119201752849,80000.0,80000.0,80000.13800048828,0.06375943324282571,0.06353489869821284,0.06915491985310016,2.0548948662900193,2.047658370299339,2.22878533508331,noon2,simple,0.6,0.12833445958344983,30000.0,30000.0,1.0,1e-06,1.0,1.0,0.0,0.0,0.0,0.0,0.0,0.0,0.0,0,1.5,psi4,5,174.74304093263183,213.29133680767788,1080.3094057265864,63.99123275039925,78.82969154864948,496.94105407782274,-110.75180818223258,-134.4616452590284,-583.3683516487636,202.49646016846705,-25.884535417179283,-825.8845354171793,30000.025924682617,nan,nan,0.0,0.0,0.0
hybrid_noon2,800.0,80.0,1.0,1.0,rayleigh,1.0,0.028130814138268814,0.2138907659724164,532.0,810.0,809.0,0.405,0.85,0.02391119201752849,80000.0,80000.0,80000.13800048828,0.21445527765706263,0.205039698832443,0.2771884334788183,9.079010257996869,8.680399705402316,11.734831888710083,noon2,simple,0.6,0.12833445958344983,30000.0,30000.0,1.0,1e-06,1.0,1.0,0.0,0.0,0.0,0.0,0.0,0.0,0.0,0,1.5,psi4,5,174.74304093263183,213.29133680767788,1080.3094057265864,64.24617665133339,79.29469592001455,510.723834476573,-110.49686428129843,-133.99664088766332,-569.5855712500133,199.66178494335466,-14.000856739917978,-814.000856739918,30000.025924682617,0.06353489869821284,2.047658370299339,0.0,0.0,0.0
classical,800.0,80.0,1.0,1.0,rayleigh,1.0,0.028130814138268814,0.2138907659724164,532.0,810.0,809.0,655.2899999999507,0.85,0.02391119201752849,80000.0,80000.0,79997.2054901123,0.21397174397241203,0.20478875025266452,0.27531951185093684,9.058539755563954,8.66977574335797,11.655710690032654,-,simple,0.6,0.12833445958344983,30000.0,30000.0,1.0,1e-06,1.0,1.0,0.0,0.0,0.0,0.0,0.0,0.0,0.0,0,1.5,psi4,6,176.30223289605732,215.40154437818973,1166.7690594810463,64.41615028404208,80.32104428559899,541.6862358218046,-111.88608261201524,-135.08050009259074,-625.0828236592415,199.68942140241242,-2.1033740163431833,-802.1033740163433,,,,,,
quant_diff,800.0,80.0,1.0,1.0,rayleigh,1.0,0.028130814138268814,0.2138907659724164,532.0,810.0,809.0,655.2899999999507,0.85,0.02391119201752849,80000.0,80000.0,79997.2054901123,0.06376578254805543,0.06352808151063424,0.06916422998847489,3325.150986567728,3312.755751890045,3606.660161475395,diff,simple,0.6,0.12833445958344983,30000.0,30000.0,1.0,1e-06,1.0,1.0,0.0,0.0,0.0,0.0,0.0,0.0,0.0,0,1.5,psi4,6,176.30223289605732,215.40154437818973,1166.7690594810463,2669.0898845190877,3350.3937561876687,26361.30493914065,2492.7876516230303,3134.9922118094787,25194.535879659605,3340.351964741729,660.6364532048334,-139.36354679516668,29999.377853393555,nan,nan,0.0,0.0,0.0
hybrid_diff,800.0,80.0,1.0,1.0,rayleigh,1.0,0.028130814138268814,0.2138907659724164,532.0,810.0,809.0,655.2899999999507,0.85,0.02391119201752849,80000.0,80000.0,79997.2054901123,0.21397174397241203,0.20478875025266452,0.27531951185093684,9.058539755563954,8.66977574335797,11.655710690032654,diff,simple,0.6,0.12833445958344983,30000.0,30000.0,1.0,1e-06,1.0,1.0,0.0,0.0,0.0,0.0,0.0,0.0,0.0,0,1.5,psi4,6,176.30223289605732,215.40154437818973,1166.7690594810463,558.3471568184735,701.261807772117,5629.835928658799,382.0449239224162,485.8602633939273,4463.066869177753,657.2619269769581,711.4964695147876,-88.50353048521252,29999.377853393555,0.06352808151063424,3312.755751890045,0.0,0.0,0.0
quant_noon2,800.0,80.0,1.0,1.0,rayleigh,1.0,0.028130814138268814,0.2138907659724164,532.0,810.0,809.0,0.405,0.85,0.02391119201752849,80000.0,80000.0,79997.2054901123,0.0637669175904553,0.06352415139816134,0.06914100740176135,2.055136078401535,2.047311996898901,2.228336952414588,noon2,simple,0.6,0.12833445958344983,30000.0,30000.0,1.0,1e-06,1.0,1.0,0.0,0.0,0.0,0.0,0.0,0.0,0.0,0,1.5,psi4,6,176.30223289605732,215.40154437818973,1166.7690594810463,64.12328768906701,79.88677236323504,522.6779004089988,-112.1789452069903,-135.51477201495467,-644.0911590720475,202.49562376869386,-14.219092075439514,-814.2190920754396,29999.428619384766,nan,nan,0.0,0.0,0.0
hybrid_noon2,800.0,80.0,1.0,1.0,rayleigh,1.0,0.028130814138268814,0.2138907659724164,532.0,810.0,809.0,0.405,0.85,0.02391119201752849,80000.0,80000.0,79997.2054901123,0.21397174397241203,0.20478875025266452,0.27531951185093684,9.058539755563954,8.66977574335797,11.655710690032654,noon2,simple,0.6,0.12833445958344983,30000.0,30000.0,1.0,1e-06,1.0,1.0,0.0,0.0,0.0,0.0,0.0,0.0,0.0,0,1.5,psi4,6,176.30223289605732,215.40154437818973,1166.7690594810463,64.41615028404208,80.32104428559899,541.6862358218048,-111.88608261201524,-135.08050009259074,-625.0828236592414,199.68942140241242,-2.1033740163432064,-802.1033740163433,29999.428619384766,0.06352415139816134,2.047311996898901,0.0,0.0,0.0
classical,800.0,80.0,1.0,1.0,rayleigh,1.0,0.028130814138268814,0.2138907659724164,532.0,810.0,809.0,655.2899999999507,0.85,0.02391119201752849,80000.0,80000.0,80000.39685058594,0.21405747937653458,0.20526305850533874,0.27567247215361707,9.062169382318801,8.689855685145963,11.670653340284533,-,simple,0.6,0.12833445958344983,30000.0,30000.0,1.0,1e-06,1.0,1.0,0.0,0.0,0.0,0.0,0.0,0.0,0.0,0,1.5,psi4,7,175.50348702129085,213.37501551589554,1204.9872658976542,64.41511723055373,80.08108153633457,510.52611302013736,-111.08836979073712,-133.29393397956096,-694.4611528775168,199.64708467206444,-5.328194685942993,-805.3281946859431,,,,,,
quant_diff,800.0,80.0,1.0,1.0,rayleigh,1.0,0.028130814138268814,0.2138907659724164,532.0,810.0,809.0,655.2899999999507,0.85,0.02391119201752849,80000.0,80000.0,80000.39685058594,0.06371591120626291,0.06341386789097188,0.069039689644906,3322.55037955349,3306.7999317789445,3600.1658407011855,diff,simple,0.6,0.12833445958344983,30000.0,30000.0,1.0,1e-06,1.0,1.0,0.0,0.0,0.0,0.0,0.0,0.0,0.0,0,1.5,psi4,7,175.50348702129085,213.37501551589554,1204.9872658976542,2649.1841010817943,3320.1309702966987,26314.551179331113,2473.6806140605036,3106.755954780803,25109.56391343346,3316.051691475123,705.7037485145798,-94.29625148542023,30000.328582763672,nan,nan,0.0,0.0,0.0
hybrid_diff,800.0,80.0,1.0,1.0,rayleigh,1.0,0.028130814138268814,0.2138907659724164,532.0,810.0,809.0,655.2899999999507,0.85,0.02391119201752849,80000.0,80000.0,80000.39685058594,0.21405747937653458,0.20526305850533874,0.27567247215361707,9.062169382318801,8.689855685145963,11.670653340284533,diff,simple,0.6,0.12833445958344983,30000.0,30000.0,1.0,1e-06,1.0,1.0,0.0,0.0,0.0,0.0,0.0,0.0,0.0,0,1.5,psi4,7,175.50348702129085,213.37501551589554,1204.9872658976542,516.0545783114873,653.9847511960622,5496.305022704379,340.5510912901964,440.60973568016675,4291.317756806724,636.6585995054144,760.0441861335821,-39.955813866417984,30000.328582763672,0.06341386789097188,3306.7999317789445,0.0,0.0,0.0
quant_noon2,800.0,80.0,1.0,1.0,rayleigh,1.0,0.028130814138268814,0.2138907659724164,532.0,810.0,809.0,0.405,0.85,0.02391119201752849,80000.0,80000.0,80000.39685058594,0.06374704385356753,0.0634901212680464,0.06905696413710714,2.0544955702001975,2.0462152440559755,2.22562833246142,noon2,simple,0.6,0.12833445958344983,30000.0,30000.0,1.0,1e-06,1.0,1.0,0.0,0.0,0.0,0.0,0.0,0.0,0.0,0,1.5,psi4,7,175.50348702129085,213.37501551589554,1204.9872658976542,64.18483176863627,79.76632687065087,498.6744476701217,-111.3186552526546,-133.60868864524468,-706.3128182275325,202.50741519870502,-17.783907169622267,-817.7839071696224,30000.23570251465,nan,nan,0.0,0.0,0.0
hybrid_noon2,800.0,80.0,1.0,1.0,rayleigh,1.0,0.028130814138268814,0.2138907659724164,532.0,810.0,809.0,0.405,0.85,0.02391119201752849,80000.0,80000.0,80000.39685058594,0.21405747937653458,0.20526305850533874,0.27567247215361707,9.062169382318801,8.689855685145963,11.670653340284533,noon2,simple,0.6,0.12833445958344983,30000.0,30000.0,1.0,1e-06,1.0,1.0,0.0,0.0,0.0,0.0,0.0,0.0,0.0,0,1.5,psi4,7,175.50348702129085,213.37501551589554,1204.9872658976542,64.41511723055373,80.08108153633457,510.52611302013725,-111.08836979073712,-133.29393397956096,-694.461152877517,199.64708467206447,-5.32819468594303,-805.3281946859431,30000.23570251465,0.0634901212680464,2.0462152440559755,0.0,0.0,0.0
classical,800.0,80.0,1.0,1.0,rayleigh,1.0,0.028130814138268814,0.2138907659724164,532.0,810.0,809.0,655.2899999999507,0.85,0.02391119201752849,80000.0,80000.0,79998.98527526855,0.21501011370804962,0.20578617050291864,0.2768794719933016,9.102499361428833,8.71200174396063,11.721751937836517,-,simple,0.6,0.12833445958344983,30000.0,30000.0,1.0,1e-06,1.0,1.0,0.0,0.0,0.0,0.0,0.0,0.0,0.0,0,1.5,psi4,8,182.3307035147117,222.93773030691537,1145.1104985772104,63.36030722678514,79.61571516004727,567.4663324278321,-118.97039628792656,-143.3220151468681,-577.6441661493783,199.65297356276577,-4.810287191225172,-804.8102871912253,,,,,,
quant_diff,800.0,80.0,1.0,1.0,rayleigh,1.0,0.028130814138268814,0.2138907659724164,532.0,810.0,809.0,655.2899999999507,0.85,0.02391119201752849,80000.0,80000.0,79998.98527526855,0.06374627525587033,0.06349546695052355,0.06909064938415,3324.1337530411784,3311.055022558498,3602.8232036386617,diff,simple,0.6,0.12833445958344983,30000.0,30000.0,1.0,1e-06,1.0,1.0,0.0,0.0,0.0,0.0,0.0,0.0,0.0,0,1.5,psi4,8,182.3307035147117,222.93773030691537,1145.1104985772104,2647.6441862297397,3330.405537771564,25360.145936290864,2465.313482715028,3107.4678074646486,24215.035437713654,3326.531067709791,771.8876969333444,-28.112303066655716,29999.401733398438,nan,nan,0.0,0.0,0.0
hybrid_diff,800.0,80.0,1.0,1.0,rayleigh,1.0,0.028130814138268814,0.2138907659724164,532.0,810.0,809.0,655.2899999999507,0.85,0.02391119201752849,80000.0,80000.0,79998.98527526855,0.21501011370804962,0.20578617050291864,0.2768794719933016,9.102499361428833,8.71200174396063,11.721751937836517,diff,simple,0.6,0.12833445958344983,30000.0,30000.0,1.0,1e-06,1.0,1.0,0.0,0.0,0.0,0.0,0.0,0.0,0.0,0,1.5,psi4,8,182.3307035147117,222.93773030691537,1145.1104985772104,533.5135511063477,669.9088911888568,5590.968630567208,351.18284759163606,446.9711608819414,4445.858131989997,651.8328615703133,743.7303181233577,-56.26968187664238,29999.401733398438,0.06349546695052355,3311.055022558498,0.0,0.0,0.0
quant_noon2,800.0,80.0,1.0,1.0,rayleigh,1.0,0.028130814138268814,0.2138907659724164,532.0,810.0,809.0,0.405,0.85,0.02391119201752849,80000.0,80000.0,79998.98527526855,0.06374358638679217,0.06349706204341923,0.06905898758003073,2.054384139932303,2.046438937444645,2.225693545752449,noon2,simple,0.6,0.12833445958344983,30000.0,30000.0,1.0,1e-06,1.0,1.0,0.0,0.0,0.0,0.0,0.0,0.0,0.0,0,1.5,psi4,8,182.3307035147117,222.93773030691537,1145.1104985772104,62.73310076263745,78.7804363590068,540.4444824035883,-119.59760275207425,-144.15729394790858,-604.6660161736221,202.46644561329651,-16.619111290779983,-816.6191112907801,29999.43487548828,nan,nan,0.0,0.0,0.0
hybrid_noon2,800.0,80.0,1.0,1.0,rayleigh,1.0,0.028130814138268814,0.2138907659724164,532.0,810.0,809.0,0.405,0.85,0.02391119201752849,80000.0,80000.0,79998.98527526855,0.21501011370804962,0.20578617050291864,0.2768794719933016,9.102499361428833,8.71200174396063,11.721751937836517,noon2,simple,0.6,0.12833445958344983,30000.0,30000.0,1.0,1e-06,1.0,1.0,0.0,0.0,0.0,0.0,0.0,0.0,0.0,0,1.5,psi4,8,182.3307035147117,222.93773030691537,1145.1104985772104,63.36030722678514,79.61571516004727,567.4663324278322,-118.97039628792656,-143.3220151468681,-577.6441661493782,199.65297356276577,-4.810287191225172,-804.8102871912253,29999.43487548828,0.06349706204341923,2.046438937444645,0.0,0.0,0.0
classical,800.0,80.0,1.0,1.0,rayleigh,1.0,0.028130814138268814,0.2138907659724164,532.0,810.0,809.0,655.2899999999507,0.85,0.02391119201752849,80000.0,80000.0,79999.5149230957,0.21481156286439784,0.20534169137844915,0.27720822747553214,9.094093668801714,8.693184624724344,11.73566987181395,-,simple,0.6,0.12833445958344983,30000.0,30000.0,1.0,1e-06,1.0,1.0,0.0,0.0,0.0,0.0,0.0,0.0,0.0,0,1.5,psi4,9,179.05394133173743,219.9755758439515,1228.6620380364232,64.0468480689915,79.88093693496025,587.4719453922565,-115.00709326274595,-140.09463890899127,-641.1900926441666,199.61471191452128,-5.566656184010868,-805.566656184011,,,,,,
quant_diff,800.0,80.0,1.0,1.0,rayleigh,1.0,0.028130814138268814,0.2138907659724164,532.0,810.0,809.0,655.2899999999507,0.85,0.02391119201752849,80000.0,80000.0,79999.5149230957,0.06376719379573505,0.06353486500936976,0.06914424940988577,3325.224577942704,3313.1094863948447,3605.61824780394,diff,simple,0.6,0.12833445958344983,30000.0,30000.0,1.0,1e-06,1.0,1.0,0.0,0.0,0.0,0.0,0.0,0.0,0.0,0,1.5,psi4,9,179.05394133173743,219.9755758439515,1228.6620380364232,2633.1494469403974,3305.959414860477,25672.098969451898,2454.09550560866,3085.9838390165255,24443.436931415472,3297.8185703075915,806.4296821432957,6.429682143295683,29999.76235961914,nan,nan,0.0,0.0,0.0
hybrid_diff,800.0,80.0,1.0,1.0,rayleigh,1.0,0.028130814138268814,0.2138907659724164,532.0,810.0,809.0,655.2899999999507,0.85,0.02391119201752849,80000.0,80000.0,79999.5149230957,0.21481156286439784,0.20534169137844915,0.27720822747553214,9.094093668801714,8.693184624724344,11.73566987181395,diff,simple,0.6,0.12833445958344983,30000.0,30000.0,1.0,1e-06,1.0,1.0,0.0,0.0,0.0,0.0,0.0,0.0,0.0,0,1.5,psi4,9,179.05394133173743,219.9755758439515,1228.6620380364232,532.5257950963284,679.7032235479192,5667.339284801528,353.4718537645909,459.72764770396765,4438.677246765104,645.4955518558224,738.1881349559999,-61.81186504400022,29999.76235961914,0.06353486500936976,3313.1094863948447,0.0,0.0,0.0
quant_noon2,800.0,80.0,1.0,1.0,rayleigh,1.0,0.028130814138268814,0.2138907659724164,532.0,810.0,809.0,0.405,0.85,0.02391119201752849,80000.0,80000.0,79999.5149230957,0.06368948449201126,0.0634344535146603,0.06899799883191134,2.052640496675336,2.0444211349362265,2.223727946953371,noon2,simple,0.6,0.12833445958344983,30000.0,30000.0,1.0,1e-06,1.0,1.0,0.0,0.0,0.0,0.0,0.0,0.0,0.0,0,1.5,psi4,9,179.05394133173743,219.9755758439515,1228.6620380364232,63.56708724880295,79.25917450710428,584.9076030154512,-115.4868540829345,-140.7164013368472,-643.754435020972,202.49765886607304,-17.678702374472305,-817.6787023744723,29999.790405273438,nan,nan,0.0,0.0,0.0
hybrid_noon2,800.0,80.0,1.0,1.0,rayleigh,1.0,0.028130814138268814,0.2138907659724164,532.0,810.0,809.0,0.405,0.85,0.02391119201752849,80000.0,80000.0,79999.5149230957,0.21481156286439784,0.20534169137844915,0.27720822747553214,9.094093668801714,8.693184624724344,11.73566987181395,noon2,simple,0.6,0.12833445958344983,30000.0,30000.0,1.0,1e-06,1.0,1.0,0.0,0.0,0.0,0.0,0.0,0.0,0.0,0,1.5,psi4,9,179.05394133173743,219.9755758439515,1228.6620380364232,64.0468480689915,79.88093693496025,587.4719453922565,-115.00709326274595,-140.09463890899127,-641.1900926441666,199.61471191452128,-5.56665618401083,-805.566656184011,29999.790405273438,0.0634344535146603,2.0444211349362265,0.0,0.0,0.0
