Sa_est_nm,Sa_true_bw_nm,Sa_true_nm,Sq_est_nm,Sq_true_bw_nm,Sq_true_nm,Sz_est_nm,Sz_true_bw_nm,Sz_true_nm,bias_Sa_bw_nm,bias_Sa_nm,bias_Sq_bw_nm,bias_Sq_nm,bias_Sz_bw_nm,bias_Sz_nm,deadtime1_s,deadtime2_s,file,height_rmse_nm,lambda1_nm,lambda2_nm,lambda_class_nm,lambda_eff_nm,material,material_code,method,nx,ny,rep,sample_group,stem,sur_resample,treatment,treatment_code,unwrap_method
683.8428874697526,364.8550085944905,382.78488492918075,888.3203798620416,522.5751367826276,924.2360826616774,7047.633614698528,12115.076009263661,44222.947324976805,318.987878875262,301.0580025405718,365.74524307941397,-35.91570279963578,-5067.442394565132,-37175.31371027828,0.0,0.0,/Users/dawid/Library/Mobile Documents/com~apple~CloudDocs/Dokumenty/Publikacje własne/Manuscripts/Quantum_interference/data/1.4301_oselkowane.sur,1038.704396770455,810.0000000000001,809.0,532.0,655289.9999999508,Stainless steel 1.4301 (AISI 304),1.4301,classical,256,256,0,,1.4301_oselkowane,area,Honed,oselkowane,simple
679.8306874334279,364.8550085944905,382.78488492918075,879.878726131237,522.5751367826276,924.2360826616774,14620.42876313831,12115.076009263661,44222.947324976805,314.97567883893737,297.04580250424715,357.30358934860936,-44.357356530440356,2505.3527538746494,-29602.518561838493,0.0,0.0,/Users/dawid/Library/Mobile Documents/com~apple~CloudDocs/Dokumenty/Publikacje własne/Manuscripts/Quantum_interference/data/1.4301_oselkowane.sur,708.1438366915752,810.0000000000001,809.0,532.0,655289.9999999508,Stainless steel 1.4301 (AISI 304),1.4301,quantum_like,256,256,0,,1.4301_oselkowane,area,Honed,oselkowane,simple
354.6838487778233,364.8550085944905,382.78488492918075,463.31724604418224,522.5751367826276,924.2360826616774,6424.146701468027,12115.076009263661,44222.947324976805,-10.171159816667252,-28.101036151357476,-59.257890738445376,-460.9188366174951,-5690.929307795634,-37798.800623508774,0.0,0.0,/Users/dawid/Library/Mobile Documents/com~apple~CloudDocs/Dokumenty/Publikacje własne/Manuscripts/Quantum_interference/data/1.4301_oselkowane.sur,273.4490420126761,810.0000000000001,809.0,532.0,655289.9999999508,Stainless steel 1.4301 (AISI 304),1.4301,hybrid,256,256,0,,1.4301_oselkowane,area,Honed,oselkowane,simple
685.3468730891894,364.8550085944905,382.78488492918075,891.0250670375091,522.5751367826276,924.2360826616774,7071.959517929526,12115.076009263661,44222.947324976805,320.49186449469886,302.56198816000864,368.44993025488145,-33.211015624168304,-5043.1164913341345,-37150.98780704728,0.0,0.0,/Users/dawid/Library/Mobile Documents/com~apple~CloudDocs/Dokumenty/Publikacje własne/Manuscripts/Quantum_interference/data/1.4301_oselkowane.sur,1040.3356406882085,810.0000000000001,809.0,532.0,655289.9999999508,Stainless steel 1.4301 (AISI 304),1.4301,classical,256,256,1,,1.4301_oselkowane,area,Honed,oselkowane,simple
681.8369042555107,364.8550085944905,382.78488492918075,882.6015475189138,522.5751367826276,924.2360826616774,14627.86030748635,12115.076009263661,44222.947324976805,316.98189566102013,299.0520193263299,360.02641073628615,-41.63453514276356,2512.7842982226894,-29595.087017490452,0.0,0.0,/Users/dawid/Library/Mobile Documents/com~apple~CloudDocs/Dokumenty/Publikacje własne/Manuscripts/Quantum_interference/data/1.4301_oselkowane.sur,709.6607458060931,810.0000000000001,809.0,532.0,655289.9999999508,Stainless steel 1.4301 (AISI 304),1.4301,quantum_like,256,256,1,,1.4301_oselkowane,area,Honed,oselkowane,simple
356.30175435771275,364.8550085944905,382.78488492918075,464.5716401092255,522.5751367826276,924.2360826616774,6795.160948297816,12115.076009263661,44222.947324976805,-8.553254236777796,-26.483130571468017,-58.00349667340215,-459.6644425524519,-5319.9150609658445,-37427.78637667899,0.0,0.0,/Users/dawid/Library/Mobile Documents/com~apple~CloudDocs/Dokumenty/Publikacje własne/Manuscripts/Quantum_interference/data/1.4301_oselkowane.sur,274.30777272540524,810.0000000000001,809.0,532.0,655289.9999999508,Stainless steel 1.4301 (AISI 304),1.4301,hybrid,256,256,1,,1.4301_oselkowane,area,Honed,oselkowane,simple
680.2003542900858,364.8550085944905,382.78488492918075,885.0624423282244,522.5751367826276,924.2360826616774,7071.871970394509,12115.076009263661,44222.947324976805,315.34534569559526,297.41546936090504,362.4873055455967,-39.173640333453015,-5043.204038869151,-37151.075354582295,0.0,0.0,/Users/dawid/Library/Mobile Documents/com~apple~CloudDocs/Dokumenty/Publikacje własne/Manuscripts/Quantum_interference/data/1.4301_oselkowane.sur,1034.7657128665373,810.0000000000001,809.0,532.0,655289.9999999508,Stainless steel 1.4301 (AISI 304),1.4301,classical,256,256,2,,1.4301_oselkowane,area,Honed,oselkowane,simple
681.6349477532974,364.8550085944905,382.78488492918075,881.2237569800366,522.5751367826276,924.2360826616774,13982.396280240206,12115.076009263661,44222.947324976805,316.7799391588069,298.85006282411666,358.648620197409,-43.01232568164074,1867.320270976546,-30240.551044736596,0.0,0.0,/Users/dawid/Library/Mobile Documents/com~apple~CloudDocs/Dokumenty/Publikacje własne/Manuscripts/Quantum_interference/data/1.4301_oselkowane.sur,709.2181500857129,810.0000000000001,809.0,532.0,655289.9999999508,Stainless steel 1.4301 (AISI 304),1.4301,quantum_like,256,256,2,,1.4301_oselkowane,area,Honed,oselkowane,simple
352.5998878586376,364.8550085944905,382.78488492918075,459.9642672413715,522.5751367826276,924.2360826616774,6786.144881394305,12115.076009263661,44222.947324976805,-12.25512073585295,-30.184997070543172,-62.61086954125615,-464.27181542030587,-5328.931127869355,-37436.8024435825,0.0,0.0,/Users/dawid/Library/Mobile Documents/com~apple~CloudDocs/Dokumenty/Publikacje własne/Manuscripts/Quantum_interference/data/1.4301_oselkowane.sur,271.2312357865063,810.0000000000001,809.0,532.0,655289.9999999508,Stainless steel 1.4301 (AISI 304),1.4301,hybrid,256,256,2,,1.4301_oselkowane,area,Honed,oselkowane,simple
685.3840420665479,364.8550085944905,382.78488492918075,890.9330977362032,522.5751367826276,924.2360826616774,7046.464317292296,12115.076009263661,44222.947324976805,320.5290334720573,302.59915713736706,368.3579609535756,-33.302984925474114,-5068.611691971364,-37176.4830076845,0.0,0.0,/Users/dawid/Library/Mobile Documents/com~apple~CloudDocs/Dokumenty/Publikacje własne/Manuscripts/Quantum_interference/data/1.4301_oselkowane.sur,1040.6377309134023,810.0000000000001,809.0,532.0,655289.9999999508,Stainless steel 1.4301 (AISI 304),1.4301,classical,256,256,3,,1.4301_oselkowane,area,Honed,oselkowane,simple
680.6397348902254,364.8550085944905,382.78488492918075,881.7027436868826,522.5751367826276,924.2360826616774,15459.884877654276,12115.076009263661,44222.947324976805,315.78472629573486,297.85484996104464,359.12760690425495,-42.53333897479477,3344.808868390616,-28763.062447322525,0.0,0.0,/Users/dawid/Library/Mobile Documents/com~apple~CloudDocs/Dokumenty/Publikacje własne/Manuscripts/Quantum_interference/data/1.4301_oselkowane.sur,710.4930772240178,810.0000000000001,809.0,532.0,655289.9999999508,Stainless steel 1.4301 (AISI 304),1.4301,quantum_like,256,256,3,,1.4301_oselkowane,area,Honed,oselkowane,simple
355.6215588075708,364.8550085944905,382.78488492918075,464.06719711378184,522.5751367826276,924.2360826616774,6744.986923620831,12115.076009263661,44222.947324976805,-9.233449786919762,-27.163326121609984,-58.5079396688458,-460.1688855478955,-5370.08908564283,-37477.96040135597,0.0,0.0,/Users/dawid/Library/Mobile Documents/com~apple~CloudDocs/Dokumenty/Publikacje własne/Manuscripts/Quantum_interference/data/1.4301_oselkowane.sur,275.3750870015598,810.0000000000001,809.0,532.0,655289.9999999508,Stainless steel 1.4301 (AISI 304),1.4301,hybrid,256,256,3,,1.4301_oselkowane,area,Honed,oselkowane,simple
656.9742698951958,357.6011094818264,453.17839917015544,851.9324538626249,439.57733820095774,539.7002414210604,6725.475258770006,2678.634068318592,4309.3120301784875,299.3731604133694,203.7958707250404,412.35511566166724,312.2322124415646,4046.8411904514132,2416.1632285915175,0.0,0.0,/Users/dawid/Library/Mobile Documents/com~apple~CloudDocs/Dokumenty/Publikacje własne/Manuscripts/Quantum_interference/data/1.4301_szkielkowane.sur,962.1001344474784,810.0000000000001,809.0,532.0,655289.9999999508,Stainless steel 1.4301 (AISI 304),1.4301,classical,256,256,0,,1.4301_szkielkowane,area,Glass bead blasted,szkielkowane,simple
664.7138741902555,357.6011094818264,453.17839917015544,831.5742438203337,439.57733820095774,539.7002414210604,6937.899024456324,2678.634068318592,4309.3120301784875,307.11276470842915,211.53547502010014,391.996905619376,291.87400239927337,4259.264956137731,2628.586994277836,0.0,0.0,/Users/dawid/Library/Mobile Documents/com~apple~CloudDocs/Dokumenty/Publikacje własne/Manuscripts/Quantum_interference/data/1.4301_szkielkowane.sur,705.7146736216113,810.0000000000001,809.0,532.0,655289.9999999508,Stainless steel 1.4301 (AISI 304),1.4301,quantum_like,256,256,0,,1.4301_szkielkowane,area,Glass bead blasted,szkielkowane,simple
266.1157161780408,357.6011094818264,453.17839917015544,323.6224248173348,439.57733820095774,539.7002414210604,2312.473472199263,2678.634068318592,4309.3120301784875,-91.48539330378556,-187.06268299211456,-115.95491338362292,-216.07781660372552,-366.16059611932934,-1996.8385579792248,0.0,0.0,/Users/dawid/Library/Mobile Documents/com~apple~CloudDocs/Dokumenty/Publikacje własne/Manuscripts/Quantum_interference/data/1.4301_szkielkowane.sur,345.29553845652407,810.0000000000001,809.0,532.0,655289.9999999508,Stainless steel 1.4301 (AISI 304),1.4301,hybrid,256,256,0,,1.4301_szkielkowane,area,Glass bead blasted,szkielkowane,simple
664.1074578827661,357.6011094818264,453.17839917015544,857.2573623011289,439.57733820095774,539.7002414210604,6415.832152335407,2678.634068318592,4309.3120301784875,306.50634840093966,210.92905871261064,417.6800241001711,317.5571208800685,3737.1980840168153,2106.5201221569196,0.0,0.0,/Users/dawid/Library/Mobile Documents/com~apple~CloudDocs/Dokumenty/Publikacje własne/Manuscripts/Quantum_interference/data/1.4301_szkielkowane.sur,971.5438908663689,810.0000000000001,809.0,532.0,655289.9999999508,Stainless steel 1.4301 (AISI 304),1.4301,classical,256,256,1,,1.4301_szkielkowane,area,Glass bead blasted,szkielkowane,simple
666.6641027289598,357.6011094818264,453.17839917015544,834.858915714454,439.57733820095774,539.7002414210604,7022.025144294209,2678.634068318592,4309.3120301784875,309.0629932471335,213.48570355880443,395.28157751349636,295.15867429339374,4343.391075975616,2712.713114115721,0.0,0.0,/Users/dawid/Library/Mobile Documents/com~apple~CloudDocs/Dokumenty/Publikacje własne/Manuscripts/Quantum_interference/data/1.4301_szkielkowane.sur,707.6711955223659,810.0000000000001,809.0,532.0,655289.9999999508,Stainless steel 1.4301 (AISI 304),1.4301,quantum_like,256,256,1,,1.4301_szkielkowane,area,Glass bead blasted,szkielkowane,simple
268.62595763944904,357.6011094818264,453.17839917015544,326.99424599470206,439.57733820095774,539.7002414210604,2194.801283936232,2678.634068318592,4309.3120301784875,-88.97515184237737,-184.55244153070637,-112.58309220625566,-212.70599542635824,-483.83278438236067,-2114.510746242256,0.0,0.0,/Users/dawid/Library/Mobile Documents/com~apple~CloudDocs/Dokumenty/Publikacje własne/Manuscripts/Quantum_interference/data/1.4301_szkielkowane.sur,345.3422582919572,810.0000000000001,809.0,532.0,655289.9999999508,Stainless steel 1.4301 (AISI 304),1.4301,hybrid,256,256,1,,1.4301_szkielkowane,area,Glass bead blasted,szkielkowane,simple
663.3932618582363,357.6011094818264,453.17839917015544,857.5717962805498,439.57733820095774,539.7002414210604,6414.786182097398,2678.634068318592,4309.3120301784875,305.7921523764099,210.2148626880809,417.9944580795921,317.8715548594895,3736.1521137788054,2105.47415191891,0.0,0.0,/Users/dawid/Library/Mobile Documents/com~apple~CloudDocs/Dokumenty/Publikacje własne/Manuscripts/Quantum_interference/data/1.4301_szkielkowane.sur,971.1202937892517,810.0000000000001,809.0,532.0,655289.9999999508,Stainless steel 1.4301 (AISI 304),1.4301,classical,256,256,2,,1.4301_szkielkowane,area,Glass bead blasted,szkielkowane,simple
666.0512913154774,357.6011094818264,453.17839917015544,835.0542484376589,439.57733820095774,539.7002414210604,7429.045282155826,2678.634068318592,4309.3120301784875,308.450181833651,212.87289214532197,395.47691023670114,295.35400701659853,4750.411213837233,3119.7332519773377,0.0,0.0,/Users/dawid/Library/Mobile Documents/com~apple~CloudDocs/Dokumenty/Publikacje własne/Manuscripts/Quantum_interference/data/1.4301_szkielkowane.sur,708.5029734424934,810.0000000000001,809.0,532.0,655289.9999999508,Stainless steel 1.4301 (AISI 304),1.4301,quantum_like,256,256,2,,1.4301_szkielkowane,area,Glass bead blasted,szkielkowane,simple
269.5912506116841,357.6011094818264,453.17839917015544,327.1743534996661,439.57733820095774,539.7002414210604,2491.743755057955,2678.634068318592,4309.3120301784875,-88.00985887014235,-183.58714855847137,-112.40298470129162,-212.5258879213942,-186.89031326063773,-1817.5682751205331,0.0,0.0,/Users/dawid/Library/Mobile Documents/com~apple~CloudDocs/Dokumenty/Publikacje własne/Manuscripts/Quantum_interference/data/1.4301_szkielkowane.sur,346.0535610419814,810.0000000000001,809.0,532.0,655289.9999999508,Stainless steel 1.4301 (AISI 304),1.4301,hybrid,256,256,2,,1.4301_szkielkowane,area,Glass bead blasted,szkielkowane,simple
663.5377745558584,357.6011094818264,453.17839917015544,856.6718825227277,439.57733820095774,539.7002414210604,6020.861455500355,2678.634068318592,4309.3120301784875,305.93666507403196,210.35937538570295,417.09454432177,316.9716411016674,3342.2273871817624,1711.5494253218671,0.0,0.0,/Users/dawid/Library/Mobile Documents/com~apple~CloudDocs/Dokumenty/Publikacje własne/Manuscripts/Quantum_interference/data/1.4301_szkielkowane.sur,970.1193859828235,810.0000000000001,809.0,532.0,655289.9999999508,Stainless steel 1.4301 (AISI 304),1.4301,classical,256,256,3,,1.4301_szkielkowane,area,Glass bead blasted,szkielkowane,simple
667.1419351764634,357.6011094818264,453.17839917015544,835.2269031049652,439.57733820095774,539.7002414210604,6983.769885570268,2678.634068318592,4309.3120301784875,309.540825694637,213.96353600630803,395.6495649040075,295.5266616839049,4305.135817251676,2674.4578553917804,0.0,0.0,/Users/dawid/Library/Mobile Documents/com~apple~CloudDocs/Dokumenty/Publikacje własne/Manuscripts/Quantum_interference/data/1.4301_szkielkowane.sur,710.10860348197,810.0000000000001,809.0,532.0,655289.9999999508,Stainless steel 1.4301 (AISI 304),1.4301,quantum_like,256,256,3,,1.4301_szkielkowane,area,Glass bead blasted,szkielkowane,simple
264.8618921985101,357.6011094818264,453.17839917015544,323.42262695914127,439.57733820095774,539.7002414210604,2187.2786458229593,2678.634068318592,4309.3120301784875,-92.73921728331631,-188.3165069716453,-116.15471124181646,-216.27761446191906,-491.3554224956332,-2122.0333843555286,0.0,0.0,/Users/dawid/Library/Mobile Documents/com~apple~CloudDocs/Dokumenty/Publikacje własne/Manuscripts/Quantum_interference/data/1.4301_szkielkowane.sur,345.6243422325962,810.0000000000001,809.0,532.0,655289.9999999508,Stainless steel 1.4301 (AISI 304),1.4301,hybrid,256,256,3,,1.4301_szkielkowane,area,Glass bead blasted,szkielkowane,simple
30.416000055458674,30.413699462010378,33.84118699522956,37.45578795595686,37.45328524655293,41.899689585882065,266.2942011258511,266.08343313585567,417.17396197934573,0.0023005934482949347,-3.425186939770891,0.0025027094039272576,-4.443901629925209,0.2107679899953827,-150.87976085349464,0.0,0.0,/Users/dawid/Library/Mobile Documents/com~apple~CloudDocs/Dokumenty/Publikacje własne/Manuscripts/Quantum_interference/data/1.4301_szlifowane.sur,0.24796758757668097,810.0000000000001,809.0,532.0,655289.9999999508,Stainless steel 1.4301 (AISI 304),1.4301,classical,256,256,0,,1.4301_szlifowane,area,Grinding,szlifowane,simple
567.6482577841488,30.413699462010378,33.84118699522956,712.4479551087405,37.45328524655293,41.899689585882065,6449.150356652107,266.08343313585567,417.17396197934573,537.2345583221384,533.8070707889193,674.9946698621877,670.5482655228584,6183.066923516251,6031.976394672761,0.0,0.0,/Users/dawid/Library/Mobile Documents/com~apple~CloudDocs/Dokumenty/Publikacje własne/Manuscripts/Quantum_interference/data/1.4301_szlifowane.sur,711.1345191396966,810.0000000000001,809.0,532.0,655289.9999999508,Stainless steel 1.4301 (AISI 304),1.4301,quantum_like,256,256,0,,1.4301_szlifowane,area,Grinding,szlifowane,simple
108.05590061911086,30.413699462010378,33.84118699522956,157.34196162201061,37.45328524655293,41.899689585882065,1452.0268852559834,266.08343313585567,417.17396197934573,77.64220115710047,74.2147136238813,119.88867637545769,115.44227203612857,1185.9434521201276,1034.8529232766375,0.0,0.0,/Users/dawid/Library/Mobile Documents/com~apple~CloudDocs/Dokumenty/Publikacje własne/Manuscripts/Quantum_interference/data/1.4301_szlifowane.sur,156.42807209914002,810.0000000000001,809.0,532.0,655289.9999999508,Stainless steel 1.4301 (AISI 304),1.4301,hybrid,256,256,0,,1.4301_szlifowane,area,Grinding,szlifowane,simple
30.413087558093718,30.413699462010378,33.84118699522956,37.452947682065,37.45328524655293,41.899689585882065,266.1863762471879,266.08343313585567,417.17396197934573,-0.0006119039166619917,-3.428099437135848,-0.00033756448792704875,-4.446741903817063,0.10294311133225302,-150.98758573215778,0.0,0.0,/Users/dawid/Library/Mobile Documents/com~apple~CloudDocs/Dokumenty/Publikacje własne/Manuscripts/Quantum_interference/data/1.4301_szlifowane.sur,0.24801932711757071,810.0000000000001,809.0,532.0,655289.9999999508,Stainless steel 1.4301 (AISI 304),1.4301,classical,256,256,1,,1.4301_szlifowane,area,Grinding,szlifowane,simple
568.2927922542647,30.413699462010378,33.84118699522956,711.0996242313122,37.45328524655293,41.899689585882065,5974.1938657202645,266.08343313585567,417.17396197934573,537.8790927922543,534.4516052590352,673.6463389847593,669.1999346454301,5708.110432584409,5557.019903740918,0.0,0.0,/Users/dawid/Library/Mobile Documents/com~apple~CloudDocs/Dokumenty/Publikacje własne/Manuscripts/Quantum_interference/data/1.4301_szlifowane.sur,710.3697150382934,810.0000000000001,809.0,532.0,655289.9999999508,Stainless steel 1.4301 (AISI 304),1.4301,quantum_like,256,256,1,,1.4301_szlifowane,area,Grinding,szlifowane,simple
106.42991479909098,30.413699462010378,33.84118699522956,155.13580711287926,37.45328524655293,41.899689585882065,1228.789192013387,266.08343313585567,417.17396197934573,76.0162153370806,72.5887278038614,117.68252186632634,113.23611752699722,962.7057588775315,811.6152300340414,0.0,0.0,/Users/dawid/Library/Mobile Documents/com~apple~CloudDocs/Dokumenty/Publikacje własne/Manuscripts/Quantum_interference/data/1.4301_szlifowane.sur,155.29141568701215,810.0000000000001,809.0,532.0,655289.9999999508,Stainless steel 1.4301 (AISI 304),1.4301,hybrid,256,256,1,,1.4301_szlifowane,area,Grinding,szlifowane,simple
30.415681789985616,30.413699462010378,33.84118699522956,37.45457411387497,37.45328524655293,41.899689585882065,266.0798540850326,266.08343313585567,417.17396197934573,0.0019823279752366704,-3.425505205243949,0.0012888673220402323,-4.445115472007096,-0.003579050823101174,-151.09410789431314,0.0,0.0,/Users/dawid/Library/Mobile Documents/com~apple~CloudDocs/Dokumenty/Publikacje własne/Manuscripts/Quantum_interference/data/1.4301_szlifowane.sur,0.24949102978846088,810.0000000000001,809.0,532.0,655289.9999999508,Stainless steel 1.4301 (AISI 304),1.4301,classical,256,256,2,,1.4301_szlifowane,area,Grinding,szlifowane,simple
565.2587243995312,30.413699462010378,33.84118699522956,708.5380891269061,37.45328524655293,41.899689585882065,5671.184630169459,266.08343313585567,417.17396197934573,534.8450249375207,531.4175374043016,671.0848038803533,666.638399541024,5405.101197033603,5254.0106681901125,0.0,0.0,/Users/dawid/Library/Mobile Documents/com~apple~CloudDocs/Dokumenty/Publikacje własne/Manuscripts/Quantum_interference/data/1.4301_szlifowane.sur,707.3611283588286,810.0000000000001,809.0,532.0,655289.9999999508,Stainless steel 1.4301 (AISI 304),1.4301,quantum_like,256,256,2,,1.4301_szlifowane,area,Grinding,szlifowane,simple
104.96757831705133,30.413699462010378,33.84118699522956,153.9834275897824,37.45328524655293,41.899689585882065,1233.0736248649282,266.08343313585567,417.17396197934573,74.55387885504096,71.12639132182177,116.53014234322946,112.08373800390034,966.9901917290725,815.8996628855824,0.0,0.0,/Users/dawid/Library/Mobile Documents/com~apple~CloudDocs/Dokumenty/Publikacje własne/Manuscripts/Quantum_interference/data/1.4301_szlifowane.sur,154.03465554576414,810.0000000000001,809.0,532.0,655289.9999999508,Stainless steel 1.4301 (AISI 304),1.4301,hybrid,256,256,2,,1.4301_szlifowane,area,Grinding,szlifowane,simple
30.413619968736175,30.413699462010378,33.84118699522956,37.452972554079,37.45328524655293,41.899689585882065,266.08058617758314,266.08343313585567,417.17396197934573,-7.94932742048924e-05,-3.427567026493391,-0.00031269247393235635,-4.446717031803069,-0.0028469582725672406,-151.09337580176262,0.0,0.0,/Users/dawid/Library/Mobile Documents/com~apple~CloudDocs/Dokumenty/Publikacje własne/Manuscripts/Quantum_interference/data/1.4301_szlifowane.sur,0.2495442347861738,810.0000000000001,809.0,532.0,655289.9999999508,Stainless steel 1.4301 (AISI 304),1.4301,classical,256,256,3,,1.4301_szlifowane,area,Grinding,szlifowane,simple
568.2286472604665,30.413699462010378,33.84118699522956,712.5918580154861,37.45328524655293,41.899689585882065,6244.385574991773,266.08343313585567,417.17396197934573,537.814947798456,534.3874602652369,675.1385727689332,670.692168429604,5978.302141855917,5827.211613012427,0.0,0.0,/Users/dawid/Library/Mobile Documents/com~apple~CloudDocs/Dokumenty/Publikacje własne/Manuscripts/Quantum_interference/data/1.4301_szlifowane.sur,711.4882950325238,810.0000000000001,809.0,532.0,655289.9999999508,Stainless steel 1.4301 (AISI 304),1.4301,quantum_like,256,256,3,,1.4301_szlifowane,area,Grinding,szlifowane,simple
107.8820434865412,30.413699462010378,33.84118699522956,156.70902109334136,37.45328524655293,41.899689585882065,1467.9006484395109,266.08343313585567,417.17396197934573,77.46834402453082,74.04085649131164,119.25573584678843,114.8093315074593,1201.817215303655,1050.726686460165,0.0,0.0,/Users/dawid/Library/Mobile Documents/com~apple~CloudDocs/Dokumenty/Publikacje własne/Manuscripts/Quantum_interference/data/1.4301_szlifowane.sur,156.469521605839,810.0000000000001,809.0,532.0,655289.9999999508,Stainless steel 1.4301 (AISI 304),1.4301,hybrid,256,256,3,,1.4301_szlifowane,area,Grinding,szlifowane,simple
678.2945238360915,628.2335439287026,719.0243698335206,876.6268291066142,843.387722653666,1182.6790015108243,6884.376114016611,28422.32201382488,88645.45204885582,50.06097990738888,-40.72984599742909,33.23910645294816,-306.0521724042101,-21537.94589980827,-81761.0759348392,0.0,0.0,/Users/dawid/Library/Mobile Documents/com~apple~CloudDocs/Dokumenty/Publikacje własne/Manuscripts/Quantum_interference/data/1.4301_t_wyk.sur,1211.9782512720437,810.0000000000001,809.0,532.0,655289.9999999508,Stainless steel 1.4301 (AISI 304),1.4301,classical,256,256,0,,1.4301_t_wyk,area,Turning (finishing),t_wyk,simple
839.1972477025776,628.2335439287026,719.0243698335206,1098.352567689177,843.387722653666,1182.6790015108243,29860.562149994294,28422.32201382488,88645.45204885582,210.96370377387495,120.17287786905698,254.96484503551108,-84.3264338216472,1438.240136169415,-58784.88989886152,0.0,0.0,/Users/dawid/Library/Mobile Documents/com~apple~CloudDocs/Dokumenty/Publikacje własne/Manuscripts/Quantum_interference/data/1.4301_t_wyk.sur,710.5791544205721,810.0000000000001,809.0,532.0,655289.9999999508,Stainless steel 1.4301 (AISI 304),1.4301,quantum_like,256,256,0,,1.4301_t_wyk,area,Turning (finishing),t_wyk,simple
291.8114567655094,628.2335439287026,719.0243698335206,422.62197012583306,843.387722653666,1182.6790015108243,10986.106866518854,28422.32201382488,88645.45204885582,-336.4220871631932,-427.2129130680112,-420.76575252783294,-760.0570313849912,-17436.215147306026,-77659.34518233695,0.0,0.0,/Users/dawid/Library/Mobile Documents/com~apple~CloudDocs/Dokumenty/Publikacje własne/Manuscripts/Quantum_interference/data/1.4301_t_wyk.sur,678.6262624065657,810.0000000000001,809.0,532.0,655289.9999999508,Stainless steel 1.4301 (AISI 304),1.4301,hybrid,256,256,0,,1.4301_t_wyk,area,Turning (finishing),t_wyk,simple
673.1684243335216,628.2335439287026,719.0243698335206,870.0366927716327,843.387722653666,1182.6790015108243,6885.895152228266,28422.32201382488,88645.45204885582,44.93488040481895,-45.85594549999902,26.648970117966662,-312.6423087391916,-21536.42686159661,-81759.55689662756,0.0,0.0,/Users/dawid/Library/Mobile Documents/com~apple~CloudDocs/Dokumenty/Publikacje własne/Manuscripts/Quantum_interference/data/1.4301_t_wyk.sur,1206.7015971405856,810.0000000000001,809.0,532.0,655289.9999999508,Stainless steel 1.4301 (AISI 304),1.4301,classical,256,256,1,,1.4301_t_wyk,area,Turning (finishing),t_wyk,simple
842.9372912774804,628.2335439287026,719.0243698335206,1103.4581231932254,843.387722653666,1182.6790015108243,29402.450848894474,28422.32201382488,88645.45204885582,214.70374734877785,123.91292144395989,260.0704005395595,-79.22087831759876,980.1288350695937,-59243.00119996134,0.0,0.0,/Users/dawid/Library/Mobile Documents/com~apple~CloudDocs/Dokumenty/Publikacje własne/Manuscripts/Quantum_interference/data/1.4301_t_wyk.sur,713.2002347506418,810.0000000000001,809.0,532.0,655289.9999999508,Stainless steel 1.4301 (AISI 304),1.4301,quantum_like,256,256,1,,1.4301_t_wyk,area,Turning (finishing),t_wyk,simple
299.48067612424046,628.2335439287026,719.0243698335206,430.0628628460454,843.387722653666,1182.6790015108243,11575.074725550456,28422.32201382488,88645.45204885582,-328.75286780446214,-419.5436937092801,-413.3248598076206,-752.6161386647789,-16847.247288274422,-77070.37732330537,0.0,0.0,/Users/dawid/Library/Mobile Documents/com~apple~CloudDocs/Dokumenty/Publikacje własne/Manuscripts/Quantum_interference/data/1.4301_t_wyk.sur,678.6592159895431,810.0000000000001,809.0,532.0,655289.9999999508,Stainless steel 1.4301 (AISI 304),1.4301,hybrid,256,256,1,,1.4301_t_wyk,area,Turning (finishing),t_wyk,simple
676.6086552758467,628.2335439287026,719.0243698335206,869.6882009717128,843.387722653666,1182.6790015108243,6851.265347588745,28422.32201382488,88645.45204885582,48.375111347144134,-42.41571455767384,26.300478318046792,-312.9908005391115,-21571.056666236138,-81794.18670126707,0.0,0.0,/Users/dawid/Library/Mobile Documents/com~apple~CloudDocs/Dokumenty/Publikacje własne/Manuscripts/Quantum_interference/data/1.4301_t_wyk.sur,1203.402775831093,810.0000000000001,809.0,532.0,655289.9999999508,Stainless steel 1.4301 (AISI 304),1.4301,classical,256,256,2,,1.4301_t_wyk,area,Turning (finishing),t_wyk,simple
843.0586827220526,628.2335439287026,719.0243698335206,1104.1550523488038,843.387722653666,1182.6790015108243,29309.080123842505,28422.32201382488,88645.45204885582,214.82513879334996,124.03431288853201,260.7673296951379,-78.52394916202037,886.7581100176246,-59336.371925013314,0.0,0.0,/Users/dawid/Library/Mobile Documents/com~apple~CloudDocs/Dokumenty/Publikacje własne/Manuscripts/Quantum_interference/data/1.4301_t_wyk.sur,708.8815164533654,810.0000000000001,809.0,532.0,655289.9999999508,Stainless steel 1.4301 (AISI 304),1.4301,quantum_like,256,256,2,,1.4301_t_wyk,area,Turning (finishing),t_wyk,simple
298.02708826510894,628.2335439287026,719.0243698335206,428.5078016462645,843.387722653666,1182.6790015108243,11876.735882145402,28422.32201382488,88645.45204885582,-330.20645566359366,-420.9972815684116,-414.8799210074015,-754.1711998645596,-16545.58613167948,-76768.71616671041,0.0,0.0,/Users/dawid/Library/Mobile Documents/com~apple~CloudDocs/Dokumenty/Publikacje własne/Manuscripts/Quantum_interference/data/1.4301_t_wyk.sur,678.150927363118,810.0000000000001,809.0,532.0,655289.9999999508,Stainless steel 1.4301 (AISI 304),1.4301,hybrid,256,256,2,,1.4301_t_wyk,area,Turning (finishing),t_wyk,simple
671.5203787377064,628.2335439287026,719.0243698335206,866.350966670411,843.387722653666,1182.6790015108243,6619.289181187229,28422.32201382488,88645.45204885582,43.286834809003885,-47.50399109581409,22.963244016744998,-316.3280348404133,-21803.03283263765,-82026.1628676686,0.0,0.0,/Users/dawid/Library/Mobile Documents/com~apple~CloudDocs/Dokumenty/Publikacje własne/Manuscripts/Quantum_interference/data/1.4301_t_wyk.sur,1204.4951298720928,810.0000000000001,809.0,532.0,655289.9999999508,Stainless steel 1.4301 (AISI 304),1.4301,classical,256,256,3,,1.4301_t_wyk,area,Turning (finishing),t_wyk,simple
838.7566402023871,628.2335439287026,719.0243698335206,1098.1385532272247,843.387722653666,1182.6790015108243,28187.287559355602,28422.32201382488,88645.45204885582,210.52309627368447,119.7322703688665,254.75083057355874,-84.54044828359952,-235.0344544692767,-60458.16448950021,0.0,0.0,/Users/dawid/Library/Mobile Documents/com~apple~CloudDocs/Dokumenty/Publikacje własne/Manuscripts/Quantum_interference/data/1.4301_t_wyk.sur,709.8048930537645,810.0000000000001,809.0,532.0,655289.9999999508,Stainless steel 1.4301 (AISI 304),1.4301,quantum_like,256,256,3,,1.4301_t_wyk,area,Turning (finishing),t_wyk,simple
297.4039949281248,628.2335439287026,719.0243698335206,428.60095039421066,843.387722653666,1182.6790015108243,11345.517631921217,28422.32201382488,88645.45204885582,-330.8295490005778,-421.62037490539575,-414.78677225945535,-754.0780511166136,-17076.80438190366,-77299.9344169346,0.0,0.0,/Users/dawid/Library/Mobile Documents/com~apple~CloudDocs/Dokumenty/Publikacje własne/Manuscripts/Quantum_interference/data/1.4301_t_wyk.sur,678.9570373493924,810.0000000000001,809.0,532.0,655289.9999999508,Stainless steel 1.4301 (AISI 304),1.4301,hybrid,256,256,3,,1.4301_t_wyk,area,Turning (finishing),t_wyk,simple
514.0668601302506,408.0134970138842,467.573643958579,664.1610563993606,522.9588934926375,606.1052304901839,5356.156415178406,3043.1017019360343,3779.3551222935625,106.05336311636634,46.49321617167151,141.20216290672306,58.05582590917666,2313.0547132423717,1576.8012928848436,0.0,0.0,/Users/dawid/Library/Mobile Documents/com~apple~CloudDocs/Dokumenty/Publikacje własne/Manuscripts/Quantum_interference/data/AL_oselkowane.sur,769.4875857747244,810.0000000000001,809.0,532.0,655289.9999999508,Aluminium 7075,AL,classical,256,256,0,,AL_oselkowane,area,Honed,oselkowane,simple
704.462899248009,408.0134970138842,467.573643958579,882.1510491781866,522.9588934926375,606.1052304901839,7099.110970270881,3043.1017019360343,3779.3551222935625,296.4494022341248,236.88925528943,359.1921556855491,276.04581868800267,4056.0092683348466,3319.755847977319,0.0,0.0,/Users/dawid/Library/Mobile Documents/com~apple~CloudDocs/Dokumenty/Publikacje własne/Manuscripts/Quantum_interference/data/AL_oselkowane.sur,712.1104565616495,810.0000000000001,809.0,532.0,655289.9999999508,Aluminium 7075,AL,quantum_like,256,256,0,,AL_oselkowane,area,Honed,oselkowane,simple
271.06854226551167,408.0134970138842,467.573643958579,329.05168175205256,522.9588934926375,606.1052304901839,2406.7938080595563,3043.1017019360343,3779.3551222935625,-136.94495474837254,-196.50510169306736,-193.90721174058496,-277.0535487381314,-636.3078938764778,-1372.5613142340057,0.0,0.0,/Users/dawid/Library/Mobile Documents/com~apple~CloudDocs/Dokumenty/Publikacje własne/Manuscripts/Quantum_interference/data/AL_oselkowane.sur,416.8678190594238,810.0000000000001,809.0,532.0,655289.9999999508,Aluminium 7075,AL,hybrid,256,256,0,,AL_oselkowane,area,Honed,oselkowane,simple
519.4734965152176,408.0134970138842,467.573643958579,669.6810125741705,522.9588934926375,606.1052304901839,5357.68090464079,3043.1017019360343,3779.3551222935625,111.45999950133341,51.89985255663858,146.72211908153295,63.57578208398654,2314.579202704755,1578.325782347227,0.0,0.0,/Users/dawid/Library/Mobile Documents/com~apple~CloudDocs/Dokumenty/Publikacje własne/Manuscripts/Quantum_interference/data/AL_oselkowane.sur,772.2564326298914,810.0000000000001,809.0,532.0,655289.9999999508,Aluminium 7075,AL,classical,256,256,1,,AL_oselkowane,area,Honed,oselkowane,simple
702.8401118567804,408.0134970138842,467.573643958579,880.7838572126794,522.9588934926375,606.1052304901839,7330.653219722146,3043.1017019360343,3779.3551222935625,294.8266148428962,235.26646789820137,357.824963720042,274.67862672249555,4287.551517786112,3551.298097428584,0.0,0.0,/Users/dawid/Library/Mobile Documents/com~apple~CloudDocs/Dokumenty/Publikacje własne/Manuscripts/Quantum_interference/data/AL_oselkowane.sur,709.4110936657862,810.0000000000001,809.0,532.0,655289.9999999508,Aluminium 7075,AL,quantum_like,256,256,1,,AL_oselkowane,area,Honed,oselkowane,simple
273.26104906891703,408.0134970138842,467.573643958579,332.1641798786114,522.9588934926375,606.1052304901839,2545.392006300404,3043.1017019360343,3779.3551222935625,-134.75244794496714,-194.312594889662,-190.7947136140261,-273.9410506115725,-497.7096956356305,-1233.9631159931585,0.0,0.0,/Users/dawid/Library/Mobile Documents/com~apple~CloudDocs/Dokumenty/Publikacje własne/Manuscripts/Quantum_interference/data/AL_oselkowane.sur,417.3078103975891,810.0000000000001,809.0,532.0,655289.9999999508,Aluminium 7075,AL,hybrid,256,256,1,,AL_oselkowane,area,Honed,oselkowane,simple
516.5799313465791,408.0134970138842,467.573643958579,665.507576592958,522.9588934926375,606.1052304901839,5348.139113747487,3043.1017019360343,3779.3551222935625,108.56643433269491,49.00628738800008,142.54868310032046,59.402346102774054,2305.0374118114523,1568.7839914539243,0.0,0.0,/Users/dawid/Library/Mobile Documents/com~apple~CloudDocs/Dokumenty/Publikacje własne/Manuscripts/Quantum_interference/data/AL_oselkowane.sur,770.9074523191381,810.0000000000001,809.0,532.0,655289.9999999508,Aluminium 7075,AL,classical,256,256,2,,AL_oselkowane,area,Honed,oselkowane,simple
703.3841508072042,408.0134970138842,467.573643958579,880.5191694567808,522.9588934926375,606.1052304901839,7427.746887839831,3043.1017019360343,3779.3551222935625,295.37065379332,235.81050684862518,357.5602759641433,274.41393896659685,4384.645185903796,3648.3917655462687,0.0,0.0,/Users/dawid/Library/Mobile Documents/com~apple~CloudDocs/Dokumenty/Publikacje własne/Manuscripts/Quantum_interference/data/AL_oselkowane.sur,708.2372643429037,810.0000000000001,809.0,532.0,655289.9999999508,Aluminium 7075,AL,quantum_like,256,256,2,,AL_oselkowane,area,Honed,oselkowane,simple
272.0266031403634,408.0134970138842,467.573643958579,328.8608896093042,522.9588934926375,606.1052304901839,2433.194865264418,3043.1017019360343,3779.3551222935625,-135.98689387352078,-195.5470408182156,-194.09800388333332,-277.24434088087975,-609.9068366716168,-1346.1602570291448,0.0,0.0,/Users/dawid/Library/Mobile Documents/com~apple~CloudDocs/Dokumenty/Publikacje własne/Manuscripts/Quantum_interference/data/AL_oselkowane.sur,417.31515283447044,810.0000000000001,809.0,532.0,655289.9999999508,Aluminium 7075,AL,hybrid,256,256,2,,AL_oselkowane,area,Honed,oselkowane,simple
519.3942003478156,408.0134970138842,467.573643958579,670.0619464552087,522.9588934926375,606.1052304901839,5358.3270660146,3043.1017019360343,3779.3551222935625,111.38070333393145,51.82055638923663,147.1030529625712,63.95671596502479,2315.2253640785657,1578.9719437210376,0.0,0.0,/Users/dawid/Library/Mobile Documents/com~apple~CloudDocs/Dokumenty/Publikacje własne/Manuscripts/Quantum_interference/data/AL_oselkowane.sur,772.1954935679075,810.0000000000001,809.0,532.0,655289.9999999508,Aluminium 7075,AL,classical,256,256,3,,AL_oselkowane,area,Honed,oselkowane,simple
708.590136058523,408.0134970138842,467.573643958579,886.5315064638637,522.9588934926375,606.1052304901839,7611.805905792077,3043.1017019360343,3779.3551222935625,300.5766390446388,241.01649209994397,363.57261297122614,280.42627597367976,4568.704203856043,3832.450783498515,0.0,0.0,/Users/dawid/Library/Mobile Documents/com~apple~CloudDocs/Dokumenty/Publikacje własne/Manuscripts/Quantum_interference/data/AL_oselkowane.sur,712.2521843012148,810.0000000000001,809.0,532.0,655289.9999999508,Aluminium 7075,AL,quantum_like,256,256,3,,AL_oselkowane,area,Honed,oselkowane,simple
276.1882131545157,408.0134970138842,467.573643958579,335.2484613866626,522.9588934926375,606.1052304901839,2576.642838939051,3043.1017019360343,3779.3551222935625,-131.82528385936848,-191.3854308040633,-187.7104321059749,-270.8567691035213,-466.4588629969834,-1202.7122833545113,0.0,0.0,/Users/dawid/Library/Mobile Documents/com~apple~CloudDocs/Dokumenty/Publikacje własne/Manuscripts/Quantum_interference/data/AL_oselkowane.sur,416.9934380765087,810.0000000000001,809.0,532.0,655289.9999999508,Aluminium 7075,AL,hybrid,256,256,3,,AL_oselkowane,area,Honed,oselkowane,simple
685.6939698943145,524.5136807904041,546.3689426510782,898.5554091533768,687.0092608696518,922.2410215602662,8224.202904807953,31199.884564537664,85338.86653628112,161.1802891039103,139.32502724323624,211.54614828372493,-23.685612406889415,-22975.68165972971,-77114.66363147316,0.0,0.0,/Users/dawid/Library/Mobile Documents/com~apple~CloudDocs/Dokumenty/Publikacje własne/Manuscripts/Quantum_interference/data/Al7075_t_wyk.sur,1093.8373533712595,810.0000000000001,809.0,532.0,655289.9999999508,Aluminium 7075,Al7075,classical,256,256,0,,Al7075_t_wyk,area,Turning (finishing),t_wyk,simple
773.1293163886675,524.5136807904041,546.3689426510782,988.4178972398142,687.0092608696518,922.2410215602662,33429.781495793955,31199.884564537664,85338.86653628112,248.61563559826328,226.76037373758922,301.40863637016236,66.17687567954803,2229.896931256292,-51909.08504048716,0.0,0.0,/Users/dawid/Library/Mobile Documents/com~apple~CloudDocs/Dokumenty/Publikacje własne/Manuscripts/Quantum_interference/data/Al7075_t_wyk.sur,711.5406592904434,810.0000000000001,809.0,532.0,655289.9999999508,Aluminium 7075,Al7075,quantum_like,256,256,0,,Al7075_t_wyk,area,Turning (finishing),t_wyk,simple
495.1827272973126,524.5136807904041,546.3689426510782,632.0767994132318,687.0092608696518,922.2410215602662,7329.06825738458,31199.884564537664,85338.86653628112,-29.33095349309147,-51.18621535376554,-54.932461456420114,-290.1642221470345,-23870.816307153087,-78009.79827889653,0.0,0.0,/Users/dawid/Library/Mobile Documents/com~apple~CloudDocs/Dokumenty/Publikacje własne/Manuscripts/Quantum_interference/data/Al7075_t_wyk.sur,287.95812214006367,810.0000000000001,809.0,532.0,655289.9999999508,Aluminium 7075,Al7075,hybrid,256,256,0,,Al7075_t_wyk,area,Turning (finishing),t_wyk,simple
692.7886289942586,524.5136807904041,546.3689426510782,905.5781211040672,687.0092608696518,922.2410215602662,7975.819647396543,31199.884564537664,85338.86653628112,168.27494820385448,146.41968634318042,218.56886023441533,-16.662900456199004,-23224.06491714112,-77363.04688888456,0.0,0.0,/Users/dawid/Library/Mobile Documents/com~apple~CloudDocs/Dokumenty/Publikacje własne/Manuscripts/Quantum_interference/data/Al7075_t_wyk.sur,1100.977139600018,810.0000000000001,809.0,532.0,655289.9999999508,Aluminium 7075,Al7075,classical,256,256,1,,Al7075_t_wyk,area,Turning (finishing),t_wyk,simple
776.1576401610275,524.5136807904041,546.3689426510782,988.4184266350651,687.0092608696518,922.2410215602662,31901.8622183473,31199.884564537664,85338.86653628112,251.64395937062346,229.7886975099494,301.40916576541326,66.17740507479893,701.9776538096394,-53437.00431793381,0.0,0.0,/Users/dawid/Library/Mobile Documents/com~apple~CloudDocs/Dokumenty/Publikacje własne/Manuscripts/Quantum_interference/data/Al7075_t_wyk.sur,709.1637080125859,810.0000000000001,809.0,532.0,655289.9999999508,Aluminium 7075,Al7075,quantum_like,256,256,1,,Al7075_t_wyk,area,Turning (finishing),t_wyk,simple
501.98720660311443,524.5136807904041,546.3689426510782,636.1314216756354,687.0092608696518,922.2410215602662,7307.423179451124,31199.884564537664,85338.86653628112,-22.526474187289676,-44.38173604796375,-50.87783919401648,-286.1095998846308,-23892.46138508654,-78031.44335683,0.0,0.0,/Users/dawid/Library/Mobile Documents/com~apple~CloudDocs/Dokumenty/Publikacje własne/Manuscripts/Quantum_interference/data/Al7075_t_wyk.sur,286.7576511545086,810.0000000000001,809.0,532.0,655289.9999999508,Aluminium 7075,Al7075,hybrid,256,256,1,,Al7075_t_wyk,area,Turning (finishing),t_wyk,simple
681.6121214903516,524.5136807904041,546.3689426510782,893.4850803622927,687.0092608696518,922.2410215602662,7962.977187042461,31199.884564537664,85338.86653628112,157.09844069994747,135.2431788392734,206.47581949264082,-28.75594119797351,-23236.9073774952,-77375.88934923864,0.0,0.0,/Users/dawid/Library/Mobile Documents/com~apple~CloudDocs/Dokumenty/Publikacje własne/Manuscripts/Quantum_interference/data/Al7075_t_wyk.sur,1092.6102790976925,810.0000000000001,809.0,532.0,655289.9999999508,Aluminium 7075,Al7075,classical,256,256,2,,Al7075_t_wyk,area,Turning (finishing),t_wyk,simple
772.8720154969621,524.5136807904041,546.3689426510782,985.0690144597173,687.0092608696518,922.2410215602662,31780.723051369703,31199.884564537664,85338.86653628112,248.35833470655803,226.50307284588393,298.05975359006544,62.82799289945111,580.838486832041,-53558.14348491141,0.0,0.0,/Users/dawid/Library/Mobile Documents/com~apple~CloudDocs/Dokumenty/Publikacje własne/Manuscripts/Quantum_interference/data/Al7075_t_wyk.sur,709.1064994516771,810.0000000000001,809.0,532.0,655289.9999999508,Aluminium 7075,Al7075,quantum_like,256,256,2,,Al7075_t_wyk,area,Turning (finishing),t_wyk,simple
497.2328396831933,524.5136807904041,546.3689426510782,631.4357706545272,687.0092608696518,922.2410215602662,7574.839807482229,31199.884564537664,85338.86653628112,-27.28084110721086,-49.13610296788493,-55.573490215124686,-290.805250905739,-23625.044757055435,-77764.02672879888,0.0,0.0,/Users/dawid/Library/Mobile Documents/com~apple~CloudDocs/Dokumenty/Publikacje własne/Manuscripts/Quantum_interference/data/Al7075_t_wyk.sur,288.44830771216573,810.0000000000001,809.0,532.0,655289.9999999508,Aluminium 7075,Al7075,hybrid,256,256,2,,Al7075_t_wyk,area,Turning (finishing),t_wyk,simple
686.3206043868977,524.5136807904041,546.3689426510782,899.6606974558326,687.0092608696518,922.2410215602662,7920.643042087333,31199.884564537664,85338.86653628112,161.8069235964935,139.95166173581944,212.6514365861808,-22.580324104433544,-23279.24152245033,-77418.22349419378,0.0,0.0,/Users/dawid/Library/Mobile Documents/com~apple~CloudDocs/Dokumenty/Publikacje własne/Manuscripts/Quantum_interference/data/Al7075_t_wyk.sur,1095.5856058086388,810.0000000000001,809.0,532.0,655289.9999999508,Aluminium 7075,Al7075,classical,256,256,3,,Al7075_t_wyk,area,Turning (finishing),t_wyk,simple
775.2127023495274,524.5136807904041,546.3689426510782,986.5546173915133,687.0092608696518,922.2410215602662,30955.541315433074,31199.884564537664,85338.86653628112,250.6990215591233,228.84375969844925,299.5453565218614,64.31359583124704,-244.34324910458824,-54383.32522084804,0.0,0.0,/Users/dawid/Library/Mobile Documents/com~apple~CloudDocs/Dokumenty/Publikacje własne/Manuscripts/Quantum_interference/data/Al7075_t_wyk.sur,708.0372668154914,810.0000000000001,809.0,532.0,655289.9999999508,Aluminium 7075,Al7075,quantum_like,256,256,3,,Al7075_t_wyk,area,Turning (finishing),t_wyk,simple
498.701726150429,524.5136807904041,546.3689426510782,632.9943869768279,687.0092608696518,922.2410215602662,7038.190208879764,31199.884564537664,85338.86653628112,-25.81195463997509,-47.66721650064916,-54.01487389282406,-289.2466345834384,-24161.6943556579,-78300.67632740134,0.0,0.0,/Users/dawid/Library/Mobile Documents/com~apple~CloudDocs/Dokumenty/Publikacje własne/Manuscripts/Quantum_interference/data/Al7075_t_wyk.sur,287.1077302380235,810.0000000000001,809.0,532.0,655289.9999999508,Aluminium 7075,Al7075,hybrid,256,256,3,,Al7075_t_wyk,area,Turning (finishing),t_wyk,simple
691.3003100978257,293.0939529305958,299.70349938185274,882.0024877639895,354.2118986734384,364.15267521941,6335.994184861639,2154.9281499577382,3032.6030471767835,398.20635716722984,391.59681071597294,527.7905890905511,517.8498125445795,4181.066034903901,3303.3911376848555,0.0,0.0,/Users/dawid/Library/Mobile Documents/com~apple~CloudDocs/Dokumenty/Publikacje własne/Manuscripts/Quantum_interference/data/Al_szkielkowane.sur,892.9112761902298,810.0000000000001,809.0,532.0,655289.9999999508,Aluminium 7075,Al,classical,256,256,0,,Al_szkielkowane,area,Glass bead blasted,szkielkowane,simple
636.1976322321324,293.0939529305958,299.70349938185274,796.752692842758,354.2118986734384,364.15267521941,6527.603230199026,2154.9281499577382,3032.6030471767835,343.1036793015366,336.49413285027964,442.54079416931967,432.60001762334804,4372.675080241288,3495.000183022243,0.0,0.0,/Users/dawid/Library/Mobile Documents/com~apple~CloudDocs/Dokumenty/Publikacje własne/Manuscripts/Quantum_interference/data/Al_szkielkowane.sur,711.795737520353,810.0000000000001,809.0,532.0,655289.9999999508,Aluminium 7075,Al,quantum_like,256,256,0,,Al_szkielkowane,area,Glass bead blasted,szkielkowane,simple
305.4736631474851,293.0939529305958,299.70349938185274,370.40036902621773,354.2118986734384,364.15267521941,2470.4873461592106,2154.9281499577382,3032.6030471767835,12.379710216889313,5.77016376563238,16.188470352779373,6.247693806807712,315.5591962014721,-562.1157010175732,0.0,0.0,/Users/dawid/Library/Mobile Documents/com~apple~CloudDocs/Dokumenty/Publikacje własne/Manuscripts/Quantum_interference/data/Al_szkielkowane.sur,181.29859415805154,810.0000000000001,809.0,532.0,655289.9999999508,Aluminium 7075,Al,hybrid,256,256,0,,Al_szkielkowane,area,Glass bead blasted,szkielkowane,simple
685.9918243887171,293.0939529305958,299.70349938185274,873.5591762524265,354.2118986734384,364.15267521941,6600.709291423932,2154.9281499577382,3032.6030471767835,392.89787145812124,386.28832500686434,519.3472775789883,509.4065010330165,4445.781141466194,3568.106244247148,0.0,0.0,/Users/dawid/Library/Mobile Documents/com~apple~CloudDocs/Dokumenty/Publikacje własne/Manuscripts/Quantum_interference/data/Al_szkielkowane.sur,884.5921116566025,810.0000000000001,809.0,532.0,655289.9999999508,Aluminium 7075,Al,classical,256,256,1,,Al_szkielkowane,area,Glass bead blasted,szkielkowane,simple
633.9592796339286,293.0939529305958,299.70349938185274,793.552609321538,354.2118986734384,364.15267521941,7096.816783760584,2154.9281499577382,3032.6030471767835,340.86532670333287,334.2557802520759,439.3407106480996,429.399934102128,4941.888633802846,4064.2137365838003,0.0,0.0,/Users/dawid/Library/Mobile Documents/com~apple~CloudDocs/Dokumenty/Publikacje własne/Manuscripts/Quantum_interference/data/Al_szkielkowane.sur,710.6030009053881,810.0000000000001,809.0,532.0,655289.9999999508,Aluminium 7075,Al,quantum_like,256,256,1,,Al_szkielkowane,area,Glass bead blasted,szkielkowane,simple
299.54899981198804,293.0939529305958,299.70349938185274,365.12416251985996,354.2118986734384,364.15267521941,2716.8834826992597,2154.9281499577382,3032.6030471767835,6.455046881392252,-0.15449956986468172,10.912263846421588,0.9714873004499274,561.9553327415215,-315.71956447752376,0.0,0.0,/Users/dawid/Library/Mobile Documents/com~apple~CloudDocs/Dokumenty/Publikacje własne/Manuscripts/Quantum_interference/data/Al_szkielkowane.sur,180.97041224208456,810.0000000000001,809.0,532.0,655289.9999999508,Aluminium 7075,Al,hybrid,256,256,1,,Al_szkielkowane,area,Glass bead blasted,szkielkowane,simple
691.8300300046768,293.0939529305958,299.70349938185274,877.0927095803806,354.2118986734384,364.15267521941,6601.1830838659125,2154.9281499577382,3032.6030471767835,398.736077074081,392.126530622824,522.8808109069423,512.9400343609707,4446.254933908174,3568.580036689129,0.0,0.0,/Users/dawid/Library/Mobile Documents/com~apple~CloudDocs/Dokumenty/Publikacje własne/Manuscripts/Quantum_interference/data/Al_szkielkowane.sur,886.8276645985229,810.0000000000001,809.0,532.0,655289.9999999508,Aluminium 7075,Al,classical,256,256,2,,Al_szkielkowane,area,Glass bead blasted,szkielkowane,simple
633.3653565000196,293.0939529305958,299.70349938185274,791.6573528986243,354.2118986734384,364.15267521941,7052.694719463736,2154.9281499577382,3032.6030471767835,340.2714035694238,333.6618571181669,437.44545422518587,427.5046776792142,4897.766569505997,4020.091672286952,0.0,0.0,/Users/dawid/Library/Mobile Documents/com~apple~CloudDocs/Dokumenty/Publikacje własne/Manuscripts/Quantum_interference/data/Al_szkielkowane.sur,707.8191917854266,810.0000000000001,809.0,532.0,655289.9999999508,Aluminium 7075,Al,quantum_like,256,256,2,,Al_szkielkowane,area,Glass bead blasted,szkielkowane,simple
304.1437328091251,293.0939529305958,299.70349938185274,368.0836873623193,354.2118986734384,364.15267521941,2833.966699926583,2154.9281499577382,3032.6030471767835,11.049779878529314,4.44023342727238,13.871788688880969,3.931012142909309,679.0385499688444,-198.63634725020074,0.0,0.0,/Users/dawid/Library/Mobile Documents/com~apple~CloudDocs/Dokumenty/Publikacje własne/Manuscripts/Quantum_interference/data/Al_szkielkowane.sur,179.80927061250497,810.0000000000001,809.0,532.0,655289.9999999508,Aluminium 7075,Al,hybrid,256,256,2,,Al_szkielkowane,area,Glass bead blasted,szkielkowane,simple
689.3419698235795,293.0939529305958,299.70349938185274,876.9190561529015,354.2118986734384,364.15267521941,6604.809935750168,2154.9281499577382,3032.6030471767835,396.2480168929837,389.6384704417267,522.7071574794631,512.7663809334914,4449.88178579243,3572.2068885733843,0.0,0.0,/Users/dawid/Library/Mobile Documents/com~apple~CloudDocs/Dokumenty/Publikacje własne/Manuscripts/Quantum_interference/data/Al_szkielkowane.sur,887.692693792745,810.0000000000001,809.0,532.0,655289.9999999508,Aluminium 7075,Al,classical,256,256,3,,Al_szkielkowane,area,Glass bead blasted,szkielkowane,simple
634.4569414205341,293.0939529305958,299.70349938185274,793.9065033275051,354.2118986734384,364.15267521941,6626.904626660317,2154.9281499577382,3032.6030471767835,341.3629884899384,334.75344203868144,439.6946046540667,429.7538281080951,4471.976476702579,3594.3015794835333,0.0,0.0,/Users/dawid/Library/Mobile Documents/com~apple~CloudDocs/Dokumenty/Publikacje własne/Manuscripts/Quantum_interference/data/Al_szkielkowane.sur,708.6301191249725,810.0000000000001,809.0,532.0,655289.9999999508,Aluminium 7075,Al,quantum_like,256,256,3,,Al_szkielkowane,area,Glass bead blasted,szkielkowane,simple
302.99819819309494,293.0939529305958,299.70349938185274,369.7947122646168,354.2118986734384,364.15267521941,2636.699798821607,2154.9281499577382,3032.6030471767835,9.90424526249916,3.2946988112422257,15.582813591178464,5.642037045206804,481.77164886386885,-395.9032483551764,0.0,0.0,/Users/dawid/Library/Mobile Documents/com~apple~CloudDocs/Dokumenty/Publikacje własne/Manuscripts/Quantum_interference/data/Al_szkielkowane.sur,181.3562111712825,810.0000000000001,809.0,532.0,655289.9999999508,Aluminium 7075,Al,hybrid,256,256,3,,Al_szkielkowane,area,Glass bead blasted,szkielkowane,simple
63.67983362698278,63.67904400930688,66.55707432300152,81.49180985032866,81.49109450002742,84.85770719843457,473.57433908395967,473.8258971126187,638.6250286224301,0.0007896176758970171,-2.877240696018742,0.000715350301248157,-3.3658973481059,-0.25155802865899507,-165.05068953847046,0.0,0.0,/Users/dawid/Library/Mobile Documents/com~apple~CloudDocs/Dokumenty/Publikacje własne/Manuscripts/Quantum_interference/data/Al_szlifowane.sur,0.25052460653983405,810.0000000000001,809.0,532.0,655289.9999999508,Aluminium 7075,Al,classical,256,256,0,,Al_szlifowane,area,Grinding,szlifowane,simple
571.5227572021943,63.67904400930688,66.55707432300152,716.5218686542606,81.49109450002742,84.85770719843457,6575.73749365473,473.8258971126187,638.6250286224301,507.8437131928874,504.96568287919274,635.0307741542332,631.664161455826,6101.9115965421115,5937.1124650323,0.0,0.0,/Users/dawid/Library/Mobile Documents/com~apple~CloudDocs/Dokumenty/Publikacje własne/Manuscripts/Quantum_interference/data/Al_szlifowane.sur,711.6354597177243,810.0000000000001,809.0,532.0,655289.9999999508,Aluminium 7075,Al,quantum_like,256,256,0,,Al_szlifowane,area,Grinding,szlifowane,simple
127.4014845408727,63.67904400930688,66.55707432300152,171.1973669651709,81.49109450002742,84.85770719843457,1452.6844246736212,473.8258971126187,638.6250286224301,63.72244053156582,60.844410217871186,89.70627246514346,86.33965976673632,978.8585275610022,814.0593960511909,0.0,0.0,/Users/dawid/Library/Mobile Documents/com~apple~CloudDocs/Dokumenty/Publikacje własne/Manuscripts/Quantum_interference/data/Al_szlifowane.sur,153.21395961863317,810.0000000000001,809.0,532.0,655289.9999999508,Aluminium 7075,Al,hybrid,256,256,0,,Al_szlifowane,area,Grinding,szlifowane,simple
63.678848399807706,63.67904400930688,66.55707432300152,81.49164537481694,81.49109450002742,84.85770719843457,473.60858880085874,473.8258971126187,638.6250286224301,-0.00019560949917289564,-2.878225923193812,0.0005508747895253748,-3.3660618236176227,-0.2173083117599658,-165.01643982157142,0.0,0.0,/Users/dawid/Library/Mobile Documents/com~apple~CloudDocs/Dokumenty/Publikacje własne/Manuscripts/Quantum_interference/data/Al_szlifowane.sur,0.24899313229584916,810.0000000000001,809.0,532.0,655289.9999999508,Aluminium 7075,Al,classical,256,256,1,,Al_szlifowane,area,Grinding,szlifowane,simple
572.013971045693,63.67904400930688,66.55707432300152,715.9118926272866,81.49109450002742,84.85770719843457,5651.3375022663895,473.8258971126187,638.6250286224301,508.33492703638615,505.45689672269145,634.4207981272591,631.0541854288521,5177.511605153771,5012.712473643959,0.0,0.0,/Users/dawid/Library/Mobile Documents/com~apple~CloudDocs/Dokumenty/Publikacje własne/Manuscripts/Quantum_interference/data/Al_szlifowane.sur,711.4327225812713,810.0000000000001,809.0,532.0,655289.9999999508,Aluminium 7075,Al,quantum_like,256,256,1,,Al_szlifowane,area,Grinding,szlifowane,simple
127.31007375092202,63.67904400930688,66.55707432300152,169.68172003032862,81.49109450002742,84.85770719843457,1419.5477392294713,473.8258971126187,638.6250286224301,63.63102974161514,60.7529994279205,88.19062553030119,84.82401283189404,945.7218421168527,780.9227106070413,0.0,0.0,/Users/dawid/Library/Mobile Documents/com~apple~CloudDocs/Dokumenty/Publikacje własne/Manuscripts/Quantum_interference/data/Al_szlifowane.sur,153.7561456590177,810.0000000000001,809.0,532.0,655289.9999999508,Aluminium 7075,Al,hybrid,256,256,1,,Al_szlifowane,area,Grinding,szlifowane,simple
63.67931691515641,63.67904400930688,66.55707432300152,81.49157166057581,81.49109450002742,84.85770719843457,473.1021233499016,473.8258971126187,638.6250286224301,0.00027290584953274465,-2.8777574078451065,0.00047716054839484176,-3.3661355378587534,-0.7237737627170617,-165.52290527252853,0.0,0.0,/Users/dawid/Library/Mobile Documents/com~apple~CloudDocs/Dokumenty/Publikacje własne/Manuscripts/Quantum_interference/data/Al_szlifowane.sur,0.24779834425666497,810.0000000000001,809.0,532.0,655289.9999999508,Aluminium 7075,Al,classical,256,256,2,,Al_szlifowane,area,Grinding,szlifowane,simple
569.0035740801666,63.67904400930688,66.55707432300152,715.0857362832629,81.49109450002742,84.85770719843457,5994.833890389288,473.8258971126187,638.6250286224301,505.3245300708597,502.44649975716516,633.5946417832355,630.2280290848283,5521.007993276669,5356.208861766858,0.0,0.0,/Users/dawid/Library/Mobile Documents/com~apple~CloudDocs/Dokumenty/Publikacje własne/Manuscripts/Quantum_interference/data/Al_szlifowane.sur,710.189733423349,810.0000000000001,809.0,532.0,655289.9999999508,Aluminium 7075,Al,quantum_like,256,256,2,,Al_szlifowane,area,Grinding,szlifowane,simple
130.24568349523048,63.67904400930688,66.55707432300152,172.7980958553749,81.49109450002742,84.85770719843457,1443.454729943503,473.8258971126187,638.6250286224301,66.56663948592359,63.68860917222895,91.30700135534747,87.94038865694031,969.6288328308842,804.8297013210729,0.0,0.0,/Users/dawid/Library/Mobile Documents/com~apple~CloudDocs/Dokumenty/Publikacje własne/Manuscripts/Quantum_interference/data/Al_szlifowane.sur,154.5842512148279,810.0000000000001,809.0,532.0,655289.9999999508,Aluminium 7075,Al,hybrid,256,256,2,,Al_szlifowane,area,Grinding,szlifowane,simple
63.67930777150066,63.67904400930688,66.55707432300152,81.49135909474413,81.49109450002742,84.85770719843457,472.9109149581439,473.8258971126187,638.6250286224301,0.00026376219378426897,-2.877766551500855,0.0002645947166997948,-3.3663481036904486,-0.9149821544747678,-165.71411366428623,0.0,0.0,/Users/dawid/Library/Mobile Documents/com~apple~CloudDocs/Dokumenty/Publikacje własne/Manuscripts/Quantum_interference/data/Al_szlifowane.sur,0.24961971004740444,810.0000000000001,809.0,532.0,655289.9999999508,Aluminium 7075,Al,classical,256,256,3,,Al_szlifowane,area,Grinding,szlifowane,simple
569.7808682538669,63.67904400930688,66.55707432300152,713.728343583168,81.49109450002742,84.85770719843457,6354.081346713768,473.8258971126187,638.6250286224301,506.10182424455996,503.2237939308654,632.2372490831406,628.8706363847335,5880.255449601149,5715.456318091338,0.0,0.0,/Users/dawid/Library/Mobile Documents/com~apple~CloudDocs/Dokumenty/Publikacje własne/Manuscripts/Quantum_interference/data/Al_szlifowane.sur,709.2228036606903,810.0000000000001,809.0,532.0,655289.9999999508,Aluminium 7075,Al,quantum_like,256,256,3,,Al_szlifowane,area,Grinding,szlifowane,simple
126.6244734450185,63.67904400930688,66.55707432300152,168.66401990871566,81.49109450002742,84.85770719843457,1431.806260557602,473.8258971126187,638.6250286224301,62.94542943571161,60.06739912201697,87.17292540868824,83.80631271028109,957.9803634449833,793.1812319351717,0.0,0.0,/Users/dawid/Library/Mobile Documents/com~apple~CloudDocs/Dokumenty/Publikacje własne/Manuscripts/Quantum_interference/data/Al_szlifowane.sur,152.95298430516442,810.0000000000001,809.0,532.0,655289.9999999508,Aluminium 7075,Al,hybrid,256,256,3,,Al_szlifowane,area,Grinding,szlifowane,simple
468.6922687537331,223.31743222772795,297.16816890965,589.4299007414222,272.5381756206323,365.33382951310733,4122.386896578741,1738.0094316217455,2768.298898994887,245.3748365260052,171.52409984408314,316.8917251207899,224.09607122831486,2384.377464956995,1354.0879975838536,0.0,0.0,/Users/dawid/Library/Mobile Documents/com~apple~CloudDocs/Dokumenty/Publikacje własne/Manuscripts/Quantum_interference/data/C45_oselkowane.sur,564.8505852124673,810.0000000000001,809.0,532.0,655289.9999999508,Steel C45,C45,classical,256,256,0,,C45_oselkowane,area,Honed,oselkowane,simple
608.6401625588808,223.31743222772795,297.16816890965,762.9785767734569,272.5381756206323,365.33382951310733,6687.534368122124,1738.0094316217455,2768.298898994887,385.32273033115285,311.4719936492308,490.44040115282456,397.6447472603495,4949.524936500378,3919.2354691272367,0.0,0.0,/Users/dawid/Library/Mobile Documents/com~apple~CloudDocs/Dokumenty/Publikacje własne/Manuscripts/Quantum_interference/data/C45_oselkowane.sur,711.5522258625732,810.0000000000001,809.0,532.0,655289.9999999508,Steel C45,C45,quantum_like,256,256,0,,C45_oselkowane,area,Honed,oselkowane,simple
183.65380185256384,223.31743222772795,297.16816890965,229.42684525289502,272.5381756206323,365.33382951310733,1823.9483040052392,1738.0094316217455,2768.298898994887,-39.66363037516411,-113.51436705708616,-43.11133036773727,-135.9069842602123,85.9388723834936,-944.3505949896478,0.0,0.0,/Users/dawid/Library/Mobile Documents/com~apple~CloudDocs/Dokumenty/Publikacje własne/Manuscripts/Quantum_interference/data/C45_oselkowane.sur,258.8963244276525,810.0000000000001,809.0,532.0,655289.9999999508,Steel C45,C45,hybrid,256,256,0,,C45_oselkowane,area,Honed,oselkowane,simple
471.23499396797246,223.31743222772795,297.16816890965,593.1013129033371,272.5381756206323,365.33382951310733,4123.127004305972,1738.0094316217455,2768.298898994887,247.91756174024448,174.06682505832245,320.5631372827048,227.76748339022978,2385.117572684227,1354.8281053110854,0.0,0.0,/Users/dawid/Library/Mobile Documents/com~apple~CloudDocs/Dokumenty/Publikacje własne/Manuscripts/Quantum_interference/data/C45_oselkowane.sur,567.2601664962605,810.0000000000001,809.0,532.0,655289.9999999508,Steel C45,C45,classical,256,256,1,,C45_oselkowane,area,Honed,oselkowane,simple
604.449220615492,223.31743222772795,297.16816890965,758.8180979017351,272.5381756206323,365.33382951310733,6491.70058008674,1738.0094316217455,2768.298898994887,381.131788387764,307.28105170584195,486.2799222811028,393.4842683886278,4753.6911484649945,3723.4016810918533,0.0,0.0,/Users/dawid/Library/Mobile Documents/com~apple~CloudDocs/Dokumenty/Publikacje własne/Manuscripts/Quantum_interference/data/C45_oselkowane.sur,708.5807090914573,810.0000000000001,809.0,532.0,655289.9999999508,Steel C45,C45,quantum_like,256,256,1,,C45_oselkowane,area,Honed,oselkowane,simple
183.44084039396273,223.31743222772795,297.16816890965,229.0070176997705,272.5381756206323,365.33382951310733,2069.665056683228,1738.0094316217455,2768.298898994887,-39.87659183376521,-113.72732851568726,-43.5311579208618,-136.32681181333683,331.65562506148274,-698.6338423116587,0.0,0.0,/Users/dawid/Library/Mobile Documents/com~apple~CloudDocs/Dokumenty/Publikacje własne/Manuscripts/Quantum_interference/data/C45_oselkowane.sur,259.15845058500815,810.0000000000001,809.0,532.0,655289.9999999508,Steel C45,C45,hybrid,256,256,1,,C45_oselkowane,area,Honed,oselkowane,simple
470.59254388291856,223.31743222772795,297.16816890965,590.8859616946651,272.5381756206323,365.33382951310733,4128.66275114652,1738.0094316217455,2768.298898994887,247.2751116551906,173.42437497326856,318.3477860740328,225.55213218155777,2390.653319524775,1360.3638521516336,0.0,0.0,/Users/dawid/Library/Mobile Documents/com~apple~CloudDocs/Dokumenty/Publikacje własne/Manuscripts/Quantum_interference/data/C45_oselkowane.sur,566.4399993978835,810.0000000000001,809.0,532.0,655289.9999999508,Steel C45,C45,classical,256,256,2,,C45_oselkowane,area,Honed,oselkowane,simple
606.1241926720483,223.31743222772795,297.16816890965,758.2663007432722,272.5381756206323,365.33382951310733,6621.045959155379,1738.0094316217455,2768.298898994887,382.8067604443203,308.9560237623982,485.72812512263994,392.9324712301649,4883.036527533633,3852.747060160492,0.0,0.0,/Users/dawid/Library/Mobile Documents/com~apple~CloudDocs/Dokumenty/Publikacje własne/Manuscripts/Quantum_interference/data/C45_oselkowane.sur,709.3131098632963,810.0000000000001,809.0,532.0,655289.9999999508,Steel C45,C45,quantum_like,256,256,2,,C45_oselkowane,area,Honed,oselkowane,simple
183.620927224669,223.31743222772795,297.16816890965,228.8451295097171,272.5381756206323,365.33382951310733,1861.7881969166535,1738.0094316217455,2768.298898994887,-39.696505003058945,-113.54724168498099,-43.69304611091518,-136.48870000339022,123.778765294908,-906.5107020782334,0.0,0.0,/Users/dawid/Library/Mobile Documents/com~apple~CloudDocs/Dokumenty/Publikacje własne/Manuscripts/Quantum_interference/data/C45_oselkowane.sur,258.18345004119044,810.0000000000001,809.0,532.0,655289.9999999508,Steel C45,C45,hybrid,256,256,2,,C45_oselkowane,area,Honed,oselkowane,simple
468.1488807230613,223.31743222772795,297.16816890965,591.4754722481345,272.5381756206323,365.33382951310733,4122.400613202965,1738.0094316217455,2768.298898994887,244.8314484953334,170.98071181341135,318.9372966275021,226.1416427350271,2384.39118158122,1354.1017142080782,0.0,0.0,/Users/dawid/Library/Mobile Documents/com~apple~CloudDocs/Dokumenty/Publikacje własne/Manuscripts/Quantum_interference/data/C45_oselkowane.sur,565.9170319928492,810.0000000000001,809.0,532.0,655289.9999999508,Steel C45,C45,classical,256,256,3,,C45_oselkowane,area,Honed,oselkowane,simple
603.7856321217947,223.31743222772795,297.16816890965,756.3138422765838,272.5381756206323,365.33382951310733,6886.974550192383,1738.0094316217455,2768.298898994887,380.46819989406674,306.6174632121447,483.77566665595157,390.98001276347657,5148.965118570637,4118.675651197495,0.0,0.0,/Users/dawid/Library/Mobile Documents/com~apple~CloudDocs/Dokumenty/Publikacje własne/Manuscripts/Quantum_interference/data/C45_oselkowane.sur,705.4402316649762,810.0000000000001,809.0,532.0,655289.9999999508,Steel C45,C45,quantum_like,256,256,3,,C45_oselkowane,area,Honed,oselkowane,simple
185.7869872890136,223.31743222772795,297.16816890965,231.70698804681663,272.5381756206323,365.33382951310733,1800.8267286119922,1738.0094316217455,2768.298898994887,-37.53044493871435,-111.3811816206364,-40.83118757381566,-133.6268414662907,62.817296990246646,-967.4721703828948,0.0,0.0,/Users/dawid/Library/Mobile Documents/com~apple~CloudDocs/Dokumenty/Publikacje własne/Manuscripts/Quantum_interference/data/C45_oselkowane.sur,258.70120018469356,810.0000000000001,809.0,532.0,655289.9999999508,Steel C45,C45,hybrid,256,256,3,,C45_oselkowane,area,Honed,oselkowane,simple
659.5095276903647,201.86236291841112,304.0087497191734,859.1792951189885,252.25718011110456,380.88187998390504,6205.735631996401,1739.620230782732,2637.5771352498405,457.6471647719536,355.50077797119127,606.922115007884,478.2974151350835,4466.1154012136685,3568.1584967465606,0.0,0.0,/Users/dawid/Library/Mobile Documents/com~apple~CloudDocs/Dokumenty/Publikacje własne/Manuscripts/Quantum_interference/data/C45_szkielkowane.sur,878.4453868306658,810.0000000000001,809.0,532.0,655289.9999999508,Steel C45,C45,classical,256,256,0,,C45_szkielkowane,area,Glass bead blasted,szkielkowane,simple
599.9572930983618,201.86236291841112,304.0087497191734,751.7722838144135,252.25718011110456,380.88187998390504,6352.246259651386,1739.620230782732,2637.5771352498405,398.09493017995067,295.9485433791883,499.5151037033089,370.89040383050843,4612.6260288686535,3714.6691244015456,0.0,0.0,/Users/dawid/Library/Mobile Documents/com~apple~CloudDocs/Dokumenty/Publikacje własne/Manuscripts/Quantum_interference/data/C45_szkielkowane.sur,707.7829931992114,810.0000000000001,809.0,532.0,655289.9999999508,Steel C45,C45,quantum_like,256,256,0,,C45_szkielkowane,area,Glass bead blasted,szkielkowane,simple
156.51957158731457,201.86236291841112,304.0087497191734,195.6684173179552,252.25718011110456,380.88187998390504,1727.323340836686,1739.620230782732,2637.5771352498405,-45.34279133109654,-147.48917813185886,-56.58876279314936,-185.21346266594983,-12.296889946046138,-910.2537944131547,0.0,0.0,/Users/dawid/Library/Mobile Documents/com~apple~CloudDocs/Dokumenty/Publikacje własne/Manuscripts/Quantum_interference/data/C45_szkielkowane.sur,264.40348440082846,810.0000000000001,809.0,532.0,655289.9999999508,Steel C45,C45,hybrid,256,256,0,,C45_szkielkowane,area,Glass bead blasted,szkielkowane,simple
658.3259143480952,201.86236291841112,304.0087497191734,855.823628936231,252.25718011110456,380.88187998390504,6200.882876755138,1739.620230782732,2637.5771352498405,456.4635514296842,354.31716462892183,603.5664488251264,474.94174895232595,4461.262645972405,3563.305741505297,0.0,0.0,/Users/dawid/Library/Mobile Documents/com~apple~CloudDocs/Dokumenty/Publikacje własne/Manuscripts/Quantum_interference/data/C45_szkielkowane.sur,875.3814792070992,810.0000000000001,809.0,532.0,655289.9999999508,Steel C45,C45,classical,256,256,1,,C45_szkielkowane,area,Glass bead blasted,szkielkowane,simple
597.8288362352388,201.86236291841112,304.0087497191734,749.7664151921309,252.25718011110456,380.88187998390504,6672.989241658876,1739.620230782732,2637.5771352498405,395.9664733168276,293.8200865160653,497.50923508102636,368.8845352082259,4933.369010876144,4035.4121064090355,0.0,0.0,/Users/dawid/Library/Mobile Documents/com~apple~CloudDocs/Dokumenty/Publikacje własne/Manuscripts/Quantum_interference/data/C45_szkielkowane.sur,707.0242691314677,810.0000000000001,809.0,532.0,655289.9999999508,Steel C45,C45,quantum_like,256,256,1,,C45_szkielkowane,area,Glass bead blasted,szkielkowane,simple
154.8190813775643,201.86236291841112,304.0087497191734,194.1266434870714,252.25718011110456,380.88187998390504,1619.4602196213116,1739.620230782732,2637.5771352498405,-47.043281540846834,-149.18966834160915,-58.13053662403317,-186.75523649683365,-120.16001116142057,-1018.116915628529,0.0,0.0,/Users/dawid/Library/Mobile Documents/com~apple~CloudDocs/Dokumenty/Publikacje własne/Manuscripts/Quantum_interference/data/C45_szkielkowane.sur,264.215550657986,810.0000000000001,809.0,532.0,655289.9999999508,Steel C45,C45,hybrid,256,256,1,,C45_szkielkowane,area,Glass bead blasted,szkielkowane,simple
661.4881640834724,201.86236291841112,304.0087497191734,860.4132128748511,252.25718011110456,380.88187998390504,6193.274464309544,1739.620230782732,2637.5771352498405,459.6258011650613,357.47941436429903,608.1560327637466,479.5313328909461,4453.654233526812,3555.6973290597034,0.0,0.0,/Users/dawid/Library/Mobile Documents/com~apple~CloudDocs/Dokumenty/Publikacje własne/Manuscripts/Quantum_interference/data/C45_szkielkowane.sur,879.5553217685832,810.0000000000001,809.0,532.0,655289.9999999508,Steel C45,C45,classical,256,256,2,,C45_szkielkowane,area,Glass bead blasted,szkielkowane,simple
600.3351483167266,201.86236291841112,304.0087497191734,753.2093764810503,252.25718011110456,380.88187998390504,6683.509607070413,1739.620230782732,2637.5771352498405,398.47278539831547,296.3263985975532,500.95219636994574,372.32749649714526,4943.8893762876805,4045.9324718205726,0.0,0.0,/Users/dawid/Library/Mobile Documents/com~apple~CloudDocs/Dokumenty/Publikacje własne/Manuscripts/Quantum_interference/data/C45_szkielkowane.sur,708.0903784646273,810.0000000000001,809.0,532.0,655289.9999999508,Steel C45,C45,quantum_like,256,256,2,,C45_szkielkowane,area,Glass bead blasted,szkielkowane,simple
157.20620893954276,201.86236291841112,304.0087497191734,197.04746875422754,252.25718011110456,380.88187998390504,1748.2894362552254,1739.620230782732,2637.5771352498405,-44.65615397886835,-146.80254077963068,-55.209711356877044,-183.83441122967753,8.669205472493413,-889.2876989946151,0.0,0.0,/Users/dawid/Library/Mobile Documents/com~apple~CloudDocs/Dokumenty/Publikacje własne/Manuscripts/Quantum_interference/data/C45_szkielkowane.sur,264.96318628903697,810.0000000000001,809.0,532.0,655289.9999999508,Steel C45,C45,hybrid,256,256,2,,C45_szkielkowane,area,Glass bead blasted,szkielkowane,simple
659.0449785230663,201.86236291841112,304.0087497191734,859.9106621565003,252.25718011110456,380.88187998390504,6202.105216984157,1739.620230782732,2637.5771352498405,457.1826156046552,355.03622880389287,607.6534820453958,479.02878217259524,4462.484986201425,3564.5280817343164,0.0,0.0,/Users/dawid/Library/Mobile Documents/com~apple~CloudDocs/Dokumenty/Publikacje własne/Manuscripts/Quantum_interference/data/C45_szkielkowane.sur,879.5445544378686,810.0000000000001,809.0,532.0,655289.9999999508,Steel C45,C45,classical,256,256,3,,C45_szkielkowane,area,Glass bead blasted,szkielkowane,simple
604.6199351875865,201.86236291841112,304.0087497191734,756.5243187299304,252.25718011110456,380.88187998390504,6400.817711141984,1739.620230782732,2637.5771352498405,402.75757226917545,300.6111854684131,504.26713861882587,375.6424387460254,4661.197480359252,3763.2405758921436,0.0,0.0,/Users/dawid/Library/Mobile Documents/com~apple~CloudDocs/Dokumenty/Publikacje własne/Manuscripts/Quantum_interference/data/C45_szkielkowane.sur,712.362677502425,810.0000000000001,809.0,532.0,655289.9999999508,Steel C45,C45,quantum_like,256,256,3,,C45_szkielkowane,area,Glass bead blasted,szkielkowane,simple
156.3632642660573,201.86236291841112,304.0087497191734,195.38909679173747,252.25718011110456,380.88187998390504,1706.2291791303353,1739.620230782732,2637.5771352498405,-45.499098652353794,-147.6454854531161,-56.86808331936709,-185.49278319216756,-33.391051652396854,-931.3479561195053,0.0,0.0,/Users/dawid/Library/Mobile Documents/com~apple~CloudDocs/Dokumenty/Publikacje własne/Manuscripts/Quantum_interference/data/C45_szkielkowane.sur,265.2731707735993,810.0000000000001,809.0,532.0,655289.9999999508,Steel C45,C45,hybrid,256,256,3,,C45_szkielkowane,area,Glass bead blasted,szkielkowane,simple
630.093526495593,234.32438033986708,294.2677905732902,815.2653918663899,292.51105888481834,373.10076478927004,6147.3091311317,2256.4749962736864,4746.313267479542,395.76914615572593,335.8257359223028,522.7543329815715,442.1646270771198,3890.8341348580143,1400.9958636521583,0.0,0.0,/Users/dawid/Library/Mobile Documents/com~apple~CloudDocs/Dokumenty/Publikacje własne/Manuscripts/Quantum_interference/data/C45_szlifowane.sur,853.0437651619724,810.0000000000001,809.0,532.0,655289.9999999508,Steel C45,C45,classical,256,256,0,,C45_szlifowane,area,Grinding,szlifowane,simple
610.6545286405002,234.32438033986708,294.2677905732902,764.3797861426482,292.51105888481834,373.10076478927004,6407.85405820128,2256.4749962736864,4746.313267479542,376.33014830063314,316.38673806721,471.86872725782985,391.2790213533781,4151.379061927594,1661.5407907217382,0.0,0.0,/Users/dawid/Library/Mobile Documents/com~apple~CloudDocs/Dokumenty/Publikacje własne/Manuscripts/Quantum_interference/data/C45_szlifowane.sur,707.814120446643,810.0000000000001,809.0,532.0,655289.9999999508,Steel C45,C45,quantum_like,256,256,0,,C45_szlifowane,area,Grinding,szlifowane,simple
206.93279552762937,234.32438033986708,294.2677905732902,256.03554777834364,292.51105888481834,373.10076478927004,2021.6690434984105,2256.4749962736864,4746.313267479542,-27.391584812237717,-87.33499504566083,-36.47551110647468,-117.0652170109264,-234.80595277527598,-2724.6442239811317,0.0,0.0,/Users/dawid/Library/Mobile Documents/com~apple~CloudDocs/Dokumenty/Publikacje własne/Manuscripts/Quantum_interference/data/C45_szlifowane.sur,247.20897534290418,810.0000000000001,809.0,532.0,655289.9999999508,Steel C45,C45,hybrid,256,256,0,,C45_szlifowane,area,Grinding,szlifowane,simple
621.9595663973969,234.32438033986708,294.2677905732902,808.4188336240113,292.51105888481834,373.10076478927004,6314.91372824028,2256.4749962736864,4746.313267479542,387.6351860575298,327.6917758241066,515.907774739193,435.3180688347412,4058.4387319665934,1568.6004607607374,0.0,0.0,/Users/dawid/Library/Mobile Documents/com~apple~CloudDocs/Dokumenty/Publikacje własne/Manuscripts/Quantum_interference/data/C45_szlifowane.sur,845.6166302961724,810.0000000000001,809.0,532.0,655289.9999999508,Steel C45,C45,classical,256,256,1,,C45_szlifowane,area,Grinding,szlifowane,simple
615.6174086115682,234.32438033986708,294.2677905732902,769.4746375127521,292.51105888481834,373.10076478927004,6338.963754517095,2256.4749962736864,4746.313267479542,381.29302827170113,321.349618038278,476.96357862793377,396.37387272348207,4082.488758243409,1592.650487037553,0.0,0.0,/Users/dawid/Library/Mobile Documents/com~apple~CloudDocs/Dokumenty/Publikacje własne/Manuscripts/Quantum_interference/data/C45_szlifowane.sur,711.7665590743314,810.0000000000001,809.0,532.0,655289.9999999508,Steel C45,C45,quantum_like,256,256,1,,C45_szlifowane,area,Grinding,szlifowane,simple
206.66867392415298,234.32438033986708,294.2677905732902,255.1172538291372,292.51105888481834,373.10076478927004,1921.3270579089735,2256.4749962736864,4746.313267479542,-27.655706415714093,-87.59911664913722,-37.39380505568112,-117.98351096013283,-335.1479383647129,-2824.986209570569,0.0,0.0,/Users/dawid/Library/Mobile Documents/com~apple~CloudDocs/Dokumenty/Publikacje własne/Manuscripts/Quantum_interference/data/C45_szlifowane.sur,247.47885634273104,810.0000000000001,809.0,532.0,655289.9999999508,Steel C45,C45,hybrid,256,256,1,,C45_szlifowane,area,Grinding,szlifowane,simple
620.123123940675,234.32438033986708,294.2677905732902,810.7970264151569,292.51105888481834,373.10076478927004,6147.078483385598,2256.4749962736864,4746.313267479542,385.79874360080794,325.8553333673848,518.2859675303386,437.6962616258869,3890.603487111912,1400.7652159060558,0.0,0.0,/Users/dawid/Library/Mobile Documents/com~apple~CloudDocs/Dokumenty/Publikacje własne/Manuscripts/Quantum_interference/data/C45_szlifowane.sur,847.8047103963288,810.0000000000001,809.0,532.0,655289.9999999508,Steel C45,C45,classical,256,256,2,,C45_szlifowane,area,Grinding,szlifowane,simple
614.4137786716404,234.32438033986708,294.2677905732902,771.052734078577,292.51105888481834,373.10076478927004,6660.859838454851,2256.4749962736864,4746.313267479542,380.08939833177345,320.1459880983503,478.54167519375864,397.95196928930693,4404.3848421811645,1914.5465709753087,0.0,0.0,/Users/dawid/Library/Mobile Documents/com~apple~CloudDocs/Dokumenty/Publikacje własne/Manuscripts/Quantum_interference/data/C45_szlifowane.sur,711.4223924512384,810.0000000000001,809.0,532.0,655289.9999999508,Steel C45,C45,quantum_like,256,256,2,,C45_szlifowane,area,Grinding,szlifowane,simple
210.6671575070694,234.32438033986708,294.2677905732902,261.70323376755533,292.51105888481834,373.10076478927004,2097.3750728231403,2256.4749962736864,4746.313267479542,-23.657222832797682,-83.6006330662208,-30.807825117263025,-111.39753102171474,-159.09992345054627,-2648.938194656402,0.0,0.0,/Users/dawid/Library/Mobile Documents/com~apple~CloudDocs/Dokumenty/Publikacje własne/Manuscripts/Quantum_interference/data/C45_szlifowane.sur,245.98859936004226,810.0000000000001,809.0,532.0,655289.9999999508,Steel C45,C45,hybrid,256,256,2,,C45_szlifowane,area,Grinding,szlifowane,simple
621.7825586801284,234.32438033986708,294.2677905732902,807.7908709795784,292.51105888481834,373.10076478927004,6147.07712966897,2256.4749962736864,4746.313267479542,387.4581783402614,327.5147681068383,515.2798120947601,434.69010619030837,3890.6021333952835,1400.7638621894278,0.0,0.0,/Users/dawid/Library/Mobile Documents/com~apple~CloudDocs/Dokumenty/Publikacje własne/Manuscripts/Quantum_interference/data/C45_szlifowane.sur,845.9517779814051,810.0000000000001,809.0,532.0,655289.9999999508,Steel C45,C45,classical,256,256,3,,C45_szlifowane,area,Grinding,szlifowane,simple
613.1659284254982,234.32438033986708,294.2677905732902,767.0975400685251,292.51105888481834,373.10076478927004,6359.325173674374,2256.4749962736864,4746.313267479542,378.84154808563113,318.898137852208,474.5864811837067,393.996775279255,4102.850177400688,1613.0119061948321,0.0,0.0,/Users/dawid/Library/Mobile Documents/com~apple~CloudDocs/Dokumenty/Publikacje własne/Manuscripts/Quantum_interference/data/C45_szlifowane.sur,708.5252654411152,810.0000000000001,809.0,532.0,655289.9999999508,Steel C45,C45,quantum_like,256,256,3,,C45_szlifowane,area,Grinding,szlifowane,simple
209.25589499684955,234.32438033986708,294.2677905732902,260.0592504628087,292.51105888481834,373.10076478927004,1916.0701301800411,2256.4749962736864,4746.313267479542,-25.068485343017542,-85.01189557644066,-32.45180842200965,-113.04151432646137,-340.40486609364524,-2830.243137299501,0.0,0.0,/Users/dawid/Library/Mobile Documents/com~apple~CloudDocs/Dokumenty/Publikacje własne/Manuscripts/Quantum_interference/data/C45_szlifowane.sur,246.0911145034772,810.0000000000001,809.0,532.0,655289.9999999508,Steel C45,C45,hybrid,256,256,3,,C45_szlifowane,area,Grinding,szlifowane,simple
715.2693315172737,2732.958658307945,3227.486193601588,929.5369715713119,3775.7730527330605,4810.678022931261,8345.4570932299,91545.0493924157,102791.46656079737,-2017.6893267906712,-2512.2168620843145,-2846.2360811617486,-3881.141051359949,-83199.5922991858,-94446.00946756748,0.0,0.0,/Users/dawid/Library/Mobile Documents/com~apple~CloudDocs/Dokumenty/Publikacje własne/Manuscripts/Quantum_interference/data/C45_t_wyk.sur,3909.003461824212,810.0000000000001,809.0,532.0,655289.9999999508,Steel C45,C45,classical,256,256,0,,C45_t_wyk,area,Turning (finishing),t_wyk,simple
2801.6414432223596,2732.958658307945,3227.486193601588,3844.4957193021796,3775.7730527330605,4810.678022931261,92096.42946485111,91545.0493924157,102791.46656079737,68.68278491441494,-425.84475037922823,68.72266656911903,-966.1823036290813,551.3800724354131,-10695.037095946262,0.0,0.0,/Users/dawid/Library/Mobile Documents/com~apple~CloudDocs/Dokumenty/Publikacje własne/Manuscripts/Quantum_interference/data/C45_t_wyk.sur,710.7144423139753,810.0000000000001,809.0,532.0,655289.9999999508,Steel C45,C45,quantum_like,256,256,0,,C45_t_wyk,area,Turning (finishing),t_wyk,simple
1691.3361172933235,2732.958658307945,3227.486193601588,2214.5964958436857,3775.7730527330605,4810.678022931261,29254.047429724862,91545.0493924157,102791.46656079737,-1041.6225410146212,-1536.1500763082645,-1561.1765568893745,-2596.0815270875746,-62291.00196269084,-73537.41913107251,0.0,0.0,/Users/dawid/Library/Mobile Documents/com~apple~CloudDocs/Dokumenty/Publikacje własne/Manuscripts/Quantum_interference/data/C45_t_wyk.sur,2658.030903114409,810.0000000000001,809.0,532.0,655289.9999999508,Steel C45,C45,hybrid,256,256,0,,C45_t_wyk,area,Turning (finishing),t_wyk,simple
734.3309290076247,2732.958658307945,3227.486193601588,949.8311796420102,3775.7730527330605,4810.678022931261,9050.591441608332,91545.0493924157,102791.46656079737,-1998.6277293003202,-2493.1552645939632,-2825.94187309105,-3860.846843289251,-82494.45795080737,-93740.87511918903,0.0,0.0,/Users/dawid/Library/Mobile Documents/com~apple~CloudDocs/Dokumenty/Publikacje własne/Manuscripts/Quantum_interference/data/C45_t_wyk.sur,3917.7421094049655,810.0000000000001,809.0,532.0,655289.9999999508,Steel C45,C45,classical,256,256,1,,C45_t_wyk,area,Turning (finishing),t_wyk,simple
2796.0220326334315,2732.958658307945,3227.486193601588,3841.8843478820904,3775.7730527330605,4810.678022931261,91461.9060808894,91545.0493924157,102791.46656079737,63.06337432548659,-431.4641609681566,66.11129514903003,-968.7936750491702,-83.14331152629396,-11329.560479907968,0.0,0.0,/Users/dawid/Library/Mobile Documents/com~apple~CloudDocs/Dokumenty/Publikacje własne/Manuscripts/Quantum_interference/data/C45_t_wyk.sur,706.5373629878671,810.0000000000001,809.0,532.0,655289.9999999508,Steel C45,C45,quantum_like,256,256,1,,C45_t_wyk,area,Turning (finishing),t_wyk,simple
1688.6924603072573,2732.958658307945,3227.486193601588,2213.185768374825,3775.7730527330605,4810.678022931261,29265.243231483226,91545.0493924157,102791.46656079737,-1044.2661980006874,-1538.7937332943307,-1562.5872843582358,-2597.492254556436,-62279.80616093247,-73526.22332931415,0.0,0.0,/Users/dawid/Library/Mobile Documents/com~apple~CloudDocs/Dokumenty/Publikacje własne/Manuscripts/Quantum_interference/data/C45_t_wyk.sur,2659.629123514719,810.0000000000001,809.0,532.0,655289.9999999508,Steel C45,C45,hybrid,256,256,1,,C45_t_wyk,area,Turning (finishing),t_wyk,simple
730.2007982650715,2732.958658307945,3227.486193601588,946.2264966455814,3775.7730527330605,4810.678022931261,8695.934185894108,91545.0493924157,102791.46656079737,-2002.757860042873,-2497.285395336516,-2829.546556087479,-3864.4515262856794,-82849.11520652159,-94095.53237490327,0.0,0.0,/Users/dawid/Library/Mobile Documents/com~apple~CloudDocs/Dokumenty/Publikacje własne/Manuscripts/Quantum_interference/data/C45_t_wyk.sur,3915.435151051259,810.0000000000001,809.0,532.0,655289.9999999508,Steel C45,C45,classical,256,256,2,,C45_t_wyk,area,Turning (finishing),t_wyk,simple
2798.2793632192115,2732.958658307945,3227.486193601588,3846.8238864643668,3775.7730527330605,4810.678022931261,91259.01801942618,91545.0493924157,102791.46656079737,65.3207049112666,-429.20683038237655,71.05083373130654,-963.8541364668937,-286.03137298952356,-11532.448541371197,0.0,0.0,/Users/dawid/Library/Mobile Documents/com~apple~CloudDocs/Dokumenty/Publikacje własne/Manuscripts/Quantum_interference/data/C45_t_wyk.sur,711.4289904166151,810.0000000000001,809.0,532.0,655289.9999999508,Steel C45,C45,quantum_like,256,256,2,,C45_t_wyk,area,Turning (finishing),t_wyk,simple
1692.7399845137052,2732.958658307945,3227.486193601588,2217.9839965737065,3775.7730527330605,4810.678022931261,29265.709894484928,91545.0493924157,102791.46656079737,-1040.2186737942395,-1534.7462090878828,-1557.7890561593538,-2592.6940263575543,-62279.33949793078,-73525.75666631245,0.0,0.0,/Users/dawid/Library/Mobile Documents/com~apple~CloudDocs/Dokumenty/Publikacje własne/Manuscripts/Quantum_interference/data/C45_t_wyk.sur,2657.445874761296,810.0000000000001,809.0,532.0,655289.9999999508,Steel C45,C45,hybrid,256,256,2,,C45_t_wyk,area,Turning (finishing),t_wyk,simple
733.832173165431,2732.958658307945,3227.486193601588,948.9264777948199,3775.7730527330605,4810.678022931261,8493.459790857842,91545.0493924157,102791.46656079737,-1999.126485142514,-2493.654020436157,-2826.8465749382403,-3861.7515451364407,-83051.58960155786,-94298.00676993953,0.0,0.0,/Users/dawid/Library/Mobile Documents/com~apple~CloudDocs/Dokumenty/Publikacje własne/Manuscripts/Quantum_interference/data/C45_t_wyk.sur,3916.6183225859613,810.0000000000001,809.0,532.0,655289.9999999508,Steel C45,C45,classical,256,256,3,,C45_t_wyk,area,Turning (finishing),t_wyk,simple
2795.7805323477646,2732.958658307945,3227.486193601588,3840.6275615507034,3775.7730527330605,4810.678022931261,91619.34204650918,91545.0493924157,102791.46656079737,62.82187403981986,-431.7056612538233,64.85450881764275,-970.0504613805575,74.29265409347697,-11172.124514288196,0.0,0.0,/Users/dawid/Library/Mobile Documents/com~apple~CloudDocs/Dokumenty/Publikacje własne/Manuscripts/Quantum_interference/data/C45_t_wyk.sur,706.0083522396865,810.0000000000001,809.0,532.0,655289.9999999508,Steel C45,C45,quantum_like,256,256,3,,C45_t_wyk,area,Turning (finishing),t_wyk,simple
1684.6604280929719,2732.958658307945,3227.486193601588,2209.7694887190887,3775.7730527330605,4810.678022931261,29510.487102114057,91545.0493924157,102791.46656079737,-1048.298230214973,-1542.8257655086163,-1566.0035640139715,-2600.9085342121716,-62034.56229030165,-73280.97945868333,0.0,0.0,/Users/dawid/Library/Mobile Documents/com~apple~CloudDocs/Dokumenty/Publikacje własne/Manuscripts/Quantum_interference/data/C45_t_wyk.sur,2659.10519222329,810.0000000000001,809.0,532.0,655289.9999999508,Steel C45,C45,hybrid,256,256,3,,C45_t_wyk,area,Turning (finishing),t_wyk,simple
703.2127917794129,1234.8140560888633,1520.863677324698,904.0173469852285,1847.786756643374,2711.1025465307293,6954.571089995404,36468.104434120825,95448.76015739111,-531.6012643094504,-817.6508855452852,-943.7694096581454,-1807.0851995455005,-29513.533344125422,-88494.1890673957,0.0,0.0,/Users/dawid/Library/Mobile Documents/com~apple~CloudDocs/Dokumenty/Publikacje własne/Manuscripts/Quantum_interference/data/ELLOR_t_wyk.sur,2037.1043516987913,810.0000000000001,809.0,532.0,655289.9999999508,Graphite,ELLOR,classical,256,256,0,,ELLOR_t_wyk,area,Turning (finishing),t_wyk,simple
1374.900253535374,1234.8140560888633,1520.863677324698,1978.4531064030066,1847.786756643374,2711.1025465307293,36047.116920007305,36468.104434120825,95448.76015739111,140.08619744651082,-145.9634237893239,130.66634975963257,-732.6494401277225,-420.9875141135245,-59401.6432373838,0.0,0.0,/Users/dawid/Library/Mobile Documents/com~apple~CloudDocs/Dokumenty/Publikacje własne/Manuscripts/Quantum_interference/data/ELLOR_t_wyk.sur,709.8960282003343,810.0000000000001,809.0,532.0,655289.9999999508,Graphite,ELLOR,quantum_like,256,256,0,,ELLOR_t_wyk,area,Turning (finishing),t_wyk,simple
673.1906525837691,1234.8140560888633,1520.863677324698,901.149801099043,1847.786756643374,2711.1025465307293,11605.526950333619,36468.104434120825,95448.76015739111,-561.6234035050942,-847.6730247409289,-946.6369555443309,-1809.9527454316863,-24862.57748378721,-83843.23320705748,0.0,0.0,/Users/dawid/Library/Mobile Documents/com~apple~CloudDocs/Dokumenty/Publikacje własne/Manuscripts/Quantum_interference/data/ELLOR_t_wyk.sur,1410.470628688787,810.0000000000001,809.0,532.0,655289.9999999508,Graphite,ELLOR,hybrid,256,256,0,,ELLOR_t_wyk,area,Turning (finishing),t_wyk,simple
704.2564262102559,1234.8140560888633,1520.863677324698,908.0320892310101,1847.786756643374,2711.1025465307293,7206.630127819107,36468.104434120825,95448.76015739111,-530.5576298786074,-816.6072511144421,-939.7546674123639,-1803.070457299719,-29261.47430630172,-88242.130029572,0.0,0.0,/Users/dawid/Library/Mobile Documents/com~apple~CloudDocs/Dokumenty/Publikacje własne/Manuscripts/Quantum_interference/data/ELLOR_t_wyk.sur,2037.2552098200426,810.0000000000001,809.0,532.0,655289.9999999508,Graphite,ELLOR,classical,256,256,1,,ELLOR_t_wyk,area,Turning (finishing),t_wyk,simple
1376.975439713362,1234.8140560888633,1520.863677324698,1980.8467960467733,1847.786756643374,2711.1025465307293,36498.89558066552,36468.104434120825,95448.76015739111,142.16138362449885,-143.88823761133588,133.06003940339926,-730.2557504839559,30.79114654469772,-58949.86457672558,0.0,0.0,/Users/dawid/Library/Mobile Documents/com~apple~CloudDocs/Dokumenty/Publikacje własne/Manuscripts/Quantum_interference/data/ELLOR_t_wyk.sur,709.9820092096687,810.0000000000001,809.0,532.0,655289.9999999508,Graphite,ELLOR,quantum_like,256,256,1,,ELLOR_t_wyk,area,Turning (finishing),t_wyk,simple
677.975477308827,1234.8140560888633,1520.863677324698,904.9103425526388,1847.786756643374,2711.1025465307293,11561.734074331303,36468.104434120825,95448.76015739111,-556.8385787800363,-842.888200015871,-942.8764140907352,-1806.1922039780904,-24906.370359789522,-83887.0260830598,0.0,0.0,/Users/dawid/Library/Mobile Documents/com~apple~CloudDocs/Dokumenty/Publikacje własne/Manuscripts/Quantum_interference/data/ELLOR_t_wyk.sur,1411.477996353645,810.0000000000001,809.0,532.0,655289.9999999508,Graphite,ELLOR,hybrid,256,256,1,,ELLOR_t_wyk,area,Turning (finishing),t_wyk,simple
710.4963831102137,1234.8140560888633,1520.863677324698,918.3483393261486,1847.786756643374,2711.1025465307293,7490.551115446058,36468.104434120825,95448.76015739111,-524.3176729786495,-810.3672942144842,-929.4384173172255,-1792.7542072045806,-28977.553318674767,-87958.20904194505,0.0,0.0,/Users/dawid/Library/Mobile Documents/com~apple~CloudDocs/Dokumenty/Publikacje własne/Manuscripts/Quantum_interference/data/ELLOR_t_wyk.sur,2040.226812056197,810.0000000000001,809.0,532.0,655289.9999999508,Graphite,ELLOR,classical,256,256,2,,ELLOR_t_wyk,area,Turning (finishing),t_wyk,simple
1373.2263359180072,1234.8140560888633,1520.863677324698,1976.7661114716173,1847.786756643374,2711.1025465307293,35535.90909855819,36468.104434120825,95448.76015739111,138.4122798291438,-147.63734140669092,128.97935482824323,-734.336435059112,-932.1953355626364,-59912.851058832915,0.0,0.0,/Users/dawid/Library/Mobile Documents/com~apple~CloudDocs/Dokumenty/Publikacje własne/Manuscripts/Quantum_interference/data/ELLOR_t_wyk.sur,708.9324914638779,810.0000000000001,809.0,532.0,655289.9999999508,Graphite,ELLOR,quantum_like,256,256,2,,ELLOR_t_wyk,area,Turning (finishing),t_wyk,simple
669.9533984595001,1234.8140560888633,1520.863677324698,896.4657607727133,1847.786756643374,2711.1025465307293,11928.762292305453,36468.104434120825,95448.76015739111,-564.8606576293631,-850.9102788651978,-951.3209958706607,-1814.6367857580158,-24539.34214181537,-83519.99786508565,0.0,0.0,/Users/dawid/Library/Mobile Documents/com~apple~CloudDocs/Dokumenty/Publikacje własne/Manuscripts/Quantum_interference/data/ELLOR_t_wyk.sur,1411.7347560496057,810.0000000000001,809.0,532.0,655289.9999999508,Graphite,ELLOR,hybrid,256,256,2,,ELLOR_t_wyk,area,Turning (finishing),t_wyk,simple
696.4890482015609,1234.8140560888633,1520.863677324698,902.6365681214353,1847.786756643374,2711.1025465307293,7240.339453891171,36468.104434120825,95448.76015739111,-538.3250078873024,-824.3746291231371,-945.1501885219386,-1808.4659784092937,-29227.76498022966,-88208.42070349993,0.0,0.0,/Users/dawid/Library/Mobile Documents/com~apple~CloudDocs/Dokumenty/Publikacje własne/Manuscripts/Quantum_interference/data/ELLOR_t_wyk.sur,2043.6383211249308,810.0000000000001,809.0,532.0,655289.9999999508,Graphite,ELLOR,classical,256,256,3,,ELLOR_t_wyk,area,Turning (finishing),t_wyk,simple
1374.7892957625786,1234.8140560888633,1520.863677324698,1979.8548098823912,1847.786756643374,2711.1025465307293,38514.62979555842,36468.104434120825,95448.76015739111,139.9752396737154,-146.07438156211933,132.06805323901727,-731.2477366483379,2046.5253614375947,-56934.130361832686,0.0,0.0,/Users/dawid/Library/Mobile Documents/com~apple~CloudDocs/Dokumenty/Publikacje własne/Manuscripts/Quantum_interference/data/ELLOR_t_wyk.sur,706.7830213058973,810.0000000000001,809.0,532.0,655289.9999999508,Graphite,ELLOR,quantum_like,256,256,3,,ELLOR_t_wyk,area,Turning (finishing),t_wyk,simple
673.3772078272287,1234.8140560888633,1520.863677324698,898.820985467319,1847.786756643374,2711.1025465307293,11815.214303673223,36468.104434120825,95448.76015739111,-561.4368482616345,-847.4864694974692,-948.9657711760549,-1812.28156106341,-24652.890130447602,-83633.5458537179,0.0,0.0,/Users/dawid/Library/Mobile Documents/com~apple~CloudDocs/Dokumenty/Publikacje własne/Manuscripts/Quantum_interference/data/ELLOR_t_wyk.sur,1410.902542870174,810.0000000000001,809.0,532.0,655289.9999999508,Graphite,ELLOR,hybrid,256,256,3,,ELLOR_t_wyk,area,Turning (finishing),t_wyk,simple
535.2046786769951,164.77047735641173,182.7126111276782,694.6081730408648,327.645724642529,690.4123953098978,5388.05963987732,24322.604544626112,72932.940179508,370.43420132058327,352.4920675493168,366.9624483983358,4.195777730967019,-18934.544904748793,-67544.88053963069,0.0,0.0,/Users/dawid/Library/Mobile Documents/com~apple~CloudDocs/Dokumenty/Publikacje własne/Manuscripts/Quantum_interference/data/Graphite_oselkowane.sur,766.8086027374387,810.0000000000001,809.0,532.0,655289.9999999508,Graphite,Graphite,classical,256,256,0,,Graphite_oselkowane,area,Honed,oselkowane,simple
597.1921738274882,164.77047735641173,182.7126111276782,778.7488064540371,327.645724642529,690.4123953098978,23687.455651459313,24322.604544626112,72932.940179508,432.4216964710764,414.47956269980995,451.1030818115081,88.33641114413929,-635.1488931667981,-49245.484528048684,0.0,0.0,/Users/dawid/Library/Mobile Documents/com~apple~CloudDocs/Dokumenty/Publikacje własne/Manuscripts/Quantum_interference/data/Graphite_oselkowane.sur,707.8982769878222,810.0000000000001,809.0,532.0,655289.9999999508,Graphite,Graphite,quantum_like,256,256,0,,Graphite_oselkowane,area,Honed,oselkowane,simple
189.50383308911253,164.77047735641173,182.7126111276782,259.0877081275693,327.645724642529,690.4123953098978,6447.800348460555,24322.604544626112,72932.940179508,24.73335573270079,6.791221961434334,-68.55801651495969,-431.3246871823285,-17874.804196165558,-66485.13983104746,0.0,0.0,/Users/dawid/Library/Mobile Documents/com~apple~CloudDocs/Dokumenty/Publikacje własne/Manuscripts/Quantum_interference/data/Graphite_oselkowane.sur,259.7694835031092,810.0000000000001,809.0,532.0,655289.9999999508,Graphite,Graphite,hybrid,256,256,0,,Graphite_oselkowane,area,Honed,oselkowane,simple
538.6695036169754,164.77047735641173,182.7126111276782,697.840695913005,327.645724642529,690.4123953098978,5657.32035984851,24322.604544626112,72932.940179508,373.89902626056363,355.9568924892971,370.194971270476,7.42830060310724,-18665.284184777604,-67275.61981965949,0.0,0.0,/Users/dawid/Library/Mobile Documents/com~apple~CloudDocs/Dokumenty/Publikacje własne/Manuscripts/Quantum_interference/data/Graphite_oselkowane.sur,768.6937314758717,810.0000000000001,809.0,532.0,655289.9999999508,Graphite,Graphite,classical,256,256,1,,Graphite_oselkowane,area,Honed,oselkowane,simple
599.4903318933589,164.77047735641173,182.7126111276782,780.9411122385243,327.645724642529,690.4123953098978,24026.806699708814,24322.604544626112,72932.940179508,434.7198545369472,416.77772076568067,453.29538759599535,90.52871692862658,-295.7978449172994,-48906.13347979919,0.0,0.0,/Users/dawid/Library/Mobile Documents/com~apple~CloudDocs/Dokumenty/Publikacje własne/Manuscripts/Quantum_interference/data/Graphite_oselkowane.sur,709.2955577274028,810.0000000000001,809.0,532.0,655289.9999999508,Graphite,Graphite,quantum_like,256,256,1,,Graphite_oselkowane,area,Honed,oselkowane,simple
190.07304383762065,164.77047735641173,182.7126111276782,262.33424046674793,327.645724642529,690.4123953098978,6440.40012793238,24322.604544626112,72932.940179508,25.302566481208906,7.360432709942451,-65.31148417578102,-428.07815484314983,-17882.204416693734,-66492.54005157562,0.0,0.0,/Users/dawid/Library/Mobile Documents/com~apple~CloudDocs/Dokumenty/Publikacje własne/Manuscripts/Quantum_interference/data/Graphite_oselkowane.sur,259.2171030962635,810.0000000000001,809.0,532.0,655289.9999999508,Graphite,Graphite,hybrid,256,256,1,,Graphite_oselkowane,area,Honed,oselkowane,simple
540.4530397695507,164.77047735641173,182.7126111276782,702.8451113265093,327.645724642529,690.4123953098978,5504.58159586387,24322.604544626112,72932.940179508,375.68256241313907,357.74042864187254,375.1993866839803,12.432716016611552,-18818.022948762242,-67428.35858364413,0.0,0.0,/Users/dawid/Library/Mobile Documents/com~apple~CloudDocs/Dokumenty/Publikacje własne/Manuscripts/Quantum_interference/data/Graphite_oselkowane.sur,775.5401607655492,810.0000000000001,809.0,532.0,655289.9999999508,Graphite,Graphite,classical,256,256,2,,Graphite_oselkowane,area,Honed,oselkowane,simple
597.9389783421593,164.77047735641173,182.7126111276782,780.3735961006369,327.645724642529,690.4123953098978,24529.16359335272,24322.604544626112,72932.940179508,433.16850098574764,415.2263672144811,452.72787145810787,89.96120079073908,206.55904872660727,-48403.77658615528,0.0,0.0,/Users/dawid/Library/Mobile Documents/com~apple~CloudDocs/Dokumenty/Publikacje własne/Manuscripts/Quantum_interference/data/Graphite_oselkowane.sur,708.6460002931096,810.0000000000001,809.0,532.0,655289.9999999508,Graphite,Graphite,quantum_like,256,256,2,,Graphite_oselkowane,area,Honed,oselkowane,simple
193.69985217714117,164.77047735641173,182.7126111276782,264.5993978677594,327.645724642529,690.4123953098978,6168.800684536801,24322.604544626112,72932.940179508,28.92937482072944,10.987241049462984,-63.04632677476953,-425.81299744213834,-18153.803860089312,-66764.1394949712,0.0,0.0,/Users/dawid/Library/Mobile Documents/com~apple~CloudDocs/Dokumenty/Publikacje własne/Manuscripts/Quantum_interference/data/Graphite_oselkowane.sur,261.15618336778283,810.0000000000001,809.0,532.0,655289.9999999508,Graphite,Graphite,hybrid,256,256,2,,Graphite_oselkowane,area,Honed,oselkowane,simple
538.4684367962402,164.77047735641173,182.7126111276782,700.3507133221087,327.645724642529,690.4123953098978,5644.051589334244,24322.604544626112,72932.940179508,373.6979594398284,355.75582566856195,372.7049886795798,9.93831801221102,-18678.55295529187,-67288.88859017375,0.0,0.0,/Users/dawid/Library/Mobile Documents/com~apple~CloudDocs/Dokumenty/Publikacje własne/Manuscripts/Quantum_interference/data/Graphite_oselkowane.sur,773.3004883141575,810.0000000000001,809.0,532.0,655289.9999999508,Graphite,Graphite,classical,256,256,3,,Graphite_oselkowane,area,Honed,oselkowane,simple
602.5171936558505,164.77047735641173,182.7126111276782,782.5050715947917,327.645724642529,690.4123953098978,23806.445711899312,24322.604544626112,72932.940179508,437.74671629943873,419.80458252817226,454.85934695226274,92.09267628489397,-516.1588327268,-49126.494467608696,0.0,0.0,/Users/dawid/Library/Mobile Documents/com~apple~CloudDocs/Dokumenty/Publikacje własne/Manuscripts/Quantum_interference/data/Graphite_oselkowane.sur,711.970919929922,810.0000000000001,809.0,532.0,655289.9999999508,Graphite,Graphite,quantum_like,256,256,3,,Graphite_oselkowane,area,Honed,oselkowane,simple
193.54789334834857,164.77047735641173,182.7126111276782,264.99853564416145,327.645724642529,690.4123953098978,6111.582514988547,24322.604544626112,72932.940179508,28.777415991936824,10.835282220670369,-62.64718899836752,-425.4138596657363,-18211.022029637566,-66821.35766451946,0.0,0.0,/Users/dawid/Library/Mobile Documents/com~apple~CloudDocs/Dokumenty/Publikacje własne/Manuscripts/Quantum_interference/data/Graphite_oselkowane.sur,259.4502230202662,810.0000000000001,809.0,532.0,655289.9999999508,Graphite,Graphite,hybrid,256,256,3,,Graphite_oselkowane,area,Honed,oselkowane,simple
692.7797590239267,3829.3307503464025,4108.088201239449,909.2869123891105,4832.412944308994,5287.391144681693,6872.022757049459,69264.72898160366,134314.12938102838,-3136.550991322476,-3415.3084422155225,-3923.1260319198836,-4378.104232292582,-62392.70622455421,-127442.10662397892,0.0,0.0,/Users/dawid/Library/Mobile Documents/com~apple~CloudDocs/Dokumenty/Publikacje własne/Manuscripts/Quantum_interference/data/Graphite_szkielkowane.sur,4898.38730505203,810.0000000000001,809.0,532.0,655289.9999999508,Graphite,Graphite,classical,256,256,0,,Graphite_szkielkowane,area,Glass bead blasted,szkielkowane,simple
3866.8258001392305,3829.3307503464025,4108.088201239449,4881.973193259143,4832.412944308994,5287.391144681693,70493.73844990073,69264.72898160366,134314.12938102838,37.495049792828134,-241.2624011002184,49.56024895014833,-405.41795142254995,1229.0094682970616,-63820.39093112766,0.0,0.0,/Users/dawid/Library/Mobile Documents/com~apple~CloudDocs/Dokumenty/Publikacje własne/Manuscripts/Quantum_interference/data/Graphite_szkielkowane.sur,707.9585063013951,810.0000000000001,809.0,532.0,655289.9999999508,Graphite,Graphite,quantum_like,256,256,0,,Graphite_szkielkowane,area,Glass bead blasted,szkielkowane,simple
2620.3902938010033,3829.3307503464025,4108.088201239449,3339.17187972206,4832.412944308994,5287.391144681693,25780.227781208723,69264.72898160366,134314.12938102838,-1208.9404565453992,-1487.6979074384458,-1493.241064586934,-1948.2192649596323,-43484.501200394945,-108533.90159981967,0.0,0.0,/Users/dawid/Library/Mobile Documents/com~apple~CloudDocs/Dokumenty/Publikacje własne/Manuscripts/Quantum_interference/data/Graphite_szkielkowane.sur,2425.9413043144027,810.0000000000001,809.0,532.0,655289.9999999508,Graphite,Graphite,hybrid,256,256,0,,Graphite_szkielkowane,area,Glass bead blasted,szkielkowane,simple
696.0922592190046,3829.3307503464025,4108.088201239449,914.8133718049432,4832.412944308994,5287.391144681693,7026.121608109966,69264.72898160366,134314.12938102838,-3133.238491127398,-3411.9959420204445,-3917.5995725040507,-4372.577772876749,-62238.6073734937,-127288.00777291844,0.0,0.0,/Users/dawid/Library/Mobile Documents/com~apple~CloudDocs/Dokumenty/Publikacje własne/Manuscripts/Quantum_interference/data/Graphite_szkielkowane.sur,4898.795087137976,810.0000000000001,809.0,532.0,655289.9999999508,Graphite,Graphite,classical,256,256,1,,Graphite_szkielkowane,area,Glass bead blasted,szkielkowane,simple
3872.9807824158925,3829.3307503464025,4108.088201239449,4889.292060228599,4832.412944308994,5287.391144681693,68190.50970645394,69264.72898160366,134314.12938102838,43.650032069489846,-235.10741882355669,56.87911591960502,-398.09908445309327,-1074.2192751497244,-66123.61967457445,0.0,0.0,/Users/dawid/Library/Mobile Documents/com~apple~CloudDocs/Dokumenty/Publikacje własne/Manuscripts/Quantum_interference/data/Graphite_szkielkowane.sur,710.551472011378,810.0000000000001,809.0,532.0,655289.9999999508,Graphite,Graphite,quantum_like,256,256,1,,Graphite_szkielkowane,area,Glass bead blasted,szkielkowane,simple
2629.1911649173617,3829.3307503464025,4108.088201239449,3349.5873797734444,4832.412944308994,5287.391144681693,25767.335546453396,69264.72898160366,134314.12938102838,-1200.1395854290408,-1478.8970363220874,-1482.82556453555,-1937.8037649082485,-43497.393435150276,-108546.793834575,0.0,0.0,/Users/dawid/Library/Mobile Documents/com~apple~CloudDocs/Dokumenty/Publikacje własne/Manuscripts/Quantum_interference/data/Graphite_szkielkowane.sur,2423.4558778666005,810.0000000000001,809.0,532.0,655289.9999999508,Graphite,Graphite,hybrid,256,256,1,,Graphite_szkielkowane,area,Glass bead blasted,szkielkowane,simple
688.7340753521776,3829.3307503464025,4108.088201239449,909.1336481512393,4832.412944308994,5287.391144681693,6867.9650353883,69264.72898160366,134314.12938102838,-3140.596674994225,-3419.3541258872715,-3923.279296157755,-4378.257496530454,-62396.763946215375,-127446.16434564009,0.0,0.0,/Users/dawid/Library/Mobile Documents/com~apple~CloudDocs/Dokumenty/Publikacje własne/Manuscripts/Quantum_interference/data/Graphite_szkielkowane.sur,4899.962884887157,810.0000000000001,809.0,532.0,655289.9999999508,Graphite,Graphite,classical,256,256,2,,Graphite_szkielkowane,area,Glass bead blasted,szkielkowane,simple
3870.393601347575,3829.3307503464025,4108.088201239449,4885.579858458563,4832.412944308994,5287.391144681693,68944.80004115925,69264.72898160366,134314.12938102838,41.06285100117265,-237.69459989187388,53.16691414956804,-401.81128622313025,-319.92894044441834,-65369.32933986914,0.0,0.0,/Users/dawid/Library/Mobile Documents/com~apple~CloudDocs/Dokumenty/Publikacje własne/Manuscripts/Quantum_interference/data/Graphite_szkielkowane.sur,705.2368376916523,810.0000000000001,809.0,532.0,655289.9999999508,Graphite,Graphite,quantum_like,256,256,2,,Graphite_szkielkowane,area,Glass bead blasted,szkielkowane,simple
2624.2696291113275,3829.3307503464025,4108.088201239449,3343.792404979985,4832.412944308994,5287.391144681693,25465.49790227256,69264.72898160366,134314.12938102838,-1205.061121235075,-1483.8185721281216,-1488.6205393290093,-1943.5987397017077,-43799.23107933111,-108848.63147875582,0.0,0.0,/Users/dawid/Library/Mobile Documents/com~apple~CloudDocs/Dokumenty/Publikacje własne/Manuscripts/Quantum_interference/data/Graphite_szkielkowane.sur,2422.728655936006,810.0000000000001,809.0,532.0,655289.9999999508,Graphite,Graphite,hybrid,256,256,2,,Graphite_szkielkowane,area,Glass bead blasted,szkielkowane,simple
689.5689364237822,3829.3307503464025,4108.088201239449,910.6778882608945,4832.412944308994,5287.391144681693,6872.227464587645,69264.72898160366,134314.12938102838,-3139.76181392262,-3418.5192648156667,-3921.7350560481,-4376.713256420798,-62392.50151701602,-127441.90191644075,0.0,0.0,/Users/dawid/Library/Mobile Documents/com~apple~CloudDocs/Dokumenty/Publikacje własne/Manuscripts/Quantum_interference/data/Graphite_szkielkowane.sur,4897.9918478835025,810.0000000000001,809.0,532.0,655289.9999999508,Graphite,Graphite,classical,256,256,3,,Graphite_szkielkowane,area,Glass bead blasted,szkielkowane,simple
3870.7473400013673,3829.3307503464025,4108.088201239449,4886.649199835266,4832.412944308994,5287.391144681693,70429.6818863497,69264.72898160366,134314.12938102838,41.416589654964916,-237.34086123808163,54.236255526271904,-400.7419448464264,1164.952904746027,-63884.447494678694,0.0,0.0,/Users/dawid/Library/Mobile Documents/com~apple~CloudDocs/Dokumenty/Publikacje własne/Manuscripts/Quantum_interference/data/Graphite_szkielkowane.sur,709.432109403147,810.0000000000001,809.0,532.0,655289.9999999508,Graphite,Graphite,quantum_like,256,256,3,,Graphite_szkielkowane,area,Glass bead blasted,szkielkowane,simple
2626.0427953496146,3829.3307503464025,4108.088201239449,3345.90021807705,4832.412944308994,5287.391144681693,25514.728164651664,69264.72898160366,134314.12938102838,-1203.2879549967877,-1482.0454058898342,-1486.5127262319443,-1941.4909266046425,-43750.00081695201,-108799.40121637673,0.0,0.0,/Users/dawid/Library/Mobile Documents/com~apple~CloudDocs/Dokumenty/Publikacje własne/Manuscripts/Quantum_interference/data/Graphite_szkielkowane.sur,2423.215398784438,810.0000000000001,809.0,532.0,655289.9999999508,Graphite,Graphite,hybrid,256,256,3,,Graphite_szkielkowane,area,Glass bead blasted,szkielkowane,simple
750.6864226979862,675.9230923447734,734.1358655009894,971.4382759965353,895.8246310633954,988.924907794223,7966.093080910443,21297.018942900188,31332.969758396513,74.76333035321282,16.550557196996763,75.6136449331399,-17.486631797687707,-13330.925861989746,-23366.87667748607,0.0,0.0,/Users/dawid/Library/Mobile Documents/com~apple~CloudDocs/Dokumenty/Publikacje własne/Manuscripts/Quantum_interference/data/Graphite_szlifowane.sur,1348.8244813974193,810.0000000000001,809.0,532.0,655289.9999999508,Graphite,Graphite,classical,256,256,0,,Graphite_szlifowane,area,Grinding,szlifowane,simple
881.440652859848,675.9230923447734,734.1358655009894,1141.6663725151545,895.8246310633954,988.924907794223,22252.86071708808,21297.018942900188,31332.969758396513,205.51756051507465,147.3047873588586,245.84174145175905,152.74146472093145,955.8417741878909,-9080.109041308435,0.0,0.0,/Users/dawid/Library/Mobile Documents/com~apple~CloudDocs/Dokumenty/Publikacje własne/Manuscripts/Quantum_interference/data/Graphite_szlifowane.sur,709.8457744105208,810.0000000000001,809.0,532.0,655289.9999999508,Graphite,Graphite,quantum_like,256,256,0,,Graphite_szlifowane,area,Grinding,szlifowane,simple
604.4778867452416,675.9230923447734,734.1358655009894,763.8172849397457,895.8246310633954,988.924907794223,10458.59340718171,21297.018942900188,31332.969758396513,-71.44520559953187,-129.65797875574793,-132.00734612364968,-225.10762285447728,-10838.42553571848,-20874.376351214803,0.0,0.0,/Users/dawid/Library/Mobile Documents/com~apple~CloudDocs/Dokumenty/Publikacje własne/Manuscripts/Quantum_interference/data/Graphite_szlifowane.sur,436.0183126472688,810.0000000000001,809.0,532.0,655289.9999999508,Graphite,Graphite,hybrid,256,256,0,,Graphite_szlifowane,area,Grinding,szlifowane,simple
729.3345708976275,675.9230923447734,734.1358655009894,945.6660581758192,895.8246310633954,988.924907794223,7754.620361424303,21297.018942900188,31332.969758396513,53.41147855285408,-4.801294603361975,49.84142711242379,-43.25884961840381,-13542.398581475885,-23578.34939697221,0.0,0.0,/Users/dawid/Library/Mobile Documents/com~apple~CloudDocs/Dokumenty/Publikacje własne/Manuscripts/Quantum_interference/data/Graphite_szlifowane.sur,1329.1155278396657,810.0000000000001,809.0,532.0,655289.9999999508,Graphite,Graphite,classical,256,256,1,,Graphite_szlifowane,area,Grinding,szlifowane,simple
882.8124171183676,675.9230923447734,734.1358655009894,1143.7794263146357,895.8246310633954,988.924907794223,22175.774362788805,21297.018942900188,31332.969758396513,206.88932477359424,148.67655161737818,247.95479525124017,154.85451852041257,878.7554198886139,-9157.19539560771,0.0,0.0,/Users/dawid/Library/Mobile Documents/com~apple~CloudDocs/Dokumenty/Publikacje własne/Manuscripts/Quantum_interference/data/Graphite_szlifowane.sur,709.7294753003458,810.0000000000001,809.0,532.0,655289.9999999508,Graphite,Graphite,quantum_like,256,256,1,,Graphite_szlifowane,area,Grinding,szlifowane,simple
604.6788298068514,675.9230923447734,734.1358655009894,763.6634721517211,895.8246310633954,988.924907794223,10344.962377341873,21297.018942900188,31332.969758396513,-71.24426253792204,-129.45703569413809,-132.1611589116744,-225.26143564250197,-10952.056565558316,-20988.00738105464,0.0,0.0,/Users/dawid/Library/Mobile Documents/com~apple~CloudDocs/Dokumenty/Publikacje własne/Manuscripts/Quantum_interference/data/Graphite_szlifowane.sur,435.4930986771253,810.0000000000001,809.0,532.0,655289.9999999508,Graphite,Graphite,hybrid,256,256,1,,Graphite_szlifowane,area,Grinding,szlifowane,simple
728.7329330523548,675.9230923447734,734.1358655009894,947.8215646772879,895.8246310633954,988.924907794223,7574.278650875404,21297.018942900188,31332.969758396513,52.80984070758142,-5.402932448634631,51.99693361389251,-41.103343116935086,-13722.740292024786,-23758.69110752111,0.0,0.0,/Users/dawid/Library/Mobile Documents/com~apple~CloudDocs/Dokumenty/Publikacje własne/Manuscripts/Quantum_interference/data/Graphite_szlifowane.sur,1329.1865928177574,810.0000000000001,809.0,532.0,655289.9999999508,Graphite,Graphite,classical,256,256,2,,Graphite_szlifowane,area,Grinding,szlifowane,simple
883.6052215033473,675.9230923447734,734.1358655009894,1142.7917977751154,895.8246310633954,988.924907794223,21717.429834504255,21297.018942900188,31332.969758396513,207.6821291585739,149.46935600235784,246.9671667117199,153.8668899808923,420.41089160406585,-9615.53992389226,0.0,0.0,/Users/dawid/Library/Mobile Documents/com~apple~CloudDocs/Dokumenty/Publikacje własne/Manuscripts/Quantum_interference/data/Graphite_szlifowane.sur,706.4227610437463,810.0000000000001,809.0,532.0,655289.9999999508,Graphite,Graphite,quantum_like,256,256,2,,Graphite_szlifowane,area,Grinding,szlifowane,simple
606.7458375818057,675.9230923447734,734.1358655009894,766.9543418957041,895.8246310633954,988.924907794223,10342.317811714309,21297.018942900188,31332.969758396513,-69.17725476296766,-127.39002791918371,-128.8702891676912,-221.9705658985188,-10954.70113118588,-20990.651946682206,0.0,0.0,/Users/dawid/Library/Mobile Documents/com~apple~CloudDocs/Dokumenty/Publikacje własne/Manuscripts/Quantum_interference/data/Graphite_szlifowane.sur,435.55019313568783,810.0000000000001,809.0,532.0,655289.9999999508,Graphite,Graphite,hybrid,256,256,2,,Graphite_szlifowane,area,Grinding,szlifowane,simple
733.7048389946185,675.9230923447734,734.1358655009894,950.640723446522,895.8246310633954,988.924907794223,7625.640902574297,21297.018942900188,31332.969758396513,57.78174664984512,-0.43102650637093437,54.81609238312657,-38.28418434770102,-13671.378040325893,-23707.32885582222,0.0,0.0,/Users/dawid/Library/Mobile Documents/com~apple~CloudDocs/Dokumenty/Publikacje własne/Manuscripts/Quantum_interference/data/Graphite_szlifowane.sur,1333.9116342038758,810.0000000000001,809.0,532.0,655289.9999999508,Graphite,Graphite,classical,256,256,3,,Graphite_szlifowane,area,Grinding,szlifowane,simple
882.2016853753627,675.9230923447734,734.1358655009894,1142.5594182557702,895.8246310633954,988.924907794223,21544.618467476033,21297.018942900188,31332.969758396513,206.2785930305892,148.06581987437315,246.7347871923747,153.63451046154714,247.59952457584384,-9788.351290920482,0.0,0.0,/Users/dawid/Library/Mobile Documents/com~apple~CloudDocs/Dokumenty/Publikacje własne/Manuscripts/Quantum_interference/data/Graphite_szlifowane.sur,712.112669251006,810.0000000000001,809.0,532.0,655289.9999999508,Graphite,Graphite,quantum_like,256,256,3,,Graphite_szlifowane,area,Grinding,szlifowane,simple
601.9743609109036,675.9230923447734,734.1358655009894,761.7804572686908,895.8246310633954,988.924907794223,10500.464502784756,21297.018942900188,31332.969758396513,-73.94873143386987,-132.1615045900859,-134.04417379470456,-227.14445052553216,-10796.554440115433,-20832.505255611755,0.0,0.0,/Users/dawid/Library/Mobile Documents/com~apple~CloudDocs/Dokumenty/Publikacje własne/Manuscripts/Quantum_interference/data/Graphite_szlifowane.sur,435.56429275257193,810.0000000000001,809.0,532.0,655289.9999999508,Graphite,Graphite,hybrid,256,256,3,,Graphite_szlifowane,area,Grinding,szlifowane,simple
0.4075229875835661,0.35947247736976634,0.38374216577089826,0.5043094312947876,0.4394336278553746,0.49961149964288243,6.16424900295228,6.1562334806096946,14.90811096860517,0.048050510213799774,0.023780821812667854,0.064875803439413,0.004697931651905198,0.008015522342585873,-8.74386196565289,0.0,0.0,/Users/dawid/Library/Mobile Documents/com~apple~CloudDocs/Dokumenty/Publikacje własne/Manuscripts/Quantum_interference/data/MO58A_t_wyk.sur,0.24897125764437877,810.0000000000001,809.0,532.0,655289.9999999508,Brass,MO58A,classical,256,256,0,,MO58A_t_wyk,area,Turning (finishing),t_wyk,simple
565.0426579494434,0.35947247736976634,0.38374216577089826,708.7380234243652,0.4394336278553746,0.49961149964288243,6053.286683237707,6.1562334806096946,14.90811096860517,564.6831854720737,564.6589157836725,708.2985897965099,708.2384119247223,6047.130449757096,6038.378572269101,0.0,0.0,/Users/dawid/Library/Mobile Documents/com~apple~CloudDocs/Dokumenty/Publikacje własne/Manuscripts/Quantum_interference/data/MO58A_t_wyk.sur,708.7385285129075,810.0000000000001,809.0,532.0,655289.9999999508,Brass,MO58A,quantum_like,256,256,0,,MO58A_t_wyk,area,Turning (finishing),t_wyk,simple
91.84057861457528,0.35947247736976634,0.38374216577089826,155.3443456227686,0.4394336278553746,0.49961149964288243,1084.6562443912046,6.1562334806096946,14.90811096860517,91.4811061372055,91.45683644880438,154.90491199491325,154.84473412312573,1078.500010910595,1069.7481334225995,0.0,0.0,/Users/dawid/Library/Mobile Documents/com~apple~CloudDocs/Dokumenty/Publikacje własne/Manuscripts/Quantum_interference/data/MO58A_t_wyk.sur,155.34572120526803,810.0000000000001,809.0,532.0,655289.9999999508,Brass,MO58A,hybrid,256,256,0,,MO58A_t_wyk,area,Turning (finishing),t_wyk,simple
0.40763092220356073,0.35947247736976634,0.38374216577089826,0.5041428609559963,0.4394336278553746,0.49961149964288243,6.856433719124005,6.1562334806096946,14.90811096860517,0.04815844483379441,0.023888756432662493,0.0647092331006216,0.004531361313113802,0.7002002385143108,-8.051677249481164,0.0,0.0,/Users/dawid/Library/Mobile Documents/com~apple~CloudDocs/Dokumenty/Publikacje własne/Manuscripts/Quantum_interference/data/MO58A_t_wyk.sur,0.24847325645875984,810.0000000000001,809.0,532.0,655289.9999999508,Brass,MO58A,classical,256,256,1,,MO58A_t_wyk,area,Turning (finishing),t_wyk,simple
567.2538387726644,0.35947247736976634,0.38374216577089826,711.6880112723771,0.4394336278553746,0.49961149964288243,6371.880471379689,6.1562334806096946,14.90811096860517,566.8943662952946,566.8700966068934,711.2485776445218,711.1883997727342,6365.7242378990795,6356.972360411084,0.0,0.0,/Users/dawid/Library/Mobile Documents/com~apple~CloudDocs/Dokumenty/Publikacje własne/Manuscripts/Quantum_interference/data/MO58A_t_wyk.sur,711.6877715560469,810.0000000000001,809.0,532.0,655289.9999999508,Brass,MO58A,quantum_like,256,256,1,,MO58A_t_wyk,area,Turning (finishing),t_wyk,simple
88.49675669020498,0.35947247736976634,0.38374216577089826,154.025416674121,0.4394336278553746,0.49961149964288243,1603.4696055778916,6.1562334806096946,14.90811096860517,88.1372842128352,88.11301452443406,153.58598304626562,153.5258051744781,1597.313372097282,1588.5614946092865,0.0,0.0,/Users/dawid/Library/Mobile Documents/com~apple~CloudDocs/Dokumenty/Publikacje własne/Manuscripts/Quantum_interference/data/MO58A_t_wyk.sur,154.02660317399008,810.0000000000001,809.0,532.0,655289.9999999508,Brass,MO58A,hybrid,256,256,1,,MO58A_t_wyk,area,Turning (finishing),t_wyk,simple
0.4077894940676766,0.35947247736976634,0.38374216577089826,0.5052544182378247,0.4394336278553746,0.49961149964288243,6.198890310122818,6.1562334806096946,14.90811096860517,0.0483170166979103,0.024047328296778386,0.0658207903824501,0.005642918594942299,0.042656829513123225,-8.709220658482351,0.0,0.0,/Users/dawid/Library/Mobile Documents/com~apple~CloudDocs/Dokumenty/Publikacje własne/Manuscripts/Quantum_interference/data/MO58A_t_wyk.sur,0.2504797378689182,810.0000000000001,809.0,532.0,655289.9999999508,Brass,MO58A,classical,256,256,2,,MO58A_t_wyk,area,Turning (finishing),t_wyk,simple
563.6330532130061,0.35947247736976634,0.38374216577089826,707.3445396360586,0.4394336278553746,0.49961149964288243,5989.804298045344,6.1562334806096946,14.90811096860517,563.2735807356363,563.2493110472351,706.9051060082032,706.8449281364157,5983.648064564734,5974.896187076739,0.0,0.0,/Users/dawid/Library/Mobile Documents/com~apple~CloudDocs/Dokumenty/Publikacje własne/Manuscripts/Quantum_interference/data/MO58A_t_wyk.sur,707.3429944300912,810.0000000000001,809.0,532.0,655289.9999999508,Brass,MO58A,quantum_like,256,256,2,,MO58A_t_wyk,area,Turning (finishing),t_wyk,simple
88.4104316609974,0.35947247736976634,0.38374216577089826,152.5160381492395,0.4394336278553746,0.49961149964288243,1074.5640240964892,6.1562334806096946,14.90811096860517,88.05095918362764,88.0266894952265,152.07660452138413,152.0164266495966,1068.4077906158798,1059.6559131278843,0.0,0.0,/Users/dawid/Library/Mobile Documents/com~apple~CloudDocs/Dokumenty/Publikacje własne/Manuscripts/Quantum_interference/data/MO58A_t_wyk.sur,152.5061483075647,810.0000000000001,809.0,532.0,655289.9999999508,Brass,MO58A,hybrid,256,256,2,,MO58A_t_wyk,area,Turning (finishing),t_wyk,simple
0.40858629921712025,0.35947247736976634,0.38374216577089826,0.5053425921977929,0.4394336278553746,0.49961149964288243,6.7626799952957315,6.1562334806096946,14.90811096860517,0.049113821847353946,0.02484413344622203,0.06590896434241822,0.005731092554910417,0.6064465146860374,-8.14543097330944,0.0,0.0,/Users/dawid/Library/Mobile Documents/com~apple~CloudDocs/Dokumenty/Publikacje własne/Manuscripts/Quantum_interference/data/MO58A_t_wyk.sur,0.2494768452650953,810.0000000000001,809.0,532.0,655289.9999999508,Brass,MO58A,classical,256,256,3,,MO58A_t_wyk,area,Turning (finishing),t_wyk,simple
564.8609810203089,0.35947247736976634,0.38374216577089826,708.3765602044484,0.4394336278553746,0.49961149964288243,5966.225259367189,6.1562334806096946,14.90811096860517,564.5015085429393,564.4772388545381,707.9371265765931,707.8769487048055,5960.06902588658,5951.317148398584,0.0,0.0,/Users/dawid/Library/Mobile Documents/com~apple~CloudDocs/Dokumenty/Publikacje własne/Manuscripts/Quantum_interference/data/MO58A_t_wyk.sur,708.3751919970256,810.0000000000001,809.0,532.0,655289.9999999508,Brass,MO58A,quantum_like,256,256,3,,MO58A_t_wyk,area,Turning (finishing),t_wyk,simple
89.42409951693773,0.35947247736976634,0.38374216577089826,154.49908643135086,0.4394336278553746,0.49961149964288243,1072.6185247083843,6.1562334806096946,14.90811096860517,89.06462703956797,89.04035735116683,154.0596528034955,153.999474931708,1066.4622912277746,1057.7104137397791,0.0,0.0,/Users/dawid/Library/Mobile Documents/com~apple~CloudDocs/Dokumenty/Publikacje własne/Manuscripts/Quantum_interference/data/MO58A_t_wyk.sur,154.49434434987205,810.0000000000001,809.0,532.0,655289.9999999508,Brass,MO58A,hybrid,256,256,3,,MO58A_t_wyk,area,Turning (finishing),t_wyk,simple
736.4279826391381,688.6196300447552,792.9141407912094,961.93713936318,904.1179706233471,1032.4920184592152,9139.95623294976,9300.9527165155,23497.55744491682,47.80835259438293,-56.486158152071305,57.819168739832854,-70.55487909603524,-160.9964835657408,-14357.601211967061,0.0,0.0,/Users/dawid/Library/Mobile Documents/com~apple~CloudDocs/Dokumenty/Publikacje własne/Manuscripts/Quantum_interference/data/Mosiadz_oselkowane.sur,1271.4338602528799,810.0000000000001,809.0,532.0,655289.9999999508,Brass,Mosiadz,classical,256,256,0,,Mosiadz_oselkowane,area,Honed,oselkowane,simple
896.7086032319049,688.6196300447552,792.9141407912094,1151.0115459781182,904.1179706233471,1032.4920184592152,10726.07108883142,9300.9527165155,23497.55744491682,208.0889731871497,103.79446244069545,246.8935753547711,118.51952751890298,1425.1183723159206,-12771.4863560854,0.0,0.0,/Users/dawid/Library/Mobile Documents/com~apple~CloudDocs/Dokumenty/Publikacje własne/Manuscripts/Quantum_interference/data/Mosiadz_oselkowane.sur,708.4902509664499,810.0000000000001,809.0,532.0,655289.9999999508,Brass,Mosiadz,quantum_like,256,256,0,,Mosiadz_oselkowane,area,Honed,oselkowane,simple
384.31625124668466,688.6196300447552,792.9141407912094,527.5550129678958,904.1179706233471,1032.4920184592152,4412.563663583677,9300.9527165155,23497.55744491682,-304.3033787980706,-408.59788954452483,-376.5629576554514,-504.93700549131944,-4888.389052931823,-19084.993781333145,0.0,0.0,/Users/dawid/Library/Mobile Documents/com~apple~CloudDocs/Dokumenty/Publikacje własne/Manuscripts/Quantum_interference/data/Mosiadz_oselkowane.sur,664.5321858386066,810.0000000000001,809.0,532.0,655289.9999999508,Brass,Mosiadz,hybrid,256,256,0,,Mosiadz_oselkowane,area,Honed,oselkowane,simple
740.6474953396331,688.6196300447552,792.9141407912094,967.4392919186798,904.1179706233471,1032.4920184592152,9138.973896853946,9300.9527165155,23497.55744491682,52.027865294877856,-52.26664545157638,63.32132129533269,-65.0527265405354,-161.97881966155458,-14358.583548062876,0.0,0.0,/Users/dawid/Library/Mobile Documents/com~apple~CloudDocs/Dokumenty/Publikacje własne/Manuscripts/Quantum_interference/data/Mosiadz_oselkowane.sur,1275.2712321270694,810.0000000000001,809.0,532.0,655289.9999999508,Brass,Mosiadz,classical,256,256,1,,Mosiadz_oselkowane,area,Honed,oselkowane,simple
892.6388847184113,688.6196300447552,792.9141407912094,1149.7618354316428,904.1179706233471,1032.4920184592152,11466.106657304932,9300.9527165155,23497.55744491682,204.01925467365604,99.7247439272018,245.64386480829572,117.2698169724276,2165.1539407894306,-12031.45078761189,0.0,0.0,/Users/dawid/Library/Mobile Documents/com~apple~CloudDocs/Dokumenty/Publikacje własne/Manuscripts/Quantum_interference/data/Mosiadz_oselkowane.sur,709.8005551295465,810.0000000000001,809.0,532.0,655289.9999999508,Brass,Mosiadz,quantum_like,256,256,1,,Mosiadz_oselkowane,area,Honed,oselkowane,simple
378.814149274115,688.6196300447552,792.9141407912094,523.5957716262039,904.1179706233471,1032.4920184592152,4704.000097256376,9300.9527165155,23497.55744491682,-309.8054807706402,-414.09999151709445,-380.5221989971432,-508.89624683301133,-4596.952619259125,-18793.557347660448,0.0,0.0,/Users/dawid/Library/Mobile Documents/com~apple~CloudDocs/Dokumenty/Publikacje własne/Manuscripts/Quantum_interference/data/Mosiadz_oselkowane.sur,665.1330085654564,810.0000000000001,809.0,532.0,655289.9999999508,Brass,Mosiadz,hybrid,256,256,1,,Mosiadz_oselkowane,area,Honed,oselkowane,simple
737.1808059947846,688.6196300447552,792.9141407912094,962.1033325036003,904.1179706233471,1032.4920184592152,9139.871844130595,9300.9527165155,23497.55744491682,48.56117595002933,-55.733334796424906,57.98536188025322,-70.38868595561487,-161.08087238490543,-14357.685600786226,0.0,0.0,/Users/dawid/Library/Mobile Documents/com~apple~CloudDocs/Dokumenty/Publikacje własne/Manuscripts/Quantum_interference/data/Mosiadz_oselkowane.sur,1272.47344955977,810.0000000000001,809.0,532.0,655289.9999999508,Brass,Mosiadz,classical,256,256,2,,Mosiadz_oselkowane,area,Honed,oselkowane,simple
893.2230392043048,688.6196300447552,792.9141407912094,1149.335220675018,904.1179706233471,1032.4920184592152,10545.489751469435,9300.9527165155,23497.55744491682,204.60340915954956,100.30889841309532,245.21725005167082,116.84320221580272,1244.5370349539353,-12952.067693447385,0.0,0.0,/Users/dawid/Library/Mobile Documents/com~apple~CloudDocs/Dokumenty/Publikacje własne/Manuscripts/Quantum_interference/data/Mosiadz_oselkowane.sur,711.3759450733312,810.0000000000001,809.0,532.0,655289.9999999508,Brass,Mosiadz,quantum_like,256,256,2,,Mosiadz_oselkowane,area,Honed,oselkowane,simple
377.38212717129386,688.6196300447552,792.9141407912094,519.8041925743054,904.1179706233471,1032.4920184592152,4534.369402191028,9300.9527165155,23497.55744491682,-311.2375028734613,-415.5320136199156,-384.3137780490418,-512.6878258849099,-4766.583314324473,-18963.188042725793,0.0,0.0,/Users/dawid/Library/Mobile Documents/com~apple~CloudDocs/Dokumenty/Publikacje własne/Manuscripts/Quantum_interference/data/Mosiadz_oselkowane.sur,665.2813625907147,810.0000000000001,809.0,532.0,655289.9999999508,Brass,Mosiadz,hybrid,256,256,2,,Mosiadz_oselkowane,area,Honed,oselkowane,simple
736.6645770450091,688.6196300447552,792.9141407912094,961.5639566044022,904.1179706233471,1032.4920184592152,9148.544051645147,9300.9527165155,23497.55744491682,48.0449470002539,-56.24956374620034,57.445985981055074,-70.92806185481302,-152.408664870354,-14349.013393271674,0.0,0.0,/Users/dawid/Library/Mobile Documents/com~apple~CloudDocs/Dokumenty/Publikacje własne/Manuscripts/Quantum_interference/data/Mosiadz_oselkowane.sur,1272.1542186349277,810.0000000000001,809.0,532.0,655289.9999999508,Brass,Mosiadz,classical,256,256,3,,Mosiadz_oselkowane,area,Honed,oselkowane,simple
894.8246763594326,688.6196300447552,792.9141407912094,1152.7502317437463,904.1179706233471,1032.4920184592152,11358.87471700367,9300.9527165155,23497.55744491682,206.20504631467742,101.91053556822318,248.63226112039925,120.25821328453115,2057.9220004881686,-12138.682727913152,0.0,0.0,/Users/dawid/Library/Mobile Documents/com~apple~CloudDocs/Dokumenty/Publikacje własne/Manuscripts/Quantum_interference/data/Mosiadz_oselkowane.sur,710.4503076337105,810.0000000000001,809.0,532.0,655289.9999999508,Brass,Mosiadz,quantum_like,256,256,3,,Mosiadz_oselkowane,area,Honed,oselkowane,simple
384.8124199703986,688.6196300447552,792.9141407912094,528.8254352373444,904.1179706233471,1032.4920184592152,4494.623580094668,9300.9527165155,23497.55744491682,-303.80721007435665,-408.1017208208109,-375.2925353860027,-503.6665832218708,-4806.329136420832,-19002.933864822153,0.0,0.0,/Users/dawid/Library/Mobile Documents/com~apple~CloudDocs/Dokumenty/Publikacje własne/Manuscripts/Quantum_interference/data/Mosiadz_oselkowane.sur,665.3576714372042,810.0000000000001,809.0,532.0,655289.9999999508,Brass,Mosiadz,hybrid,256,256,3,,Mosiadz_oselkowane,area,Honed,oselkowane,simple
769.5144356465819,1960.2922291845982,2155.756816476956,1013.4150673872882,2463.686862640799,2802.067527088578,8139.421448988798,25506.974684978308,82025.36716815887,-1190.7777935380163,-1386.242380830374,-1450.2717952535106,-1788.6524597012897,-17367.553235989508,-73885.94571917008,0.0,0.0,/Users/dawid/Library/Mobile Documents/com~apple~CloudDocs/Dokumenty/Publikacje własne/Manuscripts/Quantum_interference/data/Mosiadz_szkielkowane.sur,2601.7119910501074,810.0000000000001,809.0,532.0,655289.9999999508,Brass,Mosiadz,classical,256,256,0,,Mosiadz_szkielkowane,area,Glass bead blasted,szkielkowane,simple
2037.485349443362,1960.2922291845982,2155.756816476956,2565.647607154472,2463.686862640799,2802.067527088578,25583.140824327755,25506.974684978308,82025.36716815887,77.19312025876381,-118.2714670335939,101.96074451367333,-236.41991993410574,76.16613934944715,-56442.22634383112,0.0,0.0,/Users/dawid/Library/Mobile Documents/com~apple~CloudDocs/Dokumenty/Publikacje własne/Manuscripts/Quantum_interference/data/Mosiadz_szkielkowane.sur,709.6691372621385,810.0000000000001,809.0,532.0,655289.9999999508,Brass,Mosiadz,quantum_like,256,256,0,,Mosiadz_szkielkowane,area,Glass bead blasted,szkielkowane,simple
743.3740593702291,1960.2922291845982,2155.756816476956,916.9764453818724,2463.686862640799,2802.067527088578,7032.530035710263,25506.974684978308,82025.36716815887,-1216.918169814369,-1412.3827571067268,-1546.7104172589266,-1885.0910817067056,-18474.44464926804,-74992.8371324486,0.0,0.0,/Users/dawid/Library/Mobile Documents/com~apple~CloudDocs/Dokumenty/Publikacje własne/Manuscripts/Quantum_interference/data/Mosiadz_szkielkowane.sur,2001.2321817533962,810.0000000000001,809.0,532.0,655289.9999999508,Brass,Mosiadz,hybrid,256,256,0,,Mosiadz_szkielkowane,area,Glass bead blasted,szkielkowane,simple
771.1030410993003,1960.2922291845982,2155.756816476956,1015.1559462146924,2463.686862640799,2802.067527088578,7878.172773349554,25506.974684978308,82025.36716815887,-1189.1891880852982,-1384.6537753776558,-1448.5309164261064,-1786.9115808738854,-17628.801911628754,-74147.19439480932,0.0,0.0,/Users/dawid/Library/Mobile Documents/com~apple~CloudDocs/Dokumenty/Publikacje własne/Manuscripts/Quantum_interference/data/Mosiadz_szkielkowane.sur,2606.9358867399105,810.0000000000001,809.0,532.0,655289.9999999508,Brass,Mosiadz,classical,256,256,1,,Mosiadz_szkielkowane,area,Glass bead blasted,szkielkowane,simple
2036.2937625177797,1960.2922291845982,2155.756816476956,2562.8963223597766,2463.686862640799,2802.067527088578,25694.588059217087,25506.974684978308,82025.36716815887,76.00153333318141,-119.46305395917629,99.2094597189776,-239.17120472880146,187.6133742387804,-56330.77910894179,0.0,0.0,/Users/dawid/Library/Mobile Documents/com~apple~CloudDocs/Dokumenty/Publikacje własne/Manuscripts/Quantum_interference/data/Mosiadz_szkielkowane.sur,711.8848912582882,810.0000000000001,809.0,532.0,655289.9999999508,Brass,Mosiadz,quantum_like,256,256,1,,Mosiadz_szkielkowane,area,Glass bead blasted,szkielkowane,simple
744.9497965473599,1960.2922291845982,2155.756816476956,918.1241788580074,2463.686862640799,2802.067527088578,7002.078182747134,25506.974684978308,82025.36716815887,-1215.3424326372383,-1410.807019929596,-1545.5626837827913,-1883.9433482305703,-18504.89650223117,-75023.28898541174,0.0,0.0,/Users/dawid/Library/Mobile Documents/com~apple~CloudDocs/Dokumenty/Publikacje własne/Manuscripts/Quantum_interference/data/Mosiadz_szkielkowane.sur,2001.2732903535746,810.0000000000001,809.0,532.0,655289.9999999508,Brass,Mosiadz,hybrid,256,256,1,,Mosiadz_szkielkowane,area,Glass bead blasted,szkielkowane,simple
767.2898845570227,1960.2922291845982,2155.756816476956,1012.9717227894635,2463.686862640799,2802.067527088578,7880.670617058405,25506.974684978308,82025.36716815887,-1193.0023446275754,-1388.4669319199331,-1450.7151398513354,-1789.0958042991144,-17626.3040679199,-74144.69655110047,0.0,0.0,/Users/dawid/Library/Mobile Documents/com~apple~CloudDocs/Dokumenty/Publikacje własne/Manuscripts/Quantum_interference/data/Mosiadz_szkielkowane.sur,2609.01125094245,810.0000000000001,809.0,532.0,655289.9999999508,Brass,Mosiadz,classical,256,256,2,,Mosiadz_szkielkowane,area,Glass bead blasted,szkielkowane,simple
2036.016801524533,1960.2922291845982,2155.756816476956,2565.4817877936134,2463.686862640799,2802.067527088578,25281.10496928116,25506.974684978308,82025.36716815887,75.72457233993482,-119.74001495242288,101.79492515281463,-236.58573929496444,-225.86971569714387,-56744.26219887771,0.0,0.0,/Users/dawid/Library/Mobile Documents/com~apple~CloudDocs/Dokumenty/Publikacje własne/Manuscripts/Quantum_interference/data/Mosiadz_szkielkowane.sur,708.6411965297713,810.0000000000001,809.0,532.0,655289.9999999508,Brass,Mosiadz,quantum_like,256,256,2,,Mosiadz_szkielkowane,area,Glass bead blasted,szkielkowane,simple
743.4517787792589,1960.2922291845982,2155.756816476956,916.1135362800366,2463.686862640799,2802.067527088578,7574.253867627754,25506.974684978308,82025.36716815887,-1216.8404504053394,-1412.3050376976971,-1547.5733263607622,-1885.9539908085412,-17932.72081735055,-74451.11330053111,0.0,0.0,/Users/dawid/Library/Mobile Documents/com~apple~CloudDocs/Dokumenty/Publikacje własne/Manuscripts/Quantum_interference/data/Mosiadz_szkielkowane.sur,2001.2788982633735,810.0000000000001,809.0,532.0,655289.9999999508,Brass,Mosiadz,hybrid,256,256,2,,Mosiadz_szkielkowane,area,Glass bead blasted,szkielkowane,simple
770.9950306784958,1960.2922291845982,2155.756816476956,1014.567252331069,2463.686862640799,2802.067527088578,8146.0285638189225,25506.974684978308,82025.36716815887,-1189.2971985061026,-1384.7617857984603,-1449.11961030973,-1787.500274757509,-17360.946121159384,-73879.33860433995,0.0,0.0,/Users/dawid/Library/Mobile Documents/com~apple~CloudDocs/Dokumenty/Publikacje własne/Manuscripts/Quantum_interference/data/Mosiadz_szkielkowane.sur,2604.4456042903284,810.0000000000001,809.0,532.0,655289.9999999508,Brass,Mosiadz,classical,256,256,3,,Mosiadz_szkielkowane,area,Glass bead blasted,szkielkowane,simple
2034.1103685843816,1960.2922291845982,2155.756816476956,2564.9017453503643,2463.686862640799,2802.067527088578,25831.410850067383,25506.974684978308,82025.36716815887,73.81813939978333,-121.64644789257437,101.2148827095654,-237.16578173821367,324.4361650890778,-56193.95631809149,0.0,0.0,/Users/dawid/Library/Mobile Documents/com~apple~CloudDocs/Dokumenty/Publikacje własne/Manuscripts/Quantum_interference/data/Mosiadz_szkielkowane.sur,715.2302817312258,810.0000000000001,809.0,532.0,655289.9999999508,Brass,Mosiadz,quantum_like,256,256,3,,Mosiadz_szkielkowane,area,Glass bead blasted,szkielkowane,simple
745.7183589729938,1960.2922291845982,2155.756816476956,920.0194088980061,2463.686862640799,2802.067527088578,7687.73455289879,25506.974684978308,82025.36716815887,-1214.5738702116046,-1410.0384575039623,-1543.6674537427928,-1882.0481181905718,-17819.240132079518,-74337.63261526008,0.0,0.0,/Users/dawid/Library/Mobile Documents/com~apple~CloudDocs/Dokumenty/Publikacje własne/Manuscripts/Quantum_interference/data/Mosiadz_szkielkowane.sur,2001.58338824459,810.0000000000001,809.0,532.0,655289.9999999508,Brass,Mosiadz,hybrid,256,256,3,,Mosiadz_szkielkowane,area,Glass bead blasted,szkielkowane,simple
669.5871767586082,147625.37736720787,169535.81421614034,871.6790965324514,179484.55133750872,204695.70044101938,7351.335173173259,1012664.1213782984,1248162.7352467102,-146955.79019044925,-168866.22703938172,-178612.87224097626,-203824.02134448694,-1005312.786205125,-1240811.400073537,0.0,0.0,/Users/dawid/Library/Mobile Documents/com~apple~CloudDocs/Dokumenty/Publikacje własne/Manuscripts/Quantum_interference/data/Mosiadz_szlifowane.sur,179493.72150996167,810.0000000000001,809.0,532.0,655289.9999999508,Brass,Mosiadz,classical,256,256,0,,Mosiadz_szlifowane,area,Grinding,szlifowane,simple
494195.83709933516,147625.37736720787,169535.81421614034,612965.295136595,179484.55133750872,204695.70044101938,4016436.390706278,1012664.1213782984,1248162.7352467102,346570.4597321273,324660.02288319485,433480.7437990863,408269.5946955756,3003772.2693279795,2768273.6554595674,0.0,0.0,/Users/dawid/Library/Mobile Documents/com~apple~CloudDocs/Dokumenty/Publikacje własne/Manuscripts/Quantum_interference/data/Mosiadz_szlifowane.sur,593697.185707117,810.0000000000001,809.0,532.0,655289.9999999508,Brass,Mosiadz,quantum_like,256,256,0,,Mosiadz_szlifowane,area,Grinding,szlifowane,simple
426782.5231125668,147625.37736720787,169535.81421614034,519305.53049531736,179484.55133750872,204695.70044101938,2510895.0920817917,1012664.1213782984,1248162.7352467102,279157.1457453589,257246.7088964264,339820.97915780864,314609.8300542979,1498230.9707034933,1262732.3568350815,0.0,0.0,/Users/dawid/Library/Mobile Documents/com~apple~CloudDocs/Dokumenty/Publikacje własne/Manuscripts/Quantum_interference/data/Mosiadz_szlifowane.sur,535923.4299234463,810.0000000000001,809.0,532.0,655289.9999999508,Brass,Mosiadz,hybrid,256,256,0,,Mosiadz_szlifowane,area,Grinding,szlifowane,simple
669.7655475323514,147625.37736720787,169535.81421614034,874.9895800280257,179484.55133750872,204695.70044101938,6925.444515994935,1012664.1213782984,1248162.7352467102,-146955.61181967554,-168866.048668608,-178609.5617574807,-203820.71086099136,-1005738.6768623035,-1241237.2907307155,0.0,0.0,/Users/dawid/Library/Mobile Documents/com~apple~CloudDocs/Dokumenty/Publikacje własne/Manuscripts/Quantum_interference/data/Mosiadz_szlifowane.sur,179491.6928102546,810.0000000000001,809.0,532.0,655289.9999999508,Brass,Mosiadz,classical,256,256,1,,Mosiadz_szlifowane,area,Grinding,szlifowane,simple
492801.9027774683,147625.37736720787,169535.81421614034,611886.4960716453,179484.55133750872,204695.70044101938,3863831.289445443,1012664.1213782984,1248162.7352467102,345176.5254102604,323266.08856132795,432401.94473413663,407190.7956306259,2851167.1680671447,2615668.5541987326,0.0,0.0,/Users/dawid/Library/Mobile Documents/com~apple~CloudDocs/Dokumenty/Publikacje własne/Manuscripts/Quantum_interference/data/Mosiadz_szlifowane.sur,592444.1911995427,810.0000000000001,809.0,532.0,655289.9999999508,Brass,Mosiadz,quantum_like,256,256,1,,Mosiadz_szlifowane,area,Grinding,szlifowane,simple
425772.9655410591,147625.37736720787,169535.81421614034,518338.3152887656,179484.55133750872,204695.70044101938,2460510.9221960395,1012664.1213782984,1248162.7352467102,278147.5881738512,256237.15132491873,338853.76395125693,313642.6148477462,1447846.800817741,1212348.1869493292,0.0,0.0,/Users/dawid/Library/Mobile Documents/com~apple~CloudDocs/Dokumenty/Publikacje własne/Manuscripts/Quantum_interference/data/Mosiadz_szlifowane.sur,534867.2019874104,810.0000000000001,809.0,532.0,655289.9999999508,Brass,Mosiadz,hybrid,256,256,1,,Mosiadz_szlifowane,area,Grinding,szlifowane,simple
677.2666094697647,147625.37736720787,169535.81421614034,882.3552114826502,179484.55133750872,204695.70044101938,7290.1163561618805,1012664.1213782984,1248162.7352467102,-146948.11075773812,-168858.5476066706,-178602.19612602604,-203813.34522953673,-1005374.0050221364,-1240872.6188905484,0.0,0.0,/Users/dawid/Library/Mobile Documents/com~apple~CloudDocs/Dokumenty/Publikacje własne/Manuscripts/Quantum_interference/data/Mosiadz_szlifowane.sur,179490.52067641926,810.0000000000001,809.0,532.0,655289.9999999508,Brass,Mosiadz,classical,256,256,2,,Mosiadz_szlifowane,area,Grinding,szlifowane,simple
493688.6558584659,147625.37736720787,169535.81421614034,612726.9128736267,179484.55133750872,204695.70044101938,4018542.8814947996,1012664.1213782984,1248162.7352467102,346063.27849125804,324152.84164232557,433242.361536118,408031.2124326073,3005878.7601165012,2770380.1462480896,0.0,0.0,/Users/dawid/Library/Mobile Documents/com~apple~CloudDocs/Dokumenty/Publikacje własne/Manuscripts/Quantum_interference/data/Mosiadz_szlifowane.sur,593375.0057913167,810.0000000000001,809.0,532.0,655289.9999999508,Brass,Mosiadz,quantum_like,256,256,2,,Mosiadz_szlifowane,area,Grinding,szlifowane,simple
426049.92158992303,147625.37736720787,169535.81421614034,518723.1868264982,179484.55133750872,204695.70044101938,2512005.510805216,1012664.1213782984,1248162.7352467102,278424.5442227152,256514.10737378272,339238.63548898953,314027.4863854788,1499341.3894269178,1263842.775558506,0.0,0.0,/Users/dawid/Library/Mobile Documents/com~apple~CloudDocs/Dokumenty/Publikacje własne/Manuscripts/Quantum_interference/data/Mosiadz_szlifowane.sur,535351.1752288385,810.0000000000001,809.0,532.0,655289.9999999508,Brass,Mosiadz,hybrid,256,256,2,,Mosiadz_szlifowane,area,Grinding,szlifowane,simple
676.5568317059747,147625.37736720787,169535.81421614034,879.5428264149461,179484.55133750872,204695.70044101938,7173.708020419539,1012664.1213782984,1248162.7352467102,-146948.8205355019,-168859.25738443437,-178605.00851109377,-203816.15761460445,-1005490.4133578789,-1240989.0272262907,0.0,0.0,/Users/dawid/Library/Mobile Documents/com~apple~CloudDocs/Dokumenty/Publikacje własne/Manuscripts/Quantum_interference/data/Mosiadz_szlifowane.sur,179494.61729242792,810.0000000000001,809.0,532.0,655289.9999999508,Brass,Mosiadz,classical,256,256,3,,Mosiadz_szlifowane,area,Grinding,szlifowane,simple
519600.4915118067,147625.37736720787,169535.81421614034,635720.0302194539,179484.55133750872,204695.70044101938,4102708.438389591,1012664.1213782984,1248162.7352467102,371975.11414459883,350064.67729566636,456235.4788819452,431024.3297784345,3090044.3170112926,2854545.703142881,0.0,0.0,/Users/dawid/Library/Mobile Documents/com~apple~CloudDocs/Dokumenty/Publikacje własne/Manuscripts/Quantum_interference/data/Mosiadz_szlifowane.sur,616389.3857637221,810.0000000000001,809.0,532.0,655289.9999999508,Brass,Mosiadz,quantum_like,256,256,3,,Mosiadz_szlifowane,area,Grinding,szlifowane,simple
457267.12751559966,147625.37736720787,169535.81421614034,545093.7164406502,179484.55133750872,204695.70044101938,2607746.288125582,1012664.1213782984,1248162.7352467102,309641.7501483918,287731.31329945935,365609.16510314145,340398.0159996308,1595082.166747284,1359583.552878872,0.0,0.0,/Users/dawid/Library/Mobile Documents/com~apple~CloudDocs/Dokumenty/Publikacje własne/Manuscripts/Quantum_interference/data/Mosiadz_szlifowane.sur,560107.0921269197,810.0000000000001,809.0,532.0,655289.9999999508,Brass,Mosiadz,hybrid,256,256,3,,Mosiadz_szlifowane,area,Grinding,szlifowane,simple
699.9965040503399,1814.9785180712133,1863.3965300423874,906.1980996163968,2162.205641859635,2274.685531479601,7349.769618983873,18381.20786678298,42456.7727785019,-1114.9820140208733,-1163.4000259920474,-1256.0075422432383,-1368.4874318632044,-11031.43824779911,-35107.00315951803,0.0,0.0,/Users/dawid/Library/Mobile Documents/com~apple~CloudDocs/Dokumenty/Publikacje własne/Manuscripts/Quantum_interference/data/P1-1.4301-t.zgrub.sur,2370.167770622745,810.0000000000001,809.0,532.0,655289.9999999508,Stainless steel 1.4301 (AISI 304),1.4301,classical,256,256,0,P1,P1-1.4301-t.zgrub,area,Turning (roughing),t.zgrub,simple
1880.3790546901498,1814.9785180712133,1863.3965300423874,2277.785563927844,2162.205641859635,2274.685531479601,19797.765223129474,18381.20786678298,42456.7727785019,65.40053661893658,16.982524647762446,115.57992206820904,3.1000324482427732,1416.5573563464916,-22659.00755537243,0.0,0.0,/Users/dawid/Library/Mobile Documents/com~apple~CloudDocs/Dokumenty/Publikacje własne/Manuscripts/Quantum_interference/data/P1-1.4301-t.zgrub.sur,710.9302072369748,810.0000000000001,809.0,532.0,655289.9999999508,Stainless steel 1.4301 (AISI 304),1.4301,quantum_like,256,256,0,P1,P1-1.4301-t.zgrub,area,Turning (roughing),t.zgrub,simple
1141.079096140542,1814.9785180712133,1863.3965300423874,1345.7835067015246,2162.205641859635,2274.685531479601,12644.985815621792,18381.20786678298,42456.7727785019,-673.899421930671,-722.3174339018452,-816.4221351581104,-928.9020247780767,-5736.222051161191,-29811.786962880113,0.0,0.0,/Users/dawid/Library/Mobile Documents/com~apple~CloudDocs/Dokumenty/Publikacje własne/Manuscripts/Quantum_interference/data/P1-1.4301-t.zgrub.sur,1029.6571414176174,810.0000000000001,809.0,532.0,655289.9999999508,Stainless steel 1.4301 (AISI 304),1.4301,hybrid,256,256,0,P1,P1-1.4301-t.zgrub,area,Turning (roughing),t.zgrub,simple
703.8300343708978,1814.9785180712133,1863.3965300423874,910.5233117805038,2162.205641859635,2274.685531479601,7336.231467123787,18381.20786678298,42456.7727785019,-1111.1484837003154,-1159.5664956714895,-1251.682330079131,-1364.1622196990972,-11044.976399659196,-35120.54131137812,0.0,0.0,/Users/dawid/Library/Mobile Documents/com~apple~CloudDocs/Dokumenty/Publikacje własne/Manuscripts/Quantum_interference/data/P1-1.4301-t.zgrub.sur,2373.4323507721574,810.0000000000001,809.0,532.0,655289.9999999508,Stainless steel 1.4301 (AISI 304),1.4301,classical,256,256,1,P1,P1-1.4301-t.zgrub,area,Turning (roughing),t.zgrub,simple
1879.5430636436615,1814.9785180712133,1863.3965300423874,2274.9847787671856,2162.205641859635,2274.685531479601,20764.76334014446,18381.20786678298,42456.7727785019,64.56454557244838,16.146533601274246,112.77913690755062,0.2992472875843525,2383.555473361475,-21692.009438357447,0.0,0.0,/Users/dawid/Library/Mobile Documents/com~apple~CloudDocs/Dokumenty/Publikacje własne/Manuscripts/Quantum_interference/data/P1-1.4301-t.zgrub.sur,707.7481443197646,810.0000000000001,809.0,532.0,655289.9999999508,Stainless steel 1.4301 (AISI 304),1.4301,quantum_like,256,256,1,P1,P1-1.4301-t.zgrub,area,Turning (roughing),t.zgrub,simple
1140.2494989943518,1814.9785180712133,1863.3965300423874,1343.8994965208474,2162.205641859635,2274.685531479601,12590.59445572358,18381.20786678298,42456.7727785019,-674.7290190768615,-723.1470310480356,-818.3061453387876,-930.7860349587538,-5790.613411059403,-29866.178322778327,0.0,0.0,/Users/dawid/Library/Mobile Documents/com~apple~CloudDocs/Dokumenty/Publikacje własne/Manuscripts/Quantum_interference/data/P1-1.4301-t.zgrub.sur,1029.8938922636821,810.0000000000001,809.0,532.0,655289.9999999508,Stainless steel 1.4301 (AISI 304),1.4301,hybrid,256,256,1,P1,P1-1.4301-t.zgrub,area,Turning (roughing),t.zgrub,simple
699.0008599734008,1814.9785180712133,1863.3965300423874,904.9960512376946,2162.205641859635,2274.685531479601,7362.914310278424,18381.20786678298,42456.7727785019,-1115.9776580978125,-1164.3956700689866,-1257.2095906219404,-1369.6894802419067,-11018.29355650456,-35093.85846822348,0.0,0.0,/Users/dawid/Library/Mobile Documents/com~apple~CloudDocs/Dokumenty/Publikacje własne/Manuscripts/Quantum_interference/data/P1-1.4301-t.zgrub.sur,2367.415491894204,810.0000000000001,809.0,532.0,655289.9999999508,Stainless steel 1.4301 (AISI 304),1.4301,classical,256,256,2,P1,P1-1.4301-t.zgrub,area,Turning (roughing),t.zgrub,simple
1878.3388540621422,1814.9785180712133,1863.3965300423874,2271.958535069854,2162.205641859635,2274.685531479601,19932.172205519804,18381.20786678298,42456.7727785019,63.36033599092892,14.94232401975478,109.75289321021907,-2.726996409747193,1550.9643387368214,-22524.6005729821,0.0,0.0,/Users/dawid/Library/Mobile Documents/com~apple~CloudDocs/Dokumenty/Publikacje własne/Manuscripts/Quantum_interference/data/P1-1.4301-t.zgrub.sur,709.416411409827,810.0000000000001,809.0,532.0,655289.9999999508,Stainless steel 1.4301 (AISI 304),1.4301,quantum_like,256,256,2,P1,P1-1.4301-t.zgrub,area,Turning (roughing),t.zgrub,simple
1138.8638708427686,1814.9785180712133,1863.3965300423874,1342.032324077443,2162.205641859635,2274.685531479601,12441.797526756904,18381.20786678298,42456.7727785019,-676.1146472284446,-724.5326591996188,-820.1733177821918,-932.653207402158,-5939.410340026079,-30014.975251745,0.0,0.0,/Users/dawid/Library/Mobile Documents/com~apple~CloudDocs/Dokumenty/Publikacje własne/Manuscripts/Quantum_interference/data/P1-1.4301-t.zgrub.sur,1031.772615073314,810.0000000000001,809.0,532.0,655289.9999999508,Stainless steel 1.4301 (AISI 304),1.4301,hybrid,256,256,2,P1,P1-1.4301-t.zgrub,area,Turning (roughing),t.zgrub,simple
699.3301250228709,1814.9785180712133,1863.3965300423874,902.6769359955426,2162.205641859635,2274.685531479601,7053.1977269326335,18381.20786678298,42456.7727785019,-1115.6483930483423,-1164.0664050195164,-1259.5287058640924,-1372.0085954840588,-11328.010139850348,-35403.57505156927,0.0,0.0,/Users/dawid/Library/Mobile Documents/com~apple~CloudDocs/Dokumenty/Publikacje własne/Manuscripts/Quantum_interference/data/P1-1.4301-t.zgrub.sur,2369.2737621908764,810.0000000000001,809.0,532.0,655289.9999999508,Stainless steel 1.4301 (AISI 304),1.4301,classical,256,256,3,P1,P1-1.4301-t.zgrub,area,Turning (roughing),t.zgrub,simple
1878.3093882430512,1814.9785180712133,1863.3965300423874,2272.698541750982,2162.205641859635,2274.685531479601,20683.41164861385,18381.20786678298,42456.7727785019,63.33087017183806,14.912858200663916,110.49289989134697,-1.9869897286192926,2302.2037818308663,-21773.361129888053,0.0,0.0,/Users/dawid/Library/Mobile Documents/com~apple~CloudDocs/Dokumenty/Publikacje własne/Manuscripts/Quantum_interference/data/P1-1.4301-t.zgrub.sur,708.5137664490575,810.0000000000001,809.0,532.0,655289.9999999508,Stainless steel 1.4301 (AISI 304),1.4301,quantum_like,256,256,3,P1,P1-1.4301-t.zgrub,area,Turning (roughing),t.zgrub,simple
1139.318192566918,1814.9785180712133,1863.3965300423874,1342.3488568753367,2162.205641859635,2274.685531479601,12585.549353829992,18381.20786678298,42456.7727785019,-675.6603255042952,-724.0783374754693,-819.8567849842983,-932.3366746042647,-5795.658512952989,-29871.22342467191,0.0,0.0,/Users/dawid/Library/Mobile Documents/com~apple~CloudDocs/Dokumenty/Publikacje własne/Manuscripts/Quantum_interference/data/P1-1.4301-t.zgrub.sur,1031.269619963716,810.0000000000001,809.0,532.0,655289.9999999508,Stainless steel 1.4301 (AISI 304),1.4301,hybrid,256,256,3,P1,P1-1.4301-t.zgrub,area,Turning (roughing),t.zgrub,simple
720.7817686354952,305.23317869964404,347.6274194739767,908.8334891246267,413.1752042656368,601.8393081218546,7060.459056053814,18927.89092613333,78579.84712886067,415.54858993585106,373.15434916151844,495.65828485898993,306.99418100277205,-11867.431870079514,-71519.38807280686,0.0,0.0,/Users/dawid/Library/Mobile Documents/com~apple~CloudDocs/Dokumenty/Publikacje własne/Manuscripts/Quantum_interference/data/P1-1.4301_frez_wyk.sur,1014.5561416771169,810.0000000000001,809.0,532.0,655289.9999999508,Stainless steel 1.4301 (AISI 304),1.4301,classical,256,256,0,P1,P1-1.4301_frez_wyk,area,Milling (finishing),frez_wyk,simple
649.8304830420991,305.23317869964404,347.6274194739767,821.7206828933583,413.1752042656368,601.8393081218546,20562.50984549836,18927.89092613333,78579.84712886067,344.597304342455,302.20306356812233,408.5454786277215,219.88137477150363,1634.6189193650332,-58017.3372833623,0.0,0.0,/Users/dawid/Library/Mobile Documents/com~apple~CloudDocs/Dokumenty/Publikacje własne/Manuscripts/Quantum_interference/data/P1-1.4301_frez_wyk.sur,711.0938995429319,810.0000000000001,809.0,532.0,655289.9999999508,Stainless steel 1.4301 (AISI 304),1.4301,quantum_like,256,256,0,P1,P1-1.4301_frez_wyk,area,Milling (finishing),frez_wyk,simple
281.48660321877185,305.23317869964404,347.6274194739767,351.65558985379806,413.1752042656368,601.8393081218546,4183.646002732783,18927.89092613333,78579.84712886067,-23.7465754808722,-66.14081625520487,-61.51961441183876,-250.18371826805662,-14744.244923400543,-74396.20112612788,0.0,0.0,/Users/dawid/Library/Mobile Documents/com~apple~CloudDocs/Dokumenty/Publikacje własne/Manuscripts/Quantum_interference/data/P1-1.4301_frez_wyk.sur,270.328071236987,810.0000000000001,809.0,532.0,655289.9999999508,Stainless steel 1.4301 (AISI 304),1.4301,hybrid,256,256,0,P1,P1-1.4301_frez_wyk,area,Milling (finishing),frez_wyk,simple
722.5168906623555,305.23317869964404,347.6274194739767,912.4398033434276,413.1752042656368,601.8393081218546,7014.948868545909,18927.89092613333,78579.84712886067,417.2837119627115,374.8894711883788,499.2645990777908,310.60049522157294,-11912.942057587417,-71564.89826031476,0.0,0.0,/Users/dawid/Library/Mobile Documents/com~apple~CloudDocs/Dokumenty/Publikacje własne/Manuscripts/Quantum_interference/data/P1-1.4301_frez_wyk.sur,1017.9864658945199,810.0000000000001,809.0,532.0,655289.9999999508,Stainless steel 1.4301 (AISI 304),1.4301,classical,256,256,1,P1,P1-1.4301_frez_wyk,area,Milling (finishing),frez_wyk,simple
647.6272423570108,305.23317869964404,347.6274194739767,821.136439891424,413.1752042656368,601.8393081218546,19546.658407569656,18927.89092613333,78579.84712886067,342.39406365736676,299.9998228830341,407.96123562578714,219.2971317695693,618.767481436327,-59033.18872129101,0.0,0.0,/Users/dawid/Library/Mobile Documents/com~apple~CloudDocs/Dokumenty/Publikacje własne/Manuscripts/Quantum_interference/data/P1-1.4301_frez_wyk.sur,710.9503465623094,810.0000000000001,809.0,532.0,655289.9999999508,Stainless steel 1.4301 (AISI 304),1.4301,quantum_like,256,256,1,P1,P1-1.4301_frez_wyk,area,Milling (finishing),frez_wyk,simple
278.91791429552416,305.23317869964404,347.6274194739767,351.35568634092664,413.1752042656368,601.8393081218546,4232.518161065315,18927.89092613333,78579.84712886067,-26.315264404119908,-68.70950517845257,-61.81951792471016,-250.48362178092802,-14695.372765068012,-74347.32896779534,0.0,0.0,/Users/dawid/Library/Mobile Documents/com~apple~CloudDocs/Dokumenty/Publikacje własne/Manuscripts/Quantum_interference/data/P1-1.4301_frez_wyk.sur,270.6547602653687,810.0000000000001,809.0,532.0,655289.9999999508,Stainless steel 1.4301 (AISI 304),1.4301,hybrid,256,256,1,P1,P1-1.4301_frez_wyk,area,Milling (finishing),frez_wyk,simple
725.8468541969702,305.23317869964404,347.6274194739767,913.7678211633049,413.1752042656368,601.8393081218546,6902.330949634515,18927.89092613333,78579.84712886067,420.6136754973261,378.2194347229934,500.59261689766805,311.92851304145023,-12025.559976498813,-71677.51617922615,0.0,0.0,/Users/dawid/Library/Mobile Documents/com~apple~CloudDocs/Dokumenty/Publikacje własne/Manuscripts/Quantum_interference/data/P1-1.4301_frez_wyk.sur,1019.2217550915682,810.0000000000001,809.0,532.0,655289.9999999508,Stainless steel 1.4301 (AISI 304),1.4301,classical,256,256,2,P1,P1-1.4301_frez_wyk,area,Milling (finishing),frez_wyk,simple
650.7647348513013,305.23317869964404,347.6274194739767,821.6089537744439,413.1752042656368,601.8393081218546,20390.886875176122,18927.89092613333,78579.84712886067,345.53155615165724,303.13731537732457,408.43374950880707,219.76964565258922,1462.9959490427946,-58188.96025368454,0.0,0.0,/Users/dawid/Library/Mobile Documents/com~apple~CloudDocs/Dokumenty/Publikacje własne/Manuscripts/Quantum_interference/data/P1-1.4301_frez_wyk.sur,709.7526083521989,810.0000000000001,809.0,532.0,655289.9999999508,Stainless steel 1.4301 (AISI 304),1.4301,quantum_like,256,256,2,P1,P1-1.4301_frez_wyk,area,Milling (finishing),frez_wyk,simple
283.7575455864481,305.23317869964404,347.6274194739767,353.03585858610063,413.1752042656368,601.8393081218546,4611.317841810539,18927.89092613333,78579.84712886067,-21.475633113195993,-63.869873887528655,-60.13934567953616,-248.80344953575403,-14316.573084322788,-73968.52928705013,0.0,0.0,/Users/dawid/Library/Mobile Documents/com~apple~CloudDocs/Dokumenty/Publikacje własne/Manuscripts/Quantum_interference/data/P1-1.4301_frez_wyk.sur,270.59595497859516,810.0000000000001,809.0,532.0,655289.9999999508,Stainless steel 1.4301 (AISI 304),1.4301,hybrid,256,256,2,P1,P1-1.4301_frez_wyk,area,Milling (finishing),frez_wyk,simple
720.7177115809164,305.23317869964404,347.6274194739767,908.1555419993506,413.1752042656368,601.8393081218546,6984.159590522387,18927.89092613333,78579.84712886067,415.48453288127246,373.0902921069398,494.9803377337138,306.3162338774959,-11943.73133561094,-71595.68753833829,0.0,0.0,/Users/dawid/Library/Mobile Documents/com~apple~CloudDocs/Dokumenty/Publikacje własne/Manuscripts/Quantum_interference/data/P1-1.4301_frez_wyk.sur,1014.8213474013662,810.0000000000001,809.0,532.0,655289.9999999508,Stainless steel 1.4301 (AISI 304),1.4301,classical,256,256,3,P1,P1-1.4301_frez_wyk,area,Milling (finishing),frez_wyk,simple
647.0109514562884,305.23317869964404,347.6274194739767,819.5939917963179,413.1752042656368,601.8393081218546,20822.15741942936,18927.89092613333,78579.84712886067,341.77777275664425,299.3835319823116,406.4187875306812,217.7546836744633,1894.266493296034,-57757.6897094313,0.0,0.0,/Users/dawid/Library/Mobile Documents/com~apple~CloudDocs/Dokumenty/Publikacje własne/Manuscripts/Quantum_interference/data/P1-1.4301_frez_wyk.sur,706.9061864012164,810.0000000000001,809.0,532.0,655289.9999999508,Stainless steel 1.4301 (AISI 304),1.4301,quantum_like,256,256,3,P1,P1-1.4301_frez_wyk,area,Milling (finishing),frez_wyk,simple
280.0016553761766,305.23317869964404,347.6274194739767,352.3236580243765,413.1752042656368,601.8393081218546,4757.776476818509,18927.89092613333,78579.84712886067,-25.23152332346747,-67.62576409780013,-60.85154624126025,-249.5156500974781,-14170.114449314819,-73822.07065204215,0.0,0.0,/Users/dawid/Library/Mobile Documents/com~apple~CloudDocs/Dokumenty/Publikacje własne/Manuscripts/Quantum_interference/data/P1-1.4301_frez_wyk.sur,267.939907537658,810.0000000000001,809.0,532.0,655289.9999999508,Stainless steel 1.4301 (AISI 304),1.4301,hybrid,256,256,3,P1,P1-1.4301_frez_wyk,area,Milling (finishing),frez_wyk,simple
820.1627499756919,764.4718619642408,779.0817824786186,1082.3811245230856,887.9798147663537,914.4578575056264,7275.21582162944,8664.031748120799,25224.51211973308,55.69088801145107,41.08096749707335,194.4013097567319,167.92326701745918,-1388.8159264913584,-17949.29629810364,0.0,0.0,/Users/dawid/Library/Mobile Documents/com~apple~CloudDocs/Dokumenty/Publikacje własne/Manuscripts/Quantum_interference/data/P1-1.4301_frez_zgrub.sur,1063.7292657356902,810.0000000000001,809.0,532.0,655289.9999999508,Stainless steel 1.4301 (AISI 304),1.4301,classical,256,256,0,P1,P1-1.4301_frez_zgrub,area,Milling (roughing),frez_zgrub,simple
928.7451977257929,764.4718619642408,779.0817824786186,1136.007513974834,887.9798147663537,914.4578575056264,10522.787596543463,8664.031748120799,25224.51211973308,164.27333576155198,149.66341524717424,248.02769920848033,221.5496564692076,1858.7558484226643,-14701.72452318962,0.0,0.0,/Users/dawid/Library/Mobile Documents/com~apple~CloudDocs/Dokumenty/Publikacje własne/Manuscripts/Quantum_interference/data/P1-1.4301_frez_zgrub.sur,707.1448107041965,810.0000000000001,809.0,532.0,655289.9999999508,Stainless steel 1.4301 (AISI 304),1.4301,quantum_like,256,256,0,P1,P1-1.4301_frez_zgrub,area,Milling (roughing),frez_zgrub,simple
681.5577130722635,764.4718619642408,779.0817824786186,783.5715444552383,887.9798147663537,914.4578575056264,4490.2989266081395,8664.031748120799,25224.51211973308,-82.91414889197742,-97.52406940635514,-104.40827031111534,-130.88631305038808,-4173.732821512659,-20734.213193124942,0.0,0.0,/Users/dawid/Library/Mobile Documents/com~apple~CloudDocs/Dokumenty/Publikacje własne/Manuscripts/Quantum_interference/data/P1-1.4301_frez_zgrub.sur,273.7477828339402,810.0000000000001,809.0,532.0,655289.9999999508,Stainless steel 1.4301 (AISI 304),1.4301,hybrid,256,256,0,P1,P1-1.4301_frez_zgrub,area,Milling (roughing),frez_zgrub,simple
803.3390267632001,764.4718619642408,779.0817824786186,1065.585562492035,887.9798147663537,914.4578575056264,7142.062107288495,8664.031748120799,25224.51211973308,38.86716479895924,24.257244284581514,177.6057477256814,151.12770498640865,-1521.9696408323039,-18082.450012444588,0.0,0.0,/Users/dawid/Library/Mobile Documents/com~apple~CloudDocs/Dokumenty/Publikacje własne/Manuscripts/Quantum_interference/data/P1-1.4301_frez_zgrub.sur,1046.4922215918782,810.0000000000001,809.0,532.0,655289.9999999508,Stainless steel 1.4301 (AISI 304),1.4301,classical,256,256,1,P1,P1-1.4301_frez_zgrub,area,Milling (roughing),frez_zgrub,simple
926.0770090081708,764.4718619642408,779.0817824786186,1136.7345217098514,887.9798147663537,914.4578575056264,11088.582223576263,8664.031748120799,25224.51211973308,161.6051470439299,146.99522652955216,248.7547069434977,222.27666420422497,2424.5504754554636,-14135.92989615682,0.0,0.0,/Users/dawid/Library/Mobile Documents/com~apple~CloudDocs/Dokumenty/Publikacje własne/Manuscripts/Quantum_interference/data/P1-1.4301_frez_zgrub.sur,710.0179499885055,810.0000000000001,809.0,532.0,655289.9999999508,Stainless steel 1.4301 (AISI 304),1.4301,quantum_like,256,256,1,P1,P1-1.4301_frez_zgrub,area,Milling (roughing),frez_zgrub,simple
681.3025749135408,764.4718619642408,779.0817824786186,783.4010833114334,887.9798147663537,914.4578575056264,4461.971691329013,8664.031748120799,25224.51211973308,-83.16928705070009,-97.77920756507781,-104.57873145492027,-131.056774194193,-4202.060056791786,-20762.54042840407,0.0,0.0,/Users/dawid/Library/Mobile Documents/com~apple~CloudDocs/Dokumenty/Publikacje własne/Manuscripts/Quantum_interference/data/P1-1.4301_frez_zgrub.sur,273.64052830993637,810.0000000000001,809.0,532.0,655289.9999999508,Stainless steel 1.4301 (AISI 304),1.4301,hybrid,256,256,1,P1,P1-1.4301_frez_zgrub,area,Milling (roughing),frez_zgrub,simple
821.3785830824768,764.4718619642408,779.0817824786186,1085.6421379764483,887.9798147663537,914.4578575056264,7276.025133931878,8664.031748120799,25224.51211973308,56.906721118235915,42.296800603858195,197.6623232100946,171.18428047082188,-1388.0066141889204,-17948.486985801203,0.0,0.0,/Users/dawid/Library/Mobile Documents/com~apple~CloudDocs/Dokumenty/Publikacje własne/Manuscripts/Quantum_interference/data/P1-1.4301_frez_zgrub.sur,1067.7542423521165,810.0000000000001,809.0,532.0,655289.9999999508,Stainless steel 1.4301 (AISI 304),1.4301,classical,256,256,2,P1,P1-1.4301_frez_zgrub,area,Milling (roughing),frez_zgrub,simple
929.6763372923464,764.4718619642408,779.0817824786186,1137.9006426137526,887.9798147663537,914.4578575056264,13028.123358787387,8664.031748120799,25224.51211973308,165.20447532810547,150.59455481372774,249.92082784739895,223.44278510812623,4364.091610666589,-12196.388760945694,0.0,0.0,/Users/dawid/Library/Mobile Documents/com~apple~CloudDocs/Dokumenty/Publikacje własne/Manuscripts/Quantum_interference/data/P1-1.4301_frez_zgrub.sur,710.6059816363958,810.0000000000001,809.0,532.0,655289.9999999508,Stainless steel 1.4301 (AISI 304),1.4301,quantum_like,256,256,2,P1,P1-1.4301_frez_zgrub,area,Milling (roughing),frez_zgrub,simple
682.9256838543989,764.4718619642408,779.0817824786186,784.4068929039644,887.9798147663537,914.4578575056264,4675.161458117539,8664.031748120799,25224.51211973308,-81.54617810984196,-96.15609862421968,-103.57292186238931,-130.05096460166203,-3988.87029000326,-20549.350661615543,0.0,0.0,/Users/dawid/Library/Mobile Documents/com~apple~CloudDocs/Dokumenty/Publikacje własne/Manuscripts/Quantum_interference/data/P1-1.4301_frez_zgrub.sur,274.13373701551734,810.0000000000001,809.0,532.0,655289.9999999508,Stainless steel 1.4301 (AISI 304),1.4301,hybrid,256,256,2,P1,P1-1.4301_frez_zgrub,area,Milling (roughing),frez_zgrub,simple
824.075776791259,764.4718619642408,779.0817824786186,1089.6896136875978,887.9798147663537,914.4578575056264,7276.838554789233,8664.031748120799,25224.51211973308,59.60391482701824,44.99399431264051,201.70979892124424,175.23175618197152,-1387.1931933315655,-17947.67356494385,0.0,0.0,/Users/dawid/Library/Mobile Documents/com~apple~CloudDocs/Dokumenty/Publikacje własne/Manuscripts/Quantum_interference/data/P1-1.4301_frez_zgrub.sur,1070.084641259192,810.0000000000001,809.0,532.0,655289.9999999508,Stainless steel 1.4301 (AISI 304),1.4301,classical,256,256,3,P1,P1-1.4301_frez_zgrub,area,Milling (roughing),frez_zgrub,simple
928.6225009385956,764.4718619642408,779.0817824786186,1137.1293914824903,887.9798147663537,914.4578575056264,11160.625915864282,8664.031748120799,25224.51211973308,164.15063897435473,149.54071845997703,249.14957671613675,222.671533976864,2496.5941677434835,-14063.8862038688,0.0,0.0,/Users/dawid/Library/Mobile Documents/com~apple~CloudDocs/Dokumenty/Publikacje własne/Manuscripts/Quantum_interference/data/P1-1.4301_frez_zgrub.sur,709.0260710223874,810.0000000000001,809.0,532.0,655289.9999999508,Stainless steel 1.4301 (AISI 304),1.4301,quantum_like,256,256,3,P1,P1-1.4301_frez_zgrub,area,Milling (roughing),frez_zgrub,simple
680.9929475079673,764.4718619642408,779.0817824786186,783.7589700241263,887.9798147663537,914.4578575056264,4498.4105816305355,8664.031748120799,25224.51211973308,-83.47891445627354,-98.08883497065128,-104.22084474222734,-130.69888748150007,-4165.621166490263,-20726.101538102546,0.0,0.0,/Users/dawid/Library/Mobile Documents/com~apple~CloudDocs/Dokumenty/Publikacje własne/Manuscripts/Quantum_interference/data/P1-1.4301_frez_zgrub.sur,272.6808877102285,810.0000000000001,809.0,532.0,655289.9999999508,Stainless steel 1.4301 (AISI 304),1.4301,hybrid,256,256,3,P1,P1-1.4301_frez_zgrub,area,Milling (roughing),frez_zgrub,simple
208.00506631738872,192.10411714460616,205.35721843028773,268.7411133897186,341.92217999220065,751.2053660424251,4031.365188778781,36240.82265559685,70877.09415226404,15.90094917278255,2.64784788710098,-73.18106660248206,-482.4642526527066,-32209.457466818065,-66845.72896348525,0.0,0.0,/Users/dawid/Library/Mobile Documents/com~apple~CloudDocs/Dokumenty/Publikacje własne/Manuscripts/Quantum_interference/data/P1-1.4301_nagniat.sur,350.1767452144454,810.0000000000001,809.0,532.0,655289.9999999508,Stainless steel 1.4301 (AISI 304),1.4301,classical,256,256,0,P1,P1-1.4301_nagniat,area,Burnishing,nagniat,simple
597.4461826271354,192.10411714460616,205.35721843028773,783.532535030703,341.92217999220065,751.2053660424251,35981.45558472022,36240.82265559685,70877.09415226404,405.3420654825292,392.0889641968476,441.61035503850235,32.32716898827788,-259.36707087662296,-34895.63856754381,0.0,0.0,/Users/dawid/Library/Mobile Documents/com~apple~CloudDocs/Dokumenty/Publikacje własne/Manuscripts/Quantum_interference/data/P1-1.4301_nagniat.sur,706.4564875616792,810.0000000000001,809.0,532.0,655289.9999999508,Stainless steel 1.4301 (AISI 304),1.4301,quantum_like,256,256,0,P1,P1-1.4301_nagniat,area,Burnishing,nagniat,simple
211.97681234154612,192.10411714460616,205.35721843028773,273.3848529740183,341.92217999220065,751.2053660424251,6510.788264941767,36240.82265559685,70877.09415226404,19.872695196939965,6.619593911258395,-68.5373270181823,-477.8205130684068,-29730.03439065508,-64366.30588732227,0.0,0.0,/Users/dawid/Library/Mobile Documents/com~apple~CloudDocs/Dokumenty/Publikacje własne/Manuscripts/Quantum_interference/data/P1-1.4301_nagniat.sur,267.2051582687118,810.0000000000001,809.0,532.0,655289.9999999508,Stainless steel 1.4301 (AISI 304),1.4301,hybrid,256,256,0,P1,P1-1.4301_nagniat,area,Burnishing,nagniat,simple
207.6718783209449,192.10411714460616,205.35721843028773,268.4619831222932,341.92217999220065,751.2053660424251,4031.3743812191233,36240.82265559685,70877.09415226404,15.567761176338738,2.3146598906571674,-73.46019686990743,-482.743382920132,-32209.448274377723,-66845.71977104491,0.0,0.0,/Users/dawid/Library/Mobile Documents/com~apple~CloudDocs/Dokumenty/Publikacje własne/Manuscripts/Quantum_interference/data/P1-1.4301_nagniat.sur,349.8507012875665,810.0000000000001,809.0,532.0,655289.9999999508,Stainless steel 1.4301 (AISI 304),1.4301,classical,256,256,1,P1,P1-1.4301_nagniat,area,Burnishing,nagniat,simple
601.1762763915054,192.10411714460616,205.35721843028773,785.8273839137762,341.92217999220065,751.2053660424251,35280.12944438582,36240.82265559685,70877.09415226404,409.07215924689933,395.8190579612177,443.90520392157555,34.62201787135104,-960.6932112110264,-35596.964707878215,0.0,0.0,/Users/dawid/Library/Mobile Documents/com~apple~CloudDocs/Dokumenty/Publikacje własne/Manuscripts/Quantum_interference/data/P1-1.4301_nagniat.sur,709.2534185148354,810.0000000000001,809.0,532.0,655289.9999999508,Stainless steel 1.4301 (AISI 304),1.4301,quantum_like,256,256,1,P1,P1-1.4301_nagniat,area,Burnishing,nagniat,simple
215.39517509713247,192.10411714460616,205.35721843028773,277.65760266902885,341.92217999220065,751.2053660424251,7037.613946385459,36240.82265559685,70877.09415226404,23.29105795252631,10.037956666844739,-64.26457732317176,-473.54776337339626,-29203.20870921139,-63839.48020587857,0.0,0.0,/Users/dawid/Library/Mobile Documents/com~apple~CloudDocs/Dokumenty/Publikacje własne/Manuscripts/Quantum_interference/data/P1-1.4301_nagniat.sur,268.5470648632777,810.0000000000001,809.0,532.0,655289.9999999508,Stainless steel 1.4301 (AISI 304),1.4301,hybrid,256,256,1,P1,P1-1.4301_nagniat,area,Burnishing,nagniat,simple
207.67343719750053,192.10411714460616,205.35721843028773,268.46402423287554,341.92217999220065,751.2053660424251,4031.2757209097836,36240.82265559685,70877.09415226404,15.569320052894371,2.3162187672127996,-73.45815575932507,-482.7413418095496,-32209.546934687063,-66845.81843135424,0.0,0.0,/Users/dawid/Library/Mobile Documents/com~apple~CloudDocs/Dokumenty/Publikacje własne/Manuscripts/Quantum_interference/data/P1-1.4301_nagniat.sur,349.85416710791316,810.0000000000001,809.0,532.0,655289.9999999508,Stainless steel 1.4301 (AISI 304),1.4301,classical,256,256,2,P1,P1-1.4301_nagniat,area,Burnishing,nagniat,simple
601.6068339996996,192.10411714460616,205.35721843028773,789.2755312613521,341.92217999220065,751.2053660424251,36889.84550645875,36240.82265559685,70877.09415226404,409.50271685509347,396.24961556941184,447.35335126915146,38.07016521892698,649.0228508619024,-33987.24864580529,0.0,0.0,/Users/dawid/Library/Mobile Documents/com~apple~CloudDocs/Dokumenty/Publikacje własne/Manuscripts/Quantum_interference/data/P1-1.4301_nagniat.sur,710.4632216405216,810.0000000000001,809.0,532.0,655289.9999999508,Stainless steel 1.4301 (AISI 304),1.4301,quantum_like,256,256,2,P1,P1-1.4301_nagniat,area,Burnishing,nagniat,simple
213.77722523150288,192.10411714460616,205.35721843028773,277.19900191933806,341.92217999220065,751.2053660424251,6772.715680035987,36240.82265559685,70877.09415226404,21.67310808689672,8.420006801215148,-64.72317807286257,-474.00636412308705,-29468.10697556086,-64104.378472228054,0.0,0.0,/Users/dawid/Library/Mobile Documents/com~apple~CloudDocs/Dokumenty/Publikacje własne/Manuscripts/Quantum_interference/data/P1-1.4301_nagniat.sur,267.09655490144826,810.0000000000001,809.0,532.0,655289.9999999508,Stainless steel 1.4301 (AISI 304),1.4301,hybrid,256,256,2,P1,P1-1.4301_nagniat,area,Burnishing,nagniat,simple
207.6728513445414,192.10411714460616,205.35721843028773,268.4646412885657,341.92217999220065,751.2053660424251,4030.876980598232,36240.82265559685,70877.09415226404,15.568734199935259,2.315632914253688,-73.45753870363491,-482.7407247538594,-32209.945674998613,-66846.2171716658,0.0,0.0,/Users/dawid/Library/Mobile Documents/com~apple~CloudDocs/Dokumenty/Publikacje własne/Manuscripts/Quantum_interference/data/P1-1.4301_nagniat.sur,349.8541316395259,810.0000000000001,809.0,532.0,655289.9999999508,Stainless steel 1.4301 (AISI 304),1.4301,classical,256,256,3,P1,P1-1.4301_nagniat,area,Burnishing,nagniat,simple
601.4419901948122,192.10411714460616,205.35721843028773,788.8024923700548,341.92217999220065,751.2053660424251,37173.03788815138,36240.82265559685,70877.09415226404,409.3378730502061,396.0847717645245,446.8803123778541,37.59712632762962,932.2152325545342,-33704.05626411265,0.0,0.0,/Users/dawid/Library/Mobile Documents/com~apple~CloudDocs/Dokumenty/Publikacje własne/Manuscripts/Quantum_interference/data/P1-1.4301_nagniat.sur,710.7248358269027,810.0000000000001,809.0,532.0,655289.9999999508,Stainless steel 1.4301 (AISI 304),1.4301,quantum_like,256,256,3,P1,P1-1.4301_nagniat,area,Burnishing,nagniat,simple
213.93278558585823,192.10411714460616,205.35721843028773,275.42404019268434,341.92217999220065,751.2053660424251,6528.946019850419,36240.82265559685,70877.09415226404,21.828668441252063,8.575567155570493,-66.4981397995163,-475.78132584974077,-29711.87663574643,-64348.14813241362,0.0,0.0,/Users/dawid/Library/Mobile Documents/com~apple~CloudDocs/Dokumenty/Publikacje własne/Manuscripts/Quantum_interference/data/P1-1.4301_nagniat.sur,266.4487370040771,810.0000000000001,809.0,532.0,655289.9999999508,Stainless steel 1.4301 (AISI 304),1.4301,hybrid,256,256,3,P1,P1-1.4301_nagniat,area,Burnishing,nagniat,simple
779.712862588002,328.9596386783718,631.8049335855268,999.5276233619966,494.03734571699454,1158.9868653377114,7509.155483313301,28919.772544372994,76898.75565772936,450.7532239096302,147.90792900247519,505.490277645002,-159.4592419757148,-21410.617061059693,-69389.60017441606,0.0,0.0,/Users/dawid/Library/Mobile Documents/com~apple~CloudDocs/Dokumenty/Publikacje własne/Manuscripts/Quantum_interference/data/P1-1.4301_wedm_wyk.sur,1104.2218722509115,810.0000000000001,809.0,532.0,655289.9999999508,Stainless steel 1.4301 (AISI 304),1.4301,classical,256,256,0,P1,P1-1.4301_wedm_wyk,area,Wire EDM (finishing),wedm_wyk,simple
663.1745106330546,328.9596386783718,631.8049335855268,868.663893603693,494.03734571699454,1158.9868653377114,28673.847360916752,28919.772544372994,76898.75565772936,334.21487195468285,31.369577047527862,374.62654788669846,-290.3229717340183,-245.92518345624248,-48224.90829681261,0.0,0.0,/Users/dawid/Library/Mobile Documents/com~apple~CloudDocs/Dokumenty/Publikacje własne/Manuscripts/Quantum_interference/data/P1-1.4301_wedm_wyk.sur,711.5210614413776,810.0000000000001,809.0,532.0,655289.9999999508,Stainless steel 1.4301 (AISI 304),1.4301,quantum_like,256,256,0,P1,P1-1.4301_wedm_wyk,area,Wire EDM (finishing),wedm_wyk,simple
266.2106252989536,328.9596386783718,631.8049335855268,353.4955722624407,494.03734571699454,1158.9868653377114,9558.208085674098,28919.772544372994,76898.75565772936,-62.749013379418216,-365.5943082865732,-140.54177345455386,-805.4912930752706,-19361.564458698896,-67340.54757205526,0.0,0.0,/Users/dawid/Library/Mobile Documents/com~apple~CloudDocs/Dokumenty/Publikacje własne/Manuscripts/Quantum_interference/data/P1-1.4301_wedm_wyk.sur,371.85863303587877,810.0000000000001,809.0,532.0,655289.9999999508,Stainless steel 1.4301 (AISI 304),1.4301,hybrid,256,256,0,P1,P1-1.4301_wedm_wyk,area,Wire EDM (finishing),wedm_wyk,simple
776.9571289185665,328.9596386783718,631.8049335855268,996.4798919415715,494.03734571699454,1158.9868653377114,7493.768716225261,28919.772544372994,76898.75565772936,447.99749024019474,145.1521953330397,502.4425462245769,-162.50697339613987,-21426.003828147735,-69404.9869415041,0.0,0.0,/Users/dawid/Library/Mobile Documents/com~apple~CloudDocs/Dokumenty/Publikacje własne/Manuscripts/Quantum_interference/data/P1-1.4301_wedm_wyk.sur,1100.7348479450498,810.0000000000001,809.0,532.0,655289.9999999508,Stainless steel 1.4301 (AISI 304),1.4301,classical,256,256,1,P1,P1-1.4301_wedm_wyk,area,Wire EDM (finishing),wedm_wyk,simple
659.7999627279519,328.9596386783718,631.8049335855268,864.5644548846651,494.03734571699454,1158.9868653377114,28889.233351306466,28919.772544372994,76898.75565772936,330.84032404958003,27.99502914242505,370.5271091676706,-294.4224104530462,-30.539193066529506,-48009.5223064229,0.0,0.0,/Users/dawid/Library/Mobile Documents/com~apple~CloudDocs/Dokumenty/Publikacje własne/Manuscripts/Quantum_interference/data/P1-1.4301_wedm_wyk.sur,710.9810308837544,810.0000000000001,809.0,532.0,655289.9999999508,Stainless steel 1.4301 (AISI 304),1.4301,quantum_like,256,256,1,P1,P1-1.4301_wedm_wyk,area,Wire EDM (finishing),wedm_wyk,simple
261.7857026157802,328.9596386783718,631.8049335855268,347.58394115230533,494.03734571699454,1158.9868653377114,9709.452986136725,28919.772544372994,76898.75565772936,-67.17393606259158,-370.01923096974656,-146.45340456468924,-811.4029241854059,-19210.31955823627,-67189.30267159265,0.0,0.0,/Users/dawid/Library/Mobile Documents/com~apple~CloudDocs/Dokumenty/Publikacje własne/Manuscripts/Quantum_interference/data/P1-1.4301_wedm_wyk.sur,369.50549108694696,810.0000000000001,809.0,532.0,655289.9999999508,Stainless steel 1.4301 (AISI 304),1.4301,hybrid,256,256,1,P1,P1-1.4301_wedm_wyk,area,Wire EDM (finishing),wedm_wyk,simple
773.6729110096933,328.9596386783718,631.8049335855268,989.7807926859874,494.03734571699454,1158.9868653377114,7480.114345365068,28919.772544372994,76898.75565772936,444.7132723313215,141.86797742416653,495.7434469689929,-169.2060726517239,-21439.65819900793,-69418.64131236429,0.0,0.0,/Users/dawid/Library/Mobile Documents/com~apple~CloudDocs/Dokumenty/Publikacje własne/Manuscripts/Quantum_interference/data/P1-1.4301_wedm_wyk.sur,1095.7889843170458,810.0000000000001,809.0,532.0,655289.9999999508,Stainless steel 1.4301 (AISI 304),1.4301,classical,256,256,2,P1,P1-1.4301_wedm_wyk,area,Wire EDM (finishing),wedm_wyk,simple
663.0847209172886,328.9596386783718,631.8049335855268,866.9729172294599,494.03734571699454,1158.9868653377114,29580.51023540406,28919.772544372994,76898.75565772936,334.1250822389167,31.279787331761703,372.93557151246534,-292.01394810825144,660.7376910310674,-47318.2454223253,0.0,0.0,/Users/dawid/Library/Mobile Documents/com~apple~CloudDocs/Dokumenty/Publikacje własne/Manuscripts/Quantum_interference/data/P1-1.4301_wedm_wyk.sur,710.988584452828,810.0000000000001,809.0,532.0,655289.9999999508,Stainless steel 1.4301 (AISI 304),1.4301,quantum_like,256,256,2,P1,P1-1.4301_wedm_wyk,area,Wire EDM (finishing),wedm_wyk,simple
264.4656241423621,328.9596386783718,631.8049335855268,350.68118408167226,494.03734571699454,1158.9868653377114,9284.255857224894,28919.772544372994,76898.75565772936,-64.49401453600971,-367.3393094431647,-143.35616163532228,-808.3056812560392,-19635.5166871481,-67614.49980050448,0.0,0.0,/Users/dawid/Library/Mobile Documents/com~apple~CloudDocs/Dokumenty/Publikacje własne/Manuscripts/Quantum_interference/data/P1-1.4301_wedm_wyk.sur,371.0490003144462,810.0000000000001,809.0,532.0,655289.9999999508,Stainless steel 1.4301 (AISI 304),1.4301,hybrid,256,256,2,P1,P1-1.4301_wedm_wyk,area,Wire EDM (finishing),wedm_wyk,simple
763.2278921185696,328.9596386783718,631.8049335855268,978.8697499365725,494.03734571699454,1158.9868653377114,7476.8276202348625,28919.772544372994,76898.75565772936,434.2682534401978,131.4229585330428,484.83240421957794,-180.11711540113885,-21442.94492413813,-69421.92803749451,0.0,0.0,/Users/dawid/Library/Mobile Documents/com~apple~CloudDocs/Dokumenty/Publikacje własne/Manuscripts/Quantum_interference/data/P1-1.4301_wedm_wyk.sur,1094.1676430853852,810.0000000000001,809.0,532.0,655289.9999999508,Stainless steel 1.4301 (AISI 304),1.4301,classical,256,256,3,P1,P1-1.4301_wedm_wyk,area,Wire EDM (finishing),wedm_wyk,simple
659.4838001472555,328.9596386783718,631.8049335855268,862.8040720657935,494.03734571699454,1158.9868653377114,30002.45446277618,28919.772544372994,76898.75565772936,330.5241614688837,27.678866561728704,368.766726348799,-296.1827932719178,1082.681918403185,-46896.30119495318,0.0,0.0,/Users/dawid/Library/Mobile Documents/com~apple~CloudDocs/Dokumenty/Publikacje własne/Manuscripts/Quantum_interference/data/P1-1.4301_wedm_wyk.sur,709.941226728859,810.0000000000001,809.0,532.0,655289.9999999508,Stainless steel 1.4301 (AISI 304),1.4301,quantum_like,256,256,3,P1,P1-1.4301_wedm_wyk,area,Wire EDM (finishing),wedm_wyk,simple
258.32942509610655,328.9596386783718,631.8049335855268,345.24855882256986,494.03734571699454,1158.9868653377114,9547.469669836648,28919.772544372994,76898.75565772936,-70.63021358226524,-373.47550848942024,-148.7887868944247,-813.7383065151415,-19372.302874536348,-67351.28598789271,0.0,0.0,/Users/dawid/Library/Mobile Documents/com~apple~CloudDocs/Dokumenty/Publikacje własne/Manuscripts/Quantum_interference/data/P1-1.4301_wedm_wyk.sur,371.9924964116425,810.0000000000001,809.0,532.0,655289.9999999508,Stainless steel 1.4301 (AISI 304),1.4301,hybrid,256,256,3,P1,P1-1.4301_wedm_wyk,area,Wire EDM (finishing),wedm_wyk,simple
0.20377409628267562,0.04307600837950057,0.05372627427155684,0.25606707546267865,0.05772079793605276,0.08613583044120729,2.6539028997940153,1.9896324086203703,3.412098775156563,0.16069808790317505,0.1500478220111188,0.1983462775266259,0.16993124502147136,0.6642704911736449,-0.7581958753625475,0.0,0.0,/Users/dawid/Library/Mobile Documents/com~apple~CloudDocs/Dokumenty/Publikacje własne/Manuscripts/Quantum_interference/data/P1-1.4301_wedm_zgru.sur,0.2490601627046664,810.0000000000001,809.0,532.0,655289.9999999508,Stainless steel 1.4301 (AISI 304),1.4301,classical,256,256,0,P1,P1-1.4301_wedm_zgru,area,Wire EDM (roughing),wedm_zgru,simple
563.214841373828,0.04307600837950057,0.05372627427155684,705.840807182277,0.05772079793605276,0.08613583044120729,6180.013413199592,1.9896324086203703,3.412098775156563,563.1717653654486,563.1611150995565,705.783086384341,705.7546713518359,6178.023780790972,6176.601314424435,0.0,0.0,/Users/dawid/Library/Mobile Documents/com~apple~CloudDocs/Dokumenty/Publikacje własne/Manuscripts/Quantum_interference/data/P1-1.4301_wedm_zgru.sur,705.8411266571082,810.0000000000001,809.0,532.0,655289.9999999508,Stainless steel 1.4301 (AISI 304),1.4301,quantum_like,256,256,0,P1,P1-1.4301_wedm_zgru,area,Wire EDM (roughing),wedm_zgru,simple
83.73025007376766,0.04307600837950057,0.05372627427155684,149.42577035476893,0.05772079793605276,0.08613583044120729,1071.890566597053,1.9896324086203703,3.412098775156563,83.68717406538816,83.67652379949611,149.3680495568329,149.33963452432772,1069.9009341884328,1068.4784678218966,0.0,0.0,/Users/dawid/Library/Mobile Documents/com~apple~CloudDocs/Dokumenty/Publikacje własne/Manuscripts/Quantum_interference/data/P1-1.4301_wedm_zgru.sur,149.4263322637714,810.0000000000001,809.0,532.0,655289.9999999508,Stainless steel 1.4301 (AISI 304),1.4301,hybrid,256,256,0,P1,P1-1.4301_wedm_zgru,area,Wire EDM (roughing),wedm_zgru,simple
0.20461767945861067,0.04307600837950057,0.05372627427155684,0.2568021563575101,0.05772079793605276,0.08613583044120729,2.6154089252183788,1.9896324086203703,3.412098775156563,0.16154167107911008,0.15089140518705382,0.1990813584214573,0.17066632591630276,0.6257765165980085,-0.796689849938184,0.0,0.0,/Users/dawid/Library/Mobile Documents/com~apple~CloudDocs/Dokumenty/Publikacje własne/Manuscripts/Quantum_interference/data/P1-1.4301_wedm_zgru.sur,0.2500194395620321,810.0000000000001,809.0,532.0,655289.9999999508,Stainless steel 1.4301 (AISI 304),1.4301,classical,256,256,1,P1,P1-1.4301_wedm_zgru,area,Wire EDM (roughing),wedm_zgru,simple
563.7454086460721,0.04307600837950057,0.05372627427155684,707.95778541202,0.05772079793605276,0.08613583044120729,5912.078804366536,1.9896324086203703,3.412098775156563,563.7023326376925,563.6916823718004,707.900064614084,707.8716495815788,5910.089171957916,5908.6667055913795,0.0,0.0,/Users/dawid/Library/Mobile Documents/com~apple~CloudDocs/Dokumenty/Publikacje własne/Manuscripts/Quantum_interference/data/P1-1.4301_wedm_zgru.sur,707.9574252160837,810.0000000000001,809.0,532.0,655289.9999999508,Stainless steel 1.4301 (AISI 304),1.4301,quantum_like,256,256,1,P1,P1-1.4301_wedm_zgru,area,Wire EDM (roughing),wedm_zgru,simple
90.42733870503633,0.04307600837950057,0.05372627427155684,155.02356113527932,0.05772079793605276,0.08613583044120729,1330.0506071082382,1.9896324086203703,3.412098775156563,90.38426269665683,90.37361243076478,154.96584033734325,154.9374253048381,1328.0609746996179,1326.6385083330815,0.0,0.0,/Users/dawid/Library/Mobile Documents/com~apple~CloudDocs/Dokumenty/Publikacje własne/Manuscripts/Quantum_interference/data/P1-1.4301_wedm_zgru.sur,155.0228386472663,810.0000000000001,809.0,532.0,655289.9999999508,Stainless steel 1.4301 (AISI 304),1.4301,hybrid,256,256,1,P1,P1-1.4301_wedm_zgru,area,Wire EDM (roughing),wedm_zgru,simple
0.20452452153747225,0.04307600837950057,0.05372627427155684,0.25639905730613444,0.05772079793605276,0.08613583044120729,2.783020226286965,1.9896324086203703,3.412098775156563,0.16144851315797165,0.1507982472659154,0.1986782593700817,0.17026322686492718,0.7933878176665947,-0.6290785488695977,0.0,0.0,/Users/dawid/Library/Mobile Documents/com~apple~CloudDocs/Dokumenty/Publikacje własne/Manuscripts/Quantum_interference/data/P1-1.4301_wedm_zgru.sur,0.2495269665427065,810.0000000000001,809.0,532.0,655289.9999999508,Stainless steel 1.4301 (AISI 304),1.4301,classical,256,256,2,P1,P1-1.4301_wedm_zgru,area,Wire EDM (roughing),wedm_zgru,simple
566.2652982224788,0.04307600837950057,0.05372627427155684,710.161998244226,0.05772079793605276,0.08613583044120729,6066.0860617764065,1.9896324086203703,3.412098775156563,566.2222222140994,566.2115719482073,710.10427744629,710.0758624137848,6064.096429367785,6062.67396300125,0.0,0.0,/Users/dawid/Library/Mobile Documents/com~apple~CloudDocs/Dokumenty/Publikacje własne/Manuscripts/Quantum_interference/data/P1-1.4301_wedm_zgru.sur,710.1618268834239,810.0000000000001,809.0,532.0,655289.9999999508,Stainless steel 1.4301 (AISI 304),1.4301,quantum_like,256,256,2,P1,P1-1.4301_wedm_zgru,area,Wire EDM (roughing),wedm_zgru,simple
90.20542792248528,0.04307600837950057,0.05372627427155684,155.13554515337984,0.05772079793605276,0.08613583044120729,1073.2871716572283,1.9896324086203703,3.412098775156563,90.16235191410578,90.15170164821373,155.07782435544377,155.04940932293863,1071.2975392486078,1069.8750728820717,0.0,0.0,/Users/dawid/Library/Mobile Documents/com~apple~CloudDocs/Dokumenty/Publikacje własne/Manuscripts/Quantum_interference/data/P1-1.4301_wedm_zgru.sur,155.13505032959492,810.0000000000001,809.0,532.0,655289.9999999508,Stainless steel 1.4301 (AISI 304),1.4301,hybrid,256,256,2,P1,P1-1.4301_wedm_zgru,area,Wire EDM (roughing),wedm_zgru,simple
0.2040413397845882,0.04307600837950057,0.05372627427155684,0.2561769030823763,0.05772079793605276,0.08613583044120729,2.865164870454747,1.9896324086203703,3.412098775156563,0.1609653314050876,0.15031506551303134,0.19845610514632356,0.170041072641169,0.8755324618343768,-0.5469339047018157,0.0,0.0,/Users/dawid/Library/Mobile Documents/com~apple~CloudDocs/Dokumenty/Publikacje własne/Manuscripts/Quantum_interference/data/P1-1.4301_wedm_zgru.sur,0.24972895159092812,810.0000000000001,809.0,532.0,655289.9999999508,Stainless steel 1.4301 (AISI 304),1.4301,classical,256,256,3,P1,P1-1.4301_wedm_zgru,area,Wire EDM (roughing),wedm_zgru,simple
571.5371557832473,0.04307600837950057,0.05372627427155684,716.2514063141729,0.05772079793605276,0.08613583044120729,6350.843910590091,1.9896324086203703,3.412098775156563,571.4940797748678,571.4834295089757,716.1936855162368,716.1652704837317,6348.85427818147,6347.431811814935,0.0,0.0,/Users/dawid/Library/Mobile Documents/com~apple~CloudDocs/Dokumenty/Publikacje własne/Manuscripts/Quantum_interference/data/P1-1.4301_wedm_zgru.sur,716.2514680081254,810.0000000000001,809.0,532.0,655289.9999999508,Stainless steel 1.4301 (AISI 304),1.4301,quantum_like,256,256,3,P1,P1-1.4301_wedm_zgru,area,Wire EDM (roughing),wedm_zgru,simple
87.13239778576441,0.04307600837950057,0.05372627427155684,151.26765868777736,0.05772079793605276,0.08613583044120729,1329.4913193391965,1.9896324086203703,3.412098775156563,87.0893217773849,87.07867151149286,151.2099378898413,151.18152285733615,1327.5016869305762,1326.07922056404,0.0,0.0,/Users/dawid/Library/Mobile Documents/com~apple~CloudDocs/Dokumenty/Publikacje własne/Manuscripts/Quantum_interference/data/P1-1.4301_wedm_zgru.sur,151.2672201296155,810.0000000000001,809.0,532.0,655289.9999999508,Stainless steel 1.4301 (AISI 304),1.4301,hybrid,256,256,3,P1,P1-1.4301_wedm_zgru,area,Wire EDM (roughing),wedm_zgru,simple
337.2536444456004,327.133259114379,330.4382999039521,418.8768687719821,405.6896736729729,411.1023927935191,2532.428875105143,2291.434062734852,5098.419384523485,10.120385331221389,6.8153445416482965,13.187195099009168,7.7744759784630295,240.99481237029119,-2565.9905094183423,0.0,0.0,/Users/dawid/Library/Mobile Documents/com~apple~CloudDocs/Dokumenty/Publikacje własne/Manuscripts/Quantum_interference/data/P1-AL70752_nagniat.sur,160.3421330910997,810.0000000000001,809.0,532.0,655289.9999999508,Aluminium 7075,AL70752,classical,256,256,0,P1,P1-AL70752_nagniat,area,Burnishing,nagniat,simple
648.0039705534768,327.133259114379,330.4382999039521,812.0972375899074,405.6896736729729,411.1023927935191,7170.220207802884,2291.434062734852,5098.419384523485,320.8707114390978,317.56567064952475,406.40756391693446,400.9948447963883,4878.786145068032,2071.8008232793986,0.0,0.0,/Users/dawid/Library/Mobile Documents/com~apple~CloudDocs/Dokumenty/Publikacje własne/Manuscripts/Quantum_interference/data/P1-AL70752_nagniat.sur,703.7980419145962,810.0000000000001,809.0,532.0,655289.9999999508,Aluminium 7075,AL70752,quantum_like,256,256,0,P1,P1-AL70752_nagniat,area,Burnishing,nagniat,simple
344.82127184537575,327.133259114379,330.4382999039521,429.63326268570586,405.6896736729729,411.1023927935191,2593.081161207804,2291.434062734852,5098.419384523485,17.688012730996775,14.382971941423683,23.943589012732954,18.530869892186814,301.64709847295245,-2505.338223315681,0.0,0.0,/Users/dawid/Library/Mobile Documents/com~apple~CloudDocs/Dokumenty/Publikacje własne/Manuscripts/Quantum_interference/data/P1-AL70752_nagniat.sur,154.92138850539277,810.0000000000001,809.0,532.0,655289.9999999508,Aluminium 7075,AL70752,hybrid,256,256,0,P1,P1-AL70752_nagniat,area,Burnishing,nagniat,simple
337.81843844726734,327.133259114379,330.4382999039521,419.45647295299045,405.6896736729729,411.1023927935191,2532.600280059096,2291.434062734852,5098.419384523485,10.685179332888323,7.38013854331523,13.76679928001753,8.354080159471392,241.1662173242443,-2565.819104464389,0.0,0.0,/Users/dawid/Library/Mobile Documents/com~apple~CloudDocs/Dokumenty/Publikacje własne/Manuscripts/Quantum_interference/data/P1-AL70752_nagniat.sur,161.43977614747834,810.0000000000001,809.0,532.0,655289.9999999508,Aluminium 7075,AL70752,classical,256,256,1,P1,P1-AL70752_nagniat,area,Burnishing,nagniat,simple
653.0620867037939,327.133259114379,330.4382999039521,817.7323696432272,405.6896736729729,411.1023927935191,7037.241246731712,2291.434062734852,5098.419384523485,325.9288275894149,322.6237867998418,412.0426959702543,406.62997684970816,4745.807183996861,1938.8218622082268,0.0,0.0,/Users/dawid/Library/Mobile Documents/com~apple~CloudDocs/Dokumenty/Publikacje własne/Manuscripts/Quantum_interference/data/P1-AL70752_nagniat.sur,707.3326388067164,810.0000000000001,809.0,532.0,655289.9999999508,Aluminium 7075,AL70752,quantum_like,256,256,1,P1,P1-AL70752_nagniat,area,Burnishing,nagniat,simple
348.0251015299757,327.133259114379,330.4382999039521,435.3811160348015,405.6896736729729,411.1023927935191,2848.6956418703817,2291.434062734852,5098.419384523485,20.8918424155967,17.586801626023604,29.691442361828585,24.278723241282446,557.2615791355297,-2249.7237426531037,0.0,0.0,/Users/dawid/Library/Mobile Documents/com~apple~CloudDocs/Dokumenty/Publikacje własne/Manuscripts/Quantum_interference/data/P1-AL70752_nagniat.sur,154.1070758581045,810.0000000000001,809.0,532.0,655289.9999999508,Aluminium 7075,AL70752,hybrid,256,256,1,P1,P1-AL70752_nagniat,area,Burnishing,nagniat,simple
337.76893986865133,327.133259114379,330.4382999039521,419.3492095077125,405.6896736729729,411.1023927935191,2532.454274819028,2291.434062734852,5098.419384523485,10.635680754272352,7.330639964699259,13.659535834739573,8.246816714193434,241.02021208417597,-2565.9651097044575,0.0,0.0,/Users/dawid/Library/Mobile Documents/com~apple~CloudDocs/Dokumenty/Publikacje własne/Manuscripts/Quantum_interference/data/P1-AL70752_nagniat.sur,161.3569013036562,810.0000000000001,809.0,532.0,655289.9999999508,Aluminium 7075,AL70752,classical,256,256,2,P1,P1-AL70752_nagniat,area,Burnishing,nagniat,simple
649.9001095368399,327.133259114379,330.4382999039521,814.4389548385295,405.6896736729729,411.1023927935191,6592.081150871168,2291.434062734852,5098.419384523485,322.76685042246083,319.46180963288776,408.7492811655566,403.33656204501045,4300.647088136316,1493.6617663476827,0.0,0.0,/Users/dawid/Library/Mobile Documents/com~apple~CloudDocs/Dokumenty/Publikacje własne/Manuscripts/Quantum_interference/data/P1-AL70752_nagniat.sur,708.5667486329561,810.0000000000001,809.0,532.0,655289.9999999508,Aluminium 7075,AL70752,quantum_like,256,256,2,P1,P1-AL70752_nagniat,area,Burnishing,nagniat,simple
342.52970736915665,327.133259114379,330.4382999039521,426.66960019913665,405.6896736729729,411.1023927935191,2736.674365141881,2291.434062734852,5098.419384523485,15.396448254777635,12.091407465204544,20.979926526163755,15.567207405617614,445.2403024070293,-2361.745019381604,0.0,0.0,/Users/dawid/Library/Mobile Documents/com~apple~CloudDocs/Dokumenty/Publikacje własne/Manuscripts/Quantum_interference/data/P1-AL70752_nagniat.sur,154.83605257661372,810.0000000000001,809.0,532.0,655289.9999999508,Aluminium 7075,AL70752,hybrid,256,256,2,P1,P1-AL70752_nagniat,area,Burnishing,nagniat,simple
337.7710765098627,327.133259114379,330.4382999039521,419.351065028031,405.6896736729729,411.1023927935191,2532.7281511675774,2291.434062734852,5098.419384523485,10.637817395483724,7.332776605910631,13.661391355058047,8.24867223451191,241.2940884327257,-2565.6912333559076,0.0,0.0,/Users/dawid/Library/Mobile Documents/com~apple~CloudDocs/Dokumenty/Publikacje własne/Manuscripts/Quantum_interference/data/P1-AL70752_nagniat.sur,161.3583736451457,810.0000000000001,809.0,532.0,655289.9999999508,Aluminium 7075,AL70752,classical,256,256,3,P1,P1-AL70752_nagniat,area,Burnishing,nagniat,simple
649.8294919507132,327.133259114379,330.4382999039521,813.8471935838114,405.6896736729729,411.1023927935191,6840.559210666561,2291.434062734852,5098.419384523485,322.6962328363342,319.39119204676115,408.1575199108385,402.7448007902924,4549.125147931709,1742.1398261430759,0.0,0.0,/Users/dawid/Library/Mobile Documents/com~apple~CloudDocs/Dokumenty/Publikacje własne/Manuscripts/Quantum_interference/data/P1-AL70752_nagniat.sur,708.3265432496163,810.0000000000001,809.0,532.0,655289.9999999508,Aluminium 7075,AL70752,quantum_like,256,256,3,P1,P1-AL70752_nagniat,area,Burnishing,nagniat,simple
341.2938721074874,327.133259114379,330.4382999039521,426.208708301786,405.6896736729729,411.1023927935191,2755.4360678035937,2291.434062734852,5098.419384523485,14.160612993108398,10.855572203535305,20.51903462881303,15.106315508266892,464.0020050687419,-2342.9833167198917,0.0,0.0,/Users/dawid/Library/Mobile Documents/com~apple~CloudDocs/Dokumenty/Publikacje własne/Manuscripts/Quantum_interference/data/P1-AL70752_nagniat.sur,153.80654969735954,810.0000000000001,809.0,532.0,655289.9999999508,Aluminium 7075,AL70752,hybrid,256,256,3,P1,P1-AL70752_nagniat,area,Burnishing,nagniat,simple
0.19929446088116462,0.0003584054062409802,0.0007220720332325905,0.2495795607561039,0.0005485641750130267,0.0014155996819883096,2.1019772010102176,0.023651161583801494,0.10982922986895624,0.19893605547492366,0.19857238884793205,0.24903099658109087,0.2481639610741156,2.078326039426416,1.9921479711412613,0.0,0.0,/Users/dawid/Library/Mobile Documents/com~apple~CloudDocs/Dokumenty/Publikacje własne/Manuscripts/Quantum_interference/data/P1-AL70752_wedm_wyk.sur,0.24958052750426304,810.0000000000001,809.0,532.0,655289.9999999508,Aluminium 7075,AL70752,classical,256,256,0,P1,P1-AL70752_wedm_wyk,area,Wire EDM (finishing),wedm_wyk,simple
565.7902145541188,0.0003584054062409802,0.0007220720332325905,709.496459005121,0.0005485641750130267,0.0014155996819883096,6107.94287756346,0.023651161583801494,0.10982922986895624,565.7898561487126,565.7894924820856,709.4959104409459,709.495043405439,6107.919226401876,6107.833048333591,0.0,0.0,/Users/dawid/Library/Mobile Documents/com~apple~CloudDocs/Dokumenty/Publikacje własne/Manuscripts/Quantum_interference/data/P1-AL70752_wedm_wyk.sur,709.4964563426557,810.0000000000001,809.0,532.0,655289.9999999508,Aluminium 7075,AL70752,quantum_like,256,256,0,P1,P1-AL70752_wedm_wyk,area,Wire EDM (finishing),wedm_wyk,simple
90.0069574010393,0.0003584054062409802,0.0007220720332325905,152.9777342450389,0.0005485641750130267,0.0014155996819883096,1070.2227419497922,0.023651161583801494,0.10982922986895624,90.00659899563307,90.00623532900607,152.9771856808639,152.9763186453569,1070.1990907882084,1070.112912719923,0.0,0.0,/Users/dawid/Library/Mobile Documents/com~apple~CloudDocs/Dokumenty/Publikacje własne/Manuscripts/Quantum_interference/data/P1-AL70752_wedm_wyk.sur,152.97773023283384,810.0000000000001,809.0,532.0,655289.9999999508,Aluminium 7075,AL70752,hybrid,256,256,0,P1,P1-AL70752_wedm_wyk,area,Wire EDM (finishing),wedm_wyk,simple
0.19836410202144955,0.0003584054062409802,0.0007220720332325905,0.248550961180324,0.0005485641750130267,0.0014155996819883096,2.0437101373275692,0.023651161583801494,0.10982922986895624,0.19800569661520856,0.19764202998821698,0.24800239700531093,0.24713536149833568,2.020058975743768,1.933880907458613,0.0,0.0,/Users/dawid/Library/Mobile Documents/com~apple~CloudDocs/Dokumenty/Publikacje własne/Manuscripts/Quantum_interference/data/P1-AL70752_wedm_wyk.sur,0.24854945632974587,810.0000000000001,809.0,532.0,655289.9999999508,Aluminium 7075,AL70752,classical,256,256,1,P1,P1-AL70752_wedm_wyk,area,Wire EDM (finishing),wedm_wyk,simple
564.7198971590657,0.0003584054062409802,0.0007220720332325905,709.3014731141914,0.0005485641750130267,0.0014155996819883096,6370.590573756499,0.023651161583801494,0.10982922986895624,564.7195387536594,564.7191750870323,709.3009245500162,709.3000575145094,6370.566922594915,6370.48074452663,0.0,0.0,/Users/dawid/Library/Mobile Documents/com~apple~CloudDocs/Dokumenty/Publikacje własne/Manuscripts/Quantum_interference/data/P1-AL70752_wedm_wyk.sur,709.3014729584721,810.0000000000001,809.0,532.0,655289.9999999508,Aluminium 7075,AL70752,quantum_like,256,256,1,P1,P1-AL70752_wedm_wyk,area,Wire EDM (finishing),wedm_wyk,simple
88.81321520901668,0.0003584054062409802,0.0007220720332325905,154.42880994944804,0.0005485641750130267,0.0014155996819883096,1068.2983867895005,0.023651161583801494,0.10982922986895624,88.81285680361043,88.81249313698345,154.42826138527303,154.42739434976605,1068.2747356279167,1068.1885575596314,0.0,0.0,/Users/dawid/Library/Mobile Documents/com~apple~CloudDocs/Dokumenty/Publikacje własne/Manuscripts/Quantum_interference/data/P1-AL70752_wedm_wyk.sur,154.42880678699666,810.0000000000001,809.0,532.0,655289.9999999508,Aluminium 7075,AL70752,hybrid,256,256,1,P1,P1-AL70752_wedm_wyk,area,Wire EDM (finishing),wedm_wyk,simple
0.19874867380741412,0.0003584054062409802,0.0007220720332325905,0.24925382634012558,0.0005485641750130267,0.0014155996819883096,2.341763111364869,0.023651161583801494,0.10982922986895624,0.19839026840117313,0.19802660177418152,0.24870526216511252,0.24783822665813726,2.3181119497810676,2.231933881495913,0.0,0.0,/Users/dawid/Library/Mobile Documents/com~apple~CloudDocs/Dokumenty/Publikacje własne/Manuscripts/Quantum_interference/data/P1-AL70752_wedm_wyk.sur,0.24925422314541765,810.0000000000001,809.0,532.0,655289.9999999508,Aluminium 7075,AL70752,classical,256,256,2,P1,P1-AL70752_wedm_wyk,area,Wire EDM (finishing),wedm_wyk,simple
567.8375862508072,0.0003584054062409802,0.0007220720332325905,710.1144755674158,0.0005485641750130267,0.0014155996819883096,6146.384652606052,0.023651161583801494,0.10982922986895624,567.8372278454011,567.836864178774,710.1139270032407,710.1130599677338,6146.3610014444685,6146.274823376183,0.0,0.0,/Users/dawid/Library/Mobile Documents/com~apple~CloudDocs/Dokumenty/Publikacje własne/Manuscripts/Quantum_interference/data/P1-AL70752_wedm_wyk.sur,710.1144745508071,810.0000000000001,809.0,532.0,655289.9999999508,Aluminium 7075,AL70752,quantum_like,256,256,2,P1,P1-AL70752_wedm_wyk,area,Wire EDM (finishing),wedm_wyk,simple
93.25345001984182,0.0003584054062409802,0.0007220720332325905,155.98231586717372,0.0005485641750130267,0.0014155996819883096,1066.4939619910253,0.023651161583801494,0.10982922986895624,93.25309161443559,93.2527279478086,155.98176730299872,155.98090026749173,1066.4703108294416,1066.3841327611563,0.0,0.0,/Users/dawid/Library/Mobile Documents/com~apple~CloudDocs/Dokumenty/Publikacje własne/Manuscripts/Quantum_interference/data/P1-AL70752_wedm_wyk.sur,155.98231155339963,810.0000000000001,809.0,532.0,655289.9999999508,Aluminium 7075,AL70752,hybrid,256,256,2,P1,P1-AL70752_wedm_wyk,area,Wire EDM (finishing),wedm_wyk,simple
0.19774591399060235,0.0003584054062409802,0.0007220720332325905,0.24774981783132524,0.0005485641750130267,0.0014155996819883096,2.371738663903325,0.023651161583801494,0.10982922986895624,0.19738750858436135,0.19702384195736977,0.24720125365631218,0.24633421814933693,2.3480875023195233,2.2619094340343686,0.0,0.0,/Users/dawid/Library/Mobile Documents/com~apple~CloudDocs/Dokumenty/Publikacje własne/Manuscripts/Quantum_interference/data/P1-AL70752_wedm_wyk.sur,0.2477487912956304,810.0000000000001,809.0,532.0,655289.9999999508,Aluminium 7075,AL70752,classical,256,256,3,P1,P1-AL70752_wedm_wyk,area,Wire EDM (finishing),wedm_wyk,simple
564.6280518824757,0.0003584054062409802,0.0007220720332325905,708.8131296664868,0.0005485641750130267,0.0014155996819883096,5660.837638862952,0.023651161583801494,0.10982922986895624,564.6276934770696,564.6273298104425,708.8125811023117,708.8117140668048,5660.813987701369,5660.727809633084,0.0,0.0,/Users/dawid/Library/Mobile Documents/com~apple~CloudDocs/Dokumenty/Publikacje własne/Manuscripts/Quantum_interference/data/P1-AL70752_wedm_wyk.sur,708.8131282794981,810.0000000000001,809.0,532.0,655289.9999999508,Aluminium 7075,AL70752,quantum_like,256,256,3,P1,P1-AL70752_wedm_wyk,area,Wire EDM (finishing),wedm_wyk,simple
87.6710325691499,0.0003584054062409802,0.0007220720332325905,152.7595165175529,0.0005485641750130267,0.0014155996819883096,1073.0420856189387,0.023651161583801494,0.10982922986895624,87.67067416374367,87.67031049711667,152.7589679533779,152.7581009178709,1073.018434457355,1072.9322563890696,0.0,0.0,/Users/dawid/Library/Mobile Documents/com~apple~CloudDocs/Dokumenty/Publikacje własne/Manuscripts/Quantum_interference/data/P1-AL70752_wedm_wyk.sur,152.75951097078772,810.0000000000001,809.0,532.0,655289.9999999508,Aluminium 7075,AL70752,hybrid,256,256,3,P1,P1-AL70752_wedm_wyk,area,Wire EDM (finishing),wedm_wyk,simple
762.7803828691119,4536.588572664918,5090.885428896734,981.13432780217,5657.7091276911,6421.666175283541,7106.147178228981,58187.247640672605,122915.12441126864,-3773.808189795806,-4328.105046027623,-4676.57479988893,-5440.53184748137,-51081.10046244363,-115808.97723303967,0.0,0.0,/Users/dawid/Library/Mobile Documents/com~apple~CloudDocs/Dokumenty/Publikacje własne/Manuscripts/Quantum_interference/data/P1-AL70752_wedm_zgru_1prz.sur,5749.367373300978,810.0000000000001,809.0,532.0,655289.9999999508,Aluminium 7075,AL70752,classical,256,256,0,P1,P1-AL70752_wedm_zgru_1prz,area,Wire EDM (roughing),wedm_zgru_1prz,simple
4569.661037856909,4536.588572664918,5090.885428896734,5702.069176707219,5657.7091276911,6421.666175283541,58282.64477456974,58187.247640672605,122915.12441126864,33.07246519199115,-521.2243910398253,44.36004901611922,-719.5969985763214,95.39713389712949,-64632.4796366989,0.0,0.0,/Users/dawid/Library/Mobile Documents/com~apple~CloudDocs/Dokumenty/Publikacje własne/Manuscripts/Quantum_interference/data/P1-AL70752_wedm_zgru_1prz.sur,711.2021460197357,810.0000000000001,809.0,532.0,655289.9999999508,Aluminium 7075,AL70752,quantum_like,256,256,0,P1,P1-AL70752_wedm_zgru_1prz,area,Wire EDM (roughing),wedm_zgru_1prz,simple
2697.8192650040473,4536.588572664918,5090.885428896734,3370.3155057738986,5657.7091276911,6421.666175283541,27986.035116794817,58187.247640672605,122915.12441126864,-1838.7693076608705,-2393.0661638926867,-2287.393621917201,-3051.3506695096416,-30201.21252387779,-94929.08929447382,0.0,0.0,/Users/dawid/Library/Mobile Documents/com~apple~CloudDocs/Dokumenty/Publikacje własne/Manuscripts/Quantum_interference/data/P1-AL70752_wedm_zgru_1prz.sur,3369.108103855826,810.0000000000001,809.0,532.0,655289.9999999508,Aluminium 7075,AL70752,hybrid,256,256,0,P1,P1-AL70752_wedm_zgru_1prz,area,Wire EDM (roughing),wedm_zgru_1prz,simple
760.2053832797271,4536.588572664918,5090.885428896734,972.7300278055641,5657.7091276911,6421.666175283541,7467.78253614013,58187.247640672605,122915.12441126864,-3776.3831893851907,-4330.680045617007,-4684.979099885536,-5448.936147477977,-50719.46510453248,-115447.34187512852,0.0,0.0,/Users/dawid/Library/Mobile Documents/com~apple~CloudDocs/Dokumenty/Publikacje własne/Manuscripts/Quantum_interference/data/P1-AL70752_wedm_zgru_1prz.sur,5746.940500330156,810.0000000000001,809.0,532.0,655289.9999999508,Aluminium 7075,AL70752,classical,256,256,1,P1,P1-AL70752_wedm_zgru_1prz,area,Wire EDM (roughing),wedm_zgru_1prz,simple
4570.399699759596,4536.588572664918,5090.885428896734,5700.748508300038,5657.7091276911,6421.666175283541,58150.231087055174,58187.247640672605,122915.12441126864,33.811127094677765,-520.4857291371386,43.03938060893831,-720.9176669835023,-37.01655361743116,-64764.893324213466,0.0,0.0,/Users/dawid/Library/Mobile Documents/com~apple~CloudDocs/Dokumenty/Publikacje własne/Manuscripts/Quantum_interference/data/P1-AL70752_wedm_zgru_1prz.sur,709.9687475576067,810.0000000000001,809.0,532.0,655289.9999999508,Aluminium 7075,AL70752,quantum_like,256,256,1,P1,P1-AL70752_wedm_zgru_1prz,area,Wire EDM (roughing),wedm_zgru_1prz,simple
2699.020374040474,4536.588572664918,5090.885428896734,3371.2276698110036,5657.7091276911,6421.666175283541,28249.14917674846,58187.247640672605,122915.12441126864,-1837.5681986244438,-2391.86505485626,-2286.4814578800965,-3050.438505472537,-29938.098463924147,-94665.97523452017,0.0,0.0,/Users/dawid/Library/Mobile Documents/com~apple~CloudDocs/Dokumenty/Publikacje własne/Manuscripts/Quantum_interference/data/P1-AL70752_wedm_zgru_1prz.sur,3369.3495231769325,810.0000000000001,809.0,532.0,655289.9999999508,Aluminium 7075,AL70752,hybrid,256,256,1,P1,P1-AL70752_wedm_zgru_1prz,area,Wire EDM (roughing),wedm_zgru_1prz,simple
760.14284136372,4536.588572664918,5090.885428896734,973.0253559267936,5657.7091276911,6421.666175283541,7114.312710309822,58187.247640672605,122915.12441126864,-3776.445731301198,-4330.742587533015,-4684.683771764307,-5448.640819356747,-51072.93493036278,-115800.81170095882,0.0,0.0,/Users/dawid/Library/Mobile Documents/com~apple~CloudDocs/Dokumenty/Publikacje własne/Manuscripts/Quantum_interference/data/P1-AL70752_wedm_zgru_1prz.sur,5747.961779677626,810.0000000000001,809.0,532.0,655289.9999999508,Aluminium 7075,AL70752,classical,256,256,2,P1,P1-AL70752_wedm_zgru_1prz,area,Wire EDM (roughing),wedm_zgru_1prz,simple
4571.925811124537,4536.588572664918,5090.885428896734,5705.302710782306,5657.7091276911,6421.666175283541,57470.82415937388,58187.247640672605,122915.12441126864,35.33723845961965,-518.9596177721967,47.59358309120628,-716.3634645012344,-716.423481298732,-65444.30025189476,0.0,0.0,/Users/dawid/Library/Mobile Documents/com~apple~CloudDocs/Dokumenty/Publikacje własne/Manuscripts/Quantum_interference/data/P1-AL70752_wedm_zgru_1prz.sur,706.0227179656051,810.0000000000001,809.0,532.0,655289.9999999508,Aluminium 7075,AL70752,quantum_like,256,256,2,P1,P1-AL70752_wedm_zgru_1prz,area,Wire EDM (roughing),wedm_zgru_1prz,simple
2698.623993336706,4536.588572664918,5090.885428896734,3372.331349486781,5657.7091276911,6421.666175283541,28512.345590342185,58187.247640672605,122915.12441126864,-1837.9645793282116,-2392.261435560028,-2285.3777782043185,-3049.334825796759,-29674.90205033042,-94402.77882092644,0.0,0.0,/Users/dawid/Library/Mobile Documents/com~apple~CloudDocs/Dokumenty/Publikacje własne/Manuscripts/Quantum_interference/data/P1-AL70752_wedm_zgru_1prz.sur,3367.518044135282,810.0000000000001,809.0,532.0,655289.9999999508,Aluminium 7075,AL70752,hybrid,256,256,2,P1,P1-AL70752_wedm_zgru_1prz,area,Wire EDM (roughing),wedm_zgru_1prz,simple
759.9308529261685,4536.588572664918,5090.885428896734,975.4145581776934,5657.7091276911,6421.666175283541,7199.628394850631,58187.247640672605,122915.12441126864,-3776.657719738749,-4330.954575970566,-4682.294569513407,-5446.251617105847,-50987.619245821974,-115715.49601641801,0.0,0.0,/Users/dawid/Library/Mobile Documents/com~apple~CloudDocs/Dokumenty/Publikacje własne/Manuscripts/Quantum_interference/data/P1-AL70752_wedm_zgru_1prz.sur,5748.227888186347,810.0000000000001,809.0,532.0,655289.9999999508,Aluminium 7075,AL70752,classical,256,256,3,P1,P1-AL70752_wedm_zgru_1prz,area,Wire EDM (roughing),wedm_zgru_1prz,simple
4570.232875312074,4536.588572664918,5090.885428896734,5701.960844458392,5657.7091276911,6421.666175283541,58331.10188541599,58187.247640672605,122915.12441126864,33.644302647156,-520.6525535846604,44.25171676729191,-719.7053308251487,143.85424474338495,-64584.02252585265,0.0,0.0,/Users/dawid/Library/Mobile Documents/com~apple~CloudDocs/Dokumenty/Publikacje własne/Manuscripts/Quantum_interference/data/P1-AL70752_wedm_zgru_1prz.sur,711.4217681290629,810.0000000000001,809.0,532.0,655289.9999999508,Aluminium 7075,AL70752,quantum_like,256,256,3,P1,P1-AL70752_wedm_zgru_1prz,area,Wire EDM (roughing),wedm_zgru_1prz,simple
2696.0463911898896,4536.588572664918,5090.885428896734,3368.9670462733693,5657.7091276911,6421.666175283541,27710.53156288631,58187.247640672605,122915.12441126864,-1840.5421814750284,-2394.839037706845,-2288.742081417731,-3052.6991290101714,-30476.7160777863,-95204.59284838232,0.0,0.0,/Users/dawid/Library/Mobile Documents/com~apple~CloudDocs/Dokumenty/Publikacje własne/Manuscripts/Quantum_interference/data/P1-AL70752_wedm_zgru_1prz.sur,3370.3818574071856,810.0000000000001,809.0,532.0,655289.9999999508,Aluminium 7075,AL70752,hybrid,256,256,3,P1,P1-AL70752_wedm_zgru_1prz,area,Wire EDM (roughing),wedm_zgru_1prz,simple
710.5486614062779,374635.40711837687,386337.33015214914,932.1853158328317,468767.4817956795,687536.3225057478,7023.859947821295,7017210.988175499,37520538.8651078,-373924.8584569706,-385626.78149074287,-467835.2964798467,-686604.1371899149,-7010187.128227678,-37513515.005159974,0.0,0.0,/Users/dawid/Library/Mobile Documents/com~apple~CloudDocs/Dokumenty/Publikacje własne/Manuscripts/Quantum_interference/data/P1-AL7075_frez_wyk.sur,468793.7881523287,810.0000000000001,809.0,532.0,655289.9999999508,Aluminium 7075,AL7075,classical,256,256,0,P1,P1-AL7075_frez_wyk,area,Milling (finishing),frez_wyk,simple
385779.9365503929,374635.40711837687,386337.33015214914,470259.9510769075,468767.4817956795,687536.3225057478,3599575.5244315243,7017210.988175499,37520538.8651078,11144.52943201601,-557.3936017562648,1492.4692812279911,-217276.3714288403,-3417635.4637439745,-33920963.34067627,0.0,0.0,/Users/dawid/Library/Mobile Documents/com~apple~CloudDocs/Dokumenty/Publikacje własne/Manuscripts/Quantum_interference/data/P1-AL7075_frez_wyk.sur,344118.6277307263,810.0000000000001,809.0,532.0,655289.9999999508,Aluminium 7075,AL7075,quantum_like,256,256,0,P1,P1-AL7075_frez_wyk,area,Milling (finishing),frez_wyk,simple
336840.5524212168,374635.40711837687,386337.33015214914,412251.667297579,468767.4817956795,687536.3225057478,2276923.7113289614,7017210.988175499,37520538.8651078,-37794.85469716012,-49496.777730932394,-56515.81449810051,-275284.6552081688,-4740287.276846538,-35243615.153778836,0.0,0.0,/Users/dawid/Library/Mobile Documents/com~apple~CloudDocs/Dokumenty/Publikacje własne/Manuscripts/Quantum_interference/data/P1-AL7075_frez_wyk.sur,257200.71468204787,810.0000000000001,809.0,532.0,655289.9999999508,Aluminium 7075,AL7075,hybrid,256,256,0,P1,P1-AL7075_frez_wyk,area,Milling (finishing),frez_wyk,simple
715.3707679064058,374635.40711837687,386337.33015214914,937.1853337863236,468767.4817956795,687536.3225057478,7034.886999514741,7017210.988175499,37520538.8651078,-373920.03635047044,-385621.9593842427,-467830.2964618932,-686599.1371719615,-7010176.101175984,-37513503.97810829,0.0,0.0,/Users/dawid/Library/Mobile Documents/com~apple~CloudDocs/Dokumenty/Publikacje własne/Manuscripts/Quantum_interference/data/P1-AL7075_frez_wyk.sur,468794.0920385009,810.0000000000001,809.0,532.0,655289.9999999508,Aluminium 7075,AL7075,classical,256,256,1,P1,P1-AL7075_frez_wyk,area,Milling (finishing),frez_wyk,simple
389222.8388864737,374635.40711837687,386337.33015214914,473623.3252070831,468767.4817956795,687536.3225057478,3599638.1601570235,7017210.988175499,37520538.8651078,14587.431768096794,2885.5087343245204,4855.843411403604,-213912.99729866468,-3417572.828018476,-33920900.70495077,0.0,0.0,/Users/dawid/Library/Mobile Documents/com~apple~CloudDocs/Dokumenty/Publikacje własne/Manuscripts/Quantum_interference/data/P1-AL7075_frez_wyk.sur,350798.27072926325,810.0000000000001,809.0,532.0,655289.9999999508,Aluminium 7075,AL7075,quantum_like,256,256,1,P1,P1-AL7075_frez_wyk,area,Milling (finishing),frez_wyk,simple
337929.9088100442,374635.40711837687,386337.33015214914,412502.7789008572,468767.4817956795,687536.3225057478,2279029.693921327,7017210.988175499,37520538.8651078,-36705.49830833269,-48407.421342104964,-56264.7028948223,-275033.5436048906,-4738181.294254173,-35241509.17118647,0.0,0.0,/Users/dawid/Library/Mobile Documents/com~apple~CloudDocs/Dokumenty/Publikacje własne/Manuscripts/Quantum_interference/data/P1-AL7075_frez_wyk.sur,260353.87794535016,810.0000000000001,809.0,532.0,655289.9999999508,Aluminium 7075,AL7075,hybrid,256,256,1,P1,P1-AL7075_frez_wyk,area,Milling (finishing),frez_wyk,simple
714.9777789035804,374635.40711837687,386337.33015214914,936.1924726031594,468767.4817956795,687536.3225057478,6776.477028324837,7017210.988175499,37520538.8651078,-373920.4293394733,-385622.3523732456,-467831.2893230763,-686600.1300331446,-7010434.511147174,-37513762.38807947,0.0,0.0,/Users/dawid/Library/Mobile Documents/com~apple~CloudDocs/Dokumenty/Publikacje własne/Manuscripts/Quantum_interference/data/P1-AL7075_frez_wyk.sur,468792.8934319715,810.0000000000001,809.0,532.0,655289.9999999508,Aluminium 7075,AL7075,classical,256,256,2,P1,P1-AL7075_frez_wyk,area,Milling (finishing),frez_wyk,simple
386004.21730372834,374635.40711837687,386337.33015214914,469158.38216503744,468767.4817956795,687536.3225057478,3592792.697509018,7017210.988175499,37520538.8651078,11368.810185351469,-333.1128484208054,390.90036935796957,-218377.9403407103,-3424418.2906664815,-33927746.16759878,0.0,0.0,/Users/dawid/Library/Mobile Documents/com~apple~CloudDocs/Dokumenty/Publikacje własne/Manuscripts/Quantum_interference/data/P1-AL7075_frez_wyk.sur,345306.15995347966,810.0000000000001,809.0,532.0,655289.9999999508,Aluminium 7075,AL7075,quantum_like,256,256,2,P1,P1-AL7075_frez_wyk,area,Milling (finishing),frez_wyk,simple
336276.82505761547,374635.40711837687,386337.33015214914,410739.3434610417,468767.4817956795,687536.3225057478,2268440.2659225627,7017210.988175499,37520538.8651078,-38358.58206076141,-50060.505094533684,-58028.138334637806,-276796.9790447061,-4748770.722252936,-35252098.59918523,0.0,0.0,/Users/dawid/Library/Mobile Documents/com~apple~CloudDocs/Dokumenty/Publikacje własne/Manuscripts/Quantum_interference/data/P1-AL7075_frez_wyk.sur,258366.73935939977,810.0000000000001,809.0,532.0,655289.9999999508,Aluminium 7075,AL7075,hybrid,256,256,2,P1,P1-AL7075_frez_wyk,area,Milling (finishing),frez_wyk,simple
715.4041105963968,374635.40711837687,386337.33015214914,931.446418023248,468767.4817956795,687536.3225057478,6779.3668391545125,7017210.988175499,37520538.8651078,-373920.00300778047,-385621.92604155274,-467836.0353776563,-686604.8760877246,-7010431.621336345,-37513759.49826864,0.0,0.0,/Users/dawid/Library/Mobile Documents/com~apple~CloudDocs/Dokumenty/Publikacje własne/Manuscripts/Quantum_interference/data/P1-AL7075_frez_wyk.sur,468792.34656830225,810.0000000000001,809.0,532.0,655289.9999999508,Aluminium 7075,AL7075,classical,256,256,3,P1,P1-AL7075_frez_wyk,area,Milling (finishing),frez_wyk,simple
385797.2939067777,374635.40711837687,386337.33015214914,469967.4637732612,468767.4817956795,687536.3225057478,3595306.5694116484,7017210.988175499,37520538.8651078,11161.886788400778,-540.036245371496,1199.9819775816734,-217568.8587324866,-3421904.418763851,-33925232.29569615,0.0,0.0,/Users/dawid/Library/Mobile Documents/com~apple~CloudDocs/Dokumenty/Publikacje własne/Manuscripts/Quantum_interference/data/P1-AL7075_frez_wyk.sur,347584.2662759058,810.0000000000001,809.0,532.0,655289.9999999508,Aluminium 7075,AL7075,quantum_like,256,256,3,P1,P1-AL7075_frez_wyk,area,Milling (finishing),frez_wyk,simple
335133.25207583245,374635.40711837687,386337.33015214914,409546.521580366,468767.4817956795,687536.3225057478,2271443.3849117947,7017210.988175499,37520538.8651078,-39502.155042544415,-51204.078076316684,-59220.96021531348,-277989.8009253818,-4745767.603263704,-35249095.480196,0.0,0.0,/Users/dawid/Library/Mobile Documents/com~apple~CloudDocs/Dokumenty/Publikacje własne/Manuscripts/Quantum_interference/data/P1-AL7075_frez_wyk.sur,258010.72507035526,810.0000000000001,809.0,532.0,655289.9999999508,Aluminium 7075,AL7075,hybrid,256,256,3,P1,P1-AL7075_frez_wyk,area,Milling (finishing),frez_wyk,simple
318.0214947960727,144.15207454052342,176.1165973340421,390.3916602273568,195.0547431686774,345.94806999303705,3065.1294775869505,13395.505415319141,53690.94074605003,173.86942025554927,141.90489746203062,195.3369170586794,44.44359023431974,-10330.37593773219,-50625.81126846308,0.0,0.0,/Users/dawid/Library/Mobile Documents/com~apple~CloudDocs/Dokumenty/Publikacje własne/Manuscripts/Quantum_interference/data/P1-AL7075_frez_zgr.sur,329.63329741345774,810.0000000000001,809.0,532.0,655289.9999999508,Aluminium 7075,AL7075,classical,256,256,0,P1,P1-AL7075_frez_zgr,area,Milling (roughing),frez_zgr,simple
586.172738531089,144.15207454052342,176.1165973340421,736.9066462911452,195.0547431686774,345.94806999303705,15394.98511897937,13395.505415319141,53690.94074605003,442.0206639905655,410.05614119704677,541.8519031224678,390.95857629810814,1999.47970366023,-38295.95562707067,0.0,0.0,/Users/dawid/Library/Mobile Documents/com~apple~CloudDocs/Dokumenty/Publikacje własne/Manuscripts/Quantum_interference/data/P1-AL7075_frez_zgr.sur,710.3776970772568,810.0000000000001,809.0,532.0,655289.9999999508,Aluminium 7075,AL7075,quantum_like,256,256,0,P1,P1-AL7075_frez_zgr,area,Milling (roughing),frez_zgr,simple
183.30761736658383,144.15207454052342,176.1165973340421,230.578553882232,195.0547431686774,345.94806999303705,3201.8723183504685,13395.505415319141,53690.94074605003,39.155542826060405,7.19102003254173,35.5238107135546,-115.36951611080507,-10193.633096968671,-50489.06842769957,0.0,0.0,/Users/dawid/Library/Mobile Documents/com~apple~CloudDocs/Dokumenty/Publikacje własne/Manuscripts/Quantum_interference/data/P1-AL7075_frez_zgr.sur,177.55942406868638,810.0000000000001,809.0,532.0,655289.9999999508,Aluminium 7075,AL7075,hybrid,256,256,0,P1,P1-AL7075_frez_zgr,area,Milling (roughing),frez_zgr,simple
291.87755508215537,144.15207454052342,176.1165973340421,359.7253153433618,195.0547431686774,345.94806999303705,2842.5748544655175,13395.505415319141,53690.94074605003,147.72548054163195,115.7609577481133,164.67057217468442,13.777245350324748,-10552.930560853623,-50848.365891584515,0.0,0.0,/Users/dawid/Library/Mobile Documents/com~apple~CloudDocs/Dokumenty/Publikacje własne/Manuscripts/Quantum_interference/data/P1-AL7075_frez_zgr.sur,303.8713039863125,810.0000000000001,809.0,532.0,655289.9999999508,Aluminium 7075,AL7075,classical,256,256,1,P1,P1-AL7075_frez_zgr,area,Milling (roughing),frez_zgr,simple
583.5957396425277,144.15207454052342,176.1165973340421,733.6770396056301,195.0547431686774,345.94806999303705,15009.797705270179,13395.505415319141,53690.94074605003,439.44366510200433,407.4791423084856,538.6222964369526,387.728969612593,1614.2922899510386,-38681.143040779854,0.0,0.0,/Users/dawid/Library/Mobile Documents/com~apple~CloudDocs/Dokumenty/Publikacje własne/Manuscripts/Quantum_interference/data/P1-AL7075_frez_zgr.sur,709.1657072827226,810.0000000000001,809.0,532.0,655289.9999999508,Aluminium 7075,AL7075,quantum_like,256,256,1,P1,P1-AL7075_frez_zgr,area,Milling (roughing),frez_zgr,simple
176.3592269434154,144.15207454052342,176.1165973340421,222.05569004555565,195.0547431686774,345.94806999303705,3051.6590509668204,13395.505415319141,53690.94074605003,32.20715240289198,0.24262960937330494,27.000946876878267,-123.8923799474814,-10343.84636435232,-50639.28169508321,0.0,0.0,/Users/dawid/Library/Mobile Documents/com~apple~CloudDocs/Dokumenty/Publikacje własne/Manuscripts/Quantum_interference/data/P1-AL7075_frez_zgr.sur,175.61479532684976,810.0000000000001,809.0,532.0,655289.9999999508,Aluminium 7075,AL7075,hybrid,256,256,1,P1,P1-AL7075_frez_zgr,area,Milling (roughing),frez_zgr,simple
291.1184861871372,144.15207454052342,176.1165973340421,359.5113804839246,195.0547431686774,345.94806999303705,2843.1826532868054,13395.505415319141,53690.94074605003,146.96641164661378,115.00188885309511,164.4566373152472,13.56331049088753,-10552.322762032334,-50847.75809276323,0.0,0.0,/Users/dawid/Library/Mobile Documents/com~apple~CloudDocs/Dokumenty/Publikacje własne/Manuscripts/Quantum_interference/data/P1-AL7075_frez_zgr.sur,303.7248385111109,810.0000000000001,809.0,532.0,655289.9999999508,Aluminium 7075,AL7075,classical,256,256,2,P1,P1-AL7075_frez_zgr,area,Milling (roughing),frez_zgr,simple
585.2833682631051,144.15207454052342,176.1165973340421,735.9342995087065,195.0547431686774,345.94806999303705,14283.98256120111,13395.505415319141,53690.94074605003,441.1312937225817,409.166770929063,540.8795563400291,389.9862295156695,888.4771458819692,-39406.958184848925,0.0,0.0,/Users/dawid/Library/Mobile Documents/com~apple~CloudDocs/Dokumenty/Publikacje własne/Manuscripts/Quantum_interference/data/P1-AL7075_frez_zgr.sur,709.7841985082008,810.0000000000001,809.0,532.0,655289.9999999508,Aluminium 7075,AL7075,quantum_like,256,256,2,P1,P1-AL7075_frez_zgr,area,Milling (roughing),frez_zgr,simple
181.50292153898133,144.15207454052342,176.1165973340421,227.82224617174276,195.0547431686774,345.94806999303705,3041.3449938236677,13395.505415319141,53690.94074605003,37.3508469984579,5.386324204939228,32.76750300306538,-118.12582382129429,-10354.160421495473,-50649.59575222636,0.0,0.0,/Users/dawid/Library/Mobile Documents/com~apple~CloudDocs/Dokumenty/Publikacje własne/Manuscripts/Quantum_interference/data/P1-AL7075_frez_zgr.sur,176.33596109076464,810.0000000000001,809.0,532.0,655289.9999999508,Aluminium 7075,AL7075,hybrid,256,256,2,P1,P1-AL7075_frez_zgr,area,Milling (roughing),frez_zgr,simple
292.46650594900035,144.15207454052342,176.1165973340421,360.63968165145815,195.0547431686774,345.94806999303705,2843.295191423113,13395.505415319141,53690.94074605003,148.31443140847693,116.34990861495827,165.58493848278079,14.691611658421106,-10552.210223896027,-50847.64555462692,0.0,0.0,/Users/dawid/Library/Mobile Documents/com~apple~CloudDocs/Dokumenty/Publikacje własne/Manuscripts/Quantum_interference/data/P1-AL7075_frez_zgr.sur,304.6106263388401,810.0000000000001,809.0,532.0,655289.9999999508,Aluminium 7075,AL7075,classical,256,256,3,P1,P1-AL7075_frez_zgr,area,Milling (roughing),frez_zgr,simple
585.0587992590654,144.15207454052342,176.1165973340421,736.1082478238808,195.0547431686774,345.94806999303705,16074.06384572803,13395.505415319141,53690.94074605003,440.90672471854197,408.9422019250233,541.0535046552034,390.16017783084374,2678.5584304088893,-37616.876900322,0.0,0.0,/Users/dawid/Library/Mobile Documents/com~apple~CloudDocs/Dokumenty/Publikacje własne/Manuscripts/Quantum_interference/data/P1-AL7075_frez_zgr.sur,708.8700517404692,810.0000000000001,809.0,532.0,655289.9999999508,Aluminium 7075,AL7075,quantum_like,256,256,3,P1,P1-AL7075_frez_zgr,area,Milling (roughing),frez_zgr,simple
181.85097797155476,144.15207454052342,176.1165973340421,228.46535714024023,195.0547431686774,345.94806999303705,3132.4951632327793,13395.505415319141,53690.94074605003,37.69890343103134,5.73438063751267,33.41061397156284,-117.48271285279682,-10263.01025208636,-50558.44558281725,0.0,0.0,/Users/dawid/Library/Mobile Documents/com~apple~CloudDocs/Dokumenty/Publikacje własne/Manuscripts/Quantum_interference/data/P1-AL7075_frez_zgr.sur,173.42136481264188,810.0000000000001,809.0,532.0,655289.9999999508,Aluminium 7075,AL7075,hybrid,256,256,3,P1,P1-AL7075_frez_zgr,area,Milling (roughing),frez_zgr,simple
810.5832103020455,2781.705846909539,2851.069027265254,1031.0658243637104,3200.986502044666,3375.9853169491635,7479.853319391622,15955.285939709558,59633.0796095711,-1971.1226366074936,-2040.4858169632087,-2169.9206776809556,-2344.919492585453,-8475.432620317935,-52153.226290179475,0.0,0.0,/Users/dawid/Library/Mobile Documents/com~apple~CloudDocs/Dokumenty/Publikacje własne/Manuscripts/Quantum_interference/data/P1-AL7075_t_zgrub.sur,3337.061431676072,810.0000000000001,809.0,532.0,655289.9999999508,Aluminium 7075,AL7075,classical,256,256,0,P1,P1-AL7075_t_zgrub,area,Turning (roughing),t_zgrub,simple
2826.159605539436,2781.705846909539,2851.069027265254,3277.066117876755,3200.986502044666,3375.9853169491635,18582.983648610767,15955.285939709558,59633.0796095711,44.453758629896825,-24.909421725818024,76.07961583208902,-98.9191990724085,2627.69770890121,-41050.09596096032,0.0,0.0,/Users/dawid/Library/Mobile Documents/com~apple~CloudDocs/Dokumenty/Publikacje własne/Manuscripts/Quantum_interference/data/P1-AL7075_t_zgrub.sur,708.6537148294294,810.0000000000001,809.0,532.0,655289.9999999508,Aluminium 7075,AL7075,quantum_like,256,256,0,P1,P1-AL7075_t_zgrub,area,Turning (roughing),t_zgrub,simple
1751.9325829497848,2781.705846909539,2851.069027265254,2003.0397664853356,3200.986502044666,3375.9853169491635,10899.85634289118,15955.285939709558,59633.0796095711,-1029.7732639597543,-1099.1364443154691,-1197.9467355593304,-1372.9455504638279,-5055.429596818378,-48733.22326667991,0.0,0.0,/Users/dawid/Library/Mobile Documents/com~apple~CloudDocs/Dokumenty/Publikacje własne/Manuscripts/Quantum_interference/data/P1-AL7075_t_zgrub.sur,1348.404008664232,810.0000000000001,809.0,532.0,655289.9999999508,Aluminium 7075,AL7075,hybrid,256,256,0,P1,P1-AL7075_t_zgrub,area,Turning (roughing),t_zgrub,simple
807.9384287367793,2781.705846909539,2851.069027265254,1030.5970871353684,3200.986502044666,3375.9853169491635,7490.724246097935,15955.285939709558,59633.0796095711,-1973.7674181727598,-2043.1305985284746,-2170.389414909298,-2345.3882298137955,-8464.561693611624,-52142.355363473165,0.0,0.0,/Users/dawid/Library/Mobile Documents/com~apple~CloudDocs/Dokumenty/Publikacje własne/Manuscripts/Quantum_interference/data/P1-AL7075_t_zgrub.sur,3336.6756668113717,810.0000000000001,809.0,532.0,655289.9999999508,Aluminium 7075,AL7075,classical,256,256,1,P1,P1-AL7075_t_zgrub,area,Turning (roughing),t_zgrub,simple
2826.910579226089,2781.705846909539,2851.069027265254,3275.1021100663224,3200.986502044666,3375.9853169491635,18569.166225958226,15955.285939709558,59633.0796095711,45.204732316549574,-24.158448039165275,74.11560802165623,-100.8832068828413,2613.8802862486696,-41063.91338361287,0.0,0.0,/Users/dawid/Library/Mobile Documents/com~apple~CloudDocs/Dokumenty/Publikacje własne/Manuscripts/Quantum_interference/data/P1-AL7075_t_zgrub.sur,710.8194965443054,810.0000000000001,809.0,532.0,655289.9999999508,Aluminium 7075,AL7075,quantum_like,256,256,1,P1,P1-AL7075_t_zgrub,area,Turning (roughing),t_zgrub,simple
1750.4218586960224,2781.705846909539,2851.069027265254,2000.95830585046,3200.986502044666,3375.9853169491635,10629.337218188262,15955.285939709558,59633.0796095711,-1031.2839882135167,-1100.6471685692316,-1200.0281961942062,-1375.0270110987037,-5325.948721521297,-49003.74239138283,0.0,0.0,/Users/dawid/Library/Mobile Documents/com~apple~CloudDocs/Dokumenty/Publikacje własne/Manuscripts/Quantum_interference/data/P1-AL7075_t_zgrub.sur,1349.2208785176047,810.0000000000001,809.0,532.0,655289.9999999508,Aluminium 7075,AL7075,hybrid,256,256,1,P1,P1-AL7075_t_zgrub,area,Turning (roughing),t_zgrub,simple
810.6379222201226,2781.705846909539,2851.069027265254,1028.6149025301859,3200.986502044666,3375.9853169491635,7679.467546791375,15955.285939709558,59633.0796095711,-1971.0679246894165,-2040.4311050451313,-2172.37159951448,-2347.3704144189774,-8275.818392918183,-51953.61206277972,0.0,0.0,/Users/dawid/Library/Mobile Documents/com~apple~CloudDocs/Dokumenty/Publikacje własne/Manuscripts/Quantum_interference/data/P1-AL7075_t_zgrub.sur,3334.647970407632,810.0000000000001,809.0,532.0,655289.9999999508,Aluminium 7075,AL7075,classical,256,256,2,P1,P1-AL7075_t_zgrub,area,Turning (roughing),t_zgrub,simple
2825.3740819221034,2781.705846909539,2851.069027265254,3278.1284896002794,3200.986502044666,3375.9853169491635,17493.54283657013,15955.285939709558,59633.0796095711,43.668235012564224,-25.69494534315063,77.1419875556134,-97.85682734888412,1538.2568968605733,-42139.53677300096,0.0,0.0,/Users/dawid/Library/Mobile Documents/com~apple~CloudDocs/Dokumenty/Publikacje własne/Manuscripts/Quantum_interference/data/P1-AL7075_t_zgrub.sur,706.5417866314317,810.0000000000001,809.0,532.0,655289.9999999508,Aluminium 7075,AL7075,quantum_like,256,256,2,P1,P1-AL7075_t_zgrub,area,Turning (roughing),t_zgrub,simple
1752.8909635143257,2781.705846909539,2851.069027265254,2004.1087087659096,3200.986502044666,3375.9853169491635,10863.923045323461,15955.285939709558,59633.0796095711,-1028.8148833952134,-1098.1780637509282,-1196.8777932787566,-1371.8766081832541,-5091.362894386097,-48769.15656424763,0.0,0.0,/Users/dawid/Library/Mobile Documents/com~apple~CloudDocs/Dokumenty/Publikacje własne/Manuscripts/Quantum_interference/data/P1-AL7075_t_zgrub.sur,1347.4304490252523,810.0000000000001,809.0,532.0,655289.9999999508,Aluminium 7075,AL7075,hybrid,256,256,2,P1,P1-AL7075_t_zgrub,area,Turning (roughing),t_zgrub,simple
803.0379275304424,2781.705846909539,2851.069027265254,1023.2784380006369,3200.986502044666,3375.9853169491635,7487.976903127301,15955.285939709558,59633.0796095711,-1978.6679193790967,-2048.0310997348115,-2177.708064044029,-2352.7068789485265,-8467.309036582257,-52145.102706443795,0.0,0.0,/Users/dawid/Library/Mobile Documents/com~apple~CloudDocs/Dokumenty/Publikacje własne/Manuscripts/Quantum_interference/data/P1-AL7075_t_zgrub.sur,3332.6811691077273,810.0000000000001,809.0,532.0,655289.9999999508,Aluminium 7075,AL7075,classical,256,256,3,P1,P1-AL7075_t_zgrub,area,Turning (roughing),t_zgrub,simple
2828.105145521211,2781.705846909539,2851.069027265254,3279.8777557249336,3200.986502044666,3375.9853169491635,17132.59951500845,15955.285939709558,59633.0796095711,46.399298611672016,-22.96388174404283,78.89125368026754,-96.10756122422997,1177.3135752988912,-42500.48009456265,0.0,0.0,/Users/dawid/Library/Mobile Documents/com~apple~CloudDocs/Dokumenty/Publikacje własne/Manuscripts/Quantum_interference/data/P1-AL7075_t_zgrub.sur,714.0621252909726,810.0000000000001,809.0,532.0,655289.9999999508,Aluminium 7075,AL7075,quantum_like,256,256,3,P1,P1-AL7075_t_zgrub,area,Turning (roughing),t_zgrub,simple
1752.2763736762008,2781.705846909539,2851.069027265254,2003.7589464508007,3200.986502044666,3375.9853169491635,10899.809045391528,15955.285939709558,59633.0796095711,-1029.4294732333383,-1098.792653589053,-1197.2275555938652,-1372.2263704983627,-5055.47689431803,-48733.27056417956,0.0,0.0,/Users/dawid/Library/Mobile Documents/com~apple~CloudDocs/Dokumenty/Publikacje własne/Manuscripts/Quantum_interference/data/P1-AL7075_t_zgrub.sur,1347.7063924764257,810.0000000000001,809.0,532.0,655289.9999999508,Aluminium 7075,AL7075,hybrid,256,256,3,P1,P1-AL7075_t_zgrub,area,Turning (roughing),t_zgrub,simple
868.8162767387618,130.73348608781825,168.57388938374433,1137.4426244278745,177.0636983466566,322.9701285319562,9782.996095412756,2362.6658188260194,15504.124678627684,738.0827906509435,700.2423873550174,960.3789260812179,814.4724958959184,7420.3302765867365,-5721.128583214929,0.0,0.0,/Users/dawid/Library/Mobile Documents/com~apple~CloudDocs/Dokumenty/Publikacje własne/Manuscripts/Quantum_interference/data/P1-C45_frez_wyk.sur,1156.1351506459466,810.0000000000001,809.0,532.0,655289.9999999508,Steel C45,C45,classical,256,256,0,P1,P1-C45_frez_wyk,area,Milling (finishing),frez_wyk,simple
582.0888744866916,130.73348608781825,168.57388938374433,729.4536470256213,177.0636983466566,322.9701285319562,6189.278683434207,2362.6658188260194,15504.124678627684,451.3553883988733,413.5149851029472,552.3899486789647,406.48351849366514,3826.6128646081875,-9314.845995193478,0.0,0.0,/Users/dawid/Library/Mobile Documents/com~apple~CloudDocs/Dokumenty/Publikacje własne/Manuscripts/Quantum_interference/data/P1-C45_frez_wyk.sur,708.8425709166427,810.0000000000001,809.0,532.0,655289.9999999508,Steel C45,C45,quantum_like,256,256,0,P1,P1-C45_frez_wyk,area,Milling (finishing),frez_wyk,simple
143.15984118096526,130.73348608781825,168.57388938374433,181.05008107037096,177.0636983466566,322.9701285319562,1663.143725732558,2362.6658188260194,15504.124678627684,12.426355093146995,-25.414048202779085,3.9863827237143763,-141.92004746158523,-699.5220930934614,-13840.980952895126,0.0,0.0,/Users/dawid/Library/Mobile Documents/com~apple~CloudDocs/Dokumenty/Publikacje własne/Manuscripts/Quantum_interference/data/P1-C45_frez_wyk.sur,204.75064844132564,810.0000000000001,809.0,532.0,655289.9999999508,Steel C45,C45,hybrid,256,256,0,P1,P1-C45_frez_wyk,area,Milling (finishing),frez_wyk,simple
876.6107882502195,130.73348608781825,168.57388938374433,1144.984117283498,177.0636983466566,322.9701285319562,10050.279055070501,2362.6658188260194,15504.124678627684,745.8773021624012,708.0368988664751,967.9204189368415,822.0139887515419,7687.613236244481,-5453.845623557184,0.0,0.0,/Users/dawid/Library/Mobile Documents/com~apple~CloudDocs/Dokumenty/Publikacje własne/Manuscripts/Quantum_interference/data/P1-C45_frez_wyk.sur,1162.8509314829453,810.0000000000001,809.0,532.0,655289.9999999508,Steel C45,C45,classical,256,256,1,P1,P1-C45_frez_wyk,area,Milling (finishing),frez_wyk,simple
582.1823244043144,130.73348608781825,168.57388938374433,731.0352081744917,177.0636983466566,322.9701285319562,6790.996451347171,2362.6658188260194,15504.124678627684,451.44883831649616,413.60843502057,553.971509827835,408.06507964253547,4428.330632521152,-8713.128227280513,0.0,0.0,/Users/dawid/Library/Mobile Documents/com~apple~CloudDocs/Dokumenty/Publikacje własne/Manuscripts/Quantum_interference/data/P1-C45_frez_wyk.sur,710.1109277646498,810.0000000000001,809.0,532.0,655289.9999999508,Steel C45,C45,quantum_like,256,256,1,P1,P1-C45_frez_wyk,area,Milling (finishing),frez_wyk,simple
144.7070419816364,130.73348608781825,168.57388938374433,182.1506698727925,177.0636983466566,322.9701285319562,1760.5397708820167,2362.6658188260194,15504.124678627684,13.97355589381814,-23.86684740210794,5.0869715261358905,-140.81945865916373,-602.1260479440028,-13743.584907745668,0.0,0.0,/Users/dawid/Library/Mobile Documents/com~apple~CloudDocs/Dokumenty/Publikacje własne/Manuscripts/Quantum_interference/data/P1-C45_frez_wyk.sur,203.4997526499909,810.0000000000001,809.0,532.0,655289.9999999508,Steel C45,C45,hybrid,256,256,1,P1,P1-C45_frez_wyk,area,Milling (finishing),frez_wyk,simple
865.8033375403917,130.73348608781825,168.57388938374433,1133.9667743272432,177.0636983466566,322.9701285319562,9781.292790948575,2362.6658188260194,15504.124678627684,735.0698514525734,697.2294481566473,956.9030759805867,810.996645795287,7418.626972122556,-5722.831887679109,0.0,0.0,/Users/dawid/Library/Mobile Documents/com~apple~CloudDocs/Dokumenty/Publikacje własne/Manuscripts/Quantum_interference/data/P1-C45_frez_wyk.sur,1153.0645109543814,810.0000000000001,809.0,532.0,655289.9999999508,Steel C45,C45,classical,256,256,2,P1,P1-C45_frez_wyk,area,Milling (finishing),frez_wyk,simple
582.6432140492172,130.73348608781825,168.57388938374433,730.4410085371834,177.0636983466566,322.9701285319562,6644.023986452364,2362.6658188260194,15504.124678627684,451.909727961399,414.0693246654729,553.3773101905268,407.47088000522723,4281.358167626344,-8860.100692175321,0.0,0.0,/Users/dawid/Library/Mobile Documents/com~apple~CloudDocs/Dokumenty/Publikacje własne/Manuscripts/Quantum_interference/data/P1-C45_frez_wyk.sur,708.8092169877274,810.0000000000001,809.0,532.0,655289.9999999508,Steel C45,C45,quantum_like,256,256,2,P1,P1-C45_frez_wyk,area,Milling (finishing),frez_wyk,simple
142.76661535095627,130.73348608781825,168.57388938374433,179.55322304085752,177.0636983466566,322.9701285319562,1669.9093059275683,2362.6658188260194,15504.124678627684,12.033129263138015,-25.807274032788065,2.4895246942009246,-143.41690549109867,-692.7565128984512,-13834.215372700115,0.0,0.0,/Users/dawid/Library/Mobile Documents/com~apple~CloudDocs/Dokumenty/Publikacje własne/Manuscripts/Quantum_interference/data/P1-C45_frez_wyk.sur,202.76521554264318,810.0000000000001,809.0,532.0,655289.9999999508,Steel C45,C45,hybrid,256,256,2,P1,P1-C45_frez_wyk,area,Milling (finishing),frez_wyk,simple
863.9891496461079,130.73348608781825,168.57388938374433,1135.2339589787575,177.0636983466566,322.9701285319562,9783.109665666518,2362.6658188260194,15504.124678627684,733.2556635582896,695.4152602623635,958.170260632101,812.2638304468013,7420.443846840498,-5721.015012961167,0.0,0.0,/Users/dawid/Library/Mobile Documents/com~apple~CloudDocs/Dokumenty/Publikacje własne/Manuscripts/Quantum_interference/data/P1-C45_frez_wyk.sur,1154.1604811276281,810.0000000000001,809.0,532.0,655289.9999999508,Steel C45,C45,classical,256,256,3,P1,P1-C45_frez_wyk,area,Milling (finishing),frez_wyk,simple
580.8501168043038,130.73348608781825,168.57388938374433,729.6714296326891,177.0636983466566,322.9701285319562,6173.522249025689,2362.6658188260194,15504.124678627684,450.1166307164855,412.2762274205594,552.6077312860324,406.70130110073285,3810.8564301996694,-9330.602429601997,0.0,0.0,/Users/dawid/Library/Mobile Documents/com~apple~CloudDocs/Dokumenty/Publikacje własne/Manuscripts/Quantum_interference/data/P1-C45_frez_wyk.sur,708.273099549541,810.0000000000001,809.0,532.0,655289.9999999508,Steel C45,C45,quantum_like,256,256,3,P1,P1-C45_frez_wyk,area,Milling (finishing),frez_wyk,simple
143.4180750713778,130.73348608781825,168.57388938374433,180.68093444558892,177.0636983466566,322.9701285319562,1725.9903484958008,2362.6658188260194,15504.124678627684,12.68458898355957,-25.155814312366513,3.6172360989323176,-142.2891940863673,-636.6754703302187,-13778.134330131883,0.0,0.0,/Users/dawid/Library/Mobile Documents/com~apple~CloudDocs/Dokumenty/Publikacje własne/Manuscripts/Quantum_interference/data/P1-C45_frez_wyk.sur,202.92233508141538,810.0000000000001,809.0,532.0,655289.9999999508,Steel C45,C45,hybrid,256,256,3,P1,P1-C45_frez_wyk,area,Milling (finishing),frez_wyk,simple
0.19993383117387972,0.013677398688480481,0.014215393199252453,0.25013629369538404,0.016567023530093917,0.017415753488415692,2.0313252981805183,0.16320364671729742,0.3893552769154757,0.18625643248539925,0.18571843797462725,0.23356927016529014,0.23272054020696833,1.8681216514632208,1.6419700212650423,0.0,0.0,/Users/dawid/Library/Mobile Documents/com~apple~CloudDocs/Dokumenty/Publikacje własne/Manuscripts/Quantum_interference/data/P1-C45_frez_zgr.sur,0.24953312034962233,810.0000000000001,809.0,532.0,655289.9999999508,Steel C45,C45,classical,256,256,0,P1,P1-C45_frez_zgr,area,Milling (roughing),frez_zgr,simple
565.9319147083581,0.013677398688480481,0.014215393199252453,709.3988849107313,0.016567023530093917,0.017415753488415692,5941.449135250438,0.16320364671729742,0.3893552769154757,565.9182373096696,565.9176993151589,709.3823178872012,709.3814691572429,5941.285931603721,5941.059779973522,0.0,0.0,/Users/dawid/Library/Mobile Documents/com~apple~CloudDocs/Dokumenty/Publikacje własne/Manuscripts/Quantum_interference/data/P1-C45_frez_zgr.sur,709.3988526583317,810.0000000000001,809.0,532.0,655289.9999999508,Steel C45,C45,quantum_like,256,256,0,P1,P1-C45_frez_zgr,area,Milling (roughing),frez_zgr,simple
86.92503832041989,0.013677398688480481,0.014215393199252453,151.8114554859548,0.016567023530093917,0.017415753488415692,1075.5895430564722,0.16320364671729742,0.3893552769154757,86.9113609217314,86.91082292722064,151.79488846242472,151.7940397324664,1075.4263394097547,1075.2001877795567,0.0,0.0,/Users/dawid/Library/Mobile Documents/com~apple~CloudDocs/Dokumenty/Publikacje własne/Manuscripts/Quantum_interference/data/P1-C45_frez_zgr.sur,151.81137484814744,810.0000000000001,809.0,532.0,655289.9999999508,Steel C45,C45,hybrid,256,256,0,P1,P1-C45_frez_zgr,area,Milling (roughing),frez_zgr,simple
0.19909551263710426,0.013677398688480481,0.014215393199252453,0.2496879946732437,0.016567023530093917,0.017415753488415692,2.031059793488719,0.16320364671729742,0.3893552769154757,0.1854181139486238,0.18488011943785182,0.2331209711431498,0.232272241184828,1.8678561467714216,1.6417045165732431,0.0,0.0,/Users/dawid/Library/Mobile Documents/com~apple~CloudDocs/Dokumenty/Publikacje własne/Manuscripts/Quantum_interference/data/P1-C45_frez_zgr.sur,0.2491321118513585,810.0000000000001,809.0,532.0,655289.9999999508,Steel C45,C45,classical,256,256,1,P1,P1-C45_frez_zgr,area,Milling (roughing),frez_zgr,simple
570.0308736512391,0.013677398688480481,0.014215393199252453,713.8304956832826,0.016567023530093917,0.017415753488415692,6179.722295878589,0.16320364671729742,0.3893552769154757,570.0171962525505,570.0166582580398,713.8139286597526,713.8130799297943,6179.559092231872,6179.332940601673,0.0,0.0,/Users/dawid/Library/Mobile Documents/com~apple~CloudDocs/Dokumenty/Publikacje własne/Manuscripts/Quantum_interference/data/P1-C45_frez_zgr.sur,713.8304420460018,810.0000000000001,809.0,532.0,655289.9999999508,Steel C45,C45,quantum_like,256,256,1,P1,P1-C45_frez_zgr,area,Milling (roughing),frez_zgr,simple
94.68636344035998,0.013677398688480481,0.014215393199252453,156.70829737957544,0.016567023530093917,0.017415753488415692,1093.27388018239,0.16320364671729742,0.3893552769154757,94.67268604167151,94.67214804716075,156.69173035604535,156.69088162608702,1093.1106765356726,1092.8845249054746,0.0,0.0,/Users/dawid/Library/Mobile Documents/com~apple~CloudDocs/Dokumenty/Publikacje własne/Manuscripts/Quantum_interference/data/P1-C45_frez_zgr.sur,156.70800544502336,810.0000000000001,809.0,532.0,655289.9999999508,Steel C45,C45,hybrid,256,256,1,P1,P1-C45_frez_zgr,area,Milling (roughing),frez_zgr,simple
0.199277681513811,0.013677398688480481,0.014215393199252453,0.2496849995423074,0.016567023530093917,0.017415753488415692,2.2028467700907526,0.16320364671729742,0.3893552769154757,0.18560028282533053,0.18506228831455854,0.2331179760122135,0.23226924605389174,2.0396431233734553,1.8134914931752766,0.0,0.0,/Users/dawid/Library/Mobile Documents/com~apple~CloudDocs/Dokumenty/Publikacje własne/Manuscripts/Quantum_interference/data/P1-C45_frez_zgr.sur,0.24910277487431032,810.0000000000001,809.0,532.0,655289.9999999508,Steel C45,C45,classical,256,256,2,P1,P1-C45_frez_zgr,area,Milling (roughing),frez_zgr,simple
564.326474260067,0.013677398688480481,0.014215393199252453,707.3827904690537,0.016567023530093917,0.017415753488415692,6539.413117861527,0.16320364671729742,0.3893552769154757,564.3127968613785,564.3122588668678,707.3662234455236,707.3653747155654,6539.24991421481,6539.023762584611,0.0,0.0,/Users/dawid/Library/Mobile Documents/com~apple~CloudDocs/Dokumenty/Publikacje własne/Manuscripts/Quantum_interference/data/P1-C45_frez_zgr.sur,707.3827958236441,810.0000000000001,809.0,532.0,655289.9999999508,Steel C45,C45,quantum_like,256,256,2,P1,P1-C45_frez_zgr,area,Milling (roughing),frez_zgr,simple
85.66875893170129,0.013677398688480481,0.014215393199252453,151.28575771495005,0.016567023530093917,0.017415753488415692,1067.953444957551,0.16320364671729742,0.3893552769154757,85.65508153301282,85.65454353850205,151.26919069141996,151.26834196146163,1067.7902413108336,1067.5640896806356,0.0,0.0,/Users/dawid/Library/Mobile Documents/com~apple~CloudDocs/Dokumenty/Publikacje własne/Manuscripts/Quantum_interference/data/P1-C45_frez_zgr.sur,151.28574826250818,810.0000000000001,809.0,532.0,655289.9999999508,Steel C45,C45,hybrid,256,256,2,P1,P1-C45_frez_zgr,area,Milling (roughing),frez_zgr,simple
0.19865622822026086,0.013677398688480481,0.014215393199252453,0.24898337150956912,0.016567023530093917,0.017415753488415692,2.088551894671037,0.16320364671729742,0.3893552769154757,0.18497882953178038,0.18444083502100841,0.23241634797947522,0.23156761802115342,1.9253482479537396,1.699196617755561,0.0,0.0,/Users/dawid/Library/Mobile Documents/com~apple~CloudDocs/Dokumenty/Publikacje własne/Manuscripts/Quantum_interference/data/P1-C45_frez_zgr.sur,0.24850567673717439,810.0000000000001,809.0,532.0,655289.9999999508,Steel C45,C45,classical,256,256,3,P1,P1-C45_frez_zgr,area,Milling (roughing),frez_zgr,simple
566.4318439962581,0.013677398688480481,0.014215393199252453,710.1694265612708,0.016567023530093917,0.017415753488415692,6437.117265096166,0.16320364671729742,0.3893552769154757,566.4181665975696,566.4176286030588,710.1528595377407,710.1520108077825,6436.954061449449,6436.72790981925,0.0,0.0,/Users/dawid/Library/Mobile Documents/com~apple~CloudDocs/Dokumenty/Publikacje własne/Manuscripts/Quantum_interference/data/P1-C45_frez_zgr.sur,710.169305270967,810.0000000000001,809.0,532.0,655289.9999999508,Steel C45,C45,quantum_like,256,256,3,P1,P1-C45_frez_zgr,area,Milling (roughing),frez_zgr,simple
89.88173756275904,0.013677398688480481,0.014215393199252453,154.74585828763986,0.016567023530093917,0.017415753488415692,1333.0112157655158,0.16320364671729742,0.3893552769154757,89.86806016407056,89.86752216955979,154.72929126410978,154.72844253415144,1332.8480121187984,1332.6218604886003,0.0,0.0,/Users/dawid/Library/Mobile Documents/com~apple~CloudDocs/Dokumenty/Publikacje własne/Manuscripts/Quantum_interference/data/P1-C45_frez_zgr.sur,154.74551465605575,810.0000000000001,809.0,532.0,655289.9999999508,Steel C45,C45,hybrid,256,256,3,P1,P1-C45_frez_zgr,area,Milling (roughing),frez_zgr,simple
395.71890276375115,170.69015003093372,209.73484587406048,536.6198930617744,520.4751383049718,1330.3937512601992,6113.618278363041,55011.498285111746,157120.78884941927,225.0287527328174,185.98405688969063,16.144754756802524,-793.7738581984249,-48897.88000674871,-151007.17057105622,0.0,0.0,/Users/dawid/Library/Mobile Documents/com~apple~CloudDocs/Dokumenty/Publikacje własne/Manuscripts/Quantum_interference/data/P1-C45_nagniat.sur,751.1478270906568,810.0000000000001,809.0,532.0,655289.9999999508,Steel C45,C45,classical,256,256,0,P1,P1-C45_nagniat,area,Burnishing,nagniat,simple
609.511330057579,170.69015003093372,209.73484587406048,882.1154682280944,520.4751383049718,1330.3937512601992,55575.31934779835,55011.498285111746,157120.78884941927,438.8211800266453,399.77648418351856,361.6403299231226,-448.27828303210487,563.8210626866048,-101545.46950162093,0.0,0.0,/Users/dawid/Library/Mobile Documents/com~apple~CloudDocs/Dokumenty/Publikacje własne/Manuscripts/Quantum_interference/data/P1-C45_nagniat.sur,711.7938864511852,810.0000000000001,809.0,532.0,655289.9999999508,Steel C45,C45,quantum_like,256,256,0,P1,P1-C45_nagniat,area,Burnishing,nagniat,simple
191.87494909803462,170.69015003093372,209.73484587406048,308.67774973753075,520.4751383049718,1330.3937512601992,13630.790689072603,55011.498285111746,157120.78884941927,21.18479906710092,-17.859896776025852,-211.79738856744106,-1021.7160015226684,-41380.707596039145,-143489.99816034667,0.0,0.0,/Users/dawid/Library/Mobile Documents/com~apple~CloudDocs/Dokumenty/Publikacje własne/Manuscripts/Quantum_interference/data/P1-C45_nagniat.sur,416.5614663720826,810.0000000000001,809.0,532.0,655289.9999999508,Steel C45,C45,hybrid,256,256,0,P1,P1-C45_nagniat,area,Burnishing,nagniat,simple
397.92619941645484,170.69015003093372,209.73484587406048,537.1244471578249,520.4751383049718,1330.3937512601992,5889.9260759106255,55011.498285111746,157120.78884941927,227.23604938552114,188.19135354239438,16.64930885285303,-793.2693041023745,-49121.57220920111,-151230.86277350868,0.0,0.0,/Users/dawid/Library/Mobile Documents/com~apple~CloudDocs/Dokumenty/Publikacje własne/Manuscripts/Quantum_interference/data/P1-C45_nagniat.sur,751.5957981559288,810.0000000000001,809.0,532.0,655289.9999999508,Steel C45,C45,classical,256,256,1,P1,P1-C45_nagniat,area,Burnishing,nagniat,simple
612.0141726680528,170.69015003093372,209.73484587406048,881.3294535621676,520.4751383049718,1330.3937512601992,53357.134024411695,55011.498285111746,157120.78884941927,441.324022637119,402.2793267939923,360.8543152571957,-449.06429769803174,-1654.3642607000484,-103763.65482500759,0.0,0.0,/Users/dawid/Library/Mobile Documents/com~apple~CloudDocs/Dokumenty/Publikacje własne/Manuscripts/Quantum_interference/data/P1-C45_nagniat.sur,714.2369498324315,810.0000000000001,809.0,532.0,655289.9999999508,Steel C45,C45,quantum_like,256,256,1,P1,P1-C45_nagniat,area,Burnishing,nagniat,simple
190.46221961150286,170.69015003093372,209.73484587406048,304.42638749863875,520.4751383049718,1330.3937512601992,13211.299656953224,55011.498285111746,157120.78884941927,19.772069580569152,-19.27262626255762,-216.04875080633306,-1025.9673637615604,-41800.19862815852,-143909.48919246605,0.0,0.0,/Users/dawid/Library/Mobile Documents/com~apple~CloudDocs/Dokumenty/Publikacje własne/Manuscripts/Quantum_interference/data/P1-C45_nagniat.sur,418.055178954262,810.0000000000001,809.0,532.0,655289.9999999508,Steel C45,C45,hybrid,256,256,1,P1,P1-C45_nagniat,area,Burnishing,nagniat,simple
400.24384994584136,170.69015003093372,209.73484587406048,541.664792297439,520.4751383049718,1330.3937512601992,6134.020799799365,55011.498285111746,157120.78884941927,229.55369991490767,190.5090040717809,21.189653992467186,-788.7289589627603,-48877.47748531238,-150986.76804961992,0.0,0.0,/Users/dawid/Library/Mobile Documents/com~apple~CloudDocs/Dokumenty/Publikacje własne/Manuscripts/Quantum_interference/data/P1-C45_nagniat.sur,755.2353494103731,810.0000000000001,809.0,532.0,655289.9999999508,Steel C45,C45,classical,256,256,2,P1,P1-C45_nagniat,area,Burnishing,nagniat,simple
604.7315289014583,170.69015003093372,209.73484587406048,876.1963058240008,520.4751383049718,1330.3937512601992,55898.42880121087,55011.498285111746,157120.78884941927,434.0413788705246,394.99668302739786,355.72116751902894,-454.19744543619856,886.9305160991216,-101222.36004820841,0.0,0.0,/Users/dawid/Library/Mobile Documents/com~apple~CloudDocs/Dokumenty/Publikacje własne/Manuscripts/Quantum_interference/data/P1-C45_nagniat.sur,707.0444440076158,810.0000000000001,809.0,532.0,655289.9999999508,Steel C45,C45,quantum_like,256,256,2,P1,P1-C45_nagniat,area,Burnishing,nagniat,simple
189.80423404916314,170.69015003093372,209.73484587406048,303.5487829861938,520.4751383049718,1330.3937512601992,13449.232600212757,55011.498285111746,157120.78884941927,19.114084018229427,-19.930611824897344,-216.92635531877804,-1026.8449682740056,-41562.26568489899,-143671.55624920654,0.0,0.0,/Users/dawid/Library/Mobile Documents/com~apple~CloudDocs/Dokumenty/Publikacje własne/Manuscripts/Quantum_interference/data/P1-C45_nagniat.sur,417.35278219410105,810.0000000000001,809.0,532.0,655289.9999999508,Steel C45,C45,hybrid,256,256,2,P1,P1-C45_nagniat,area,Burnishing,nagniat,simple
399.9604910140999,170.69015003093372,209.73484587406048,540.0608703867425,520.4751383049718,1330.3937512601992,6118.704893565718,55011.498285111746,157120.78884941927,229.2703409831662,190.2256451400394,19.58573208177066,-790.3328808734568,-48892.79339154603,-151002.08395585357,0.0,0.0,/Users/dawid/Library/Mobile Documents/com~apple~CloudDocs/Dokumenty/Publikacje własne/Manuscripts/Quantum_interference/data/P1-C45_nagniat.sur,754.0943544254292,810.0000000000001,809.0,532.0,655289.9999999508,Steel C45,C45,classical,256,256,3,P1,P1-C45_nagniat,area,Burnishing,nagniat,simple
610.9662758278827,170.69015003093372,209.73484587406048,878.8017361191784,520.4751383049718,1330.3937512601992,53999.744977986644,55011.498285111746,157120.78884941927,440.276125796949,401.23142995382227,358.32659781420654,-451.5920151410209,-1011.7533071251012,-103121.04387143264,0.0,0.0,/Users/dawid/Library/Mobile Documents/com~apple~CloudDocs/Dokumenty/Publikacje własne/Manuscripts/Quantum_interference/data/P1-C45_nagniat.sur,710.3988289180883,810.0000000000001,809.0,532.0,655289.9999999508,Steel C45,C45,quantum_like,256,256,3,P1,P1-C45_nagniat,area,Burnishing,nagniat,simple
193.86209758706698,170.69015003093372,209.73484587406048,309.0147899286827,520.4751383049718,1330.3937512601992,13578.665562996895,55011.498285111746,157120.78884941927,23.171947556133283,-15.872748286993488,-211.4603483762891,-1021.3789613315165,-41432.83272211485,-143542.1232864224,0.0,0.0,/Users/dawid/Library/Mobile Documents/com~apple~CloudDocs/Dokumenty/Publikacje własne/Manuscripts/Quantum_interference/data/P1-C45_nagniat.sur,417.0075884597043,810.0000000000001,809.0,532.0,655289.9999999508,Steel C45,C45,hybrid,256,256,3,P1,P1-C45_nagniat,area,Burnishing,nagniat,simple
688.8236072733604,5185.610777344909,5352.809007024925,915.543140564401,7146.173032652967,7452.142131531978,7459.514495791003,83837.1018021227,131214.74393826575,-4496.78717007155,-4663.985399751566,-6230.629892088566,-6536.598990967577,-76377.5873063317,-123755.22944247475,0.0,0.0,/Users/dawid/Library/Mobile Documents/com~apple~CloudDocs/Dokumenty/Publikacje własne/Manuscripts/Quantum_interference/data/P1-C45_t_zgrubne.sur,7166.439318242412,810.0000000000001,809.0,532.0,655289.9999999508,Steel C45,C45,classical,256,256,0,P1,P1-C45_t_zgrubne,area,Turning (roughing),t_zgrubne,simple
5219.6624158461855,5185.610777344909,5352.809007024925,7179.217843563795,7146.173032652967,7452.142131531978,84283.10405576462,83837.1018021227,131214.74393826575,34.05163850127614,-133.1465911787398,33.04481091082899,-272.92428796818245,446.0022536419096,-46931.63988250113,0.0,0.0,/Users/dawid/Library/Mobile Documents/com~apple~CloudDocs/Dokumenty/Publikacje własne/Manuscripts/Quantum_interference/data/P1-C45_t_zgrubne.sur,707.1357729973331,810.0000000000001,809.0,532.0,655289.9999999508,Steel C45,C45,quantum_like,256,256,0,P1,P1-C45_t_zgrubne,area,Turning (roughing),t_zgrubne,simple
4590.505063654057,5185.610777344909,5352.809007024925,6423.928002654853,7146.173032652967,7452.142131531978,64497.5385279966,83837.1018021227,131214.74393826575,-595.1057136908522,-762.3039433708682,-722.2450299981134,-1028.2141288771247,-19339.56327412611,-66717.20541026915,0.0,0.0,/Users/dawid/Library/Mobile Documents/com~apple~CloudDocs/Dokumenty/Publikacje własne/Manuscripts/Quantum_interference/data/P1-C45_t_zgrubne.sur,1880.123615437952,810.0000000000001,809.0,532.0,655289.9999999508,Steel C45,C45,hybrid,256,256,0,P1,P1-C45_t_zgrubne,area,Turning (roughing),t_zgrubne,simple
686.1429293807594,5185.610777344909,5352.809007024925,915.9875070010754,7146.173032652967,7452.142131531978,7728.290761810527,83837.1018021227,131214.74393826575,-4499.467847964151,-4666.666077644166,-6230.185525651891,-6536.154624530903,-76108.8110403122,-123486.45317645522,0.0,0.0,/Users/dawid/Library/Mobile Documents/com~apple~CloudDocs/Dokumenty/Publikacje własne/Manuscripts/Quantum_interference/data/P1-C45_t_zgrubne.sur,7165.8287002321385,810.0000000000001,809.0,532.0,655289.9999999508,Steel C45,C45,classical,256,256,1,P1,P1-C45_t_zgrubne,area,Turning (roughing),t_zgrubne,simple
5218.231747393446,5185.610777344909,5352.809007024925,7181.932824064229,7146.173032652967,7452.142131531978,84468.43530867895,83837.1018021227,131214.74393826575,32.620970048536634,-134.5772596314793,35.75979141126253,-270.20930746774894,631.3335065562351,-46746.3086295868,0.0,0.0,/Users/dawid/Library/Mobile Documents/com~apple~CloudDocs/Dokumenty/Publikacje własne/Manuscripts/Quantum_interference/data/P1-C45_t_zgrubne.sur,710.484452586978,810.0000000000001,809.0,532.0,655289.9999999508,Steel C45,C45,quantum_like,256,256,1,P1,P1-C45_t_zgrubne,area,Turning (roughing),t_zgrubne,simple
4588.461594988028,5185.610777344909,5352.809007024925,6425.67591518832,7146.173032652967,7452.142131531978,64648.551473272535,83837.1018021227,131214.74393826575,-597.1491823568817,-764.3474120368977,-720.4971174646464,-1026.4662163436578,-19188.55032885018,-66566.19246499322,0.0,0.0,/Users/dawid/Library/Mobile Documents/com~apple~CloudDocs/Dokumenty/Publikacje własne/Manuscripts/Quantum_interference/data/P1-C45_t_zgrubne.sur,1878.4727576292719,810.0000000000001,809.0,532.0,655289.9999999508,Steel C45,C45,hybrid,256,256,1,P1,P1-C45_t_zgrubne,area,Turning (roughing),t_zgrubne,simple
688.1025454672039,5185.610777344909,5352.809007024925,916.9443666608925,7146.173032652967,7452.142131531978,7549.073442379723,83837.1018021227,131214.74393826575,-4497.508231877706,-4664.706461557722,-6229.228665992075,-6535.197764871085,-76288.028359743,-123665.67049588602,0.0,0.0,/Users/dawid/Library/Mobile Documents/com~apple~CloudDocs/Dokumenty/Publikacje własne/Manuscripts/Quantum_interference/data/P1-C45_t_zgrubne.sur,7175.012973164204,810.0000000000001,809.0,532.0,655289.9999999508,Steel C45,C45,classical,256,256,2,P1,P1-C45_t_zgrubne,area,Turning (roughing),t_zgrubne,simple
5222.35998548082,5185.610777344909,5352.809007024925,7184.26431068803,7146.173032652967,7452.142131531978,84122.45931317455,83837.1018021227,131214.74393826575,36.74920813591045,-130.44902154410548,38.091278035063375,-267.8778208439481,285.35751105183795,-47092.2846250912,0.0,0.0,/Users/dawid/Library/Mobile Documents/com~apple~CloudDocs/Dokumenty/Publikacje własne/Manuscripts/Quantum_interference/data/P1-C45_t_zgrubne.sur,709.9500859970843,810.0000000000001,809.0,532.0,655289.9999999508,Steel C45,C45,quantum_like,256,256,2,P1,P1-C45_t_zgrubne,area,Turning (roughing),t_zgrubne,simple
4591.855249094695,5185.610777344909,5352.809007024925,6425.626789430035,7146.173032652967,7452.142131531978,64434.84258203131,83837.1018021227,131214.74393826575,-593.755528250215,-760.953757930231,-720.5462432229309,-1026.5153421019422,-19402.259220091397,-66779.90135623443,0.0,0.0,/Users/dawid/Library/Mobile Documents/com~apple~CloudDocs/Dokumenty/Publikacje własne/Manuscripts/Quantum_interference/data/P1-C45_t_zgrubne.sur,1876.5926274169653,810.0000000000001,809.0,532.0,655289.9999999508,Steel C45,C45,hybrid,256,256,2,P1,P1-C45_t_zgrubne,area,Turning (roughing),t_zgrubne,simple
704.279426669226,5185.610777344909,5352.809007024925,933.6647632086268,7146.173032652967,7452.142131531978,7527.18184248722,83837.1018021227,131214.74393826575,-4481.331350675683,-4648.529580355699,-6212.50826944434,-6518.477368323351,-76309.91995963549,-123687.56209577851,0.0,0.0,/Users/dawid/Library/Mobile Documents/com~apple~CloudDocs/Dokumenty/Publikacje własne/Manuscripts/Quantum_interference/data/P1-C45_t_zgrubne.sur,7165.425748472567,810.0000000000001,809.0,532.0,655289.9999999508,Steel C45,C45,classical,256,256,3,P1,P1-C45_t_zgrubne,area,Turning (roughing),t_zgrubne,simple
5223.442933309088,5185.610777344909,5352.809007024925,7184.9124183602125,7146.173032652967,7452.142131531978,84093.42132082472,83837.1018021227,131214.74393826575,37.83215596417903,-129.3660737158369,38.739385707245596,-267.22971317176587,256.31951870201607,-47121.32261744102,0.0,0.0,/Users/dawid/Library/Mobile Documents/com~apple~CloudDocs/Dokumenty/Publikacje własne/Manuscripts/Quantum_interference/data/P1-C45_t_zgrubne.sur,707.0490203434467,810.0000000000001,809.0,532.0,655289.9999999508,Steel C45,C45,quantum_like,256,256,3,P1,P1-C45_t_zgrubne,area,Turning (roughing),t_zgrubne,simple
4594.370342117626,5185.610777344909,5352.809007024925,6428.188045964888,7146.173032652967,7452.142131531978,64696.25772442936,83837.1018021227,131214.74393826575,-591.2404352272832,-758.4386649072992,-717.984986688078,-1023.9540855670895,-19140.844077693357,-66518.4862138364,0.0,0.0,/Users/dawid/Library/Mobile Documents/com~apple~CloudDocs/Dokumenty/Publikacje własne/Manuscripts/Quantum_interference/data/P1-C45_t_zgrubne.sur,1876.5732644769905,810.0000000000001,809.0,532.0,655289.9999999508,Steel C45,C45,hybrid,256,256,3,P1,P1-C45_t_zgrubne,area,Turning (roughing),t_zgrubne,simple
691.7219446203376,81448.3135018408,164445.50446808158,914.1040346719733,112903.87193262373,259806.01315388278,8663.510654387064,4583764.4006710155,14845451.98272266,-80756.59155722047,-163753.78252346124,-111989.76789795175,-258891.90911921082,-4575100.890016628,-14836788.472068273,0.0,0.0,/Users/dawid/Library/Mobile Documents/com~apple~CloudDocs/Dokumenty/Publikacje własne/Manuscripts/Quantum_interference/data/P1-C45_wedm_wyk.sur,112801.54949975992,810.0000000000001,809.0,532.0,655289.9999999508,Steel C45,C45,classical,256,256,0,P1,P1-C45_wedm_wyk,area,Wire EDM (finishing),wedm_wyk,simple
481811.79731727473,81448.3135018408,164445.50446808158,632013.0406585311,112903.87193262373,259806.01315388278,5149254.946829027,4583764.4006710155,14845451.98272266,400363.4838154339,317366.29284919315,519109.1687259074,372207.02750464843,565490.5461580113,-9696197.035893636,0.0,0.0,/Users/dawid/Library/Mobile Documents/com~apple~CloudDocs/Dokumenty/Publikacje własne/Manuscripts/Quantum_interference/data/P1-C45_wedm_wyk.sur,633481.3619463186,810.0000000000001,809.0,532.0,655289.9999999508,Steel C45,C45,quantum_like,256,256,0,P1,P1-C45_wedm_wyk,area,Wire EDM (finishing),wedm_wyk,simple
284782.5743919375,81448.3135018408,164445.50446808158,342930.66299636074,112903.87193262373,259806.01315388278,2707169.3698376524,4583764.4006710155,14845451.98272266,203334.26089009672,120337.06992385595,230026.791063737,83124.64984247797,-1876595.0308333628,-12138282.61288501,0.0,0.0,/Users/dawid/Library/Mobile Documents/com~apple~CloudDocs/Dokumenty/Publikacje własne/Manuscripts/Quantum_interference/data/P1-C45_wedm_wyk.sur,354482.0451972741,810.0000000000001,809.0,532.0,655289.9999999508,Steel C45,C45,hybrid,256,256,0,P1,P1-C45_wedm_wyk,area,Wire EDM (finishing),wedm_wyk,simple
701.9452777585998,81448.3135018408,164445.50446808158,925.4399962788214,112903.87193262373,259806.01315388278,8929.76080094286,4583764.4006710155,14845451.98272266,-80746.36822408221,-163743.55919032297,-111978.4319363449,-258880.57315760397,-4574834.639870073,-14836522.221921718,0.0,0.0,/Users/dawid/Library/Mobile Documents/com~apple~CloudDocs/Dokumenty/Publikacje własne/Manuscripts/Quantum_interference/data/P1-C45_wedm_wyk.sur,112795.66207020223,810.0000000000001,809.0,532.0,655289.9999999508,Steel C45,C45,classical,256,256,1,P1,P1-C45_wedm_wyk,area,Wire EDM (finishing),wedm_wyk,simple
481837.664712005,81448.3135018408,164445.50446808158,631839.4323373789,112903.87193262373,259806.01315388278,4907392.235873158,4583764.4006710155,14845451.98272266,400389.35121016414,317392.16024392337,518935.56040475506,372033.41918349604,323627.83520214265,-9938059.746849503,0.0,0.0,/Users/dawid/Library/Mobile Documents/com~apple~CloudDocs/Dokumenty/Publikacje własne/Manuscripts/Quantum_interference/data/P1-C45_wedm_wyk.sur,628314.2323927114,810.0000000000001,809.0,532.0,655289.9999999508,Steel C45,C45,quantum_like,256,256,1,P1,P1-C45_wedm_wyk,area,Wire EDM (finishing),wedm_wyk,simple
279990.1902311531,81448.3135018408,164445.50446808158,342983.08209364227,112903.87193262373,259806.01315388278,2619903.959139159,4583764.4006710155,14845451.98272266,198541.87672931227,115544.6857630715,230079.21016101853,83177.06893975948,-1963860.4415318563,-12225548.023583502,0.0,0.0,/Users/dawid/Library/Mobile Documents/com~apple~CloudDocs/Dokumenty/Publikacje własne/Manuscripts/Quantum_interference/data/P1-C45_wedm_wyk.sur,345446.9550746743,810.0000000000001,809.0,532.0,655289.9999999508,Steel C45,C45,hybrid,256,256,1,P1,P1-C45_wedm_wyk,area,Wire EDM (finishing),wedm_wyk,simple
702.1278129535393,81448.3135018408,164445.50446808158,930.6330847195203,112903.87193262373,259806.01315388278,9191.564948504973,4583764.4006710155,14845451.98272266,-80746.18568888727,-163743.37665512803,-111973.23884790421,-258875.38006916325,-4574572.83572251,-14836260.417774156,0.0,0.0,/Users/dawid/Library/Mobile Documents/com~apple~CloudDocs/Dokumenty/Publikacje własne/Manuscripts/Quantum_interference/data/P1-C45_wedm_wyk.sur,112798.82616999543,810.0000000000001,809.0,532.0,655289.9999999508,Steel C45,C45,classical,256,256,2,P1,P1-C45_wedm_wyk,area,Wire EDM (finishing),wedm_wyk,simple
485347.0138058623,81448.3135018408,164445.50446808158,635198.3825354603,112903.87193262373,259806.01315388278,4963430.809891327,4583764.4006710155,14845451.98272266,403898.7003040215,320901.50933778065,522294.51060283644,375392.3693815775,379666.409220312,-9882021.172831334,0.0,0.0,/Users/dawid/Library/Mobile Documents/com~apple~CloudDocs/Dokumenty/Publikacje własne/Manuscripts/Quantum_interference/data/P1-C45_wedm_wyk.sur,632372.7751974997,810.0000000000001,809.0,532.0,655289.9999999508,Steel C45,C45,quantum_like,256,256,2,P1,P1-C45_wedm_wyk,area,Wire EDM (finishing),wedm_wyk,simple
281508.5368555457,81448.3135018408,164445.50446808158,343649.9876244559,112903.87193262373,259806.01315388278,2562931.885317939,4583764.4006710155,14845451.98272266,200060.22335370493,117063.03238746415,230746.11569183212,83843.97447057308,-2020832.5153530764,-12282520.097404722,0.0,0.0,/Users/dawid/Library/Mobile Documents/com~apple~CloudDocs/Dokumenty/Publikacje własne/Manuscripts/Quantum_interference/data/P1-C45_wedm_wyk.sur,347244.1919214824,810.0000000000001,809.0,532.0,655289.9999999508,Steel C45,C45,hybrid,256,256,2,P1,P1-C45_wedm_wyk,area,Wire EDM (finishing),wedm_wyk,simple
701.6877082879307,81448.3135018408,164445.50446808158,929.8287091498282,112903.87193262373,259806.01315388278,8927.61180884182,4583764.4006710155,14845451.98272266,-80746.62579355287,-163743.81675979367,-111974.04322347391,-258876.18444473293,-4574836.788862173,-14836524.370913818,0.0,0.0,/Users/dawid/Library/Mobile Documents/com~apple~CloudDocs/Dokumenty/Publikacje własne/Manuscripts/Quantum_interference/data/P1-C45_wedm_wyk.sur,112803.10888909998,810.0000000000001,809.0,532.0,655289.9999999508,Steel C45,C45,classical,256,256,3,P1,P1-C45_wedm_wyk,area,Wire EDM (finishing),wedm_wyk,simple
479272.69545060635,81448.3135018408,164445.50446808158,630073.638344518,112903.87193262373,259806.01315388278,4865796.333310961,4583764.4006710155,14845451.98272266,397824.38194876554,314827.1909825248,517169.7664118943,370267.62519063527,282031.9326399456,-9979655.6494117,0.0,0.0,/Users/dawid/Library/Mobile Documents/com~apple~CloudDocs/Dokumenty/Publikacje własne/Manuscripts/Quantum_interference/data/P1-C45_wedm_wyk.sur,632692.3148447307,810.0000000000001,809.0,532.0,655289.9999999508,Steel C45,C45,quantum_like,256,256,3,P1,P1-C45_wedm_wyk,area,Wire EDM (finishing),wedm_wyk,simple
284734.69058519136,81448.3135018408,164445.50446808158,348744.6543652055,112903.87193262373,259806.01315388278,2613344.4072325877,4583764.4006710155,14845451.98272266,203286.37708335058,120289.1861171098,235840.78243258173,88938.6412113227,-1970419.9934384276,-12232107.575490072,0.0,0.0,/Users/dawid/Library/Mobile Documents/com~apple~CloudDocs/Dokumenty/Publikacje własne/Manuscripts/Quantum_interference/data/P1-C45_wedm_wyk.sur,362098.698031756,810.0000000000001,809.0,532.0,655289.9999999508,Steel C45,C45,hybrid,256,256,3,P1,P1-C45_wedm_wyk,area,Wire EDM (finishing),wedm_wyk,simple
721.2656018354807,3569.9070838506477,4474.643435891885,946.6613952719315,5003.580066908198,6990.219229140815,7983.533925127468,155206.2258000693,233363.97390964086,-2848.641482015167,-3753.377834056404,-4056.918671636267,-6043.557833868883,-147222.69187494184,-225380.4399845134,0.0,0.0,/Users/dawid/Library/Mobile Documents/com~apple~CloudDocs/Dokumenty/Publikacje własne/Manuscripts/Quantum_interference/data/P1-C45_wedm_zgru_1prz.sur,5130.336816138443,810.0000000000001,809.0,532.0,655289.9999999508,Steel C45,C45,classical,256,256,0,P1,P1-C45_wedm_zgru_1prz,area,Wire EDM (roughing),wedm_zgru_1prz,simple
3621.735979137031,3569.9070838506477,4474.643435891885,5057.064314179793,5003.580066908198,6990.219229140815,156750.40204649646,155206.2258000693,233363.97390964086,51.828895286383506,-852.9074567548536,53.484247271594896,-1933.1549149610216,1544.176246427145,-76613.5718631444,0.0,0.0,/Users/dawid/Library/Mobile Documents/com~apple~CloudDocs/Dokumenty/Publikacje własne/Manuscripts/Quantum_interference/data/P1-C45_wedm_zgru_1prz.sur,713.8059988375308,810.0000000000001,809.0,532.0,655289.9999999508,Steel C45,C45,quantum_like,256,256,0,P1,P1-C45_wedm_zgru_1prz,area,Wire EDM (roughing),wedm_zgru_1prz,simple
1954.940672642058,3569.9070838506477,4474.643435891885,2653.368200038062,5003.580066908198,6990.219229140815,38363.32252033483,155206.2258000693,233363.97390964086,-1614.9664112085895,-2519.7027632498266,-2350.2118668701364,-4336.851029102752,-116842.90327973448,-195000.65138930603,0.0,0.0,/Users/dawid/Library/Mobile Documents/com~apple~CloudDocs/Dokumenty/Publikacje własne/Manuscripts/Quantum_interference/data/P1-C45_wedm_zgru_1prz.sur,3468.928503187997,810.0000000000001,809.0,532.0,655289.9999999508,Steel C45,C45,hybrid,256,256,0,P1,P1-C45_wedm_zgru_1prz,area,Wire EDM (roughing),wedm_zgru_1prz,simple
728.7321055317224,3569.9070838506477,4474.643435891885,954.8686895519055,5003.580066908198,6990.219229140815,8012.967500638328,155206.2258000693,233363.97390964086,-2841.1749783189252,-3745.911330360162,-4048.7113773562924,-6035.350539588909,-147193.25829943098,-225351.00640900253,0.0,0.0,/Users/dawid/Library/Mobile Documents/com~apple~CloudDocs/Dokumenty/Publikacje własne/Manuscripts/Quantum_interference/data/P1-C45_wedm_zgru_1prz.sur,5134.75080295226,810.0000000000001,809.0,532.0,655289.9999999508,Steel C45,C45,classical,256,256,1,P1,P1-C45_wedm_zgru_1prz,area,Wire EDM (roughing),wedm_zgru_1prz,simple
3619.192961789214,3569.9070838506477,4474.643435891885,5052.547649833895,5003.580066908198,6990.219229140815,154629.14345203235,155206.2258000693,233363.97390964086,49.28587793856673,-855.4504741026703,48.96758292569712,-1937.6715793069195,-577.08234803695,-78734.8304576085,0.0,0.0,/Users/dawid/Library/Mobile Documents/com~apple~CloudDocs/Dokumenty/Publikacje własne/Manuscripts/Quantum_interference/data/P1-C45_wedm_zgru_1prz.sur,712.5162311987723,810.0000000000001,809.0,532.0,655289.9999999508,Steel C45,C45,quantum_like,256,256,1,P1,P1-C45_wedm_zgru_1prz,area,Wire EDM (roughing),wedm_zgru_1prz,simple
1952.192904860593,3569.9070838506477,4474.643435891885,2650.9603863872185,5003.580066908198,6990.219229140815,38112.84851235615,155206.2258000693,233363.97390964086,-1617.7141789900547,-2522.4505310312916,-2352.6196805209797,-4339.258842753597,-117093.37728771317,-195251.12539728472,0.0,0.0,/Users/dawid/Library/Mobile Documents/com~apple~CloudDocs/Dokumenty/Publikacje własne/Manuscripts/Quantum_interference/data/P1-C45_wedm_zgru_1prz.sur,3468.731717674269,810.0000000000001,809.0,532.0,655289.9999999508,Steel C45,C45,hybrid,256,256,1,P1,P1-C45_wedm_zgru_1prz,area,Wire EDM (roughing),wedm_zgru_1prz,simple
723.3178755401697,3569.9070838506477,4474.643435891885,952.9131897134525,5003.580066908198,6990.219229140815,8537.470610189666,155206.2258000693,233363.97390964086,-2846.589208310478,-3751.3255603517146,-4050.6668771947457,-6037.3060394273625,-146668.75518987965,-224826.5032994512,0.0,0.0,/Users/dawid/Library/Mobile Documents/com~apple~CloudDocs/Dokumenty/Publikacje własne/Manuscripts/Quantum_interference/data/P1-C45_wedm_zgru_1prz.sur,5132.225331916162,810.0000000000001,809.0,532.0,655289.9999999508,Steel C45,C45,classical,256,256,2,P1,P1-C45_wedm_zgru_1prz,area,Wire EDM (roughing),wedm_zgru_1prz,simple
3620.728881514008,3569.9070838506477,4474.643435891885,5054.915998580066,5003.580066908198,6990.219229140815,154614.74512454585,155206.2258000693,233363.97390964086,50.82179766336082,-853.9145543778762,51.33593167186806,-1935.3032305607485,-591.4806755234541,-78749.22878509501,0.0,0.0,/Users/dawid/Library/Mobile Documents/com~apple~CloudDocs/Dokumenty/Publikacje własne/Manuscripts/Quantum_interference/data/P1-C45_wedm_zgru_1prz.sur,711.9375081064679,810.0000000000001,809.0,532.0,655289.9999999508,Steel C45,C45,quantum_like,256,256,2,P1,P1-C45_wedm_zgru_1prz,area,Wire EDM (roughing),wedm_zgru_1prz,simple
1951.299470624667,3569.9070838506477,4474.643435891885,2649.4304883815767,5003.580066908198,6990.219229140815,38391.55546347851,155206.2258000693,233363.97390964086,-1618.6076132259805,-2523.3439652672173,-2354.1495785266216,-4340.788740759238,-116814.6703365908,-194972.41844616234,0.0,0.0,/Users/dawid/Library/Mobile Documents/com~apple~CloudDocs/Dokumenty/Publikacje własne/Manuscripts/Quantum_interference/data/P1-C45_wedm_zgru_1prz.sur,3469.2205779504943,810.0000000000001,809.0,532.0,655289.9999999508,Steel C45,C45,hybrid,256,256,2,P1,P1-C45_wedm_zgru_1prz,area,Wire EDM (roughing),wedm_zgru_1prz,simple
722.8450295355386,3569.9070838506477,4474.643435891885,948.0509613762938,5003.580066908198,6990.219229140815,8074.592482679848,155206.2258000693,233363.97390964086,-2847.062054315109,-3751.7984063563463,-4055.529105531904,-6042.16826776452,-147131.63331738947,-225289.38142696102,0.0,0.0,/Users/dawid/Library/Mobile Documents/com~apple~CloudDocs/Dokumenty/Publikacje własne/Manuscripts/Quantum_interference/data/P1-C45_wedm_zgru_1prz.sur,5131.522997291707,810.0000000000001,809.0,532.0,655289.9999999508,Steel C45,C45,classical,256,256,3,P1,P1-C45_wedm_zgru_1prz,area,Wire EDM (roughing),wedm_zgru_1prz,simple
3616.369895335089,3569.9070838506477,4474.643435891885,5053.141461697738,5003.580066908198,6990.219229140815,153934.56458311083,155206.2258000693,233363.97390964086,46.46281148444164,-858.2735405567954,49.561394789539584,-1937.077767443077,-1271.6612169584737,-79429.40932653003,0.0,0.0,/Users/dawid/Library/Mobile Documents/com~apple~CloudDocs/Dokumenty/Publikacje własne/Manuscripts/Quantum_interference/data/P1-C45_wedm_zgru_1prz.sur,709.2318757312358,810.0000000000001,809.0,532.0,655289.9999999508,Steel C45,C45,quantum_like,256,256,3,P1,P1-C45_wedm_zgru_1prz,area,Wire EDM (roughing),wedm_zgru_1prz,simple
1951.8339132957435,3569.9070838506477,4474.643435891885,2651.2495014620617,5003.580066908198,6990.219229140815,38111.86719221108,155206.2258000693,233363.97390964086,-1618.073170554904,-2522.809522596141,-2352.3305654461365,-4338.969727678753,-117094.35860785823,-195252.1067174298,0.0,0.0,/Users/dawid/Library/Mobile Documents/com~apple~CloudDocs/Dokumenty/Publikacje własne/Manuscripts/Quantum_interference/data/P1-C45_wedm_zgru_1prz.sur,3469.1942689632247,810.0000000000001,809.0,532.0,655289.9999999508,Steel C45,C45,hybrid,256,256,3,P1,P1-C45_wedm_zgru_1prz,area,Wire EDM (roughing),wedm_zgru_1prz,simple
152.15241940129553,20.57608432054199,27.297418640221498,202.0598417059906,31.732911762796896,52.32595042339795,1758.1546786363192,644.9031710672818,1708.9317205210828,131.57633508075355,124.85500076107402,170.3269299431937,149.73389128259268,1113.2515075690374,49.222958115236445,0.0,0.0,/Users/dawid/Library/Mobile Documents/com~apple~CloudDocs/Dokumenty/Publikacje własne/Manuscripts/Quantum_interference/data/P1-ELLOR_frez_wyk.sur,201.6241822299337,810.0000000000001,809.0,532.0,655289.9999999508,Graphite,ELLOR,classical,256,256,0,P1,P1-ELLOR_frez_wyk,area,Milling (finishing),frez_wyk,simple
565.3154927254947,20.57608432054199,27.297418640221498,709.911798300191,31.732911762796896,52.32595042339795,6457.255577048589,644.9031710672818,1708.9317205210828,544.7394084049527,538.0180740852732,678.1788865373941,657.5858478767931,5812.352405981307,4748.323856527506,0.0,0.0,/Users/dawid/Library/Mobile Documents/com~apple~CloudDocs/Dokumenty/Publikacje własne/Manuscripts/Quantum_interference/data/P1-ELLOR_frez_wyk.sur,709.2149068024491,810.0000000000001,809.0,532.0,655289.9999999508,Graphite,ELLOR,quantum_like,256,256,0,P1,P1-ELLOR_frez_wyk,area,Milling (finishing),frez_wyk,simple
97.19412646019929,20.57608432054199,27.297418640221498,151.8498580912319,31.732911762796896,52.32595042339795,1193.85506453876,644.9031710672818,1708.9317205210828,76.61804213965729,69.89670781997779,120.11694632843499,99.52390766783395,548.9518934714781,-515.0766559823228,0.0,0.0,/Users/dawid/Library/Mobile Documents/com~apple~CloudDocs/Dokumenty/Publikacje własne/Manuscripts/Quantum_interference/data/P1-ELLOR_frez_wyk.sur,153.08625380897954,810.0000000000001,809.0,532.0,655289.9999999508,Graphite,ELLOR,hybrid,256,256,0,P1,P1-ELLOR_frez_wyk,area,Milling (finishing),frez_wyk,simple
153.31534047212278,20.57608432054199,27.297418640221498,205.02223822187537,31.732911762796896,52.32595042339795,1759.9450123097542,644.9031710672818,1708.9317205210828,132.7392561515808,126.01792183190128,173.28932645907847,152.69628779847744,1115.0418412424724,51.01329178867159,0.0,0.0,/Users/dawid/Library/Mobile Documents/com~apple~CloudDocs/Dokumenty/Publikacje własne/Manuscripts/Quantum_interference/data/P1-ELLOR_frez_wyk.sur,204.59444079857178,810.0000000000001,809.0,532.0,655289.9999999508,Graphite,ELLOR,classical,256,256,1,P1,P1-ELLOR_frez_wyk,area,Milling (finishing),frez_wyk,simple
565.8884226695941,20.57608432054199,27.297418640221498,709.5478435639161,31.732911762796896,52.32595042339795,6035.732524553745,644.9031710672818,1708.9317205210828,545.3123383490522,538.5910040293727,677.8149318011192,657.2218931405182,5390.829353486463,4326.800804032662,0.0,0.0,/Users/dawid/Library/Mobile Documents/com~apple~CloudDocs/Dokumenty/Publikacje własne/Manuscripts/Quantum_interference/data/P1-ELLOR_frez_wyk.sur,708.9047538505808,810.0000000000001,809.0,532.0,655289.9999999508,Graphite,ELLOR,quantum_like,256,256,1,P1,P1-ELLOR_frez_wyk,area,Milling (finishing),frez_wyk,simple
99.69080824221173,20.57608432054199,27.297418640221498,153.71838204454022,31.732911762796896,52.32595042339795,1513.37838448859,644.9031710672818,1708.9317205210828,79.11472392166974,72.39338960199022,121.98547028174333,101.39243162114228,868.475213421308,-195.55333603249284,0.0,0.0,/Users/dawid/Library/Mobile Documents/com~apple~CloudDocs/Dokumenty/Publikacje własne/Manuscripts/Quantum_interference/data/P1-ELLOR_frez_wyk.sur,155.19844846381287,810.0000000000001,809.0,532.0,655289.9999999508,Graphite,ELLOR,hybrid,256,256,1,P1,P1-ELLOR_frez_wyk,area,Milling (finishing),frez_wyk,simple
153.05588839186078,20.57608432054199,27.297418640221498,204.30162198716906,31.732911762796896,52.32595042339795,1757.1606493368508,644.9031710672818,1708.9317205210828,132.47980407131877,125.75846975163927,172.56871022437215,151.97567156377107,1112.257478269569,48.228928815768036,0.0,0.0,/Users/dawid/Library/Mobile Documents/com~apple~CloudDocs/Dokumenty/Publikacje własne/Manuscripts/Quantum_interference/data/P1-ELLOR_frez_wyk.sur,203.83341886681143,810.0000000000001,809.0,532.0,655289.9999999508,Graphite,ELLOR,classical,256,256,2,P1,P1-ELLOR_frez_wyk,area,Milling (finishing),frez_wyk,simple
567.8057399141959,20.57608432054199,27.297418640221498,710.7302265656881,31.732911762796896,52.32595042339795,5951.041805603499,644.9031710672818,1708.9317205210828,547.229655593654,540.5083212739745,678.9973148028912,658.4042761422902,5306.138634536217,4242.110085082416,0.0,0.0,/Users/dawid/Library/Mobile Documents/com~apple~CloudDocs/Dokumenty/Publikacje własne/Manuscripts/Quantum_interference/data/P1-ELLOR_frez_wyk.sur,709.922154080163,810.0000000000001,809.0,532.0,655289.9999999508,Graphite,ELLOR,quantum_like,256,256,2,P1,P1-ELLOR_frez_wyk,area,Milling (finishing),frez_wyk,simple
102.31474805146014,20.57608432054199,27.297418640221498,157.14046813345178,31.732911762796896,52.32595042339795,1352.713394789635,644.9031710672818,1708.9317205210828,81.73866373091815,75.01732941123865,125.40755637065487,104.81451771005383,707.810223722353,-356.21832573144786,0.0,0.0,/Users/dawid/Library/Mobile Documents/com~apple~CloudDocs/Dokumenty/Publikacje własne/Manuscripts/Quantum_interference/data/P1-ELLOR_frez_wyk.sur,158.37681419427858,810.0000000000001,809.0,532.0,655289.9999999508,Graphite,ELLOR,hybrid,256,256,2,P1,P1-ELLOR_frez_wyk,area,Milling (finishing),frez_wyk,simple
151.93095342625756,20.57608432054199,27.297418640221498,201.86563727687053,31.732911762796896,52.32595042339795,1544.0098112556857,644.9031710672818,1708.9317205210828,131.35486910571555,124.63353478603605,170.13272551407363,149.5396868534726,899.1066401884038,-164.9219092653971,0.0,0.0,/Users/dawid/Library/Mobile Documents/com~apple~CloudDocs/Dokumenty/Publikacje własne/Manuscripts/Quantum_interference/data/P1-ELLOR_frez_wyk.sur,201.92725968662157,810.0000000000001,809.0,532.0,655289.9999999508,Graphite,ELLOR,classical,256,256,3,P1,P1-ELLOR_frez_wyk,area,Milling (finishing),frez_wyk,simple
568.7510949235519,20.57608432054199,27.297418640221498,712.4977356847892,31.732911762796896,52.32595042339795,5633.924976233246,644.9031710672818,1708.9317205210828,548.1750106030099,541.4536762833304,680.7648239219923,660.1717852613913,4989.021805165964,3924.993255712163,0.0,0.0,/Users/dawid/Library/Mobile Documents/com~apple~CloudDocs/Dokumenty/Publikacje własne/Manuscripts/Quantum_interference/data/P1-ELLOR_frez_wyk.sur,711.5826807595689,810.0000000000001,809.0,532.0,655289.9999999508,Graphite,ELLOR,quantum_like,256,256,3,P1,P1-ELLOR_frez_wyk,area,Milling (finishing),frez_wyk,simple
101.42213889137774,20.57608432054199,27.297418640221498,155.30635492532156,31.732911762796896,52.32595042339795,1384.1197281573466,644.9031710672818,1708.9317205210828,80.84605457083576,74.12472025115625,123.57344316252464,102.9804045019236,739.2165570900647,-324.8119923637362,0.0,0.0,/Users/dawid/Library/Mobile Documents/com~apple~CloudDocs/Dokumenty/Publikacje własne/Manuscripts/Quantum_interference/data/P1-ELLOR_frez_wyk.sur,156.25642096995782,810.0000000000001,809.0,532.0,655289.9999999508,Graphite,ELLOR,hybrid,256,256,3,P1,P1-ELLOR_frez_wyk,area,Milling (finishing),frez_wyk,simple
0.19961012055098384,0.01334088396177543,0.01663394778151025,0.2501302352900118,0.020928418299710188,0.02991984577749072,2.221154790780896,0.3789701745965676,0.8378487410273452,0.1862692365892084,0.18297617276947362,0.22920181699030162,0.2202103895125211,1.8421846161843285,1.383306049753551,0.0,0.0,/Users/dawid/Library/Mobile Documents/com~apple~CloudDocs/Dokumenty/Publikacje własne/Manuscripts/Quantum_interference/data/P1-ELLOR_frez_zgr.sur,0.24926292461215713,810.0000000000001,809.0,532.0,655289.9999999508,Graphite,ELLOR,classical,256,256,0,P1,P1-ELLOR_frez_zgr,area,Milling (roughing),frez_zgr,simple
567.2095140318186,0.01334088396177543,0.01663394778151025,711.0560693496406,0.020928418299710188,0.02991984577749072,5812.981228674764,0.3789701745965676,0.8378487410273452,567.1961731478568,567.1928800840371,711.0351409313408,711.0261495038629,5812.6022585001665,5812.143379933736,0.0,0.0,/Users/dawid/Library/Mobile Documents/com~apple~CloudDocs/Dokumenty/Publikacje własne/Manuscripts/Quantum_interference/data/P1-ELLOR_frez_zgr.sur,711.0561570576203,810.0000000000001,809.0,532.0,655289.9999999508,Graphite,ELLOR,quantum_like,256,256,0,P1,P1-ELLOR_frez_zgr,area,Milling (roughing),frez_zgr,simple
90.43791716823371,0.01334088396177543,0.01663394778151025,153.56922546140135,0.020928418299710188,0.02991984577749072,1088.7805892457918,0.3789701745965676,0.8378487410273452,90.42457628427194,90.42128322045221,153.54829704310166,153.53930561562387,1088.4016190711952,1087.9427405047645,0.0,0.0,/Users/dawid/Library/Mobile Documents/com~apple~CloudDocs/Dokumenty/Publikacje własne/Manuscripts/Quantum_interference/data/P1-ELLOR_frez_zgr.sur,153.56927342658182,810.0000000000001,809.0,532.0,655289.9999999508,Graphite,ELLOR,hybrid,256,256,0,P1,P1-ELLOR_frez_zgr,area,Milling (roughing),frez_zgr,simple
0.19935898652235323,0.01334088396177543,0.01663394778151025,0.24983786199614255,0.020928418299710188,0.02991984577749072,2.1429434358935198,0.3789701745965676,0.8378487410273452,0.1860181025605778,0.18272503874084298,0.22890944369643237,0.2199180162186518,1.7639732612969523,1.3050946948661746,0.0,0.0,/Users/dawid/Library/Mobile Documents/com~apple~CloudDocs/Dokumenty/Publikacje własne/Manuscripts/Quantum_interference/data/P1-ELLOR_frez_zgr.sur,0.2491072730657352,810.0000000000001,809.0,532.0,655289.9999999508,Graphite,ELLOR,classical,256,256,1,P1,P1-ELLOR_frez_zgr,area,Milling (roughing),frez_zgr,simple
567.241691217103,0.01334088396177543,0.01663394778151025,710.8567373207432,0.020928418299710188,0.02991984577749072,6502.129148394745,0.3789701745965676,0.8378487410273452,567.2283503331412,567.2250572693215,710.8358089024434,710.8268174749655,6501.750178220149,6501.291299653718,0.0,0.0,/Users/dawid/Library/Mobile Documents/com~apple~CloudDocs/Dokumenty/Publikacje własne/Manuscripts/Quantum_interference/data/P1-ELLOR_frez_zgr.sur,710.8566750390673,810.0000000000001,809.0,532.0,655289.9999999508,Graphite,ELLOR,quantum_like,256,256,1,P1,P1-ELLOR_frez_zgr,area,Milling (roughing),frez_zgr,simple
92.10564677880848,0.01334088396177543,0.01663394778151025,155.1594005480077,0.020928418299710188,0.02991984577749072,1335.8817762271635,0.3789701745965676,0.8378487410273452,92.0923058948467,92.08901283102696,155.138472129708,155.1294807022302,1335.502806052567,1335.0439274861362,0.0,0.0,/Users/dawid/Library/Mobile Documents/com~apple~CloudDocs/Dokumenty/Publikacje własne/Manuscripts/Quantum_interference/data/P1-ELLOR_frez_zgr.sur,155.15923785827053,810.0000000000001,809.0,532.0,655289.9999999508,Graphite,ELLOR,hybrid,256,256,1,P1,P1-ELLOR_frez_zgr,area,Milling (roughing),frez_zgr,simple
0.1994546698708286,0.01334088396177543,0.01663394778151025,0.25050642666284917,0.020928418299710188,0.02991984577749072,2.0971540887443796,0.3789701745965676,0.8378487410273452,0.18611378590905317,0.18282072208931835,0.229578008363139,0.22058658088535846,1.7181839141478121,1.2593053477170344,0.0,0.0,/Users/dawid/Library/Mobile Documents/com~apple~CloudDocs/Dokumenty/Publikacje własne/Manuscripts/Quantum_interference/data/P1-ELLOR_frez_zgr.sur,0.2495557311946144,810.0000000000001,809.0,532.0,655289.9999999508,Graphite,ELLOR,classical,256,256,2,P1,P1-ELLOR_frez_zgr,area,Milling (roughing),frez_zgr,simple
566.4560549574894,0.01334088396177543,0.01663394778151025,709.6702501141959,0.020928418299710188,0.02991984577749072,5861.077629918614,0.3789701745965676,0.8378487410273452,566.4427140735276,566.4394210097079,709.6493216958962,709.6403302684184,5860.698659744016,5860.239781177586,0.0,0.0,/Users/dawid/Library/Mobile Documents/com~apple~CloudDocs/Dokumenty/Publikacje własne/Manuscripts/Quantum_interference/data/P1-ELLOR_frez_zgr.sur,709.6702710071526,810.0000000000001,809.0,532.0,655289.9999999508,Graphite,ELLOR,quantum_like,256,256,2,P1,P1-ELLOR_frez_zgr,area,Milling (roughing),frez_zgr,simple
90.46318948752948,0.01334088396177543,0.01663394778151025,152.0424385486462,0.020928418299710188,0.02991984577749072,1075.2794739940698,0.3789701745965676,0.8378487410273452,90.4498486035677,90.44655553974796,152.02151013034648,152.0125187028687,1074.9005038194734,1074.4416252530425,0.0,0.0,/Users/dawid/Library/Mobile Documents/com~apple~CloudDocs/Dokumenty/Publikacje własne/Manuscripts/Quantum_interference/data/P1-ELLOR_frez_zgr.sur,152.04245866443733,810.0000000000001,809.0,532.0,655289.9999999508,Graphite,ELLOR,hybrid,256,256,2,P1,P1-ELLOR_frez_zgr,area,Milling (roughing),frez_zgr,simple
0.19917071403400524,0.01334088396177543,0.01663394778151025,0.24993346755004175,0.020928418299710188,0.02991984577749072,2.224469207595057,0.3789701745965676,0.8378487410273452,0.1858298300722298,0.182536766252495,0.22900504925033158,0.22001362177255104,1.8454990329984895,1.3866204665677118,0.0,0.0,/Users/dawid/Library/Mobile Documents/com~apple~CloudDocs/Dokumenty/Publikacje własne/Manuscripts/Quantum_interference/data/P1-ELLOR_frez_zgr.sur,0.24901094872436527,810.0000000000001,809.0,532.0,655289.9999999508,Graphite,ELLOR,classical,256,256,3,P1,P1-ELLOR_frez_zgr,area,Milling (roughing),frez_zgr,simple
564.3006451094791,0.01334088396177543,0.01663394778151025,707.9523762381366,0.020928418299710188,0.02991984577749072,6477.088262412984,0.3789701745965676,0.8378487410273452,564.2873042255172,564.2840111616975,707.9314478198369,707.9224563923591,6476.709292238387,6476.250413671956,0.0,0.0,/Users/dawid/Library/Mobile Documents/com~apple~CloudDocs/Dokumenty/Publikacje własne/Manuscripts/Quantum_interference/data/P1-ELLOR_frez_zgr.sur,707.9523197187385,810.0000000000001,809.0,532.0,655289.9999999508,Graphite,ELLOR,quantum_like,256,256,3,P1,P1-ELLOR_frez_zgr,area,Milling (roughing),frez_zgr,simple
91.38831652265281,0.01334088396177543,0.01663394778151025,153.54178250424823,0.020928418299710188,0.02991984577749072,1092.093358959781,0.3789701745965676,0.8378487410273452,91.37497563869104,91.37168257487131,153.5208540859485,153.51186265847073,1091.7143887851844,1091.2555102187537,0.0,0.0,/Users/dawid/Library/Mobile Documents/com~apple~CloudDocs/Dokumenty/Publikacje własne/Manuscripts/Quantum_interference/data/P1-ELLOR_frez_zgr.sur,153.54185171228892,810.0000000000001,809.0,532.0,655289.9999999508,Graphite,ELLOR,hybrid,256,256,3,P1,P1-ELLOR_frez_zgr,area,Milling (roughing),frez_zgr,simple
654.7729090663637,1787165.7870731056,2018004.8643047118,866.017814639629,2641894.4982416346,3090351.901157858,8106.270109926933,36281268.04227555,61174725.89370246,-1786511.0141640392,-2017350.0913956456,-2641028.480426995,-3089485.8833432184,-36273161.77216562,-61166619.62359254,0.0,0.0,/Users/dawid/Library/Mobile Documents/com~apple~CloudDocs/Dokumenty/Publikacje własne/Manuscripts/Quantum_interference/data/P1-ELLOR_t_zgrub.sur,2641899.0363427843,810.0000000000001,809.0,532.0,655289.9999999508,Graphite,ELLOR,classical,256,256,0,P1,P1-ELLOR_t_zgrub,area,Turning (roughing),t_zgrub,simple
894098.0042379708,1787165.7870731056,2018004.8643047118,1149205.7214691064,2641894.4982416346,3090351.901157858,9989226.996765785,36281268.04227555,61174725.89370246,-893067.7828351347,-1123906.860066741,-1492688.7767725282,-1941146.1796887515,-26292041.045509763,-51185498.89693668,0.0,0.0,/Users/dawid/Library/Mobile Documents/com~apple~CloudDocs/Dokumenty/Publikacje własne/Manuscripts/Quantum_interference/data/P1-ELLOR_t_zgrub.sur,2880745.2887039115,810.0000000000001,809.0,532.0,655289.9999999508,Graphite,ELLOR,quantum_like,256,256,0,P1,P1-ELLOR_t_zgrub,area,Turning (roughing),t_zgrub,simple
521189.714374969,1787165.7870731056,2018004.8643047118,658818.3272106798,2641894.4982416346,3090351.901157858,5046980.271715214,36281268.04227555,61174725.89370246,-1265976.0726981363,-1496815.149929743,-1983076.171030955,-2431533.573947178,-31234287.770560335,-56127745.62198725,0.0,0.0,/Users/dawid/Library/Mobile Documents/com~apple~CloudDocs/Dokumenty/Publikacje własne/Manuscripts/Quantum_interference/data/P1-ELLOR_t_zgrub.sur,2727516.088040034,810.0000000000001,809.0,532.0,655289.9999999508,Graphite,ELLOR,hybrid,256,256,0,P1,P1-ELLOR_t_zgrub,area,Turning (roughing),t_zgrub,simple
656.9151863138002,1787165.7870731056,2018004.8643047118,865.9921989026276,2641894.4982416346,3090351.901157858,8108.00286095255,36281268.04227555,61174725.89370246,-1786508.8718867917,-2017347.9491183981,-2641028.506042732,-3089485.908958955,-36273160.03941459,-61166617.890841514,0.0,0.0,/Users/dawid/Library/Mobile Documents/com~apple~CloudDocs/Dokumenty/Publikacje własne/Manuscripts/Quantum_interference/data/P1-ELLOR_t_zgrub.sur,2641899.085353145,810.0000000000001,809.0,532.0,655289.9999999508,Graphite,ELLOR,classical,256,256,1,P1,P1-ELLOR_t_zgrub,area,Turning (roughing),t_zgrub,simple
942454.9458538711,1787165.7870731056,2018004.8643047118,1199069.742424925,2641894.4982416346,3090351.901157858,10430325.845632628,36281268.04227555,61174725.89370246,-844710.8412192345,-1075549.9184508407,-1442824.7558167097,-1891282.1587329328,-25850942.196642924,-50744400.048069835,0.0,0.0,/Users/dawid/Library/Mobile Documents/com~apple~CloudDocs/Dokumenty/Publikacje własne/Manuscripts/Quantum_interference/data/P1-ELLOR_t_zgrub.sur,2905979.572956167,810.0000000000001,809.0,532.0,655289.9999999508,Graphite,ELLOR,quantum_like,256,256,1,P1,P1-ELLOR_t_zgrub,area,Turning (roughing),t_zgrub,simple
603516.7805432355,1787165.7870731056,2018004.8643047118,748172.1065160561,2641894.4982416346,3090351.901157858,5286565.738608797,36281268.04227555,61174725.89370246,-1183649.0065298702,-1414488.0837614762,-1893722.3917255786,-2342179.7946418016,-30994702.30366675,-55888160.15509367,0.0,0.0,/Users/dawid/Library/Mobile Documents/com~apple~CloudDocs/Dokumenty/Publikacje własne/Manuscripts/Quantum_interference/data/P1-ELLOR_t_zgrub.sur,2755612.725231718,810.0000000000001,809.0,532.0,655289.9999999508,Graphite,ELLOR,hybrid,256,256,1,P1,P1-ELLOR_t_zgrub,area,Turning (roughing),t_zgrub,simple
658.7585553295756,1787165.7870731056,2018004.8643047118,865.9974853028543,2641894.4982416346,3090351.901157858,7995.1319641104055,36281268.04227555,61174725.89370246,-1786507.028517776,-2017346.1057493824,-2641028.5007563317,-3089485.903672555,-36273272.91031144,-61166730.76173835,0.0,0.0,/Users/dawid/Library/Mobile Documents/com~apple~CloudDocs/Dokumenty/Publikacje własne/Manuscripts/Quantum_interference/data/P1-ELLOR_t_zgrub.sur,2641898.650194383,810.0000000000001,809.0,532.0,655289.9999999508,Graphite,ELLOR,classical,256,256,2,P1,P1-ELLOR_t_zgrub,area,Turning (roughing),t_zgrub,simple
888220.2294169622,1787165.7870731056,2018004.8643047118,1138507.4525882155,2641894.4982416346,3090351.901157858,9951999.484362617,36281268.04227555,61174725.89370246,-898945.5576561433,-1129784.6348877496,-1503387.0456534193,-1951844.4485696424,-26329268.557912935,-51222726.40933985,0.0,0.0,/Users/dawid/Library/Mobile Documents/com~apple~CloudDocs/Dokumenty/Publikacje własne/Manuscripts/Quantum_interference/data/P1-ELLOR_t_zgrub.sur,2879308.5724534127,810.0000000000001,809.0,532.0,655289.9999999508,Graphite,ELLOR,quantum_like,256,256,2,P1,P1-ELLOR_t_zgrub,area,Turning (roughing),t_zgrub,simple
523326.4735492315,1787165.7870731056,2018004.8643047118,657890.5844215637,2641894.4982416346,3090351.901157858,4941116.204687542,36281268.04227555,61174725.89370246,-1263839.3135238742,-1494678.3907554804,-1984003.9138200711,-2432461.3167362944,-31340151.83758801,-56233609.68901493,0.0,0.0,/Users/dawid/Library/Mobile Documents/com~apple~CloudDocs/Dokumenty/Publikacje własne/Manuscripts/Quantum_interference/data/P1-ELLOR_t_zgrub.sur,2729692.9516948396,810.0000000000001,809.0,532.0,655289.9999999508,Graphite,ELLOR,hybrid,256,256,2,P1,P1-ELLOR_t_zgrub,area,Turning (roughing),t_zgrub,simple
662.3359521626446,1787165.7870731056,2018004.8643047118,870.0842589780095,2641894.4982416346,3090351.901157858,8256.880949261562,36281268.04227555,61174725.89370246,-1786503.451120943,-2017342.5283525493,-2641024.413982657,-3089481.81689888,-36273011.16132629,-61166469.0127532,0.0,0.0,/Users/dawid/Library/Mobile Documents/com~apple~CloudDocs/Dokumenty/Publikacje własne/Manuscripts/Quantum_interference/data/P1-ELLOR_t_zgrub.sur,2641899.2591886255,810.0000000000001,809.0,532.0,655289.9999999508,Graphite,ELLOR,classical,256,256,3,P1,P1-ELLOR_t_zgrub,area,Turning (roughing),t_zgrub,simple
882394.9700614389,1787165.7870731056,2018004.8643047118,1128099.1215384079,2641894.4982416346,3090351.901157858,9784944.704197243,36281268.04227555,61174725.89370246,-904770.8170116667,-1135609.894243273,-1513795.376703227,-1962252.77961945,-26496323.33807831,-51389781.18950523,0.0,0.0,/Users/dawid/Library/Mobile Documents/com~apple~CloudDocs/Dokumenty/Publikacje własne/Manuscripts/Quantum_interference/data/P1-ELLOR_t_zgrub.sur,2875214.5795529513,810.0000000000001,809.0,532.0,655289.9999999508,Graphite,ELLOR,quantum_like,256,256,3,P1,P1-ELLOR_t_zgrub,area,Turning (roughing),t_zgrub,simple
520290.62114914326,1787165.7870731056,2018004.8643047118,658286.5258679254,2641894.4982416346,3090351.901157858,5096655.6741161505,36281268.04227555,61174725.89370246,-1266875.1659239624,-1497714.2431555686,-1983607.9723737093,-2432065.3752899324,-31184612.3681594,-56078070.21958631,0.0,0.0,/Users/dawid/Library/Mobile Documents/com~apple~CloudDocs/Dokumenty/Publikacje własne/Manuscripts/Quantum_interference/data/P1-ELLOR_t_zgrub.sur,2729454.1541601233,810.0000000000001,809.0,532.0,655289.9999999508,Graphite,ELLOR,hybrid,256,256,3,P1,P1-ELLOR_t_zgrub,area,Turning (roughing),t_zgrub,simple
721.564930589024,949.3128362506651,1288.9111898407098,957.7948715416125,1493.174789438539,2635.0106342366944,8099.88379022937,28667.810212091194,94762.18475820428,-227.74790566164114,-567.3462592516858,-535.3799178969265,-1677.215762695082,-20567.926421861823,-86662.30096797491,0.0,0.0,/Users/dawid/Library/Mobile Documents/com~apple~CloudDocs/Dokumenty/Publikacje własne/Manuscripts/Quantum_interference/data/P1-ELLOR_wedm_wyk.sur,1753.908684315117,810.0000000000001,809.0,532.0,655289.9999999508,Graphite,ELLOR,classical,256,256,0,P1,P1-ELLOR_wedm_wyk,area,Wire EDM (finishing),wedm_wyk,simple
1123.0557547509936,949.3128362506651,1288.9111898407098,1653.8890829243578,1493.174789438539,2635.0106342366944,31040.442875724253,28667.810212091194,94762.18475820428,173.74291850032856,-165.85543508971602,160.714293485819,-981.1215513123366,2372.632663633061,-63721.74188248003,0.0,0.0,/Users/dawid/Library/Mobile Documents/com~apple~CloudDocs/Dokumenty/Publikacje własne/Manuscripts/Quantum_interference/data/P1-ELLOR_wedm_wyk.sur,708.1877288066976,810.0000000000001,809.0,532.0,655289.9999999508,Graphite,ELLOR,quantum_like,256,256,0,P1,P1-ELLOR_wedm_wyk,area,Wire EDM (finishing),wedm_wyk,simple
504.3432776598529,949.3128362506651,1288.9111898407098,705.1024465154486,1493.174789438539,2635.0106342366944,12951.558102572068,28667.810212091194,94762.18475820428,-444.96955859081226,-784.5679121808569,-788.0723429230903,-1929.9081877212461,-15716.252109519122,-81810.62665563222,0.0,0.0,/Users/dawid/Library/Mobile Documents/com~apple~CloudDocs/Dokumenty/Publikacje własne/Manuscripts/Quantum_interference/data/P1-ELLOR_wedm_wyk.sur,1142.843629686852,810.0000000000001,809.0,532.0,655289.9999999508,Graphite,ELLOR,hybrid,256,256,0,P1,P1-ELLOR_wedm_wyk,area,Wire EDM (finishing),wedm_wyk,simple
716.0293294229233,949.3128362506651,1288.9111898407098,953.786434463126,1493.174789438539,2635.0106342366944,8094.590056136315,28667.810212091194,94762.18475820428,-233.28350682774183,-572.8818604177864,-539.3883549754129,-1681.2241997735684,-20573.220155954874,-86667.59470206797,0.0,0.0,/Users/dawid/Library/Mobile Documents/com~apple~CloudDocs/Dokumenty/Publikacje własne/Manuscripts/Quantum_interference/data/P1-ELLOR_wedm_wyk.sur,1754.1032337131428,810.0000000000001,809.0,532.0,655289.9999999508,Graphite,ELLOR,classical,256,256,1,P1,P1-ELLOR_wedm_wyk,area,Wire EDM (finishing),wedm_wyk,simple
1124.1149369890668,949.3128362506651,1288.9111898407098,1655.3003611771715,1493.174789438539,2635.0106342366944,30848.401599793095,28667.810212091194,94762.18475820428,174.8021007384016,-164.79625285164298,162.12557173863266,-979.7102730595229,2180.5913877019007,-63913.78315841119,0.0,0.0,/Users/dawid/Library/Mobile Documents/com~apple~CloudDocs/Dokumenty/Publikacje własne/Manuscripts/Quantum_interference/data/P1-ELLOR_wedm_wyk.sur,708.4627346184309,810.0000000000001,809.0,532.0,655289.9999999508,Graphite,ELLOR,quantum_like,256,256,1,P1,P1-ELLOR_wedm_wyk,area,Wire EDM (finishing),wedm_wyk,simple
502.28468156640275,949.3128362506651,1288.9111898407098,701.8303195360445,1493.174789438539,2635.0106342366944,12641.857376961281,28667.810212091194,94762.18475820428,-447.0281546842624,-786.626508274307,-791.3444699024944,-1933.18031470065,-16025.952835129912,-82120.327381243,0.0,0.0,/Users/dawid/Library/Mobile Documents/com~apple~CloudDocs/Dokumenty/Publikacje własne/Manuscripts/Quantum_interference/data/P1-ELLOR_wedm_wyk.sur,1144.0780763244563,810.0000000000001,809.0,532.0,655289.9999999508,Graphite,ELLOR,hybrid,256,256,1,P1,P1-ELLOR_wedm_wyk,area,Wire EDM (finishing),wedm_wyk,simple
722.5843689562985,949.3128362506651,1288.9111898407098,962.7023818167481,1493.174789438539,2635.0106342366944,8104.792744578191,28667.810212091194,94762.18475820428,-226.72846729436662,-566.3268208844112,-530.4724076217908,-1672.3082524199465,-20563.017467513004,-86657.39201362609,0.0,0.0,/Users/dawid/Library/Mobile Documents/com~apple~CloudDocs/Dokumenty/Publikacje własne/Manuscripts/Quantum_interference/data/P1-ELLOR_wedm_wyk.sur,1756.5123487677695,810.0000000000001,809.0,532.0,655289.9999999508,Graphite,ELLOR,classical,256,256,2,P1,P1-ELLOR_wedm_wyk,area,Wire EDM (finishing),wedm_wyk,simple
1117.9331549832243,949.3128362506651,1288.9111898407098,1646.368161910559,1493.174789438539,2635.0106342366944,30972.86671881003,28667.810212091194,94762.18475820428,168.62031873255918,-170.97803485748543,153.1933724720201,-988.6424723261355,2305.0565067188386,-63789.31803939425,0.0,0.0,/Users/dawid/Library/Mobile Documents/com~apple~CloudDocs/Dokumenty/Publikacje własne/Manuscripts/Quantum_interference/data/P1-ELLOR_wedm_wyk.sur,708.9314890511379,810.0000000000001,809.0,532.0,655289.9999999508,Graphite,ELLOR,quantum_like,256,256,2,P1,P1-ELLOR_wedm_wyk,area,Wire EDM (finishing),wedm_wyk,simple
499.2730329173604,949.3128362506651,1288.9111898407098,698.0630092656447,1493.174789438539,2635.0106342366944,12650.109962895844,28667.810212091194,94762.18475820428,-450.0398033333047,-789.6381569233492,-795.1117801728942,-1936.9476249710497,-16017.70024919535,-82112.07479530845,0.0,0.0,/Users/dawid/Library/Mobile Documents/com~apple~CloudDocs/Dokumenty/Publikacje własne/Manuscripts/Quantum_interference/data/P1-ELLOR_wedm_wyk.sur,1143.9982284809475,810.0000000000001,809.0,532.0,655289.9999999508,Graphite,ELLOR,hybrid,256,256,2,P1,P1-ELLOR_wedm_wyk,area,Wire EDM (finishing),wedm_wyk,simple
719.239910557333,949.3128362506651,1288.9111898407098,959.340864019896,1493.174789438539,2635.0106342366944,8105.720035291073,28667.810212091194,94762.18475820428,-230.0729256933321,-569.6712792833767,-533.8339254186428,-1675.6697702167985,-20562.09017680012,-86656.46472291321,0.0,0.0,/Users/dawid/Library/Mobile Documents/com~apple~CloudDocs/Dokumenty/Publikacje własne/Manuscripts/Quantum_interference/data/P1-ELLOR_wedm_wyk.sur,1754.1929140932668,810.0000000000001,809.0,532.0,655289.9999999508,Graphite,ELLOR,classical,256,256,3,P1,P1-ELLOR_wedm_wyk,area,Wire EDM (finishing),wedm_wyk,simple
1120.8395975929525,949.3128362506651,1288.9111898407098,1653.4009858177967,1493.174789438539,2635.0106342366944,30816.666349377232,28667.810212091194,94762.18475820428,171.52676134228744,-168.07159224775714,160.22619637925786,-981.6096484188977,2148.856137286038,-63945.518408827054,0.0,0.0,/Users/dawid/Library/Mobile Documents/com~apple~CloudDocs/Dokumenty/Publikacje własne/Manuscripts/Quantum_interference/data/P1-ELLOR_wedm_wyk.sur,708.9145109605643,810.0000000000001,809.0,532.0,655289.9999999508,Graphite,ELLOR,quantum_like,256,256,3,P1,P1-ELLOR_wedm_wyk,area,Wire EDM (finishing),wedm_wyk,simple
503.5596787236759,949.3128362506651,1288.9111898407098,702.4375791877793,1493.174789438539,2635.0106342366944,12847.306231216364,28667.810212091194,94762.18475820428,-445.75315752698924,-785.3515111170339,-790.7372102507596,-1932.5730550489154,-15820.50398087483,-81914.87852698792,0.0,0.0,/Users/dawid/Library/Mobile Documents/com~apple~CloudDocs/Dokumenty/Publikacje własne/Manuscripts/Quantum_interference/data/P1-ELLOR_wedm_wyk.sur,1144.384605697526,810.0000000000001,809.0,532.0,655289.9999999508,Graphite,ELLOR,hybrid,256,256,3,P1,P1-ELLOR_wedm_wyk,area,Wire EDM (finishing),wedm_wyk,simple
776.1239105538422,1065.6324171939048,1449.8944742396523,1012.8295243811602,1565.3286439144156,2498.4242966125526,8733.947117944255,32513.359859253404,69211.50170978007,-289.5085066400624,-673.77056368581,-552.4991195332555,-1485.5947722313922,-23779.41274130915,-60477.55459183582,0.0,0.0,/Users/dawid/Library/Mobile Documents/com~apple~CloudDocs/Dokumenty/Publikacje własne/Manuscripts/Quantum_interference/data/P1-ELLOR_wedm_zgru_1prz.sur,1865.5904342123417,810.0000000000001,809.0,532.0,655289.9999999508,Graphite,ELLOR,classical,256,256,0,P1,P1-ELLOR_wedm_zgru_1prz,area,Wire EDM (roughing),wedm_zgru_1prz,simple
1214.9880749475692,1065.6324171939048,1449.8944742396523,1713.6899335131825,1565.3286439144156,2498.4242966125526,33897.71747425705,32513.359859253404,69211.50170978007,149.35565775366447,-234.9063992920831,148.36128959876694,-784.7343630993698,1384.3576150036422,-35313.784235523024,0.0,0.0,/Users/dawid/Library/Mobile Documents/com~apple~CloudDocs/Dokumenty/Publikacje własne/Manuscripts/Quantum_interference/data/P1-ELLOR_wedm_zgru_1prz.sur,710.7152752301421,810.0000000000001,809.0,532.0,655289.9999999508,Graphite,ELLOR,quantum_like,256,256,0,P1,P1-ELLOR_wedm_zgru_1prz,area,Wire EDM (roughing),wedm_zgru_1prz,simple
577.1336760050525,1065.6324171939048,1449.8944742396523,773.0728231044532,1565.3286439144156,2498.4242966125526,15177.913494267748,32513.359859253404,69211.50170978007,-488.4987411888522,-872.7607982345997,-792.2558208099624,-1725.3514735080992,-17335.446364985655,-54033.588215512325,0.0,0.0,/Users/dawid/Library/Mobile Documents/com~apple~CloudDocs/Dokumenty/Publikacje własne/Manuscripts/Quantum_interference/data/P1-ELLOR_wedm_zgru_1prz.sur,1168.0098124329488,810.0000000000001,809.0,532.0,655289.9999999508,Graphite,ELLOR,hybrid,256,256,0,P1,P1-ELLOR_wedm_zgru_1prz,area,Wire EDM (roughing),wedm_zgru_1prz,simple
782.783237052147,1065.6324171939048,1449.8944742396523,1017.6390610693967,1565.3286439144156,2498.4242966125526,8467.506185644865,32513.359859253404,69211.50170978007,-282.8491801417577,-667.1112371875053,-547.6895828450189,-1480.7852355431555,-24045.85367360854,-60743.99552413521,0.0,0.0,/Users/dawid/Library/Mobile Documents/com~apple~CloudDocs/Dokumenty/Publikacje własne/Manuscripts/Quantum_interference/data/P1-ELLOR_wedm_zgru_1prz.sur,1867.0248603788073,810.0000000000001,809.0,532.0,655289.9999999508,Graphite,ELLOR,classical,256,256,1,P1,P1-ELLOR_wedm_zgru_1prz,area,Wire EDM (roughing),wedm_zgru_1prz,simple
1220.9255930756647,1065.6324171939048,1449.8944742396523,1720.5032976995094,1565.3286439144156,2498.4242966125526,33982.49406826222,32513.359859253404,69211.50170978007,155.29317588175996,-228.96888116398762,155.17465378509374,-777.920998913043,1469.1342090088108,-35229.007641517856,0.0,0.0,/Users/dawid/Library/Mobile Documents/com~apple~CloudDocs/Dokumenty/Publikacje własne/Manuscripts/Quantum_interference/data/P1-ELLOR_wedm_zgru_1prz.sur,710.3657368674479,810.0000000000001,809.0,532.0,655289.9999999508,Graphite,ELLOR,quantum_like,256,256,1,P1,P1-ELLOR_wedm_zgru_1prz,area,Wire EDM (roughing),wedm_zgru_1prz,simple
579.3508667882338,1065.6324171939048,1449.8944742396523,775.8429538786932,1565.3286439144156,2498.4242966125526,15181.787832118416,32513.359859253404,69211.50170978007,-486.2815504056709,-870.5436074514184,-789.4856900357224,-1722.5813427338594,-17331.572027134986,-54029.71387766165,0.0,0.0,/Users/dawid/Library/Mobile Documents/com~apple~CloudDocs/Dokumenty/Publikacje własne/Manuscripts/Quantum_interference/data/P1-ELLOR_wedm_zgru_1prz.sur,1165.1572065238572,810.0000000000001,809.0,532.0,655289.9999999508,Graphite,ELLOR,hybrid,256,256,1,P1,P1-ELLOR_wedm_zgru_1prz,area,Wire EDM (roughing),wedm_zgru_1prz,simple
778.0139388310561,1065.6324171939048,1449.8944742396523,1015.3088866148512,1565.3286439144156,2498.4242966125526,8457.51922582828,32513.359859253404,69211.50170978007,-287.6184783628486,-671.8805354085962,-550.0197572995644,-1483.1154099977011,-24055.840633425123,-60753.98248395178,0.0,0.0,/Users/dawid/Library/Mobile Documents/com~apple~CloudDocs/Dokumenty/Publikacje własne/Manuscripts/Quantum_interference/data/P1-ELLOR_wedm_zgru_1prz.sur,1867.5094943120014,810.0000000000001,809.0,532.0,655289.9999999508,Graphite,ELLOR,classical,256,256,2,P1,P1-ELLOR_wedm_zgru_1prz,area,Wire EDM (roughing),wedm_zgru_1prz,simple
1220.0292586535575,1065.6324171939048,1449.8944742396523,1718.0491382200605,1565.3286439144156,2498.4242966125526,32994.97275416307,32513.359859253404,69211.50170978007,154.39684145965285,-229.86521558609473,152.7204943056449,-780.3751583924918,481.612894909667,-36216.528955616996,0.0,0.0,/Users/dawid/Library/Mobile Documents/com~apple~CloudDocs/Dokumenty/Publikacje własne/Manuscripts/Quantum_interference/data/P1-ELLOR_wedm_zgru_1prz.sur,707.1200138178349,810.0000000000001,809.0,532.0,655289.9999999508,Graphite,ELLOR,quantum_like,256,256,2,P1,P1-ELLOR_wedm_zgru_1prz,area,Wire EDM (roughing),wedm_zgru_1prz,simple
580.164147633322,1065.6324171939048,1449.8944742396523,777.0791763481959,1565.3286439144156,2498.4242966125526,15360.863587550675,32513.359859253404,69211.50170978007,-485.46826956058266,-869.7303266063302,-788.2494675662197,-1721.3451202643564,-17152.49627170273,-53850.63812222939,0.0,0.0,/Users/dawid/Library/Mobile Documents/com~apple~CloudDocs/Dokumenty/Publikacje własne/Manuscripts/Quantum_interference/data/P1-ELLOR_wedm_zgru_1prz.sur,1165.9887972413621,810.0000000000001,809.0,532.0,655289.9999999508,Graphite,ELLOR,hybrid,256,256,2,P1,P1-ELLOR_wedm_zgru_1prz,area,Wire EDM (roughing),wedm_zgru_1prz,simple
781.9291982257677,1065.6324171939048,1449.8944742396523,1016.2260797008611,1565.3286439144156,2498.4242966125526,8474.321700807708,32513.359859253404,69211.50170978007,-283.70321896813704,-667.9652760138846,-549.1025642135545,-1482.1982169116914,-24039.038158445695,-60737.18000897236,0.0,0.0,/Users/dawid/Library/Mobile Documents/com~apple~CloudDocs/Dokumenty/Publikacje własne/Manuscripts/Quantum_interference/data/P1-ELLOR_wedm_zgru_1prz.sur,1866.294743676577,810.0000000000001,809.0,532.0,655289.9999999508,Graphite,ELLOR,classical,256,256,3,P1,P1-ELLOR_wedm_zgru_1prz,area,Wire EDM (roughing),wedm_zgru_1prz,simple
1215.2819049072948,1065.6324171939048,1449.8944742396523,1717.3522949807696,1565.3286439144156,2498.4242966125526,33455.232571730485,32513.359859253404,69211.50170978007,149.64948771339007,-234.61256933235754,152.02365106635392,-781.0720016317828,941.8727124770832,-35756.26913804958,0.0,0.0,/Users/dawid/Library/Mobile Documents/com~apple~CloudDocs/Dokumenty/Publikacje własne/Manuscripts/Quantum_interference/data/P1-ELLOR_wedm_zgru_1prz.sur,708.3199326572449,810.0000000000001,809.0,532.0,655289.9999999508,Graphite,ELLOR,quantum_like,256,256,3,P1,P1-ELLOR_wedm_zgru_1prz,area,Wire EDM (roughing),wedm_zgru_1prz,simple
579.5994496129133,1065.6324171939048,1449.8944742396523,775.9539798669097,1565.3286439144156,2498.4242966125526,15428.688423144475,32513.359859253404,69211.50170978007,-486.03296758099134,-870.295024626739,-789.3746640475059,-1722.4703167456425,-17084.67143610893,-53782.813286635595,0.0,0.0,/Users/dawid/Library/Mobile Documents/com~apple~CloudDocs/Dokumenty/Publikacje własne/Manuscripts/Quantum_interference/data/P1-ELLOR_wedm_zgru_1prz.sur,1166.2855239506594,810.0000000000001,809.0,532.0,655289.9999999508,Graphite,ELLOR,hybrid,256,256,3,P1,P1-ELLOR_wedm_zgru_1prz,area,Wire EDM (roughing),wedm_zgru_1prz,simple
371.85183390246976,365.53903232290645,371.232885286238,479.9300955395662,419.12377625567063,433.87656132110186,4186.928109907202,3473.2955761941603,10944.451287199645,6.312801579563346,0.618948616231779,60.80631928389555,46.05353421846433,713.6325337130424,-6757.523177292443,0.0,0.0,/Users/dawid/Library/Mobile Documents/com~apple~CloudDocs/Dokumenty/Publikacje własne/Manuscripts/Quantum_interference/data/P1-MO58A_frez_wyk.sur,525.2115478388116,810.0000000000001,809.0,532.0,655289.9999999508,Brass,MO58A,classical,256,256,0,P1,P1-MO58A_frez_wyk,area,Milling (finishing),frez_wyk,simple
656.9790516838538,365.53903232290645,371.232885286238,820.804739813186,419.12377625567063,433.87656132110186,6585.439880758818,3473.2955761941603,10944.451287199645,291.44001936094736,285.7461663976158,401.68096355751527,386.92817849208404,3112.144304564657,-4359.011406440828,0.0,0.0,/Users/dawid/Library/Mobile Documents/com~apple~CloudDocs/Dokumenty/Publikacje własne/Manuscripts/Quantum_interference/data/P1-MO58A_frez_wyk.sur,704.3443171233356,810.0000000000001,809.0,532.0,655289.9999999508,Brass,MO58A,quantum_like,256,256,0,P1,P1-MO58A_frez_wyk,area,Milling (finishing),frez_wyk,simple
376.4881127563994,365.53903232290645,371.232885286238,441.7258269314809,419.12377625567063,433.87656132110186,2525.6272043440144,3473.2955761941603,10944.451287199645,10.94908043349296,5.255227470161393,22.602050675810293,7.849265610379077,-947.6683718501458,-8418.824082855632,0.0,0.0,/Users/dawid/Library/Mobile Documents/com~apple~CloudDocs/Dokumenty/Publikacje własne/Manuscripts/Quantum_interference/data/P1-MO58A_frez_wyk.sur,160.58573634624682,810.0000000000001,809.0,532.0,655289.9999999508,Brass,MO58A,hybrid,256,256,0,P1,P1-MO58A_frez_wyk,area,Milling (finishing),frez_wyk,simple
370.26526787925525,365.53903232290645,371.232885286238,478.747165343819,419.12377625567063,433.87656132110186,4130.195219787124,3473.2955761941603,10944.451287199645,4.72623555634878,-0.967617406982787,59.62338908814835,44.87060402271713,656.8996435929643,-6814.256067412522,0.0,0.0,/Users/dawid/Library/Mobile Documents/com~apple~CloudDocs/Dokumenty/Publikacje własne/Manuscripts/Quantum_interference/data/P1-MO58A_frez_wyk.sur,524.8561775324629,810.0000000000001,809.0,532.0,655289.9999999508,Brass,MO58A,classical,256,256,1,P1,P1-MO58A_frez_wyk,area,Milling (finishing),frez_wyk,simple
659.3673167990427,365.53903232290645,371.232885286238,824.1042711113116,419.12377625567063,433.87656132110186,7009.411122316293,3473.2955761941603,10944.451287199645,293.82828447613616,288.1344315128046,404.9804948556409,390.2277097902097,3536.1155461221324,-3935.040164883353,0.0,0.0,/Users/dawid/Library/Mobile Documents/com~apple~CloudDocs/Dokumenty/Publikacje własne/Manuscripts/Quantum_interference/data/P1-MO58A_frez_wyk.sur,710.6839140347191,810.0000000000001,809.0,532.0,655289.9999999508,Brass,MO58A,quantum_like,256,256,1,P1,P1-MO58A_frez_wyk,area,Milling (finishing),frez_wyk,simple
374.25155380936894,365.53903232290645,371.232885286238,438.2061759975667,419.12377625567063,433.87656132110186,2628.5868279735982,3473.2955761941603,10944.451287199645,8.712521486462526,3.0186685231309585,19.082399741896044,4.329614676464827,-844.708748220562,-8315.864459226046,0.0,0.0,/Users/dawid/Library/Mobile Documents/com~apple~CloudDocs/Dokumenty/Publikacje własne/Manuscripts/Quantum_interference/data/P1-MO58A_frez_wyk.sur,162.36955536257645,810.0000000000001,809.0,532.0,655289.9999999508,Brass,MO58A,hybrid,256,256,1,P1,P1-MO58A_frez_wyk,area,Milling (finishing),frez_wyk,simple
373.7116202163039,365.53903232290645,371.232885286238,481.2029029908833,419.12377625567063,433.87656132110186,4133.476417780131,3473.2955761941603,10944.451287199645,8.17258789339748,2.4787349300659125,62.079126735212625,47.32634166978141,660.1808415859705,-6810.974869419515,0.0,0.0,/Users/dawid/Library/Mobile Documents/com~apple~CloudDocs/Dokumenty/Publikacje własne/Manuscripts/Quantum_interference/data/P1-MO58A_frez_wyk.sur,526.3424822859125,810.0000000000001,809.0,532.0,655289.9999999508,Brass,MO58A,classical,256,256,2,P1,P1-MO58A_frez_wyk,area,Milling (finishing),frez_wyk,simple
658.5175342586833,365.53903232290645,371.232885286238,824.9173257532166,419.12377625567063,433.87656132110186,7640.52838606103,3473.2955761941603,10944.451287199645,292.9785019357769,287.2846489724453,405.7935494975459,391.04076443211466,4167.23280986687,-3303.922901138616,0.0,0.0,/Users/dawid/Library/Mobile Documents/com~apple~CloudDocs/Dokumenty/Publikacje własne/Manuscripts/Quantum_interference/data/P1-MO58A_frez_wyk.sur,710.6556471097251,810.0000000000001,809.0,532.0,655289.9999999508,Brass,MO58A,quantum_like,256,256,2,P1,P1-MO58A_frez_wyk,area,Milling (finishing),frez_wyk,simple
374.79206444031786,365.53903232290645,371.232885286238,440.0190529165786,419.12377625567063,433.87656132110186,2558.1707185066866,3473.2955761941603,10944.451287199645,9.253032117411413,3.5591791540798456,20.89527666090794,6.142491595476719,-915.1248576874733,-8386.280568692959,0.0,0.0,/Users/dawid/Library/Mobile Documents/com~apple~CloudDocs/Dokumenty/Publikacje własne/Manuscripts/Quantum_interference/data/P1-MO58A_frez_wyk.sur,161.89147363300827,810.0000000000001,809.0,532.0,655289.9999999508,Brass,MO58A,hybrid,256,256,2,P1,P1-MO58A_frez_wyk,area,Milling (finishing),frez_wyk,simple
371.0775583411322,365.53903232290645,371.232885286238,480.1646579349288,419.12377625567063,433.87656132110186,4198.622805487476,3473.2955761941603,10944.451287199645,5.538526018225749,-0.15532694510581838,61.040881679258156,46.28809661382694,725.3272292933161,-6745.828481712169,0.0,0.0,/Users/dawid/Library/Mobile Documents/com~apple~CloudDocs/Dokumenty/Publikacje własne/Manuscripts/Quantum_interference/data/P1-MO58A_frez_wyk.sur,525.2336435360754,810.0000000000001,809.0,532.0,655289.9999999508,Brass,MO58A,classical,256,256,3,P1,P1-MO58A_frez_wyk,area,Milling (finishing),frez_wyk,simple
658.8894504601132,365.53903232290645,371.232885286238,824.2474900488834,419.12377625567063,433.87656132110186,7333.268958770295,3473.2955761941603,10944.451287199645,293.35041813720676,287.65656517387515,405.1237137932128,390.3709287277816,3859.9733825761355,-3611.1823284293505,0.0,0.0,/Users/dawid/Library/Mobile Documents/com~apple~CloudDocs/Dokumenty/Publikacje własne/Manuscripts/Quantum_interference/data/P1-MO58A_frez_wyk.sur,708.4186659158039,810.0000000000001,809.0,532.0,655289.9999999508,Brass,MO58A,quantum_like,256,256,3,P1,P1-MO58A_frez_wyk,area,Milling (finishing),frez_wyk,simple
376.13364633949834,365.53903232290645,371.232885286238,442.9861416311613,419.12377625567063,433.87656132110186,2533.325867249358,3473.2955761941603,10944.451287199645,10.594614016591892,4.900761053260325,23.86236537549061,9.109580310059393,-939.9697089448023,-8411.12541995029,0.0,0.0,/Users/dawid/Library/Mobile Documents/com~apple~CloudDocs/Dokumenty/Publikacje własne/Manuscripts/Quantum_interference/data/P1-MO58A_frez_wyk.sur,164.46810380523164,810.0000000000001,809.0,532.0,655289.9999999508,Brass,MO58A,hybrid,256,256,3,P1,P1-MO58A_frez_wyk,area,Milling (finishing),frez_wyk,simple
661.8376197616358,1551.2293906381824,1635.1765763826413,863.2744011333914,1921.0449903766198,2024.9415456585623,7221.726167650172,11473.279324183392,15746.571803058374,-889.3917708765465,-973.3389566210055,-1057.7705892432284,-1161.667144525171,-4251.55315653322,-8524.845635408203,0.0,0.0,/Users/dawid/Library/Mobile Documents/com~apple~CloudDocs/Dokumenty/Publikacje własne/Manuscripts/Quantum_interference/data/P1-MO58A_frez_zgr.sur,2086.7669994191187,810.0000000000001,809.0,532.0,655289.9999999508,Brass,MO58A,classical,256,256,0,P1,P1-MO58A_frez_zgr,area,Milling (roughing),frez_zgr,simple
1652.905479401729,1551.2293906381824,1635.1765763826413,2048.1413647144027,1921.0449903766198,2024.9415456585623,14061.927737502645,11473.279324183392,15746.571803058374,101.67608876354673,17.728903019087653,127.09637433778298,23.199819055840567,2588.648413319253,-1684.6440655557299,0.0,0.0,/Users/dawid/Library/Mobile Documents/com~apple~CloudDocs/Dokumenty/Publikacje własne/Manuscripts/Quantum_interference/data/P1-MO58A_frez_zgr.sur,710.7566678484433,810.0000000000001,809.0,532.0,655289.9999999508,Brass,MO58A,quantum_like,256,256,0,P1,P1-MO58A_frez_zgr,area,Milling (roughing),frez_zgr,simple
1257.261234133593,1551.2293906381824,1635.1765763826413,1586.3576063027729,1921.0449903766198,2024.9415456585623,9304.74035752591,11473.279324183392,15746.571803058374,-293.96815650458933,-377.9153422490484,-334.687384073847,-438.5839393557894,-2168.538966657481,-6441.8314455324635,0.0,0.0,/Users/dawid/Library/Mobile Documents/com~apple~CloudDocs/Dokumenty/Publikacje własne/Manuscripts/Quantum_interference/data/P1-MO58A_frez_zgr.sur,798.2916325016179,810.0000000000001,809.0,532.0,655289.9999999508,Brass,MO58A,hybrid,256,256,0,P1,P1-MO58A_frez_zgr,area,Milling (roughing),frez_zgr,simple
661.3388093166751,1551.2293906381824,1635.1765763826413,867.986325762798,1921.0449903766198,2024.9415456585623,7329.3310068208975,11473.279324183392,15746.571803058374,-889.8905813215072,-973.8377670659663,-1053.058664613822,-1156.9552198957645,-4143.948317362495,-8417.240796237476,0.0,0.0,/Users/dawid/Library/Mobile Documents/com~apple~CloudDocs/Dokumenty/Publikacje własne/Manuscripts/Quantum_interference/data/P1-MO58A_frez_zgr.sur,2093.8871232853444,810.0000000000001,809.0,532.0,655289.9999999508,Brass,MO58A,classical,256,256,1,P1,P1-MO58A_frez_zgr,area,Milling (roughing),frez_zgr,simple
1654.9605982351595,1551.2293906381824,1635.1765763826413,2051.0033668805077,1921.0449903766198,2024.9415456585623,13935.046837164467,11473.279324183392,15746.571803058374,103.73120759697714,19.784021852518077,129.95837650388785,26.061821221945447,2461.7675129810764,-1811.5249658939063,0.0,0.0,/Users/dawid/Library/Mobile Documents/com~apple~CloudDocs/Dokumenty/Publikacje własne/Manuscripts/Quantum_interference/data/P1-MO58A_frez_zgr.sur,711.857850014825,810.0000000000001,809.0,532.0,655289.9999999508,Brass,MO58A,quantum_like,256,256,1,P1,P1-MO58A_frez_zgr,area,Milling (roughing),frez_zgr,simple
1260.5524499978478,1551.2293906381824,1635.1765763826413,1590.836617786233,1921.0449903766198,2024.9415456585623,9232.940748766416,11473.279324183392,15746.571803058374,-290.67694064033446,-374.62412638479356,-330.2083725903867,-434.10492787232914,-2240.338575416976,-6513.631054291959,0.0,0.0,/Users/dawid/Library/Mobile Documents/com~apple~CloudDocs/Dokumenty/Publikacje własne/Manuscripts/Quantum_interference/data/P1-MO58A_frez_zgr.sur,798.0742568771979,810.0000000000001,809.0,532.0,655289.9999999508,Brass,MO58A,hybrid,256,256,1,P1,P1-MO58A_frez_zgr,area,Milling (roughing),frez_zgr,simple
665.9193672106608,1551.2293906381824,1635.1765763826413,875.5320302836446,1921.0449903766198,2024.9415456585623,7324.239874144703,11473.279324183392,15746.571803058374,-885.3100234275215,-969.2572091719805,-1045.5129600929754,-1149.4095153749179,-4149.039450038688,-8422.33192891367,0.0,0.0,/Users/dawid/Library/Mobile Documents/com~apple~CloudDocs/Dokumenty/Publikacje własne/Manuscripts/Quantum_interference/data/P1-MO58A_frez_zgr.sur,2095.0574976798816,810.0000000000001,809.0,532.0,655289.9999999508,Brass,MO58A,classical,256,256,2,P1,P1-MO58A_frez_zgr,area,Milling (roughing),frez_zgr,simple
1652.1528613084072,1551.2293906381824,1635.1765763826413,2047.3471895305283,1921.0449903766198,2024.9415456585623,15084.560697998902,11473.279324183392,15746.571803058374,100.92347067022496,16.97628492576588,126.30219915390842,22.40564387196602,3611.281373815511,-662.0111050594716,0.0,0.0,/Users/dawid/Library/Mobile Documents/com~apple~CloudDocs/Dokumenty/Publikacje własne/Manuscripts/Quantum_interference/data/P1-MO58A_frez_zgr.sur,710.5768049805112,810.0000000000001,809.0,532.0,655289.9999999508,Brass,MO58A,quantum_like,256,256,2,P1,P1-MO58A_frez_zgr,area,Milling (roughing),frez_zgr,simple
1257.9922870499724,1551.2293906381824,1635.1765763826413,1586.1801168820018,1921.0449903766198,2024.9415456585623,9026.600300224905,11473.279324183392,15746.571803058374,-293.23710358821,-377.18428933266904,-334.86487349461805,-438.7614287765604,-2446.679023958487,-6719.9715028334695,0.0,0.0,/Users/dawid/Library/Mobile Documents/com~apple~CloudDocs/Dokumenty/Publikacje własne/Manuscripts/Quantum_interference/data/P1-MO58A_frez_zgr.sur,797.6384748731955,810.0000000000001,809.0,532.0,655289.9999999508,Brass,MO58A,hybrid,256,256,2,P1,P1-MO58A_frez_zgr,area,Milling (roughing),frez_zgr,simple
659.883280514223,1551.2293906381824,1635.1765763826413,862.1319380010755,1921.0449903766198,2024.9415456585623,7215.145568650981,11473.279324183392,15746.571803058374,-891.3461101239594,-975.2932958684186,-1058.9130523755443,-1162.8096076574868,-4258.133755532411,-8531.426234407394,0.0,0.0,/Users/dawid/Library/Mobile Documents/com~apple~CloudDocs/Dokumenty/Publikacje własne/Manuscripts/Quantum_interference/data/P1-MO58A_frez_zgr.sur,2085.829519061393,810.0000000000001,809.0,532.0,655289.9999999508,Brass,MO58A,classical,256,256,3,P1,P1-MO58A_frez_zgr,area,Milling (roughing),frez_zgr,simple
1652.4818961576113,1551.2293906381824,1635.1765763826413,2048.635986311366,1921.0449903766198,2024.9415456585623,14585.023787687227,11473.279324183392,15746.571803058374,101.25250551942895,17.305319774969874,127.59099593474608,23.694440652803667,3111.744463503835,-1161.5480153711478,0.0,0.0,/Users/dawid/Library/Mobile Documents/com~apple~CloudDocs/Dokumenty/Publikacje własne/Manuscripts/Quantum_interference/data/P1-MO58A_frez_zgr.sur,708.4393021749412,810.0000000000001,809.0,532.0,655289.9999999508,Brass,MO58A,quantum_like,256,256,3,P1,P1-MO58A_frez_zgr,area,Milling (roughing),frez_zgr,simple
1256.5687510768787,1551.2293906381824,1635.1765763826413,1586.1836307054677,1921.0449903766198,2024.9415456585623,9514.01616561443,11473.279324183392,15746.571803058374,-294.6606395613037,-378.6078253057628,-334.8613596711521,-438.75791495309454,-1959.263158568961,-6232.555637443944,0.0,0.0,/Users/dawid/Library/Mobile Documents/com~apple~CloudDocs/Dokumenty/Publikacje własne/Manuscripts/Quantum_interference/data/P1-MO58A_frez_zgr.sur,797.5786462293025,810.0000000000001,809.0,532.0,655289.9999999508,Brass,MO58A,hybrid,256,256,3,P1,P1-MO58A_frez_zgr,area,Milling (roughing),frez_zgr,simple
145.35848667240455,145.26033640365523,149.36655947912297,181.13614236477832,180.98995739306156,187.34316490288163,1036.8580554428024,1013.2719698546313,3484.618675857259,0.09815026874930692,-4.008072806718429,0.1461849717167654,-6.2070225381033,23.586085588171315,-2447.7606204144563,0.0,0.0,/Users/dawid/Library/Mobile Documents/com~apple~CloudDocs/Dokumenty/Publikacje własne/Manuscripts/Quantum_interference/data/P1-MO58A_nagniat.sur,9.560959269449663,810.0000000000001,809.0,532.0,655289.9999999508,Brass,MO58A,classical,256,256,0,P1,P1-MO58A_nagniat,area,Burnishing,nagniat,simple
585.7468159641965,145.26033640365523,149.36655947912297,733.5239068620663,180.98995739306156,187.34316490288163,6871.986003339821,1013.2719698546313,3484.618675857259,440.4864795605412,436.3802564850736,552.5339494690047,546.1807419591846,5858.714033485189,3387.367327482562,0.0,0.0,/Users/dawid/Library/Mobile Documents/com~apple~CloudDocs/Dokumenty/Publikacje własne/Manuscripts/Quantum_interference/data/P1-MO58A_nagniat.sur,710.1891375761197,810.0000000000001,809.0,532.0,655289.9999999508,Brass,MO58A,quantum_like,256,256,0,P1,P1-MO58A_nagniat,area,Burnishing,nagniat,simple
189.66063810422946,145.26033640365523,149.36655947912297,238.23623266646482,180.98995739306156,187.34316490288163,1825.4162942861492,1013.2719698546313,3484.618675857259,44.40030170057423,40.2940786251065,57.246275273403256,50.89306776358319,812.144324431518,-1659.2023815711095,0.0,0.0,/Users/dawid/Library/Mobile Documents/com~apple~CloudDocs/Dokumenty/Publikacje własne/Manuscripts/Quantum_interference/data/P1-MO58A_nagniat.sur,155.13025750751947,810.0000000000001,809.0,532.0,655289.9999999508,Brass,MO58A,hybrid,256,256,0,P1,P1-MO58A_nagniat,area,Burnishing,nagniat,simple
145.3585041696799,145.26033640365523,149.36655947912297,181.13677723274233,180.98995739306156,187.34316490288163,1036.627250922216,1013.2719698546313,3484.618675857259,0.0981677660246507,-4.008055309443085,0.1468198396807937,-6.2063876701392715,23.355281067584706,-2447.991424935043,0.0,0.0,/Users/dawid/Library/Mobile Documents/com~apple~CloudDocs/Dokumenty/Publikacje własne/Manuscripts/Quantum_interference/data/P1-MO58A_nagniat.sur,9.562709605229555,810.0000000000001,809.0,532.0,655289.9999999508,Brass,MO58A,classical,256,256,1,P1,P1-MO58A_nagniat,area,Burnishing,nagniat,simple
583.9745313643824,145.26033640365523,149.36655947912297,731.337115555649,180.98995739306156,187.34316490288163,6785.34671049095,1013.2719698546313,3484.618675857259,438.7141949607272,434.6079718852595,550.3471581625874,543.9939506527674,5772.074740636319,3300.728034633691,0.0,0.0,/Users/dawid/Library/Mobile Documents/com~apple~CloudDocs/Dokumenty/Publikacje własne/Manuscripts/Quantum_interference/data/P1-MO58A_nagniat.sur,709.0149315577397,810.0000000000001,809.0,532.0,655289.9999999508,Brass,MO58A,quantum_like,256,256,1,P1,P1-MO58A_nagniat,area,Burnishing,nagniat,simple
186.18041961263427,145.26033640365523,149.36655947912297,234.61350995875998,180.98995739306156,187.34316490288163,1781.9370919347593,1013.2719698546313,3484.618675857259,40.92008320897902,36.81386013351129,53.62355256569844,47.27034505587837,768.6651220801281,-1702.6815839224996,0.0,0.0,/Users/dawid/Library/Mobile Documents/com~apple~CloudDocs/Dokumenty/Publikacje własne/Manuscripts/Quantum_interference/data/P1-MO58A_nagniat.sur,154.04892022476574,810.0000000000001,809.0,532.0,655289.9999999508,Brass,MO58A,hybrid,256,256,1,P1,P1-MO58A_nagniat,area,Burnishing,nagniat,simple
145.35727546826618,145.26033640365523,149.36655947912297,181.13550953031088,180.98995739306156,187.34316490288163,1036.795137212055,1013.2719698546313,3484.618675857259,0.09693906461095313,-4.009284010856783,0.14555213724935046,-6.2076553725707155,23.5231673574237,-2447.823538645204,0.0,0.0,/Users/dawid/Library/Mobile Documents/com~apple~CloudDocs/Dokumenty/Publikacje własne/Manuscripts/Quantum_interference/data/P1-MO58A_nagniat.sur,9.561591820982878,810.0000000000001,809.0,532.0,655289.9999999508,Brass,MO58A,classical,256,256,2,P1,P1-MO58A_nagniat,area,Burnishing,nagniat,simple
584.473400557448,145.26033640365523,149.36655947912297,732.5601112012822,180.98995739306156,187.34316490288163,6085.2672941044475,1013.2719698546313,3484.618675857259,439.21306415379274,435.10684107832503,551.5701538082207,545.2169462984006,5071.995324249817,2600.648618247189,0.0,0.0,/Users/dawid/Library/Mobile Documents/com~apple~CloudDocs/Dokumenty/Publikacje własne/Manuscripts/Quantum_interference/data/P1-MO58A_nagniat.sur,708.1805969019917,810.0000000000001,809.0,532.0,655289.9999999508,Brass,MO58A,quantum_like,256,256,2,P1,P1-MO58A_nagniat,area,Burnishing,nagniat,simple
189.92812106315014,145.26033640365523,149.36655947912297,239.39694756315342,180.98995739306156,187.34316490288163,1702.1902748707425,1013.2719698546313,3484.618675857259,44.6677846594949,40.56156158402717,58.40699017009188,52.05378266027182,688.9183050161113,-1782.4284009865164,0.0,0.0,/Users/dawid/Library/Mobile Documents/com~apple~CloudDocs/Dokumenty/Publikacje własne/Manuscripts/Quantum_interference/data/P1-MO58A_nagniat.sur,152.55099647135935,810.0000000000001,809.0,532.0,655289.9999999508,Brass,MO58A,hybrid,256,256,2,P1,P1-MO58A_nagniat,area,Burnishing,nagniat,simple
145.3580047305249,145.26033640365523,149.36655947912297,181.13624391370163,180.98995739306156,187.34316490288163,1036.2061642757776,1013.2719698546313,3484.618675857259,0.0976683268696623,-4.0085547485980735,0.14628652064008904,-6.206920989179976,22.93419442114645,-2448.4125115814813,0.0,0.0,/Users/dawid/Library/Mobile Documents/com~apple~CloudDocs/Dokumenty/Publikacje własne/Manuscripts/Quantum_interference/data/P1-MO58A_nagniat.sur,9.565060742183933,810.0000000000001,809.0,532.0,655289.9999999508,Brass,MO58A,classical,256,256,3,P1,P1-MO58A_nagniat,area,Burnishing,nagniat,simple
585.0748792375185,145.26033640365523,149.36655947912297,732.0593546374904,180.98995739306156,187.34316490288163,6933.240437713685,1013.2719698546313,3484.618675857259,439.8145428338633,435.70831975839565,551.0693972444288,544.7161897346089,5919.968467859054,3448.6217618564265,0.0,0.0,/Users/dawid/Library/Mobile Documents/com~apple~CloudDocs/Dokumenty/Publikacje własne/Manuscripts/Quantum_interference/data/P1-MO58A_nagniat.sur,708.9232010584112,810.0000000000001,809.0,532.0,655289.9999999508,Brass,MO58A,quantum_like,256,256,3,P1,P1-MO58A_nagniat,area,Burnishing,nagniat,simple
189.44890357328492,145.26033640365523,149.36655947912297,238.33021321595393,180.98995739306156,187.34316490288163,1695.625690298282,1013.2719698546313,3484.618675857259,44.18856716962969,40.08234409416196,57.34025582289238,50.98704831307232,682.3537204436507,-1788.992985558977,0.0,0.0,/Users/dawid/Library/Mobile Documents/com~apple~CloudDocs/Dokumenty/Publikacje własne/Manuscripts/Quantum_interference/data/P1-MO58A_nagniat.sur,155.7179686563513,810.0000000000001,809.0,532.0,655289.9999999508,Brass,MO58A,hybrid,256,256,3,P1,P1-MO58A_nagniat,area,Burnishing,nagniat,simple
701.3052153483729,1284.9933550707844,1386.8772375518495,896.7163869108247,1636.5550981867475,2154.5371115300177,6948.412667023741,22299.111784202174,97070.55657722981,-583.6881397224114,-685.5720222034765,-739.838711275923,-1257.820724619193,-15350.699117178432,-90122.14391020607,0.0,0.0,/Users/dawid/Library/Mobile Documents/com~apple~CloudDocs/Dokumenty/Publikacje własne/Manuscripts/Quantum_interference/data/P1-MO58A_t_zgrub.sur,1849.1205491809844,810.0000000000001,809.0,532.0,655289.9999999508,Brass,MO58A,classical,256,256,0,P1,P1-MO58A_t_zgrub,area,Turning (roughing),t_zgrub,simple
1406.2184879396877,1284.9933550707844,1386.8772375518495,1784.9976664071528,1636.5550981867475,2154.5371115300177,25588.491712137075,22299.111784202174,97070.55657722981,121.22513286890344,19.341250387838276,148.44256822040515,-369.53944512286495,3289.3799279349023,-71482.06486509273,0.0,0.0,/Users/dawid/Library/Mobile Documents/com~apple~CloudDocs/Dokumenty/Publikacje własne/Manuscripts/Quantum_interference/data/P1-MO58A_t_zgrub.sur,710.6429446555612,810.0000000000001,809.0,532.0,655289.9999999508,Brass,MO58A,quantum_like,256,256,0,P1,P1-MO58A_t_zgrub,area,Turning (roughing),t_zgrub,simple
928.2524565613944,1284.9933550707844,1386.8772375518495,1168.5942756422999,1636.5550981867475,2154.5371115300177,13643.20405027972,22299.111784202174,97070.55657722981,-356.74089850938987,-458.62478099045506,-467.96082254444775,-985.9428358877178,-8655.907733922451,-83427.3525269501,0.0,0.0,/Users/dawid/Library/Mobile Documents/com~apple~CloudDocs/Dokumenty/Publikacje własne/Manuscripts/Quantum_interference/data/P1-MO58A_t_zgrub.sur,802.6267737948086,810.0000000000001,809.0,532.0,655289.9999999508,Brass,MO58A,hybrid,256,256,0,P1,P1-MO58A_t_zgrub,area,Turning (roughing),t_zgrub,simple
697.4359587906187,1284.9933550707844,1386.8772375518495,894.6857595256009,1636.5550981867475,2154.5371115300177,7042.2535832652175,22299.111784202174,97070.55657722981,-587.5573962801657,-689.4412787612309,-741.8693386611466,-1259.8513520044166,-15256.858200936955,-90028.3029939646,0.0,0.0,/Users/dawid/Library/Mobile Documents/com~apple~CloudDocs/Dokumenty/Publikacje własne/Manuscripts/Quantum_interference/data/P1-MO58A_t_zgrub.sur,1853.6254967070377,810.0000000000001,809.0,532.0,655289.9999999508,Brass,MO58A,classical,256,256,1,P1,P1-MO58A_t_zgrub,area,Turning (roughing),t_zgrub,simple
1404.0696383693273,1284.9933550707844,1386.8772375518495,1782.2437901595729,1636.5550981867475,2154.5371115300177,24090.98027280596,22299.111784202174,97070.55657722981,119.076283298543,17.192400817477832,145.68869197282527,-372.2933213704448,1791.8684886037877,-72979.57630442386,0.0,0.0,/Users/dawid/Library/Mobile Documents/com~apple~CloudDocs/Dokumenty/Publikacje własne/Manuscripts/Quantum_interference/data/P1-MO58A_t_zgrub.sur,708.8654508544902,810.0000000000001,809.0,532.0,655289.9999999508,Brass,MO58A,quantum_like,256,256,1,P1,P1-MO58A_t_zgrub,area,Turning (roughing),t_zgrub,simple
927.1296639109863,1284.9933550707844,1386.8772375518495,1167.1613927192298,1636.5550981867475,2154.5371115300177,13141.577846041804,22299.111784202174,97070.55657722981,-357.86369115979807,-459.7475736408632,-469.39370546751775,-987.3757188107878,-9157.533938160368,-83928.97873118802,0.0,0.0,/Users/dawid/Library/Mobile Documents/com~apple~CloudDocs/Dokumenty/Publikacje własne/Manuscripts/Quantum_interference/data/P1-MO58A_t_zgrub.sur,802.4986712308217,810.0000000000001,809.0,532.0,655289.9999999508,Brass,MO58A,hybrid,256,256,1,P1,P1-MO58A_t_zgrub,area,Turning (roughing),t_zgrub,simple
693.0867528488253,1284.9933550707844,1386.8772375518495,886.1129497064635,1636.5550981867475,2154.5371115300177,6950.616696990126,22299.111784202174,97070.55657722981,-591.906602221959,-693.7904847030243,-750.442148480284,-1268.4241618235542,-15348.495087212048,-90119.93988023969,0.0,0.0,/Users/dawid/Library/Mobile Documents/com~apple~CloudDocs/Dokumenty/Publikacje własne/Manuscripts/Quantum_interference/data/P1-MO58A_t_zgrub.sur,1846.564840016158,810.0000000000001,809.0,532.0,655289.9999999508,Brass,MO58A,classical,256,256,2,P1,P1-MO58A_t_zgrub,area,Turning (roughing),t_zgrub,simple
1404.8146226987556,1284.9933550707844,1386.8772375518495,1785.3224665327466,1636.5550981867475,2154.5371115300177,23954.520561830865,22299.111784202174,97070.55657722981,119.82126762797124,17.937385146906063,148.76736834599893,-369.21464499727114,1655.4087776286935,-73116.03601539893,0.0,0.0,/Users/dawid/Library/Mobile Documents/com~apple~CloudDocs/Dokumenty/Publikacje własne/Manuscripts/Quantum_interference/data/P1-MO58A_t_zgrub.sur,710.5845906971251,810.0000000000001,809.0,532.0,655289.9999999508,Brass,MO58A,quantum_like,256,256,2,P1,P1-MO58A_t_zgrub,area,Turning (roughing),t_zgrub,simple
928.5611777334376,1284.9933550707844,1386.8772375518495,1169.6059531036904,1636.5550981867475,2154.5371115300177,13762.134111479627,22299.111784202174,97070.55657722981,-356.4321773373467,-458.3160598184119,-466.9491450830573,-984.9311584263274,-8536.977672722545,-83308.42246575019,0.0,0.0,/Users/dawid/Library/Mobile Documents/com~apple~CloudDocs/Dokumenty/Publikacje własne/Manuscripts/Quantum_interference/data/P1-MO58A_t_zgrub.sur,802.4723988410598,810.0000000000001,809.0,532.0,655289.9999999508,Brass,MO58A,hybrid,256,256,2,P1,P1-MO58A_t_zgrub,area,Turning (roughing),t_zgrub,simple
689.4599042331339,1284.9933550707844,1386.8772375518495,886.1292472418958,1636.5550981867475,2154.5371115300177,6878.596583853559,22299.111784202174,97070.55657722981,-595.5334508376504,-697.4173333187156,-750.4258509448518,-1268.4078642881218,-15420.515200348615,-90191.95999337625,0.0,0.0,/Users/dawid/Library/Mobile Documents/com~apple~CloudDocs/Dokumenty/Publikacje własne/Manuscripts/Quantum_interference/data/P1-MO58A_t_zgrub.sur,1847.0926772190764,810.0000000000001,809.0,532.0,655289.9999999508,Brass,MO58A,classical,256,256,3,P1,P1-MO58A_t_zgrub,area,Turning (roughing),t_zgrub,simple
1402.615105966317,1284.9933550707844,1386.8772375518495,1778.7042691832169,1636.5550981867475,2154.5371115300177,24390.165571357957,22299.111784202174,97070.55657722981,117.62175089553264,15.737868414467464,142.1491709964694,-375.8328423468007,2091.053787155784,-72680.39100587185,0.0,0.0,/Users/dawid/Library/Mobile Documents/com~apple~CloudDocs/Dokumenty/Publikacje własne/Manuscripts/Quantum_interference/data/P1-MO58A_t_zgrub.sur,711.4032304806773,810.0000000000001,809.0,532.0,655289.9999999508,Brass,MO58A,quantum_like,256,256,3,P1,P1-MO58A_t_zgrub,area,Turning (roughing),t_zgrub,simple
927.0993860716483,1284.9933550707844,1386.8772375518495,1166.1564316454082,1636.5550981867475,2154.5371115300177,13369.600692770291,22299.111784202174,97070.55657722981,-357.89396899913606,-459.7778514802012,-470.3986665413394,-988.3806798846094,-8929.511091431883,-83700.95588445952,0.0,0.0,/Users/dawid/Library/Mobile Documents/com~apple~CloudDocs/Dokumenty/Publikacje własne/Manuscripts/Quantum_interference/data/P1-MO58A_t_zgrub.sur,803.8639719391946,810.0000000000001,809.0,532.0,655289.9999999508,Brass,MO58A,hybrid,256,256,3,P1,P1-MO58A_t_zgrub,area,Turning (roughing),t_zgrub,simple
698.0215744381412,340.25414805552055,623.3622952841346,912.4983610245027,610.8953384067628,1678.008257576369,6811.631873196833,23870.72325179736,119387.24119355052,357.76742638262067,74.65927915400657,301.6030226177399,-765.5098965518664,-17059.09137860053,-112575.60932035369,0.0,0.0,/Users/dawid/Library/Mobile Documents/com~apple~CloudDocs/Dokumenty/Publikacje własne/Manuscripts/Quantum_interference/data/P1-MO58A_wedm_wyk.sur,1080.5888546753076,810.0000000000001,809.0,532.0,655289.9999999508,Brass,MO58A,classical,256,256,0,P1,P1-MO58A_wedm_wyk,area,Wire EDM (finishing),wedm_wyk,simple
669.7106158469302,340.25414805552055,623.3622952841346,934.6614158522315,610.8953384067628,1678.008257576369,25519.156623498497,23870.72325179736,119387.24119355052,329.4564677914096,46.348320562795514,323.7660774454687,-743.3468417241377,1648.4333717011368,-93868.08457005203,0.0,0.0,/Users/dawid/Library/Mobile Documents/com~apple~CloudDocs/Dokumenty/Publikacje własne/Manuscripts/Quantum_interference/data/P1-MO58A_wedm_wyk.sur,707.5795693194476,810.0000000000001,809.0,532.0,655289.9999999508,Brass,MO58A,quantum_like,256,256,0,P1,P1-MO58A_wedm_wyk,area,Wire EDM (finishing),wedm_wyk,simple
262.01855704643305,340.25414805552055,623.3622952841346,405.24058520516223,610.8953384067628,1678.008257576369,10475.480921178696,23870.72325179736,119387.24119355052,-78.23559100908749,-361.3437382377016,-205.65475320160053,-1272.7676723712068,-13395.242330618663,-108911.76027237183,0.0,0.0,/Users/dawid/Library/Mobile Documents/com~apple~CloudDocs/Dokumenty/Publikacje własne/Manuscripts/Quantum_interference/data/P1-MO58A_wedm_wyk.sur,432.1073201978431,810.0000000000001,809.0,532.0,655289.9999999508,Brass,MO58A,hybrid,256,256,0,P1,P1-MO58A_wedm_wyk,area,Wire EDM (finishing),wedm_wyk,simple
708.7132210729297,340.25414805552055,623.3622952841346,925.7302125677503,610.8953384067628,1678.008257576369,6707.117039183348,23870.72325179736,119387.24119355052,368.4590730174092,85.35092578879512,314.8348741609875,-752.2780450086188,-17163.606212614013,-112680.12415436718,0.0,0.0,/Users/dawid/Library/Mobile Documents/com~apple~CloudDocs/Dokumenty/Publikacje własne/Manuscripts/Quantum_interference/data/P1-MO58A_wedm_wyk.sur,1093.2084567996433,810.0000000000001,809.0,532.0,655289.9999999508,Brass,MO58A,classical,256,256,1,P1,P1-MO58A_wedm_wyk,area,Wire EDM (finishing),wedm_wyk,simple
672.5635730548435,340.25414805552055,623.3622952841346,938.9479944421116,610.8953384067628,1678.008257576369,24669.476919850662,23870.72325179736,119387.24119355052,332.30942499932297,49.20127777070889,328.0526560353489,-739.0602631342575,798.7536680533012,-94717.76427369987,0.0,0.0,/Users/dawid/Library/Mobile Documents/com~apple~CloudDocs/Dokumenty/Publikacje własne/Manuscripts/Quantum_interference/data/P1-MO58A_wedm_wyk.sur,710.8165839577287,810.0000000000001,809.0,532.0,655289.9999999508,Brass,MO58A,quantum_like,256,256,1,P1,P1-MO58A_wedm_wyk,area,Wire EDM (finishing),wedm_wyk,simple
268.18164414450075,340.25414805552055,623.3622952841346,410.58055521160816,610.8953384067628,1678.008257576369,10457.161092911632,23870.72325179736,119387.24119355052,-72.07250391101978,-355.1806511396339,-200.3147831951546,-1267.427702364761,-13413.562158885728,-108930.0801006389,0.0,0.0,/Users/dawid/Library/Mobile Documents/com~apple~CloudDocs/Dokumenty/Publikacje własne/Manuscripts/Quantum_interference/data/P1-MO58A_wedm_wyk.sur,432.0828058553925,810.0000000000001,809.0,532.0,655289.9999999508,Brass,MO58A,hybrid,256,256,1,P1,P1-MO58A_wedm_wyk,area,Wire EDM (finishing),wedm_wyk,simple
697.1706065107566,340.25414805552055,623.3622952841346,908.495006831858,610.8953384067628,1678.008257576369,6593.076295640782,23870.72325179736,119387.24119355052,356.91645845523607,73.80831122662198,297.5996684250952,-769.5132507445112,-17277.64695615658,-112794.16489790974,0.0,0.0,/Users/dawid/Library/Mobile Documents/com~apple~CloudDocs/Dokumenty/Publikacje własne/Manuscripts/Quantum_interference/data/P1-MO58A_wedm_wyk.sur,1079.7296292229462,810.0000000000001,809.0,532.0,655289.9999999508,Brass,MO58A,classical,256,256,2,P1,P1-MO58A_wedm_wyk,area,Wire EDM (finishing),wedm_wyk,simple
673.1252491290861,340.25414805552055,623.3622952841346,939.6576824746774,610.8953384067628,1678.008257576369,25563.587044498785,23870.72325179736,119387.24119355052,332.87110107356557,49.762953844951475,328.76234406791457,-738.3505751016918,1692.8637927014258,-93823.65414905174,0.0,0.0,/Users/dawid/Library/Mobile Documents/com~apple~CloudDocs/Dokumenty/Publikacje własne/Manuscripts/Quantum_interference/data/P1-MO58A_wedm_wyk.sur,711.1737594213499,810.0000000000001,809.0,532.0,655289.9999999508,Brass,MO58A,quantum_like,256,256,2,P1,P1-MO58A_wedm_wyk,area,Wire EDM (finishing),wedm_wyk,simple
263.69560767946297,340.25414805552055,623.3622952841346,406.1421549265589,610.8953384067628,1678.008257576369,10395.385864426544,23870.72325179736,119387.24119355052,-76.55854037605758,-359.66668760467167,-204.75318348020386,-1271.8661026498103,-13475.337387370817,-108991.85532912398,0.0,0.0,/Users/dawid/Library/Mobile Documents/com~apple~CloudDocs/Dokumenty/Publikacje własne/Manuscripts/Quantum_interference/data/P1-MO58A_wedm_wyk.sur,432.18651246473075,810.0000000000001,809.0,532.0,655289.9999999508,Brass,MO58A,hybrid,256,256,2,P1,P1-MO58A_wedm_wyk,area,Wire EDM (finishing),wedm_wyk,simple
696.7628572428433,340.25414805552055,623.3622952841346,912.5356213918236,610.8953384067628,1678.008257576369,6811.458613808128,23870.72325179736,119387.24119355052,356.50870918732284,73.40056195870876,301.6402829850609,-765.4726361845454,-17059.264637989232,-112575.7825797424,0.0,0.0,/Users/dawid/Library/Mobile Documents/com~apple~CloudDocs/Dokumenty/Publikacje własne/Manuscripts/Quantum_interference/data/P1-MO58A_wedm_wyk.sur,1082.6182256755537,810.0000000000001,809.0,532.0,655289.9999999508,Brass,MO58A,classical,256,256,3,P1,P1-MO58A_wedm_wyk,area,Wire EDM (finishing),wedm_wyk,simple
667.2125005164426,340.25414805552055,623.3622952841346,933.3272135084002,610.8953384067628,1678.008257576369,26174.075588321506,23870.72325179736,119387.24119355052,326.958352460922,43.85020523230791,322.4318751016374,-744.681044067969,2303.3523365241444,-93213.16560522902,0.0,0.0,/Users/dawid/Library/Mobile Documents/com~apple~CloudDocs/Dokumenty/Publikacje własne/Manuscripts/Quantum_interference/data/P1-MO58A_wedm_wyk.sur,706.6862299086437,810.0000000000001,809.0,532.0,655289.9999999508,Brass,MO58A,quantum_like,256,256,3,P1,P1-MO58A_wedm_wyk,area,Wire EDM (finishing),wedm_wyk,simple
257.9817484174068,340.25414805552055,623.3622952841346,400.2716388806778,610.8953384067628,1678.008257576369,10591.105133737037,23870.72325179736,119387.24119355052,-82.27239963811373,-365.3805468667278,-210.62369952608495,-1277.7366186956913,-13279.618118060323,-108796.13605981349,0.0,0.0,/Users/dawid/Library/Mobile Documents/com~apple~CloudDocs/Dokumenty/Publikacje własne/Manuscripts/Quantum_interference/data/P1-MO58A_wedm_wyk.sur,432.1925490013747,810.0000000000001,809.0,532.0,655289.9999999508,Brass,MO58A,hybrid,256,256,3,P1,P1-MO58A_wedm_wyk,area,Wire EDM (finishing),wedm_wyk,simple
705.6001844801839,76181.75825171938,88536.39320245878,913.3322755348984,95543.18876467575,114712.78171870453,6828.11936634969,1160504.7392569627,2608601.8359336206,-75476.1580672392,-87830.7930179786,-94629.85648914086,-113799.44944316964,-1153676.619890613,-2601773.716567271,0.0,0.0,/Users/dawid/Library/Mobile Documents/com~apple~CloudDocs/Dokumenty/Publikacje własne/Manuscripts/Quantum_interference/data/P1-MO58A_wedm_zgru_1prz.sur,95553.72262291724,810.0000000000001,809.0,532.0,655289.9999999508,Brass,MO58A,classical,256,256,0,P1,P1-MO58A_wedm_zgru_1prz,area,Wire EDM (roughing),wedm_zgru_1prz,simple
352245.7219503822,76181.75825171938,88536.39320245878,452413.6909414294,95543.18876467575,114712.78171870453,3639197.1487765517,1160504.7392569627,2608601.8359336206,276063.9636986629,263709.3287479235,356870.50217675365,337700.9092227249,2478692.409519589,1030595.3128429312,0.0,0.0,/Users/dawid/Library/Mobile Documents/com~apple~CloudDocs/Dokumenty/Publikacje własne/Manuscripts/Quantum_interference/data/P1-MO58A_wedm_zgru_1prz.sur,444995.62587062817,810.0000000000001,809.0,532.0,655289.9999999508,Brass,MO58A,quantum_like,256,256,0,P1,P1-MO58A_wedm_zgru_1prz,area,Wire EDM (roughing),wedm_zgru_1prz,simple
247735.8958125591,76181.75825171938,88536.39320245878,309114.73881112674,95543.18876467575,114712.78171870453,2373140.1644572085,1160504.7392569627,2608601.8359336206,171554.1375608397,159199.5026101003,213571.55004645098,194401.9570924222,1212635.4252002458,-235461.67147641198,0.0,0.0,/Users/dawid/Library/Mobile Documents/com~apple~CloudDocs/Dokumenty/Publikacje własne/Manuscripts/Quantum_interference/data/P1-MO58A_wedm_zgru_1prz.sur,311412.29169312963,810.0000000000001,809.0,532.0,655289.9999999508,Brass,MO58A,hybrid,256,256,0,P1,P1-MO58A_wedm_zgru_1prz,area,Wire EDM (roughing),wedm_zgru_1prz,simple
704.8541543021157,76181.75825171938,88536.39320245878,910.9189334811332,95543.18876467575,114712.78171870453,6397.902071380273,1160504.7392569627,2608601.8359336206,-75476.90409741727,-87831.53904815667,-94632.26983119462,-113801.86278522339,-1154106.8371855824,-2602203.93386224,0.0,0.0,/Users/dawid/Library/Mobile Documents/com~apple~CloudDocs/Dokumenty/Publikacje własne/Manuscripts/Quantum_interference/data/P1-MO58A_wedm_zgru_1prz.sur,95553.3426771863,810.0000000000001,809.0,532.0,655289.9999999508,Brass,MO58A,classical,256,256,1,P1,P1-MO58A_wedm_zgru_1prz,area,Wire EDM (roughing),wedm_zgru_1prz,simple
357479.83340351714,76181.75825171938,88536.39320245878,461925.2034849639,95543.18876467575,114712.78171870453,3637947.293719008,1160504.7392569627,2608601.8359336206,281298.0751517978,268943.4402010584,366382.0147202882,347212.4217662594,2477442.5544620454,1029345.4577853878,0.0,0.0,/Users/dawid/Library/Mobile Documents/com~apple~CloudDocs/Dokumenty/Publikacje własne/Manuscripts/Quantum_interference/data/P1-MO58A_wedm_zgru_1prz.sur,454703.39879618556,810.0000000000001,809.0,532.0,655289.9999999508,Brass,MO58A,quantum_like,256,256,1,P1,P1-MO58A_wedm_zgru_1prz,area,Wire EDM (roughing),wedm_zgru_1prz,simple
250995.21751206234,76181.75825171938,88536.39320245878,315746.48497785977,95543.18876467575,114712.78171870453,2411903.5702484166,1160504.7392569627,2608601.8359336206,174813.459260343,162458.82430960357,220203.29621318405,201033.70325915527,1251398.830991454,-196698.2656852038,0.0,0.0,/Users/dawid/Library/Mobile Documents/com~apple~CloudDocs/Dokumenty/Publikacje własne/Manuscripts/Quantum_interference/data/P1-MO58A_wedm_zgru_1prz.sur,318068.2527479573,810.0000000000001,809.0,532.0,655289.9999999508,Brass,MO58A,hybrid,256,256,1,P1,P1-MO58A_wedm_zgru_1prz,area,Wire EDM (roughing),wedm_zgru_1prz,simple
701.4120491582454,76181.75825171938,88536.39320245878,907.4554528107153,95543.18876467575,114712.78171870453,6242.783538860655,1160504.7392569627,2608601.8359336206,-75480.34620256114,-87834.98115330054,-94635.73331186504,-113805.32626589382,-1154261.9557181022,-2602359.05239476,0.0,0.0,/Users/dawid/Library/Mobile Documents/com~apple~CloudDocs/Dokumenty/Publikacje własne/Manuscripts/Quantum_interference/data/P1-MO58A_wedm_zgru_1prz.sur,95554.11253870794,810.0000000000001,809.0,532.0,655289.9999999508,Brass,MO58A,classical,256,256,2,P1,P1-MO58A_wedm_zgru_1prz,area,Wire EDM (roughing),wedm_zgru_1prz,simple
354199.4572911373,76181.75825171938,88536.39320245878,454869.5555228704,95543.18876467575,114712.78171870453,3663214.1369284717,1160504.7392569627,2608601.8359336206,278017.69903941796,265663.06408867857,359326.36675819464,340156.77380416583,2502709.397671509,1054612.3009948514,0.0,0.0,/Users/dawid/Library/Mobile Documents/com~apple~CloudDocs/Dokumenty/Publikacje własne/Manuscripts/Quantum_interference/data/P1-MO58A_wedm_zgru_1prz.sur,447600.64736415556,810.0000000000001,809.0,532.0,655289.9999999508,Brass,MO58A,quantum_like,256,256,2,P1,P1-MO58A_wedm_zgru_1prz,area,Wire EDM (roughing),wedm_zgru_1prz,simple
248634.7379107044,76181.75825171938,88536.39320245878,309408.34957951546,95543.18876467575,114712.78171870453,2373985.4349790523,1160504.7392569627,2608601.8359336206,172452.97965898504,160098.34470824563,213865.1608148397,194695.56786081093,1213480.6957220896,-234616.40095456815,0.0,0.0,/Users/dawid/Library/Mobile Documents/com~apple~CloudDocs/Dokumenty/Publikacje własne/Manuscripts/Quantum_interference/data/P1-MO58A_wedm_zgru_1prz.sur,311880.5814964713,810.0000000000001,809.0,532.0,655289.9999999508,Brass,MO58A,hybrid,256,256,2,P1,P1-MO58A_wedm_zgru_1prz,area,Wire EDM (roughing),wedm_zgru_1prz,simple
702.6184184898091,76181.75825171938,88536.39320245878,910.8031087706557,95543.18876467575,114712.78171870453,6554.502674364815,1160504.7392569627,2608601.8359336206,-75479.13983322958,-87833.77478396898,-94632.3856559051,-113801.97860993388,-1153950.236582598,-2602047.333259255,0.0,0.0,/Users/dawid/Library/Mobile Documents/com~apple~CloudDocs/Dokumenty/Publikacje własne/Manuscripts/Quantum_interference/data/P1-MO58A_wedm_zgru_1prz.sur,95554.10167589858,810.0000000000001,809.0,532.0,655289.9999999508,Brass,MO58A,classical,256,256,3,P1,P1-MO58A_wedm_zgru_1prz,area,Wire EDM (roughing),wedm_zgru_1prz,simple
355690.31598728045,76181.75825171938,88536.39320245878,456790.81437588995,95543.18876467575,114712.78171870453,3661939.748796287,1160504.7392569627,2608601.8359336206,279508.5577355611,267153.9227848217,361247.6256112142,342078.03265718545,2501435.0095393243,1053337.9128626666,0.0,0.0,/Users/dawid/Library/Mobile Documents/com~apple~CloudDocs/Dokumenty/Publikacje własne/Manuscripts/Quantum_interference/data/P1-MO58A_wedm_zgru_1prz.sur,449390.5149549406,810.0000000000001,809.0,532.0,655289.9999999508,Brass,MO58A,quantum_like,256,256,3,P1,P1-MO58A_wedm_zgru_1prz,area,Wire EDM (roughing),wedm_zgru_1prz,simple
249270.03577188513,76181.75825171938,88536.39320245878,310397.6107811195,95543.18876467575,114712.78171870453,2310291.417416506,1160504.7392569627,2608601.8359336206,173088.27752016575,160733.64256942636,214854.42201644374,195684.82906241497,1149786.678159543,-298310.4185171146,0.0,0.0,/Users/dawid/Library/Mobile Documents/com~apple~CloudDocs/Dokumenty/Publikacje własne/Manuscripts/Quantum_interference/data/P1-MO58A_wedm_zgru_1prz.sur,312594.78252957546,810.0000000000001,809.0,532.0,655289.9999999508,Brass,MO58A,hybrid,256,256,3,P1,P1-MO58A_wedm_zgru_1prz,area,Wire EDM (roughing),wedm_zgru_1prz,simple
662.6647688775521,469.42585056562103,548.7149225512189,879.0001117293843,610.3819266295891,713.3317760266872,7749.509673381966,5636.036789390006,8954.240732494147,193.23891831193106,113.94984632633316,268.61818509979526,165.66833570269714,2113.4728839919603,-1204.7310591121816,0.0,0.0,/Users/dawid/Library/Mobile Documents/com~apple~CloudDocs/Dokumenty/Publikacje własne/Manuscripts/Quantum_interference/data/P1-Ti6A14V_frez_wyk.sur,1058.5273510553288,810.0000000000001,809.0,532.0,655289.9999999508,Titanium,Ti6A14V,classical,256,256,0,P1,P1-Ti6A14V_frez_wyk,area,Milling (finishing),frez_wyk,simple
742.4066402442166,469.42585056562103,548.7149225512189,937.8555218320348,610.3819266295891,713.3317760266872,8628.499933263949,5636.036789390006,8954.240732494147,272.9807896785956,193.69171769299774,327.4735952024457,224.52374580534757,2992.4631438739425,-325.7407992301994,0.0,0.0,/Users/dawid/Library/Mobile Documents/com~apple~CloudDocs/Dokumenty/Publikacje własne/Manuscripts/Quantum_interference/data/P1-Ti6A14V_frez_wyk.sur,710.4408173017123,810.0000000000001,809.0,532.0,655289.9999999508,Titanium,Ti6A14V,quantum_like,256,256,0,P1,P1-Ti6A14V_frez_wyk,area,Milling (finishing),frez_wyk,simple
314.7074902150212,469.42585056562103,548.7149225512189,420.06486949621035,610.3819266295891,713.3317760266872,3886.3067072591,5636.036789390006,8954.240732494147,-154.71836035059982,-234.00743233619772,-190.3170571333787,-293.2669065304769,-1749.7300821309057,-5067.934025235048,0.0,0.0,/Users/dawid/Library/Mobile Documents/com~apple~CloudDocs/Dokumenty/Publikacje własne/Manuscripts/Quantum_interference/data/P1-Ti6A14V_frez_wyk.sur,430.49072332417273,810.0000000000001,809.0,532.0,655289.9999999508,Titanium,Ti6A14V,hybrid,256,256,0,P1,P1-Ti6A14V_frez_wyk,area,Milling (finishing),frez_wyk,simple
678.8617380286821,469.42585056562103,548.7149225512189,897.1451500934993,610.3819266295891,713.3317760266872,8001.672819491907,5636.036789390006,8954.240732494147,209.43588746306105,130.14681547746318,286.76322346391015,183.813374066812,2365.636030101901,-952.5679130022412,0.0,0.0,/Users/dawid/Library/Mobile Documents/com~apple~CloudDocs/Dokumenty/Publikacje własne/Manuscripts/Quantum_interference/data/P1-Ti6A14V_frez_wyk.sur,1077.0263620350402,810.0000000000001,809.0,532.0,655289.9999999508,Titanium,Ti6A14V,classical,256,256,1,P1,P1-Ti6A14V_frez_wyk,area,Milling (finishing),frez_wyk,simple
741.31213263799,469.42585056562103,548.7149225512189,936.9015842095477,610.3819266295891,713.3317760266872,8582.167303618748,5636.036789390006,8954.240732494147,271.8862820723689,192.597210086771,326.5196575799585,223.56980818286036,2946.130514228743,-372.0734288753992,0.0,0.0,/Users/dawid/Library/Mobile Documents/com~apple~CloudDocs/Dokumenty/Publikacje własne/Manuscripts/Quantum_interference/data/P1-Ti6A14V_frez_wyk.sur,708.8896580029552,810.0000000000001,809.0,532.0,655289.9999999508,Titanium,Ti6A14V,quantum_like,256,256,1,P1,P1-Ti6A14V_frez_wyk,area,Milling (finishing),frez_wyk,simple
317.8731429528928,469.42585056562103,548.7149225512189,424.81361565480216,610.3819266295891,713.3317760266872,3988.5147726074747,5636.036789390006,8954.240732494147,-151.55270761272826,-230.84177959832616,-185.56831097478695,-288.5181603718851,-1647.5220167825307,-4965.725959886673,0.0,0.0,/Users/dawid/Library/Mobile Documents/com~apple~CloudDocs/Dokumenty/Publikacje własne/Manuscripts/Quantum_interference/data/P1-Ti6A14V_frez_wyk.sur,431.77052793909104,810.0000000000001,809.0,532.0,655289.9999999508,Titanium,Ti6A14V,hybrid,256,256,1,P1,P1-Ti6A14V_frez_wyk,area,Milling (finishing),frez_wyk,simple
672.5735800402779,469.42585056562103,548.7149225512189,892.6206554314061,610.3819266295891,713.3317760266872,8009.819398629763,5636.036789390006,8954.240732494147,203.14772947465687,123.85865748905898,282.23872880181705,179.28887940471893,2373.7826092397568,-944.4213338643852,0.0,0.0,/Users/dawid/Library/Mobile Documents/com~apple~CloudDocs/Dokumenty/Publikacje własne/Manuscripts/Quantum_interference/data/P1-Ti6A14V_frez_wyk.sur,1073.915841341032,810.0000000000001,809.0,532.0,655289.9999999508,Titanium,Ti6A14V,classical,256,256,2,P1,P1-Ti6A14V_frez_wyk,area,Milling (finishing),frez_wyk,simple
743.1050910247167,469.42585056562103,548.7149225512189,938.6585816071466,610.3819266295891,713.3317760266872,9248.581678192304,5636.036789390006,8954.240732494147,273.67924045909564,194.39016847349777,328.27665497755754,225.32680558045942,3612.5448888022984,294.34094569815636,0.0,0.0,/Users/dawid/Library/Mobile Documents/com~apple~CloudDocs/Dokumenty/Publikacje własne/Manuscripts/Quantum_interference/data/P1-Ti6A14V_frez_wyk.sur,709.3304074365736,810.0000000000001,809.0,532.0,655289.9999999508,Titanium,Ti6A14V,quantum_like,256,256,2,P1,P1-Ti6A14V_frez_wyk,area,Milling (finishing),frez_wyk,simple
317.18140616093996,469.42585056562103,548.7149225512189,424.817749870934,610.3819266295891,713.3317760266872,4041.7810627802546,5636.036789390006,8954.240732494147,-152.24444440468108,-231.53351639027895,-185.5641767586551,-288.51402615575324,-1594.2557266097508,-4912.459669713893,0.0,0.0,/Users/dawid/Library/Mobile Documents/com~apple~CloudDocs/Dokumenty/Publikacje własne/Manuscripts/Quantum_interference/data/P1-Ti6A14V_frez_wyk.sur,431.4284202468573,810.0000000000001,809.0,532.0,655289.9999999508,Titanium,Ti6A14V,hybrid,256,256,2,P1,P1-Ti6A14V_frez_wyk,area,Milling (finishing),frez_wyk,simple
666.1684673720127,469.42585056562103,548.7149225512189,884.4639599496423,610.3819266295891,713.3317760266872,7877.904199367399,5636.036789390006,8954.240732494147,196.74261680639174,117.45354482079385,274.0820333200532,171.13218392295505,2241.8674099773934,-1076.3365331267487,0.0,0.0,/Users/dawid/Library/Mobile Documents/com~apple~CloudDocs/Dokumenty/Publikacje własne/Manuscripts/Quantum_interference/data/P1-Ti6A14V_frez_wyk.sur,1067.177345529305,810.0000000000001,809.0,532.0,655289.9999999508,Titanium,Ti6A14V,classical,256,256,3,P1,P1-Ti6A14V_frez_wyk,area,Milling (finishing),frez_wyk,simple
740.5134575902462,469.42585056562103,548.7149225512189,936.1195285088215,610.3819266295891,713.3317760266872,8704.630916153335,5636.036789390006,8954.240732494147,271.08760702462513,191.79853503902726,325.7376018792324,222.78775248213427,3068.594126763329,-249.60981634081318,0.0,0.0,/Users/dawid/Library/Mobile Documents/com~apple~CloudDocs/Dokumenty/Publikacje własne/Manuscripts/Quantum_interference/data/P1-Ti6A14V_frez_wyk.sur,710.9861922371617,810.0000000000001,809.0,532.0,655289.9999999508,Titanium,Ti6A14V,quantum_like,256,256,3,P1,P1-Ti6A14V_frez_wyk,area,Milling (finishing),frez_wyk,simple
313.69723110164836,469.42585056562103,548.7149225512189,421.6221211693422,610.3819266295891,713.3317760266872,4179.048722468676,5636.036789390006,8954.240732494147,-155.72861946397268,-235.01769144957055,-188.75980546024687,-291.709654857345,-1456.9880669213298,-4775.192010025472,0.0,0.0,/Users/dawid/Library/Mobile Documents/com~apple~CloudDocs/Dokumenty/Publikacje własne/Manuscripts/Quantum_interference/data/P1-Ti6A14V_frez_wyk.sur,431.5361356889434,810.0000000000001,809.0,532.0,655289.9999999508,Titanium,Ti6A14V,hybrid,256,256,3,P1,P1-Ti6A14V_frez_wyk,area,Milling (finishing),frez_wyk,simple
756.60621300516,641.8688484561754,683.9830450019091,983.1237708534552,822.469868351295,1071.5743326150443,8385.132259368333,21558.194735968656,70791.5363647731,114.73736454898456,72.62316800325094,160.65390250216018,-88.45056176158913,-13173.062476600324,-62406.40410540476,0.0,0.0,/Users/dawid/Library/Mobile Documents/com~apple~CloudDocs/Dokumenty/Publikacje własne/Manuscripts/Quantum_interference/data/P1-Ti6A14V_frez_zgr.sur,1180.9891810072281,810.0000000000001,809.0,532.0,655289.9999999508,Titanium,Ti6A14V,classical,256,256,0,P1,P1-Ti6A14V_frez_zgr,area,Milling (roughing),frez_zgr,simple
856.2751335457752,641.8688484561754,683.9830450019091,1084.6054926832744,822.469868351295,1071.5743326150443,22656.42329552098,21558.194735968656,70791.5363647731,214.40628508959983,172.2920885438662,262.1356243319794,13.03116006823007,1098.2285595523256,-48135.11306925211,0.0,0.0,/Users/dawid/Library/Mobile Documents/com~apple~CloudDocs/Dokumenty/Publikacje własne/Manuscripts/Quantum_interference/data/P1-Ti6A14V_frez_zgr.sur,709.3553773471887,810.0000000000001,809.0,532.0,655289.9999999508,Titanium,Ti6A14V,quantum_like,256,256,0,P1,P1-Ti6A14V_frez_zgr,area,Milling (roughing),frez_zgr,simple
600.0678010053449,641.8688484561754,683.9830450019091,756.1357451409136,822.469868351295,1071.5743326150443,5997.235640114428,21558.194735968656,70791.5363647731,-41.80104745083048,-83.9152439965641,-66.33412321038139,-315.4385874741307,-15560.95909585423,-64794.300724658664,0.0,0.0,/Users/dawid/Library/Mobile Documents/com~apple~CloudDocs/Dokumenty/Publikacje własne/Manuscripts/Quantum_interference/data/P1-Ti6A14V_frez_zgr.sur,313.5421888050192,810.0000000000001,809.0,532.0,655289.9999999508,Titanium,Ti6A14V,hybrid,256,256,0,P1,P1-Ti6A14V_frez_zgr,area,Milling (roughing),frez_zgr,simple
763.1426329598878,641.8688484561754,683.9830450019091,993.0821966012846,822.469868351295,1071.5743326150443,8135.026027541526,21558.194735968656,70791.5363647731,121.27378450371238,79.15958795797876,170.61232824998964,-78.49213601375966,-13423.16870842713,-62656.51033723157,0.0,0.0,/Users/dawid/Library/Mobile Documents/com~apple~CloudDocs/Dokumenty/Publikacje własne/Manuscripts/Quantum_interference/data/P1-Ti6A14V_frez_zgr.sur,1191.3935289831181,810.0000000000001,809.0,532.0,655289.9999999508,Titanium,Ti6A14V,classical,256,256,1,P1,P1-Ti6A14V_frez_zgr,area,Milling (roughing),frez_zgr,simple
854.5439907234403,641.8688484561754,683.9830450019091,1083.2991502180396,822.469868351295,1071.5743326150443,22017.945688594213,21558.194735968656,70791.5363647731,212.67514226726487,170.56094572153125,260.8292818667446,11.724817602995296,459.7509526255569,-48773.59067617889,0.0,0.0,/Users/dawid/Library/Mobile Documents/com~apple~CloudDocs/Dokumenty/Publikacje własne/Manuscripts/Quantum_interference/data/P1-Ti6A14V_frez_zgr.sur,709.8318280707206,810.0000000000001,809.0,532.0,655289.9999999508,Titanium,Ti6A14V,quantum_like,256,256,1,P1,P1-Ti6A14V_frez_zgr,area,Milling (roughing),frez_zgr,simple
601.3541808749424,641.8688484561754,683.9830450019091,755.0169605385789,822.469868351295,1071.5743326150443,6007.01804114311,21558.194735968656,70791.5363647731,-40.514667581233084,-82.62886412696669,-67.45290781271609,-316.5573720764654,-15551.176694825546,-64784.518323629985,0.0,0.0,/Users/dawid/Library/Mobile Documents/com~apple~CloudDocs/Dokumenty/Publikacje własne/Manuscripts/Quantum_interference/data/P1-Ti6A14V_frez_zgr.sur,314.6208306610628,810.0000000000001,809.0,532.0,655289.9999999508,Titanium,Ti6A14V,hybrid,256,256,1,P1,P1-Ti6A14V_frez_zgr,area,Milling (roughing),frez_zgr,simple
764.9376780162129,641.8688484561754,683.9830450019091,990.4799340972717,822.469868351295,1071.5743326150443,8121.365290884444,21558.194735968656,70791.5363647731,123.06882956003747,80.95463301430387,168.01006574597673,-81.09439851777256,-13436.829445084211,-62670.171073888654,0.0,0.0,/Users/dawid/Library/Mobile Documents/com~apple~CloudDocs/Dokumenty/Publikacje własne/Manuscripts/Quantum_interference/data/P1-Ti6A14V_frez_zgr.sur,1188.4219286328528,810.0000000000001,809.0,532.0,655289.9999999508,Titanium,Ti6A14V,classical,256,256,2,P1,P1-Ti6A14V_frez_zgr,area,Milling (roughing),frez_zgr,simple
861.50570553896,641.8688484561754,683.9830450019091,1090.1287338842033,822.469868351295,1071.5743326150443,21084.95854176066,21558.194735968656,70791.5363647731,219.63685708278462,177.522660537051,267.6588655329082,18.5544012691589,-473.23619420799463,-49706.577823012434,0.0,0.0,/Users/dawid/Library/Mobile Documents/com~apple~CloudDocs/Dokumenty/Publikacje własne/Manuscripts/Quantum_interference/data/P1-Ti6A14V_frez_zgr.sur,709.8653030884101,810.0000000000001,809.0,532.0,655289.9999999508,Titanium,Ti6A14V,quantum_like,256,256,2,P1,P1-Ti6A14V_frez_zgr,area,Milling (roughing),frez_zgr,simple
608.353366209172,641.8688484561754,683.9830450019091,764.9309759139171,822.469868351295,1071.5743326150443,5919.983991562543,21558.194735968656,70791.5363647731,-33.515482247003405,-75.62967879273701,-57.53889243737788,-306.6433567011272,-15638.210744406113,-64871.55237321055,0.0,0.0,/Users/dawid/Library/Mobile Documents/com~apple~CloudDocs/Dokumenty/Publikacje własne/Manuscripts/Quantum_interference/data/P1-Ti6A14V_frez_zgr.sur,313.8839653260352,810.0000000000001,809.0,532.0,655289.9999999508,Titanium,Ti6A14V,hybrid,256,256,2,P1,P1-Ti6A14V_frez_zgr,area,Milling (roughing),frez_zgr,simple
758.8302939498273,641.8688484561754,683.9830450019091,984.6637555538357,822.469868351295,1071.5743326150443,8387.974039952538,21558.194735968656,70791.5363647731,116.96144549365177,74.84724894791815,162.19388720254068,-86.91057706120861,-13170.220696016117,-62403.56232482056,0.0,0.0,/Users/dawid/Library/Mobile Documents/com~apple~CloudDocs/Dokumenty/Publikacje własne/Manuscripts/Quantum_interference/data/P1-Ti6A14V_frez_zgr.sur,1185.2085451973423,810.0000000000001,809.0,532.0,655289.9999999508,Titanium,Ti6A14V,classical,256,256,3,P1,P1-Ti6A14V_frez_zgr,area,Milling (roughing),frez_zgr,simple
859.8138571896093,641.8688484561754,683.9830450019091,1087.3359862116542,822.469868351295,1071.5743326150443,21825.881699856724,21558.194735968656,70791.5363647731,217.94500873343384,175.83081218770022,264.86611786035934,15.76165359661003,267.6869638880668,-48965.65466491637,0.0,0.0,/Users/dawid/Library/Mobile Documents/com~apple~CloudDocs/Dokumenty/Publikacje własne/Manuscripts/Quantum_interference/data/P1-Ti6A14V_frez_zgr.sur,710.9773632736424,810.0000000000001,809.0,532.0,655289.9999999508,Titanium,Ti6A14V,quantum_like,256,256,3,P1,P1-Ti6A14V_frez_zgr,area,Milling (roughing),frez_zgr,simple
605.0342933158275,641.8688484561754,683.9830450019091,759.4201521379217,822.469868351295,1071.5743326150443,5709.460512434316,21558.194735968656,70791.5363647731,-36.83455514034785,-78.94875168608147,-63.04971621337321,-312.1541804771225,-15848.734223534339,-65082.07585233877,0.0,0.0,/Users/dawid/Library/Mobile Documents/com~apple~CloudDocs/Dokumenty/Publikacje własne/Manuscripts/Quantum_interference/data/P1-Ti6A14V_frez_zgr.sur,314.14231124253314,810.0000000000001,809.0,532.0,655289.9999999508,Titanium,Ti6A14V,hybrid,256,256,3,P1,P1-Ti6A14V_frez_zgr,area,Milling (roughing),frez_zgr,simple
633.0930228717879,289.77462995164757,347.8317815466067,832.3050066251961,410.8437237790098,803.7426150092576,7140.251561012284,10313.574305428681,44965.60414799983,343.31839292014024,285.2612413251811,421.4612828461863,28.562391615938406,-3173.322744416397,-37825.352586987545,0.0,0.0,/Users/dawid/Library/Mobile Documents/com~apple~CloudDocs/Dokumenty/Publikacje własne/Manuscripts/Quantum_interference/data/P1-Ti6A14V_nagniat.sur,917.5332980122778,810.0000000000001,809.0,532.0,655289.9999999508,Titanium,Ti6A14V,classical,256,256,0,P1,P1-Ti6A14V_nagniat,area,Burnishing,nagniat,simple
640.521313185663,289.77462995164757,347.8317815466067,820.5972152442514,410.8437237790098,803.7426150092576,12714.355646955537,10313.574305428681,44965.60414799983,350.74668323401534,292.6895316390562,409.75349146524155,16.85460023499368,2400.781341526856,-32251.248501044294,0.0,0.0,/Users/dawid/Library/Mobile Documents/com~apple~CloudDocs/Dokumenty/Publikacje własne/Manuscripts/Quantum_interference/data/P1-Ti6A14V_nagniat.sur,713.2692385428184,810.0000000000001,809.0,532.0,655289.9999999508,Titanium,Ti6A14V,quantum_like,256,256,0,P1,P1-Ti6A14V_nagniat,area,Burnishing,nagniat,simple
250.69677773677054,289.77462995164757,347.8317815466067,325.15827195263176,410.8437237790098,803.7426150092576,5258.811630296126,10313.574305428681,44965.60414799983,-39.07785221487706,-97.13500380983615,-85.68545182637803,-478.58434305662587,-5054.762675132554,-39706.7925177037,0.0,0.0,/Users/dawid/Library/Mobile Documents/com~apple~CloudDocs/Dokumenty/Publikacje własne/Manuscripts/Quantum_interference/data/P1-Ti6A14V_nagniat.sur,286.1142745958647,810.0000000000001,809.0,532.0,655289.9999999508,Titanium,Ti6A14V,hybrid,256,256,0,P1,P1-Ti6A14V_nagniat,area,Burnishing,nagniat,simple
627.3416942956094,289.77462995164757,347.8317815466067,827.1030492708293,410.8437237790098,803.7426150092576,6875.934930192292,10313.574305428681,44965.60414799983,337.56706434396176,279.5099127490027,416.2593254918195,23.360434261571616,-3437.6393752363883,-38089.66921780754,0.0,0.0,/Users/dawid/Library/Mobile Documents/com~apple~CloudDocs/Dokumenty/Publikacje własne/Manuscripts/Quantum_interference/data/P1-Ti6A14V_nagniat.sur,914.158560534073,810.0000000000001,809.0,532.0,655289.9999999508,Titanium,Ti6A14V,classical,256,256,1,P1,P1-Ti6A14V_nagniat,area,Burnishing,nagniat,simple
640.2147108947844,289.77462995164757,347.8317815466067,820.3397686692343,410.8437237790098,803.7426150092576,14032.839439349966,10313.574305428681,44965.60414799983,350.44008094313676,292.3829293481777,409.49604489022454,16.59715365997665,3719.2651339212853,-30932.764708649865,0.0,0.0,/Users/dawid/Library/Mobile Documents/com~apple~CloudDocs/Dokumenty/Publikacje własne/Manuscripts/Quantum_interference/data/P1-Ti6A14V_nagniat.sur,712.3930365436379,810.0000000000001,809.0,532.0,655289.9999999508,Titanium,Ti6A14V,quantum_like,256,256,1,P1,P1-Ti6A14V_nagniat,area,Burnishing,nagniat,simple
248.25035565135212,289.77462995164757,347.8317815466067,323.92115074218685,410.8437237790098,803.7426150092576,5768.745216471981,10313.574305428681,44965.60414799983,-41.524274300295474,-99.58142589525457,-86.92257303682295,-479.82146426707084,-4544.829088956701,-39196.858931527844,0.0,0.0,/Users/dawid/Library/Mobile Documents/com~apple~CloudDocs/Dokumenty/Publikacje własne/Manuscripts/Quantum_interference/data/P1-Ti6A14V_nagniat.sur,287.62535376874933,810.0000000000001,809.0,532.0,655289.9999999508,Titanium,Ti6A14V,hybrid,256,256,1,P1,P1-Ti6A14V_nagniat,area,Burnishing,nagniat,simple
626.3854178291111,289.77462995164757,347.8317815466067,822.488385875745,410.8437237790098,803.7426150092576,6874.830634556837,10313.574305428681,44965.60414799983,336.6107878774635,278.5536362825044,411.6446620967353,18.74577086648743,-3438.7436708718433,-38090.77351344299,0.0,0.0,/Users/dawid/Library/Mobile Documents/com~apple~CloudDocs/Dokumenty/Publikacje własne/Manuscripts/Quantum_interference/data/P1-Ti6A14V_nagniat.sur,909.2983350202148,810.0000000000001,809.0,532.0,655289.9999999508,Titanium,Ti6A14V,classical,256,256,2,P1,P1-Ti6A14V_nagniat,area,Burnishing,nagniat,simple
639.9611455350916,289.77462995164757,347.8317815466067,819.1257254046876,410.8437237790098,803.7426150092576,14145.774492113518,10313.574305428681,44965.60414799983,350.1865155834441,292.129363988485,408.2820016256778,15.383110395429949,3832.2001866848373,-30819.829655886315,0.0,0.0,/Users/dawid/Library/Mobile Documents/com~apple~CloudDocs/Dokumenty/Publikacje własne/Manuscripts/Quantum_interference/data/P1-Ti6A14V_nagniat.sur,709.7227709912061,810.0000000000001,809.0,532.0,655289.9999999508,Titanium,Ti6A14V,quantum_like,256,256,2,P1,P1-Ti6A14V_nagniat,area,Burnishing,nagniat,simple
247.32585260715487,289.77462995164757,347.8317815466067,323.02319832583845,410.8437237790098,803.7426150092576,5746.475986181748,10313.574305428681,44965.60414799983,-42.44877734449272,-100.5059289394518,-87.82052545317136,-480.71941668341924,-4567.098319246932,-39219.12816181809,0.0,0.0,/Users/dawid/Library/Mobile Documents/com~apple~CloudDocs/Dokumenty/Publikacje własne/Manuscripts/Quantum_interference/data/P1-Ti6A14V_nagniat.sur,285.62101270838195,810.0000000000001,809.0,532.0,655289.9999999508,Titanium,Ti6A14V,hybrid,256,256,2,P1,P1-Ti6A14V_nagniat,area,Burnishing,nagniat,simple
628.0578920482884,289.77462995164757,347.8317815466067,827.953261677805,410.8437237790098,803.7426150092576,7142.737376647519,10313.574305428681,44965.60414799983,338.2832620966408,280.2261105016817,417.1095378987952,24.21064666854732,-3170.836928781161,-37822.86677135231,0.0,0.0,/Users/dawid/Library/Mobile Documents/com~apple~CloudDocs/Dokumenty/Publikacje własne/Manuscripts/Quantum_interference/data/P1-Ti6A14V_nagniat.sur,915.698138357711,810.0000000000001,809.0,532.0,655289.9999999508,Titanium,Ti6A14V,classical,256,256,3,P1,P1-Ti6A14V_nagniat,area,Burnishing,nagniat,simple
639.4032813619823,289.77462995164757,347.8317815466067,820.5929786888101,410.8437237790098,803.7426150092576,13798.027593908488,10313.574305428681,44965.60414799983,349.6286514103347,291.5714998153756,409.74925490980036,16.850363679552448,3484.4532884798064,-31167.57655409134,0.0,0.0,/Users/dawid/Library/Mobile Documents/com~apple~CloudDocs/Dokumenty/Publikacje własne/Manuscripts/Quantum_interference/data/P1-Ti6A14V_nagniat.sur,711.665215532886,810.0000000000001,809.0,532.0,655289.9999999508,Titanium,Ti6A14V,quantum_like,256,256,3,P1,P1-Ti6A14V_nagniat,area,Burnishing,nagniat,simple
246.2694533276357,289.77462995164757,347.8317815466067,322.2824871013745,410.8437237790098,803.7426150092576,5436.108992275452,10313.574305428681,44965.60414799983,-43.505176624011895,-101.56232821897098,-88.56123667763528,-481.46012790788325,-4877.4653131532295,-39529.49515572438,0.0,0.0,/Users/dawid/Library/Mobile Documents/com~apple~CloudDocs/Dokumenty/Publikacje własne/Manuscripts/Quantum_interference/data/P1-Ti6A14V_nagniat.sur,286.4304703079606,810.0000000000001,809.0,532.0,655289.9999999508,Titanium,Ti6A14V,hybrid,256,256,3,P1,P1-Ti6A14V_nagniat,area,Burnishing,nagniat,simple
516.4251063046869,103.18491123593812,120.19932196150366,637.5511614006431,123.73059001201017,143.5085523769773,4645.858553330672,2667.2561281473622,3825.7073651355636,413.24019506874885,396.2257843431833,513.820571388633,494.0426090236658,1978.60242518331,820.1511881951087,0.0,0.0,/Users/dawid/Library/Mobile Documents/com~apple~CloudDocs/Dokumenty/Publikacje własne/Manuscripts/Quantum_interference/data/P1-Ti6A14V_t_wyk.sur,644.2377308036397,810.0000000000001,809.0,532.0,655289.9999999508,Titanium,Ti6A14V,classical,256,256,0,P1,P1-Ti6A14V_t_wyk,area,Turning (finishing),t_wyk,simple
574.8068156599126,103.18491123593812,120.19932196150366,721.5285352641034,123.73059001201017,143.5085523769773,6437.344169743806,2667.2561281473622,3825.7073651355636,471.6219044239745,454.607493698409,597.7979452520933,578.0199828871262,3770.0880415964434,2611.636804608242,0.0,0.0,/Users/dawid/Library/Mobile Documents/com~apple~CloudDocs/Dokumenty/Publikacje własne/Manuscripts/Quantum_interference/data/P1-Ti6A14V_t_wyk.sur,711.1324172402745,810.0000000000001,809.0,532.0,655289.9999999508,Titanium,Ti6A14V,quantum_like,256,256,0,P1,P1-Ti6A14V_t_wyk,area,Turning (finishing),t_wyk,simple
136.35725390845175,103.18491123593812,120.19932196150366,165.68756497531922,123.73059001201017,143.5085523769773,1316.9048614625226,2667.2561281473622,3825.7073651355636,33.172342672513636,16.1579319469481,41.956974963309044,22.179012598341924,-1350.3512666848396,-2508.802503673041,0.0,0.0,/Users/dawid/Library/Mobile Documents/com~apple~CloudDocs/Dokumenty/Publikacje własne/Manuscripts/Quantum_interference/data/P1-Ti6A14V_t_wyk.sur,185.255896342953,810.0000000000001,809.0,532.0,655289.9999999508,Titanium,Ti6A14V,hybrid,256,256,0,P1,P1-Ti6A14V_t_wyk,area,Turning (finishing),t_wyk,simple
513.8397351195993,103.18491123593812,120.19932196150366,633.3913191160705,123.73059001201017,143.5085523769773,4658.892091607904,2667.2561281473622,3825.7073651355636,410.65482388366115,393.6404131580956,509.66072910406035,489.8827667390932,1991.6359634605421,833.1847264723409,0.0,0.0,/Users/dawid/Library/Mobile Documents/com~apple~CloudDocs/Dokumenty/Publikacje własne/Manuscripts/Quantum_interference/data/P1-Ti6A14V_t_wyk.sur,640.1722201689219,810.0000000000001,809.0,532.0,655289.9999999508,Titanium,Ti6A14V,classical,256,256,1,P1,P1-Ti6A14V_t_wyk,area,Turning (finishing),t_wyk,simple
575.4911522218885,103.18491123593812,120.19932196150366,721.6329581183564,123.73059001201017,143.5085523769773,6780.310183532019,2667.2561281473622,3825.7073651355636,472.30624098595035,455.2918302603848,597.9023681063463,578.1244057413792,4113.054055384658,2954.602818396456,0.0,0.0,/Users/dawid/Library/Mobile Documents/com~apple~CloudDocs/Dokumenty/Publikacje własne/Manuscripts/Quantum_interference/data/P1-Ti6A14V_t_wyk.sur,710.3265130535405,810.0000000000001,809.0,532.0,655289.9999999508,Titanium,Ti6A14V,quantum_like,256,256,1,P1,P1-Ti6A14V_t_wyk,area,Turning (finishing),t_wyk,simple
138.68337185692374,103.18491123593812,120.19932196150366,168.37156260174788,123.73059001201017,143.5085523769773,1399.5340959114244,2667.2561281473622,3825.7073651355636,35.498460620985625,18.48404989542009,44.6409725897377,24.86301022477058,-1267.7220322359376,-2426.173269224139,0.0,0.0,/Users/dawid/Library/Mobile Documents/com~apple~CloudDocs/Dokumenty/Publikacje własne/Manuscripts/Quantum_interference/data/P1-Ti6A14V_t_wyk.sur,187.87099492163088,810.0000000000001,809.0,532.0,655289.9999999508,Titanium,Ti6A14V,hybrid,256,256,1,P1,P1-Ti6A14V_t_wyk,area,Turning (finishing),t_wyk,simple
516.0611224937767,103.18491123593812,120.19932196150366,639.8120223312808,123.73059001201017,143.5085523769773,4570.776545274814,2667.2561281473622,3825.7073651355636,412.87621125783863,395.8618005322731,516.0814323192707,496.3034699543035,1903.5204171274522,745.0691801392508,0.0,0.0,/Users/dawid/Library/Mobile Documents/com~apple~CloudDocs/Dokumenty/Publikacje własne/Manuscripts/Quantum_interference/data/P1-Ti6A14V_t_wyk.sur,647.4934387355463,810.0000000000001,809.0,532.0,655289.9999999508,Titanium,Ti6A14V,classical,256,256,2,P1,P1-Ti6A14V_t_wyk,area,Turning (finishing),t_wyk,simple
571.6137905967299,103.18491123593812,120.19932196150366,715.691174982475,123.73059001201017,143.5085523769773,6029.688758400584,2667.2561281473622,3825.7073651355636,468.4288793607919,451.41446863522634,591.9605849704648,572.1826226054976,3362.4326302532227,2203.9813932650213,0.0,0.0,/Users/dawid/Library/Mobile Documents/com~apple~CloudDocs/Dokumenty/Publikacje własne/Manuscripts/Quantum_interference/data/P1-Ti6A14V_t_wyk.sur,705.3232521299163,810.0000000000001,809.0,532.0,655289.9999999508,Titanium,Ti6A14V,quantum_like,256,256,2,P1,P1-Ti6A14V_t_wyk,area,Turning (finishing),t_wyk,simple
134.74780035864,103.18491123593812,120.19932196150366,164.24131301533617,123.73059001201017,143.5085523769773,1383.445316875612,2667.2561281473622,3825.7073651355636,31.56288912270188,14.54847839713634,40.51072300332602,20.732760638358897,-1283.81081127175,-2442.2620482599514,0.0,0.0,/Users/dawid/Library/Mobile Documents/com~apple~CloudDocs/Dokumenty/Publikacje własne/Manuscripts/Quantum_interference/data/P1-Ti6A14V_t_wyk.sur,186.35447345223514,810.0000000000001,809.0,532.0,655289.9999999508,Titanium,Ti6A14V,hybrid,256,256,2,P1,P1-Ti6A14V_t_wyk,area,Turning (finishing),t_wyk,simple
511.3679133344995,103.18491123593812,120.19932196150366,631.2029305587396,123.73059001201017,143.5085523769773,4608.086336213503,2667.2561281473622,3825.7073651355636,408.1830020985614,391.1685913729959,507.4723405467294,487.6943781817623,1940.8302080661415,782.3789710779402,0.0,0.0,/Users/dawid/Library/Mobile Documents/com~apple~CloudDocs/Dokumenty/Publikacje własne/Manuscripts/Quantum_interference/data/P1-Ti6A14V_t_wyk.sur,638.1313711041118,810.0000000000001,809.0,532.0,655289.9999999508,Titanium,Ti6A14V,classical,256,256,3,P1,P1-Ti6A14V_t_wyk,area,Turning (finishing),t_wyk,simple
573.3163394160305,103.18491123593812,120.19932196150366,718.3528700090294,123.73059001201017,143.5085523769773,6512.0066784316095,2667.2561281473622,3825.7073651355636,470.13142818009237,453.11701745452683,594.6222799970192,574.8443176320521,3844.750550284247,2686.299313296046,0.0,0.0,/Users/dawid/Library/Mobile Documents/com~apple~CloudDocs/Dokumenty/Publikacje własne/Manuscripts/Quantum_interference/data/P1-Ti6A14V_t_wyk.sur,707.924750484999,810.0000000000001,809.0,532.0,655289.9999999508,Titanium,Ti6A14V,quantum_like,256,256,3,P1,P1-Ti6A14V_t_wyk,area,Turning (finishing),t_wyk,simple
135.8080598142749,103.18491123593812,120.19932196150366,165.44806973828832,123.73059001201017,143.5085523769773,1277.3738000210235,2667.2561281473622,3825.7073651355636,32.6231485783368,15.608737852771268,41.71747972627815,21.939517361311026,-1389.8823281263387,-2548.33356511454,0.0,0.0,/Users/dawid/Library/Mobile Documents/com~apple~CloudDocs/Dokumenty/Publikacje własne/Manuscripts/Quantum_interference/data/P1-Ti6A14V_t_wyk.sur,185.2780054731974,810.0000000000001,809.0,532.0,655289.9999999508,Titanium,Ti6A14V,hybrid,256,256,3,P1,P1-Ti6A14V_t_wyk,area,Turning (finishing),t_wyk,simple
696.5795582268235,2932.855047006961,3004.2986216553054,916.4077411374751,3378.02639502885,3551.4597919526173,8271.33907708545,35489.60649569244,70976.5955354702,-2236.2754887801375,-2307.719063428482,-2461.618653891375,-2635.0520508151426,-27218.26741860699,-62705.25645838475,0.0,0.0,/Users/dawid/Library/Mobile Documents/com~apple~CloudDocs/Dokumenty/Publikacje własne/Manuscripts/Quantum_interference/data/P1-Ti6A14V_t_zgrub.sur,3531.69120048362,810.0000000000001,809.0,532.0,655289.9999999508,Titanium,Ti6A14V,classical,256,256,0,P1,P1-Ti6A14V_t_zgrub,area,Turning (roughing),t_zgrub,simple
2972.12531544137,2932.855047006961,3004.2986216553054,3454.2425091703203,3378.02639502885,3551.4597919526173,36588.34107069086,35489.60649569244,70976.5955354702,39.27026843440881,-32.17330621393578,76.21611414147061,-97.21728278229709,1098.734574998426,-34388.25446477933,0.0,0.0,/Users/dawid/Library/Mobile Documents/com~apple~CloudDocs/Dokumenty/Publikacje własne/Manuscripts/Quantum_interference/data/P1-Ti6A14V_t_zgrub.sur,711.0170069778029,810.0000000000001,809.0,532.0,655289.9999999508,Titanium,Ti6A14V,quantum_like,256,256,0,P1,P1-Ti6A14V_t_zgrub,area,Turning (roughing),t_zgrub,simple
1843.1369181368057,2932.855047006961,3004.2986216553054,2132.9594216606292,3378.02639502885,3551.4597919526173,12477.438269438491,35489.60649569244,70976.5955354702,-1089.7181288701554,-1161.1617035185,-1245.0669733682205,-1418.5003702919882,-23012.168226253947,-58499.15726603171,0.0,0.0,/Users/dawid/Library/Mobile Documents/com~apple~CloudDocs/Dokumenty/Publikacje własne/Manuscripts/Quantum_interference/data/P1-Ti6A14V_t_zgrub.sur,1424.471263283069,810.0000000000001,809.0,532.0,655289.9999999508,Titanium,Ti6A14V,hybrid,256,256,0,P1,P1-Ti6A14V_t_zgrub,area,Turning (roughing),t_zgrub,simple
696.077012193042,2932.855047006961,3004.2986216553054,916.7658572692543,3378.02639502885,3551.4597919526173,8267.008855052496,35489.60649569244,70976.5955354702,-2236.778034813919,-2308.221609462263,-2461.2605377595955,-2634.693934683363,-27222.597640639942,-62709.586680417706,0.0,0.0,/Users/dawid/Library/Mobile Documents/com~apple~CloudDocs/Dokumenty/Publikacje własne/Manuscripts/Quantum_interference/data/P1-Ti6A14V_t_zgrub.sur,3532.8211020427875,810.0000000000001,809.0,532.0,655289.9999999508,Titanium,Ti6A14V,classical,256,256,1,P1,P1-Ti6A14V_t_zgrub,area,Turning (roughing),t_zgrub,simple
2971.6265740248546,2932.855047006961,3004.2986216553054,3452.0497471068716,3378.02639502885,3551.4597919526173,37411.64470313673,35489.60649569244,70976.5955354702,38.77152701789368,-32.67204763045091,74.02335207802196,-99.41004484574573,1922.038207444288,-33564.950832333474,0.0,0.0,/Users/dawid/Library/Mobile Documents/com~apple~CloudDocs/Dokumenty/Publikacje własne/Manuscripts/Quantum_interference/data/P1-Ti6A14V_t_zgrub.sur,708.3614369194511,810.0000000000001,809.0,532.0,655289.9999999508,Titanium,Ti6A14V,quantum_like,256,256,1,P1,P1-Ti6A14V_t_zgrub,area,Turning (roughing),t_zgrub,simple
1841.5868047159208,2932.855047006961,3004.2986216553054,2131.7708624600814,3378.02639502885,3551.4597919526173,12277.28411327903,35489.60649569244,70976.5955354702,-1091.2682422910402,-1162.7118169393848,-1246.2555325687686,-1419.6889294925363,-23212.322382413407,-58699.31142219117,0.0,0.0,/Users/dawid/Library/Mobile Documents/com~apple~CloudDocs/Dokumenty/Publikacje własne/Manuscripts/Quantum_interference/data/P1-Ti6A14V_t_zgrub.sur,1426.0540714919355,810.0000000000001,809.0,532.0,655289.9999999508,Titanium,Ti6A14V,hybrid,256,256,1,P1,P1-Ti6A14V_t_zgrub,area,Turning (roughing),t_zgrub,simple
695.0743824157212,2932.855047006961,3004.2986216553054,919.2127794364865,3378.02639502885,3551.4597919526173,8536.203985708267,35489.60649569244,70976.5955354702,-2237.7806645912397,-2309.224239239584,-2458.813615592363,-2632.247012516131,-26953.402509984167,-62440.39154976194,0.0,0.0,/Users/dawid/Library/Mobile Documents/com~apple~CloudDocs/Dokumenty/Publikacje własne/Manuscripts/Quantum_interference/data/P1-Ti6A14V_t_zgrub.sur,3533.898267038374,810.0000000000001,809.0,532.0,655289.9999999508,Titanium,Ti6A14V,classical,256,256,2,P1,P1-Ti6A14V_t_zgrub,area,Turning (roughing),t_zgrub,simple
2969.246124331581,2932.855047006961,3004.2986216553054,3449.248053805736,3378.02639502885,3551.4597919526173,36358.190128295486,35489.60649569244,70976.5955354702,36.3910773246202,-35.05249732372439,71.22165877688619,-102.21173814688152,868.5836326030471,-34618.405407174716,0.0,0.0,/Users/dawid/Library/Mobile Documents/com~apple~CloudDocs/Dokumenty/Publikacje własne/Manuscripts/Quantum_interference/data/P1-Ti6A14V_t_zgrub.sur,706.4357572001767,810.0000000000001,809.0,532.0,655289.9999999508,Titanium,Ti6A14V,quantum_like,256,256,2,P1,P1-Ti6A14V_t_zgrub,area,Turning (roughing),t_zgrub,simple
1840.0716387177868,2932.855047006961,3004.2986216553054,2129.397703587411,3378.02639502885,3551.4597919526173,12397.782247911355,35489.60649569244,70976.5955354702,-1092.783408289174,-1164.2269829375189,-1248.628691441439,-1422.0620883652068,-23091.824247781085,-58578.81328755885,0.0,0.0,/Users/dawid/Library/Mobile Documents/com~apple~CloudDocs/Dokumenty/Publikacje własne/Manuscripts/Quantum_interference/data/P1-Ti6A14V_t_zgrub.sur,1426.920479606781,810.0000000000001,809.0,532.0,655289.9999999508,Titanium,Ti6A14V,hybrid,256,256,2,P1,P1-Ti6A14V_t_zgrub,area,Turning (roughing),t_zgrub,simple
697.0102279022243,2932.855047006961,3004.2986216553054,916.970712205925,3378.02639502885,3551.4597919526173,8533.48664239033,35489.60649569244,70976.5955354702,-2235.8448191047364,-2307.2883937530814,-2461.0556828229246,-2634.4890797466924,-26956.11985330211,-62443.108893079865,0.0,0.0,/Users/dawid/Library/Mobile Documents/com~apple~CloudDocs/Dokumenty/Publikacje własne/Manuscripts/Quantum_interference/data/P1-Ti6A14V_t_zgrub.sur,3532.6441138521213,810.0000000000001,809.0,532.0,655289.9999999508,Titanium,Ti6A14V,classical,256,256,3,P1,P1-Ti6A14V_t_zgrub,area,Turning (roughing),t_zgrub,simple
2966.5602145401413,2932.855047006961,3004.2986216553054,3448.1738356672126,3378.02639502885,3551.4597919526173,34080.29248866183,35489.60649569244,70976.5955354702,33.70516753318055,-37.73840711516404,70.14744063836311,-103.2859562854046,-1409.3140070306092,-36896.303046808374,0.0,0.0,/Users/dawid/Library/Mobile Documents/com~apple~CloudDocs/Dokumenty/Publikacje własne/Manuscripts/Quantum_interference/data/P1-Ti6A14V_t_zgrub.sur,708.974153742227,810.0000000000001,809.0,532.0,655289.9999999508,Titanium,Ti6A14V,quantum_like,256,256,3,P1,P1-Ti6A14V_t_zgrub,area,Turning (roughing),t_zgrub,simple
1840.0675012897796,2932.855047006961,3004.2986216553054,2129.5146104364526,3378.02639502885,3551.4597919526173,12661.833798304047,35489.60649569244,70976.5955354702,-1092.7875457171813,-1164.2311203655258,-1248.511784592397,-1421.9451815161647,-22827.77269738839,-58314.761737166154,0.0,0.0,/Users/dawid/Library/Mobile Documents/com~apple~CloudDocs/Dokumenty/Publikacje własne/Manuscripts/Quantum_interference/data/P1-Ti6A14V_t_zgrub.sur,1427.301435523088,810.0000000000001,809.0,532.0,655289.9999999508,Titanium,Ti6A14V,hybrid,256,256,3,P1,P1-Ti6A14V_t_zgrub,area,Turning (roughing),t_zgrub,simple
699.1574056436847,207.04189770573768,409.00644899786334,906.1395166506833,258.27993904413785,520.0834351728039,6718.272837301325,7062.439869683003,19334.36500722471,492.115507937947,290.15095664582134,647.8595776065455,386.0560814778794,-344.167032381678,-12616.092169923386,0.0,0.0,/Users/dawid/Library/Mobile Documents/com~apple~CloudDocs/Dokumenty/Publikacje własne/Manuscripts/Quantum_interference/data/P1-Ti6A14V_wedm_wyk.sur,956.8248731222171,810.0000000000001,809.0,532.0,655289.9999999508,Titanium,Ti6A14V,classical,256,256,0,P1,P1-Ti6A14V_wedm_wyk,area,Wire EDM (finishing),wedm_wyk,simple
602.6430457223174,207.04189770573768,409.00644899786334,754.5442017101587,258.27993904413785,520.0834351728039,10388.82248817138,7062.439869683003,19334.36500722471,395.6011480165797,193.6365967244541,496.2642626660209,234.46076653735486,3326.3826184883756,-8945.542519053331,0.0,0.0,/Users/dawid/Library/Mobile Documents/com~apple~CloudDocs/Dokumenty/Publikacje własne/Manuscripts/Quantum_interference/data/P1-Ti6A14V_wedm_wyk.sur,710.2404143353975,810.0000000000001,809.0,532.0,655289.9999999508,Titanium,Ti6A14V,quantum_like,256,256,0,P1,P1-Ti6A14V_wedm_wyk,area,Wire EDM (finishing),wedm_wyk,simple
212.78682042554047,207.04189770573768,409.00644899786334,261.65634930446345,258.27993904413785,520.0834351728039,1916.864455450724,7062.439869683003,19334.36500722471,5.744922719802786,-196.21962857232285,3.376410260325645,-258.4270858683404,-5145.575414232279,-17417.500551773985,0.0,0.0,/Users/dawid/Library/Mobile Documents/com~apple~CloudDocs/Dokumenty/Publikacje własne/Manuscripts/Quantum_interference/data/P1-Ti6A14V_wedm_wyk.sur,200.5254217436605,810.0000000000001,809.0,532.0,655289.9999999508,Titanium,Ti6A14V,hybrid,256,256,0,P1,P1-Ti6A14V_wedm_wyk,area,Wire EDM (finishing),wedm_wyk,simple
705.7674053416117,207.04189770573768,409.00644899786334,912.8205202765384,258.27993904413785,520.0834351728039,7139.659394821242,7062.439869683003,19334.36500722471,498.72550763587395,296.7609563437484,654.5405812324007,392.73708510373456,77.21952513823861,-12194.705612403468,0.0,0.0,/Users/dawid/Library/Mobile Documents/com~apple~CloudDocs/Dokumenty/Publikacje własne/Manuscripts/Quantum_interference/data/P1-Ti6A14V_wedm_wyk.sur,964.157765271807,810.0000000000001,809.0,532.0,655289.9999999508,Titanium,Ti6A14V,classical,256,256,1,P1,P1-Ti6A14V_wedm_wyk,area,Wire EDM (finishing),wedm_wyk,simple
603.1998875521858,207.04189770573768,409.00644899786334,757.442902719394,258.27993904413785,520.0834351728039,9485.90401182651,7062.439869683003,19334.36500722471,396.1579898464482,194.19343855432254,499.1629636752562,237.3594675465901,2423.4641421435053,-9848.460995398202,0.0,0.0,/Users/dawid/Library/Mobile Documents/com~apple~CloudDocs/Dokumenty/Publikacje własne/Manuscripts/Quantum_interference/data/P1-Ti6A14V_wedm_wyk.sur,711.5520859166064,810.0000000000001,809.0,532.0,655289.9999999508,Titanium,Ti6A14V,quantum_like,256,256,1,P1,P1-Ti6A14V_wedm_wyk,area,Wire EDM (finishing),wedm_wyk,simple
212.7556416967662,207.04189770573768,409.00644899786334,263.24967535911003,258.27993904413785,520.0834351728039,2048.168299459136,7062.439869683003,19334.36500722471,5.71374399102851,-196.25080730109713,4.969736314972185,-256.83375981369386,-5014.271570223867,-17286.196707765575,0.0,0.0,/Users/dawid/Library/Mobile Documents/com~apple~CloudDocs/Dokumenty/Publikacje własne/Manuscripts/Quantum_interference/data/P1-Ti6A14V_wedm_wyk.sur,203.238225575469,810.0000000000001,809.0,532.0,655289.9999999508,Titanium,Ti6A14V,hybrid,256,256,1,P1,P1-Ti6A14V_wedm_wyk,area,Wire EDM (finishing),wedm_wyk,simple
712.8456166934866,207.04189770573768,409.00644899786334,923.4938473170452,258.27993904413785,520.0834351728039,6997.0771344976565,7062.439869683003,19334.36500722471,505.8037189877489,303.83916769562325,665.2139082729072,403.41041214424126,-65.36273518534719,-12337.287872727054,0.0,0.0,/Users/dawid/Library/Mobile Documents/com~apple~CloudDocs/Dokumenty/Publikacje własne/Manuscripts/Quantum_interference/data/P1-Ti6A14V_wedm_wyk.sur,974.6603109208074,810.0000000000001,809.0,532.0,655289.9999999508,Titanium,Ti6A14V,classical,256,256,2,P1,P1-Ti6A14V_wedm_wyk,area,Wire EDM (finishing),wedm_wyk,simple
602.7246516319453,207.04189770573768,409.00644899786334,755.079478338624,258.27993904413785,520.0834351728039,9166.905678304931,7062.439869683003,19334.36500722471,395.6827539262076,193.71820263408205,496.7995392944861,234.99604316582005,2104.465808621927,-10167.45932891978,0.0,0.0,/Users/dawid/Library/Mobile Documents/com~apple~CloudDocs/Dokumenty/Publikacje własne/Manuscripts/Quantum_interference/data/P1-Ti6A14V_wedm_wyk.sur,710.594638353193,810.0000000000001,809.0,532.0,655289.9999999508,Titanium,Ti6A14V,quantum_like,256,256,2,P1,P1-Ti6A14V_wedm_wyk,area,Wire EDM (finishing),wedm_wyk,simple
211.17066448706368,207.04189770573768,409.00644899786334,260.467608834683,258.27993904413785,520.0834351728039,1861.404678956411,7062.439869683003,19334.36500722471,4.128766781325976,-197.83578451079964,2.187669790545177,-259.6158263381209,-5201.035190726592,-17472.960328268302,0.0,0.0,/Users/dawid/Library/Mobile Documents/com~apple~CloudDocs/Dokumenty/Publikacje własne/Manuscripts/Quantum_interference/data/P1-Ti6A14V_wedm_wyk.sur,202.36521344051795,810.0000000000001,809.0,532.0,655289.9999999508,Titanium,Ti6A14V,hybrid,256,256,2,P1,P1-Ti6A14V_wedm_wyk,area,Wire EDM (finishing),wedm_wyk,simple
702.7631159055679,207.04189770573768,409.00644899786334,910.5421913246945,258.27993904413785,520.0834351728039,7079.330122234172,7062.439869683003,19334.36500722471,495.72121819983016,293.7566669077046,652.2622522805566,390.4587561518906,16.890252551169,-12255.034884990537,0.0,0.0,/Users/dawid/Library/Mobile Documents/com~apple~CloudDocs/Dokumenty/Publikacje własne/Manuscripts/Quantum_interference/data/P1-Ti6A14V_wedm_wyk.sur,954.1809673190716,810.0000000000001,809.0,532.0,655289.9999999508,Titanium,Ti6A14V,classical,256,256,3,P1,P1-Ti6A14V_wedm_wyk,area,Wire EDM (finishing),wedm_wyk,simple
600.8234492325346,207.04189770573768,409.00644899786334,753.7575515721156,258.27993904413785,520.0834351728039,9296.67713966363,7062.439869683003,19334.36500722471,393.7815515267968,191.8170002346712,495.47761252797784,233.67411639931177,2234.2372699806265,-10037.68786756108,0.0,0.0,/Users/dawid/Library/Mobile Documents/com~apple~CloudDocs/Dokumenty/Publikacje własne/Manuscripts/Quantum_interference/data/P1-Ti6A14V_wedm_wyk.sur,708.3832707485673,810.0000000000001,809.0,532.0,655289.9999999508,Titanium,Ti6A14V,quantum_like,256,256,3,P1,P1-Ti6A14V_wedm_wyk,area,Wire EDM (finishing),wedm_wyk,simple
214.9202261427251,207.04189770573768,409.00644899786334,264.0891921756869,258.27993904413785,520.0834351728039,1881.4193186919397,7062.439869683003,19334.36500722471,7.878328436987433,-194.0862228551382,5.809253131549048,-255.994242997117,-5181.020550991064,-17452.94568853277,0.0,0.0,/Users/dawid/Library/Mobile Documents/com~apple~CloudDocs/Dokumenty/Publikacje własne/Manuscripts/Quantum_interference/data/P1-Ti6A14V_wedm_wyk.sur,200.84595339356105,810.0000000000001,809.0,532.0,655289.9999999508,Titanium,Ti6A14V,hybrid,256,256,3,P1,P1-Ti6A14V_wedm_wyk,area,Wire EDM (finishing),wedm_wyk,simple
684.4152411037062,3566.8007954163995,4401.629858763449,907.9142302415481,4516.990717477603,5552.950033863544,7369.74194142445,47676.136952479326,73584.54434948617,-2882.385554312694,-3717.2146176597435,-3609.076487236054,-4645.035803621997,-40306.395011054876,-66214.80240806172,0.0,0.0,/Users/dawid/Library/Mobile Documents/com~apple~CloudDocs/Dokumenty/Publikacje własne/Manuscripts/Quantum_interference/data/P1-Ti6A14V_wedm_zgru_1prz.sur,4605.710570432943,810.0000000000001,809.0,532.0,655289.9999999508,Titanium,Ti6A14V,classical,256,256,0,P1,P1-Ti6A14V_wedm_zgru_1prz,area,Wire EDM (roughing),wedm_zgru_1prz,simple
3611.5492994409415,3566.8007954163995,4401.629858763449,4569.4833152864685,4516.990717477603,5552.950033863544,48542.80783131998,47676.136952479326,73584.54434948617,44.74850402454188,-790.080559322508,52.492597808866556,-983.4667185770757,866.670878840655,-25041.73651816619,0.0,0.0,/Users/dawid/Library/Mobile Documents/com~apple~CloudDocs/Dokumenty/Publikacje własne/Manuscripts/Quantum_interference/data/P1-Ti6A14V_wedm_zgru_1prz.sur,710.9459077784076,810.0000000000001,809.0,532.0,655289.9999999508,Titanium,Ti6A14V,quantum_like,256,256,0,P1,P1-Ti6A14V_wedm_zgru_1prz,area,Wire EDM (roughing),wedm_zgru_1prz,simple
1699.8813365700114,3566.8007954163995,4401.629858763449,2151.5974837798462,4516.990717477603,5552.950033863544,21094.293876257536,47676.136952479326,73584.54434948617,-1866.9194588463884,-2701.748522193438,-2365.3932336977564,-3401.3525500836986,-26581.843076221794,-52490.25047322864,0.0,0.0,/Users/dawid/Library/Mobile Documents/com~apple~CloudDocs/Dokumenty/Publikacje własne/Manuscripts/Quantum_interference/data/P1-Ti6A14V_wedm_zgru_1prz.sur,3266.927077669836,810.0000000000001,809.0,532.0,655289.9999999508,Titanium,Ti6A14V,hybrid,256,256,0,P1,P1-Ti6A14V_wedm_zgru_1prz,area,Wire EDM (roughing),wedm_zgru_1prz,simple
677.6723374560532,3566.8007954163995,4401.629858763449,897.5901794296593,4516.990717477603,5552.950033863544,7384.530274899323,47676.136952479326,73584.54434948617,-2889.128457960346,-3723.9575213073963,-3619.400538047943,-4655.359854433885,-40291.60667758001,-66200.01407458686,0.0,0.0,/Users/dawid/Library/Mobile Documents/com~apple~CloudDocs/Dokumenty/Publikacje własne/Manuscripts/Quantum_interference/data/P1-Ti6A14V_wedm_zgru_1prz.sur,4603.041069069095,810.0000000000001,809.0,532.0,655289.9999999508,Titanium,Ti6A14V,classical,256,256,1,P1,P1-Ti6A14V_wedm_zgru_1prz,area,Wire EDM (roughing),wedm_zgru_1prz,simple
3610.069696556847,3566.8007954163995,4401.629858763449,4569.125982237317,4516.990717477603,5552.950033863544,47633.15397348107,47676.136952479326,73584.54434948617,43.26890114044719,-791.5601622066026,52.13526475971477,-983.8240516262274,-42.98297899825811,-25951.390376005103,0.0,0.0,/Users/dawid/Library/Mobile Documents/com~apple~CloudDocs/Dokumenty/Publikacje własne/Manuscripts/Quantum_interference/data/P1-Ti6A14V_wedm_zgru_1prz.sur,705.8294549211955,810.0000000000001,809.0,532.0,655289.9999999508,Titanium,Ti6A14V,quantum_like,256,256,1,P1,P1-Ti6A14V_wedm_zgru_1prz,area,Wire EDM (roughing),wedm_zgru_1prz,simple
1697.497701307666,3566.8007954163995,4401.629858763449,2148.2204206746046,4516.990717477603,5552.950033863544,21093.82990393142,47676.136952479326,73584.54434948617,-1869.3030941087336,-2704.1321574557837,-2368.7702968029976,-3404.7296131889398,-26582.307048547907,-52490.71444555475,0.0,0.0,/Users/dawid/Library/Mobile Documents/com~apple~CloudDocs/Dokumenty/Publikacje własne/Manuscripts/Quantum_interference/data/P1-Ti6A14V_wedm_zgru_1prz.sur,3267.616667279911,810.0000000000001,809.0,532.0,655289.9999999508,Titanium,Ti6A14V,hybrid,256,256,1,P1,P1-Ti6A14V_wedm_zgru_1prz,area,Wire EDM (roughing),wedm_zgru_1prz,simple
681.7320834978577,3566.8007954163995,4401.629858763449,899.8422444198511,4516.990717477603,5552.950033863544,7534.558963822695,47676.136952479326,73584.54434948617,-2885.068711918542,-3719.8977752655915,-3617.1484730577513,-4653.107789443693,-40141.57798865663,-66049.98538566347,0.0,0.0,/Users/dawid/Library/Mobile Documents/com~apple~CloudDocs/Dokumenty/Publikacje własne/Manuscripts/Quantum_interference/data/P1-Ti6A14V_wedm_zgru_1prz.sur,4603.085699000907,810.0000000000001,809.0,532.0,655289.9999999508,Titanium,Ti6A14V,classical,256,256,2,P1,P1-Ti6A14V_wedm_zgru_1prz,area,Wire EDM (roughing),wedm_zgru_1prz,simple
3606.868547037004,3566.8007954163995,4401.629858763449,4569.13805538678,4516.990717477603,5552.950033863544,46135.12833003111,47676.136952479326,73584.54434948617,40.067751620604795,-794.761311726445,52.147337909178034,-983.8119784767642,-1541.0086224482188,-27449.416019455064,0.0,0.0,/Users/dawid/Library/Mobile Documents/com~apple~CloudDocs/Dokumenty/Publikacje własne/Manuscripts/Quantum_interference/data/P1-Ti6A14V_wedm_zgru_1prz.sur,704.6858109428949,810.0000000000001,809.0,532.0,655289.9999999508,Titanium,Ti6A14V,quantum_like,256,256,2,P1,P1-Ti6A14V_wedm_zgru_1prz,area,Wire EDM (roughing),wedm_zgru_1prz,simple
1697.6024182413512,3566.8007954163995,4401.629858763449,2147.3836726319423,4516.990717477603,5552.950033863544,20827.99761656023,47676.136952479326,73584.54434948617,-1869.1983771750483,-2704.0274405220985,-2369.6070448456603,-3405.5663612316025,-26848.139335919095,-52756.54673292594,0.0,0.0,/Users/dawid/Library/Mobile Documents/com~apple~CloudDocs/Dokumenty/Publikacje własne/Manuscripts/Quantum_interference/data/P1-Ti6A14V_wedm_zgru_1prz.sur,3266.972777726536,810.0000000000001,809.0,532.0,655289.9999999508,Titanium,Ti6A14V,hybrid,256,256,2,P1,P1-Ti6A14V_wedm_zgru_1prz,area,Wire EDM (roughing),wedm_zgru_1prz,simple
675.0374217897142,3566.8007954163995,4401.629858763449,894.405248582343,4516.990717477603,5552.950033863544,7362.640848065928,47676.136952479326,73584.54434948617,-2891.7633736266853,-3726.5924369737354,-3622.585468895259,-4658.544785281201,-40313.4961044134,-66221.90350142025,0.0,0.0,/Users/dawid/Library/Mobile Documents/com~apple~CloudDocs/Dokumenty/Publikacje własne/Manuscripts/Quantum_interference/data/P1-Ti6A14V_wedm_zgru_1prz.sur,4602.810404211416,810.0000000000001,809.0,532.0,655289.9999999508,Titanium,Ti6A14V,classical,256,256,3,P1,P1-Ti6A14V_wedm_zgru_1prz,area,Wire EDM (roughing),wedm_zgru_1prz,simple
3613.0519070856317,3566.8007954163995,4401.629858763449,4575.925857603597,4516.990717477603,5552.950033863544,48045.0058341242,47676.136952479326,73584.54434948617,46.25111166923193,-788.577951677818,58.93514012599485,-977.0241762599474,368.86888164487,-25539.538515361975,0.0,0.0,/Users/dawid/Library/Mobile Documents/com~apple~CloudDocs/Dokumenty/Publikacje własne/Manuscripts/Quantum_interference/data/P1-Ti6A14V_wedm_zgru_1prz.sur,710.2148560778338,810.0000000000001,809.0,532.0,655289.9999999508,Titanium,Ti6A14V,quantum_like,256,256,3,P1,P1-Ti6A14V_wedm_zgru_1prz,area,Wire EDM (roughing),wedm_zgru_1prz,simple
1701.1669997443241,3566.8007954163995,4401.629858763449,2152.7110174457534,4516.990717477603,5552.950033863544,21093.270128301825,47676.136952479326,73584.54434948617,-1865.6337956720754,-2700.462859019125,-2364.2797000318487,-3400.239016417791,-26582.8668241775,-52491.27422118434,0.0,0.0,/Users/dawid/Library/Mobile Documents/com~apple~CloudDocs/Dokumenty/Publikacje własne/Manuscripts/Quantum_interference/data/P1-Ti6A14V_wedm_zgru_1prz.sur,3264.898031761111,810.0000000000001,809.0,532.0,655289.9999999508,Titanium,Ti6A14V,hybrid,256,256,3,P1,P1-Ti6A14V_wedm_zgru_1prz,area,Wire EDM (roughing),wedm_zgru_1prz,simple
450.51160455516225,301.41656181188597,313.44194181447756,572.4225227151568,434.7065418322733,820.2161239650844,5572.637365868591,8952.504640216148,41617.377154131675,149.09504274327628,137.06966274068472,137.71598088288349,-247.7936012499276,-3379.867274347558,-36044.73978826308,0.0,0.0,/Users/dawid/Library/Mobile Documents/com~apple~CloudDocs/Dokumenty/Publikacje własne/Manuscripts/Quantum_interference/data/Ti_oselkowane.sur,686.0140667436991,810.0000000000001,809.0,532.0,655289.9999999508,Titanium,Ti,classical,256,256,0,,Ti_oselkowane,area,Honed,oselkowane,simple
646.1011610457114,301.41656181188597,313.44194181447756,830.0326562473327,434.7065418322733,820.2161239650844,10924.204961986785,8952.504640216148,41617.377154131675,344.68459923382534,332.6592192312338,395.32611441505946,9.816532282248357,1971.7003217706356,-30693.172192144888,0.0,0.0,/Users/dawid/Library/Mobile Documents/com~apple~CloudDocs/Dokumenty/Publikacje własne/Manuscripts/Quantum_interference/data/Ti_oselkowane.sur,707.4383787172995,810.0000000000001,809.0,532.0,655289.9999999508,Titanium,Ti,quantum_like,256,256,0,,Ti_oselkowane,area,Honed,oselkowane,simple
309.07646775731,301.41656181188597,313.44194181447756,398.6005518547349,434.7065418322733,820.2161239650844,4711.301546492845,8952.504640216148,41617.377154131675,7.659905945424059,-4.365474057167496,-36.105989977538414,-421.6155721103495,-4241.203093723304,-36906.07560763883,0.0,0.0,/Users/dawid/Library/Mobile Documents/com~apple~CloudDocs/Dokumenty/Publikacje własne/Manuscripts/Quantum_interference/data/Ti_oselkowane.sur,233.46206390683864,810.0000000000001,809.0,532.0,655289.9999999508,Titanium,Ti,hybrid,256,256,0,,Ti_oselkowane,area,Honed,oselkowane,simple
483.313780256356,301.41656181188597,313.44194181447756,609.64857953291,434.7065418322733,820.2161239650844,5858.224612691004,8952.504640216148,41617.377154131675,181.89721844447004,169.87183844187848,174.94203770063672,-210.56754443217437,-3094.2800275251443,-35759.15254144067,0.0,0.0,/Users/dawid/Library/Mobile Documents/com~apple~CloudDocs/Dokumenty/Publikacje własne/Manuscripts/Quantum_interference/data/Ti_oselkowane.sur,727.559355261818,810.0000000000001,809.0,532.0,655289.9999999508,Titanium,Ti,classical,256,256,1,,Ti_oselkowane,area,Honed,oselkowane,simple
649.1182323456442,301.41656181188597,313.44194181447756,833.5929310349583,434.7065418322733,820.2161239650844,11334.752110545414,8952.504640216148,41617.377154131675,347.7016705337582,335.67629053116667,398.88638920268494,13.376807069873855,2382.247470329265,-30282.62504358626,0.0,0.0,/Users/dawid/Library/Mobile Documents/com~apple~CloudDocs/Dokumenty/Publikacje własne/Manuscripts/Quantum_interference/data/Ti_oselkowane.sur,712.5548407471018,810.0000000000001,809.0,532.0,655289.9999999508,Titanium,Ti,quantum_like,256,256,1,,Ti_oselkowane,area,Honed,oselkowane,simple
309.77814610001974,301.41656181188597,313.44194181447756,400.47096502544997,434.7065418322733,820.2161239650844,4286.648892304802,8952.504640216148,41617.377154131675,8.361584288133747,-3.6637957144578084,-34.2355768068233,-419.7451589396344,-4665.855747911347,-37330.72826182687,0.0,0.0,/Users/dawid/Library/Mobile Documents/com~apple~CloudDocs/Dokumenty/Publikacje własne/Manuscripts/Quantum_interference/data/Ti_oselkowane.sur,235.37853113102287,810.0000000000001,809.0,532.0,655289.9999999508,Titanium,Ti,hybrid,256,256,1,,Ti_oselkowane,area,Honed,oselkowane,simple
450.0753353276431,301.41656181188597,313.44194181447756,573.422854131453,434.7065418322733,820.2161239650844,5840.48300857755,8952.504640216148,41617.377154131675,148.6587735157571,136.63339351316554,138.71631229917975,-246.79326983363134,-3112.0216316385986,-35776.89414555413,0.0,0.0,/Users/dawid/Library/Mobile Documents/com~apple~CloudDocs/Dokumenty/Publikacje własne/Manuscripts/Quantum_interference/data/Ti_oselkowane.sur,688.1036999880275,810.0000000000001,809.0,532.0,655289.9999999508,Titanium,Ti,classical,256,256,2,,Ti_oselkowane,area,Honed,oselkowane,simple
645.3419135774168,301.41656181188597,313.44194181447756,829.5008818605144,434.7065418322733,820.2161239650844,11209.051149016785,8952.504640216148,41617.377154131675,343.92535176553076,331.8999717629392,394.7943400282411,9.284757895430014,2256.5465088006367,-30408.32600511489,0.0,0.0,/Users/dawid/Library/Mobile Documents/com~apple~CloudDocs/Dokumenty/Publikacje własne/Manuscripts/Quantum_interference/data/Ti_oselkowane.sur,706.6070061639181,810.0000000000001,809.0,532.0,655289.9999999508,Titanium,Ti,quantum_like,256,256,2,,Ti_oselkowane,area,Honed,oselkowane,simple
310.5366722956496,301.41656181188597,313.44194181447756,401.81886828983943,434.7065418322733,820.2161239650844,4094.178444986704,8952.504640216148,41617.377154131675,9.120110483763645,-2.9052695188279114,-32.887673542433866,-418.39725567524493,-4858.326195229444,-37523.19870914497,0.0,0.0,/Users/dawid/Library/Mobile Documents/com~apple~CloudDocs/Dokumenty/Publikacje własne/Manuscripts/Quantum_interference/data/Ti_oselkowane.sur,235.8048552880384,810.0000000000001,809.0,532.0,655289.9999999508,Titanium,Ti,hybrid,256,256,2,,Ti_oselkowane,area,Honed,oselkowane,simple
448.7744321397172,301.41656181188597,313.44194181447756,569.4220019976291,434.7065418322733,820.2161239650844,5573.216279071402,8952.504640216148,41617.377154131675,147.3578703278312,135.33249032523966,134.71546016535572,-250.79412196745537,-3379.2883611447464,-36044.16087506027,0.0,0.0,/Users/dawid/Library/Mobile Documents/com~apple~CloudDocs/Dokumenty/Publikacje własne/Manuscripts/Quantum_interference/data/Ti_oselkowane.sur,684.4557324288189,810.0000000000001,809.0,532.0,655289.9999999508,Titanium,Ti,classical,256,256,3,,Ti_oselkowane,area,Honed,oselkowane,simple
647.0831717184077,301.41656181188597,313.44194181447756,831.4371750110618,434.7065418322733,820.2161239650844,10619.487004388227,8952.504640216148,41617.377154131675,345.66660990652167,333.64122990393014,396.7306331787885,11.22105104597739,1666.9823641720784,-30997.89014974345,0.0,0.0,/Users/dawid/Library/Mobile Documents/com~apple~CloudDocs/Dokumenty/Publikacje własne/Manuscripts/Quantum_interference/data/Ti_oselkowane.sur,709.2311533240413,810.0000000000001,809.0,532.0,655289.9999999508,Titanium,Ti,quantum_like,256,256,3,,Ti_oselkowane,area,Honed,oselkowane,simple
311.8885243286992,301.41656181188597,313.44194181447756,401.9086634614742,434.7065418322733,820.2161239650844,4084.0197232336786,8952.504640216148,41617.377154131675,10.47196251681322,-1.5534174857783365,-32.79787837079911,-418.30746050361023,-4868.48491698247,-37533.357430897995,0.0,0.0,/Users/dawid/Library/Mobile Documents/com~apple~CloudDocs/Dokumenty/Publikacje własne/Manuscripts/Quantum_interference/data/Ti_oselkowane.sur,236.15660927603247,810.0000000000001,809.0,532.0,655289.9999999508,Titanium,Ti,hybrid,256,256,3,,Ti_oselkowane,area,Honed,oselkowane,simple
665.5878595332481,352.99595449299903,362.86787323690766,870.6923713659633,437.7957437668097,450.1454615793234,7661.4606915193435,2797.1289201102377,5483.871984749424,312.5919050402491,302.71998629634044,432.89662759915353,420.54690978663984,4864.331771409105,2177.5887067699186,0.0,0.0,/Users/dawid/Library/Mobile Documents/com~apple~CloudDocs/Dokumenty/Publikacje własne/Manuscripts/Quantum_interference/data/Ti_szkielkowane.sur,931.1282345961235,810.0000000000001,809.0,532.0,655289.9999999508,Titanium,Ti,classical,256,256,0,,Ti_szkielkowane,area,Glass bead blasted,szkielkowane,simple
661.6512017302723,352.99595449299903,362.86787323690766,829.0303662044357,437.7957437668097,450.1454615793234,7466.953782416712,2797.1289201102377,5483.871984749424,308.6552472372732,298.7833284933646,391.23462243762594,378.8849046251123,4669.824862306474,1983.081797667287,0.0,0.0,/Users/dawid/Library/Mobile Documents/com~apple~CloudDocs/Dokumenty/Publikacje własne/Manuscripts/Quantum_interference/data/Ti_szkielkowane.sur,705.639782049583,810.0000000000001,809.0,532.0,655289.9999999508,Titanium,Ti,quantum_like,256,256,0,,Ti_szkielkowane,area,Glass bead blasted,szkielkowane,simple
342.6699485595729,352.99595449299903,362.86787323690766,426.49315913058797,437.7957437668097,450.1454615793234,2866.890496581304,2797.1289201102377,5483.871984749424,-10.326005933426153,-20.19792467733479,-11.302584636221804,-23.652302448735465,69.76157647106648,-2616.9814881681204,0.0,0.0,/Users/dawid/Library/Mobile Documents/com~apple~CloudDocs/Dokumenty/Publikacje własne/Manuscripts/Quantum_interference/data/Ti_szkielkowane.sur,212.8573808226719,810.0000000000001,809.0,532.0,655289.9999999508,Titanium,Ti,hybrid,256,256,0,,Ti_szkielkowane,area,Glass bead blasted,szkielkowane,simple
664.7173196092925,352.99595449299903,362.86787323690766,870.7710222200957,437.7957437668097,450.1454615793234,7664.116925835266,2797.1289201102377,5483.871984749424,311.72136511629344,301.8494463723848,432.97527845328597,420.6255606407723,4866.9880057250275,2180.244941085841,0.0,0.0,/Users/dawid/Library/Mobile Documents/com~apple~CloudDocs/Dokumenty/Publikacje własne/Manuscripts/Quantum_interference/data/Ti_szkielkowane.sur,931.8157256142456,810.0000000000001,809.0,532.0,655289.9999999508,Titanium,Ti,classical,256,256,1,,Ti_szkielkowane,area,Glass bead blasted,szkielkowane,simple
664.987812044965,352.99595449299903,362.86787323690766,832.3823137272582,437.7957437668097,450.1454615793234,6831.116592597852,2797.1289201102377,5483.871984749424,311.99185755196595,302.1199388080573,394.58656996044846,382.2368521479348,4033.987672487614,1347.2446078484272,0.0,0.0,/Users/dawid/Library/Mobile Documents/com~apple~CloudDocs/Dokumenty/Publikacje własne/Manuscripts/Quantum_interference/data/Ti_szkielkowane.sur,707.3271319048654,810.0000000000001,809.0,532.0,655289.9999999508,Titanium,Ti,quantum_like,256,256,1,,Ti_szkielkowane,area,Glass bead blasted,szkielkowane,simple
345.3607037195572,352.99595449299903,362.86787323690766,430.2770153878681,437.7957437668097,450.1454615793234,2851.7302871177208,2797.1289201102377,5483.871984749424,-7.635250773441833,-17.50716951735047,-7.518728378941625,-19.868446191455288,54.60136700748296,-2632.1416976317037,0.0,0.0,/Users/dawid/Library/Mobile Documents/com~apple~CloudDocs/Dokumenty/Publikacje własne/Manuscripts/Quantum_interference/data/Ti_szkielkowane.sur,213.90555585156744,810.0000000000001,809.0,532.0,655289.9999999508,Titanium,Ti,hybrid,256,256,1,,Ti_szkielkowane,area,Glass bead blasted,szkielkowane,simple
668.6485569604685,352.99595449299903,362.86787323690766,876.4163515485111,437.7957437668097,450.1454615793234,7664.386108221434,2797.1289201102377,5483.871984749424,315.6526024674694,305.78068372356074,438.6206077817014,426.2708899691877,4867.257188111197,2180.5141234720104,0.0,0.0,/Users/dawid/Library/Mobile Documents/com~apple~CloudDocs/Dokumenty/Publikacje własne/Manuscripts/Quantum_interference/data/Ti_szkielkowane.sur,935.532644136758,810.0000000000001,809.0,532.0,655289.9999999508,Titanium,Ti,classical,256,256,2,,Ti_szkielkowane,area,Glass bead blasted,szkielkowane,simple
662.2063014214543,352.99595449299903,362.86787323690766,829.4914529000062,437.7957437668097,450.1454615793234,6897.621540040135,2797.1289201102377,5483.871984749424,309.2103469284553,299.3384281845467,391.6957091331964,379.34599132068274,4100.492619929898,1413.749555290711,0.0,0.0,/Users/dawid/Library/Mobile Documents/com~apple~CloudDocs/Dokumenty/Publikacje własne/Manuscripts/Quantum_interference/data/Ti_szkielkowane.sur,707.3844644015165,810.0000000000001,809.0,532.0,655289.9999999508,Titanium,Ti,quantum_like,256,256,2,,Ti_szkielkowane,area,Glass bead blasted,szkielkowane,simple
346.86296395448886,352.99595449299903,362.86787323690766,427.1562923058233,437.7957437668097,450.1454615793234,2741.256075114909,2797.1289201102377,5483.871984749424,-6.132990538510206,-16.00490928241884,-10.639451460986473,-22.989169273500135,-55.87284499532886,-2742.6159096345154,0.0,0.0,/Users/dawid/Library/Mobile Documents/com~apple~CloudDocs/Dokumenty/Publikacje własne/Manuscripts/Quantum_interference/data/Ti_szkielkowane.sur,214.3574528154726,810.0000000000001,809.0,532.0,655289.9999999508,Titanium,Ti,hybrid,256,256,2,,Ti_szkielkowane,area,Glass bead blasted,szkielkowane,simple
668.9576942101422,352.99595449299903,362.86787323690766,876.9638480322549,437.7957437668097,450.1454615793234,7660.020730991134,2797.1289201102377,5483.871984749424,315.9617397171432,306.08982097323457,439.16810426544515,426.81838645293146,4862.891810880896,2176.148746241709,0.0,0.0,/Users/dawid/Library/Mobile Documents/com~apple~CloudDocs/Dokumenty/Publikacje własne/Manuscripts/Quantum_interference/data/Ti_szkielkowane.sur,936.6852101337861,810.0000000000001,809.0,532.0,655289.9999999508,Titanium,Ti,classical,256,256,3,,Ti_szkielkowane,area,Glass bead blasted,szkielkowane,simple
668.4810998301411,352.99595449299903,362.86787323690766,835.5854116720037,437.7957437668097,450.1454615793234,7127.201342392087,2797.1289201102377,5483.871984749424,315.4851453371421,305.6132265932335,397.789667905194,385.43995009268036,4330.07242228185,1643.3293576426631,0.0,0.0,/Users/dawid/Library/Mobile Documents/com~apple~CloudDocs/Dokumenty/Publikacje własne/Manuscripts/Quantum_interference/data/Ti_szkielkowane.sur,710.8709813728061,810.0000000000001,809.0,532.0,655289.9999999508,Titanium,Ti,quantum_like,256,256,3,,Ti_szkielkowane,area,Glass bead blasted,szkielkowane,simple
347.3437024785827,352.99595449299903,362.86787323690766,432.64642521424736,437.7957437668097,450.1454615793234,2836.284525414621,2797.1289201102377,5483.871984749424,-5.652252014416306,-15.524170758324942,-5.149318552562397,-17.49903636507606,39.15560530438317,-2647.5874593348035,0.0,0.0,/Users/dawid/Library/Mobile Documents/com~apple~CloudDocs/Dokumenty/Publikacje własne/Manuscripts/Quantum_interference/data/Ti_szkielkowane.sur,213.9516270521287,810.0000000000001,809.0,532.0,655289.9999999508,Titanium,Ti,hybrid,256,256,3,,Ti_szkielkowane,area,Glass bead blasted,szkielkowane,simple
667.6026988808178,260.9508386001499,269.0687259091993,880.9141250087649,320.8989163140508,332.064684239527,8042.29766058616,2168.8333199346725,3640.405667431295,406.65186028066796,398.5339729716185,560.0152086947141,548.8494407692378,5873.464340651487,4401.891993154865,0.0,0.0,/Users/dawid/Library/Mobile Documents/com~apple~CloudDocs/Dokumenty/Publikacje własne/Manuscripts/Quantum_interference/data/Ti_szlifowane.sur,896.2075124573678,810.0000000000001,809.0,532.0,655289.9999999508,Titanium,Ti,classical,256,256,0,,Ti_szlifowane,area,Grinding,szlifowane,simple
619.1573363023999,260.9508386001499,269.0687259091993,775.8292565887325,320.8989163140508,332.064684239527,7200.030346989933,2168.8333199346725,3640.405667431295,358.20649770225003,350.0886103932006,454.9303402746818,443.76457234920554,5031.19702705526,3559.6246795586376,0.0,0.0,/Users/dawid/Library/Mobile Documents/com~apple~CloudDocs/Dokumenty/Publikacje własne/Manuscripts/Quantum_interference/data/Ti_szlifowane.sur,709.2868398362467,810.0000000000001,809.0,532.0,655289.9999999508,Titanium,Ti,quantum_like,256,256,0,,Ti_szlifowane,area,Grinding,szlifowane,simple
265.99902637760965,260.9508386001499,269.0687259091993,328.97465680806397,320.8989163140508,332.064684239527,2317.937866709354,2168.8333199346725,3640.405667431295,5.048187777459775,-3.069699531589679,8.075740494013235,-3.090027431463021,149.10454677468124,-1322.467800721941,0.0,0.0,/Users/dawid/Library/Mobile Documents/com~apple~CloudDocs/Dokumenty/Publikacje własne/Manuscripts/Quantum_interference/data/Ti_szlifowane.sur,177.44758978149383,810.0000000000001,809.0,532.0,655289.9999999508,Titanium,Ti,hybrid,256,256,0,,Ti_szlifowane,area,Grinding,szlifowane,simple
670.5615186683638,260.9508386001499,269.0687259091993,882.5008336228791,320.8989163140508,332.064684239527,8049.217214729077,2168.8333199346725,3640.405667431295,409.6106800682139,401.49279275916444,561.6019173088283,550.4361493833521,5880.383894794404,4408.8115472977815,0.0,0.0,/Users/dawid/Library/Mobile Documents/com~apple~CloudDocs/Dokumenty/Publikacje własne/Manuscripts/Quantum_interference/data/Ti_szlifowane.sur,897.8199537858824,810.0000000000001,809.0,532.0,655289.9999999508,Titanium,Ti,classical,256,256,1,,Ti_szlifowane,area,Grinding,szlifowane,simple
625.2254176296507,260.9508386001499,269.0687259091993,782.481485969503,320.8989163140508,332.064684239527,6546.1308228458,2168.8333199346725,3640.405667431295,364.2745790295008,356.1566917204513,461.58256965545223,450.416801729976,4377.297502911127,2905.7251554145046,0.0,0.0,/Users/dawid/Library/Mobile Documents/com~apple~CloudDocs/Dokumenty/Publikacje własne/Manuscripts/Quantum_interference/data/Ti_szlifowane.sur,711.8447952337714,810.0000000000001,809.0,532.0,655289.9999999508,Titanium,Ti,quantum_like,256,256,1,,Ti_szlifowane,area,Grinding,szlifowane,simple
272.41181608451683,260.9508386001499,269.0687259091993,337.21580841371525,320.8989163140508,332.064684239527,2256.6059236375413,2168.8333199346725,3640.405667431295,11.460977484366971,3.3430901753175175,16.316892099664468,5.1511241741882134,87.77260370286885,-1383.7997437937536,0.0,0.0,/Users/dawid/Library/Mobile Documents/com~apple~CloudDocs/Dokumenty/Publikacje własne/Manuscripts/Quantum_interference/data/Ti_szlifowane.sur,177.63992236795468,810.0000000000001,809.0,532.0,655289.9999999508,Titanium,Ti,hybrid,256,256,1,,Ti_szlifowane,area,Grinding,szlifowane,simple
671.3616008934431,260.9508386001499,269.0687259091993,885.2255070410949,320.8989163140508,332.064684239527,8320.061835922383,2168.8333199346725,3640.405667431295,410.41076229329326,402.2928749842438,564.3265907270442,553.160822801568,6151.22851598771,4679.656168491088,0.0,0.0,/Users/dawid/Library/Mobile Documents/com~apple~CloudDocs/Dokumenty/Publikacje własne/Manuscripts/Quantum_interference/data/Ti_szlifowane.sur,900.2338755546776,810.0000000000001,809.0,532.0,655289.9999999508,Titanium,Ti,classical,256,256,2,,Ti_szlifowane,area,Grinding,szlifowane,simple
621.5857214429154,260.9508386001499,269.0687259091993,777.8043753624547,320.8989163140508,332.064684239527,7164.047623671109,2168.8333199346725,3640.405667431295,360.63488284276553,352.51699553371606,456.90545904840394,445.7396911229277,4995.214303736437,3523.641956239814,0.0,0.0,/Users/dawid/Library/Mobile Documents/com~apple~CloudDocs/Dokumenty/Publikacje własne/Manuscripts/Quantum_interference/data/Ti_szlifowane.sur,709.8901948346347,810.0000000000001,809.0,532.0,655289.9999999508,Titanium,Ti,quantum_like,256,256,2,,Ti_szlifowane,area,Grinding,szlifowane,simple
267.7767771039697,260.9508386001499,269.0687259091993,330.5518185761287,320.8989163140508,332.064684239527,2355.562472705787,2168.8333199346725,3640.405667431295,6.825938503819853,-1.2919488052296006,9.652902262077951,-1.5128656633983038,186.72915277111437,-1284.843194725508,0.0,0.0,/Users/dawid/Library/Mobile Documents/com~apple~CloudDocs/Dokumenty/Publikacje własne/Manuscripts/Quantum_interference/data/Ti_szlifowane.sur,176.65284486246247,810.0000000000001,809.0,532.0,655289.9999999508,Titanium,Ti,hybrid,256,256,2,,Ti_szlifowane,area,Grinding,szlifowane,simple
670.9120295991655,260.9508386001499,269.0687259091993,884.0145728278708,320.8989163140508,332.064684239527,8296.829160971058,2168.8333199346725,3640.405667431295,409.9611909990156,401.84330368996615,563.11565651382,551.9498885883438,6127.995841036384,4656.423493539762,0.0,0.0,/Users/dawid/Library/Mobile Documents/com~apple~CloudDocs/Dokumenty/Publikacje własne/Manuscripts/Quantum_interference/data/Ti_szlifowane.sur,899.0775609461938,810.0000000000001,809.0,532.0,655289.9999999508,Titanium,Ti,classical,256,256,3,,Ti_szlifowane,area,Grinding,szlifowane,simple
623.0091566952062,260.9508386001499,269.0687259091993,779.6043938015978,320.8989163140508,332.064684239527,6506.644235809773,2168.8333199346725,3640.405667431295,362.0583180950563,353.94043078600686,458.705477487547,447.53970956207075,4337.8109158751,2866.238568378478,0.0,0.0,/Users/dawid/Library/Mobile Documents/com~apple~CloudDocs/Dokumenty/Publikacje własne/Manuscripts/Quantum_interference/data/Ti_szlifowane.sur,709.5738016279143,810.0000000000001,809.0,532.0,655289.9999999508,Titanium,Ti,quantum_like,256,256,3,,Ti_szlifowane,area,Grinding,szlifowane,simple
272.15193982419584,260.9508386001499,269.0687259091993,335.817605621739,320.8989163140508,332.064684239527,2405.343300052957,2168.8333199346725,3640.405667431295,11.20110122404595,3.0832139149964957,14.91868930768825,3.7529213822119956,236.50998011828432,-1235.062367378338,0.0,0.0,/Users/dawid/Library/Mobile Documents/com~apple~CloudDocs/Dokumenty/Publikacje własne/Manuscripts/Quantum_interference/data/Ti_szlifowane.sur,177.03754231451347,810.0000000000001,809.0,532.0,655289.9999999508,Titanium,Ti,hybrid,256,256,3,,Ti_szlifowane,area,Grinding,szlifowane,simple
