Sa_est_nm,Sa_true_bw_nm,Sa_true_nm,Sq_est_nm,Sq_true_bw_nm,Sq_true_nm,Sz_est_nm,Sz_true_bw_nm,Sz_true_nm,bias_Sa_bw_nm,bias_Sa_nm,bias_Sq_bw_nm,bias_Sq_nm,bias_Sz_bw_nm,bias_Sz_nm,deadtime1_s,deadtime2_s,file,height_rmse_nm,lambda1_nm,lambda2_nm,lambda_class_nm,lambda_eff_nm,material,material_code,method,nx,ny,rep,sample_group,stem,sur_resample,treatment,treatment_code,unwrap_method
683.8428874697526,364.8550085944905,382.78488492918075,888.3203798620416,522.5751367826276,924.2360826616774,7047.633614698528,12115.076009263661,44222.947324976805,318.987878875262,301.0580025405718,365.74524307941397,-35.91570279963578,-5067.442394565132,-37175.31371027828,5e-09,5e-09,/Users/dawid/Library/Mobile Documents/com~apple~CloudDocs/Dokumenty/Publikacje własne/Manuscripts/Quantum_interference/data/1.4301_oselkowane.sur,1038.704396770455,810.0000000000001,809.0,532.0,655289.9999999508,Stainless steel 1.4301 (AISI 304),1.4301,classical,256,256,0,,1.4301_oselkowane,area,Honed,oselkowane,simple
1108.2952987091305,364.8550085944905,382.78488492918075,1400.8645725487302,522.5751367826276,924.2360826616774,18193.30150133776,12115.076009263661,44222.947324976805,743.4402901146401,725.5104137799499,878.2894357661025,476.62848988705287,6078.225492074098,-26029.645823639046,5e-09,5e-09,/Users/dawid/Library/Mobile Documents/com~apple~CloudDocs/Dokumenty/Publikacje własne/Manuscripts/Quantum_interference/data/1.4301_oselkowane.sur,1300.7616111341813,810.0000000000001,809.0,532.0,655289.9999999508,Stainless steel 1.4301 (AISI 304),1.4301,quantum_like,256,256,0,,1.4301_oselkowane,area,Honed,oselkowane,simple
392.39102578244996,364.8550085944905,382.78488492918075,508.4201126636904,522.5751367826276,924.2360826616774,7032.146597773549,12115.076009263661,44222.947324976805,27.536017187959416,9.606140853269192,-14.155024118937208,-415.81596999798694,-5082.929411490111,-37190.800727203256,5e-09,5e-09,/Users/dawid/Library/Mobile Documents/com~apple~CloudDocs/Dokumenty/Publikacje własne/Manuscripts/Quantum_interference/data/1.4301_oselkowane.sur,346.55909892455935,810.0000000000001,809.0,532.0,655289.9999999508,Stainless steel 1.4301 (AISI 304),1.4301,hybrid,256,256,0,,1.4301_oselkowane,area,Honed,oselkowane,simple
656.9742698951958,357.6011094818264,453.17839917015544,851.9324538626249,439.57733820095774,539.7002414210604,6725.475258770006,2678.634068318592,4309.3120301784875,299.3731604133694,203.7958707250404,412.35511566166724,312.2322124415646,4046.8411904514132,2416.1632285915175,5e-09,5e-09,/Users/dawid/Library/Mobile Documents/com~apple~CloudDocs/Dokumenty/Publikacje własne/Manuscripts/Quantum_interference/data/1.4301_szkielkowane.sur,962.1001344474784,810.0000000000001,809.0,532.0,655289.9999999508,Stainless steel 1.4301 (AISI 304),1.4301,classical,256,256,0,,1.4301_szkielkowane,area,Glass bead blasted,szkielkowane,simple
1097.3485040492753,357.6011094818264,453.17839917015544,1373.2108923793012,439.57733820095774,539.7002414210604,11723.574956513106,2678.634068318592,4309.3120301784875,739.747394567449,644.1701048791199,933.6335541783434,833.5106509582408,9044.940888194515,7414.26292633462,5e-09,5e-09,/Users/dawid/Library/Mobile Documents/com~apple~CloudDocs/Dokumenty/Publikacje własne/Manuscripts/Quantum_interference/data/1.4301_szkielkowane.sur,1305.1766249314148,810.0000000000001,809.0,532.0,655289.9999999508,Stainless steel 1.4301 (AISI 304),1.4301,quantum_like,256,256,0,,1.4301_szkielkowane,area,Glass bead blasted,szkielkowane,simple
307.43344587934945,357.6011094818264,453.17839917015544,381.5892142687833,439.57733820095774,539.7002414210604,3150.762168683332,2678.634068318592,4309.3120301784875,-50.16766360247693,-145.74495329080594,-57.988123932174446,-158.11102715227705,472.12810036473996,-1158.5498614951555,5e-09,5e-09,/Users/dawid/Library/Mobile Documents/com~apple~CloudDocs/Dokumenty/Publikacje własne/Manuscripts/Quantum_interference/data/1.4301_szkielkowane.sur,405.1540806845065,810.0000000000001,809.0,532.0,655289.9999999508,Stainless steel 1.4301 (AISI 304),1.4301,hybrid,256,256,0,,1.4301_szkielkowane,area,Glass bead blasted,szkielkowane,simple
30.416000055458674,30.413699462010378,33.84118699522956,37.45578795595686,37.45328524655293,41.899689585882065,266.2942011258511,266.08343313585567,417.17396197934573,0.0023005934482949347,-3.425186939770891,0.0025027094039272576,-4.443901629925209,0.2107679899953827,-150.87976085349464,5e-09,5e-09,/Users/dawid/Library/Mobile Documents/com~apple~CloudDocs/Dokumenty/Publikacje własne/Manuscripts/Quantum_interference/data/1.4301_szlifowane.sur,0.24796758757668097,810.0000000000001,809.0,532.0,655289.9999999508,Stainless steel 1.4301 (AISI 304),1.4301,classical,256,256,0,,1.4301_szlifowane,area,Grinding,szlifowane,simple
1040.7082355813884,30.413699462010378,33.84118699522956,1303.6452692658995,37.45328524655293,41.899689585882065,10535.422074104199,266.08343313585567,417.17396197934573,1010.294536119378,1006.8670485861588,1266.1919840193466,1261.7455796800175,10269.338640968344,10118.248112124853,5e-09,5e-09,/Users/dawid/Library/Mobile Documents/com~apple~CloudDocs/Dokumenty/Publikacje własne/Manuscripts/Quantum_interference/data/1.4301_szlifowane.sur,1302.9827322157037,810.0000000000001,809.0,532.0,655289.9999999508,Stainless steel 1.4301 (AISI 304),1.4301,quantum_like,256,256,0,,1.4301_szlifowane,area,Grinding,szlifowane,simple
200.30568294805497,30.413699462010378,33.84118699522956,261.06876371149605,37.45328524655293,41.899689585882065,2245.0744676281406,266.08343313585567,417.17396197934573,169.89198348604458,166.4644959528254,223.6154784649431,219.16907412561397,1978.9910344922848,1827.900505648795,5e-09,5e-09,/Users/dawid/Library/Mobile Documents/com~apple~CloudDocs/Dokumenty/Publikacje własne/Manuscripts/Quantum_interference/data/1.4301_szlifowane.sur,260.6745594925947,810.0000000000001,809.0,532.0,655289.9999999508,Stainless steel 1.4301 (AISI 304),1.4301,hybrid,256,256,0,,1.4301_szlifowane,area,Grinding,szlifowane,simple
678.2945238360915,628.2335439287026,719.0243698335206,876.6268291066142,843.387722653666,1182.6790015108243,6884.376114016611,28422.32201382488,88645.45204885582,50.06097990738888,-40.72984599742909,33.23910645294816,-306.0521724042101,-21537.94589980827,-81761.0759348392,5e-09,5e-09,/Users/dawid/Library/Mobile Documents/com~apple~CloudDocs/Dokumenty/Publikacje własne/Manuscripts/Quantum_interference/data/1.4301_t_wyk.sur,1211.9782512720437,810.0000000000001,809.0,532.0,655289.9999999508,Stainless steel 1.4301 (AISI 304),1.4301,classical,256,256,0,,1.4301_t_wyk,area,Turning (finishing),t_wyk,simple
1220.6089219112873,628.2335439287026,719.0243698335206,1557.3811204499254,843.387722653666,1182.6790015108243,31883.881281632475,28422.32201382488,88645.45204885582,592.3753779825846,501.5845520777667,713.9933977962595,374.70211893910124,3461.559267807595,-56761.57076722334,5e-09,5e-09,/Users/dawid/Library/Mobile Documents/com~apple~CloudDocs/Dokumenty/Publikacje własne/Manuscripts/Quantum_interference/data/1.4301_t_wyk.sur,1309.647015084894,810.0000000000001,809.0,532.0,655289.9999999508,Stainless steel 1.4301 (AISI 304),1.4301,quantum_like,256,256,0,,1.4301_t_wyk,area,Turning (finishing),t_wyk,simple
340.2211334532542,628.2335439287026,719.0243698335206,474.03606586012353,843.387722653666,1182.6790015108243,11545.869481131445,28422.32201382488,88645.45204885582,-288.0124104754484,-378.80323638026636,-369.3516567935425,-708.6429356507008,-16876.45253269343,-77099.58256772437,5e-09,5e-09,/Users/dawid/Library/Mobile Documents/com~apple~CloudDocs/Dokumenty/Publikacje własne/Manuscripts/Quantum_interference/data/1.4301_t_wyk.sur,709.1291395625228,810.0000000000001,809.0,532.0,655289.9999999508,Stainless steel 1.4301 (AISI 304),1.4301,hybrid,256,256,0,,1.4301_t_wyk,area,Turning (finishing),t_wyk,simple
514.0668601302506,408.0134970138842,467.573643958579,664.1610563993606,522.9588934926375,606.1052304901839,5356.156415178406,3043.1017019360343,3779.3551222935625,106.05336311636634,46.49321617167151,141.20216290672306,58.05582590917666,2313.0547132423717,1576.8012928848436,5e-09,5e-09,/Users/dawid/Library/Mobile Documents/com~apple~CloudDocs/Dokumenty/Publikacje własne/Manuscripts/Quantum_interference/data/AL_oselkowane.sur,769.4875857747244,810.0000000000001,809.0,532.0,655289.9999999508,Aluminium 7075,AL,classical,256,256,0,,AL_oselkowane,area,Honed,oselkowane,simple
1124.885889931274,408.0134970138842,467.573643958579,1409.37625285489,522.9588934926375,606.1052304901839,12751.077255666096,3043.1017019360343,3779.3551222935625,716.8723929173899,657.3122459726951,886.4173593622526,803.2710223647061,9707.975553730063,8971.722133372536,5e-09,5e-09,/Users/dawid/Library/Mobile Documents/com~apple~CloudDocs/Dokumenty/Publikacje własne/Manuscripts/Quantum_interference/data/AL_oselkowane.sur,1309.5694697087492,810.0000000000001,809.0,532.0,655289.9999999508,Aluminium 7075,AL,quantum_like,256,256,0,,AL_oselkowane,area,Honed,oselkowane,simple
312.77995329343116,408.0134970138842,467.573643958579,387.58379847658415,522.9588934926375,606.1052304901839,3500.2142697644463,3043.1017019360343,3779.3551222935625,-95.233543720453,-154.79369066514784,-135.37509501605336,-218.5214320135998,457.11256782841195,-279.14085252911605,5e-09,5e-09,/Users/dawid/Library/Mobile Documents/com~apple~CloudDocs/Dokumenty/Publikacje własne/Manuscripts/Quantum_interference/data/AL_oselkowane.sur,467.17925326054154,810.0000000000001,809.0,532.0,655289.9999999508,Aluminium 7075,AL,hybrid,256,256,0,,AL_oselkowane,area,Honed,oselkowane,simple
685.6939698943145,524.5136807904041,546.3689426510782,898.5554091533768,687.0092608696518,922.2410215602662,8224.202904807953,31199.884564537664,85338.86653628112,161.1802891039103,139.32502724323624,211.54614828372493,-23.685612406889415,-22975.68165972971,-77114.66363147316,5e-09,5e-09,/Users/dawid/Library/Mobile Documents/com~apple~CloudDocs/Dokumenty/Publikacje własne/Manuscripts/Quantum_interference/data/Al7075_t_wyk.sur,1093.8373533712595,810.0000000000001,809.0,532.0,655289.9999999508,Aluminium 7075,Al7075,classical,256,256,0,,Al7075_t_wyk,area,Turning (finishing),t_wyk,simple
1174.193077571374,524.5136807904041,546.3689426510782,1477.8845738276027,687.0092608696518,922.2410215602662,30292.533863817305,31199.884564537664,85338.86653628112,649.6793967809699,627.8241349202958,790.8753129579509,555.6435522673365,-907.3507007203594,-55046.33267246381,5e-09,5e-09,/Users/dawid/Library/Mobile Documents/com~apple~CloudDocs/Dokumenty/Publikacje własne/Manuscripts/Quantum_interference/data/Al7075_t_wyk.sur,1311.7023597855436,810.0000000000001,809.0,532.0,655289.9999999508,Aluminium 7075,Al7075,quantum_like,256,256,0,,Al7075_t_wyk,area,Turning (finishing),t_wyk,simple
524.0993125209351,524.5136807904041,546.3689426510782,662.6722997021579,687.0092608696518,922.2410215602662,7310.430789611428,31199.884564537664,85338.86653628112,-0.41436826946908406,-22.269630130143153,-24.336961167493943,-259.5687218581083,-23889.453774926234,-78028.43574666968,5e-09,5e-09,/Users/dawid/Library/Mobile Documents/com~apple~CloudDocs/Dokumenty/Publikacje własne/Manuscripts/Quantum_interference/data/Al7075_t_wyk.sur,356.0268774259139,810.0000000000001,809.0,532.0,655289.9999999508,Aluminium 7075,Al7075,hybrid,256,256,0,,Al7075_t_wyk,area,Turning (finishing),t_wyk,simple
691.3003100978257,293.0939529305958,299.70349938185274,882.0024877639895,354.2118986734384,364.15267521941,6335.994184861639,2154.9281499577382,3032.6030471767835,398.20635716722984,391.59681071597294,527.7905890905511,517.8498125445795,4181.066034903901,3303.3911376848555,5e-09,5e-09,/Users/dawid/Library/Mobile Documents/com~apple~CloudDocs/Dokumenty/Publikacje własne/Manuscripts/Quantum_interference/data/Al_szkielkowane.sur,892.9112761902298,810.0000000000001,809.0,532.0,655289.9999999508,Aluminium 7075,Al,classical,256,256,0,,Al_szkielkowane,area,Glass bead blasted,szkielkowane,simple
1078.0579782768293,293.0939529305958,299.70349938185274,1351.5327416377586,354.2118986734384,364.15267521941,11070.351595448943,2154.9281499577382,3032.6030471767835,784.9640253462336,778.3544788949765,997.3208429643203,987.3800664183487,8915.423445491204,8037.748548272159,5e-09,5e-09,/Users/dawid/Library/Mobile Documents/com~apple~CloudDocs/Dokumenty/Publikacje własne/Manuscripts/Quantum_interference/data/Al_szkielkowane.sur,1302.6403600090089,810.0000000000001,809.0,532.0,655289.9999999508,Aluminium 7075,Al,quantum_like,256,256,0,,Al_szkielkowane,area,Glass bead blasted,szkielkowane,simple
345.20939883782535,293.0939529305958,299.70349938185274,424.31606505517965,354.2118986734384,364.15267521941,3365.167390875949,2154.9281499577382,3032.6030471767835,52.11544590722958,45.505899455972646,70.10416638174128,60.16338983576962,1210.2392409182107,332.5643436991655,5e-09,5e-09,/Users/dawid/Library/Mobile Documents/com~apple~CloudDocs/Dokumenty/Publikacje własne/Manuscripts/Quantum_interference/data/Al_szkielkowane.sur,272.9648561270521,810.0000000000001,809.0,532.0,655289.9999999508,Aluminium 7075,Al,hybrid,256,256,0,,Al_szkielkowane,area,Glass bead blasted,szkielkowane,simple
63.67983362698278,63.67904400930688,66.55707432300152,81.49180985032866,81.49109450002742,84.85770719843457,473.57433908395967,473.8258971126187,638.6250286224301,0.0007896176758970171,-2.877240696018742,0.000715350301248157,-3.3658973481059,-0.25155802865899507,-165.05068953847046,5e-09,5e-09,/Users/dawid/Library/Mobile Documents/com~apple~CloudDocs/Dokumenty/Publikacje własne/Manuscripts/Quantum_interference/data/Al_szlifowane.sur,0.25052460653983405,810.0000000000001,809.0,532.0,655289.9999999508,Aluminium 7075,Al,classical,256,256,0,,Al_szlifowane,area,Grinding,szlifowane,simple
1046.6182478634328,63.67904400930688,66.55707432300152,1312.6744610579408,81.49109450002742,84.85770719843457,11360.601607845665,473.8258971126187,638.6250286224301,982.9392038541259,980.0611735404314,1231.1833665579134,1227.8167538595062,10886.775710733045,10721.976579223234,5e-09,5e-09,/Users/dawid/Library/Mobile Documents/com~apple~CloudDocs/Dokumenty/Publikacje własne/Manuscripts/Quantum_interference/data/Al_szlifowane.sur,1309.9670794946444,810.0000000000001,809.0,532.0,655289.9999999508,Aluminium 7075,Al,quantum_like,256,256,0,,Al_szlifowane,area,Grinding,szlifowane,simple
212.5924637139553,63.67904400930688,66.55707432300152,270.22682368846273,81.49109450002742,84.85770719843457,2317.9359757436782,473.8258971126187,638.6250286224301,148.91341970464842,146.03538939095378,188.73572918843533,185.36911649002818,1844.1100786310592,1679.3109471212479,5e-09,5e-09,/Users/dawid/Library/Mobile Documents/com~apple~CloudDocs/Dokumenty/Publikacje własne/Manuscripts/Quantum_interference/data/Al_szlifowane.sur,259.97238206647785,810.0000000000001,809.0,532.0,655289.9999999508,Aluminium 7075,Al,hybrid,256,256,0,,Al_szlifowane,area,Grinding,szlifowane,simple
468.6922687537331,223.31743222772795,297.16816890965,589.4299007414222,272.5381756206323,365.33382951310733,4122.386896578741,1738.0094316217455,2768.298898994887,245.3748365260052,171.52409984408314,316.8917251207899,224.09607122831486,2384.377464956995,1354.0879975838536,5e-09,5e-09,/Users/dawid/Library/Mobile Documents/com~apple~CloudDocs/Dokumenty/Publikacje własne/Manuscripts/Quantum_interference/data/C45_oselkowane.sur,564.8505852124673,810.0000000000001,809.0,532.0,655289.9999999508,Steel C45,C45,classical,256,256,0,,C45_oselkowane,area,Honed,oselkowane,simple
1061.695904254203,223.31743222772795,297.16816890965,1331.611787819803,272.5381756206323,365.33382951310733,12281.82835001515,1738.0094316217455,2768.298898994887,838.378472026475,764.527735344553,1059.0736121991708,966.2779583066958,10543.818918393405,9513.529451020262,5e-09,5e-09,/Users/dawid/Library/Mobile Documents/com~apple~CloudDocs/Dokumenty/Publikacje własne/Manuscripts/Quantum_interference/data/C45_oselkowane.sur,1303.6010583316793,810.0000000000001,809.0,532.0,655289.9999999508,Steel C45,C45,quantum_like,256,256,0,,C45_oselkowane,area,Honed,oselkowane,simple
248.3040401335264,223.31743222772795,297.16816890965,310.9644867943323,272.5381756206323,365.33382951310733,2856.1206532414594,1738.0094316217455,2768.298898994887,24.98660790579844,-48.86412877612361,38.42631117370001,-54.36934271877503,1118.1112216197137,87.82175424657231,5e-09,5e-09,/Users/dawid/Library/Mobile Documents/com~apple~CloudDocs/Dokumenty/Publikacje własne/Manuscripts/Quantum_interference/data/C45_oselkowane.sur,331.3372416644127,810.0000000000001,809.0,532.0,655289.9999999508,Steel C45,C45,hybrid,256,256,0,,C45_oselkowane,area,Honed,oselkowane,simple
659.5095276903647,201.86236291841112,304.0087497191734,859.1792951189885,252.25718011110456,380.88187998390504,6205.735631996401,1739.620230782732,2637.5771352498405,457.6471647719536,355.50077797119127,606.922115007884,478.2974151350835,4466.1154012136685,3568.1584967465606,5e-09,5e-09,/Users/dawid/Library/Mobile Documents/com~apple~CloudDocs/Dokumenty/Publikacje własne/Manuscripts/Quantum_interference/data/C45_szkielkowane.sur,878.4453868306658,810.0000000000001,809.0,532.0,655289.9999999508,Steel C45,C45,classical,256,256,0,,C45_szkielkowane,area,Glass bead blasted,szkielkowane,simple
1061.81576975461,201.86236291841112,304.0087497191734,1329.7366018201992,252.25718011110456,380.88187998390504,11360.884742849497,1739.620230782732,2637.5771352498405,859.953406836199,757.8070200354367,1077.4794217090946,948.8547218362942,9621.264512066766,8723.307607599656,5e-09,5e-09,/Users/dawid/Library/Mobile Documents/com~apple~CloudDocs/Dokumenty/Publikacje własne/Manuscripts/Quantum_interference/data/C45_szkielkowane.sur,1305.706792094181,810.0000000000001,809.0,532.0,655289.9999999508,Steel C45,C45,quantum_like,256,256,0,,C45_szkielkowane,area,Glass bead blasted,szkielkowane,simple
228.35624649643358,201.86236291841112,304.0087497191734,286.3955498934549,252.25718011110456,380.88187998390504,2754.189249522844,1739.620230782732,2637.5771352498405,26.493883578022455,-75.65250322273985,34.13836978235036,-94.48633009045012,1014.5690187401118,116.61211427300336,5e-09,5e-09,/Users/dawid/Library/Mobile Documents/com~apple~CloudDocs/Dokumenty/Publikacje własne/Manuscripts/Quantum_interference/data/C45_szkielkowane.sur,337.0326471393578,810.0000000000001,809.0,532.0,655289.9999999508,Steel C45,C45,hybrid,256,256,0,,C45_szkielkowane,area,Glass bead blasted,szkielkowane,simple
630.093526495593,234.32438033986708,294.2677905732902,815.2653918663899,292.51105888481834,373.10076478927004,6147.3091311317,2256.4749962736864,4746.313267479542,395.76914615572593,335.8257359223028,522.7543329815715,442.1646270771198,3890.8341348580143,1400.9958636521583,5e-09,5e-09,/Users/dawid/Library/Mobile Documents/com~apple~CloudDocs/Dokumenty/Publikacje własne/Manuscripts/Quantum_interference/data/C45_szlifowane.sur,853.0437651619724,810.0000000000001,809.0,532.0,655289.9999999508,Steel C45,C45,classical,256,256,0,,C45_szlifowane,area,Grinding,szlifowane,simple
1066.5797721831432,234.32438033986708,294.2677905732902,1339.3862057542588,292.51105888481834,373.10076478927004,11567.932917140351,2256.4749962736864,4746.313267479542,832.255391843276,772.3119816098529,1046.8751468694404,966.2854409649888,9311.457920866666,6821.61964966081,5e-09,5e-09,/Users/dawid/Library/Mobile Documents/com~apple~CloudDocs/Dokumenty/Publikacje własne/Manuscripts/Quantum_interference/data/C45_szlifowane.sur,1307.027342213724,810.0000000000001,809.0,532.0,655289.9999999508,Steel C45,C45,quantum_like,256,256,0,,C45_szlifowane,area,Grinding,szlifowane,simple
263.4025978227656,234.32438033986708,294.2677905732902,328.96578400772313,292.51105888481834,373.10076478927004,2460.8222478212824,2256.4749962736864,4746.313267479542,29.078217482898523,-30.865192750524596,36.45472512290477,-44.13498078154695,204.34725154759607,-2285.49101965826,5e-09,5e-09,/Users/dawid/Library/Mobile Documents/com~apple~CloudDocs/Dokumenty/Publikacje własne/Manuscripts/Quantum_interference/data/C45_szlifowane.sur,322.8656142933436,810.0000000000001,809.0,532.0,655289.9999999508,Steel C45,C45,hybrid,256,256,0,,C45_szlifowane,area,Grinding,szlifowane,simple
715.2693315172737,2732.958658307945,3227.486193601588,929.5369715713119,3775.7730527330605,4810.678022931261,8345.4570932299,91545.0493924157,102791.46656079737,-2017.6893267906712,-2512.2168620843145,-2846.2360811617486,-3881.141051359949,-83199.5922991858,-94446.00946756748,5e-09,5e-09,/Users/dawid/Library/Mobile Documents/com~apple~CloudDocs/Dokumenty/Publikacje własne/Manuscripts/Quantum_interference/data/C45_t_wyk.sur,3909.003461824212,810.0000000000001,809.0,532.0,655289.9999999508,Steel C45,C45,classical,256,256,0,,C45_t_wyk,area,Turning (finishing),t_wyk,simple
2949.7675044480416,2732.958658307945,3227.486193601588,4005.5075395914996,3775.7730527330605,4810.678022931261,92823.931327258,91545.0493924157,102791.46656079737,216.8088461400966,-277.71868915354656,229.73448685843914,-805.1704833397612,1278.8819348423053,-9967.535233539369,5e-09,5e-09,/Users/dawid/Library/Mobile Documents/com~apple~CloudDocs/Dokumenty/Publikacje własne/Manuscripts/Quantum_interference/data/C45_t_wyk.sur,1308.8848934804057,810.0000000000001,809.0,532.0,655289.9999999508,Steel C45,C45,quantum_like,256,256,0,,C45_t_wyk,area,Turning (finishing),t_wyk,simple
1699.9883205107387,2732.958658307945,3227.486193601588,2223.1302207548747,3775.7730527330605,4810.678022931261,29748.602367161944,91545.0493924157,102791.46656079737,-1032.9703377972062,-1527.4978730908495,-1552.6428319781855,-2587.547802176386,-61796.44702525376,-73042.86419363543,5e-09,5e-09,/Users/dawid/Library/Mobile Documents/com~apple~CloudDocs/Dokumenty/Publikacje własne/Manuscripts/Quantum_interference/data/C45_t_wyk.sur,2664.27818244417,810.0000000000001,809.0,532.0,655289.9999999508,Steel C45,C45,hybrid,256,256,0,,C45_t_wyk,area,Turning (finishing),t_wyk,simple
703.2127917794129,1234.8140560888633,1520.863677324698,904.0173469852285,1847.786756643374,2711.1025465307293,6954.571089995404,36468.104434120825,95448.76015739111,-531.6012643094504,-817.6508855452852,-943.7694096581454,-1807.0851995455005,-29513.533344125422,-88494.1890673957,5e-09,5e-09,/Users/dawid/Library/Mobile Documents/com~apple~CloudDocs/Dokumenty/Publikacje własne/Manuscripts/Quantum_interference/data/ELLOR_t_wyk.sur,2037.1043516987913,810.0000000000001,809.0,532.0,655289.9999999508,Graphite,ELLOR,classical,256,256,0,,ELLOR_t_wyk,area,Turning (finishing),t_wyk,simple
1658.470611256121,1234.8140560888633,1520.863677324698,2268.1486986927307,1847.786756643374,2711.1025465307293,38744.368292126324,36468.104434120825,95448.76015739111,423.6565551672578,137.60693393142307,420.36194204935686,-442.9538478379983,2276.263858005496,-56704.391865264784,5e-09,5e-09,/Users/dawid/Library/Mobile Documents/com~apple~CloudDocs/Dokumenty/Publikacje własne/Manuscripts/Quantum_interference/data/ELLOR_t_wyk.sur,1309.9580182313061,810.0000000000001,809.0,532.0,655289.9999999508,Graphite,ELLOR,quantum_like,256,256,0,,ELLOR_t_wyk,area,Turning (finishing),t_wyk,simple
698.2495052455826,1234.8140560888633,1520.863677324698,928.8372873672646,1847.786756643374,2711.1025465307293,12193.777512155515,36468.104434120825,95448.76015739111,-536.5645508432807,-822.6141720791154,-918.9494692761094,-1782.2652591634646,-24274.326921965312,-83254.98264523559,5e-09,5e-09,/Users/dawid/Library/Mobile Documents/com~apple~CloudDocs/Dokumenty/Publikacje własne/Manuscripts/Quantum_interference/data/ELLOR_t_wyk.sur,1425.615127596344,810.0000000000001,809.0,532.0,655289.9999999508,Graphite,ELLOR,hybrid,256,256,0,,ELLOR_t_wyk,area,Turning (finishing),t_wyk,simple
535.2046786769951,164.77047735641173,182.7126111276782,694.6081730408648,327.645724642529,690.4123953098978,5388.05963987732,24322.604544626112,72932.940179508,370.43420132058327,352.4920675493168,366.9624483983358,4.195777730967019,-18934.544904748793,-67544.88053963069,5e-09,5e-09,/Users/dawid/Library/Mobile Documents/com~apple~CloudDocs/Dokumenty/Publikacje własne/Manuscripts/Quantum_interference/data/Graphite_oselkowane.sur,766.8086027374387,810.0000000000001,809.0,532.0,655289.9999999508,Graphite,Graphite,classical,256,256,0,,Graphite_oselkowane,area,Honed,oselkowane,simple
1057.0610908234733,164.77047735641173,182.7126111276782,1337.637256301642,327.645724642529,690.4123953098978,25687.98117544808,24322.604544626112,72932.940179508,892.2906134670616,874.348479695795,1009.9915316591131,647.2248609917444,1365.3766308219665,-47244.95900405992,5e-09,5e-09,/Users/dawid/Library/Mobile Documents/com~apple~CloudDocs/Dokumenty/Publikacje własne/Manuscripts/Quantum_interference/data/Graphite_oselkowane.sur,1299.842301312461,810.0000000000001,809.0,532.0,655289.9999999508,Graphite,Graphite,quantum_like,256,256,0,,Graphite_oselkowane,area,Honed,oselkowane,simple
248.80871903763423,164.77047735641173,182.7126111276782,328.0978294406276,327.645724642529,690.4123953098978,6287.326020573154,24322.604544626112,72932.940179508,84.03824168122249,66.09610790995603,0.4521047980986261,-362.31456586927015,-18035.27852405296,-66645.61415893484,5e-09,5e-09,/Users/dawid/Library/Mobile Documents/com~apple~CloudDocs/Dokumenty/Publikacje własne/Manuscripts/Quantum_interference/data/Graphite_oselkowane.sur,333.29506787686535,810.0000000000001,809.0,532.0,655289.9999999508,Graphite,Graphite,hybrid,256,256,0,,Graphite_oselkowane,area,Honed,oselkowane,simple
692.7797590239267,3829.3307503464025,4108.088201239449,909.2869123891105,4832.412944308994,5287.391144681693,6872.022757049459,69264.72898160366,134314.12938102838,-3136.550991322476,-3415.3084422155225,-3923.1260319198836,-4378.104232292582,-62392.70622455421,-127442.10662397892,5e-09,5e-09,/Users/dawid/Library/Mobile Documents/com~apple~CloudDocs/Dokumenty/Publikacje własne/Manuscripts/Quantum_interference/data/Graphite_szkielkowane.sur,4898.38730505203,810.0000000000001,809.0,532.0,655289.9999999508,Graphite,Graphite,classical,256,256,0,,Graphite_szkielkowane,area,Glass bead blasted,szkielkowane,simple
3969.307236172986,3829.3307503464025,4108.088201239449,5009.012284327578,4832.412944308994,5287.391144681693,69811.8226270325,69264.72898160366,134314.12938102838,139.97648582658354,-138.780965066463,176.59934001858292,-278.3788603541154,547.0936454288205,-64502.3067539959,5e-09,5e-09,/Users/dawid/Library/Mobile Documents/com~apple~CloudDocs/Dokumenty/Publikacje własne/Manuscripts/Quantum_interference/data/Graphite_szkielkowane.sur,1313.0908486106898,810.0000000000001,809.0,532.0,655289.9999999508,Graphite,Graphite,quantum_like,256,256,0,,Graphite_szkielkowane,area,Glass bead blasted,szkielkowane,simple
2634.18452917036,3829.3307503464025,4108.088201239449,3354.664578536397,4832.412944308994,5287.391144681693,25636.72446516391,69264.72898160366,134314.12938102838,-1195.1462211760427,-1473.9036720690892,-1477.7483657725973,-1932.7265661452955,-43628.00451643976,-108677.40491586449,5e-09,5e-09,/Users/dawid/Library/Mobile Documents/com~apple~CloudDocs/Dokumenty/Publikacje własne/Manuscripts/Quantum_interference/data/Graphite_szkielkowane.sur,2434.6153745056463,810.0000000000001,809.0,532.0,655289.9999999508,Graphite,Graphite,hybrid,256,256,0,,Graphite_szkielkowane,area,Glass bead blasted,szkielkowane,simple
750.6864226979862,675.9230923447734,734.1358655009894,971.4382759965353,895.8246310633954,988.924907794223,7966.093080910443,21297.018942900188,31332.969758396513,74.76333035321282,16.550557196996763,75.6136449331399,-17.486631797687707,-13330.925861989746,-23366.87667748607,5e-09,5e-09,/Users/dawid/Library/Mobile Documents/com~apple~CloudDocs/Dokumenty/Publikacje własne/Manuscripts/Quantum_interference/data/Graphite_szlifowane.sur,1348.8244813974193,810.0000000000001,809.0,532.0,655289.9999999508,Graphite,Graphite,classical,256,256,0,,Graphite_szlifowane,area,Grinding,szlifowane,simple
1244.4589613483672,675.9230923447734,734.1358655009894,1583.608111748026,895.8246310633954,988.924907794223,23627.349137251935,21297.018942900188,31332.969758396513,568.5358690035939,510.32309584737783,687.7834806846307,594.6832039538031,2330.3301943517463,-7705.620621144579,5e-09,5e-09,/Users/dawid/Library/Mobile Documents/com~apple~CloudDocs/Dokumenty/Publikacje własne/Manuscripts/Quantum_interference/data/Graphite_szlifowane.sur,1305.1475678306415,810.0000000000001,809.0,532.0,655289.9999999508,Graphite,Graphite,quantum_like,256,256,0,,Graphite_szlifowane,area,Grinding,szlifowane,simple
628.8169370927607,675.9230923447734,734.1358655009894,795.184883014476,895.8246310633954,988.924907794223,11055.305636835357,21297.018942900188,31332.969758396513,-47.10615525201277,-105.31892840822883,-100.63974804891946,-193.74002477974705,-10241.713306064832,-20277.664121561156,5e-09,5e-09,/Users/dawid/Library/Mobile Documents/com~apple~CloudDocs/Dokumenty/Publikacje własne/Manuscripts/Quantum_interference/data/Graphite_szlifowane.sur,484.9157822246865,810.0000000000001,809.0,532.0,655289.9999999508,Graphite,Graphite,hybrid,256,256,0,,Graphite_szlifowane,area,Grinding,szlifowane,simple
0.4075229875835661,0.35947247736976634,0.38374216577089826,0.5043094312947876,0.4394336278553746,0.49961149964288243,6.16424900295228,6.1562334806096946,14.90811096860517,0.048050510213799774,0.023780821812667854,0.064875803439413,0.004697931651905198,0.008015522342585873,-8.74386196565289,5e-09,5e-09,/Users/dawid/Library/Mobile Documents/com~apple~CloudDocs/Dokumenty/Publikacje własne/Manuscripts/Quantum_interference/data/MO58A_t_wyk.sur,0.24897125764437877,810.0000000000001,809.0,532.0,655289.9999999508,Brass,MO58A,classical,256,256,0,,MO58A_t_wyk,area,Turning (finishing),t_wyk,simple
1043.4783178326697,0.35947247736976634,0.38374216577089826,1309.2655764098913,0.4394336278553746,0.49961149964288243,11042.92748511906,6.1562334806096946,14.90811096860517,1043.1188453553,1043.094575666899,1308.826142782036,1308.7659649102484,11036.77125163845,11028.019374150455,5e-09,5e-09,/Users/dawid/Library/Mobile Documents/com~apple~CloudDocs/Dokumenty/Publikacje własne/Manuscripts/Quantum_interference/data/MO58A_t_wyk.sur,1309.2623499709027,810.0000000000001,809.0,532.0,655289.9999999508,Brass,MO58A,quantum_like,256,256,0,,MO58A_t_wyk,area,Turning (finishing),t_wyk,simple
195.4203465804081,0.35947247736976634,0.38374216577089826,262.5508587162493,0.4394336278553746,0.49961149964288243,2165.0891706762977,6.1562334806096946,14.90811096860517,195.06087410303834,195.03660441463722,262.11142508839396,262.05124721660644,2158.932937195688,2150.181059707693,5e-09,5e-09,/Users/dawid/Library/Mobile Documents/com~apple~CloudDocs/Dokumenty/Publikacje własne/Manuscripts/Quantum_interference/data/MO58A_t_wyk.sur,262.53555066457903,810.0000000000001,809.0,532.0,655289.9999999508,Brass,MO58A,hybrid,256,256,0,,MO58A_t_wyk,area,Turning (finishing),t_wyk,simple
736.4279826391381,688.6196300447552,792.9141407912094,961.93713936318,904.1179706233471,1032.4920184592152,9139.95623294976,9300.9527165155,23497.55744491682,47.80835259438293,-56.486158152071305,57.819168739832854,-70.55487909603524,-160.9964835657408,-14357.601211967061,5e-09,5e-09,/Users/dawid/Library/Mobile Documents/com~apple~CloudDocs/Dokumenty/Publikacje własne/Manuscripts/Quantum_interference/data/Mosiadz_oselkowane.sur,1271.4338602528799,810.0000000000001,809.0,532.0,655289.9999999508,Brass,Mosiadz,classical,256,256,0,,Mosiadz_oselkowane,area,Honed,oselkowane,simple
1259.8338544554183,688.6196300447552,792.9141407912094,1593.3126147017156,904.1179706233471,1032.4920184592152,14702.598833225653,9300.9527165155,23497.55744491682,571.2142244106631,466.9197136642088,689.1946440783685,560.8205962425004,5401.6461167101525,-8794.958611691169,5e-09,5e-09,/Users/dawid/Library/Mobile Documents/com~apple~CloudDocs/Dokumenty/Publikacje własne/Manuscripts/Quantum_interference/data/Mosiadz_oselkowane.sur,1307.3826743591499,810.0000000000001,809.0,532.0,655289.9999999508,Brass,Mosiadz,quantum_like,256,256,0,,Mosiadz_oselkowane,area,Honed,oselkowane,simple
426.16435584013277,688.6196300447552,792.9141407912094,573.1924706496094,904.1179706233471,1032.4920184592152,5304.444331618587,9300.9527165155,23497.55744491682,-262.45527420462247,-366.74978495107666,-330.9254999737378,-459.2995478096059,-3996.5083848969134,-18193.113113298234,5e-09,5e-09,/Users/dawid/Library/Mobile Documents/com~apple~CloudDocs/Dokumenty/Publikacje własne/Manuscripts/Quantum_interference/data/Mosiadz_oselkowane.sur,697.2880983764082,810.0000000000001,809.0,532.0,655289.9999999508,Brass,Mosiadz,hybrid,256,256,0,,Mosiadz_oselkowane,area,Honed,oselkowane,simple
769.5144356465819,1960.2922291845982,2155.756816476956,1013.4150673872882,2463.686862640799,2802.067527088578,8139.421448988798,25506.974684978308,82025.36716815887,-1190.7777935380163,-1386.242380830374,-1450.2717952535106,-1788.6524597012897,-17367.553235989508,-73885.94571917008,5e-09,5e-09,/Users/dawid/Library/Mobile Documents/com~apple~CloudDocs/Dokumenty/Publikacje własne/Manuscripts/Quantum_interference/data/Mosiadz_szkielkowane.sur,2601.7119910501074,810.0000000000001,809.0,532.0,655289.9999999508,Brass,Mosiadz,classical,256,256,0,,Mosiadz_szkielkowane,area,Glass bead blasted,szkielkowane,simple
2209.3440336621074,1960.2922291845982,2155.756816476956,2789.7090435015434,2463.686862640799,2802.067527088578,26815.328576315915,25506.974684978308,82025.36716815887,249.05180447750928,53.587217185151566,326.02218086074464,-12.358483587034426,1308.3538913376094,-55210.03859184296,5e-09,5e-09,/Users/dawid/Library/Mobile Documents/com~apple~CloudDocs/Dokumenty/Publikacje własne/Manuscripts/Quantum_interference/data/Mosiadz_szkielkowane.sur,1310.102612176751,810.0000000000001,809.0,532.0,655289.9999999508,Brass,Mosiadz,quantum_like,256,256,0,,Mosiadz_szkielkowane,area,Glass bead blasted,szkielkowane,simple
753.6158121883118,1960.2922291845982,2155.756816476956,932.0850207061936,2463.686862640799,2802.067527088578,7829.893134088211,25506.974684978308,82025.36716815887,-1206.6764169962864,-1402.1410042886441,-1531.6018419346053,-1869.9825063823844,-17677.081550890096,-74195.47403407066,5e-09,5e-09,/Users/dawid/Library/Mobile Documents/com~apple~CloudDocs/Dokumenty/Publikacje własne/Manuscripts/Quantum_interference/data/Mosiadz_szkielkowane.sur,2011.9009114401194,810.0000000000001,809.0,532.0,655289.9999999508,Brass,Mosiadz,hybrid,256,256,0,,Mosiadz_szkielkowane,area,Glass bead blasted,szkielkowane,simple
669.5871767586082,147625.37736720787,169535.81421614034,871.6790965324514,179484.55133750872,204695.70044101938,7351.335173173259,1012664.1213782984,1248162.7352467102,-146955.79019044925,-168866.22703938172,-178612.87224097626,-203824.02134448694,-1005312.786205125,-1240811.400073537,5e-09,5e-09,/Users/dawid/Library/Mobile Documents/com~apple~CloudDocs/Dokumenty/Publikacje własne/Manuscripts/Quantum_interference/data/Mosiadz_szlifowane.sur,179493.72150996167,810.0000000000001,809.0,532.0,655289.9999999508,Brass,Mosiadz,classical,256,256,0,,Mosiadz_szlifowane,area,Grinding,szlifowane,simple
516152.97382997844,147625.37736720787,169535.81421614034,633354.6076936125,179484.55133750872,204695.70044101938,3876691.6918325764,1012664.1213782984,1248162.7352467102,368527.59646277054,346617.1596138381,453870.0563561038,428658.9072525931,2864027.570454278,2628528.956585866,5e-09,5e-09,/Users/dawid/Library/Mobile Documents/com~apple~CloudDocs/Dokumenty/Publikacje własne/Manuscripts/Quantum_interference/data/Mosiadz_szlifowane.sur,614289.1154479531,810.0000000000001,809.0,532.0,655289.9999999508,Brass,Mosiadz,quantum_like,256,256,0,,Mosiadz_szlifowane,area,Grinding,szlifowane,simple
454242.12372496317,147625.37736720787,169535.81421614034,543038.130415572,179484.55133750872,204695.70044101938,2585919.7428493756,1012664.1213782984,1248162.7352467102,306616.74635775527,284706.3095088228,363553.57907806325,338342.42997455253,1573255.6214710772,1337757.0076026653,5e-09,5e-09,/Users/dawid/Library/Mobile Documents/com~apple~CloudDocs/Dokumenty/Publikacje własne/Manuscripts/Quantum_interference/data/Mosiadz_szlifowane.sur,558200.0314083119,810.0000000000001,809.0,532.0,655289.9999999508,Brass,Mosiadz,hybrid,256,256,0,,Mosiadz_szlifowane,area,Grinding,szlifowane,simple
699.9965040503399,1814.9785180712133,1863.3965300423874,906.1980996163968,2162.205641859635,2274.685531479601,7349.769618983873,18381.20786678298,42456.7727785019,-1114.9820140208733,-1163.4000259920474,-1256.0075422432383,-1368.4874318632044,-11031.43824779911,-35107.00315951803,5e-09,5e-09,/Users/dawid/Library/Mobile Documents/com~apple~CloudDocs/Dokumenty/Publikacje własne/Manuscripts/Quantum_interference/data/P1-1.4301-t.zgrub.sur,2370.167770622745,810.0000000000001,809.0,532.0,655289.9999999508,Stainless steel 1.4301 (AISI 304),1.4301,classical,256,256,0,P1,P1-1.4301-t.zgrub,area,Turning (roughing),t.zgrub,simple
2047.9293538865834,1814.9785180712133,1863.3965300423874,2520.837164711225,2162.205641859635,2274.685531479601,23530.70301643478,18381.20786678298,42456.7727785019,232.9508358153702,184.53282384419606,358.63152285159003,246.15163323162378,5149.495149651798,-18926.069762067124,5e-09,5e-09,/Users/dawid/Library/Mobile Documents/com~apple~CloudDocs/Dokumenty/Publikacje własne/Manuscripts/Quantum_interference/data/P1-1.4301-t.zgrub.sur,1305.006638204408,810.0000000000001,809.0,532.0,655289.9999999508,Stainless steel 1.4301 (AISI 304),1.4301,quantum_like,256,256,0,P1,P1-1.4301-t.zgrub,area,Turning (roughing),t.zgrub,simple
1147.9174474523652,1814.9785180712133,1863.3965300423874,1360.7261547268652,2162.205641859635,2274.685531479601,13265.802276279268,18381.20786678298,42456.7727785019,-667.0610706188479,-715.4790825900221,-801.4794871327698,-913.959376752736,-5115.405590503716,-29190.970502222637,5e-09,5e-09,/Users/dawid/Library/Mobile Documents/com~apple~CloudDocs/Dokumenty/Publikacje własne/Manuscripts/Quantum_interference/data/P1-1.4301-t.zgrub.sur,1053.06512269059,810.0000000000001,809.0,532.0,655289.9999999508,Stainless steel 1.4301 (AISI 304),1.4301,hybrid,256,256,0,P1,P1-1.4301-t.zgrub,area,Turning (roughing),t.zgrub,simple
720.7817686354952,305.23317869964404,347.6274194739767,908.8334891246267,413.1752042656368,601.8393081218546,7060.459056053814,18927.89092613333,78579.84712886067,415.54858993585106,373.15434916151844,495.65828485898993,306.99418100277205,-11867.431870079514,-71519.38807280686,5e-09,5e-09,/Users/dawid/Library/Mobile Documents/com~apple~CloudDocs/Dokumenty/Publikacje własne/Manuscripts/Quantum_interference/data/P1-1.4301_frez_wyk.sur,1014.5561416771169,810.0000000000001,809.0,532.0,655289.9999999508,Stainless steel 1.4301 (AISI 304),1.4301,classical,256,256,0,P1,P1-1.4301_frez_wyk,area,Milling (finishing),frez_wyk,simple
1095.2692793870576,305.23317869964404,347.6274194739767,1375.8693896652283,413.1752042656368,601.8393081218546,20309.97854566965,18927.89092613333,78579.84712886067,790.0361006874135,747.6418599130809,962.6941853995912,774.0300815433735,1382.087619536326,-58269.86858319102,5e-09,5e-09,/Users/dawid/Library/Mobile Documents/com~apple~CloudDocs/Dokumenty/Publikacje własne/Manuscripts/Quantum_interference/data/P1-1.4301_frez_wyk.sur,1310.11433971584,810.0000000000001,809.0,532.0,655289.9999999508,Stainless steel 1.4301 (AISI 304),1.4301,quantum_like,256,256,0,P1,P1-1.4301_frez_wyk,area,Milling (finishing),frez_wyk,simple
329.38340988115937,305.23317869964404,347.6274194739767,412.7713155090528,413.1752042656368,601.8393081218546,4495.280311335556,18927.89092613333,78579.84712886067,24.150231181515302,-18.244009592817363,-0.4038887565840152,-189.06799261280187,-14432.610614797772,-74084.5668175251,5e-09,5e-09,/Users/dawid/Library/Mobile Documents/com~apple~CloudDocs/Dokumenty/Publikacje własne/Manuscripts/Quantum_interference/data/P1-1.4301_frez_wyk.sur,341.67665472978564,810.0000000000001,809.0,532.0,655289.9999999508,Stainless steel 1.4301 (AISI 304),1.4301,hybrid,256,256,0,P1,P1-1.4301_frez_wyk,area,Milling (finishing),frez_wyk,simple
820.1627499756919,764.4718619642408,779.0817824786186,1082.3811245230856,887.9798147663537,914.4578575056264,7275.21582162944,8664.031748120799,25224.51211973308,55.69088801145107,41.08096749707335,194.4013097567319,167.92326701745918,-1388.8159264913584,-17949.29629810364,5e-09,5e-09,/Users/dawid/Library/Mobile Documents/com~apple~CloudDocs/Dokumenty/Publikacje własne/Manuscripts/Quantum_interference/data/P1-1.4301_frez_zgrub.sur,1063.7292657356902,810.0000000000001,809.0,532.0,655289.9999999508,Stainless steel 1.4301 (AISI 304),1.4301,classical,256,256,0,P1,P1-1.4301_frez_zgrub,area,Milling (roughing),frez_zgrub,simple
1268.1060067382648,764.4718619642408,779.0817824786186,1581.3899370442834,887.9798147663537,914.4578575056264,15277.044716991837,8664.031748120799,25224.51211973308,503.6341447740239,489.0242242596462,693.4101222779299,666.9320795386571,6613.012968871039,-9947.467402741244,5e-09,5e-09,/Users/dawid/Library/Mobile Documents/com~apple~CloudDocs/Dokumenty/Publikacje własne/Manuscripts/Quantum_interference/data/P1-1.4301_frez_zgrub.sur,1302.5111109765803,810.0000000000001,809.0,532.0,655289.9999999508,Stainless steel 1.4301 (AISI 304),1.4301,quantum_like,256,256,0,P1,P1-1.4301_frez_zgrub,area,Milling (roughing),frez_zgrub,simple
700.8174098624903,764.4718619642408,779.0817824786186,816.1390803324883,887.9798147663537,914.4578575056264,4771.0434694784535,8664.031748120799,25224.51211973308,-63.65445210175054,-78.26437261612827,-71.84073443386526,-98.31877717313799,-3892.9882786423445,-20453.46865025463,5e-09,5e-09,/Users/dawid/Library/Mobile Documents/com~apple~CloudDocs/Dokumenty/Publikacje własne/Manuscripts/Quantum_interference/data/P1-1.4301_frez_zgrub.sur,339.45806284590043,810.0000000000001,809.0,532.0,655289.9999999508,Stainless steel 1.4301 (AISI 304),1.4301,hybrid,256,256,0,P1,P1-1.4301_frez_zgrub,area,Milling (roughing),frez_zgrub,simple
208.00506631738872,192.10411714460616,205.35721843028773,268.7411133897186,341.92217999220065,751.2053660424251,4031.365188778781,36240.82265559685,70877.09415226404,15.90094917278255,2.64784788710098,-73.18106660248206,-482.4642526527066,-32209.457466818065,-66845.72896348525,5e-09,5e-09,/Users/dawid/Library/Mobile Documents/com~apple~CloudDocs/Dokumenty/Publikacje własne/Manuscripts/Quantum_interference/data/P1-1.4301_nagniat.sur,350.1767452144454,810.0000000000001,809.0,532.0,655289.9999999508,Stainless steel 1.4301 (AISI 304),1.4301,classical,256,256,0,P1,P1-1.4301_nagniat,area,Burnishing,nagniat,simple
1066.1859575184708,192.10411714460616,205.35721843028773,1352.9002360254049,341.92217999220065,751.2053660424251,39324.275101598454,36240.82265559685,70877.09415226404,874.0818403738647,860.828739088183,1010.9780560332043,601.6948699829798,3083.4524460016073,-31552.81905066558,5e-09,5e-09,/Users/dawid/Library/Mobile Documents/com~apple~CloudDocs/Dokumenty/Publikacje własne/Manuscripts/Quantum_interference/data/P1-1.4301_nagniat.sur,1309.6590418270393,810.0000000000001,809.0,532.0,655289.9999999508,Stainless steel 1.4301 (AISI 304),1.4301,quantum_like,256,256,0,P1,P1-1.4301_nagniat,area,Burnishing,nagniat,simple
272.60983359466854,192.10411714460616,205.35721843028773,349.6051745726161,341.92217999220065,751.2053660424251,6061.654023342003,36240.82265559685,70877.09415226404,80.50571645006241,67.25261516438083,7.682994580415438,-401.60019146980903,-30179.168632254845,-64815.44012892203,5e-09,5e-09,/Users/dawid/Library/Mobile Documents/com~apple~CloudDocs/Dokumenty/Publikacje własne/Manuscripts/Quantum_interference/data/P1-1.4301_nagniat.sur,344.6671298273852,810.0000000000001,809.0,532.0,655289.9999999508,Stainless steel 1.4301 (AISI 304),1.4301,hybrid,256,256,0,P1,P1-1.4301_nagniat,area,Burnishing,nagniat,simple
779.712862588002,328.9596386783718,631.8049335855268,999.5276233619966,494.03734571699454,1158.9868653377114,7509.155483313301,28919.772544372994,76898.75565772936,450.7532239096302,147.90792900247519,505.490277645002,-159.4592419757148,-21410.617061059693,-69389.60017441606,5e-09,5e-09,/Users/dawid/Library/Mobile Documents/com~apple~CloudDocs/Dokumenty/Publikacje własne/Manuscripts/Quantum_interference/data/P1-1.4301_wedm_wyk.sur,1104.2218722509115,810.0000000000001,809.0,532.0,655289.9999999508,Stainless steel 1.4301 (AISI 304),1.4301,classical,256,256,0,P1,P1-1.4301_wedm_wyk,area,Wire EDM (finishing),wedm_wyk,simple
1104.450351005255,328.9596386783718,631.8049335855268,1400.7210659550967,494.03734571699454,1158.9868653377114,32996.43922559271,28919.772544372994,76898.75565772936,775.4907123268831,472.6454174197282,906.6837202381021,241.73420061738528,4076.666681219717,-43902.31643213665,5e-09,5e-09,/Users/dawid/Library/Mobile Documents/com~apple~CloudDocs/Dokumenty/Publikacje własne/Manuscripts/Quantum_interference/data/P1-1.4301_wedm_wyk.sur,1312.908503927413,810.0000000000001,809.0,532.0,655289.9999999508,Stainless steel 1.4301 (AISI 304),1.4301,quantum_like,256,256,0,P1,P1-1.4301_wedm_wyk,area,Wire EDM (finishing),wedm_wyk,simple
313.10723842301496,328.9596386783718,631.8049335855268,411.91066877995195,494.03734571699454,1158.9868653377114,10055.82099698695,28919.772544372994,76898.75565772936,-15.852400255356873,-318.6976951625119,-82.1266769370426,-747.0761965577594,-18863.951547386045,-66842.93466074242,5e-09,5e-09,/Users/dawid/Library/Mobile Documents/com~apple~CloudDocs/Dokumenty/Publikacje własne/Manuscripts/Quantum_interference/data/P1-1.4301_wedm_wyk.sur,429.01639699292224,810.0000000000001,809.0,532.0,655289.9999999508,Stainless steel 1.4301 (AISI 304),1.4301,hybrid,256,256,0,P1,P1-1.4301_wedm_wyk,area,Wire EDM (finishing),wedm_wyk,simple
0.20377409628267562,0.04307600837950057,0.05372627427155684,0.25606707546267865,0.05772079793605276,0.08613583044120729,2.6539028997940153,1.9896324086203703,3.412098775156563,0.16069808790317505,0.1500478220111188,0.1983462775266259,0.16993124502147136,0.6642704911736449,-0.7581958753625475,5e-09,5e-09,/Users/dawid/Library/Mobile Documents/com~apple~CloudDocs/Dokumenty/Publikacje własne/Manuscripts/Quantum_interference/data/P1-1.4301_wedm_zgru.sur,0.2490601627046664,810.0000000000001,809.0,532.0,655289.9999999508,Stainless steel 1.4301 (AISI 304),1.4301,classical,256,256,0,P1,P1-1.4301_wedm_zgru,area,Wire EDM (roughing),wedm_zgru,simple
1042.177769862871,0.04307600837950057,0.05372627427155684,1307.1864857002568,0.05772079793605276,0.08613583044120729,10890.455103705357,1.9896324086203703,3.412098775156563,1042.1346938544914,1042.1240435885993,1307.1287649023207,1307.1003498698153,10888.465471296735,10887.0430049302,5e-09,5e-09,/Users/dawid/Library/Mobile Documents/com~apple~CloudDocs/Dokumenty/Publikacje własne/Manuscripts/Quantum_interference/data/P1-1.4301_wedm_zgru.sur,1307.1866740828088,810.0000000000001,809.0,532.0,655289.9999999508,Stainless steel 1.4301 (AISI 304),1.4301,quantum_like,256,256,0,P1,P1-1.4301_wedm_zgru,area,Wire EDM (roughing),wedm_zgru,simple
184.79588121898067,0.04307600837950057,0.05372627427155684,254.45252838490052,0.05772079793605276,0.08613583044120729,2137.3367539689866,1.9896324086203703,3.412098775156563,184.7528052106012,184.7421549447091,254.39480758696448,254.3663925544593,2135.3471215603663,2133.92465519383,5e-09,5e-09,/Users/dawid/Library/Mobile Documents/com~apple~CloudDocs/Dokumenty/Publikacje własne/Manuscripts/Quantum_interference/data/P1-1.4301_wedm_zgru.sur,254.45332140157217,810.0000000000001,809.0,532.0,655289.9999999508,Stainless steel 1.4301 (AISI 304),1.4301,hybrid,256,256,0,P1,P1-1.4301_wedm_zgru,area,Wire EDM (roughing),wedm_zgru,simple
337.2536444456004,327.133259114379,330.4382999039521,418.8768687719821,405.6896736729729,411.1023927935191,2532.428875105143,2291.434062734852,5098.419384523485,10.120385331221389,6.8153445416482965,13.187195099009168,7.7744759784630295,240.99481237029119,-2565.9905094183423,5e-09,5e-09,/Users/dawid/Library/Mobile Documents/com~apple~CloudDocs/Dokumenty/Publikacje własne/Manuscripts/Quantum_interference/data/P1-AL70752_nagniat.sur,160.3421330910997,810.0000000000001,809.0,532.0,655289.9999999508,Aluminium 7075,AL70752,classical,256,256,0,P1,P1-AL70752_nagniat,area,Burnishing,nagniat,simple
1089.2453495221632,327.133259114379,330.4382999039521,1367.6868799296258,405.6896736729729,411.1023927935191,13676.710229072205,2291.434062734852,5098.419384523485,762.1120904077842,758.8070496182111,961.9972062566529,956.5844871361068,11385.276166337353,8578.29084454872,5e-09,5e-09,/Users/dawid/Library/Mobile Documents/com~apple~CloudDocs/Dokumenty/Publikacje własne/Manuscripts/Quantum_interference/data/P1-AL70752_nagniat.sur,1307.0404145168945,810.0000000000001,809.0,532.0,655289.9999999508,Aluminium 7075,AL70752,quantum_like,256,256,0,P1,P1-AL70752_nagniat,area,Burnishing,nagniat,simple
381.40794276208186,327.133259114379,330.4382999039521,475.96063262329176,405.6896736729729,411.1023927935191,3602.1925684477346,2291.434062734852,5098.419384523485,54.27468364770287,50.96964285812978,70.27095895031881,64.85823982977267,1310.7585057128829,-1496.2268160757505,5e-09,5e-09,/Users/dawid/Library/Mobile Documents/com~apple~CloudDocs/Dokumenty/Publikacje własne/Manuscripts/Quantum_interference/data/P1-AL70752_nagniat.sur,259.6030018405961,810.0000000000001,809.0,532.0,655289.9999999508,Aluminium 7075,AL70752,hybrid,256,256,0,P1,P1-AL70752_nagniat,area,Burnishing,nagniat,simple
0.19929446088116462,0.0003584054062409802,0.0007220720332325905,0.2495795607561039,0.0005485641750130267,0.0014155996819883096,2.1019772010102176,0.023651161583801494,0.10982922986895624,0.19893605547492366,0.19857238884793205,0.24903099658109087,0.2481639610741156,2.078326039426416,1.9921479711412613,5e-09,5e-09,/Users/dawid/Library/Mobile Documents/com~apple~CloudDocs/Dokumenty/Publikacje własne/Manuscripts/Quantum_interference/data/P1-AL70752_wedm_wyk.sur,0.24958052750426304,810.0000000000001,809.0,532.0,655289.9999999508,Aluminium 7075,AL70752,classical,256,256,0,P1,P1-AL70752_wedm_wyk,area,Wire EDM (finishing),wedm_wyk,simple
1042.206495194812,0.0003584054062409802,0.0007220720332325905,1307.1076776847092,0.0005485641750130267,0.0014155996819883096,11016.317126597925,0.023651161583801494,0.10982922986895624,1042.2061367894057,1042.2057731227787,1307.1071291205342,1307.1062620850273,11016.293475436341,11016.207297368055,5e-09,5e-09,/Users/dawid/Library/Mobile Documents/com~apple~CloudDocs/Dokumenty/Publikacje własne/Manuscripts/Quantum_interference/data/P1-AL70752_wedm_wyk.sur,1307.107674361109,810.0000000000001,809.0,532.0,655289.9999999508,Aluminium 7075,AL70752,quantum_like,256,256,0,P1,P1-AL70752_wedm_wyk,area,Wire EDM (finishing),wedm_wyk,simple
190.92589007484142,0.0003584054062409802,0.0007220720332325905,258.5733172200079,0.0005485641750130267,0.0014155996819883096,1879.6102466594473,0.023651161583801494,0.10982922986895624,190.92553166943517,190.92516800280816,258.5727686558329,258.5719016203259,1879.5865954978635,1879.5004174295782,5e-09,5e-09,/Users/dawid/Library/Mobile Documents/com~apple~CloudDocs/Dokumenty/Publikacje własne/Manuscripts/Quantum_interference/data/P1-AL70752_wedm_wyk.sur,258.5733049024798,810.0000000000001,809.0,532.0,655289.9999999508,Aluminium 7075,AL70752,hybrid,256,256,0,P1,P1-AL70752_wedm_wyk,area,Wire EDM (finishing),wedm_wyk,simple
762.7803828691119,4536.588572664918,5090.885428896734,981.13432780217,5657.7091276911,6421.666175283541,7106.147178228981,58187.247640672605,122915.12441126864,-3773.808189795806,-4328.105046027623,-4676.57479988893,-5440.53184748137,-51081.10046244363,-115808.97723303967,5e-09,5e-09,/Users/dawid/Library/Mobile Documents/com~apple~CloudDocs/Dokumenty/Publikacje własne/Manuscripts/Quantum_interference/data/P1-AL70752_wedm_zgru_1prz.sur,5749.367373300978,810.0000000000001,809.0,532.0,655289.9999999508,Aluminium 7075,AL70752,classical,256,256,0,P1,P1-AL70752_wedm_zgru_1prz,area,Wire EDM (roughing),wedm_zgru_1prz,simple
4653.573318404951,4536.588572664918,5090.885428896734,5807.265926586866,5657.7091276911,6421.666175283541,58578.82799732594,58187.247640672605,122915.12441126864,116.98474574003313,-437.31211049178324,149.55679889576658,-614.4002486966741,391.5803566533361,-64336.2964139427,5e-09,5e-09,/Users/dawid/Library/Mobile Documents/com~apple~CloudDocs/Dokumenty/Publikacje własne/Manuscripts/Quantum_interference/data/P1-AL70752_wedm_zgru_1prz.sur,1310.7695101297788,810.0000000000001,809.0,532.0,655289.9999999508,Aluminium 7075,AL70752,quantum_like,256,256,0,P1,P1-AL70752_wedm_zgru_1prz,area,Wire EDM (roughing),wedm_zgru_1prz,simple
2701.93404913388,4536.588572664918,5090.885428896734,3376.3084204531565,5657.7091276911,6421.666175283541,28258.301714529796,58187.247640672605,122915.12441126864,-1834.654523531038,-2388.9513797628542,-2281.4007072379436,-3045.3577548303842,-29928.94592614281,-94656.82269673885,5e-09,5e-09,/Users/dawid/Library/Mobile Documents/com~apple~CloudDocs/Dokumenty/Publikacje własne/Manuscripts/Quantum_interference/data/P1-AL70752_wedm_zgru_1prz.sur,3376.1954664597424,810.0000000000001,809.0,532.0,655289.9999999508,Aluminium 7075,AL70752,hybrid,256,256,0,P1,P1-AL70752_wedm_zgru_1prz,area,Wire EDM (roughing),wedm_zgru_1prz,simple
710.5486614062779,374635.40711837687,386337.33015214914,932.1853158328317,468767.4817956795,687536.3225057478,7023.859947821295,7017210.988175499,37520538.8651078,-373924.8584569706,-385626.78149074287,-467835.2964798467,-686604.1371899149,-7010187.128227678,-37513515.005159974,5e-09,5e-09,/Users/dawid/Library/Mobile Documents/com~apple~CloudDocs/Dokumenty/Publikacje własne/Manuscripts/Quantum_interference/data/P1-AL7075_frez_wyk.sur,468793.7881523287,810.0000000000001,809.0,532.0,655289.9999999508,Aluminium 7075,AL7075,classical,256,256,0,P1,P1-AL7075_frez_wyk,area,Milling (finishing),frez_wyk,simple
383341.9028927782,374635.40711837687,386337.33015214914,467083.1018939869,468767.4817956795,687536.3225057478,3589128.3505781745,7017210.988175499,37520538.8651078,8706.49577440133,-2995.427259370944,-1684.379901692576,-220453.22061176086,-3428082.637597325,-33931410.51452962,5e-09,5e-09,/Users/dawid/Library/Mobile Documents/com~apple~CloudDocs/Dokumenty/Publikacje własne/Manuscripts/Quantum_interference/data/P1-AL7075_frez_wyk.sur,344048.9260474544,810.0000000000001,809.0,532.0,655289.9999999508,Aluminium 7075,AL7075,quantum_like,256,256,0,P1,P1-AL7075_frez_wyk,area,Milling (finishing),frez_wyk,simple
333183.93165321706,374635.40711837687,386337.33015214914,407181.71709558804,468767.4817956795,687536.3225057478,2242781.450448793,7017210.988175499,37520538.8651078,-41451.475465159834,-53153.3984989321,-61585.76470009146,-280354.60541015974,-4774429.537726706,-35277757.414659,5e-09,5e-09,/Users/dawid/Library/Mobile Documents/com~apple~CloudDocs/Dokumenty/Publikacje własne/Manuscripts/Quantum_interference/data/P1-AL7075_frez_wyk.sur,254780.84167848332,810.0000000000001,809.0,532.0,655289.9999999508,Aluminium 7075,AL7075,hybrid,256,256,0,P1,P1-AL7075_frez_wyk,area,Milling (finishing),frez_wyk,simple
318.0214947960727,144.15207454052342,176.1165973340421,390.3916602273568,195.0547431686774,345.94806999303705,3065.1294775869505,13395.505415319141,53690.94074605003,173.86942025554927,141.90489746203062,195.3369170586794,44.44359023431974,-10330.37593773219,-50625.81126846308,5e-09,5e-09,/Users/dawid/Library/Mobile Documents/com~apple~CloudDocs/Dokumenty/Publikacje własne/Manuscripts/Quantum_interference/data/P1-AL7075_frez_zgr.sur,329.63329741345774,810.0000000000001,809.0,532.0,655289.9999999508,Aluminium 7075,AL7075,classical,256,256,0,P1,P1-AL7075_frez_zgr,area,Milling (roughing),frez_zgr,simple
1048.7346932062935,144.15207454052342,176.1165973340421,1315.1425592068244,195.0547431686774,345.94806999303705,15728.719416537057,13395.505415319141,53690.94074605003,904.5826186657702,872.6180958722515,1120.0878160381471,969.1944892137875,2333.2140012179166,-37962.22132951297,5e-09,5e-09,/Users/dawid/Library/Mobile Documents/com~apple~CloudDocs/Dokumenty/Publikacje własne/Manuscripts/Quantum_interference/data/P1-AL7075_frez_zgr.sur,1300.0702122186178,810.0000000000001,809.0,532.0,655289.9999999508,Aluminium 7075,AL7075,quantum_like,256,256,0,P1,P1-AL7075_frez_zgr,area,Milling (roughing),frez_zgr,simple
250.73133814391846,144.15207454052342,176.1165973340421,313.68580412372893,195.0547431686774,345.94806999303705,3275.239626308231,13395.505415319141,53690.94074605003,106.57926360339506,74.61474080987638,118.63106095505154,-32.26226586930812,-10120.26578901091,-50415.7011197418,5e-09,5e-09,/Users/dawid/Library/Mobile Documents/com~apple~CloudDocs/Dokumenty/Publikacje własne/Manuscripts/Quantum_interference/data/P1-AL7075_frez_zgr.sur,274.22355258564363,810.0000000000001,809.0,532.0,655289.9999999508,Aluminium 7075,AL7075,hybrid,256,256,0,P1,P1-AL7075_frez_zgr,area,Milling (roughing),frez_zgr,simple
810.5832103020455,2781.705846909539,2851.069027265254,1031.0658243637104,3200.986502044666,3375.9853169491635,7479.853319391622,15955.285939709558,59633.0796095711,-1971.1226366074936,-2040.4858169632087,-2169.9206776809556,-2344.919492585453,-8475.432620317935,-52153.226290179475,5e-09,5e-09,/Users/dawid/Library/Mobile Documents/com~apple~CloudDocs/Dokumenty/Publikacje własne/Manuscripts/Quantum_interference/data/P1-AL7075_t_zgrub.sur,3337.061431676072,810.0000000000001,809.0,532.0,655289.9999999508,Aluminium 7075,AL7075,classical,256,256,0,P1,P1-AL7075_t_zgrub,area,Turning (roughing),t_zgrub,simple
2932.1520820943047,2781.705846909539,2851.069027265254,3459.3884672073664,3200.986502044666,3375.9853169491635,21575.71012082888,15955.285939709558,59633.0796095711,150.44623518476538,81.08305482905054,258.4019651627004,83.40315025820287,5620.424181119324,-38057.36948874221,5e-09,5e-09,/Users/dawid/Library/Mobile Documents/com~apple~CloudDocs/Dokumenty/Publikacje własne/Manuscripts/Quantum_interference/data/P1-AL7075_t_zgrub.sur,1305.3745483563591,810.0000000000001,809.0,532.0,655289.9999999508,Aluminium 7075,AL7075,quantum_like,256,256,0,P1,P1-AL7075_t_zgrub,area,Turning (roughing),t_zgrub,simple
1758.4403317205645,2781.705846909539,2851.069027265254,2015.9653350381786,3200.986502044666,3375.9853169491635,11299.595107579153,15955.285939709558,59633.0796095711,-1023.2655151889747,-1092.6286955446897,-1185.0211670064873,-1360.0199819109848,-4655.6908321304045,-48333.48450199194,5e-09,5e-09,/Users/dawid/Library/Mobile Documents/com~apple~CloudDocs/Dokumenty/Publikacje własne/Manuscripts/Quantum_interference/data/P1-AL7075_t_zgrub.sur,1363.1267960297641,810.0000000000001,809.0,532.0,655289.9999999508,Aluminium 7075,AL7075,hybrid,256,256,0,P1,P1-AL7075_t_zgrub,area,Turning (roughing),t_zgrub,simple
868.8162767387618,130.73348608781825,168.57388938374433,1137.4426244278745,177.0636983466566,322.9701285319562,9782.996095412756,2362.6658188260194,15504.124678627684,738.0827906509435,700.2423873550174,960.3789260812179,814.4724958959184,7420.3302765867365,-5721.128583214929,5e-09,5e-09,/Users/dawid/Library/Mobile Documents/com~apple~CloudDocs/Dokumenty/Publikacje własne/Manuscripts/Quantum_interference/data/P1-C45_frez_wyk.sur,1156.1351506459466,810.0000000000001,809.0,532.0,655289.9999999508,Steel C45,C45,classical,256,256,0,P1,P1-C45_frez_wyk,area,Milling (finishing),frez_wyk,simple
1053.7643523864,130.73348608781825,168.57388938374433,1322.0254576601872,177.0636983466566,322.9701285319562,10844.461637699094,2362.6658188260194,15504.124678627684,923.0308662985819,885.1904630026559,1144.9617593135304,999.0553291282309,8481.795818873075,-4659.663040928591,5e-09,5e-09,/Users/dawid/Library/Mobile Documents/com~apple~CloudDocs/Dokumenty/Publikacje własne/Manuscripts/Quantum_interference/data/P1-C45_frez_wyk.sur,1310.4259851711574,810.0000000000001,809.0,532.0,655289.9999999508,Steel C45,C45,quantum_like,256,256,0,P1,P1-C45_frez_wyk,area,Milling (finishing),frez_wyk,simple
222.36736684215919,130.73348608781825,168.57388938374433,279.3666560944893,177.0636983466566,322.9701285319562,2715.176156946921,2362.6658188260194,15504.124678627684,91.63388075434094,53.79347745841486,102.30295774783272,-43.603472437466884,352.5103381209013,-12788.948521680764,5e-09,5e-09,/Users/dawid/Library/Mobile Documents/com~apple~CloudDocs/Dokumenty/Publikacje własne/Manuscripts/Quantum_interference/data/P1-C45_frez_wyk.sur,294.52203087190105,810.0000000000001,809.0,532.0,655289.9999999508,Steel C45,C45,hybrid,256,256,0,P1,P1-C45_frez_wyk,area,Milling (finishing),frez_wyk,simple
0.19993383117387972,0.013677398688480481,0.014215393199252453,0.25013629369538404,0.016567023530093917,0.017415753488415692,2.0313252981805183,0.16320364671729742,0.3893552769154757,0.18625643248539925,0.18571843797462725,0.23356927016529014,0.23272054020696833,1.8681216514632208,1.6419700212650423,5e-09,5e-09,/Users/dawid/Library/Mobile Documents/com~apple~CloudDocs/Dokumenty/Publikacje własne/Manuscripts/Quantum_interference/data/P1-C45_frez_zgr.sur,0.24953312034962233,810.0000000000001,809.0,532.0,655289.9999999508,Steel C45,C45,classical,256,256,0,P1,P1-C45_frez_zgr,area,Milling (roughing),frez_zgr,simple
1040.1912595369429,0.013677398688480481,0.014215393199252453,1306.4934320937004,0.016567023530093917,0.017415753488415692,11166.465156528422,0.16320364671729742,0.3893552769154757,1040.1775821382544,1040.1770441437436,1306.4768650701706,1306.476016340212,11166.301952881706,11166.075801251507,5e-09,5e-09,/Users/dawid/Library/Mobile Documents/com~apple~CloudDocs/Dokumenty/Publikacje własne/Manuscripts/Quantum_interference/data/P1-C45_frez_zgr.sur,1306.4934935440197,810.0000000000001,809.0,532.0,655289.9999999508,Steel C45,C45,quantum_like,256,256,0,P1,P1-C45_frez_zgr,area,Milling (roughing),frez_zgr,simple
186.54911311159012,0.013677398688480481,0.014215393199252453,257.17745848284517,0.016567023530093917,0.017415753488415692,2129.051413619302,0.16320364671729742,0.3893552769154757,186.53543571290163,186.53489771839088,257.16089145931505,257.1600427293568,2128.8882099725843,2128.6620583423864,5e-09,5e-09,/Users/dawid/Library/Mobile Documents/com~apple~CloudDocs/Dokumenty/Publikacje własne/Manuscripts/Quantum_interference/data/P1-C45_frez_zgr.sur,257.17773098596246,810.0000000000001,809.0,532.0,655289.9999999508,Steel C45,C45,hybrid,256,256,0,P1,P1-C45_frez_zgr,area,Milling (roughing),frez_zgr,simple
395.71890276375115,170.69015003093372,209.73484587406048,536.6198930617744,520.4751383049718,1330.3937512601992,6113.618278363041,55011.498285111746,157120.78884941927,225.0287527328174,185.98405688969063,16.144754756802524,-793.7738581984249,-48897.88000674871,-151007.17057105622,5e-09,5e-09,/Users/dawid/Library/Mobile Documents/com~apple~CloudDocs/Dokumenty/Publikacje własne/Manuscripts/Quantum_interference/data/P1-C45_nagniat.sur,751.1478270906568,810.0000000000001,809.0,532.0,655289.9999999508,Steel C45,C45,classical,256,256,0,P1,P1-C45_nagniat,area,Burnishing,nagniat,simple
1076.659929913197,170.69015003093372,209.73484587406048,1408.5081485560436,520.4751383049718,1330.3937512601992,54072.39360321617,55011.498285111746,157120.78884941927,905.9697798822633,866.9250840391366,888.0330102510717,78.11439729584423,-939.10468189557,-103048.39524620312,5e-09,5e-09,/Users/dawid/Library/Mobile Documents/com~apple~CloudDocs/Dokumenty/Publikacje własne/Manuscripts/Quantum_interference/data/P1-C45_nagniat.sur,1309.2652649128856,810.0000000000001,809.0,532.0,655289.9999999508,Steel C45,C45,quantum_like,256,256,0,P1,P1-C45_nagniat,area,Burnishing,nagniat,simple
254.06680217062197,170.69015003093372,209.73484587406048,367.52067767830664,520.4751383049718,1330.3937512601992,13639.086978246864,55011.498285111746,157120.78884941927,83.37665213968826,44.331956296561486,-152.9544606266652,-962.8730735818928,-41372.41130686488,-143481.7018711724,5e-09,5e-09,/Users/dawid/Library/Mobile Documents/com~apple~CloudDocs/Dokumenty/Publikacje własne/Manuscripts/Quantum_interference/data/P1-C45_nagniat.sur,465.8285817920715,810.0000000000001,809.0,532.0,655289.9999999508,Steel C45,C45,hybrid,256,256,0,P1,P1-C45_nagniat,area,Burnishing,nagniat,simple
688.8236072733604,5185.610777344909,5352.809007024925,915.543140564401,7146.173032652967,7452.142131531978,7459.514495791003,83837.1018021227,131214.74393826575,-4496.78717007155,-4663.985399751566,-6230.629892088566,-6536.598990967577,-76377.5873063317,-123755.22944247475,5e-09,5e-09,/Users/dawid/Library/Mobile Documents/com~apple~CloudDocs/Dokumenty/Publikacje własne/Manuscripts/Quantum_interference/data/P1-C45_t_zgrubne.sur,7166.439318242412,810.0000000000001,809.0,532.0,655289.9999999508,Steel C45,C45,classical,256,256,0,P1,P1-C45_t_zgrubne,area,Turning (roughing),t_zgrubne,simple
5306.670331255784,5185.610777344909,5352.809007024925,7270.6112884427075,7146.173032652967,7452.142131531978,85629.33648486578,83837.1018021227,131214.74393826575,121.05955391087437,-46.13867576914157,124.43825578974091,-181.53084308927055,1792.2346827430729,-45585.40745339997,5e-09,5e-09,/Users/dawid/Library/Mobile Documents/com~apple~CloudDocs/Dokumenty/Publikacje własne/Manuscripts/Quantum_interference/data/P1-C45_t_zgrubne.sur,1300.8488436022428,810.0000000000001,809.0,532.0,655289.9999999508,Steel C45,C45,quantum_like,256,256,0,P1,P1-C45_t_zgrubne,area,Turning (roughing),t_zgrubne,simple
4597.760674129576,5185.610777344909,5352.809007024925,6435.958646724571,7146.173032652967,7452.142131531978,65343.34863171675,83837.1018021227,131214.74393826575,-587.8501032153342,-755.0483328953502,-710.2143859283959,-1016.1834848074074,-18493.753170405966,-65871.395306549,5e-09,5e-09,/Users/dawid/Library/Mobile Documents/com~apple~CloudDocs/Dokumenty/Publikacje własne/Manuscripts/Quantum_interference/data/P1-C45_t_zgrubne.sur,1888.289054365119,810.0000000000001,809.0,532.0,655289.9999999508,Steel C45,C45,hybrid,256,256,0,P1,P1-C45_t_zgrubne,area,Turning (roughing),t_zgrubne,simple
691.7219446203376,81448.3135018408,164445.50446808158,914.1040346719733,112903.87193262373,259806.01315388278,8663.510654387064,4583764.4006710155,14845451.98272266,-80756.59155722047,-163753.78252346124,-111989.76789795175,-258891.90911921082,-4575100.890016628,-14836788.472068273,5e-09,5e-09,/Users/dawid/Library/Mobile Documents/com~apple~CloudDocs/Dokumenty/Publikacje własne/Manuscripts/Quantum_interference/data/P1-C45_wedm_wyk.sur,112801.54949975992,810.0000000000001,809.0,532.0,655289.9999999508,Steel C45,C45,classical,256,256,0,P1,P1-C45_wedm_wyk,area,Wire EDM (finishing),wedm_wyk,simple
482507.4447494106,81448.3135018408,164445.50446808158,634613.4965677389,112903.87193262373,259806.01315388278,4976608.276178244,4583764.4006710155,14845451.98272266,401059.1312475698,318061.94028132904,521709.6246351153,374807.4834138562,392843.8755072287,-9868843.706544418,5e-09,5e-09,/Users/dawid/Library/Mobile Documents/com~apple~CloudDocs/Dokumenty/Publikacje własne/Manuscripts/Quantum_interference/data/P1-C45_wedm_wyk.sur,637535.2842005695,810.0000000000001,809.0,532.0,655289.9999999508,Steel C45,C45,quantum_like,256,256,0,P1,P1-C45_wedm_wyk,area,Wire EDM (finishing),wedm_wyk,simple
272038.7724835149,81448.3135018408,164445.50446808158,330331.51752352895,112903.87193262373,259806.01315388278,2247718.496879793,4583764.4006710155,14845451.98272266,190590.45898167414,107593.26801543335,217427.64559090525,70525.5043696462,-2336045.9037912227,-12597733.485842869,5e-09,5e-09,/Users/dawid/Library/Mobile Documents/com~apple~CloudDocs/Dokumenty/Publikacje własne/Manuscripts/Quantum_interference/data/P1-C45_wedm_wyk.sur,345060.16834744107,810.0000000000001,809.0,532.0,655289.9999999508,Steel C45,C45,hybrid,256,256,0,P1,P1-C45_wedm_wyk,area,Wire EDM (finishing),wedm_wyk,simple
721.2656018354807,3569.9070838506477,4474.643435891885,946.6613952719315,5003.580066908198,6990.219229140815,7983.533925127468,155206.2258000693,233363.97390964086,-2848.641482015167,-3753.377834056404,-4056.918671636267,-6043.557833868883,-147222.69187494184,-225380.4399845134,5e-09,5e-09,/Users/dawid/Library/Mobile Documents/com~apple~CloudDocs/Dokumenty/Publikacje własne/Manuscripts/Quantum_interference/data/P1-C45_wedm_zgru_1prz.sur,5130.336816138443,810.0000000000001,809.0,532.0,655289.9999999508,Steel C45,C45,classical,256,256,0,P1,P1-C45_wedm_zgru_1prz,area,Wire EDM (roughing),wedm_zgru_1prz,simple
3732.748814417657,3569.9070838506477,4474.643435891885,5172.8611370213075,5003.580066908198,6990.219229140815,154847.29497754585,155206.2258000693,233363.97390964086,162.84173056700928,-741.8946214742278,169.2810701131089,-1817.3580921195075,-358.9308225234421,-78516.678932095,5e-09,5e-09,/Users/dawid/Library/Mobile Documents/com~apple~CloudDocs/Dokumenty/Publikacje własne/Manuscripts/Quantum_interference/data/P1-C45_wedm_zgru_1prz.sur,1307.1142832327205,810.0000000000001,809.0,532.0,655289.9999999508,Steel C45,C45,quantum_like,256,256,0,P1,P1-C45_wedm_zgru_1prz,area,Wire EDM (roughing),wedm_zgru_1prz,simple
1962.6991920189616,3569.9070838506477,4474.643435891885,2664.6989548398774,5003.580066908198,6990.219229140815,38346.31748595312,155206.2258000693,233363.97390964086,-1607.2078918316859,-2511.944243872923,-2338.881112068321,-4325.520274300938,-116859.90831411618,-195017.65642368773,5e-09,5e-09,/Users/dawid/Library/Mobile Documents/com~apple~CloudDocs/Dokumenty/Publikacje własne/Manuscripts/Quantum_interference/data/P1-C45_wedm_zgru_1prz.sur,3475.041019476188,810.0000000000001,809.0,532.0,655289.9999999508,Steel C45,C45,hybrid,256,256,0,P1,P1-C45_wedm_zgru_1prz,area,Wire EDM (roughing),wedm_zgru_1prz,simple
152.15241940129553,20.57608432054199,27.297418640221498,202.0598417059906,31.732911762796896,52.32595042339795,1758.1546786363192,644.9031710672818,1708.9317205210828,131.57633508075355,124.85500076107402,170.3269299431937,149.73389128259268,1113.2515075690374,49.222958115236445,5e-09,5e-09,/Users/dawid/Library/Mobile Documents/com~apple~CloudDocs/Dokumenty/Publikacje własne/Manuscripts/Quantum_interference/data/P1-ELLOR_frez_wyk.sur,201.6241822299337,810.0000000000001,809.0,532.0,655289.9999999508,Graphite,ELLOR,classical,256,256,0,P1,P1-ELLOR_frez_wyk,area,Milling (finishing),frez_wyk,simple
1040.6344859709448,20.57608432054199,27.297418640221498,1304.2787804737738,31.732911762796896,52.32595042339795,10984.018632867444,644.9031710672818,1708.9317205210828,1020.0584016504026,1013.3370673307231,1272.545868710977,1251.952830050376,10339.115461800162,9275.08691234636,5e-09,5e-09,/Users/dawid/Library/Mobile Documents/com~apple~CloudDocs/Dokumenty/Publikacje własne/Manuscripts/Quantum_interference/data/P1-ELLOR_frez_wyk.sur,1303.8658639405614,810.0000000000001,809.0,532.0,655289.9999999508,Graphite,ELLOR,quantum_like,256,256,0,P1,P1-ELLOR_frez_wyk,area,Milling (finishing),frez_wyk,simple
192.70743301388853,20.57608432054199,27.297418640221498,257.276571259603,31.732911762796896,52.32595042339795,2432.1654912214613,644.9031710672818,1708.9317205210828,172.13134869334652,165.41001437366702,225.54365949680607,204.95062083620502,1787.2623201541796,723.2337707003787,5e-09,5e-09,/Users/dawid/Library/Mobile Documents/com~apple~CloudDocs/Dokumenty/Publikacje własne/Manuscripts/Quantum_interference/data/P1-ELLOR_frez_wyk.sur,258.0250849615988,810.0000000000001,809.0,532.0,655289.9999999508,Graphite,ELLOR,hybrid,256,256,0,P1,P1-ELLOR_frez_wyk,area,Milling (finishing),frez_wyk,simple
0.19961012055098384,0.01334088396177543,0.01663394778151025,0.2501302352900118,0.020928418299710188,0.02991984577749072,2.221154790780896,0.3789701745965676,0.8378487410273452,0.1862692365892084,0.18297617276947362,0.22920181699030162,0.2202103895125211,1.8421846161843285,1.383306049753551,5e-09,5e-09,/Users/dawid/Library/Mobile Documents/com~apple~CloudDocs/Dokumenty/Publikacje własne/Manuscripts/Quantum_interference/data/P1-ELLOR_frez_zgr.sur,0.24926292461215713,810.0000000000001,809.0,532.0,655289.9999999508,Graphite,ELLOR,classical,256,256,0,P1,P1-ELLOR_frez_zgr,area,Milling (roughing),frez_zgr,simple
1046.4612097160793,0.01334088396177543,0.01663394778151025,1312.4232383567273,0.020928418299710188,0.02991984577749072,11110.975966170297,0.3789701745965676,0.8378487410273452,1046.4478688321176,1046.444575768298,1312.4023099384276,1312.3933185109497,11110.5969959957,11110.13811742927,5e-09,5e-09,/Users/dawid/Library/Mobile Documents/com~apple~CloudDocs/Dokumenty/Publikacje własne/Manuscripts/Quantum_interference/data/P1-ELLOR_frez_zgr.sur,1312.4233414026492,810.0000000000001,809.0,532.0,655289.9999999508,Graphite,ELLOR,quantum_like,256,256,0,P1,P1-ELLOR_frez_zgr,area,Milling (roughing),frez_zgr,simple
191.89358676381096,0.01334088396177543,0.01663394778151025,260.1153782014247,0.020928418299710188,0.02991984577749072,2160.302861300624,0.3789701745965676,0.8378487410273452,191.88024587984916,191.87695281602942,260.094449783125,260.0854583556472,2159.9238911260277,2159.4650125595967,5e-09,5e-09,/Users/dawid/Library/Mobile Documents/com~apple~CloudDocs/Dokumenty/Publikacje własne/Manuscripts/Quantum_interference/data/P1-ELLOR_frez_zgr.sur,260.11588019564323,810.0000000000001,809.0,532.0,655289.9999999508,Graphite,ELLOR,hybrid,256,256,0,P1,P1-ELLOR_frez_zgr,area,Milling (roughing),frez_zgr,simple
654.7729090663637,1787165.7870731056,2018004.8643047118,866.017814639629,2641894.4982416346,3090351.901157858,8106.270109926933,36281268.04227555,61174725.89370246,-1786511.0141640392,-2017350.0913956456,-2641028.480426995,-3089485.8833432184,-36273161.77216562,-61166619.62359254,5e-09,5e-09,/Users/dawid/Library/Mobile Documents/com~apple~CloudDocs/Dokumenty/Publikacje własne/Manuscripts/Quantum_interference/data/P1-ELLOR_t_zgrub.sur,2641899.0363427843,810.0000000000001,809.0,532.0,655289.9999999508,Graphite,ELLOR,classical,256,256,0,P1,P1-ELLOR_t_zgrub,area,Turning (roughing),t_zgrub,simple
877580.6272392,1787165.7870731056,2018004.8643047118,1129930.3885266718,2641894.4982416346,3090351.901157858,9658144.675517647,36281268.04227555,61174725.89370246,-909585.1598339055,-1140424.237065512,-1511964.1097149628,-1960421.512631186,-26623123.366757903,-51516581.21818482,5e-09,5e-09,/Users/dawid/Library/Mobile Documents/com~apple~CloudDocs/Dokumenty/Publikacje własne/Manuscripts/Quantum_interference/data/P1-ELLOR_t_zgrub.sur,2876093.5564210806,810.0000000000001,809.0,532.0,655289.9999999508,Graphite,ELLOR,quantum_like,256,256,0,P1,P1-ELLOR_t_zgrub,area,Turning (roughing),t_zgrub,simple
521881.80733056145,1787165.7870731056,2018004.8643047118,659025.9387616009,2641894.4982416346,3090351.901157858,4934404.0330632655,36281268.04227555,61174725.89370246,-1265283.979742544,-1496123.0569741505,-1982868.559480034,-2431325.962396257,-31346864.009212285,-56240321.8606392,5e-09,5e-09,/Users/dawid/Library/Mobile Documents/com~apple~CloudDocs/Dokumenty/Publikacje własne/Manuscripts/Quantum_interference/data/P1-ELLOR_t_zgrub.sur,2729691.919327595,810.0000000000001,809.0,532.0,655289.9999999508,Graphite,ELLOR,hybrid,256,256,0,P1,P1-ELLOR_t_zgrub,area,Turning (roughing),t_zgrub,simple
721.564930589024,949.3128362506651,1288.9111898407098,957.7948715416125,1493.174789438539,2635.0106342366944,8099.88379022937,28667.810212091194,94762.18475820428,-227.74790566164114,-567.3462592516858,-535.3799178969265,-1677.215762695082,-20567.926421861823,-86662.30096797491,5e-09,5e-09,/Users/dawid/Library/Mobile Documents/com~apple~CloudDocs/Dokumenty/Publikacje własne/Manuscripts/Quantum_interference/data/P1-ELLOR_wedm_wyk.sur,1753.908684315117,810.0000000000001,809.0,532.0,655289.9999999508,Graphite,ELLOR,classical,256,256,0,P1,P1-ELLOR_wedm_wyk,area,Wire EDM (finishing),wedm_wyk,simple
1445.8832404973166,949.3128362506651,1288.9111898407098,1982.262885800275,1493.174789438539,2635.0106342366944,32373.01060847977,28667.810212091194,94762.18475820428,496.5704042466514,156.9720506566068,489.0880963617361,-652.7477484364194,3705.2003963885763,-62389.174149724524,5e-09,5e-09,/Users/dawid/Library/Mobile Documents/com~apple~CloudDocs/Dokumenty/Publikacje własne/Manuscripts/Quantum_interference/data/P1-ELLOR_wedm_wyk.sur,1304.847275595035,810.0000000000001,809.0,532.0,655289.9999999508,Graphite,ELLOR,quantum_like,256,256,0,P1,P1-ELLOR_wedm_wyk,area,Wire EDM (finishing),wedm_wyk,simple
527.911645360659,949.3128362506651,1288.9111898407098,733.2842690309658,1493.174789438539,2635.0106342366944,12905.716334522023,28667.810212091194,94762.18475820428,-421.4011908900061,-760.9995444800506,-759.8905204075731,-1901.7263652057288,-15762.09387756917,-81856.46842368226,5e-09,5e-09,/Users/dawid/Library/Mobile Documents/com~apple~CloudDocs/Dokumenty/Publikacje własne/Manuscripts/Quantum_interference/data/P1-ELLOR_wedm_wyk.sur,1163.6846567617372,810.0000000000001,809.0,532.0,655289.9999999508,Graphite,ELLOR,hybrid,256,256,0,P1,P1-ELLOR_wedm_wyk,area,Wire EDM (finishing),wedm_wyk,simple
776.1239105538422,1065.6324171939048,1449.8944742396523,1012.8295243811602,1565.3286439144156,2498.4242966125526,8733.947117944255,32513.359859253404,69211.50170978007,-289.5085066400624,-673.77056368581,-552.4991195332555,-1485.5947722313922,-23779.41274130915,-60477.55459183582,5e-09,5e-09,/Users/dawid/Library/Mobile Documents/com~apple~CloudDocs/Dokumenty/Publikacje własne/Manuscripts/Quantum_interference/data/P1-ELLOR_wedm_zgru_1prz.sur,1865.5904342123417,810.0000000000001,809.0,532.0,655289.9999999508,Graphite,ELLOR,classical,256,256,0,P1,P1-ELLOR_wedm_zgru_1prz,area,Wire EDM (roughing),wedm_zgru_1prz,simple
1519.2524087856177,1065.6324171939048,1449.8944742396523,2036.8018595242993,1565.3286439144156,2498.4242966125526,33281.10780657251,32513.359859253404,69211.50170978007,453.6199915917131,69.35793454596546,471.4732156098836,-461.62243708825315,767.7479473191052,-35930.39390320756,5e-09,5e-09,/Users/dawid/Library/Mobile Documents/com~apple~CloudDocs/Dokumenty/Publikacje własne/Manuscripts/Quantum_interference/data/P1-ELLOR_wedm_zgru_1prz.sur,1311.9865930314693,810.0000000000001,809.0,532.0,655289.9999999508,Graphite,ELLOR,quantum_like,256,256,0,P1,P1-ELLOR_wedm_zgru_1prz,area,Wire EDM (roughing),wedm_zgru_1prz,simple
604.3012449682845,1065.6324171939048,1449.8944742396523,803.2341673156502,1565.3286439144156,2498.4242966125526,15734.609958293177,32513.359859253404,69211.50170978007,-461.3311722256201,-845.5932292713677,-762.0944765987654,-1695.1901292969021,-16778.74990096023,-53476.89175148689,5e-09,5e-09,/Users/dawid/Library/Mobile Documents/com~apple~CloudDocs/Dokumenty/Publikacje własne/Manuscripts/Quantum_interference/data/P1-ELLOR_wedm_zgru_1prz.sur,1184.8222182910322,810.0000000000001,809.0,532.0,655289.9999999508,Graphite,ELLOR,hybrid,256,256,0,P1,P1-ELLOR_wedm_zgru_1prz,area,Wire EDM (roughing),wedm_zgru_1prz,simple
371.85183390246976,365.53903232290645,371.232885286238,479.9300955395662,419.12377625567063,433.87656132110186,4186.928109907202,3473.2955761941603,10944.451287199645,6.312801579563346,0.618948616231779,60.80631928389555,46.05353421846433,713.6325337130424,-6757.523177292443,5e-09,5e-09,/Users/dawid/Library/Mobile Documents/com~apple~CloudDocs/Dokumenty/Publikacje własne/Manuscripts/Quantum_interference/data/P1-MO58A_frez_wyk.sur,525.2115478388116,810.0000000000001,809.0,532.0,655289.9999999508,Brass,MO58A,classical,256,256,0,P1,P1-MO58A_frez_wyk,area,Milling (finishing),frez_wyk,simple
1089.2951382353947,365.53903232290645,371.232885286238,1363.8226173992987,419.12377625567063,433.87656132110186,12568.358514148713,3473.2955761941603,10944.451287199645,723.7561059124884,718.0622529491568,944.6988411436281,929.9460560781968,9095.062937954553,1623.9072269490669,5e-09,5e-09,/Users/dawid/Library/Mobile Documents/com~apple~CloudDocs/Dokumenty/Publikacje własne/Manuscripts/Quantum_interference/data/P1-MO58A_frez_wyk.sur,1296.887414432322,810.0000000000001,809.0,532.0,655289.9999999508,Brass,MO58A,quantum_like,256,256,0,P1,P1-MO58A_frez_wyk,area,Milling (finishing),frez_wyk,simple
404.30990688178815,365.53903232290645,371.232885286238,487.5706447150303,419.12377625567063,433.87656132110186,3124.4820740379023,3473.2955761941603,10944.451287199645,38.77087455888172,33.07702159555016,68.44686845935965,53.69408339392844,-348.8135021562581,-7819.969213161743,5e-09,5e-09,/Users/dawid/Library/Mobile Documents/com~apple~CloudDocs/Dokumenty/Publikacje własne/Manuscripts/Quantum_interference/data/P1-MO58A_frez_wyk.sur,258.95231277868373,810.0000000000001,809.0,532.0,655289.9999999508,Brass,MO58A,hybrid,256,256,0,P1,P1-MO58A_frez_wyk,area,Milling (finishing),frez_wyk,simple
661.8376197616358,1551.2293906381824,1635.1765763826413,863.2744011333914,1921.0449903766198,2024.9415456585623,7221.726167650172,11473.279324183392,15746.571803058374,-889.3917708765465,-973.3389566210055,-1057.7705892432284,-1161.667144525171,-4251.55315653322,-8524.845635408203,5e-09,5e-09,/Users/dawid/Library/Mobile Documents/com~apple~CloudDocs/Dokumenty/Publikacje własne/Manuscripts/Quantum_interference/data/P1-MO58A_frez_zgr.sur,2086.7669994191187,810.0000000000001,809.0,532.0,655289.9999999508,Brass,MO58A,classical,256,256,0,P1,P1-MO58A_frez_zgr,area,Milling (roughing),frez_zgr,simple
1867.4483249791995,1551.2293906381824,1635.1765763826413,2324.2766297998614,1921.0449903766198,2024.9415456585623,17630.929321613206,11473.279324183392,15746.571803058374,316.2189343410171,232.27174859655798,403.2316394232415,299.3350841412991,6157.649997429814,1884.3575185548316,5e-09,5e-09,/Users/dawid/Library/Mobile Documents/com~apple~CloudDocs/Dokumenty/Publikacje własne/Manuscripts/Quantum_interference/data/P1-MO58A_frez_zgr.sur,1304.1923743803468,810.0000000000001,809.0,532.0,655289.9999999508,Brass,MO58A,quantum_like,256,256,0,P1,P1-MO58A_frez_zgr,area,Milling (roughing),frez_zgr,simple
1269.5211536195304,1551.2293906381824,1635.1765763826413,1600.595558576497,1921.0449903766198,2024.9415456585623,9381.310952150106,11473.279324183392,15746.571803058374,-281.70823701865197,-365.65542276311106,-320.4494318001228,-424.34598708206516,-2091.9683720332846,-6365.2608509082675,5e-09,5e-09,/Users/dawid/Library/Mobile Documents/com~apple~CloudDocs/Dokumenty/Publikacje własne/Manuscripts/Quantum_interference/data/P1-MO58A_frez_zgr.sur,824.7716845403869,810.0000000000001,809.0,532.0,655289.9999999508,Brass,MO58A,hybrid,256,256,0,P1,P1-MO58A_frez_zgr,area,Milling (roughing),frez_zgr,simple
145.35848667240455,145.26033640365523,149.36655947912297,181.13614236477832,180.98995739306156,187.34316490288163,1036.8580554428024,1013.2719698546313,3484.618675857259,0.09815026874930692,-4.008072806718429,0.1461849717167654,-6.2070225381033,23.586085588171315,-2447.7606204144563,5e-09,5e-09,/Users/dawid/Library/Mobile Documents/com~apple~CloudDocs/Dokumenty/Publikacje własne/Manuscripts/Quantum_interference/data/P1-MO58A_nagniat.sur,9.560959269449663,810.0000000000001,809.0,532.0,655289.9999999508,Brass,MO58A,classical,256,256,0,P1,P1-MO58A_nagniat,area,Burnishing,nagniat,simple
1054.2822350806343,145.26033640365523,149.36655947912297,1321.3043019411548,180.98995739306156,187.34316490288163,10799.058617550507,1013.2719698546313,3484.618675857259,909.0218986769792,904.9156756015115,1140.3143445480932,1133.9611370382731,9785.786647695875,7314.439941693248,5e-09,5e-09,/Users/dawid/Library/Mobile Documents/com~apple~CloudDocs/Dokumenty/Publikacje własne/Manuscripts/Quantum_interference/data/P1-MO58A_nagniat.sur,1308.2819496900654,810.0000000000001,809.0,532.0,655289.9999999508,Brass,MO58A,quantum_like,256,256,0,P1,P1-MO58A_nagniat,area,Burnishing,nagniat,simple
254.01923189657873,145.26033640365523,149.36655947912297,316.9927511093595,180.98995739306156,187.34316490288163,2438.622414127161,1013.2719698546313,3484.618675857259,108.75889549292349,104.65267241745575,136.002793716298,129.64958620647792,1425.3504442725296,-1045.996261730098,5e-09,5e-09,/Users/dawid/Library/Mobile Documents/com~apple~CloudDocs/Dokumenty/Publikacje własne/Manuscripts/Quantum_interference/data/P1-MO58A_nagniat.sur,259.413800866921,810.0000000000001,809.0,532.0,655289.9999999508,Brass,MO58A,hybrid,256,256,0,P1,P1-MO58A_nagniat,area,Burnishing,nagniat,simple
701.3052153483729,1284.9933550707844,1386.8772375518495,896.7163869108247,1636.5550981867475,2154.5371115300177,6948.412667023741,22299.111784202174,97070.55657722981,-583.6881397224114,-685.5720222034765,-739.838711275923,-1257.820724619193,-15350.699117178432,-90122.14391020607,5e-09,5e-09,/Users/dawid/Library/Mobile Documents/com~apple~CloudDocs/Dokumenty/Publikacje własne/Manuscripts/Quantum_interference/data/P1-MO58A_t_zgrub.sur,1849.1205491809844,810.0000000000001,809.0,532.0,655289.9999999508,Brass,MO58A,classical,256,256,0,P1,P1-MO58A_t_zgrub,area,Turning (roughing),t_zgrub,simple
1650.7341886367326,1284.9933550707844,1386.8772375518495,2090.6509288634898,1636.5550981867475,2154.5371115300177,26912.972991832186,22299.111784202174,97070.55657722981,365.7408335659482,263.856951084883,454.09583067674197,-63.8861826665281,4613.861207630015,-70157.58358539762,5e-09,5e-09,/Users/dawid/Library/Mobile Documents/com~apple~CloudDocs/Dokumenty/Publikacje własne/Manuscripts/Quantum_interference/data/P1-MO58A_t_zgrub.sur,1306.5086857908225,810.0000000000001,809.0,532.0,655289.9999999508,Brass,MO58A,quantum_like,256,256,0,P1,P1-MO58A_t_zgrub,area,Turning (roughing),t_zgrub,simple
938.4481497012597,1284.9933550707844,1386.8772375518495,1183.419597260454,1636.5550981867475,2154.5371115300177,13738.885420287192,22299.111784202174,97070.55657722981,-346.54520536952464,-448.42908785058984,-453.1355009262934,-971.1175142695635,-8560.22636391498,-83331.67115694263,5e-09,5e-09,/Users/dawid/Library/Mobile Documents/com~apple~CloudDocs/Dokumenty/Publikacje własne/Manuscripts/Quantum_interference/data/P1-MO58A_t_zgrub.sur,830.6942749763524,810.0000000000001,809.0,532.0,655289.9999999508,Brass,MO58A,hybrid,256,256,0,P1,P1-MO58A_t_zgrub,area,Turning (roughing),t_zgrub,simple
698.0215744381412,340.25414805552055,623.3622952841346,912.4983610245027,610.8953384067628,1678.008257576369,6811.631873196833,23870.72325179736,119387.24119355052,357.76742638262067,74.65927915400657,301.6030226177399,-765.5098965518664,-17059.09137860053,-112575.60932035369,5e-09,5e-09,/Users/dawid/Library/Mobile Documents/com~apple~CloudDocs/Dokumenty/Publikacje własne/Manuscripts/Quantum_interference/data/P1-MO58A_wedm_wyk.sur,1080.5888546753076,810.0000000000001,809.0,532.0,655289.9999999508,Brass,MO58A,classical,256,256,0,P1,P1-MO58A_wedm_wyk,area,Wire EDM (finishing),wedm_wyk,simple
1109.6332944987325,340.25414805552055,623.3622952841346,1440.5344538685167,610.8953384067628,1678.008257576369,25377.374812870697,23870.72325179736,119387.24119355052,769.3791464432121,486.27099921459796,829.6391154617538,-237.4738037078525,1506.6515610733363,-94009.86638067983,5e-09,5e-09,/Users/dawid/Library/Mobile Documents/com~apple~CloudDocs/Dokumenty/Publikacje własne/Manuscripts/Quantum_interference/data/P1-MO58A_wedm_wyk.sur,1308.1919500390834,810.0000000000001,809.0,532.0,655289.9999999508,Brass,MO58A,quantum_like,256,256,0,P1,P1-MO58A_wedm_wyk,area,Wire EDM (finishing),wedm_wyk,simple
307.6422534336635,340.25414805552055,623.3622952841346,451.6171797708906,610.8953384067628,1678.008257576369,10743.788941627172,23870.72325179736,119387.24119355052,-32.61189462185703,-315.72004185047115,-159.27815863587222,-1226.3910778054785,-13126.934310170189,-108643.45225192336,5e-09,5e-09,/Users/dawid/Library/Mobile Documents/com~apple~CloudDocs/Dokumenty/Publikacje własne/Manuscripts/Quantum_interference/data/P1-MO58A_wedm_wyk.sur,479.9823088911361,810.0000000000001,809.0,532.0,655289.9999999508,Brass,MO58A,hybrid,256,256,0,P1,P1-MO58A_wedm_wyk,area,Wire EDM (finishing),wedm_wyk,simple
705.6001844801839,76181.75825171938,88536.39320245878,913.3322755348984,95543.18876467575,114712.78171870453,6828.11936634969,1160504.7392569627,2608601.8359336206,-75476.1580672392,-87830.7930179786,-94629.85648914086,-113799.44944316964,-1153676.619890613,-2601773.716567271,5e-09,5e-09,/Users/dawid/Library/Mobile Documents/com~apple~CloudDocs/Dokumenty/Publikacje własne/Manuscripts/Quantum_interference/data/P1-MO58A_wedm_zgru_1prz.sur,95553.72262291724,810.0000000000001,809.0,532.0,655289.9999999508,Brass,MO58A,classical,256,256,0,P1,P1-MO58A_wedm_zgru_1prz,area,Wire EDM (roughing),wedm_zgru_1prz,simple
356340.7426490196,76181.75825171938,88536.39320245878,460331.65421156073,95543.18876467575,114712.78171870453,3748555.870019025,1160504.7392569627,2608601.8359336206,280158.98439730017,267804.3494465608,364788.4654468849,345618.8724928562,2588051.1307620625,1139954.034085405,5e-09,5e-09,/Users/dawid/Library/Mobile Documents/com~apple~CloudDocs/Dokumenty/Publikacje własne/Manuscripts/Quantum_interference/data/P1-MO58A_wedm_zgru_1prz.sur,452944.4239045789,810.0000000000001,809.0,532.0,655289.9999999508,Brass,MO58A,quantum_like,256,256,0,P1,P1-MO58A_wedm_zgru_1prz,area,Wire EDM (roughing),wedm_zgru_1prz,simple
250258.5806043898,76181.75825171938,88536.39320245878,314902.32102392777,95543.18876467575,114712.78171870453,2501131.1163679655,1160504.7392569627,2608601.8359336206,174076.82235267045,161722.18740193103,219359.132259252,200189.53930522324,1340626.3771110028,-107470.71956565503,5e-09,5e-09,/Users/dawid/Library/Mobile Documents/com~apple~CloudDocs/Dokumenty/Publikacje własne/Manuscripts/Quantum_interference/data/P1-MO58A_wedm_zgru_1prz.sur,317092.71885754407,810.0000000000001,809.0,532.0,655289.9999999508,Brass,MO58A,hybrid,256,256,0,P1,P1-MO58A_wedm_zgru_1prz,area,Wire EDM (roughing),wedm_zgru_1prz,simple
662.6647688775521,469.42585056562103,548.7149225512189,879.0001117293843,610.3819266295891,713.3317760266872,7749.509673381966,5636.036789390006,8954.240732494147,193.23891831193106,113.94984632633316,268.61818509979526,165.66833570269714,2113.4728839919603,-1204.7310591121816,5e-09,5e-09,/Users/dawid/Library/Mobile Documents/com~apple~CloudDocs/Dokumenty/Publikacje własne/Manuscripts/Quantum_interference/data/P1-Ti6A14V_frez_wyk.sur,1058.5273510553288,810.0000000000001,809.0,532.0,655289.9999999508,Titanium,Ti6A14V,classical,256,256,0,P1,P1-Ti6A14V_frez_wyk,area,Milling (finishing),frez_wyk,simple
1150.0170877248504,469.42585056562103,548.7149225512189,1443.29065618302,610.3819266295891,713.3317760266872,12226.97923724387,5636.036789390006,8954.240732494147,680.5912371592293,601.3021651736315,832.908729553431,729.9588801563328,6590.942447853865,3272.7385047497223,5e-09,5e-09,/Users/dawid/Library/Mobile Documents/com~apple~CloudDocs/Dokumenty/Publikacje własne/Manuscripts/Quantum_interference/data/P1-Ti6A14V_frez_wyk.sur,1308.8269700239773,810.0000000000001,809.0,532.0,655289.9999999508,Titanium,Ti6A14V,quantum_like,256,256,0,P1,P1-Ti6A14V_frez_wyk,area,Milling (finishing),frez_wyk,simple
353.20282942361086,469.42585056562103,548.7149225512189,463.14283173762743,610.3819266295891,713.3317760266872,4282.054009984816,5636.036789390006,8954.240732494147,-116.22302114201017,-195.51209312760807,-147.23909489196168,-250.1889442890598,-1353.9827794051896,-4672.186722509332,5e-09,5e-09,/Users/dawid/Library/Mobile Documents/com~apple~CloudDocs/Dokumenty/Publikacje własne/Manuscripts/Quantum_interference/data/P1-Ti6A14V_frez_wyk.sur,477.61614118642507,810.0000000000001,809.0,532.0,655289.9999999508,Titanium,Ti6A14V,hybrid,256,256,0,P1,P1-Ti6A14V_frez_wyk,area,Milling (finishing),frez_wyk,simple
756.60621300516,641.8688484561754,683.9830450019091,983.1237708534552,822.469868351295,1071.5743326150443,8385.132259368333,21558.194735968656,70791.5363647731,114.73736454898456,72.62316800325094,160.65390250216018,-88.45056176158913,-13173.062476600324,-62406.40410540476,5e-09,5e-09,/Users/dawid/Library/Mobile Documents/com~apple~CloudDocs/Dokumenty/Publikacje własne/Manuscripts/Quantum_interference/data/P1-Ti6A14V_frez_zgr.sur,1180.9891810072281,810.0000000000001,809.0,532.0,655289.9999999508,Titanium,Ti6A14V,classical,256,256,0,P1,P1-Ti6A14V_frez_zgr,area,Milling (roughing),frez_zgr,simple
1229.1105910001877,641.8688484561754,683.9830450019091,1545.9318623968477,822.469868351295,1071.5743326150443,23719.583119409686,21558.194735968656,70791.5363647731,587.2417425440121,545.1275459982786,723.4619940455527,474.3575297818034,2161.388383441031,-47071.95324536341,5e-09,5e-09,/Users/dawid/Library/Mobile Documents/com~apple~CloudDocs/Dokumenty/Publikacje własne/Manuscripts/Quantum_interference/data/P1-Ti6A14V_frez_zgr.sur,1310.9078511888633,810.0000000000001,809.0,532.0,655289.9999999508,Titanium,Ti6A14V,quantum_like,256,256,0,P1,P1-Ti6A14V_frez_zgr,area,Milling (roughing),frez_zgr,simple
623.2853508796543,641.8688484561754,683.9830450019091,783.4409294067482,822.469868351295,1071.5743326150443,6349.013779336105,21558.194735968656,70791.5363647731,-18.583497576521093,-60.69769412225471,-39.02893894454678,-288.1334032082961,-15209.180956632552,-64442.52258543699,5e-09,5e-09,/Users/dawid/Library/Mobile Documents/com~apple~CloudDocs/Dokumenty/Publikacje własne/Manuscripts/Quantum_interference/data/P1-Ti6A14V_frez_zgr.sur,376.3246651526597,810.0000000000001,809.0,532.0,655289.9999999508,Titanium,Ti6A14V,hybrid,256,256,0,P1,P1-Ti6A14V_frez_zgr,area,Milling (roughing),frez_zgr,simple
633.0930228717879,289.77462995164757,347.8317815466067,832.3050066251961,410.8437237790098,803.7426150092576,7140.251561012284,10313.574305428681,44965.60414799983,343.31839292014024,285.2612413251811,421.4612828461863,28.562391615938406,-3173.322744416397,-37825.352586987545,5e-09,5e-09,/Users/dawid/Library/Mobile Documents/com~apple~CloudDocs/Dokumenty/Publikacje własne/Manuscripts/Quantum_interference/data/P1-Ti6A14V_nagniat.sur,917.5332980122778,810.0000000000001,809.0,532.0,655289.9999999508,Titanium,Ti6A14V,classical,256,256,0,P1,P1-Ti6A14V_nagniat,area,Burnishing,nagniat,simple
1090.804850147306,289.77462995164757,347.8317815466067,1375.0191164818634,410.8437237790098,803.7426150092576,16940.539454123613,10313.574305428681,44965.60414799983,801.0302201956584,742.9730686006993,964.1753927028536,571.2765014726057,6626.965148694933,-28025.064693876215,5e-09,5e-09,/Users/dawid/Library/Mobile Documents/com~apple~CloudDocs/Dokumenty/Publikacje własne/Manuscripts/Quantum_interference/data/P1-Ti6A14V_nagniat.sur,1314.0735664405543,810.0000000000001,809.0,532.0,655289.9999999508,Titanium,Ti6A14V,quantum_like,256,256,0,P1,P1-Ti6A14V_nagniat,area,Burnishing,nagniat,simple
299.18790742126873,289.77462995164757,347.8317815466067,384.75763993681477,410.8437237790098,803.7426150092576,5824.739317950249,10313.574305428681,44965.60414799983,9.413277469621118,-48.643874125337966,-26.086083842195034,-418.9849750724429,-4488.834987478433,-39140.864830049584,5e-09,5e-09,/Users/dawid/Library/Mobile Documents/com~apple~CloudDocs/Dokumenty/Publikacje własne/Manuscripts/Quantum_interference/data/P1-Ti6A14V_nagniat.sur,354.16568777991534,810.0000000000001,809.0,532.0,655289.9999999508,Titanium,Ti6A14V,hybrid,256,256,0,P1,P1-Ti6A14V_nagniat,area,Burnishing,nagniat,simple
516.4251063046869,103.18491123593812,120.19932196150366,637.5511614006431,123.73059001201017,143.5085523769773,4645.858553330672,2667.2561281473622,3825.7073651355636,413.24019506874885,396.2257843431833,513.820571388633,494.0426090236658,1978.60242518331,820.1511881951087,5e-09,5e-09,/Users/dawid/Library/Mobile Documents/com~apple~CloudDocs/Dokumenty/Publikacje własne/Manuscripts/Quantum_interference/data/P1-Ti6A14V_t_wyk.sur,644.2377308036397,810.0000000000001,809.0,532.0,655289.9999999508,Titanium,Ti6A14V,classical,256,256,0,P1,P1-Ti6A14V_t_wyk,area,Turning (finishing),t_wyk,simple
1048.0749521967346,103.18491123593812,120.19932196150366,1315.0762683429361,123.73059001201017,143.5085523769773,11607.095332789304,2667.2561281473622,3825.7073651355636,944.8900409607965,927.8756302352309,1191.345678330926,1171.5677159659588,8939.839204641941,7781.38796765374,5e-09,5e-09,/Users/dawid/Library/Mobile Documents/com~apple~CloudDocs/Dokumenty/Publikacje własne/Manuscripts/Quantum_interference/data/P1-Ti6A14V_t_wyk.sur,1309.1609717101069,810.0000000000001,809.0,532.0,655289.9999999508,Titanium,Ti6A14V,quantum_like,256,256,0,P1,P1-Ti6A14V_t_wyk,area,Turning (finishing),t_wyk,simple
214.7717932272593,103.18491123593812,120.19932196150366,267.7001908217783,123.73059001201017,143.5085523769773,2263.934356456719,2667.2561281473622,3825.7073651355636,111.58688199132119,94.57247126575565,143.9696008097681,124.191638444801,-403.32177169064306,-1561.7730086788442,5e-09,5e-09,/Users/dawid/Library/Mobile Documents/com~apple~CloudDocs/Dokumenty/Publikacje własne/Manuscripts/Quantum_interference/data/P1-Ti6A14V_t_wyk.sur,280.8496860306753,810.0000000000001,809.0,532.0,655289.9999999508,Titanium,Ti6A14V,hybrid,256,256,0,P1,P1-Ti6A14V_t_wyk,area,Turning (finishing),t_wyk,simple
696.5795582268235,2932.855047006961,3004.2986216553054,916.4077411374751,3378.02639502885,3551.4597919526173,8271.33907708545,35489.60649569244,70976.5955354702,-2236.2754887801375,-2307.719063428482,-2461.618653891375,-2635.0520508151426,-27218.26741860699,-62705.25645838475,5e-09,5e-09,/Users/dawid/Library/Mobile Documents/com~apple~CloudDocs/Dokumenty/Publikacje własne/Manuscripts/Quantum_interference/data/P1-Ti6A14V_t_zgrub.sur,3531.69120048362,810.0000000000001,809.0,532.0,655289.9999999508,Titanium,Ti6A14V,classical,256,256,0,P1,P1-Ti6A14V_t_zgrub,area,Turning (roughing),t_zgrub,simple
3063.67674008136,2932.855047006961,3004.2986216553054,3622.240604871775,3378.02639502885,3551.4597919526173,36697.542290666825,35489.60649569244,70976.5955354702,130.82169307439904,59.37811842605444,244.21420984292516,70.78081291915747,1207.935794974385,-34279.05324480338,5e-09,5e-09,/Users/dawid/Library/Mobile Documents/com~apple~CloudDocs/Dokumenty/Publikacje własne/Manuscripts/Quantum_interference/data/P1-Ti6A14V_t_zgrub.sur,1304.7843355946113,810.0000000000001,809.0,532.0,655289.9999999508,Titanium,Ti6A14V,quantum_like,256,256,0,P1,P1-Ti6A14V_t_zgrub,area,Turning (roughing),t_zgrub,simple
1847.4302944664894,2932.855047006961,3004.2986216553054,2142.082157240189,3378.02639502885,3551.4597919526173,12684.068505938352,35489.60649569244,70976.5955354702,-1085.4247525404717,-1156.8683271888162,-1235.9442377886608,-1409.3776347124283,-22805.537989754088,-58292.52702953185,5e-09,5e-09,/Users/dawid/Library/Mobile Documents/com~apple~CloudDocs/Dokumenty/Publikacje własne/Manuscripts/Quantum_interference/data/P1-Ti6A14V_t_zgrub.sur,1439.5451108048428,810.0000000000001,809.0,532.0,655289.9999999508,Titanium,Ti6A14V,hybrid,256,256,0,P1,P1-Ti6A14V_t_zgrub,area,Turning (roughing),t_zgrub,simple
699.1574056436847,207.04189770573768,409.00644899786334,906.1395166506833,258.27993904413785,520.0834351728039,6718.272837301325,7062.439869683003,19334.36500722471,492.115507937947,290.15095664582134,647.8595776065455,386.0560814778794,-344.167032381678,-12616.092169923386,5e-09,5e-09,/Users/dawid/Library/Mobile Documents/com~apple~CloudDocs/Dokumenty/Publikacje własne/Manuscripts/Quantum_interference/data/P1-Ti6A14V_wedm_wyk.sur,956.8248731222171,810.0000000000001,809.0,532.0,655289.9999999508,Titanium,Ti6A14V,classical,256,256,0,P1,P1-Ti6A14V_wedm_wyk,area,Wire EDM (finishing),wedm_wyk,simple
1066.3399294684157,207.04189770573768,409.00644899786334,1335.56130623711,258.27993904413785,520.0834351728039,12576.07194452087,7062.439869683003,19334.36500722471,859.2980317626781,657.3334804705523,1077.2813671929725,815.4778710643062,5513.632074837867,-6758.29306270384,5e-09,5e-09,/Users/dawid/Library/Mobile Documents/com~apple~CloudDocs/Dokumenty/Publikacje własne/Manuscripts/Quantum_interference/data/P1-Ti6A14V_wedm_wyk.sur,1310.4209398551131,810.0000000000001,809.0,532.0,655289.9999999508,Titanium,Ti6A14V,quantum_like,256,256,0,P1,P1-Ti6A14V_wedm_wyk,area,Wire EDM (finishing),wedm_wyk,simple
265.7527863464534,207.04189770573768,409.00644899786334,332.7408601924514,258.27993904413785,520.0834351728039,2688.2989730491954,7062.439869683003,19334.36500722471,58.71088864071567,-143.25366265140997,74.46092114831356,-187.34257498035248,-4374.140896633808,-16646.066034175514,5e-09,5e-09,/Users/dawid/Library/Mobile Documents/com~apple~CloudDocs/Dokumenty/Publikacje własne/Manuscripts/Quantum_interference/data/P1-Ti6A14V_wedm_wyk.sur,286.93964891967795,810.0000000000001,809.0,532.0,655289.9999999508,Titanium,Ti6A14V,hybrid,256,256,0,P1,P1-Ti6A14V_wedm_wyk,area,Wire EDM (finishing),wedm_wyk,simple
684.4152411037062,3566.8007954163995,4401.629858763449,907.9142302415481,4516.990717477603,5552.950033863544,7369.74194142445,47676.136952479326,73584.54434948617,-2882.385554312694,-3717.2146176597435,-3609.076487236054,-4645.035803621997,-40306.395011054876,-66214.80240806172,5e-09,5e-09,/Users/dawid/Library/Mobile Documents/com~apple~CloudDocs/Dokumenty/Publikacje własne/Manuscripts/Quantum_interference/data/P1-Ti6A14V_wedm_zgru_1prz.sur,4605.710570432943,810.0000000000001,809.0,532.0,655289.9999999508,Titanium,Ti6A14V,classical,256,256,0,P1,P1-Ti6A14V_wedm_zgru_1prz,area,Wire EDM (roughing),wedm_zgru_1prz,simple
3715.071931794124,3566.8007954163995,4401.629858763449,4699.65178583106,4516.990717477603,5552.950033863544,49760.654122349566,47676.136952479326,73584.54434948617,148.27113637772442,-686.5579269693254,182.6610683534573,-853.2982480324849,2084.5171698702384,-23823.89022713661,5e-09,5e-09,/Users/dawid/Library/Mobile Documents/com~apple~CloudDocs/Dokumenty/Publikacje własne/Manuscripts/Quantum_interference/data/P1-Ti6A14V_wedm_zgru_1prz.sur,1309.8531687009108,810.0000000000001,809.0,532.0,655289.9999999508,Titanium,Ti6A14V,quantum_like,256,256,0,P1,P1-Ti6A14V_wedm_zgru_1prz,area,Wire EDM (roughing),wedm_zgru_1prz,simple
1708.4642237784578,3566.8007954163995,4401.629858763449,2161.89531143674,4516.990717477603,5552.950033863544,20828.599654555946,47676.136952479326,73584.54434948617,-1858.336571637942,-2693.165634984992,-2355.095406040862,-3391.0547224268043,-26847.537297923383,-52755.94469493023,5e-09,5e-09,/Users/dawid/Library/Mobile Documents/com~apple~CloudDocs/Dokumenty/Publikacje własne/Manuscripts/Quantum_interference/data/P1-Ti6A14V_wedm_zgru_1prz.sur,3273.752458436145,810.0000000000001,809.0,532.0,655289.9999999508,Titanium,Ti6A14V,hybrid,256,256,0,P1,P1-Ti6A14V_wedm_zgru_1prz,area,Wire EDM (roughing),wedm_zgru_1prz,simple
450.51160455516225,301.41656181188597,313.44194181447756,572.4225227151568,434.7065418322733,820.2161239650844,5572.637365868591,8952.504640216148,41617.377154131675,149.09504274327628,137.06966274068472,137.71598088288349,-247.7936012499276,-3379.867274347558,-36044.73978826308,5e-09,5e-09,/Users/dawid/Library/Mobile Documents/com~apple~CloudDocs/Dokumenty/Publikacje własne/Manuscripts/Quantum_interference/data/Ti_oselkowane.sur,686.0140667436991,810.0000000000001,809.0,532.0,655289.9999999508,Titanium,Ti,classical,256,256,0,,Ti_oselkowane,area,Honed,oselkowane,simple
1091.9453768182643,301.41656181188597,313.44194181447756,1380.7090976574302,434.7065418322733,820.2161239650844,15106.454756461317,8952.504640216148,41617.377154131675,790.5288150063783,778.5034350037868,946.0025558251568,560.4929736923458,6153.950116245168,-26510.922397670358,5e-09,5e-09,/Users/dawid/Library/Mobile Documents/com~apple~CloudDocs/Dokumenty/Publikacje własne/Manuscripts/Quantum_interference/data/Ti_oselkowane.sur,1307.9556227607459,810.0000000000001,809.0,532.0,655289.9999999508,Titanium,Ti,quantum_like,256,256,0,,Ti_oselkowane,area,Honed,oselkowane,simple
352.7021895662296,301.41656181188597,313.44194181447756,453.1146119373769,434.7065418322733,820.2161239650844,5296.42187087845,8952.504640216148,41617.377154131675,51.28562775434361,39.260247751752054,18.40807010510356,-367.10151202770754,-3656.0827693376987,-36320.95528325322,5e-09,5e-09,/Users/dawid/Library/Mobile Documents/com~apple~CloudDocs/Dokumenty/Publikacje własne/Manuscripts/Quantum_interference/data/Ti_oselkowane.sur,308.57509714823124,810.0000000000001,809.0,532.0,655289.9999999508,Titanium,Ti,hybrid,256,256,0,,Ti_oselkowane,area,Honed,oselkowane,simple
665.5878595332481,352.99595449299903,362.86787323690766,870.6923713659633,437.7957437668097,450.1454615793234,7661.4606915193435,2797.1289201102377,5483.871984749424,312.5919050402491,302.71998629634044,432.89662759915353,420.54690978663984,4864.331771409105,2177.5887067699186,5e-09,5e-09,/Users/dawid/Library/Mobile Documents/com~apple~CloudDocs/Dokumenty/Publikacje własne/Manuscripts/Quantum_interference/data/Ti_szkielkowane.sur,931.1282345961235,810.0000000000001,809.0,532.0,655289.9999999508,Titanium,Ti,classical,256,256,0,,Ti_szkielkowane,area,Glass bead blasted,szkielkowane,simple
1096.292979428891,352.99595449299903,362.86787323690766,1372.2585043703111,437.7957437668097,450.1454615793234,12394.310800080215,2797.1289201102377,5483.871984749424,743.297024935892,733.4251061919832,934.4627606035014,922.1130427909877,9597.181879969978,6910.438815330791,5e-09,5e-09,/Users/dawid/Library/Mobile Documents/com~apple~CloudDocs/Dokumenty/Publikacje własne/Manuscripts/Quantum_interference/data/Ti_szkielkowane.sur,1302.603445078243,810.0000000000001,809.0,532.0,655289.9999999508,Titanium,Ti,quantum_like,256,256,0,,Ti_szkielkowane,area,Glass bead blasted,szkielkowane,simple
379.40117290419175,352.99595449299903,362.86787323690766,469.887954216742,437.7957437668097,450.1454615793234,3772.7203802067543,2797.1289201102377,5483.871984749424,26.405218411192728,16.53329966728409,32.092210449932246,19.742492637418582,975.5914600965164,-1711.1516045426704,5e-09,5e-09,/Users/dawid/Library/Mobile Documents/com~apple~CloudDocs/Dokumenty/Publikacje własne/Manuscripts/Quantum_interference/data/Ti_szkielkowane.sur,296.82813721483467,810.0000000000001,809.0,532.0,655289.9999999508,Titanium,Ti,hybrid,256,256,0,,Ti_szkielkowane,area,Glass bead blasted,szkielkowane,simple
667.6026988808178,260.9508386001499,269.0687259091993,880.9141250087649,320.8989163140508,332.064684239527,8042.29766058616,2168.8333199346725,3640.405667431295,406.65186028066796,398.5339729716185,560.0152086947141,548.8494407692378,5873.464340651487,4401.891993154865,5e-09,5e-09,/Users/dawid/Library/Mobile Documents/com~apple~CloudDocs/Dokumenty/Publikacje własne/Manuscripts/Quantum_interference/data/Ti_szlifowane.sur,896.2075124573678,810.0000000000001,809.0,532.0,655289.9999999508,Titanium,Ti,classical,256,256,0,,Ti_szlifowane,area,Grinding,szlifowane,simple
1076.495995369728,260.9508386001499,269.0687259091993,1349.468806887706,320.8989163140508,332.064684239527,11777.862774827056,2168.8333199346725,3640.405667431295,815.545156769578,807.4272694605287,1028.5698905736551,1017.4041226481789,9609.029454892381,8137.45710739576,5e-09,5e-09,/Users/dawid/Library/Mobile Documents/com~apple~CloudDocs/Dokumenty/Publikacje własne/Manuscripts/Quantum_interference/data/Ti_szlifowane.sur,1312.1420568132671,810.0000000000001,809.0,532.0,655289.9999999508,Titanium,Ti,quantum_like,256,256,0,,Ti_szlifowane,area,Grinding,szlifowane,simple
311.429297165269,260.9508386001499,269.0687259091993,387.4958614502129,320.8989163140508,332.064684239527,3128.812902992326,2168.8333199346725,3640.405667431295,50.47845856511913,42.360571256069676,66.59694513616215,55.43117721068589,959.9795830576536,-511.5927644389688,5e-09,5e-09,/Users/dawid/Library/Mobile Documents/com~apple~CloudDocs/Dokumenty/Publikacje własne/Manuscripts/Quantum_interference/data/Ti_szlifowane.sur,271.85179303762,810.0000000000001,809.0,532.0,655289.9999999508,Titanium,Ti,hybrid,256,256,0,,Ti_szlifowane,area,Grinding,szlifowane,simple
