Sa_est_nm,Sa_true_bw_nm,Sa_true_nm,Sq_est_nm,Sq_true_bw_nm,Sq_true_nm,Sz_est_nm,Sz_true_bw_nm,Sz_true_nm,bias_Sa_bw_nm,bias_Sa_nm,bias_Sq_bw_nm,bias_Sq_nm,bias_Sz_bw_nm,bias_Sz_nm,deadtime1_s,deadtime2_s,file,height_rmse_nm,lambda1_nm,lambda2_nm,lambda_class_nm,lambda_eff_nm,material,material_code,method,nx,ny,rep,sample_group,stem,sur_resample,treatment,treatment_code,unwrap_method
527.4790000624262,350.99675678385984,382.78488492918075,676.8226682917687,472.56481549332125,924.2360826616774,4349.788577311386,6828.5758176566305,44222.947324976805,176.48224327856636,144.69411513324545,204.2578527984474,-247.41341436990874,-2478.7872403452448,-39873.15874766542,0.0,0.0,/Users/dawid/Library/Mobile Documents/com~apple~CloudDocs/Dokumenty/Publikacje własne/Manuscripts/Quantum_interference/data/1.4301_oselkowane.sur,861.8169784775973,810.0000000000001,809.0,532.0,655289.9999999508,Stainless steel 1.4301 (AISI 304),1.4301,classical,128,128,0,,1.4301_oselkowane,area,Honed,oselkowane,simple
674.1534588183034,350.99675678385984,382.78488492918075,857.2884547084702,472.56481549332125,924.2360826616774,9213.763677192346,6828.5758176566305,44222.947324976805,323.1567020344435,291.3685738891226,384.7236392151489,-66.94762795320717,2385.1878595357157,-35009.183647784455,0.0,0.0,/Users/dawid/Library/Mobile Documents/com~apple~CloudDocs/Dokumenty/Publikacje własne/Manuscripts/Quantum_interference/data/1.4301_oselkowane.sur,717.146619146366,810.0000000000001,809.0,532.0,655289.9999999508,Stainless steel 1.4301 (AISI 304),1.4301,quantum_like,128,128,0,,1.4301_oselkowane,area,Honed,oselkowane,simple
345.77599046634265,350.99675678385984,382.78488492918075,436.3771436951692,472.56481549332125,924.2360826616774,3884.099261439248,6828.5758176566305,44222.947324976805,-5.220766317517198,-37.00889446283812,-36.18767179815203,-487.85893896650816,-2944.476556217383,-40338.84806353755,0.0,0.0,/Users/dawid/Library/Mobile Documents/com~apple~CloudDocs/Dokumenty/Publikacje własne/Manuscripts/Quantum_interference/data/1.4301_oselkowane.sur,253.51856768942045,810.0000000000001,809.0,532.0,655289.9999999508,Stainless steel 1.4301 (AISI 304),1.4301,hybrid,128,128,0,,1.4301_oselkowane,area,Honed,oselkowane,simple
485.27502516491006,293.103692775283,453.17839917015544,624.8703862344925,360.16434840362666,539.7002414210604,4985.72249644604,2153.258787560428,4309.3120301784875,192.17133238962714,32.09662599475466,264.7060378308658,85.17014481343216,2832.4637088856116,676.4104662675519,0.0,0.0,/Users/dawid/Library/Mobile Documents/com~apple~CloudDocs/Dokumenty/Publikacje własne/Manuscripts/Quantum_interference/data/1.4301_szkielkowane.sur,730.572159122114,810.0000000000001,809.0,532.0,655289.9999999508,Stainless steel 1.4301 (AISI 304),1.4301,classical,128,128,0,,1.4301_szkielkowane,area,Glass bead blasted,szkielkowane,simple
630.6012398681978,293.103692775283,453.17839917015544,788.4328863633044,360.16434840362666,539.7002414210604,5645.971966782188,2153.258787560428,4309.3120301784875,337.4975470929149,177.42284069804242,428.26853795967776,248.7326449422441,3492.71317922176,1336.6599366037005,0.0,0.0,/Users/dawid/Library/Mobile Documents/com~apple~CloudDocs/Dokumenty/Publikacje własne/Manuscripts/Quantum_interference/data/1.4301_szkielkowane.sur,705.5322721865557,810.0000000000001,809.0,532.0,655289.9999999508,Stainless steel 1.4301 (AISI 304),1.4301,quantum_like,128,128,0,,1.4301_szkielkowane,area,Glass bead blasted,szkielkowane,simple
255.42536575630845,293.103692775283,453.17839917015544,309.42101319990024,360.16434840362666,539.7002414210604,2037.84536523606,2153.258787560428,4309.3120301784875,-37.678327018974514,-197.753033413847,-50.743335203726424,-230.27922822116005,-115.41342232436827,-2271.466664942428,0.0,0.0,/Users/dawid/Library/Mobile Documents/com~apple~CloudDocs/Dokumenty/Publikacje własne/Manuscripts/Quantum_interference/data/1.4301_szkielkowane.sur,272.59524237359216,810.0000000000001,809.0,532.0,655289.9999999508,Stainless steel 1.4301 (AISI 304),1.4301,hybrid,128,128,0,,1.4301_szkielkowane,area,Glass bead blasted,szkielkowane,simple
24.92378590063693,24.921633675625642,33.84118699522956,31.152997751091455,31.147664562402877,41.899689585882065,222.0627170536752,221.58111242035488,417.17396197934573,0.0021522250112859733,-8.917401094592638,0.0053331886885758266,-10.746691834790608,0.48160463332029785,-195.11124492567055,0.0,0.0,/Users/dawid/Library/Mobile Documents/com~apple~CloudDocs/Dokumenty/Publikacje własne/Manuscripts/Quantum_interference/data/1.4301_szlifowane.sur,0.2510637293861984,810.0000000000001,809.0,532.0,655289.9999999508,Stainless steel 1.4301 (AISI 304),1.4301,classical,128,128,0,,1.4301_szlifowane,area,Grinding,szlifowane,simple
562.5893780366108,24.921633675625642,33.84118699522956,704.9642705815855,31.147664562402877,41.899689585882065,5611.692557434055,221.58111242035488,417.17396197934573,537.6677443609851,528.7481910413812,673.8166060191827,663.0645809957034,5390.111445013699,5194.518595454709,0.0,0.0,/Users/dawid/Library/Mobile Documents/com~apple~CloudDocs/Dokumenty/Publikacje własne/Manuscripts/Quantum_interference/data/1.4301_szlifowane.sur,703.9152020659358,810.0000000000001,809.0,532.0,655289.9999999508,Stainless steel 1.4301 (AISI 304),1.4301,quantum_like,128,128,0,,1.4301_szlifowane,area,Grinding,szlifowane,simple
103.98699036735955,24.921633675625642,33.84118699522956,155.60905485917712,31.147664562402877,41.899689585882065,1192.1937930067213,221.58111242035488,417.17396197934573,79.0653566917339,70.14580337212998,124.46139029677423,113.70936527329505,970.6126805863663,775.0198310273755,0.0,0.0,/Users/dawid/Library/Mobile Documents/com~apple~CloudDocs/Dokumenty/Publikacje własne/Manuscripts/Quantum_interference/data/1.4301_szlifowane.sur,154.739931069338,810.0000000000001,809.0,532.0,655289.9999999508,Stainless steel 1.4301 (AISI 304),1.4301,hybrid,128,128,0,,1.4301_szlifowane,area,Grinding,szlifowane,simple
488.8679413051955,476.1858572518425,719.0243698335206,627.9934185358795,658.1565127804134,1182.6790015108243,4178.162274296959,17815.903071651923,88645.45204885582,12.682084053352932,-230.1564285283251,-30.16309424453386,-554.6855829749447,-13637.740797354962,-84467.28977455886,0.0,0.0,/Users/dawid/Library/Mobile Documents/com~apple~CloudDocs/Dokumenty/Publikacje własne/Manuscripts/Quantum_interference/data/1.4301_t_wyk.sur,916.3752382717305,810.0000000000001,809.0,532.0,655289.9999999508,Stainless steel 1.4301 (AISI 304),1.4301,classical,128,128,0,,1.4301_t_wyk,area,Turning (finishing),t_wyk,simple
744.2158378106894,476.1858572518425,719.0243698335206,968.5836914276656,658.1565127804134,1182.6790015108243,18338.190125533012,17815.903071651923,88645.45204885582,268.02998055884694,25.191467977168923,310.4271786472522,-214.09531008315864,522.2870538810918,-70307.26192332279,0.0,0.0,/Users/dawid/Library/Mobile Documents/com~apple~CloudDocs/Dokumenty/Publikacje własne/Manuscripts/Quantum_interference/data/1.4301_t_wyk.sur,711.4705359898478,810.0000000000001,809.0,532.0,655289.9999999508,Stainless steel 1.4301 (AISI 304),1.4301,quantum_like,128,128,0,,1.4301_t_wyk,area,Turning (finishing),t_wyk,simple
243.89578924213757,476.1858572518425,719.0243698335206,329.056928248238,658.1565127804134,1182.6790015108243,5035.708452937665,17815.903071651923,88645.45204885582,-232.29006800970495,-475.12858059138296,-329.09958453217536,-853.6220732625862,-12780.194618714257,-83609.74359591815,0.0,0.0,/Users/dawid/Library/Mobile Documents/com~apple~CloudDocs/Dokumenty/Publikacje własne/Manuscripts/Quantum_interference/data/1.4301_t_wyk.sur,556.370660679102,810.0000000000001,809.0,532.0,655289.9999999508,Stainless steel 1.4301 (AISI 304),1.4301,hybrid,128,128,0,,1.4301_t_wyk,area,Turning (finishing),t_wyk,simple
407.0772190176524,332.6614572411352,467.573643958579,529.6612314145665,416.967519629135,606.1052304901839,3957.2916315676916,2416.4841299560408,3779.3551222935625,74.41576177651721,-60.496424940926595,112.69371178543147,-76.44399907561746,1540.807501611651,177.9365092741293,0.0,0.0,/Users/dawid/Library/Mobile Documents/com~apple~CloudDocs/Dokumenty/Publikacje własne/Manuscripts/Quantum_interference/data/AL_oselkowane.sur,600.8359699332827,810.0000000000001,809.0,532.0,655289.9999999508,Aluminium 7075,AL,classical,128,128,0,,AL_oselkowane,area,Honed,oselkowane,simple
660.0275520834643,332.6614572411352,467.573643958579,827.1170237408422,416.967519629135,606.1052304901839,6442.974727539359,2416.4841299560408,3779.3551222935625,327.3660948423291,192.45390812488532,410.14950411170724,221.01179325065831,4026.4905975833185,2663.619605245797,0.0,0.0,/Users/dawid/Library/Mobile Documents/com~apple~CloudDocs/Dokumenty/Publikacje własne/Manuscripts/Quantum_interference/data/AL_oselkowane.sur,707.4172043541436,810.0000000000001,809.0,532.0,655289.9999999508,Aluminium 7075,AL,quantum_like,128,128,0,,AL_oselkowane,area,Honed,oselkowane,simple
270.84421842699453,332.6614572411352,467.573643958579,327.15405026872344,416.967519629135,606.1052304901839,2055.3241595119453,2416.4841299560408,3779.3551222935625,-61.817238814140694,-196.7294255315845,-89.81346936041159,-278.9511802214605,-361.15997044409545,-1724.0309627816173,0.0,0.0,/Users/dawid/Library/Mobile Documents/com~apple~CloudDocs/Dokumenty/Publikacje własne/Manuscripts/Quantum_interference/data/AL_oselkowane.sur,335.50528323106676,810.0000000000001,809.0,532.0,655289.9999999508,Aluminium 7075,AL,hybrid,128,128,0,,AL_oselkowane,area,Honed,oselkowane,simple
522.5001447326454,504.38462739459686,546.3689426510782,681.8622661368943,646.6423823246205,922.2410215602662,5661.829956266517,12363.662013230542,85338.86653628112,18.115517338048463,-23.86879791843284,35.21988381227381,-240.37875542337193,-6701.8320569640255,-79677.0365800146,0.0,0.0,/Users/dawid/Library/Mobile Documents/com~apple~CloudDocs/Dokumenty/Publikacje własne/Manuscripts/Quantum_interference/data/Al7075_t_wyk.sur,934.3284139791755,810.0000000000001,809.0,532.0,655289.9999999508,Aluminium 7075,Al7075,classical,128,128,0,,Al7075_t_wyk,area,Turning (finishing),t_wyk,simple
762.4943279570033,504.38462739459686,546.3689426510782,961.8820858683638,646.6423823246205,922.2410215602662,12035.268445734933,12363.662013230542,85338.86653628112,258.10970056240643,216.1253853059251,315.23970354374325,39.64106430809754,-328.3935674956093,-73303.59809054618,0.0,0.0,/Users/dawid/Library/Mobile Documents/com~apple~CloudDocs/Dokumenty/Publikacje własne/Manuscripts/Quantum_interference/data/Al7075_t_wyk.sur,720.0652283790622,810.0000000000001,809.0,532.0,655289.9999999508,Aluminium 7075,Al7075,quantum_like,128,128,0,,Al7075_t_wyk,area,Turning (finishing),t_wyk,simple
465.69041198436304,504.38462739459686,546.3689426510782,590.8981574544657,646.6423823246205,922.2410215602662,4502.953224698853,12363.662013230542,85338.86653628112,-38.69421541023386,-80.67853066671516,-55.744224870154795,-331.3428641058005,-7860.70878853169,-80835.91331158225,0.0,0.0,/Users/dawid/Library/Mobile Documents/com~apple~CloudDocs/Dokumenty/Publikacje własne/Manuscripts/Quantum_interference/data/Al7075_t_wyk.sur,257.597548935185,810.0000000000001,809.0,532.0,655289.9999999508,Aluminium 7075,Al7075,hybrid,128,128,0,,Al7075_t_wyk,area,Turning (finishing),t_wyk,simple
485.35890430920887,288.08596952199434,299.70349938185274,646.0047856697935,346.0547658650929,364.15267521941,5210.920140428487,1978.8266570306969,3032.6030471767835,197.27293478721455,185.65540492735616,299.9500198047005,281.85211045038346,3232.09348339779,2178.3170932517037,0.0,0.0,/Users/dawid/Library/Mobile Documents/com~apple~CloudDocs/Dokumenty/Publikacje własne/Manuscripts/Quantum_interference/data/Al_szkielkowane.sur,707.7713541986919,810.0000000000001,809.0,532.0,655289.9999999508,Aluminium 7075,Al,classical,128,128,0,,Al_szkielkowane,area,Glass bead blasted,szkielkowane,simple
625.3200842111786,288.08596952199434,299.70349938185274,783.4437503755703,346.0547658650929,364.15267521941,5959.567508595028,1978.8266570306969,3032.6030471767835,337.2341146891843,325.6165848293259,437.3889845104773,419.2910751561602,3980.7408515643315,2926.9644614182444,0.0,0.0,/Users/dawid/Library/Mobile Documents/com~apple~CloudDocs/Dokumenty/Publikacje własne/Manuscripts/Quantum_interference/data/Al_szkielkowane.sur,703.8316136935928,810.0000000000001,809.0,532.0,655289.9999999508,Aluminium 7075,Al,quantum_like,128,128,0,,Al_szkielkowane,area,Glass bead blasted,szkielkowane,simple
294.11909294217406,288.08596952199434,299.70349938185274,353.8626942147518,346.0547658650929,364.15267521941,2181.1792796004383,1978.8266570306969,3032.6030471767835,6.0331234201797015,-5.584406439678679,7.807928349658869,-10.28998100465821,202.3526225697413,-851.4237675763453,0.0,0.0,/Users/dawid/Library/Mobile Documents/com~apple~CloudDocs/Dokumenty/Publikacje własne/Manuscripts/Quantum_interference/data/Al_szkielkowane.sur,177.86556954590938,810.0000000000001,809.0,532.0,655289.9999999508,Aluminium 7075,Al,hybrid,128,128,0,,Al_szkielkowane,area,Glass bead blasted,szkielkowane,simple
61.94439152546019,61.94402999996005,66.55707432300152,79.49818049286536,79.49807030830057,84.85770719843457,465.44031128177033,464.8484942885202,638.6250286224301,0.00036152550013972024,-4.612682797541329,0.00011018456478865008,-5.359526705569211,0.5918169932501077,-173.18471734065986,0.0,0.0,/Users/dawid/Library/Mobile Documents/com~apple~CloudDocs/Dokumenty/Publikacje własne/Manuscripts/Quantum_interference/data/Al_szlifowane.sur,0.24866107364944967,810.0000000000001,809.0,532.0,655289.9999999508,Aluminium 7075,Al,classical,128,128,0,,Al_szlifowane,area,Grinding,szlifowane,simple
569.1939943228746,61.94402999996005,66.55707432300152,713.5388921254125,79.49807030830057,84.85770719843457,5752.337295499728,464.8484942885202,638.6250286224301,507.24996432291454,502.6369199998731,634.040821817112,628.681184926978,5287.488801211208,5113.712266877297,0.0,0.0,/Users/dawid/Library/Mobile Documents/com~apple~CloudDocs/Dokumenty/Publikacje własne/Manuscripts/Quantum_interference/data/Al_szlifowane.sur,709.141124276401,810.0000000000001,809.0,532.0,655289.9999999508,Aluminium 7075,Al,quantum_like,128,128,0,,Al_szlifowane,area,Grinding,szlifowane,simple
122.92585480410598,61.94402999996005,66.55707432300152,166.65264259305465,79.49807030830057,84.85770719843457,1309.4630447702907,464.8484942885202,638.6250286224301,60.98182480414593,56.36878048110446,87.15457228475408,81.79493539462008,844.6145504817706,670.8380161478607,0.0,0.0,/Users/dawid/Library/Mobile Documents/com~apple~CloudDocs/Dokumenty/Publikacje własne/Manuscripts/Quantum_interference/data/Al_szlifowane.sur,150.74231004556216,810.0000000000001,809.0,532.0,655289.9999999508,Aluminium 7075,Al,hybrid,128,128,0,,Al_szlifowane,area,Grinding,szlifowane,simple
296.35756722392523,148.96256555842984,297.16816890965,357.9854087823362,185.22585021744203,365.33382951310733,2317.0510298627523,1251.842381433771,2768.298898994887,147.39500166549539,-0.810601685724762,172.75955856489418,-7.34842073077112,1065.2086484289816,-451.2478691321345,0.0,0.0,/Users/dawid/Library/Mobile Documents/com~apple~CloudDocs/Dokumenty/Publikacje własne/Manuscripts/Quantum_interference/data/C45_oselkowane.sur,411.4205057655277,810.0000000000001,809.0,532.0,655289.9999999508,Steel C45,C45,classical,128,128,0,,C45_oselkowane,area,Honed,oselkowane,simple
585.113914382772,148.96256555842984,297.16816890965,731.3022073579422,185.22585021744203,365.33382951310733,5810.318752674689,1251.842381433771,2768.298898994887,436.1513488243422,287.9457454731221,546.0763571405001,365.9683778448349,4558.4763712409185,3042.019853679802,0.0,0.0,/Users/dawid/Library/Mobile Documents/com~apple~CloudDocs/Dokumenty/Publikacje własne/Manuscripts/Quantum_interference/data/C45_oselkowane.sur,707.8965412440066,810.0000000000001,809.0,532.0,655289.9999999508,Steel C45,C45,quantum_like,128,128,0,,C45_oselkowane,area,Honed,oselkowane,simple
182.3790620305353,148.96256555842984,297.16816890965,225.97942554762278,185.22585021744203,365.33382951310733,1613.9720037304617,1251.842381433771,2768.298898994887,33.41649647210544,-114.78910687911471,40.753575330180766,-139.35440396548455,362.1296222966906,-1154.3268952644255,0.0,0.0,/Users/dawid/Library/Mobile Documents/com~apple~CloudDocs/Dokumenty/Publikacje własne/Manuscripts/Quantum_interference/data/C45_oselkowane.sur,170.08359499854225,810.0000000000001,809.0,532.0,655289.9999999508,Steel C45,C45,hybrid,128,128,0,,C45_oselkowane,area,Honed,oselkowane,simple
461.8686330726476,121.40512463172936,304.0087497191734,601.5500337289567,153.16657802128358,380.88187998390504,4301.9731231500355,1191.6903424740456,2637.5771352498405,340.46350844091825,157.85988335347417,448.3834557076731,220.6681537450516,3110.28278067599,1664.395987900195,0.0,0.0,/Users/dawid/Library/Mobile Documents/com~apple~CloudDocs/Dokumenty/Publikacje własne/Manuscripts/Quantum_interference/data/C45_szkielkowane.sur,603.9579051411728,810.0000000000001,809.0,532.0,655289.9999999508,Steel C45,C45,classical,128,128,0,,C45_szkielkowane,area,Glass bead blasted,szkielkowane,simple
580.0283142940333,121.40512463172936,304.0087497191734,726.6227317093899,153.16657802128358,380.88187998390504,5433.532949615018,1191.6903424740456,2637.5771352498405,458.6231896623039,276.0195645748598,573.4561536881064,345.74085172548484,4241.842607140972,2795.955814365177,0.0,0.0,/Users/dawid/Library/Mobile Documents/com~apple~CloudDocs/Dokumenty/Publikacje własne/Manuscripts/Quantum_interference/data/C45_szkielkowane.sur,710.98153904072,810.0000000000001,809.0,532.0,655289.9999999508,Steel C45,C45,quantum_like,128,128,0,,C45_szkielkowane,area,Glass bead blasted,szkielkowane,simple
144.75148859689276,121.40512463172936,304.0087497191734,182.30387890384154,153.16657802128358,380.88187998390504,1305.7669942405425,1191.6903424740456,2637.5771352498405,23.346363965163388,-159.25726112228068,29.13730088255794,-198.5780010800635,114.07665176649705,-1331.810141009298,0.0,0.0,/Users/dawid/Library/Mobile Documents/com~apple~CloudDocs/Dokumenty/Publikacje własne/Manuscripts/Quantum_interference/data/C45_szkielkowane.sur,182.96260069423948,810.0000000000001,809.0,532.0,655289.9999999508,Steel C45,C45,hybrid,128,128,0,,C45_szkielkowane,area,Glass bead blasted,szkielkowane,simple
417.9580957214016,194.73678007896626,294.2677905732902,536.8746577920242,237.64946253906848,373.10076478927004,4429.112324576265,1538.7638873444312,4746.313267479542,223.22131564243534,123.6903051481114,299.22519525295564,163.7738930027541,2890.3484372318335,-317.20094290327796,0.0,0.0,/Users/dawid/Library/Mobile Documents/com~apple~CloudDocs/Dokumenty/Publikacje własne/Manuscripts/Quantum_interference/data/C45_szlifowane.sur,633.7029340829573,810.0000000000001,809.0,532.0,655289.9999999508,Steel C45,C45,classical,128,128,0,,C45_szlifowane,area,Grinding,szlifowane,simple
598.8856777997945,194.73678007896626,294.2677905732902,749.0925035340866,237.64946253906848,373.10076478927004,6609.3874051742305,1538.7638873444312,4746.313267479542,404.1488977208282,304.6178872265043,511.4430409950181,375.9917387448166,5070.623517829799,1863.0741376946878,0.0,0.0,/Users/dawid/Library/Mobile Documents/com~apple~CloudDocs/Dokumenty/Publikacje własne/Manuscripts/Quantum_interference/data/C45_szlifowane.sur,708.4416391413723,810.0000000000001,809.0,532.0,655289.9999999508,Steel C45,C45,quantum_like,128,128,0,,C45_szlifowane,area,Grinding,szlifowane,simple
208.00842994345788,194.73678007896626,294.2677905732902,259.1698954157799,237.64946253906848,373.10076478927004,1743.6225881778917,1538.7638873444312,4746.313267479542,13.271649864491632,-86.2593606298323,21.520432876711396,-113.93086937349017,204.85870083346055,-3002.6906793016506,0.0,0.0,/Users/dawid/Library/Mobile Documents/com~apple~CloudDocs/Dokumenty/Publikacje własne/Manuscripts/Quantum_interference/data/C45_szlifowane.sur,198.52218684604705,810.0000000000001,809.0,532.0,655289.9999999508,Steel C45,C45,hybrid,128,128,0,,C45_szlifowane,area,Grinding,szlifowane,simple
489.0877148332641,2217.2453307808164,3227.486193601588,636.0865996503364,3003.066594466537,4810.678022931261,4592.315785750504,63620.07742814646,102791.46656079737,-1728.1576159475524,-2738.398478768324,-2366.9799948162004,-4174.591423280925,-59027.76164239595,-98199.15077504686,0.0,0.0,/Users/dawid/Library/Mobile Documents/com~apple~CloudDocs/Dokumenty/Publikacje własne/Manuscripts/Quantum_interference/data/C45_t_wyk.sur,3063.808472955345,810.0000000000001,809.0,532.0,655289.9999999508,Steel C45,C45,classical,128,128,0,,C45_t_wyk,area,Turning (finishing),t_wyk,simple
2295.585848164226,2217.2453307808164,3227.486193601588,3088.0486244350736,3003.066594466537,4810.678022931261,64044.58393358647,63620.07742814646,102791.46656079737,78.34051738340911,-931.9003454373623,84.9820299685364,-1722.6293984961872,424.5065054400151,-38746.8826272109,0.0,0.0,/Users/dawid/Library/Mobile Documents/com~apple~CloudDocs/Dokumenty/Publikacje własne/Manuscripts/Quantum_interference/data/C45_t_wyk.sur,707.1911801584127,810.0000000000001,809.0,532.0,655289.9999999508,Steel C45,C45,quantum_like,128,128,0,,C45_t_wyk,area,Turning (finishing),t_wyk,simple
1311.3487670518532,2217.2453307808164,3227.486193601588,1724.7518860257717,3003.066594466537,4810.678022931261,14492.643782989411,63620.07742814646,102791.46656079737,-905.8965637289633,-1916.1374265497348,-1278.3147084407653,-3085.926136905489,-49127.43364515705,-88298.82277780796,0.0,0.0,/Users/dawid/Library/Mobile Documents/com~apple~CloudDocs/Dokumenty/Publikacje własne/Manuscripts/Quantum_interference/data/C45_t_wyk.sur,2066.8786630424356,810.0000000000001,809.0,532.0,655289.9999999508,Steel C45,C45,hybrid,128,128,0,,C45_t_wyk,area,Turning (finishing),t_wyk,simple
475.4121352508634,990.8079484843556,1520.863677324698,613.970990536319,1409.217236828949,2711.1025465307293,5256.354462793236,25469.51046988314,95448.76015739111,-515.3958132334922,-1045.4515420738346,-795.2462462926298,-2097.13155599441,-20213.1560070899,-90192.40569459788,0.0,0.0,/Users/dawid/Library/Mobile Documents/com~apple~CloudDocs/Dokumenty/Publikacje własne/Manuscripts/Quantum_interference/data/ELLOR_t_wyk.sur,1568.4848147289615,810.0000000000001,809.0,532.0,655289.9999999508,Graphite,ELLOR,classical,128,128,0,,ELLOR_t_wyk,area,Turning (finishing),t_wyk,simple
1153.1479630946426,990.8079484843556,1520.863677324698,1575.9961831622347,1409.217236828949,2711.1025465307293,24581.684407368,25469.51046988314,95448.76015739111,162.34001461028703,-367.71571423005537,166.77894633328597,-1135.1063633684944,-887.8260625151376,-70867.0757500231,0.0,0.0,/Users/dawid/Library/Mobile Documents/com~apple~CloudDocs/Dokumenty/Publikacje własne/Manuscripts/Quantum_interference/data/ELLOR_t_wyk.sur,713.3707758308315,810.0000000000001,809.0,532.0,655289.9999999508,Graphite,ELLOR,quantum_like,128,128,0,,ELLOR_t_wyk,area,Turning (finishing),t_wyk,simple
488.5419959597671,990.8079484843556,1520.863677324698,639.5047858015135,1409.217236828949,2711.1025465307293,6196.257488879262,25469.51046988314,95448.76015739111,-502.26595252458844,-1032.3216813649308,-769.7124510274352,-2071.597760729215,-19273.252981003872,-89252.50266851184,0.0,0.0,/Users/dawid/Library/Mobile Documents/com~apple~CloudDocs/Dokumenty/Publikacje własne/Manuscripts/Quantum_interference/data/ELLOR_t_wyk.sur,1152.1892121778087,810.0000000000001,809.0,532.0,655289.9999999508,Graphite,ELLOR,hybrid,128,128,0,,ELLOR_t_wyk,area,Turning (finishing),t_wyk,simple
332.48114445345567,158.33697272234937,182.7126111276782,443.0485592993701,281.71720172218164,690.4123953098978,3675.541907738425,17843.924341051374,72932.940179508,174.1441717311063,149.7685333257775,161.33135757718844,-247.36383601052768,-14168.38243331295,-69257.39827176958,0.0,0.0,/Users/dawid/Library/Mobile Documents/com~apple~CloudDocs/Dokumenty/Publikacje własne/Manuscripts/Quantum_interference/data/Graphite_oselkowane.sur,509.47933747473576,810.0000000000001,809.0,532.0,655289.9999999508,Graphite,Graphite,classical,128,128,0,,Graphite_oselkowane,area,Honed,oselkowane,simple
589.9792835996417,158.33697272234937,182.7126111276782,754.4390072699813,281.71720172218164,690.4123953098978,17198.662969215686,17843.924341051374,72932.940179508,431.64231087729235,407.2666724719635,472.7218055477996,64.02661196008349,-645.2613718356888,-55734.27721029232,0.0,0.0,/Users/dawid/Library/Mobile Documents/com~apple~CloudDocs/Dokumenty/Publikacje własne/Manuscripts/Quantum_interference/data/Graphite_oselkowane.sur,703.1696778633437,810.0000000000001,809.0,532.0,655289.9999999508,Graphite,Graphite,quantum_like,128,128,0,,Graphite_oselkowane,area,Honed,oselkowane,simple
188.93721131326956,158.33697272234937,182.7126111276782,241.6902777065979,281.71720172218164,690.4123953098978,2723.4558199730727,17843.924341051374,72932.940179508,30.60023859092019,6.224600185591373,-40.026924015583745,-448.72211760329986,-15120.468521078303,-70209.48435953494,0.0,0.0,/Users/dawid/Library/Mobile Documents/com~apple~CloudDocs/Dokumenty/Publikacje własne/Manuscripts/Quantum_interference/data/Graphite_oselkowane.sur,240.40478633238712,810.0000000000001,809.0,532.0,655289.9999999508,Graphite,Graphite,hybrid,128,128,0,,Graphite_oselkowane,area,Honed,oselkowane,simple
488.4796744079975,3502.456627484266,4108.088201239449,631.2757385501787,4415.154933971846,5287.391144681693,4752.71159279315,39626.700541083155,134314.12938102838,-3013.9769530762687,-3619.6085268314514,-3783.879195421667,-4656.115406131514,-34873.98894829,-129561.41778823525,0.0,0.0,/Users/dawid/Library/Mobile Documents/com~apple~CloudDocs/Dokumenty/Publikacje własne/Manuscripts/Quantum_interference/data/Graphite_szkielkowane.sur,4475.858400044357,810.0000000000001,809.0,532.0,655289.9999999508,Graphite,Graphite,classical,128,128,0,,Graphite_szkielkowane,area,Glass bead blasted,szkielkowane,simple
3545.5598403287636,3502.456627484266,4108.088201239449,4473.301166219033,4415.154933971846,5287.391144681693,41101.64648576297,39626.700541083155,134314.12938102838,43.103212844497634,-562.5283609106855,58.146232247186575,-814.0899784626598,1474.9459446798116,-93212.48289526544,0.0,0.0,/Users/dawid/Library/Mobile Documents/com~apple~CloudDocs/Dokumenty/Publikacje własne/Manuscripts/Quantum_interference/data/Graphite_szkielkowane.sur,710.5134032390134,810.0000000000001,809.0,532.0,655289.9999999508,Graphite,Graphite,quantum_like,128,128,0,,Graphite_szkielkowane,area,Glass bead blasted,szkielkowane,simple
1804.13762689614,3502.456627484266,4108.088201239449,2307.263254903666,4415.154933971846,5287.391144681693,16974.68306114265,39626.700541083155,134314.12938102838,-1698.3190005881258,-2303.950574343309,-2107.89167906818,-2980.127889778026,-22652.017479940507,-117339.44631988576,0.0,0.0,/Users/dawid/Library/Mobile Documents/com~apple~CloudDocs/Dokumenty/Publikacje własne/Manuscripts/Quantum_interference/data/Graphite_szkielkowane.sur,3036.344325412192,810.0000000000001,809.0,532.0,655289.9999999508,Graphite,Graphite,hybrid,128,128,0,,Graphite_szkielkowane,area,Glass bead blasted,szkielkowane,simple
512.4527217763073,634.9798966000085,734.1358655009894,671.4504541746879,830.7384382450506,988.924907794223,4623.647048103212,15900.089238988547,31332.969758396513,-122.5271748237012,-221.6831437246822,-159.28798407036265,-317.47445361953504,-11276.442190885335,-26709.3227102933,0.0,0.0,/Users/dawid/Library/Mobile Documents/com~apple~CloudDocs/Dokumenty/Publikacje własne/Manuscripts/Quantum_interference/data/Graphite_szlifowane.sur,1045.1996905563342,810.0000000000001,809.0,532.0,655289.9999999508,Graphite,Graphite,classical,128,128,0,,Graphite_szlifowane,area,Grinding,szlifowane,simple
849.996841381892,634.9798966000085,734.1358655009894,1094.6035034554905,830.7384382450506,988.924907794223,17246.02215021701,15900.089238988547,31332.969758396513,215.01694478188352,115.86097588090253,263.86506521043987,105.67859566126747,1345.932911228464,-14086.947608179504,0.0,0.0,/Users/dawid/Library/Mobile Documents/com~apple~CloudDocs/Dokumenty/Publikacje własne/Manuscripts/Quantum_interference/data/Graphite_szlifowane.sur,710.3969035929609,810.0000000000001,809.0,532.0,655289.9999999508,Graphite,Graphite,quantum_like,128,128,0,,Graphite_szlifowane,area,Grinding,szlifowane,simple
583.8713437782689,634.9798966000085,734.1358655009894,727.6065614353414,830.7384382450506,988.924907794223,5838.1114941475535,15900.089238988547,31332.969758396513,-51.108552821739615,-150.26452172272062,-103.13187680970921,-261.3183463588816,-10061.977744840993,-25494.85826424896,0.0,0.0,/Users/dawid/Library/Mobile Documents/com~apple~CloudDocs/Dokumenty/Publikacje własne/Manuscripts/Quantum_interference/data/Graphite_szlifowane.sur,406.0850318020936,810.0000000000001,809.0,532.0,655289.9999999508,Graphite,Graphite,hybrid,128,128,0,,Graphite_szlifowane,area,Grinding,szlifowane,simple
0.3899817205521641,0.3376459287760167,0.38374216577089826,0.47975860450902913,0.4071622008096711,0.49961149964288243,3.745054997087527,2.9238569215736274,14.90811096860517,0.05233579177614745,0.0062395547812658944,0.072596403699358,-0.019852895133853292,0.8211980755138995,-11.163055971517643,0.0,0.0,/Users/dawid/Library/Mobile Documents/com~apple~CloudDocs/Dokumenty/Publikacje własne/Manuscripts/Quantum_interference/data/MO58A_t_wyk.sur,0.2504739817458915,810.0000000000001,809.0,532.0,655289.9999999508,Brass,MO58A,classical,128,128,0,,MO58A_t_wyk,area,Turning (finishing),t_wyk,simple
572.6037778474405,0.3376459287760167,0.38374216577089826,715.9521527535948,0.4071622008096711,0.49961149964288243,5674.537732248485,2.9238569215736274,14.90811096860517,572.2661319186644,572.2200356816695,715.5449905527852,715.4525412539518,5671.6138753269115,5659.629621279879,0.0,0.0,/Users/dawid/Library/Mobile Documents/com~apple~CloudDocs/Dokumenty/Publikacje własne/Manuscripts/Quantum_interference/data/MO58A_t_wyk.sur,715.949507111934,810.0000000000001,809.0,532.0,655289.9999999508,Brass,MO58A,quantum_like,128,128,0,,MO58A_t_wyk,area,Turning (finishing),t_wyk,simple
95.4562284600907,0.3376459287760167,0.38374216577089826,157.11470225651837,0.4071622008096711,0.49961149964288243,1092.1035048972537,2.9238569215736274,14.90811096860517,95.11858253131467,95.07248629431979,156.7075400557087,156.61509075687547,1089.17964797568,1077.1953939286486,0.0,0.0,/Users/dawid/Library/Mobile Documents/com~apple~CloudDocs/Dokumenty/Publikacje własne/Manuscripts/Quantum_interference/data/MO58A_t_wyk.sur,157.1110952117516,810.0000000000001,809.0,532.0,655289.9999999508,Brass,MO58A,hybrid,128,128,0,,MO58A_t_wyk,area,Turning (finishing),t_wyk,simple
466.6418790541542,542.2382342786736,792.9141407912094,623.5371720403593,739.9317179267547,1032.4920184592152,5138.006119742226,5942.545754910563,23497.55744491682,-75.5963552245195,-326.27226173705526,-116.39454588639538,-408.95484641885594,-804.5396351683372,-18359.551325174594,0.0,0.0,/Users/dawid/Library/Mobile Documents/com~apple~CloudDocs/Dokumenty/Publikacje własne/Manuscripts/Quantum_interference/data/Mosiadz_oselkowane.sur,906.4651486316197,810.0000000000001,809.0,532.0,655289.9999999508,Brass,Mosiadz,classical,128,128,0,,Mosiadz_oselkowane,area,Honed,oselkowane,simple
796.7555375756516,542.2382342786736,792.9141407912094,1020.0508121562347,739.9317179267547,1032.4920184592152,9459.940539578249,5942.545754910563,23497.55744491682,254.51730329697796,3.8413967844421837,280.11909422947997,-12.441206302980566,3517.3947846676847,-14037.616905338573,0.0,0.0,/Users/dawid/Library/Mobile Documents/com~apple~CloudDocs/Dokumenty/Publikacje własne/Manuscripts/Quantum_interference/data/Mosiadz_oselkowane.sur,707.5999948376011,810.0000000000001,809.0,532.0,655289.9999999508,Brass,Mosiadz,quantum_like,128,128,0,,Mosiadz_oselkowane,area,Honed,oselkowane,simple
318.08830505599445,542.2382342786736,792.9141407912094,422.950004566595,739.9317179267547,1032.4920184592152,3639.336017477636,5942.545754910563,23497.55744491682,-224.14992922267925,-474.82583573521504,-316.98171336015974,-609.5420138926203,-2303.2097374329273,-19858.221427439184,0.0,0.0,/Users/dawid/Library/Mobile Documents/com~apple~CloudDocs/Dokumenty/Publikacje własne/Manuscripts/Quantum_interference/data/Mosiadz_oselkowane.sur,577.5790118790825,810.0000000000001,809.0,532.0,655289.9999999508,Brass,Mosiadz,hybrid,128,128,0,,Mosiadz_oselkowane,area,Honed,oselkowane,simple
536.4275871074105,1559.4256869235155,2155.756816476956,715.9141493817615,1935.3656488837878,2802.067527088578,5997.632019007959,12445.21857385961,82025.36716815887,-1022.998099816105,-1619.3292293695456,-1219.4514995020263,-2086.153377706816,-6447.586554851652,-76027.73514915092,0.0,0.0,/Users/dawid/Library/Mobile Documents/com~apple~CloudDocs/Dokumenty/Publikacje własne/Manuscripts/Quantum_interference/data/Mosiadz_szkielkowane.sur,2078.750965790228,810.0000000000001,809.0,532.0,655289.9999999508,Brass,Mosiadz,classical,128,128,0,,Mosiadz_szkielkowane,area,Glass bead blasted,szkielkowane,simple
1656.2813513379522,1559.4256869235155,2155.756816476956,2065.160042512349,1935.3656488837878,2802.067527088578,14244.619651580788,12445.21857385961,82025.36716815887,96.85566441443667,-499.4754651390039,129.794393628561,-736.9074845762291,1799.4010777211763,-67780.74751657809,0.0,0.0,/Users/dawid/Library/Mobile Documents/com~apple~CloudDocs/Dokumenty/Publikacje własne/Manuscripts/Quantum_interference/data/Mosiadz_szkielkowane.sur,707.9456260117175,810.0000000000001,809.0,532.0,655289.9999999508,Brass,Mosiadz,quantum_like,128,128,0,,Mosiadz_szkielkowane,area,Glass bead blasted,szkielkowane,simple
513.2646813133625,1559.4256869235155,2155.756816476956,664.3704725988026,1935.3656488837878,2802.067527088578,4338.868404471275,12445.21857385961,82025.36716815887,-1046.1610056101529,-1642.4921351635935,-1270.995176284985,-2137.6970544897754,-8106.3501693883345,-77686.4987636876,0.0,0.0,/Users/dawid/Library/Mobile Documents/com~apple~CloudDocs/Dokumenty/Publikacje własne/Manuscripts/Quantum_interference/data/Mosiadz_szkielkowane.sur,1762.2048342655548,810.0000000000001,809.0,532.0,655289.9999999508,Brass,Mosiadz,hybrid,128,128,0,,Mosiadz_szkielkowane,area,Glass bead blasted,szkielkowane,simple
521.9351189823146,119869.18539052684,169535.81421614034,687.3795784565344,145842.84468592456,204695.70044101938,5164.441853908057,821355.7946591533,1248162.7352467102,-119347.25027154452,-169013.87909715803,-145155.46510746804,-204008.32086256286,-816191.3528052453,-1242998.2933928021,0.0,0.0,/Users/dawid/Library/Mobile Documents/com~apple~CloudDocs/Dokumenty/Publikacje własne/Manuscripts/Quantum_interference/data/Mosiadz_szlifowane.sur,145826.2984792208,810.0000000000001,809.0,532.0,655289.9999999508,Brass,Mosiadz,classical,128,128,0,,Mosiadz_szlifowane,area,Grinding,szlifowane,simple
344054.33324054716,119869.18539052684,169535.81421614034,425166.60546874476,145842.84468592456,204695.70044101938,2449716.5812975713,821355.7946591533,1248162.7352467102,224185.1478500203,174518.5190244068,279323.76078282023,220470.9050277254,1628360.7866384182,1201553.8460508613,0.0,0.0,/Users/dawid/Library/Mobile Documents/com~apple~CloudDocs/Dokumenty/Publikacje własne/Manuscripts/Quantum_interference/data/Mosiadz_szlifowane.sur,410793.4992252104,810.0000000000001,809.0,532.0,655289.9999999508,Brass,Mosiadz,quantum_like,128,128,0,,Mosiadz_szlifowane,area,Grinding,szlifowane,simple
272783.38501306553,119869.18539052684,169535.81421614034,313460.8962963935,145842.84468592456,204695.70044101938,1284152.2064738215,821355.7946591533,1248162.7352467102,152914.19962253873,103247.57079692521,167618.05161046892,108765.19585537411,462796.4118146682,35989.47122711131,0.0,0.0,/Users/dawid/Library/Mobile Documents/com~apple~CloudDocs/Dokumenty/Publikacje własne/Manuscripts/Quantum_interference/data/Mosiadz_szlifowane.sur,340904.3990028498,810.0000000000001,809.0,532.0,655289.9999999508,Brass,Mosiadz,hybrid,128,128,0,,Mosiadz_szlifowane,area,Grinding,szlifowane,simple
516.9904968324175,1714.855994586241,1863.3965300423874,666.9591212376473,1999.4634272919657,2274.685531479601,4873.833684913976,17202.01316160771,42456.7727785019,-1197.8654977538233,-1346.4060332099698,-1332.5043060543182,-1607.7264102419538,-12328.179476693731,-37582.93909358793,0.0,0.0,/Users/dawid/Library/Mobile Documents/com~apple~CloudDocs/Dokumenty/Publikacje własne/Manuscripts/Quantum_interference/data/P1-1.4301-t.zgrub.sur,2106.6198330864945,810.0000000000001,809.0,532.0,655289.9999999508,Stainless steel 1.4301 (AISI 304),1.4301,classical,128,128,0,P1,P1-1.4301-t.zgrub,area,Turning (roughing),t.zgrub,simple
1777.6531886911264,1714.855994586241,1863.3965300423874,2117.5097288929073,1999.4634272919657,2274.685531479601,18276.749370160192,17202.01316160771,42456.7727785019,62.797194104885385,-85.74334135126104,118.0463016009416,-157.17580258669403,1074.7362085524849,-24180.02340834171,0.0,0.0,/Users/dawid/Library/Mobile Documents/com~apple~CloudDocs/Dokumenty/Publikacje własne/Manuscripts/Quantum_interference/data/P1-1.4301-t.zgrub.sur,712.8972690673368,810.0000000000001,809.0,532.0,655289.9999999508,Stainless steel 1.4301 (AISI 304),1.4301,quantum_like,128,128,0,P1,P1-1.4301-t.zgrub,area,Turning (roughing),t.zgrub,simple
502.01082684871307,1714.855994586241,1863.3965300423874,651.619586219679,1999.4634272919657,2274.685531479601,7711.826129527323,17202.01316160771,42456.7727785019,-1212.8451677375278,-1361.3857031936743,-1347.8438410722865,-1623.0659452599223,-9490.187032080385,-34744.94664897458,0.0,0.0,/Users/dawid/Library/Mobile Documents/com~apple~CloudDocs/Dokumenty/Publikacje własne/Manuscripts/Quantum_interference/data/P1-1.4301-t.zgrub.sur,1654.066274959187,810.0000000000001,809.0,532.0,655289.9999999508,Stainless steel 1.4301 (AISI 304),1.4301,hybrid,128,128,0,P1,P1-1.4301-t.zgrub,area,Turning (roughing),t.zgrub,simple
489.26037330913636,283.0323027633297,347.6274194739767,631.305536112508,371.37367639346155,601.8393081218546,4676.7554890003275,8276.123117248655,78579.84712886067,206.22807054580664,141.63295383515967,259.93185971904643,29.466227990653298,-3599.3676282483275,-73903.09163986033,0.0,0.0,/Users/dawid/Library/Mobile Documents/com~apple~CloudDocs/Dokumenty/Publikacje własne/Manuscripts/Quantum_interference/data/P1-1.4301_frez_wyk.sur,738.1425778689256,810.0000000000001,809.0,532.0,655289.9999999508,Stainless steel 1.4301 (AISI 304),1.4301,classical,128,128,0,P1,P1-1.4301_frez_wyk,area,Milling (finishing),frez_wyk,simple
632.1477148264311,283.0323027633297,347.6274194739767,795.1235120995917,371.37367639346155,601.8393081218546,10572.38976142982,8276.123117248655,78579.84712886067,349.11541206310136,284.5202953524544,423.7498357061301,193.284203977737,2296.266644181166,-68007.45736743085,0.0,0.0,/Users/dawid/Library/Mobile Documents/com~apple~CloudDocs/Dokumenty/Publikacje własne/Manuscripts/Quantum_interference/data/P1-1.4301_frez_wyk.sur,704.046292699779,810.0000000000001,809.0,532.0,655289.9999999508,Stainless steel 1.4301 (AISI 304),1.4301,quantum_like,128,128,0,P1,P1-1.4301_frez_wyk,area,Milling (finishing),frez_wyk,simple
267.9180562333978,283.0323027633297,347.6274194739767,330.29887214653803,371.37367639346155,601.8393081218546,2816.2941538996533,8276.123117248655,78579.84712886067,-15.114246529931954,-79.70936324057894,-41.07480424692349,-271.5404359753166,-5459.828963349002,-75763.55297496101,0.0,0.0,/Users/dawid/Library/Mobile Documents/com~apple~CloudDocs/Dokumenty/Publikacje własne/Manuscripts/Quantum_interference/data/P1-1.4301_frez_wyk.sur,255.78634631590958,810.0000000000001,809.0,532.0,655289.9999999508,Stainless steel 1.4301 (AISI 304),1.4301,hybrid,128,128,0,P1,P1-1.4301_frez_wyk,area,Milling (finishing),frez_wyk,simple
471.47631197450875,751.5675743252992,779.0817824786186,612.9755278105825,863.2787356724194,914.4578575056264,4273.874243441713,7938.133525290594,25224.51211973308,-280.0912623507905,-307.6054705041098,-250.3032078618369,-301.48232969504386,-3664.259281848881,-20950.63787629137,0.0,0.0,/Users/dawid/Library/Mobile Documents/com~apple~CloudDocs/Dokumenty/Publikacje własne/Manuscripts/Quantum_interference/data/P1-1.4301_frez_zgrub.sur,908.8169681584645,810.0000000000001,809.0,532.0,655289.9999999508,Stainless steel 1.4301 (AISI 304),1.4301,classical,128,128,0,P1,P1-1.4301_frez_zgrub,area,Milling (roughing),frez_zgrub,simple
909.4463688423048,751.5675743252992,779.0817824786186,1115.9206275198087,863.2787356724194,914.4578575056264,10551.572044273324,7938.133525290594,25224.51211973308,157.87879451700556,130.36458636368621,252.64189184738916,201.46277001418224,2613.43851898273,-14672.94007545976,0.0,0.0,/Users/dawid/Library/Mobile Documents/com~apple~CloudDocs/Dokumenty/Publikacje własne/Manuscripts/Quantum_interference/data/P1-1.4301_frez_zgrub.sur,703.3362374212145,810.0000000000001,809.0,532.0,655289.9999999508,Stainless steel 1.4301 (AISI 304),1.4301,quantum_like,128,128,0,P1,P1-1.4301_frez_zgrub,area,Milling (roughing),frez_zgrub,simple
516.2263865964795,751.5675743252992,779.0817824786186,596.9975180946323,863.2787356724194,914.4578575056264,2896.8522289137936,7938.133525290594,25224.51211973308,-235.34118772881965,-262.855395882139,-266.2812175777872,-317.4603394109941,-5041.2812963768,-22327.65989081929,0.0,0.0,/Users/dawid/Library/Mobile Documents/com~apple~CloudDocs/Dokumenty/Publikacje własne/Manuscripts/Quantum_interference/data/P1-1.4301_frez_zgrub.sur,404.50394755279393,810.0000000000001,809.0,532.0,655289.9999999508,Stainless steel 1.4301 (AISI 304),1.4301,hybrid,128,128,0,P1,P1-1.4301_frez_zgrub,area,Milling (roughing),frez_zgrub,simple
197.48151233826735,186.68818995369492,205.35721843028773,238.02336247532017,261.9560192904231,751.2053660424251,1886.5725792759204,10660.544078572919,70877.09415226404,10.793322384572425,-7.875706092020391,-23.93265681510293,-513.182003567105,-8773.971499296998,-68990.52157298812,0.0,0.0,/Users/dawid/Library/Mobile Documents/com~apple~CloudDocs/Dokumenty/Publikacje własne/Manuscripts/Quantum_interference/data/P1-1.4301_nagniat.sur,219.57450860098453,810.0000000000001,809.0,532.0,655289.9999999508,Stainless steel 1.4301 (AISI 304),1.4301,classical,128,128,0,P1,P1-1.4301_nagniat,area,Burnishing,nagniat,simple
594.3898996072353,186.68818995369492,205.35721843028773,755.7641333510501,261.9560192904231,751.2053660424251,10633.441749027734,10660.544078572919,70877.09415226404,407.7017096535403,389.0326811769475,493.8081140606271,4.558767308624987,-27.102329545185558,-60243.65240323631,0.0,0.0,/Users/dawid/Library/Mobile Documents/com~apple~CloudDocs/Dokumenty/Publikacje własne/Manuscripts/Quantum_interference/data/P1-1.4301_nagniat.sur,710.7628011792749,810.0000000000001,809.0,532.0,655289.9999999508,Stainless steel 1.4301 (AISI 304),1.4301,quantum_like,128,128,0,P1,P1-1.4301_nagniat,area,Burnishing,nagniat,simple
208.79134085823364,186.68818995369492,205.35721843028773,257.2883668462606,261.9560192904231,751.2053660424251,2504.3641664649813,10660.544078572919,70877.09415226404,22.103150904538712,3.4341224279458955,-4.667652444162486,-493.91699919616457,-8156.179912107938,-68372.72998579904,0.0,0.0,/Users/dawid/Library/Mobile Documents/com~apple~CloudDocs/Dokumenty/Publikacje własne/Manuscripts/Quantum_interference/data/P1-1.4301_nagniat.sur,210.47548249295554,810.0000000000001,809.0,532.0,655289.9999999508,Stainless steel 1.4301 (AISI 304),1.4301,hybrid,128,128,0,P1,P1-1.4301_nagniat,area,Burnishing,nagniat,simple
488.9982291271151,265.64421570052986,631.8049335855268,638.2313735877727,371.4227608966547,1158.9868653377114,4683.139869222884,11462.464551588946,76898.75565772936,223.35401342658528,-142.8067044584117,266.80861269111807,-520.7554917499385,-6779.324682366061,-72215.61578850647,0.0,0.0,/Users/dawid/Library/Mobile Documents/com~apple~CloudDocs/Dokumenty/Publikacje własne/Manuscripts/Quantum_interference/data/P1-1.4301_wedm_wyk.sur,733.787196198666,810.0000000000001,809.0,532.0,655289.9999999508,Stainless steel 1.4301 (AISI 304),1.4301,classical,128,128,0,P1,P1-1.4301_wedm_wyk,area,Wire EDM (finishing),wedm_wyk,simple
627.9691848958255,265.64421570052986,631.8049335855268,801.058143088181,371.4227608966547,1158.9868653377114,12454.225400666095,11462.464551588946,76898.75565772936,362.3249691952957,-3.8357486897012834,429.63538219152633,-357.92872224953027,991.7608490771496,-64444.53025706327,0.0,0.0,/Users/dawid/Library/Mobile Documents/com~apple~CloudDocs/Dokumenty/Publikacje własne/Manuscripts/Quantum_interference/data/P1-1.4301_wedm_wyk.sur,708.2900788659019,810.0000000000001,809.0,532.0,655289.9999999508,Stainless steel 1.4301 (AISI 304),1.4301,quantum_like,128,128,0,P1,P1-1.4301_wedm_wyk,area,Wire EDM (finishing),wedm_wyk,simple
251.96887922132987,265.64421570052986,631.8049335855268,319.698004673835,371.4227608966547,1158.9868653377114,3891.126847742461,11462.464551588946,76898.75565772936,-13.675336479199967,-379.8360543641969,-51.72475622281973,-839.2888606638763,-7571.337703846484,-73007.6288099869,0.0,0.0,/Users/dawid/Library/Mobile Documents/com~apple~CloudDocs/Dokumenty/Publikacje własne/Manuscripts/Quantum_interference/data/P1-1.4301_wedm_wyk.sur,261.6768958231011,810.0000000000001,809.0,532.0,655289.9999999508,Stainless steel 1.4301 (AISI 304),1.4301,hybrid,128,128,0,P1,P1-1.4301_wedm_wyk,area,Wire EDM (finishing),wedm_wyk,simple
0.20093758386180768,0.034846127393169425,0.05372627427155684,0.2519339644814646,0.04609206540718451,0.08613583044120729,2.092409542580855,1.3438809458306864,3.412098775156563,0.16609145646863824,0.14721130959025083,0.20584189907428013,0.16579813404025734,0.7485285967501686,-1.3196892325757077,0.0,0.0,/Users/dawid/Library/Mobile Documents/com~apple~CloudDocs/Dokumenty/Publikacje własne/Manuscripts/Quantum_interference/data/P1-1.4301_wedm_zgru.sur,0.2469972521017117,810.0000000000001,809.0,532.0,655289.9999999508,Stainless steel 1.4301 (AISI 304),1.4301,classical,128,128,0,P1,P1-1.4301_wedm_zgru,area,Wire EDM (roughing),wedm_zgru,simple
564.7059244040903,0.034846127393169425,0.05372627427155684,708.5328800997577,0.04609206540718451,0.08613583044120729,5650.175934641513,1.3438809458306864,3.412098775156563,564.671078276697,564.6521981298187,708.4867880343505,708.4467442693165,5648.832053695683,5646.763835866356,0.0,0.0,/Users/dawid/Library/Mobile Documents/com~apple~CloudDocs/Dokumenty/Publikacje własne/Manuscripts/Quantum_interference/data/P1-1.4301_wedm_zgru.sur,708.5326536101345,810.0000000000001,809.0,532.0,655289.9999999508,Stainless steel 1.4301 (AISI 304),1.4301,quantum_like,128,128,0,P1,P1-1.4301_wedm_zgru,area,Wire EDM (roughing),wedm_zgru,simple
91.87088652960034,0.034846127393169425,0.05372627427155684,153.76838257278015,0.04609206540718451,0.08613583044120729,1096.2321216638181,1.3438809458306864,3.412098775156563,91.83604040220716,91.81716025532879,153.72229050737297,153.68224674233895,1094.8882407179874,1092.8200228886617,0.0,0.0,/Users/dawid/Library/Mobile Documents/com~apple~CloudDocs/Dokumenty/Publikacje własne/Manuscripts/Quantum_interference/data/P1-1.4301_wedm_zgru.sur,153.7685617804551,810.0000000000001,809.0,532.0,655289.9999999508,Stainless steel 1.4301 (AISI 304),1.4301,hybrid,128,128,0,P1,P1-1.4301_wedm_zgru,area,Wire EDM (roughing),wedm_zgru,simple
375.0765132650254,326.6928214473095,330.4382999039521,459.74826371057793,405.0099537162157,411.1023927935191,2739.6944752940044,2153.6258485207723,5098.419384523485,48.38369181771593,44.63821336107335,54.73830999436224,48.64587091705886,586.0686267732324,-2358.7249092294805,0.0,0.0,/Users/dawid/Library/Mobile Documents/com~apple~CloudDocs/Dokumenty/Publikacje własne/Manuscripts/Quantum_interference/data/P1-AL70752_nagniat.sur,261.7813159477735,810.0000000000001,809.0,532.0,655289.9999999508,Aluminium 7075,AL70752,classical,128,128,0,P1,P1-AL70752_nagniat,area,Burnishing,nagniat,simple
655.280266994317,326.6928214473095,330.4382999039521,823.7861670538382,405.0099537162157,411.1023927935191,6643.434007892166,2153.6258485207723,5098.419384523485,328.5874455470075,324.84196709036496,418.77621333762255,412.6837742603192,4489.808159371394,1545.014623368681,0.0,0.0,/Users/dawid/Library/Mobile Documents/com~apple~CloudDocs/Dokumenty/Publikacje własne/Manuscripts/Quantum_interference/data/P1-AL70752_nagniat.sur,708.3324277609413,810.0000000000001,809.0,532.0,655289.9999999508,Aluminium 7075,AL70752,quantum_like,128,128,0,P1,P1-AL70752_nagniat,area,Burnishing,nagniat,simple
354.0657564463309,326.6928214473095,330.4382999039521,439.5406819635325,405.0099537162157,411.1023927935191,2576.5773052211316,2153.6258485207723,5098.419384523485,27.37293499902138,23.6274565423788,34.53072824731681,28.43828917001343,422.95145670035953,-2521.8420793023533,0.0,0.0,/Users/dawid/Library/Mobile Documents/com~apple~CloudDocs/Dokumenty/Publikacje własne/Manuscripts/Quantum_interference/data/P1-AL70752_nagniat.sur,154.7604279241941,810.0000000000001,809.0,532.0,655289.9999999508,Aluminium 7075,AL70752,hybrid,128,128,0,P1,P1-AL70752_nagniat,area,Burnishing,nagniat,simple
0.19946567231506274,0.00030794763062717227,0.0007220720332325905,0.24971016970079477,0.0004334790126357961,0.0014155996819883096,1.8657385641591477,0.010091855917401455,0.10982922986895624,0.19915772468443554,0.19874360028183014,0.24927669068815894,0.24829457001880642,1.8556467082417463,1.7559093342901915,0.0,0.0,/Users/dawid/Library/Mobile Documents/com~apple~CloudDocs/Dokumenty/Publikacje własne/Manuscripts/Quantum_interference/data/P1-AL70752_wedm_wyk.sur,0.24970849659928135,810.0000000000001,809.0,532.0,655289.9999999508,Aluminium 7075,AL70752,classical,128,128,0,P1,P1-AL70752_wedm_wyk,area,Wire EDM (finishing),wedm_wyk,simple
564.3746113985155,0.00030794763062717227,0.0007220720332325905,706.8855520301863,0.0004334790126357961,0.0014155996819883096,5960.362450610597,0.010091855917401455,0.10982922986895624,564.3743034508849,564.3738893264823,706.8851185511736,706.8841364305043,5960.352358754679,5960.252621380728,0.0,0.0,/Users/dawid/Library/Mobile Documents/com~apple~CloudDocs/Dokumenty/Publikacje własne/Manuscripts/Quantum_interference/data/P1-AL70752_wedm_wyk.sur,706.8855533585493,810.0000000000001,809.0,532.0,655289.9999999508,Aluminium 7075,AL70752,quantum_like,128,128,0,P1,P1-AL70752_wedm_wyk,area,Wire EDM (finishing),wedm_wyk,simple
91.3611000383345,0.00030794763062717227,0.0007220720332325905,154.6709500233674,0.0004334790126357961,0.0014155996819883096,1075.47026493769,0.010091855917401455,0.10982922986895624,91.36079209070387,91.36037796630127,154.67051654435477,154.6695344236854,1075.4601730817728,1075.3604357078211,0.0,0.0,/Users/dawid/Library/Mobile Documents/com~apple~CloudDocs/Dokumenty/Publikacje własne/Manuscripts/Quantum_interference/data/P1-AL70752_wedm_wyk.sur,154.6709525541544,810.0000000000001,809.0,532.0,655289.9999999508,Aluminium 7075,AL70752,hybrid,128,128,0,P1,P1-AL70752_wedm_wyk,area,Wire EDM (finishing),wedm_wyk,simple
503.1276957901946,3973.051571252652,5090.885428896734,648.039238827703,4962.455379886395,6421.666175283541,5119.730270807947,46021.365675642,122915.12441126864,-3469.9238754624575,-4587.7577331065395,-4314.416141058691,-5773.6269364558375,-40901.63540483406,-117795.39414046069,0.0,0.0,/Users/dawid/Library/Mobile Documents/com~apple~CloudDocs/Dokumenty/Publikacje własne/Manuscripts/Quantum_interference/data/P1-AL70752_wedm_zgru_1prz.sur,5002.9625023713925,810.0000000000001,809.0,532.0,655289.9999999508,Aluminium 7075,AL70752,classical,128,128,0,P1,P1-AL70752_wedm_zgru_1prz,area,Wire EDM (roughing),wedm_zgru_1prz,simple
4023.222304153068,3973.051571252652,5090.885428896734,5023.27391218009,4962.455379886395,6421.666175283541,46916.458419903785,46021.365675642,122915.12441126864,50.1707329004156,-1067.6631247436667,60.818532293694496,-1398.3922631034511,895.0927442617849,-75998.66599136485,0.0,0.0,/Users/dawid/Library/Mobile Documents/com~apple~CloudDocs/Dokumenty/Publikacje własne/Manuscripts/Quantum_interference/data/P1-AL70752_wedm_zgru_1prz.sur,713.9640266295055,810.0000000000001,809.0,532.0,655289.9999999508,Aluminium 7075,AL70752,quantum_like,128,128,0,P1,P1-AL70752_wedm_zgru_1prz,area,Wire EDM (roughing),wedm_zgru_1prz,simple
1648.0261013874701,3973.051571252652,5090.885428896734,2067.5766656589876,4962.455379886395,6421.666175283541,14530.913841878973,46021.365675642,122915.12441126864,-2325.025469865182,-3442.8593275092644,-2894.8787142274073,-4354.089509624553,-31490.45183376303,-108384.21056938967,0.0,0.0,/Users/dawid/Library/Mobile Documents/com~apple~CloudDocs/Dokumenty/Publikacje własne/Manuscripts/Quantum_interference/data/P1-AL70752_wedm_zgru_1prz.sur,3849.085111294709,810.0000000000001,809.0,532.0,655289.9999999508,Aluminium 7075,AL70752,hybrid,128,128,0,P1,P1-AL70752_wedm_zgru_1prz,area,Wire EDM (roughing),wedm_zgru_1prz,simple
493.6113086568111,372343.32186170615,386337.33015214914,643.7281574257094,455223.96780562506,687536.3225057478,4876.69332308827,3755509.658370586,37520538.8651078,-371849.71055304934,-385843.71884349233,-454580.23964819935,-686892.5943483221,-3750632.965047498,-37515662.17178471,0.0,0.0,/Users/dawid/Library/Mobile Documents/com~apple~CloudDocs/Dokumenty/Publikacje własne/Manuscripts/Quantum_interference/data/P1-AL7075_frez_wyk.sur,455241.44147839054,810.0000000000001,809.0,532.0,655289.9999999508,Aluminium 7075,AL7075,classical,128,128,0,P1,P1-AL7075_frez_wyk,area,Milling (finishing),frez_wyk,simple
235004.6277938129,372343.32186170615,386337.33015214914,289313.6917773342,455223.96780562506,687536.3225057478,2197329.097669452,3755509.658370586,37520538.8651078,-137338.69406789326,-151332.70235833628,-165910.2760282909,-398222.63072841364,-1558180.5607011341,-35323209.767438345,0.0,0.0,/Users/dawid/Library/Mobile Documents/com~apple~CloudDocs/Dokumenty/Publikacje własne/Manuscripts/Quantum_interference/data/P1-AL7075_frez_wyk.sur,365852.1587568999,810.0000000000001,809.0,532.0,655289.9999999508,Aluminium 7075,AL7075,quantum_like,128,128,0,P1,P1-AL7075_frez_wyk,area,Milling (finishing),frez_wyk,simple
194952.69559657385,372343.32186170615,386337.33015214914,235619.7824929489,455223.96780562506,687536.3225057478,1580223.9408101232,3755509.658370586,37520538.8651078,-177390.62626513228,-191384.6345555753,-219604.18531267619,-451916.5400127989,-2175285.7175604627,-35940314.924297675,0.0,0.0,/Users/dawid/Library/Mobile Documents/com~apple~CloudDocs/Dokumenty/Publikacje własne/Manuscripts/Quantum_interference/data/P1-AL7075_frez_wyk.sur,327403.9696878556,810.0000000000001,809.0,532.0,655289.9999999508,Aluminium 7075,AL7075,hybrid,128,128,0,P1,P1-AL7075_frez_wyk,area,Milling (finishing),frez_wyk,simple
195.52749327847945,139.00645548648214,176.1165973340421,242.74075196106955,184.69317229939728,345.94806999303705,1599.1521401761079,9230.971197722341,53690.94074605003,56.52103779199734,19.41089594443737,58.04757966167228,-103.20731803196749,-7631.819057546233,-52091.788605873924,0.0,0.0,/Users/dawid/Library/Mobile Documents/com~apple~CloudDocs/Dokumenty/Publikacje własne/Manuscripts/Quantum_interference/data/P1-AL7075_frez_zgr.sur,253.1606928353347,810.0000000000001,809.0,532.0,655289.9999999508,Aluminium 7075,AL7075,classical,128,128,0,P1,P1-AL7075_frez_zgr,area,Milling (roughing),frez_zgr,simple
587.7151404519201,139.00645548648214,176.1165973340421,735.3966076674362,184.69317229939728,345.94806999303705,11174.680185901143,9230.971197722341,53690.94074605003,448.70868496543795,411.59854311787797,550.703435368039,389.4485376743991,1943.7089881788024,-42516.26056014889,0.0,0.0,/Users/dawid/Library/Mobile Documents/com~apple~CloudDocs/Dokumenty/Publikacje własne/Manuscripts/Quantum_interference/data/P1-AL7075_frez_zgr.sur,711.7360176056983,810.0000000000001,809.0,532.0,655289.9999999508,Aluminium 7075,AL7075,quantum_like,128,128,0,P1,P1-AL7075_frez_zgr,area,Milling (roughing),frez_zgr,simple
178.98567638994462,139.00645548648214,176.1165973340421,223.08688070246038,184.69317229939728,345.94806999303705,1637.4968781540156,9230.971197722341,53690.94074605003,39.97922090346249,2.8690790559025263,38.39370840306311,-122.86118929057666,-7593.474319568326,-52053.443867896014,0.0,0.0,/Users/dawid/Library/Mobile Documents/com~apple~CloudDocs/Dokumenty/Publikacje własne/Manuscripts/Quantum_interference/data/P1-AL7075_frez_zgr.sur,175.6100102311936,810.0000000000001,809.0,532.0,655289.9999999508,Aluminium 7075,AL7075,hybrid,128,128,0,P1,P1-AL7075_frez_zgr,area,Milling (roughing),frez_zgr,simple
482.53052819125423,2630.164977142039,2851.069027265254,628.28143131935,3006.7039391739695,3375.9853169491635,4762.609284225405,13479.65891822195,59633.0796095711,-2147.634448950784,-2368.5384990739994,-2378.422507854619,-2747.7038856298136,-8717.049633996547,-54870.47032534569,0.0,0.0,/Users/dawid/Library/Mobile Documents/com~apple~CloudDocs/Dokumenty/Publikacje własne/Manuscripts/Quantum_interference/data/P1-AL7075_t_zgrub.sur,3069.900773851496,810.0000000000001,809.0,532.0,655289.9999999508,Aluminium 7075,AL7075,classical,128,128,0,P1,P1-AL7075_t_zgrub,area,Turning (roughing),t_zgrub,simple
2673.558911790399,2630.164977142039,2851.069027265254,3091.3192299052585,3006.7039391739695,3375.9853169491635,15055.520900179466,13479.65891822195,59633.0796095711,43.39393464836063,-177.51011547485467,84.61529073128906,-284.666087043905,1575.8619819575163,-44577.558709391626,0.0,0.0,/Users/dawid/Library/Mobile Documents/com~apple~CloudDocs/Dokumenty/Publikacje własne/Manuscripts/Quantum_interference/data/P1-AL7075_t_zgrub.sur,706.3349383143768,810.0000000000001,809.0,532.0,655289.9999999508,Aluminium 7075,AL7075,quantum_like,128,128,0,P1,P1-AL7075_t_zgrub,area,Turning (roughing),t_zgrub,simple
601.916891830787,2630.164977142039,2851.069027265254,753.8692241079887,3006.7039391739695,3375.9853169491635,6178.445016873193,13479.65891822195,59633.0796095711,-2028.2480853112518,-2249.1521354344673,-2252.834715065981,-2622.116092841175,-7301.213901348759,-53454.634592697905,0.0,0.0,/Users/dawid/Library/Mobile Documents/com~apple~CloudDocs/Dokumenty/Publikacje własne/Manuscripts/Quantum_interference/data/P1-AL7075_t_zgrub.sur,2513.2823644058267,810.0000000000001,809.0,532.0,655289.9999999508,Aluminium 7075,AL7075,hybrid,128,128,0,P1,P1-AL7075_t_zgrub,area,Turning (roughing),t_zgrub,simple
501.35912105764123,102.21392453411762,168.57388938374433,663.7104644675496,134.88267759381972,322.9701285319562,4731.257113104957,1238.4294629850563,15504.124678627684,399.1451965235236,332.7852316738969,528.8277868737299,340.7403359355934,3492.8276501199007,-10772.867565522727,0.0,0.0,/Users/dawid/Library/Mobile Documents/com~apple~CloudDocs/Dokumenty/Publikacje własne/Manuscripts/Quantum_interference/data/P1-C45_frez_wyk.sur,674.6773782052886,810.0000000000001,809.0,532.0,655289.9999999508,Steel C45,C45,classical,128,128,0,P1,P1-C45_frez_wyk,area,Milling (finishing),frez_wyk,simple
577.2824102757777,102.21392453411762,168.57388938374433,724.4072314167587,134.88267759381972,322.9701285319562,5540.722633654221,1238.4294629850563,15504.124678627684,475.0684857416601,408.70852089203333,589.524553822939,401.4371028848025,4302.293170669164,-9963.402044973463,0.0,0.0,/Users/dawid/Library/Mobile Documents/com~apple~CloudDocs/Dokumenty/Publikacje własne/Manuscripts/Quantum_interference/data/P1-C45_frez_wyk.sur,711.2040841363128,810.0000000000001,809.0,532.0,655289.9999999508,Steel C45,C45,quantum_like,128,128,0,P1,P1-C45_frez_wyk,area,Milling (finishing),frez_wyk,simple
136.69179554381435,102.21392453411762,168.57388938374433,172.17684378689657,134.88267759381972,322.9701285319562,1358.2297332130672,1238.4294629850563,15504.124678627684,34.477871009696734,-31.88209383992998,37.294166193076855,-150.79328474505962,119.80027022801092,-14145.894945414617,0.0,0.0,/Users/dawid/Library/Mobile Documents/com~apple~CloudDocs/Dokumenty/Publikacje własne/Manuscripts/Quantum_interference/data/P1-C45_frez_wyk.sur,185.35341267820073,810.0000000000001,809.0,532.0,655289.9999999508,Steel C45,C45,hybrid,128,128,0,P1,P1-C45_frez_wyk,area,Milling (finishing),frez_wyk,simple
0.19883837031134496,0.013029586701460184,0.014215393199252453,0.2491633118013767,0.01582030258391856,0.017415753488415692,1.9009410560135014,0.12771590120531928,0.3893552769154757,0.1858087836098848,0.18462297711209252,0.23334300921745815,0.231747558312961,1.7732251548081823,1.5115857790980256,0.0,0.0,/Users/dawid/Library/Mobile Documents/com~apple~CloudDocs/Dokumenty/Publikacje własne/Manuscripts/Quantum_interference/data/P1-C45_frez_zgr.sur,0.24838038773106969,810.0000000000001,809.0,532.0,655289.9999999508,Steel C45,C45,classical,128,128,0,P1,P1-C45_frez_zgr,area,Milling (roughing),frez_zgr,simple
565.4742416898051,0.013029586701460184,0.014215393199252453,707.188413988418,0.01582030258391856,0.017415753488415692,5272.012929116416,0.12771590120531928,0.3893552769154757,565.4612121031038,565.460026296606,707.172593685834,707.1709982349296,5271.885213215211,5271.6235738395,0.0,0.0,/Users/dawid/Library/Mobile Documents/com~apple~CloudDocs/Dokumenty/Publikacje własne/Manuscripts/Quantum_interference/data/P1-C45_frez_zgr.sur,707.1883999403648,810.0000000000001,809.0,532.0,655289.9999999508,Steel C45,C45,quantum_like,128,128,0,P1,P1-C45_frez_zgr,area,Milling (roughing),frez_zgr,simple
92.70285320576077,0.013029586701460184,0.014215393199252453,152.95055764875676,0.01582030258391856,0.017415753488415692,1322.0916371303706,0.12771590120531928,0.3893552769154757,92.68982361905931,92.68863781256152,152.93473734617285,152.93314189526834,1321.9639212291652,1321.7022818534551,0.0,0.0,/Users/dawid/Library/Mobile Documents/com~apple~CloudDocs/Dokumenty/Publikacje własne/Manuscripts/Quantum_interference/data/P1-C45_frez_zgr.sur,152.95023756073076,810.0000000000001,809.0,532.0,655289.9999999508,Steel C45,C45,hybrid,128,128,0,P1,P1-C45_frez_zgr,area,Milling (roughing),frez_zgr,simple
272.901329747671,156.15923992615842,209.73484587406048,350.1161997152727,361.13851260688904,1330.3937512601992,3209.9100851579833,25792.699484442808,157120.78884941927,116.74208982151262,63.16648387361054,-11.022312891616286,-980.2775515449265,-22582.789399284822,-153910.87876426132,0.0,0.0,/Users/dawid/Library/Mobile Documents/com~apple~CloudDocs/Dokumenty/Publikacje własne/Manuscripts/Quantum_interference/data/P1-C45_nagniat.sur,485.7323817170843,810.0000000000001,809.0,532.0,655289.9999999508,Steel C45,C45,classical,128,128,0,P1,P1-C45_nagniat,area,Burnishing,nagniat,simple
603.6770184372984,156.15923992615842,209.73484587406048,799.0148792027245,361.13851260688904,1330.3937512601992,25753.48225918666,25792.699484442808,157120.78884941927,447.51777851114,393.942172563238,437.87636659583546,-531.3788720574748,-39.217225256144985,-131367.30659023262,0.0,0.0,/Users/dawid/Library/Mobile Documents/com~apple~CloudDocs/Dokumenty/Publikacje własne/Manuscripts/Quantum_interference/data/P1-C45_nagniat.sur,713.8759661327233,810.0000000000001,809.0,532.0,655289.9999999508,Steel C45,C45,quantum_like,128,128,0,P1,P1-C45_nagniat,area,Burnishing,nagniat,simple
188.61383482286593,156.15923992615842,209.73484587406048,257.232640060696,361.13851260688904,1330.3937512601992,5035.075641874288,25792.699484442808,157120.78884941927,32.45459489670753,-21.121011051194547,-103.90587254619304,-1073.1611111995035,-20757.62384256852,-152085.713207545,0.0,0.0,/Users/dawid/Library/Mobile Documents/com~apple~CloudDocs/Dokumenty/Publikacje własne/Manuscripts/Quantum_interference/data/P1-C45_nagniat.sur,307.4994386146464,810.0000000000001,809.0,532.0,655289.9999999508,Steel C45,C45,hybrid,128,128,0,P1,P1-C45_nagniat,area,Burnishing,nagniat,simple
505.1047996109531,5038.739349993834,5352.809007024925,656.2345223552826,6964.771178492293,7452.142131531978,4747.167618550203,68359.12072495573,131214.74393826575,-4533.634550382882,-4847.704207413973,-6308.536656137011,-6795.907609176696,-63611.95310640554,-126467.57631971553,0.0,0.0,/Users/dawid/Library/Mobile Documents/com~apple~CloudDocs/Dokumenty/Publikacje własne/Manuscripts/Quantum_interference/data/P1-C45_t_zgrubne.sur,7029.122371439632,810.0000000000001,809.0,532.0,655289.9999999508,Steel C45,C45,classical,128,128,0,P1,P1-C45_t_zgrubne,area,Turning (roughing),t_zgrubne,simple
5078.537141337822,5038.739349993834,5352.809007024925,7008.1920755430565,6964.771178492293,7452.142131531978,68412.84356466336,68359.12072495573,131214.74393826575,39.79779134398787,-274.2718656871038,43.42089705076371,-443.95005598892124,53.7228397076261,-62801.90037360239,0.0,0.0,/Users/dawid/Library/Mobile Documents/com~apple~CloudDocs/Dokumenty/Publikacje własne/Manuscripts/Quantum_interference/data/P1-C45_t_zgrubne.sur,713.0095588615478,810.0000000000001,809.0,532.0,655289.9999999508,Steel C45,C45,quantum_like,128,128,0,P1,P1-C45_t_zgrubne,area,Turning (roughing),t_zgrubne,simple
4039.1174168988778,5038.739349993834,5352.809007024925,5734.022295813196,6964.771178492293,7452.142131531978,57574.22496396158,68359.12072495573,131214.74393826575,-999.6219330949561,-1313.691590126048,-1230.7488826790968,-1718.1198357187818,-10784.895760994157,-73640.51897430417,0.0,0.0,/Users/dawid/Library/Mobile Documents/com~apple~CloudDocs/Dokumenty/Publikacje własne/Manuscripts/Quantum_interference/data/P1-C45_t_zgrubne.sur,2693.5613489554507,810.0000000000001,809.0,532.0,655289.9999999508,Steel C45,C45,hybrid,128,128,0,P1,P1-C45_t_zgrubne,area,Turning (roughing),t_zgrubne,simple
488.2682143455592,69122.29892286826,164445.50446808158,625.0535891620774,89985.65254542553,259806.01315388278,4532.790533885742,2762836.4655745937,14845451.98272266,-68634.0307085227,-163957.23625373605,-89360.59895626345,-259180.95956472072,-2758303.6750407084,-14840919.192188775,0.0,0.0,/Users/dawid/Library/Mobile Documents/com~apple~CloudDocs/Dokumenty/Publikacje własne/Manuscripts/Quantum_interference/data/P1-C45_wedm_wyk.sur,90026.8845614883,810.0000000000001,809.0,532.0,655289.9999999508,Steel C45,C45,classical,128,128,0,P1,P1-C45_wedm_wyk,area,Wire EDM (finishing),wedm_wyk,simple
108019.76962988626,69122.29892286826,164445.50446808158,161264.95008098104,89985.65254542553,259806.01315388278,1710028.8360662607,2762836.4655745937,14845451.98272266,38897.470707017994,-56425.73483819533,71279.2975355555,-98541.06307290176,-1052807.6295083333,-13135423.146656401,0.0,0.0,/Users/dawid/Library/Mobile Documents/com~apple~CloudDocs/Dokumenty/Publikacje własne/Manuscripts/Quantum_interference/data/P1-C45_wedm_wyk.sur,156502.55878490218,810.0000000000001,809.0,532.0,655289.9999999508,Steel C45,C45,quantum_like,128,128,0,P1,P1-C45_wedm_wyk,area,Wire EDM (finishing),wedm_wyk,simple
72998.56762223558,69122.29892286826,164445.50446808158,84573.81813912789,89985.65254542553,259806.01315388278,440654.4153481859,2762836.4655745937,14845451.98272266,3876.2686993673233,-91446.936845846,-5411.834406297643,-175232.1950147549,-2322182.050226408,-14404797.567374473,0.0,0.0,/Users/dawid/Library/Mobile Documents/com~apple~CloudDocs/Dokumenty/Publikacje własne/Manuscripts/Quantum_interference/data/P1-C45_wedm_wyk.sur,91981.81865925617,810.0000000000001,809.0,532.0,655289.9999999508,Steel C45,C45,hybrid,128,128,0,P1,P1-C45_wedm_wyk,area,Wire EDM (finishing),wedm_wyk,simple
505.30308176278504,3045.6103292439766,4474.643435891885,642.9847384258237,4283.263669585875,6990.219229140815,4522.505033837905,94485.72064521516,233363.97390964086,-2540.3072474811916,-3969.3403541290995,-3640.278931160051,-6347.234490714991,-89963.21561137725,-228841.46887580297,0.0,0.0,/Users/dawid/Library/Mobile Documents/com~apple~CloudDocs/Dokumenty/Publikacje własne/Manuscripts/Quantum_interference/data/P1-C45_wedm_zgru_1prz.sur,4300.37222751998,810.0000000000001,809.0,532.0,655289.9999999508,Steel C45,C45,classical,128,128,0,P1,P1-C45_wedm_zgru_1prz,area,Wire EDM (roughing),wedm_zgru_1prz,simple
3108.0558171200787,3045.6103292439766,4474.643435891885,4346.827715395039,4283.263669585875,6990.219229140815,94823.57944427861,94485.72064521516,233363.97390964086,62.44548787610224,-1366.5876187718059,63.5640458091651,-2643.3915137457752,337.8587990634596,-138540.39446536225,0.0,0.0,/Users/dawid/Library/Mobile Documents/com~apple~CloudDocs/Dokumenty/Publikacje własne/Manuscripts/Quantum_interference/data/P1-C45_wedm_zgru_1prz.sur,707.079253389076,810.0000000000001,809.0,532.0,655289.9999999508,Steel C45,C45,quantum_like,128,128,0,P1,P1-C45_wedm_zgru_1prz,area,Wire EDM (roughing),wedm_zgru_1prz,simple
1503.172973614597,3045.6103292439766,4474.643435891885,2204.085207324457,4283.263669585875,6990.219229140815,21649.673657179555,94485.72064521516,233363.97390964086,-1542.4373556293797,-2971.470462277288,-2079.1784622614177,-4786.134021816358,-72836.04698803561,-211714.30025246128,0.0,0.0,/Users/dawid/Library/Mobile Documents/com~apple~CloudDocs/Dokumenty/Publikacje własne/Manuscripts/Quantum_interference/data/P1-C45_wedm_zgru_1prz.sur,3254.9821419799623,810.0000000000001,809.0,532.0,655289.9999999508,Steel C45,C45,hybrid,128,128,0,P1,P1-C45_wedm_zgru_1prz,area,Wire EDM (roughing),wedm_zgru_1prz,simple
32.72980553627165,16.023032155459873,27.297418640221498,74.25476068722779,23.425762504250464,52.32595042339795,930.3906728705753,382.67848731148825,1708.9317205210828,16.70677338081178,5.432386896050151,50.828998182977315,21.928810263829835,547.712185559087,-778.5410476505075,0.0,0.0,/Users/dawid/Library/Mobile Documents/com~apple~CloudDocs/Dokumenty/Publikacje własne/Manuscripts/Quantum_interference/data/P1-ELLOR_frez_wyk.sur,71.55991558340884,810.0000000000001,809.0,532.0,655289.9999999508,Graphite,ELLOR,classical,128,128,0,P1,P1-ELLOR_frez_wyk,area,Milling (finishing),frez_wyk,simple
569.541071996314,16.023032155459873,27.297418640221498,716.1569523613491,23.425762504250464,52.32595042339795,5560.471775442657,382.67848731148825,1708.9317205210828,553.5180398408542,542.2436533560925,692.7311898570987,663.8310019379512,5177.793288131169,3851.5400549215747,0.0,0.0,/Users/dawid/Library/Mobile Documents/com~apple~CloudDocs/Dokumenty/Publikacje własne/Manuscripts/Quantum_interference/data/P1-ELLOR_frez_wyk.sur,715.8203930386766,810.0000000000001,809.0,532.0,655289.9999999508,Graphite,ELLOR,quantum_like,128,128,0,P1,P1-ELLOR_frez_wyk,area,Milling (finishing),frez_wyk,simple
99.04140655539022,16.023032155459873,27.297418640221498,157.08554437670514,23.425762504250464,52.32595042339795,1143.8058485917554,382.67848731148825,1708.9317205210828,83.01837439993035,71.74398791516872,133.6597818724547,104.75959395330719,761.1273612802671,-565.1258719293273,0.0,0.0,/Users/dawid/Library/Mobile Documents/com~apple~CloudDocs/Dokumenty/Publikacje własne/Manuscripts/Quantum_interference/data/P1-ELLOR_frez_wyk.sur,158.11129034186573,810.0000000000001,809.0,532.0,655289.9999999508,Graphite,ELLOR,hybrid,128,128,0,P1,P1-ELLOR_frez_wyk,area,Milling (finishing),frez_wyk,simple
0.19959289886867082,0.01085403195842213,0.01663394778151025,0.25049780262056087,0.0165262851362641,0.02991984577749072,1.9550215349828142,0.3294507204311813,0.8378487410273452,0.1887388669102487,0.18295895108716057,0.23397151748429676,0.2205779568430701,1.6255708145516328,1.117172793955469,0.0,0.0,/Users/dawid/Library/Mobile Documents/com~apple~CloudDocs/Dokumenty/Publikacje własne/Manuscripts/Quantum_interference/data/P1-ELLOR_frez_zgr.sur,0.25003667792624845,810.0000000000001,809.0,532.0,655289.9999999508,Graphite,ELLOR,classical,128,128,0,P1,P1-ELLOR_frez_zgr,area,Milling (roughing),frez_zgr,simple
559.1355027245568,0.01085403195842213,0.01663394778151025,701.101083962678,0.0165262851362641,0.02991984577749072,5350.0148284255565,0.3294507204311813,0.8378487410273452,559.1246486925983,559.1188687767752,701.0845576775417,701.0711641169005,5349.685377705126,5349.176979684529,0.0,0.0,/Users/dawid/Library/Mobile Documents/com~apple~CloudDocs/Dokumenty/Publikacje własne/Manuscripts/Quantum_interference/data/P1-ELLOR_frez_zgr.sur,701.1011448539,810.0000000000001,809.0,532.0,655289.9999999508,Graphite,ELLOR,quantum_like,128,128,0,P1,P1-ELLOR_frez_zgr,area,Milling (roughing),frez_zgr,simple
84.14288099172748,0.01085403195842213,0.01663394778151025,150.1373628866204,0.0165262851362641,0.02991984577749072,1067.9127309125333,0.3294507204311813,0.8378487410273452,84.13202695976906,84.12624704394598,150.12083660148411,150.1074430408429,1067.5832801921022,1067.074882171506,0.0,0.0,/Users/dawid/Library/Mobile Documents/com~apple~CloudDocs/Dokumenty/Publikacje własne/Manuscripts/Quantum_interference/data/P1-ELLOR_frez_zgr.sur,150.13734957005713,810.0000000000001,809.0,532.0,655289.9999999508,Graphite,ELLOR,hybrid,128,128,0,P1,P1-ELLOR_frez_zgr,area,Milling (roughing),frez_zgr,simple
492.98078143602834,1582896.8683523398,2018004.8643047118,652.1510982629914,2351484.7671609395,3090351.901157858,5577.165462297559,28138485.14186364,61174725.89370246,-1582403.8875709036,-2017511.8835232758,-2350832.6160626765,-3089699.750059595,-28132907.976401344,-61169148.72824017,0.0,0.0,/Users/dawid/Library/Mobile Documents/com~apple~CloudDocs/Dokumenty/Publikacje własne/Manuscripts/Quantum_interference/data/P1-ELLOR_t_zgrub.sur,2351479.7332676235,810.0000000000001,809.0,532.0,655289.9999999508,Graphite,ELLOR,classical,128,128,0,P1,P1-ELLOR_t_zgrub,area,Turning (roughing),t_zgrub,simple
584117.8227215818,1582896.8683523398,2018004.8643047118,747516.1774791717,2351484.7671609395,3090351.901157858,5349427.239730994,28138485.14186364,61174725.89370246,-998779.0456307578,-1433887.0415831301,-1603968.5896817676,-2342835.723678686,-22789057.90213265,-55825298.65397147,0.0,0.0,/Users/dawid/Library/Mobile Documents/com~apple~CloudDocs/Dokumenty/Publikacje własne/Manuscripts/Quantum_interference/data/P1-ELLOR_t_zgrub.sur,2470440.612345298,810.0000000000001,809.0,532.0,655289.9999999508,Graphite,ELLOR,quantum_like,128,128,0,P1,P1-ELLOR_t_zgrub,area,Turning (roughing),t_zgrub,simple
260828.55001040007,1582896.8683523398,2018004.8643047118,318929.02433866425,2351484.7671609395,3090351.901157858,1898274.0476567375,28138485.14186364,61174725.89370246,-1322068.3183419397,-1757176.3142943117,-2032555.7428222753,-2771422.8768191934,-26240211.094206903,-59276451.846045725,0.0,0.0,/Users/dawid/Library/Mobile Documents/com~apple~CloudDocs/Dokumenty/Publikacje własne/Manuscripts/Quantum_interference/data/P1-ELLOR_t_zgrub.sur,2377230.175443381,810.0000000000001,809.0,532.0,655289.9999999508,Graphite,ELLOR,hybrid,128,128,0,P1,P1-ELLOR_t_zgrub,area,Turning (roughing),t_zgrub,simple
490.23267602051845,761.8437605202425,1288.9111898407098,639.279498216413,1129.857270281965,2635.0106342366944,4577.921503758205,22660.843883225658,94762.18475820428,-271.6110844997241,-798.6785138201913,-490.5777720655519,-1995.7311360202814,-18082.922379467454,-90184.26325444608,0.0,0.0,/Users/dawid/Library/Mobile Documents/com~apple~CloudDocs/Dokumenty/Publikacje własne/Manuscripts/Quantum_interference/data/P1-ELLOR_wedm_wyk.sur,1289.6940905010506,810.0000000000001,809.0,532.0,655289.9999999508,Graphite,ELLOR,classical,128,128,0,P1,P1-ELLOR_wedm_wyk,area,Wire EDM (finishing),wedm_wyk,simple
966.0225487688821,761.8437605202425,1288.9111898407098,1338.3220199894656,1129.857270281965,2635.0106342366944,22906.191275556706,22660.843883225658,94762.18475820428,204.17878824863956,-322.88864107182764,208.46474970750072,-1296.6886142472288,245.34739233104924,-71855.99348264758,0.0,0.0,/Users/dawid/Library/Mobile Documents/com~apple~CloudDocs/Dokumenty/Publikacje własne/Manuscripts/Quantum_interference/data/P1-ELLOR_wedm_wyk.sur,712.592317044864,810.0000000000001,809.0,532.0,655289.9999999508,Graphite,ELLOR,quantum_like,128,128,0,P1,P1-ELLOR_wedm_wyk,area,Wire EDM (finishing),wedm_wyk,simple
340.0318024258409,761.8437605202425,1288.9111898407098,457.01385114982344,1129.857270281965,2635.0106342366944,5452.7770088291445,22660.843883225658,94762.18475820428,-421.81195809440163,-948.8793874148688,-672.8434191321415,-2177.996783086871,-17208.06687439651,-89309.40774937514,0.0,0.0,/Users/dawid/Library/Mobile Documents/com~apple~CloudDocs/Dokumenty/Publikacje własne/Manuscripts/Quantum_interference/data/P1-ELLOR_wedm_wyk.sur,955.2505206139965,810.0000000000001,809.0,532.0,655289.9999999508,Graphite,ELLOR,hybrid,128,128,0,P1,P1-ELLOR_wedm_wyk,area,Wire EDM (finishing),wedm_wyk,simple
539.2276441645048,862.2435450620579,1449.8944742396523,686.0673174175715,1210.8318503437085,2498.4242966125526,5489.459497780874,23764.701190557153,69211.50170978007,-323.01590089755314,-910.6668300751475,-524.764532926137,-1812.3569791949808,-18275.24169277628,-63722.04221199919,0.0,0.0,/Users/dawid/Library/Mobile Documents/com~apple~CloudDocs/Dokumenty/Publikacje własne/Manuscripts/Quantum_interference/data/P1-ELLOR_wedm_zgru_1prz.sur,1405.93486810938,810.0000000000001,809.0,532.0,655289.9999999508,Graphite,ELLOR,classical,128,128,0,P1,P1-ELLOR_wedm_zgru_1prz,area,Wire EDM (roughing),wedm_zgru_1prz,simple
1044.3885862467373,862.2435450620579,1449.8944742396523,1407.569499050964,1210.8318503437085,2498.4242966125526,24580.21158420293,23764.701190557153,69211.50170978007,182.14504118467937,-405.50588799291495,196.7376487072553,-1090.8547975615884,815.5103936457754,-44631.29012557714,0.0,0.0,/Users/dawid/Library/Mobile Documents/com~apple~CloudDocs/Dokumenty/Publikacje własne/Manuscripts/Quantum_interference/data/P1-ELLOR_wedm_zgru_1prz.sur,710.9158185339253,810.0000000000001,809.0,532.0,655289.9999999508,Graphite,ELLOR,quantum_like,128,128,0,P1,P1-ELLOR_wedm_zgru_1prz,area,Wire EDM (roughing),wedm_zgru_1prz,simple
392.5244272222025,862.2435450620579,1449.8944742396523,509.0279043993403,1210.8318503437085,2498.4242966125526,6016.462779119436,23764.701190557153,69211.50170978007,-469.7191178398554,-1057.37004701745,-701.8039459443684,-1989.3963922132123,-17748.238411437716,-63195.03893066064,0.0,0.0,/Users/dawid/Library/Mobile Documents/com~apple~CloudDocs/Dokumenty/Publikacje własne/Manuscripts/Quantum_interference/data/P1-ELLOR_wedm_zgru_1prz.sur,998.9184922797895,810.0000000000001,809.0,532.0,655289.9999999508,Graphite,ELLOR,hybrid,128,128,0,P1,P1-ELLOR_wedm_zgru_1prz,area,Wire EDM (roughing),wedm_zgru_1prz,simple
200.19067753615266,364.4999260546021,371.232885286238,258.0407643005101,416.49843643748625,433.87656132110186,2325.79433853985,1838.353136555012,10944.451287199645,-164.30924851844944,-171.04220775008537,-158.45767213697616,-175.83579702059177,487.44120198483785,-8618.656948659796,0.0,0.0,/Users/dawid/Library/Mobile Documents/com~apple~CloudDocs/Dokumenty/Publikacje własne/Manuscripts/Quantum_interference/data/P1-MO58A_frez_wyk.sur,435.95574460598147,810.0000000000001,809.0,532.0,655289.9999999508,Brass,MO58A,classical,128,128,0,P1,P1-MO58A_frez_wyk,area,Milling (finishing),frez_wyk,simple
654.287894783976,364.4999260546021,371.232885286238,819.6269837882894,416.49843643748625,433.87656132110186,5945.567379877003,1838.353136555012,10944.451287199645,289.78796872937386,283.05500949773796,403.12854735080316,385.75042246718755,4107.2142433219915,-4998.883907322643,0.0,0.0,/Users/dawid/Library/Mobile Documents/com~apple~CloudDocs/Dokumenty/Publikacje własne/Manuscripts/Quantum_interference/data/P1-MO58A_frez_wyk.sur,704.1862115858294,810.0000000000001,809.0,532.0,655289.9999999508,Brass,MO58A,quantum_like,128,128,0,P1,P1-MO58A_frez_wyk,area,Milling (finishing),frez_wyk,simple
373.4752394734346,364.4999260546021,371.232885286238,436.0213679990358,416.49843643748625,433.87656132110186,2325.4711296116566,1838.353136555012,10944.451287199645,8.97531341883255,2.2423541871966255,19.52293156154954,2.1448066779339445,487.1179930566446,-8618.980157587988,0.0,0.0,/Users/dawid/Library/Mobile Documents/com~apple~CloudDocs/Dokumenty/Publikacje własne/Manuscripts/Quantum_interference/data/P1-MO58A_frez_wyk.sur,160.8286905754847,810.0000000000001,809.0,532.0,655289.9999999508,Brass,MO58A,hybrid,128,128,0,P1,P1-MO58A_frez_wyk,area,Milling (finishing),frez_wyk,simple
473.80664666386775,1459.9214660022014,1635.1765763826413,606.3245715209778,1810.4703148296428,2024.9415456585623,4599.946128047159,10709.144235305914,15746.571803058374,-986.1148193383336,-1161.3699297187736,-1204.1457433086653,-1418.6169741375847,-6109.198107258756,-11146.625675011215,0.0,0.0,/Users/dawid/Library/Mobile Documents/com~apple~CloudDocs/Dokumenty/Publikacje własne/Manuscripts/Quantum_interference/data/P1-MO58A_frez_zgr.sur,1935.4454275386006,810.0000000000001,809.0,532.0,655289.9999999508,Brass,MO58A,classical,128,128,0,P1,P1-MO58A_frez_zgr,area,Milling (roughing),frez_zgr,simple
1568.144005203242,1459.9214660022014,1635.1765763826413,1947.8921052365488,1810.4703148296428,2024.9415456585623,13017.48996325727,10709.144235305914,15746.571803058374,108.22253920104052,-67.03257117939951,137.42179040690596,-77.04944042201346,2308.345727951356,-2729.081839801104,0.0,0.0,/Users/dawid/Library/Mobile Documents/com~apple~CloudDocs/Dokumenty/Publikacje własne/Manuscripts/Quantum_interference/data/P1-MO58A_frez_zgr.sur,704.9057827329004,810.0000000000001,809.0,532.0,655289.9999999508,Brass,MO58A,quantum_like,128,128,0,P1,P1-MO58A_frez_zgr,area,Milling (roughing),frez_zgr,simple
1100.401626552744,1459.9214660022014,1635.1765763826413,1386.9428296359686,1810.4703148296428,2024.9415456585623,7343.344557331822,10709.144235305914,15746.571803058374,-359.5198394494575,-534.7749498298975,-423.5274851936744,-637.9987160225938,-3365.7996779740924,-8403.227245726554,0.0,0.0,/Users/dawid/Library/Mobile Documents/com~apple~CloudDocs/Dokumenty/Publikacje własne/Manuscripts/Quantum_interference/data/P1-MO58A_frez_zgr.sur,917.3440374368907,810.0000000000001,809.0,532.0,655289.9999999508,Brass,MO58A,hybrid,128,128,0,P1,P1-MO58A_frez_zgr,area,Milling (roughing),frez_zgr,simple
144.77998121113805,144.77774097248448,149.36655947912297,180.38623781251414,180.38439549980592,187.34316490288163,964.5881355274518,964.684148951688,3484.618675857259,0.0022402386535704255,-4.586578267984937,0.0018423127082172616,-6.9569270903674845,-0.09601342423629002,-2520.0305403298075,0.0,0.0,/Users/dawid/Library/Mobile Documents/com~apple~CloudDocs/Dokumenty/Publikacje własne/Manuscripts/Quantum_interference/data/P1-MO58A_nagniat.sur,0.24917502761000296,810.0000000000001,809.0,532.0,655289.9999999508,Brass,MO58A,classical,128,128,0,P1,P1-MO58A_nagniat,area,Burnishing,nagniat,simple
584.9432402175378,144.77774097248448,149.36655947912297,733.2724898920969,180.38439549980592,187.34316490288163,5909.567577812312,964.684148951688,3484.618675857259,440.16549924505335,435.57668073841484,552.888094392291,545.9293249892153,4944.883428860624,2424.948901955053,0.0,0.0,/Users/dawid/Library/Mobile Documents/com~apple~CloudDocs/Dokumenty/Publikacje własne/Manuscripts/Quantum_interference/data/P1-MO58A_nagniat.sur,710.8731062868817,810.0000000000001,809.0,532.0,655289.9999999508,Brass,MO58A,quantum_like,128,128,0,P1,P1-MO58A_nagniat,area,Burnishing,nagniat,simple
184.00967624403833,144.77774097248448,149.36655947912297,231.7583980440448,180.38439549980592,187.34316490288163,1599.3817511814536,964.684148951688,3484.618675857259,39.23193527155386,34.64311676491535,51.37400254423889,44.41523314116319,634.6976022297655,-1885.2369246758053,0.0,0.0,/Users/dawid/Library/Mobile Documents/com~apple~CloudDocs/Dokumenty/Publikacje własne/Manuscripts/Quantum_interference/data/P1-MO58A_nagniat.sur,153.56587559976327,810.0000000000001,809.0,532.0,655289.9999999508,Brass,MO58A,hybrid,128,128,0,P1,P1-MO58A_nagniat,area,Burnishing,nagniat,simple
477.21610654031707,1179.4051726507234,1386.8772375518495,615.2689911520808,1483.118342580447,2154.5371115300177,4769.554825188368,14597.802446022908,97070.55657722981,-702.1890661104064,-909.6611310115325,-867.8493514283662,-1539.2681203779368,-9828.247620834542,-92301.00175204144,0.0,0.0,/Users/dawid/Library/Mobile Documents/com~apple~CloudDocs/Dokumenty/Publikacje własne/Manuscripts/Quantum_interference/data/P1-MO58A_t_zgrub.sur,1596.669160068704,810.0000000000001,809.0,532.0,655289.9999999508,Brass,MO58A,classical,128,128,0,P1,P1-MO58A_t_zgrub,area,Turning (roughing),t_zgrub,simple
1309.5961618086667,1179.4051726507234,1386.8772375518495,1648.8742484100414,1483.118342580447,2154.5371115300177,17756.636409317234,14597.802446022908,97070.55657722981,130.19098915794314,-77.28107574318284,165.75590582959444,-505.66286311997624,3158.833963294326,-79313.92016791257,0.0,0.0,/Users/dawid/Library/Mobile Documents/com~apple~CloudDocs/Dokumenty/Publikacje własne/Manuscripts/Quantum_interference/data/P1-MO58A_t_zgrub.sur,712.3156956050357,810.0000000000001,809.0,532.0,655289.9999999508,Brass,MO58A,quantum_like,128,128,0,P1,P1-MO58A_t_zgrub,area,Turning (roughing),t_zgrub,simple
626.0646371373839,1179.4051726507234,1386.8772375518495,795.1959280125694,1483.118342580447,2154.5371115300177,9012.625562230513,14597.802446022908,97070.55657722981,-553.3405355133397,-760.8126004144657,-687.9224145678776,-1359.3411835174481,-5585.176883792396,-88057.9310149993,0.0,0.0,/Users/dawid/Library/Mobile Documents/com~apple~CloudDocs/Dokumenty/Publikacje własne/Manuscripts/Quantum_interference/data/P1-MO58A_t_zgrub.sur,993.1288626393123,810.0000000000001,809.0,532.0,655289.9999999508,Brass,MO58A,hybrid,128,128,0,P1,P1-MO58A_t_zgrub,area,Turning (roughing),t_zgrub,simple
456.4000060491885,272.7485548967625,623.3622952841346,596.8697603855386,449.4956073431901,1678.008257576369,4437.4320521237105,11159.290203248273,119387.24119355052,183.65145115242598,-166.96228923494613,147.37415304234852,-1081.1384971908305,-6721.858151124562,-114949.80914142681,0.0,0.0,/Users/dawid/Library/Mobile Documents/com~apple~CloudDocs/Dokumenty/Publikacje własne/Manuscripts/Quantum_interference/data/P1-MO58A_wedm_wyk.sur,712.652573421179,810.0000000000001,809.0,532.0,655289.9999999508,Brass,MO58A,classical,128,128,0,P1,P1-MO58A_wedm_wyk,area,Wire EDM (finishing),wedm_wyk,simple
633.6074011002747,272.7485548967625,623.3622952841346,834.0784534699595,449.4956073431901,1678.008257576369,12696.019099813317,11159.290203248273,119387.24119355052,360.8588462035122,10.245105816140127,384.5828461267695,-843.9298041064096,1536.7288965650437,-106691.22209373722,0.0,0.0,/Users/dawid/Library/Mobile Documents/com~apple~CloudDocs/Dokumenty/Publikacje własne/Manuscripts/Quantum_interference/data/P1-MO58A_wedm_wyk.sur,708.6874077998003,810.0000000000001,809.0,532.0,655289.9999999508,Brass,MO58A,quantum_like,128,128,0,P1,P1-MO58A_wedm_wyk,area,Wire EDM (finishing),wedm_wyk,simple
226.7349405447091,272.7485548967625,623.3622952841346,315.8741439859766,449.4956073431901,1678.008257576369,5473.790163258311,11159.290203248273,119387.24119355052,-46.01361435205342,-396.6273547394255,-133.6214633572135,-1362.1341135903926,-5685.500039989962,-113913.45103029221,0.0,0.0,/Users/dawid/Library/Mobile Documents/com~apple~CloudDocs/Dokumenty/Publikacje własne/Manuscripts/Quantum_interference/data/P1-MO58A_wedm_wyk.sur,316.6602272288579,810.0000000000001,809.0,532.0,655289.9999999508,Brass,MO58A,hybrid,128,128,0,P1,P1-MO58A_wedm_wyk,area,Wire EDM (finishing),wedm_wyk,simple
462.3106304545682,65516.57963297783,88536.39320245878,596.9142365508864,82367.20154689364,114712.78171870453,4304.498869903061,783386.5399072737,2608601.8359336206,-65054.269002523266,-88074.08257200422,-81770.28731034276,-114115.86748215364,-779082.0410373706,-2604297.3370637177,0.0,0.0,/Users/dawid/Library/Mobile Documents/com~apple~CloudDocs/Dokumenty/Publikacje własne/Manuscripts/Quantum_interference/data/P1-MO58A_wedm_zgru_1prz.sur,82360.2271023801,810.0000000000001,809.0,532.0,655289.9999999508,Brass,MO58A,classical,128,128,0,P1,P1-MO58A_wedm_zgru_1prz,area,Wire EDM (roughing),wedm_zgru_1prz,simple
284213.9560515668,65516.57963297783,88536.39320245878,369447.0521037812,82367.20154689364,114712.78171870453,2923092.294970978,783386.5399072737,2608601.8359336206,218697.37641858897,195677.56284910804,287079.85055688757,254734.2703850767,2139705.7550637047,314490.45903735777,0.0,0.0,/Users/dawid/Library/Mobile Documents/com~apple~CloudDocs/Dokumenty/Publikacje własne/Manuscripts/Quantum_interference/data/P1-MO58A_wedm_zgru_1prz.sur,362596.0564535482,810.0000000000001,809.0,532.0,655289.9999999508,Brass,MO58A,quantum_like,128,128,0,P1,P1-MO58A_wedm_zgru_1prz,area,Wire EDM (roughing),wedm_zgru_1prz,simple
156916.53669500322,65516.57963297783,88536.39320245878,203680.1932040329,82367.20154689364,114712.78171870453,1343601.7297988073,783386.5399072737,2608601.8359336206,91399.95706202538,68380.14349254443,121312.99165713927,88967.41148532837,560215.1898915337,-1265000.106134813,0.0,0.0,/Users/dawid/Library/Mobile Documents/com~apple~CloudDocs/Dokumenty/Publikacje własne/Manuscripts/Quantum_interference/data/P1-MO58A_wedm_zgru_1prz.sur,210572.06517700027,810.0000000000001,809.0,532.0,655289.9999999508,Brass,MO58A,hybrid,128,128,0,P1,P1-MO58A_wedm_zgru_1prz,area,Wire EDM (roughing),wedm_zgru_1prz,simple
482.85084580688346,394.3015264126724,548.7149225512189,641.3867262562936,517.7272586347184,713.3317760266872,4989.763085363711,4917.252778681943,8954.240732494147,88.54931939421104,-65.86407674433549,123.65946762157523,-71.94504977039355,72.51030668176799,-3964.477647130437,0.0,0.0,/Users/dawid/Library/Mobile Documents/com~apple~CloudDocs/Dokumenty/Publikacje własne/Manuscripts/Quantum_interference/data/P1-Ti6A14V_frez_wyk.sur,818.4053202412235,810.0000000000001,809.0,532.0,655289.9999999508,Titanium,Ti6A14V,classical,128,128,0,P1,P1-Ti6A14V_frez_wyk,area,Milling (finishing),frez_wyk,simple
702.881034029745,394.3015264126724,548.7149225512189,883.9865915600567,517.7272586347184,713.3317760266872,7203.319809109774,4917.252778681943,8954.240732494147,308.57950761707264,154.16611147852612,366.25933292533824,170.65481553336946,2286.0670304278315,-1750.9209233843737,0.0,0.0,/Users/dawid/Library/Mobile Documents/com~apple~CloudDocs/Dokumenty/Publikacje własne/Manuscripts/Quantum_interference/data/P1-Ti6A14V_frez_wyk.sur,710.2495285179314,810.0000000000001,809.0,532.0,655289.9999999508,Titanium,Ti6A14V,quantum_like,128,128,0,P1,P1-Ti6A14V_frez_wyk,area,Milling (finishing),frez_wyk,simple
294.86967661813196,394.3015264126724,548.7149225512189,387.2381661084672,517.7272586347184,713.3317760266872,3105.4668596022534,4917.252778681943,8954.240732494147,-99.43184979454043,-253.84524593308697,-130.48909252625123,-326.09360991822,-1811.7859190796894,-5848.773872891894,0.0,0.0,/Users/dawid/Library/Mobile Documents/com~apple~CloudDocs/Dokumenty/Publikacje własne/Manuscripts/Quantum_interference/data/P1-Ti6A14V_frez_wyk.sur,375.203233989153,810.0000000000001,809.0,532.0,655289.9999999508,Titanium,Ti6A14V,hybrid,128,128,0,P1,P1-Ti6A14V_frez_wyk,area,Milling (finishing),frez_wyk,simple
536.5774509760126,625.0506010927907,683.9830450019091,676.7586233656624,807.6318841392836,1071.5743326150443,4895.2554870746335,15139.453792064149,70791.5363647731,-88.47315011677799,-147.40559402589636,-130.8732607736212,-394.8157092493819,-10244.198304989515,-65896.28087769846,0.0,0.0,/Users/dawid/Library/Mobile Documents/com~apple~CloudDocs/Dokumenty/Publikacje własne/Manuscripts/Quantum_interference/data/P1-Ti6A14V_frez_zgr.sur,1081.3003852632817,810.0000000000001,809.0,532.0,655289.9999999508,Titanium,Ti6A14V,classical,128,128,0,P1,P1-Ti6A14V_frez_zgr,area,Milling (roughing),frez_zgr,simple
844.986982996424,625.0506010927907,683.9830450019091,1075.8199816184551,807.6318841392836,1071.5743326150443,14779.367131137802,15139.453792064149,70791.5363647731,219.93638190363333,161.00393799451496,268.18809747917146,4.245649003410785,-360.0866609263462,-56012.169233635286,0.0,0.0,/Users/dawid/Library/Mobile Documents/com~apple~CloudDocs/Dokumenty/Publikacje własne/Manuscripts/Quantum_interference/data/P1-Ti6A14V_frez_zgr.sur,714.8983267384813,810.0000000000001,809.0,532.0,655289.9999999508,Titanium,Ti6A14V,quantum_like,128,128,0,P1,P1-Ti6A14V_frez_zgr,area,Milling (roughing),frez_zgr,simple
577.6250294719263,625.0506010927907,683.9830450019091,724.8825347477573,807.6318841392836,1071.5743326150443,5117.567507738812,15139.453792064149,70791.5363647731,-47.425571620864424,-106.35801552998281,-82.74934939152631,-346.691797867287,-10021.886284325336,-65673.96885703428,0.0,0.0,/Users/dawid/Library/Mobile Documents/com~apple~CloudDocs/Dokumenty/Publikacje własne/Manuscripts/Quantum_interference/data/P1-Ti6A14V_frez_zgr.sur,341.6945936149483,810.0000000000001,809.0,532.0,655289.9999999508,Titanium,Ti6A14V,hybrid,128,128,0,P1,P1-Ti6A14V_frez_zgr,area,Milling (roughing),frez_zgr,simple
475.5101678425893,260.54395707292446,347.8317815466067,628.1512923070524,345.8645956553334,803.7426150092576,5668.741166378043,5654.737533723961,44965.60414799983,214.96621076966483,127.67838629598259,282.286696651719,-175.59132270220528,14.003632654082057,-39296.86298162179,0.0,0.0,/Users/dawid/Library/Mobile Documents/com~apple~CloudDocs/Dokumenty/Publikacje własne/Manuscripts/Quantum_interference/data/P1-Ti6A14V_nagniat.sur,679.3837765630964,810.0000000000001,809.0,532.0,655289.9999999508,Titanium,Ti6A14V,classical,128,128,0,P1,P1-Ti6A14V_nagniat,area,Burnishing,nagniat,simple
623.323331246542,260.54395707292446,347.8317815466067,787.9758583474744,345.8645956553334,803.7426150092576,8139.419577617158,5654.737533723961,44965.60414799983,362.7793741736176,275.4915496999353,442.111262692141,-15.766756661783267,2484.6820438931973,-36826.18457038268,0.0,0.0,/Users/dawid/Library/Mobile Documents/com~apple~CloudDocs/Dokumenty/Publikacje własne/Manuscripts/Quantum_interference/data/P1-Ti6A14V_nagniat.sur,709.4847159088575,810.0000000000001,809.0,532.0,655289.9999999508,Titanium,Ti6A14V,quantum_like,128,128,0,P1,P1-Ti6A14V_nagniat,area,Burnishing,nagniat,simple
231.79262903518702,260.54395707292446,347.8317815466067,298.81680747592753,345.8645956553334,803.7426150092576,3348.77230748908,5654.737533723961,44965.60414799983,-28.751328037737423,-116.03915251141967,-47.04778817940588,-504.9258075333302,-2305.965226234881,-41616.83184051075,0.0,0.0,/Users/dawid/Library/Mobile Documents/com~apple~CloudDocs/Dokumenty/Publikacje własne/Manuscripts/Quantum_interference/data/P1-Ti6A14V_nagniat.sur,262.05422658943246,810.0000000000001,809.0,532.0,655289.9999999508,Titanium,Ti6A14V,hybrid,128,128,0,P1,P1-Ti6A14V_nagniat,area,Burnishing,nagniat,simple
321.8296479443582,72.73920855823944,120.19932196150366,460.0881412590126,89.69502409341109,143.5085523769773,4604.774669044435,1262.9488186683218,3825.7073651355636,249.09043938611876,201.63032598285454,370.39311716560155,316.57958888203535,3341.8258503761126,779.0673039088709,0.0,0.0,/Users/dawid/Library/Mobile Documents/com~apple~CloudDocs/Dokumenty/Publikacje własne/Manuscripts/Quantum_interference/data/P1-Ti6A14V_t_wyk.sur,463.8145621589877,810.0000000000001,809.0,532.0,655289.9999999508,Titanium,Ti6A14V,classical,128,128,0,P1,P1-Ti6A14V_t_wyk,area,Turning (finishing),t_wyk,simple
569.4409170488944,72.73920855823944,120.19932196150366,712.2797786641107,89.69502409341109,143.5085523769773,5588.958454702506,1262.9488186683218,3825.7073651355636,496.70170849065494,449.2415950873908,622.5847545706996,568.7712262871335,4326.009636034184,1763.2510895669425,0.0,0.0,/Users/dawid/Library/Mobile Documents/com~apple~CloudDocs/Dokumenty/Publikacje własne/Manuscripts/Quantum_interference/data/P1-Ti6A14V_t_wyk.sur,707.3556261760066,810.0000000000001,809.0,532.0,655289.9999999508,Titanium,Ti6A14V,quantum_like,128,128,0,P1,P1-Ti6A14V_t_wyk,area,Turning (finishing),t_wyk,simple
129.09631581267752,72.73920855823944,120.19932196150366,164.19271981873678,89.69502409341109,143.5085523769773,1271.6525842530925,1262.9488186683218,3825.7073651355636,56.35710725443808,8.896993851173857,74.4976957253257,20.6841674417595,8.703765584770812,-2554.054780882471,0.0,0.0,/Users/dawid/Library/Mobile Documents/com~apple~CloudDocs/Dokumenty/Publikacje własne/Manuscripts/Quantum_interference/data/P1-Ti6A14V_t_wyk.sur,171.66314030427495,810.0000000000001,809.0,532.0,655289.9999999508,Titanium,Ti6A14V,hybrid,128,128,0,P1,P1-Ti6A14V_t_wyk,area,Turning (finishing),t_wyk,simple
472.8725251550546,2780.2280117639352,3004.2986216553054,611.4483030360708,3169.073316513922,3551.4597919526173,4150.831078272266,15742.41159389728,70976.5955354702,-2307.355486608881,-2531.426096500251,-2557.625013477851,-2940.0114889165466,-11591.580515625015,-66825.76445719795,0.0,0.0,/Users/dawid/Library/Mobile Documents/com~apple~CloudDocs/Dokumenty/Publikacje własne/Manuscripts/Quantum_interference/data/P1-Ti6A14V_t_zgrub.sur,3224.5521374836417,810.0000000000001,809.0,532.0,655289.9999999508,Titanium,Ti6A14V,classical,128,128,0,P1,P1-Ti6A14V_t_zgrub,area,Turning (roughing),t_zgrub,simple
2821.541163899547,2780.2280117639352,3004.2986216553054,3252.084046947168,3169.073316513922,3551.4597919526173,16018.100575881537,15742.41159389728,70976.5955354702,41.313152135611446,-182.7574577557587,83.0107304332464,-299.37574500544946,275.6889819842577,-54958.494959588665,0.0,0.0,/Users/dawid/Library/Mobile Documents/com~apple~CloudDocs/Dokumenty/Publikacje własne/Manuscripts/Quantum_interference/data/P1-Ti6A14V_t_zgrub.sur,711.5107822202069,810.0000000000001,809.0,532.0,655289.9999999508,Titanium,Ti6A14V,quantum_like,128,128,0,P1,P1-Ti6A14V_t_zgrub,area,Turning (roughing),t_zgrub,simple
752.2240945377853,2780.2280117639352,3004.2986216553054,926.3758405609456,3169.073316513922,3551.4597919526173,6459.555981070235,15742.41159389728,70976.5955354702,-2028.0039172261502,-2252.0745271175206,-2242.697475952976,-2625.0839513916717,-9282.855612827045,-64517.03955439996,0.0,0.0,/Users/dawid/Library/Mobile Documents/com~apple~CloudDocs/Dokumenty/Publikacje własne/Manuscripts/Quantum_interference/data/P1-Ti6A14V_t_zgrub.sur,2631.82995444349,810.0000000000001,809.0,532.0,655289.9999999508,Titanium,Ti6A14V,hybrid,128,128,0,P1,P1-Ti6A14V_t_zgrub,area,Turning (roughing),t_zgrub,simple
414.44876871961475,187.7625184968074,409.00644899786334,556.421210207062,229.72653627268306,520.0834351728039,4528.765301815854,2265.5150925224166,19334.36500722471,226.6862502228074,5.44231972175145,326.69467393437895,36.33777503425814,2263.250209293438,-14805.599705408855,0.0,0.0,/Users/dawid/Library/Mobile Documents/com~apple~CloudDocs/Dokumenty/Publikacje własne/Manuscripts/Quantum_interference/data/P1-Ti6A14V_wedm_wyk.sur,628.0407961852164,810.0000000000001,809.0,532.0,655289.9999999508,Titanium,Ti6A14V,classical,128,128,0,P1,P1-Ti6A14V_wedm_wyk,area,Wire EDM (finishing),wedm_wyk,simple
589.4893427389536,187.7625184968074,409.00644899786334,738.7909532113684,229.72653627268306,520.0834351728039,5942.4745055210715,2265.5150925224166,19334.36500722471,401.72682424214617,180.48289374109024,509.0644169386853,218.70751803856453,3676.9594129986544,-13391.890501703638,0.0,0.0,/Users/dawid/Library/Mobile Documents/com~apple~CloudDocs/Dokumenty/Publikacje własne/Manuscripts/Quantum_interference/data/P1-Ti6A14V_wedm_wyk.sur,702.0558574108425,810.0000000000001,809.0,532.0,655289.9999999508,Titanium,Ti6A14V,quantum_like,128,128,0,P1,P1-Ti6A14V_wedm_wyk,area,Wire EDM (finishing),wedm_wyk,simple
211.05192052687943,187.7625184968074,409.00644899786334,257.86048484138007,229.72653627268306,520.0834351728039,1729.8240040712683,2265.5150925224166,19334.36500722471,23.289402030072047,-197.9545284709839,28.133948568697022,-262.2229503314238,-535.6910884511485,-17604.54100315344,0.0,0.0,/Users/dawid/Library/Mobile Documents/com~apple~CloudDocs/Dokumenty/Publikacje własne/Manuscripts/Quantum_interference/data/P1-Ti6A14V_wedm_wyk.sur,176.4906700822836,810.0000000000001,809.0,532.0,655289.9999999508,Titanium,Ti6A14V,hybrid,128,128,0,P1,P1-Ti6A14V_wedm_wyk,area,Wire EDM (finishing),wedm_wyk,simple
551.195865004448,2873.856342182194,4401.629858763449,705.4065705783631,3642.868069545333,5552.950033863544,4855.114281681848,33839.146879972395,73584.54434948617,-2322.660477177746,-3850.433993759001,-2937.4614989669694,-4847.543463285181,-28984.03259829055,-68729.43006780432,0.0,0.0,/Users/dawid/Library/Mobile Documents/com~apple~CloudDocs/Dokumenty/Publikacje własne/Manuscripts/Quantum_interference/data/P1-Ti6A14V_wedm_zgru_1prz.sur,3725.1761840109334,810.0000000000001,809.0,532.0,655289.9999999508,Titanium,Ti6A14V,classical,128,128,0,P1,P1-Ti6A14V_wedm_zgru_1prz,area,Wire EDM (roughing),wedm_zgru_1prz,simple
2930.8010709690802,2873.856342182194,4401.629858763449,3715.3922118505766,3642.868069545333,5552.950033863544,35267.6218525078,33839.146879972395,73584.54434948617,56.944728786885854,-1470.8287877943694,72.52414230524384,-1837.5578220129678,1428.4749725354038,-38316.922496978375,0.0,0.0,/Users/dawid/Library/Mobile Documents/com~apple~CloudDocs/Dokumenty/Publikacje własne/Manuscripts/Quantum_interference/data/P1-Ti6A14V_wedm_zgru_1prz.sur,711.2951078497574,810.0000000000001,809.0,532.0,655289.9999999508,Titanium,Ti6A14V,quantum_like,128,128,0,P1,P1-Ti6A14V_wedm_zgru_1prz,area,Wire EDM (roughing),wedm_zgru_1prz,simple
985.002788821863,2873.856342182194,4401.629858763449,1242.1098640969285,3642.868069545333,5552.950033863544,9375.431551456522,33839.146879972395,73584.54434948617,-1888.8535533603313,-3416.627069941587,-2400.7582054484046,-4310.840169766616,-24463.715328515875,-64209.112798029644,0.0,0.0,/Users/dawid/Library/Mobile Documents/com~apple~CloudDocs/Dokumenty/Publikacje własne/Manuscripts/Quantum_interference/data/P1-Ti6A14V_wedm_zgru_1prz.sur,3091.910445652854,810.0000000000001,809.0,532.0,655289.9999999508,Titanium,Ti6A14V,hybrid,128,128,0,P1,P1-Ti6A14V_wedm_zgru_1prz,area,Wire EDM (roughing),wedm_zgru_1prz,simple
349.368233245193,292.8234682154769,313.44194181447756,449.9623881989681,391.49808141538256,820.2161239650844,3798.892148200022,4505.378100238415,41617.377154131675,56.54476502971606,35.92629143071543,58.46430678358548,-370.25373576611634,-706.4859520383933,-37818.48500593165,0.0,0.0,/Users/dawid/Library/Mobile Documents/com~apple~CloudDocs/Dokumenty/Publikacje własne/Manuscripts/Quantum_interference/data/Ti_oselkowane.sur,527.4532510873186,810.0000000000001,809.0,532.0,655289.9999999508,Titanium,Ti,classical,128,128,0,,Ti_oselkowane,area,Honed,oselkowane,simple
640.2918254729673,292.8234682154769,313.44194181447756,807.5908957332013,391.49808141538256,820.2161239650844,8002.108178263845,4505.378100238415,41617.377154131675,347.4683572574903,326.8498836584897,416.0928143178187,-12.625228231883133,3496.7300780254295,-33615.26897586783,0.0,0.0,/Users/dawid/Library/Mobile Documents/com~apple~CloudDocs/Dokumenty/Publikacje własne/Manuscripts/Quantum_interference/data/Ti_oselkowane.sur,706.9914430545865,810.0000000000001,809.0,532.0,655289.9999999508,Titanium,Ti,quantum_like,128,128,0,,Ti_oselkowane,area,Honed,oselkowane,simple
303.22974612509955,292.8234682154769,313.44194181447756,379.3103984585156,391.49808141538256,820.2161239650844,2847.825837707647,4505.378100238415,41617.377154131675,10.40627790962264,-10.212195689377992,-12.187682956866983,-440.9057255065688,-1657.5522625307676,-38769.551316424026,0.0,0.0,/Users/dawid/Library/Mobile Documents/com~apple~CloudDocs/Dokumenty/Publikacje własne/Manuscripts/Quantum_interference/data/Ti_oselkowane.sur,206.42059525251028,810.0000000000001,809.0,532.0,655289.9999999508,Titanium,Ti,hybrid,128,128,0,,Ti_oselkowane,area,Honed,oselkowane,simple
476.7544771924045,338.96263973004255,362.86787323690766,639.2279039170872,420.212672572167,450.1454615793234,5034.962071161801,2453.5166397704174,5483.871984749424,137.79183746236194,113.88660395549682,219.01523134492032,189.08244233776387,2581.445431391383,-448.9099135876239,0.0,0.0,/Users/dawid/Library/Mobile Documents/com~apple~CloudDocs/Dokumenty/Publikacje własne/Manuscripts/Quantum_interference/data/Ti_szkielkowane.sur,718.2323832679746,810.0000000000001,809.0,532.0,655289.9999999508,Titanium,Ti,classical,128,128,0,,Ti_szkielkowane,area,Glass bead blasted,szkielkowane,simple
668.9720990555003,338.96263973004255,362.86787323690766,838.4629723827188,420.212672572167,450.1454615793234,6868.972254766223,2453.5166397704174,5483.871984749424,330.0094593254578,306.1042258185926,418.2502998105519,388.31751080339546,4415.455614995805,1385.1002700167983,0.0,0.0,/Users/dawid/Library/Mobile Documents/com~apple~CloudDocs/Dokumenty/Publikacje własne/Manuscripts/Quantum_interference/data/Ti_szkielkowane.sur,720.4784356740535,810.0000000000001,809.0,532.0,655289.9999999508,Titanium,Ti,quantum_like,128,128,0,,Ti_szkielkowane,area,Glass bead blasted,szkielkowane,simple
339.5576880325749,338.96263973004255,362.86787323690766,423.34810658608956,420.212672572167,450.1454615793234,2632.9002809206095,2453.5166397704174,5483.871984749424,0.5950483025323507,-23.31018520433277,3.135434013922595,-26.79735499323384,179.38364115019226,-2850.971703828815,0.0,0.0,/Users/dawid/Library/Mobile Documents/com~apple~CloudDocs/Dokumenty/Publikacje własne/Manuscripts/Quantum_interference/data/Ti_szkielkowane.sur,196.11098271385873,810.0000000000001,809.0,532.0,655289.9999999508,Titanium,Ti,hybrid,128,128,0,,Ti_szkielkowane,area,Glass bead blasted,szkielkowane,simple
474.02922218886044,254.93172604233274,269.0687259091993,634.5899593675782,312.6353528862162,332.064684239527,4877.42083740852,1911.0681863074342,3640.405667431295,219.09749614652773,204.9604962796611,321.954606481362,302.52527512805125,2966.352651101086,1237.015169977225,0.0,0.0,/Users/dawid/Library/Mobile Documents/com~apple~CloudDocs/Dokumenty/Publikacje własne/Manuscripts/Quantum_interference/data/Ti_szlifowane.sur,721.106059829673,810.0000000000001,809.0,532.0,655289.9999999508,Titanium,Ti,classical,128,128,0,,Ti_szlifowane,area,Grinding,szlifowane,simple
620.564720458223,254.93172604233274,269.0687259091993,775.3246537196026,312.6353528862162,332.064684239527,6074.672168717413,1911.0681863074342,3640.405667431295,365.63299441589027,351.49599454902364,462.6893008333863,443.25996948007554,4163.60398240998,2434.2665012861185,0.0,0.0,/Users/dawid/Library/Mobile Documents/com~apple~CloudDocs/Dokumenty/Publikacje własne/Manuscripts/Quantum_interference/data/Ti_szlifowane.sur,704.6602739097473,810.0000000000001,809.0,532.0,655289.9999999508,Titanium,Ti,quantum_like,128,128,0,,Ti_szlifowane,area,Grinding,szlifowane,simple
265.21592815961367,254.93172604233274,269.0687259091993,324.82027214607075,312.6353528862162,332.064684239527,2179.338072241056,1911.0681863074342,3640.405667431295,10.284202117280929,-3.8527977495856773,12.184919259854512,-7.2444120934562894,268.2698859336221,-1461.0675951902388,0.0,0.0,/Users/dawid/Library/Mobile Documents/com~apple~CloudDocs/Dokumenty/Publikacje własne/Manuscripts/Quantum_interference/data/Ti_szlifowane.sur,183.49495119073273,810.0000000000001,809.0,532.0,655289.9999999508,Titanium,Ti,hybrid,128,128,0,,Ti_szlifowane,area,Grinding,szlifowane,simple
