Sa_est_nm,Sa_true_bw_nm,Sa_true_nm,Sq_est_nm,Sq_true_bw_nm,Sq_true_nm,Sz_est_nm,Sz_true_bw_nm,Sz_true_nm,amplitude_drift_frac,background_drift_frac,bias_Sa_bw_nm,bias_Sa_nm,bias_Sq_bw_nm,bias_Sq_nm,bias_Sz_bw_nm,bias_Sz_nm,deadtime1_s,deadtime2_s,file,height_rmse_nm,lambda1_nm,lambda2_nm,lambda_class_nm,lambda_eff_nm,material,material_code,method,nx,ny,phase_step_sigma_deg,rep,sample_group,stem,sur_resample,treatment,treatment_code,unwrap_method
686.5948308035955,364.8550085944905,382.78488492918075,893.5967767358325,522.5751367826276,924.2360826616774,7041.291735013268,12115.076009263661,44222.947324976805,0.05,0.05,321.73982220910494,303.8099458744147,371.0216399532049,-30.639305925844845,-5073.784274250392,-37181.655589963535,0.0,0.0,/Users/dawid/Library/Mobile Documents/com~apple~CloudDocs/Dokumenty/Publikacje własne/Manuscripts/Quantum_interference/data/1.4301_oselkowane.sur,1042.7992825521064,810.0000000000001,809.0,532.0,655289.9999999508,Stainless steel 1.4301 (AISI 304),1.4301,classical,256,256,0.0,0,,1.4301_oselkowane,area,Honed,oselkowane,simple
736539.4759327993,364.8550085944905,382.78488492918075,996056.2090418524,522.5751367826276,924.2360826616774,9277989.248205232,12115.076009263661,44222.947324976805,0.05,0.05,736174.6209242048,736156.6910478702,995533.6339050698,995131.9729591906,9265874.172195967,9233766.300880253,0.0,0.0,/Users/dawid/Library/Mobile Documents/com~apple~CloudDocs/Dokumenty/Publikacje własne/Manuscripts/Quantum_interference/data/1.4301_oselkowane.sur,996057.5863151801,810.0000000000001,809.0,532.0,655289.9999999508,Stainless steel 1.4301 (AISI 304),1.4301,quantum_like,256,256,0.0,0,,1.4301_oselkowane,area,Honed,oselkowane,simple
345523.0873235788,364.8550085944905,382.78488492918075,452875.484386977,522.5751367826276,924.2360826616774,3381337.862592063,12115.076009263661,44222.947324976805,0.05,0.05,345158.23231498426,345140.3024386496,452352.9092501943,451951.24830431526,3369222.786582799,3337114.915267086,0.0,0.0,/Users/dawid/Library/Mobile Documents/com~apple~CloudDocs/Dokumenty/Publikacje własne/Manuscripts/Quantum_interference/data/1.4301_oselkowane.sur,452885.73214006826,810.0000000000001,809.0,532.0,655289.9999999508,Stainless steel 1.4301 (AISI 304),1.4301,hybrid,256,256,0.0,0,,1.4301_oselkowane,area,Honed,oselkowane,simple
686.1040197074561,364.8550085944905,382.78488492918075,891.932491777258,522.5751367826276,924.2360826616774,7036.391835377765,12115.076009263661,44222.947324976805,0.05,0.05,321.2490111129656,303.3191347782754,369.3573549946303,-32.303590884419386,-5078.684173885895,-37186.55548959904,0.0,0.0,/Users/dawid/Library/Mobile Documents/com~apple~CloudDocs/Dokumenty/Publikacje własne/Manuscripts/Quantum_interference/data/1.4301_oselkowane.sur,1041.1731213512212,810.0000000000001,809.0,532.0,655289.9999999508,Stainless steel 1.4301 (AISI 304),1.4301,classical,256,256,0.0,1,,1.4301_oselkowane,area,Honed,oselkowane,simple
700237.4784214105,364.8550085944905,382.78488492918075,935080.4511811244,522.5751367826276,924.2360826616774,7730839.701821967,12115.076009263661,44222.947324976805,0.05,0.05,699872.6234128161,699854.6935364815,934557.8760443418,934156.2150984626,7718724.625812703,7686616.75449699,0.0,0.0,/Users/dawid/Library/Mobile Documents/com~apple~CloudDocs/Dokumenty/Publikacje własne/Manuscripts/Quantum_interference/data/1.4301_oselkowane.sur,935084.3384578773,810.0000000000001,809.0,532.0,655289.9999999508,Stainless steel 1.4301 (AISI 304),1.4301,quantum_like,256,256,0.0,1,,1.4301_oselkowane,area,Honed,oselkowane,simple
314802.05343329295,364.8550085944905,382.78488492918075,417481.73529102514,522.5751367826276,924.2360826616774,3520397.381256186,12115.076009263661,44222.947324976805,0.05,0.05,314437.19842469844,314419.26854836376,416959.16015424253,416557.4992083635,3508282.3052469227,3476174.4339312096,0.0,0.0,/Users/dawid/Library/Mobile Documents/com~apple~CloudDocs/Dokumenty/Publikacje własne/Manuscripts/Quantum_interference/data/1.4301_oselkowane.sur,417489.0754968155,810.0000000000001,809.0,532.0,655289.9999999508,Stainless steel 1.4301 (AISI 304),1.4301,hybrid,256,256,0.0,1,,1.4301_oselkowane,area,Honed,oselkowane,simple
685.4607977393474,364.8550085944905,382.78488492918075,888.7024379787135,522.5751367826276,924.2360826616774,6993.476571785559,12115.076009263661,44222.947324976805,0.05,0.05,320.6057891448569,302.67591281016666,366.1273011960859,-35.53364468296382,-5121.599437478101,-37229.47075319124,0.0,0.0,/Users/dawid/Library/Mobile Documents/com~apple~CloudDocs/Dokumenty/Publikacje własne/Manuscripts/Quantum_interference/data/1.4301_oselkowane.sur,1038.1574738201675,810.0000000000001,809.0,532.0,655289.9999999508,Stainless steel 1.4301 (AISI 304),1.4301,classical,256,256,0.0,2,,1.4301_oselkowane,area,Honed,oselkowane,simple
696417.5489895332,364.8550085944905,382.78488492918075,932756.034269484,522.5751367826276,924.2360826616774,7499474.465164489,12115.076009263661,44222.947324976805,0.05,0.05,696052.6939809388,696034.7641046041,932233.4591327015,931831.7981868223,7487359.389155225,7455251.517839512,0.0,0.0,/Users/dawid/Library/Mobile Documents/com~apple~CloudDocs/Dokumenty/Publikacje własne/Manuscripts/Quantum_interference/data/1.4301_oselkowane.sur,932759.2113516097,810.0000000000001,809.0,532.0,655289.9999999508,Stainless steel 1.4301 (AISI 304),1.4301,quantum_like,256,256,0.0,2,,1.4301_oselkowane,area,Honed,oselkowane,simple
282999.88800875423,364.8550085944905,382.78488492918075,373852.6267984979,522.5751367826276,924.2360826616774,2935153.1286238385,12115.076009263661,44222.947324976805,0.05,0.05,282635.0330001597,282617.10312382504,373330.05166171526,372928.3907158362,2923038.052614575,2890930.1812988617,0.0,0.0,/Users/dawid/Library/Mobile Documents/com~apple~CloudDocs/Dokumenty/Publikacje własne/Manuscripts/Quantum_interference/data/1.4301_oselkowane.sur,373844.8503219581,810.0000000000001,809.0,532.0,655289.9999999508,Stainless steel 1.4301 (AISI 304),1.4301,hybrid,256,256,0.0,2,,1.4301_oselkowane,area,Honed,oselkowane,simple
690.8509105434556,364.8550085944905,382.78488492918075,895.3934079022084,522.5751367826276,924.2360826616774,7038.104076977153,12115.076009263661,44222.947324976805,0.05,0.05,325.99590194896507,308.06602561427485,372.8182711195808,-28.842674759468956,-5076.971932286507,-37184.84324799965,0.0,0.0,/Users/dawid/Library/Mobile Documents/com~apple~CloudDocs/Dokumenty/Publikacje własne/Manuscripts/Quantum_interference/data/1.4301_oselkowane.sur,1044.5731293793872,810.0000000000001,809.0,532.0,655289.9999999508,Stainless steel 1.4301 (AISI 304),1.4301,classical,256,256,0.0,3,,1.4301_oselkowane,area,Honed,oselkowane,simple
719334.8080669134,364.8550085944905,382.78488492918075,948417.7765823225,522.5751367826276,924.2360826616774,7887141.083972488,12115.076009263661,44222.947324976805,0.05,0.05,718969.9530583188,718952.0231819842,947895.20144554,947493.5404996609,7875026.007963224,7842918.13664751,0.0,0.0,/Users/dawid/Library/Mobile Documents/com~apple~CloudDocs/Dokumenty/Publikacje własne/Manuscripts/Quantum_interference/data/1.4301_oselkowane.sur,948416.4288957971,810.0000000000001,809.0,532.0,655289.9999999508,Stainless steel 1.4301 (AISI 304),1.4301,quantum_like,256,256,0.0,3,,1.4301_oselkowane,area,Honed,oselkowane,simple
281521.61072540964,364.8550085944905,382.78488492918075,378385.5247441331,522.5751367826276,924.2360826616774,3266887.952787546,12115.076009263661,44222.947324976805,0.05,0.05,281156.7557168151,281138.82584048045,377862.94960735046,377461.2886614714,3254772.876778282,3222665.005462569,0.0,0.0,/Users/dawid/Library/Mobile Documents/com~apple~CloudDocs/Dokumenty/Publikacje własne/Manuscripts/Quantum_interference/data/1.4301_oselkowane.sur,378381.90227131755,810.0000000000001,809.0,532.0,655289.9999999508,Stainless steel 1.4301 (AISI 304),1.4301,hybrid,256,256,0.0,3,,1.4301_oselkowane,area,Honed,oselkowane,simple
657.3445857130811,357.6011094818264,453.17839917015544,848.9370732795836,439.57733820095774,539.7002414210604,6053.215360535644,2678.634068318592,4309.3120301784875,0.05,0.05,299.74347623125465,204.1661865429256,409.3597350786259,309.2368318585233,3374.5812922170526,1743.9033303571568,0.0,0.0,/Users/dawid/Library/Mobile Documents/com~apple~CloudDocs/Dokumenty/Publikacje własne/Manuscripts/Quantum_interference/data/1.4301_szkielkowane.sur,960.1242020982764,810.0000000000001,809.0,532.0,655289.9999999508,Stainless steel 1.4301 (AISI 304),1.4301,classical,256,256,0.0,0,,1.4301_szkielkowane,area,Glass bead blasted,szkielkowane,simple
847663.281214865,357.6011094818264,453.17839917015544,1112239.968890787,439.57733820095774,539.7002414210604,11238697.31555694,2678.634068318592,4309.3120301784875,0.05,0.05,847305.6801053832,847210.1028156948,1111800.391552586,1111700.2686493662,11236018.681488622,11234388.003526762,0.0,0.0,/Users/dawid/Library/Mobile Documents/com~apple~CloudDocs/Dokumenty/Publikacje własne/Manuscripts/Quantum_interference/data/1.4301_szkielkowane.sur,1112256.3903667107,810.0000000000001,809.0,532.0,655289.9999999508,Stainless steel 1.4301 (AISI 304),1.4301,quantum_like,256,256,0.0,0,,1.4301_szkielkowane,area,Glass bead blasted,szkielkowane,simple
466770.41005506006,357.6011094818264,453.17839917015544,606004.891846577,439.57733820095774,539.7002414210604,4856058.865149731,2678.634068318592,4309.3120301784875,0.05,0.05,466412.8089455782,466317.2316558899,605565.3145083761,605465.1916051559,4853380.231081412,4851749.553119551,0.0,0.0,/Users/dawid/Library/Mobile Documents/com~apple~CloudDocs/Dokumenty/Publikacje własne/Manuscripts/Quantum_interference/data/1.4301_szkielkowane.sur,606034.7938980418,810.0000000000001,809.0,532.0,655289.9999999508,Stainless steel 1.4301 (AISI 304),1.4301,hybrid,256,256,0.0,0,,1.4301_szkielkowane,area,Glass bead blasted,szkielkowane,simple
658.2327712928004,357.6011094818264,453.17839917015544,852.631377517623,439.57733820095774,539.7002414210604,6452.079587653391,2678.634068318592,4309.3120301784875,0.05,0.05,300.63166181097404,205.054372122645,413.0540393166653,312.9311360965627,3773.445519334799,2142.7675574749032,0.0,0.0,/Users/dawid/Library/Mobile Documents/com~apple~CloudDocs/Dokumenty/Publikacje własne/Manuscripts/Quantum_interference/data/1.4301_szkielkowane.sur,963.4407051342442,810.0000000000001,809.0,532.0,655289.9999999508,Stainless steel 1.4301 (AISI 304),1.4301,classical,256,256,0.0,1,,1.4301_szkielkowane,area,Glass bead blasted,szkielkowane,simple
765947.6227100313,357.6011094818264,453.17839917015544,1001296.3579762997,439.57733820095774,539.7002414210604,8052877.419483799,2678.634068318592,4309.3120301784875,0.05,0.05,765590.0216005495,765494.4443108612,1000856.7806380987,1000756.6577348787,8050198.785415479,8048568.10745362,0.0,0.0,/Users/dawid/Library/Mobile Documents/com~apple~CloudDocs/Dokumenty/Publikacje własne/Manuscripts/Quantum_interference/data/1.4301_szkielkowane.sur,1001301.2894806887,810.0000000000001,809.0,532.0,655289.9999999508,Stainless steel 1.4301 (AISI 304),1.4301,quantum_like,256,256,0.0,1,,1.4301_szkielkowane,area,Glass bead blasted,szkielkowane,simple
353100.68418255233,357.6011094818264,453.17839917015544,461140.9266243828,439.57733820095774,539.7002414210604,3193381.9388588965,2678.634068318592,4309.3120301784875,0.05,0.05,352743.0830730705,352647.50578338216,460701.3492861818,460601.2263829617,3190703.304790578,3189072.6268287175,0.0,0.0,/Users/dawid/Library/Mobile Documents/com~apple~CloudDocs/Dokumenty/Publikacje własne/Manuscripts/Quantum_interference/data/1.4301_szkielkowane.sur,461151.89438576176,810.0000000000001,809.0,532.0,655289.9999999508,Stainless steel 1.4301 (AISI 304),1.4301,hybrid,256,256,0.0,1,,1.4301_szkielkowane,area,Glass bead blasted,szkielkowane,simple
651.4529295625417,357.6011094818264,453.17839917015544,844.5596960288331,439.57733820095774,539.7002414210604,6195.077858446223,2678.634068318592,4309.3120301784875,0.05,0.05,293.85182008071536,198.27453039238634,404.9823578278753,304.85945460777276,3516.4437901276306,1885.7658282677353,0.0,0.0,/Users/dawid/Library/Mobile Documents/com~apple~CloudDocs/Dokumenty/Publikacje własne/Manuscripts/Quantum_interference/data/1.4301_szkielkowane.sur,955.5024495250515,810.0000000000001,809.0,532.0,655289.9999999508,Stainless steel 1.4301 (AISI 304),1.4301,classical,256,256,0.0,2,,1.4301_szkielkowane,area,Glass bead blasted,szkielkowane,simple
754726.7397048458,357.6011094818264,453.17839917015544,1005476.3621272559,439.57733820095774,539.7002414210604,7816017.844720371,2678.634068318592,4309.3120301784875,0.05,0.05,754369.1385953639,754273.5613056757,1005036.7847890549,1004936.6618858349,7813339.210652052,7811708.532690193,0.0,0.0,/Users/dawid/Library/Mobile Documents/com~apple~CloudDocs/Dokumenty/Publikacje własne/Manuscripts/Quantum_interference/data/1.4301_szkielkowane.sur,1005484.0725138583,810.0000000000001,809.0,532.0,655289.9999999508,Stainless steel 1.4301 (AISI 304),1.4301,quantum_like,256,256,0.0,2,,1.4301_szkielkowane,area,Glass bead blasted,szkielkowane,simple
354240.19447579514,357.6011094818264,453.17839917015544,460630.17047957244,439.57733820095774,539.7002414210604,3563289.041468056,2678.634068318592,4309.3120301784875,0.05,0.05,353882.5933663133,353787.016076625,460190.59314137144,460090.4702381513,3560610.4073997373,3558979.729437877,0.0,0.0,/Users/dawid/Library/Mobile Documents/com~apple~CloudDocs/Dokumenty/Publikacje własne/Manuscripts/Quantum_interference/data/1.4301_szkielkowane.sur,460646.11492732976,810.0000000000001,809.0,532.0,655289.9999999508,Stainless steel 1.4301 (AISI 304),1.4301,hybrid,256,256,0.0,2,,1.4301_szkielkowane,area,Glass bead blasted,szkielkowane,simple
663.8229244436702,357.6011094818264,453.17839917015544,859.3059241762921,439.57733820095774,539.7002414210604,6419.075914601512,2678.634068318592,4309.3120301784875,0.05,0.05,306.2218149618438,210.64452527351477,419.72858597533445,319.6056827552319,3740.4418462829194,2109.7638844230237,0.0,0.0,/Users/dawid/Library/Mobile Documents/com~apple~CloudDocs/Dokumenty/Publikacje własne/Manuscripts/Quantum_interference/data/1.4301_szkielkowane.sur,972.5867201646762,810.0000000000001,809.0,532.0,655289.9999999508,Stainless steel 1.4301 (AISI 304),1.4301,classical,256,256,0.0,3,,1.4301_szkielkowane,area,Glass bead blasted,szkielkowane,simple
838944.2223110854,357.6011094818264,453.17839917015544,1102143.189972308,439.57733820095774,539.7002414210604,9413741.645599449,2678.634068318592,4309.3120301784875,0.05,0.05,838586.6212016036,838491.0439119153,1101703.612634107,1101603.4897308869,9411063.01153113,9409432.33356927,0.0,0.0,/Users/dawid/Library/Mobile Documents/com~apple~CloudDocs/Dokumenty/Publikacje własne/Manuscripts/Quantum_interference/data/1.4301_szkielkowane.sur,1102143.2006339356,810.0000000000001,809.0,532.0,655289.9999999508,Stainless steel 1.4301 (AISI 304),1.4301,quantum_like,256,256,0.0,3,,1.4301_szkielkowane,area,Glass bead blasted,szkielkowane,simple
488464.77566057286,357.6011094818264,453.17839917015544,620622.1370260936,439.57733820095774,539.7002414210604,4626291.424014828,2678.634068318592,4309.3120301784875,0.05,0.05,488107.17455109104,488011.5972614027,620182.5596878926,620082.4367846724,4623612.7899465095,4621982.111984649,0.0,0.0,/Users/dawid/Library/Mobile Documents/com~apple~CloudDocs/Dokumenty/Publikacje własne/Manuscripts/Quantum_interference/data/1.4301_szkielkowane.sur,620622.2103326342,810.0000000000001,809.0,532.0,655289.9999999508,Stainless steel 1.4301 (AISI 304),1.4301,hybrid,256,256,0.0,3,,1.4301_szkielkowane,area,Glass bead blasted,szkielkowane,simple
175.62241617458557,30.413699462010378,33.84118699522956,253.77645218083845,37.45328524655293,41.899689585882065,2802.8528157112214,266.08343313585567,417.17396197934573,0.05,0.05,145.20871671257518,141.781229179356,216.32316693428552,211.87676259495638,2536.7693825753654,2385.6788537318757,0.0,0.0,/Users/dawid/Library/Mobile Documents/com~apple~CloudDocs/Dokumenty/Publikacje własne/Manuscripts/Quantum_interference/data/1.4301_szlifowane.sur,249.21893528243515,810.0000000000001,809.0,532.0,655289.9999999508,Stainless steel 1.4301 (AISI 304),1.4301,classical,256,256,0.0,0,,1.4301_szlifowane,area,Grinding,szlifowane,simple
839087.0925915872,30.413699462010378,33.84118699522956,1075449.543741388,37.45328524655293,41.899689585882065,8278470.14569397,266.08343313585567,417.17396197934573,0.05,0.05,839056.6788921253,839053.251404592,1075412.0904561414,1075407.644051802,8278204.0622608345,8278052.971731991,0.0,0.0,/Users/dawid/Library/Mobile Documents/com~apple~CloudDocs/Dokumenty/Publikacje własne/Manuscripts/Quantum_interference/data/1.4301_szlifowane.sur,1075451.2005618992,810.0000000000001,809.0,532.0,655289.9999999508,Stainless steel 1.4301 (AISI 304),1.4301,quantum_like,256,256,0.0,0,,1.4301_szlifowane,area,Grinding,szlifowane,simple
464583.34732886375,30.413699462010378,33.84118699522956,565057.9044248294,37.45328524655293,41.899689585882065,3867429.194728015,266.08343313585567,417.17396197934573,0.05,0.05,464552.9336294018,464549.50614186854,565020.4511395829,565016.0047352435,3867163.111294879,3867012.0207660357,0.0,0.0,/Users/dawid/Library/Mobile Documents/com~apple~CloudDocs/Dokumenty/Publikacje własne/Manuscripts/Quantum_interference/data/1.4301_szlifowane.sur,565061.0032641853,810.0000000000001,809.0,532.0,655289.9999999508,Stainless steel 1.4301 (AISI 304),1.4301,hybrid,256,256,0.0,0,,1.4301_szlifowane,area,Grinding,szlifowane,simple
177.5098592690595,30.413699462010378,33.84118699522956,254.51428818219082,37.45328524655293,41.899689585882065,2791.4721334293413,266.08343313585567,417.17396197934573,0.05,0.05,147.0961598070491,143.6686722738299,217.06100293563787,212.61459859630875,2525.3887002934857,2374.2981714499956,0.0,0.0,/Users/dawid/Library/Mobile Documents/com~apple~CloudDocs/Dokumenty/Publikacje własne/Manuscripts/Quantum_interference/data/1.4301_szlifowane.sur,249.87450708971815,810.0000000000001,809.0,532.0,655289.9999999508,Stainless steel 1.4301 (AISI 304),1.4301,classical,256,256,0.0,1,,1.4301_szlifowane,area,Grinding,szlifowane,simple
883330.1494988874,30.413699462010378,33.84118699522956,1145454.9283907386,37.45328524655293,41.899689585882065,10295816.084784346,266.08343313585567,417.17396197934573,0.05,0.05,883299.7357994253,883296.3083118921,1145417.475105492,1145413.0287011527,10295550.00135121,10295398.910822365,0.0,0.0,/Users/dawid/Library/Mobile Documents/com~apple~CloudDocs/Dokumenty/Publikacje własne/Manuscripts/Quantum_interference/data/1.4301_szlifowane.sur,1145454.1038923545,810.0000000000001,809.0,532.0,655289.9999999508,Stainless steel 1.4301 (AISI 304),1.4301,quantum_like,256,256,0.0,1,,1.4301_szlifowane,area,Grinding,szlifowane,simple
476399.32024943427,30.413699462010378,33.84118699522956,589198.4642043777,37.45328524655293,41.899689585882065,4458621.653406808,266.08343313585567,417.17396197934573,0.05,0.05,476368.90654997225,476365.479062439,589161.0109191312,589156.5645147918,4458355.569973672,4458204.479444829,0.0,0.0,/Users/dawid/Library/Mobile Documents/com~apple~CloudDocs/Dokumenty/Publikacje własne/Manuscripts/Quantum_interference/data/1.4301_szlifowane.sur,589197.1752146888,810.0000000000001,809.0,532.0,655289.9999999508,Stainless steel 1.4301 (AISI 304),1.4301,hybrid,256,256,0.0,1,,1.4301_szlifowane,area,Grinding,szlifowane,simple
174.6775629782934,30.413699462010378,33.84118699522956,248.48293094850123,37.45328524655293,41.899689585882065,2544.501089771756,266.08343313585567,417.17396197934573,0.05,0.05,144.26386351628304,140.83637598306385,211.0296457019483,206.5832413626192,2278.4176566359006,2127.3271277924105,0.0,0.0,/Users/dawid/Library/Mobile Documents/com~apple~CloudDocs/Dokumenty/Publikacje własne/Manuscripts/Quantum_interference/data/1.4301_szlifowane.sur,243.85304563448838,810.0000000000001,809.0,532.0,655289.9999999508,Stainless steel 1.4301 (AISI 304),1.4301,classical,256,256,0.0,2,,1.4301_szlifowane,area,Grinding,szlifowane,simple
877219.9585977964,30.413699462010378,33.84118699522956,1148199.6196417226,37.45328524655293,41.899689585882065,9012385.282762779,266.08343313585567,417.17396197934573,0.05,0.05,877189.5448983343,877186.1174108011,1148162.166356476,1148157.7199521367,9012119.199329644,9011968.1088008,0.0,0.0,/Users/dawid/Library/Mobile Documents/com~apple~CloudDocs/Dokumenty/Publikacje własne/Manuscripts/Quantum_interference/data/1.4301_szlifowane.sur,1148201.0288766657,810.0000000000001,809.0,532.0,655289.9999999508,Stainless steel 1.4301 (AISI 304),1.4301,quantum_like,256,256,0.0,2,,1.4301_szlifowane,area,Grinding,szlifowane,simple
419821.00918549567,30.413699462010378,33.84118699522956,528363.1205036049,37.45328524655293,41.899689585882065,3757254.494101224,266.08343313585567,417.17396197934573,0.05,0.05,419790.5954860337,419787.16799850046,528325.6672183584,528321.220814019,3756988.410668088,3756837.3201392447,0.0,0.0,/Users/dawid/Library/Mobile Documents/com~apple~CloudDocs/Dokumenty/Publikacje własne/Manuscripts/Quantum_interference/data/1.4301_szlifowane.sur,528366.4179226627,810.0000000000001,809.0,532.0,655289.9999999508,Stainless steel 1.4301 (AISI 304),1.4301,hybrid,256,256,0.0,2,,1.4301_szlifowane,area,Grinding,szlifowane,simple
174.1881932273077,30.413699462010378,33.84118699522956,251.97621705995522,37.45328524655293,41.899689585882065,2785.0641980984615,266.08343313585567,417.17396197934573,0.05,0.05,143.7744937652973,140.34700623207812,214.5229318134023,210.07652747407315,2518.9807649626055,2367.890236119116,0.0,0.0,/Users/dawid/Library/Mobile Documents/com~apple~CloudDocs/Dokumenty/Publikacje własne/Manuscripts/Quantum_interference/data/1.4301_szlifowane.sur,247.37243397804863,810.0000000000001,809.0,532.0,655289.9999999508,Stainless steel 1.4301 (AISI 304),1.4301,classical,256,256,0.0,3,,1.4301_szlifowane,area,Grinding,szlifowane,simple
826095.0771224502,30.413699462010378,33.84118699522956,1070116.9291472377,37.45328524655293,41.899689585882065,8191267.460040586,266.08343313585567,417.17396197934573,0.05,0.05,826064.6634229883,826061.235935455,1070079.475861991,1070075.0294576518,8191001.37660745,8190850.286078607,0.0,0.0,/Users/dawid/Library/Mobile Documents/com~apple~CloudDocs/Dokumenty/Publikacje własne/Manuscripts/Quantum_interference/data/1.4301_szlifowane.sur,1070118.2151070964,810.0000000000001,809.0,532.0,655289.9999999508,Stainless steel 1.4301 (AISI 304),1.4301,quantum_like,256,256,0.0,3,,1.4301_szlifowane,area,Grinding,szlifowane,simple
415830.97547669814,30.413699462010378,33.84118699522956,524344.5565251856,37.45328524655293,41.899689585882065,4016274.8349755835,266.08343313585567,417.17396197934573,0.05,0.05,415800.5617772361,415797.13428970287,524307.1032399391,524302.6568355997,4016008.7515424476,4015857.6610136046,0.0,0.0,/Users/dawid/Library/Mobile Documents/com~apple~CloudDocs/Dokumenty/Publikacje własne/Manuscripts/Quantum_interference/data/1.4301_szlifowane.sur,524347.1848991234,810.0000000000001,809.0,532.0,655289.9999999508,Stainless steel 1.4301 (AISI 304),1.4301,hybrid,256,256,0.0,3,,1.4301_szlifowane,area,Grinding,szlifowane,simple
670.8005625718018,628.2335439287026,719.0243698335206,865.3696527701921,843.387722653666,1182.6790015108243,6885.16345946081,28422.32201382488,88645.45204885582,0.05,0.05,42.5670186430992,-48.22380726171877,21.981930116526165,-317.3093487406321,-21537.15855436407,-81760.288589395,0.0,0.0,/Users/dawid/Library/Mobile Documents/com~apple~CloudDocs/Dokumenty/Publikacje własne/Manuscripts/Quantum_interference/data/1.4301_t_wyk.sur,1203.5373805845468,810.0000000000001,809.0,532.0,655289.9999999508,Stainless steel 1.4301 (AISI 304),1.4301,classical,256,256,0.0,0,,1.4301_t_wyk,area,Turning (finishing),t_wyk,simple
686486.9312218262,628.2335439287026,719.0243698335206,908456.4220536136,843.387722653666,1182.6790015108243,7922026.416488204,28422.32201382488,88645.45204885582,0.05,0.05,685858.6976778975,685767.9068519927,907613.03433096,907273.7430521029,7893604.094474378,7833380.964439348,0.0,0.0,/Users/dawid/Library/Mobile Documents/com~apple~CloudDocs/Dokumenty/Publikacje własne/Manuscripts/Quantum_interference/data/1.4301_t_wyk.sur,908443.9666524117,810.0000000000001,809.0,532.0,655289.9999999508,Stainless steel 1.4301 (AISI 304),1.4301,quantum_like,256,256,0.0,0,,1.4301_t_wyk,area,Turning (finishing),t_wyk,simple
318930.9820809985,628.2335439287026,719.0243698335206,408265.1236340811,843.387722653666,1182.6790015108243,3510643.616422545,28422.32201382488,88645.45204885582,0.05,0.05,318302.7485370698,318211.95771116496,407421.7359114274,407082.44463257026,3482221.2944087205,3421998.1643736893,0.0,0.0,/Users/dawid/Library/Mobile Documents/com~apple~CloudDocs/Dokumenty/Publikacje własne/Manuscripts/Quantum_interference/data/1.4301_t_wyk.sur,408236.708894141,810.0000000000001,809.0,532.0,655289.9999999508,Stainless steel 1.4301 (AISI 304),1.4301,hybrid,256,256,0.0,0,,1.4301_t_wyk,area,Turning (finishing),t_wyk,simple
675.8428466780703,628.2335439287026,719.0243698335206,872.5837616038402,843.387722653666,1182.6790015108243,6883.7121755550215,28422.32201382488,88645.45204885582,0.05,0.05,47.609302749367664,-43.18152315545031,29.19603895017424,-310.09523990698403,-21538.60983826986,-81761.7398733008,0.0,0.0,/Users/dawid/Library/Mobile Documents/com~apple~CloudDocs/Dokumenty/Publikacje własne/Manuscripts/Quantum_interference/data/1.4301_t_wyk.sur,1208.759466140191,810.0000000000001,809.0,532.0,655289.9999999508,Stainless steel 1.4301 (AISI 304),1.4301,classical,256,256,0.0,1,,1.4301_t_wyk,area,Turning (finishing),t_wyk,simple
704521.9963643897,628.2335439287026,719.0243698335206,915214.1779811969,843.387722653666,1182.6790015108243,7655306.854222686,28422.32201382488,88645.45204885582,0.05,0.05,703893.7628204611,703802.9719945561,914370.7902585432,914031.4989796861,7626884.532208862,7566661.40217383,0.0,0.0,/Users/dawid/Library/Mobile Documents/com~apple~CloudDocs/Dokumenty/Publikacje własne/Manuscripts/Quantum_interference/data/1.4301_t_wyk.sur,915201.674423863,810.0000000000001,809.0,532.0,655289.9999999508,Stainless steel 1.4301 (AISI 304),1.4301,quantum_like,256,256,0.0,1,,1.4301_t_wyk,area,Turning (finishing),t_wyk,simple
388232.1503061437,628.2335439287026,719.0243698335206,494699.3735289301,843.387722653666,1182.6790015108243,3432409.135171311,28422.32201382488,88645.45204885582,0.05,0.05,387603.916762215,387513.12593631016,493855.98580627656,493516.69452741934,3403986.813157486,3343763.6831224547,0.0,0.0,/Users/dawid/Library/Mobile Documents/com~apple~CloudDocs/Dokumenty/Publikacje własne/Manuscripts/Quantum_interference/data/1.4301_t_wyk.sur,494675.7144138434,810.0000000000001,809.0,532.0,655289.9999999508,Stainless steel 1.4301 (AISI 304),1.4301,hybrid,256,256,0.0,1,,1.4301_t_wyk,area,Turning (finishing),t_wyk,simple
675.6447249911508,628.2335439287026,719.0243698335206,868.8397602851479,843.387722653666,1182.6790015108243,6575.66235418591,28422.32201382488,88645.45204885582,0.05,0.05,47.411181062448215,-43.37964484236976,25.452037631481893,-313.83924122567635,-21846.659659638968,-82069.7896946699,0.0,0.0,/Users/dawid/Library/Mobile Documents/com~apple~CloudDocs/Dokumenty/Publikacje własne/Manuscripts/Quantum_interference/data/1.4301_t_wyk.sur,1207.8155887957957,810.0000000000001,809.0,532.0,655289.9999999508,Stainless steel 1.4301 (AISI 304),1.4301,classical,256,256,0.0,2,,1.4301_t_wyk,area,Turning (finishing),t_wyk,simple
698602.2297877069,628.2335439287026,719.0243698335206,942042.5240730243,843.387722653666,1182.6790015108243,8483014.977374716,28422.32201382488,88645.45204885582,0.05,0.05,697973.9962437782,697883.2054178733,941199.1363503706,940859.8450715134,8454592.65536089,8394369.52532586,0.0,0.0,/Users/dawid/Library/Mobile Documents/com~apple~CloudDocs/Dokumenty/Publikacje własne/Manuscripts/Quantum_interference/data/1.4301_t_wyk.sur,942048.2495868392,810.0000000000001,809.0,532.0,655289.9999999508,Stainless steel 1.4301 (AISI 304),1.4301,quantum_like,256,256,0.0,2,,1.4301_t_wyk,area,Turning (finishing),t_wyk,simple
333933.45078959985,628.2335439287026,719.0243698335206,435579.4270186785,843.387722653666,1182.6790015108243,3688625.053826661,28422.32201382488,88645.45204885582,0.05,0.05,333305.21724567114,333214.4264197663,434736.0392960248,434396.7480171677,3660202.731812836,3599979.601777805,0.0,0.0,/Users/dawid/Library/Mobile Documents/com~apple~CloudDocs/Dokumenty/Publikacje własne/Manuscripts/Quantum_interference/data/1.4301_t_wyk.sur,435588.631957475,810.0000000000001,809.0,532.0,655289.9999999508,Stainless steel 1.4301 (AISI 304),1.4301,hybrid,256,256,0.0,2,,1.4301_t_wyk,area,Turning (finishing),t_wyk,simple
681.0852711649071,628.2335439287026,719.0243698335206,875.906687059239,843.387722653666,1182.6790015108243,6851.160512993792,28422.32201382488,88645.45204885582,0.05,0.05,52.851727236204525,-37.93909866861344,32.5189644055729,-306.7723144515854,-21571.161500831087,-81794.29153586202,0.0,0.0,/Users/dawid/Library/Mobile Documents/com~apple~CloudDocs/Dokumenty/Publikacje własne/Manuscripts/Quantum_interference/data/1.4301_t_wyk.sur,1207.9001411059216,810.0000000000001,809.0,532.0,655289.9999999508,Stainless steel 1.4301 (AISI 304),1.4301,classical,256,256,0.0,3,,1.4301_t_wyk,area,Turning (finishing),t_wyk,simple
757385.4698789632,628.2335439287026,719.0243698335206,995604.1605799113,843.387722653666,1182.6790015108243,8616129.656948166,28422.32201382488,88645.45204885582,0.05,0.05,756757.2363350345,756666.4455091296,994760.7728572577,994421.4815784005,8587707.33493434,8527484.204899311,0.0,0.0,/Users/dawid/Library/Mobile Documents/com~apple~CloudDocs/Dokumenty/Publikacje własne/Manuscripts/Quantum_interference/data/1.4301_t_wyk.sur,995623.0925138815,810.0000000000001,809.0,532.0,655289.9999999508,Stainless steel 1.4301 (AISI 304),1.4301,quantum_like,256,256,0.0,3,,1.4301_t_wyk,area,Turning (finishing),t_wyk,simple
473083.7274129362,628.2335439287026,719.0243698335206,568694.4099745374,843.387722653666,1182.6790015108243,3479029.525180043,28422.32201382488,88645.45204885582,0.05,0.05,472455.4938690075,472364.7030431027,567851.0222518838,567511.7309730266,3450607.2031662185,3390384.0731311874,0.0,0.0,/Users/dawid/Library/Mobile Documents/com~apple~CloudDocs/Dokumenty/Publikacje własne/Manuscripts/Quantum_interference/data/1.4301_t_wyk.sur,568725.2205426049,810.0000000000001,809.0,532.0,655289.9999999508,Stainless steel 1.4301 (AISI 304),1.4301,hybrid,256,256,0.0,3,,1.4301_t_wyk,area,Turning (finishing),t_wyk,simple
519.1859392097006,408.0134970138842,467.573643958579,669.6312925619851,522.9588934926375,606.1052304901839,5366.950447675024,3043.1017019360343,3779.3551222935625,0.05,0.05,111.17244219581636,51.61229525112154,146.6723990693476,63.52606207180118,2323.8487457389897,1587.5953253814619,0.0,0.0,/Users/dawid/Library/Mobile Documents/com~apple~CloudDocs/Dokumenty/Publikacje własne/Manuscripts/Quantum_interference/data/AL_oselkowane.sur,773.0803221248659,810.0000000000001,809.0,532.0,655289.9999999508,Aluminium 7075,AL,classical,256,256,0.0,0,,AL_oselkowane,area,Honed,oselkowane,simple
741631.4098948565,408.0134970138842,467.573643958579,974243.811829467,522.9588934926375,606.1052304901839,8891001.28373648,3043.1017019360343,3779.3551222935625,0.05,0.05,741223.3963978427,741163.836250898,973720.8529359744,973637.7065989767,8887958.182034545,8887221.928614188,0.0,0.0,/Users/dawid/Library/Mobile Documents/com~apple~CloudDocs/Dokumenty/Publikacje własne/Manuscripts/Quantum_interference/data/AL_oselkowane.sur,974230.5863448757,810.0000000000001,809.0,532.0,655289.9999999508,Aluminium 7075,AL,quantum_like,256,256,0.0,0,,AL_oselkowane,area,Honed,oselkowane,simple
417775.3438283598,408.0134970138842,467.573643958579,549243.4571470043,522.9588934926375,606.1052304901839,3967911.248855078,3043.1017019360343,3779.3551222935625,0.05,0.05,417367.3303313459,417307.7701844012,548720.4982535116,548637.3519165141,3964868.147153142,3964131.893732785,0.0,0.0,/Users/dawid/Library/Mobile Documents/com~apple~CloudDocs/Dokumenty/Publikacje własne/Manuscripts/Quantum_interference/data/AL_oselkowane.sur,549238.8529432055,810.0000000000001,809.0,532.0,655289.9999999508,Aluminium 7075,AL,hybrid,256,256,0.0,0,,AL_oselkowane,area,Honed,oselkowane,simple
517.8749425217845,408.0134970138842,467.573643958579,668.5223346004403,522.9588934926375,606.1052304901839,5098.757286325999,3043.1017019360343,3779.3551222935625,0.05,0.05,109.86144550790038,50.30129856320556,145.56344110780282,62.4171041102564,2055.6555843899646,1319.4021640324365,0.0,0.0,/Users/dawid/Library/Mobile Documents/com~apple~CloudDocs/Dokumenty/Publikacje własne/Manuscripts/Quantum_interference/data/AL_oselkowane.sur,772.0556382685677,810.0000000000001,809.0,532.0,655289.9999999508,Aluminium 7075,AL,classical,256,256,0.0,1,,AL_oselkowane,area,Honed,oselkowane,simple
769775.4741640389,408.0134970138842,467.573643958579,1006323.0031168129,522.9588934926375,606.1052304901839,8245287.649957002,3043.1017019360343,3779.3551222935625,0.05,0.05,769367.460667025,769307.9005200802,1005800.0442233203,1005716.8978863228,8242244.548255065,8241508.294834709,0.0,0.0,/Users/dawid/Library/Mobile Documents/com~apple~CloudDocs/Dokumenty/Publikacje własne/Manuscripts/Quantum_interference/data/AL_oselkowane.sur,1006320.100530509,810.0000000000001,809.0,532.0,655289.9999999508,Aluminium 7075,AL,quantum_like,256,256,0.0,1,,AL_oselkowane,area,Honed,oselkowane,simple
407606.08019628393,408.0134970138842,467.573643958579,513859.92104144976,522.9588934926375,606.1052304901839,3458056.734607245,3043.1017019360343,3779.3551222935625,0.05,0.05,407198.0666992701,407138.5065523253,513336.9621479571,513253.81581095955,3455013.632905309,3454277.379484951,0.0,0.0,/Users/dawid/Library/Mobile Documents/com~apple~CloudDocs/Dokumenty/Publikacje własne/Manuscripts/Quantum_interference/data/AL_oselkowane.sur,513844.51693769323,810.0000000000001,809.0,532.0,655289.9999999508,Aluminium 7075,AL,hybrid,256,256,0.0,1,,AL_oselkowane,area,Honed,oselkowane,simple
519.7839872747238,408.0134970138842,467.573643958579,669.9892506990733,522.9588934926375,606.1052304901839,5368.041693406777,3043.1017019360343,3779.3551222935625,0.05,0.05,111.77049026083965,52.21034331614482,147.03035720643572,63.88402020888932,2324.939991470743,1588.6865711132148,0.0,0.0,/Users/dawid/Library/Mobile Documents/com~apple~CloudDocs/Dokumenty/Publikacje własne/Manuscripts/Quantum_interference/data/AL_oselkowane.sur,772.2706570738103,810.0000000000001,809.0,532.0,655289.9999999508,Aluminium 7075,AL,classical,256,256,0.0,2,,AL_oselkowane,area,Honed,oselkowane,simple
804311.098005049,408.0134970138842,467.573643958579,1025682.3775854448,522.9588934926375,606.1052304901839,8068420.032571591,3043.1017019360343,3779.3551222935625,0.05,0.05,803903.0845080351,803843.5243610904,1025159.4186919522,1025076.2723549547,8065376.930869655,8064640.677449298,0.0,0.0,/Users/dawid/Library/Mobile Documents/com~apple~CloudDocs/Dokumenty/Publikacje własne/Manuscripts/Quantum_interference/data/AL_oselkowane.sur,1025704.4571486803,810.0000000000001,809.0,532.0,655289.9999999508,Aluminium 7075,AL,quantum_like,256,256,0.0,2,,AL_oselkowane,area,Honed,oselkowane,simple
522817.32479176833,408.0134970138842,467.573643958579,637967.5340472449,522.9588934926375,606.1052304901839,4095964.469255416,3043.1017019360343,3779.3551222935625,0.05,0.05,522409.31129475444,522349.75114780973,637444.5751537522,637361.4288167547,4092921.36755348,4092185.114133123,0.0,0.0,/Users/dawid/Library/Mobile Documents/com~apple~CloudDocs/Dokumenty/Publikacje własne/Manuscripts/Quantum_interference/data/AL_oselkowane.sur,638004.5963766465,810.0000000000001,809.0,532.0,655289.9999999508,Aluminium 7075,AL,hybrid,256,256,0.0,2,,AL_oselkowane,area,Honed,oselkowane,simple
521.5776995946568,408.0134970138842,467.573643958579,673.0006843928822,522.9588934926375,606.1052304901839,5365.894406695321,3043.1017019360343,3779.3551222935625,0.05,0.05,113.56420258077266,54.00405563607783,150.04179090024473,66.89545390269834,2322.7927047592866,1586.5392844017586,0.0,0.0,/Users/dawid/Library/Mobile Documents/com~apple~CloudDocs/Dokumenty/Publikacje własne/Manuscripts/Quantum_interference/data/AL_oselkowane.sur,773.2987318565799,810.0000000000001,809.0,532.0,655289.9999999508,Aluminium 7075,AL,classical,256,256,0.0,3,,AL_oselkowane,area,Honed,oselkowane,simple
771931.791633286,408.0134970138842,467.573643958579,993037.6550192598,522.9588934926375,606.1052304901839,8046582.735383331,3043.1017019360343,3779.3551222935625,0.05,0.05,771523.7781362722,771464.2179893275,992514.6961257672,992431.5497887697,8043539.633681394,8042803.3802610375,0.0,0.0,/Users/dawid/Library/Mobile Documents/com~apple~CloudDocs/Dokumenty/Publikacje własne/Manuscripts/Quantum_interference/data/AL_oselkowane.sur,993047.9083372864,810.0000000000001,809.0,532.0,655289.9999999508,Aluminium 7075,AL,quantum_like,256,256,0.0,3,,AL_oselkowane,area,Honed,oselkowane,simple
448138.3712089499,408.0134970138842,467.573643958579,565256.9712406428,522.9588934926375,606.1052304901839,3916494.2374832113,3043.1017019360343,3779.3551222935625,0.05,0.05,447730.35771193606,447670.79756499134,564734.0123471501,564650.8660101526,3913451.135781275,3912714.882360918,0.0,0.0,/Users/dawid/Library/Mobile Documents/com~apple~CloudDocs/Dokumenty/Publikacje własne/Manuscripts/Quantum_interference/data/AL_oselkowane.sur,565267.0873387931,810.0000000000001,809.0,532.0,655289.9999999508,Aluminium 7075,AL,hybrid,256,256,0.0,3,,AL_oselkowane,area,Honed,oselkowane,simple
686.7473896951115,524.5136807904041,546.3689426510782,897.7863656149705,687.0092608696518,922.2410215602662,8230.370404766627,31199.884564537664,85338.86653628112,0.05,0.05,162.2337089047073,140.37844704403324,210.7771047453186,-24.45465594529574,-22969.514159771035,-77108.49613151449,0.0,0.0,/Users/dawid/Library/Mobile Documents/com~apple~CloudDocs/Dokumenty/Publikacje własne/Manuscripts/Quantum_interference/data/Al7075_t_wyk.sur,1095.2115570318745,810.0000000000001,809.0,532.0,655289.9999999508,Aluminium 7075,Al7075,classical,256,256,0.0,0,,Al7075_t_wyk,area,Turning (finishing),t_wyk,simple
690288.3590498837,524.5136807904041,546.3689426510782,896449.285056969,687.0092608696518,922.2410215602662,7964237.0209881775,31199.884564537664,85338.86653628112,0.05,0.05,689763.8453690932,689741.9901072326,895762.2757960994,895527.0440354088,7933037.13642364,7878898.154451896,0.0,0.0,/Users/dawid/Library/Mobile Documents/com~apple~CloudDocs/Dokumenty/Publikacje własne/Manuscripts/Quantum_interference/data/Al7075_t_wyk.sur,896414.336087008,810.0000000000001,809.0,532.0,655289.9999999508,Aluminium 7075,Al7075,quantum_like,256,256,0.0,0,,Al7075_t_wyk,area,Turning (finishing),t_wyk,simple
368854.86043613753,524.5136807904041,546.3689426510782,444592.58789915935,687.0092608696518,922.2410215602662,2925397.257906541,31199.884564537664,85338.86653628112,0.05,0.05,368330.34675534716,368308.49149348645,443905.5786382897,443670.3468775991,2894197.3733420037,2840058.39137026,0.0,0.0,/Users/dawid/Library/Mobile Documents/com~apple~CloudDocs/Dokumenty/Publikacje własne/Manuscripts/Quantum_interference/data/Al7075_t_wyk.sur,444520.566687142,810.0000000000001,809.0,532.0,655289.9999999508,Aluminium 7075,Al7075,hybrid,256,256,0.0,0,,Al7075_t_wyk,area,Turning (finishing),t_wyk,simple
687.1809412533757,524.5136807904041,546.3689426510782,895.7561028480828,687.0092608696518,922.2410215602662,7922.239183167915,31199.884564537664,85338.86653628112,0.05,0.05,162.66726046297165,140.8119986022976,208.74684197843092,-26.484918712183404,-23277.645381369744,-77416.6273531132,0.0,0.0,/Users/dawid/Library/Mobile Documents/com~apple~CloudDocs/Dokumenty/Publikacje własne/Manuscripts/Quantum_interference/data/Al7075_t_wyk.sur,1092.9965269758998,810.0000000000001,809.0,532.0,655289.9999999508,Aluminium 7075,Al7075,classical,256,256,0.0,1,,Al7075_t_wyk,area,Turning (finishing),t_wyk,simple
922463.1173551537,524.5136807904041,546.3689426510782,1144708.5367906925,687.0092608696518,922.2410215602662,8744869.888017558,31199.884564537664,85338.86653628112,0.05,0.05,921938.6036743632,921916.7484125026,1144021.527529823,1143786.2957691322,8713670.00345302,8659531.021481277,0.0,0.0,/Users/dawid/Library/Mobile Documents/com~apple~CloudDocs/Dokumenty/Publikacje własne/Manuscripts/Quantum_interference/data/Al7075_t_wyk.sur,1144738.573673468,810.0000000000001,809.0,532.0,655289.9999999508,Aluminium 7075,Al7075,quantum_like,256,256,0.0,1,,Al7075_t_wyk,area,Turning (finishing),t_wyk,simple
716559.9045649415,524.5136807904041,546.3689426510782,832809.5123243809,687.0092608696518,922.2410215602662,4245148.85071597,31199.884564537664,85338.86653628112,0.05,0.05,716035.3908841512,716013.5356222905,832122.5030635113,831887.2713028208,4213948.966151432,4159809.9841796886,0.0,0.0,/Users/dawid/Library/Mobile Documents/com~apple~CloudDocs/Dokumenty/Publikacje własne/Manuscripts/Quantum_interference/data/Al7075_t_wyk.sur,832851.4139551664,810.0000000000001,809.0,532.0,655289.9999999508,Aluminium 7075,Al7075,hybrid,256,256,0.0,1,,Al7075_t_wyk,area,Turning (finishing),t_wyk,simple
684.6468411758142,524.5136807904041,546.3689426510782,896.3467316643224,687.0092608696518,922.2410215602662,7961.785068448022,31199.884564537664,85338.86653628112,0.05,0.05,160.13316038541,138.27789852473595,209.33747079467057,-25.894289895943775,-23238.099496089642,-77377.0814678331,0.0,0.0,/Users/dawid/Library/Mobile Documents/com~apple~CloudDocs/Dokumenty/Publikacje własne/Manuscripts/Quantum_interference/data/Al7075_t_wyk.sur,1097.305520119945,810.0000000000001,809.0,532.0,655289.9999999508,Aluminium 7075,Al7075,classical,256,256,0.0,2,,Al7075_t_wyk,area,Turning (finishing),t_wyk,simple
746247.6748000687,524.5136807904041,546.3689426510782,968874.4892256112,687.0092608696518,922.2410215602662,7494988.742872694,31199.884564537664,85338.86653628112,0.05,0.05,745723.1611192783,745701.3058574176,968187.4799647416,967952.2482040509,7463788.858308155,7409649.8763364125,0.0,0.0,/Users/dawid/Library/Mobile Documents/com~apple~CloudDocs/Dokumenty/Publikacje własne/Manuscripts/Quantum_interference/data/Al7075_t_wyk.sur,968921.6672565093,810.0000000000001,809.0,532.0,655289.9999999508,Aluminium 7075,Al7075,quantum_like,256,256,0.0,2,,Al7075_t_wyk,area,Turning (finishing),t_wyk,simple
399731.3076354441,524.5136807904041,546.3689426510782,526223.7760897854,687.0092608696518,922.2410215602662,3970413.2664768407,31199.884564537664,85338.86653628112,0.05,0.05,399206.79395465367,399184.938692793,525536.7668289158,525301.5350682251,3939213.3819123027,3885074.3999405596,0.0,0.0,/Users/dawid/Library/Mobile Documents/com~apple~CloudDocs/Dokumenty/Publikacje własne/Manuscripts/Quantum_interference/data/Al7075_t_wyk.sur,526316.3993337528,810.0000000000001,809.0,532.0,655289.9999999508,Aluminium 7075,Al7075,hybrid,256,256,0.0,2,,Al7075_t_wyk,area,Turning (finishing),t_wyk,simple
689.6131959286257,524.5136807904041,546.3689426510782,904.8705207123935,687.0092608696518,922.2410215602662,7976.510553745512,31199.884564537664,85338.86653628112,0.05,0.05,165.09951513822165,143.24425327754759,217.8612598427416,-17.370500847872744,-23223.374010792148,-77362.3559825356,0.0,0.0,/Users/dawid/Library/Mobile Documents/com~apple~CloudDocs/Dokumenty/Publikacje własne/Manuscripts/Quantum_interference/data/Al7075_t_wyk.sur,1101.1231606963013,810.0000000000001,809.0,532.0,655289.9999999508,Aluminium 7075,Al7075,classical,256,256,0.0,3,,Al7075_t_wyk,area,Turning (finishing),t_wyk,simple
682266.3364285202,524.5136807904041,546.3689426510782,895868.8934770403,687.0092608696518,922.2410215602662,7526407.545930359,31199.884564537664,85338.86653628112,0.05,0.05,681741.8227477298,681719.9674858691,895181.8842161708,894946.6524554802,7495207.661365821,7441068.6793940775,0.0,0.0,/Users/dawid/Library/Mobile Documents/com~apple~CloudDocs/Dokumenty/Publikacje własne/Manuscripts/Quantum_interference/data/Al7075_t_wyk.sur,895890.9450886501,810.0000000000001,809.0,532.0,655289.9999999508,Aluminium 7075,Al7075,quantum_like,256,256,0.0,3,,Al7075_t_wyk,area,Turning (finishing),t_wyk,simple
351866.0680635416,524.5136807904041,546.3689426510782,439363.5769908187,687.0092608696518,922.2410215602662,3212048.342203771,31199.884564537664,85338.86653628112,0.05,0.05,351341.55438275123,351319.6991208905,438676.5677299491,438441.33596925845,3180848.4576392337,3126709.47566749,0.0,0.0,/Users/dawid/Library/Mobile Documents/com~apple~CloudDocs/Dokumenty/Publikacje własne/Manuscripts/Quantum_interference/data/Al7075_t_wyk.sur,439407.3273681917,810.0000000000001,809.0,532.0,655289.9999999508,Aluminium 7075,Al7075,hybrid,256,256,0.0,3,,Al7075_t_wyk,area,Turning (finishing),t_wyk,simple
677.7022740778964,293.0939529305958,299.70349938185274,861.6768699401053,354.2118986734384,364.15267521941,6314.480303671044,2154.9281499577382,3032.6030471767835,0.05,0.05,384.6083211473006,377.9987746960437,507.464971266667,497.52419472069533,4159.552153713305,3281.87725649426,0.0,0.0,/Users/dawid/Library/Mobile Documents/com~apple~CloudDocs/Dokumenty/Publikacje własne/Manuscripts/Quantum_interference/data/Al_szkielkowane.sur,873.2175205418162,810.0000000000001,809.0,532.0,655289.9999999508,Aluminium 7075,Al,classical,256,256,0.0,0,,Al_szkielkowane,area,Glass bead blasted,szkielkowane,simple
833963.1988026578,293.0939529305958,299.70349938185274,1101004.5496435883,354.2118986734384,364.15267521941,9775293.755249603,2154.9281499577382,3032.6030471767835,0.05,0.05,833670.1048497272,833663.4953032759,1100650.337744915,1100640.396968369,9773138.827099646,9772261.152202427,0.0,0.0,/Users/dawid/Library/Mobile Documents/com~apple~CloudDocs/Dokumenty/Publikacje własne/Manuscripts/Quantum_interference/data/Al_szkielkowane.sur,1101004.132590658,810.0000000000001,809.0,532.0,655289.9999999508,Aluminium 7075,Al,quantum_like,256,256,0.0,0,,Al_szkielkowane,area,Glass bead blasted,szkielkowane,simple
457280.113611868,293.0939529305958,299.70349938185274,576932.5299070652,354.2118986734384,364.15267521941,3725479.757531144,2154.9281499577382,3032.6030471767835,0.05,0.05,456987.0196589374,456980.41011248616,576578.3180083918,576568.3772318457,3723324.829381186,3722447.154483967,0.0,0.0,/Users/dawid/Library/Mobile Documents/com~apple~CloudDocs/Dokumenty/Publikacje własne/Manuscripts/Quantum_interference/data/Al_szkielkowane.sur,576931.7556814378,810.0000000000001,809.0,532.0,655289.9999999508,Aluminium 7075,Al,hybrid,256,256,0.0,0,,Al_szkielkowane,area,Glass bead blasted,szkielkowane,simple
679.5316957771603,293.0939529305958,299.70349938185274,864.7576533804637,354.2118986734384,364.15267521941,6580.618340500706,2154.9281499577382,3032.6030471767835,0.05,0.05,386.43774284656445,379.82819639530754,510.54575470702537,500.6049781610537,4425.690190542968,3548.0152933239224,0.0,0.0,/Users/dawid/Library/Mobile Documents/com~apple~CloudDocs/Dokumenty/Publikacje własne/Manuscripts/Quantum_interference/data/Al_szkielkowane.sur,875.2050301504178,810.0000000000001,809.0,532.0,655289.9999999508,Aluminium 7075,Al,classical,256,256,0.0,1,,Al_szkielkowane,area,Glass bead blasted,szkielkowane,simple
894425.2677405417,293.0939529305958,299.70349938185274,1142275.7769310132,354.2118986734384,364.15267521941,9325010.18791941,2154.9281499577382,3032.6030471767835,0.05,0.05,894132.1737876111,894125.5642411598,1141921.5650323397,1141911.6242557939,9322855.259769453,9321977.584872233,0.0,0.0,/Users/dawid/Library/Mobile Documents/com~apple~CloudDocs/Dokumenty/Publikacje własne/Manuscripts/Quantum_interference/data/Al_szkielkowane.sur,1142229.8886559496,810.0000000000001,809.0,532.0,655289.9999999508,Aluminium 7075,Al,quantum_like,256,256,0.0,1,,Al_szkielkowane,area,Glass bead blasted,szkielkowane,simple
627891.6834978595,293.0939529305958,299.70349938185274,761077.4316722105,354.2118986734384,364.15267521941,4390097.904796459,2154.9281499577382,3032.6030471767835,0.05,0.05,627598.589544929,627591.9799984777,760723.219773537,760713.278996991,4387942.976646502,4387065.3017492825,0.0,0.0,/Users/dawid/Library/Mobile Documents/com~apple~CloudDocs/Dokumenty/Publikacje własne/Manuscripts/Quantum_interference/data/Al_szkielkowane.sur,761008.0438762215,810.0000000000001,809.0,532.0,655289.9999999508,Aluminium 7075,Al,hybrid,256,256,0.0,1,,Al_szkielkowane,area,Glass bead blasted,szkielkowane,simple
671.6408497618877,293.0939529305958,299.70349938185274,857.2079846850455,354.2118986734384,364.15267521941,6575.0967053100285,2154.9281499577382,3032.6030471767835,0.05,0.05,378.5468968312919,371.937350380035,502.9960860116072,493.0553094656355,4420.16855535229,3542.493658133245,0.0,0.0,/Users/dawid/Library/Mobile Documents/com~apple~CloudDocs/Dokumenty/Publikacje własne/Manuscripts/Quantum_interference/data/Al_szkielkowane.sur,868.5200429723134,810.0000000000001,809.0,532.0,655289.9999999508,Aluminium 7075,Al,classical,256,256,0.0,2,,Al_szkielkowane,area,Glass bead blasted,szkielkowane,simple
786342.9142068261,293.0939529305958,299.70349938185274,1008738.332747507,354.2118986734384,364.15267521941,8349206.792016313,2154.9281499577382,3032.6030471767835,0.05,0.05,786049.8202538956,786043.2107074442,1008384.1208488335,1008374.1800722877,8347051.863866356,8346174.188969137,0.0,0.0,/Users/dawid/Library/Mobile Documents/com~apple~CloudDocs/Dokumenty/Publikacje własne/Manuscripts/Quantum_interference/data/Al_szkielkowane.sur,1008750.8311274885,810.0000000000001,809.0,532.0,655289.9999999508,Aluminium 7075,Al,quantum_like,256,256,0.0,2,,Al_szkielkowane,area,Glass bead blasted,szkielkowane,simple
379956.50322463934,293.0939529305958,299.70349938185274,479838.46961925406,354.2118986734384,364.15267521941,3346189.1995628686,2154.9281499577382,3032.6030471767835,0.05,0.05,379663.40927170875,379656.7997252575,479484.2577205806,479474.31694403465,3344034.271412911,3343156.596515692,0.0,0.0,/Users/dawid/Library/Mobile Documents/com~apple~CloudDocs/Dokumenty/Publikacje własne/Manuscripts/Quantum_interference/data/Al_szkielkowane.sur,479864.34070423373,810.0000000000001,809.0,532.0,655289.9999999508,Aluminium 7075,Al,hybrid,256,256,0.0,2,,Al_szkielkowane,area,Glass bead blasted,szkielkowane,simple
687.2240333730854,293.0939529305958,299.70349938185274,871.6937228448792,354.2118986734384,364.15267521941,6579.20903609234,2154.9281499577382,3032.6030471767835,0.05,0.05,394.1300804424896,387.5205339912327,517.4818241714407,507.54104762546916,4424.280886134602,3546.6059889155563,0.0,0.0,/Users/dawid/Library/Mobile Documents/com~apple~CloudDocs/Dokumenty/Publikacje własne/Manuscripts/Quantum_interference/data/Al_szkielkowane.sur,881.460273109235,810.0000000000001,809.0,532.0,655289.9999999508,Aluminium 7075,Al,classical,256,256,0.0,3,,Al_szkielkowane,area,Glass bead blasted,szkielkowane,simple
840515.5342061056,293.0939529305958,299.70349938185274,1112149.7678434374,354.2118986734384,364.15267521941,8612474.155610967,2154.9281499577382,3032.6030471767835,0.05,0.05,840222.4402531751,840215.8307067238,1111795.555944764,1111785.615168218,8610319.22746101,8609441.55256379,0.0,0.0,/Users/dawid/Library/Mobile Documents/com~apple~CloudDocs/Dokumenty/Publikacje własne/Manuscripts/Quantum_interference/data/Al_szkielkowane.sur,1112147.9143463527,810.0000000000001,809.0,532.0,655289.9999999508,Aluminium 7075,Al,quantum_like,256,256,0.0,3,,Al_szkielkowane,area,Glass bead blasted,szkielkowane,simple
415167.63369062607,293.0939529305958,299.70349938185274,534165.0168242204,354.2118986734384,364.15267521941,3663211.8388981503,2154.9281499577382,3032.6030471767835,0.05,0.05,414874.5397376954,414867.93019124423,533810.8049255469,533800.864149001,3661056.9107481926,3660179.235850973,0.0,0.0,/Users/dawid/Library/Mobile Documents/com~apple~CloudDocs/Dokumenty/Publikacje własne/Manuscripts/Quantum_interference/data/Al_szkielkowane.sur,534161.2339730582,810.0000000000001,809.0,532.0,655289.9999999508,Aluminium 7075,Al,hybrid,256,256,0.0,3,,Al_szkielkowane,area,Glass bead blasted,szkielkowane,simple
68.10043853388811,63.67904400930688,66.55707432300152,84.46332053970254,81.49109450002742,84.85770719843457,486.2054212782816,473.8258971126187,638.6250286224301,0.05,0.05,4.421394524581226,1.5433642108865866,2.9722260396751237,-0.3943866587320247,12.379524165662945,-152.41960734414852,0.0,0.0,/Users/dawid/Library/Mobile Documents/com~apple~CloudDocs/Dokumenty/Publikacje własne/Manuscripts/Quantum_interference/data/Al_szlifowane.sur,8.943589744921285,810.0000000000001,809.0,532.0,655289.9999999508,Aluminium 7075,Al,classical,256,256,0.0,0,,Al_szlifowane,area,Grinding,szlifowane,simple
829452.0950014124,63.67904400930688,66.55707432300152,1094091.8189319167,81.49109450002742,84.85770719843457,8680141.638700375,473.8258971126187,638.6250286224301,0.05,0.05,829388.4159574031,829385.5379270894,1094010.327837417,1094006.9612247183,8679667.812803263,8679503.013671752,0.0,0.0,/Users/dawid/Library/Mobile Documents/com~apple~CloudDocs/Dokumenty/Publikacje własne/Manuscripts/Quantum_interference/data/Al_szlifowane.sur,1094090.2245765533,810.0000000000001,809.0,532.0,655289.9999999508,Aluminium 7075,Al,quantum_like,256,256,0.0,0,,Al_szlifowane,area,Grinding,szlifowane,simple
380694.4436353712,63.67904400930688,66.55707432300152,494515.8362238826,81.49109450002742,84.85770719843457,3842861.431103839,473.8258971126187,638.6250286224301,0.05,0.05,380630.7645913619,380627.8865610482,494434.3451293826,494430.97851668415,3842387.6052067266,3842222.8060752167,0.0,0.0,/Users/dawid/Library/Mobile Documents/com~apple~CloudDocs/Dokumenty/Publikacje własne/Manuscripts/Quantum_interference/data/Al_szlifowane.sur,494511.9223900204,810.0000000000001,809.0,532.0,655289.9999999508,Aluminium 7075,Al,hybrid,256,256,0.0,0,,Al_szlifowane,area,Grinding,szlifowane,simple
68.190822384826,63.67904400930688,66.55707432300152,84.4285636176104,81.49109450002742,84.85770719843457,487.4300760173623,473.8258971126187,638.6250286224301,0.05,0.05,4.511778375519123,1.633748061824484,2.937469117582972,-0.42914358082417614,13.604178904743609,-151.19495260506787,0.0,0.0,/Users/dawid/Library/Mobile Documents/com~apple~CloudDocs/Dokumenty/Publikacje własne/Manuscripts/Quantum_interference/data/Al_szlifowane.sur,8.957627108770655,810.0000000000001,809.0,532.0,655289.9999999508,Aluminium 7075,Al,classical,256,256,0.0,1,,Al_szlifowane,area,Grinding,szlifowane,simple
994753.0523366169,63.67904400930688,66.55707432300152,1276651.1089722435,81.49109450002742,84.85770719843457,10186455.974564658,473.8258971126187,638.6250286224301,0.05,0.05,994689.3732926075,994686.4952622938,1276569.6178777434,1276566.251265045,10185982.148667546,10185817.349536037,0.0,0.0,/Users/dawid/Library/Mobile Documents/com~apple~CloudDocs/Dokumenty/Publikacje własne/Manuscripts/Quantum_interference/data/Al_szlifowane.sur,1276656.3375935806,810.0000000000001,809.0,532.0,655289.9999999508,Aluminium 7075,Al,quantum_like,256,256,0.0,1,,Al_szlifowane,area,Grinding,szlifowane,simple
655227.5139209392,63.67904400930688,66.55707432300152,784887.1197241263,81.49109450002742,84.85770719843457,4527664.500919529,473.8258971126187,638.6250286224301,0.05,0.05,655163.8348769299,655160.9568466161,784805.6286296262,784802.2620169278,4527190.675022417,4527025.875890907,0.0,0.0,/Users/dawid/Library/Mobile Documents/com~apple~CloudDocs/Dokumenty/Publikacje własne/Manuscripts/Quantum_interference/data/Al_szlifowane.sur,784895.0814696157,810.0000000000001,809.0,532.0,655289.9999999508,Aluminium 7075,Al,hybrid,256,256,0.0,1,,Al_szlifowane,area,Grinding,szlifowane,simple
68.04218990949447,63.67904400930688,66.55707432300152,84.48515029522338,81.49109450002742,84.85770719843457,486.23877217718154,473.8258971126187,638.6250286224301,0.05,0.05,4.363145900187594,1.4851155864929548,2.9940557951959548,-0.37255690321119334,12.412875064562853,-152.38625644524862,0.0,0.0,/Users/dawid/Library/Mobile Documents/com~apple~CloudDocs/Dokumenty/Publikacje własne/Manuscripts/Quantum_interference/data/Al_szlifowane.sur,8.94471238596323,810.0000000000001,809.0,532.0,655289.9999999508,Aluminium 7075,Al,classical,256,256,0.0,2,,Al_szlifowane,area,Grinding,szlifowane,simple
910127.8922314261,63.67904400930688,66.55707432300152,1163347.2249474286,81.49109450002742,84.85770719843457,9541140.68071243,473.8258971126187,638.6250286224301,0.05,0.05,910064.2131874168,910061.335157103,1163265.7338529287,1163262.36724023,9540666.854815317,9540502.055683808,0.0,0.0,/Users/dawid/Library/Mobile Documents/com~apple~CloudDocs/Dokumenty/Publikacje własne/Manuscripts/Quantum_interference/data/Al_szlifowane.sur,1163329.9741288344,810.0000000000001,809.0,532.0,655289.9999999508,Aluminium 7075,Al,quantum_like,256,256,0.0,2,,Al_szlifowane,area,Grinding,szlifowane,simple
551143.5847603538,63.67904400930688,66.55707432300152,669121.625309044,81.49109450002742,84.85770719843457,4183057.7626282284,473.8258971126187,638.6250286224301,0.05,0.05,551079.9057163445,551077.0276860307,669040.1342145441,669036.7676018456,4182583.9367311154,4182419.137599606,0.0,0.0,/Users/dawid/Library/Mobile Documents/com~apple~CloudDocs/Dokumenty/Publikacje własne/Manuscripts/Quantum_interference/data/Al_szlifowane.sur,669091.4769674871,810.0000000000001,809.0,532.0,655289.9999999508,Aluminium 7075,Al,hybrid,256,256,0.0,2,,Al_szlifowane,area,Grinding,szlifowane,simple
68.05508004232205,63.67904400930688,66.55707432300152,84.47845899068518,81.49109450002742,84.85770719843457,486.0703078584921,473.8258971126187,638.6250286224301,0.05,0.05,4.376036033015171,1.4980057193205318,2.9873644906577668,-0.37924820774938134,12.24441074587341,-152.55472076393806,0.0,0.0,/Users/dawid/Library/Mobile Documents/com~apple~CloudDocs/Dokumenty/Publikacje własne/Manuscripts/Quantum_interference/data/Al_szlifowane.sur,8.943308751782462,810.0000000000001,809.0,532.0,655289.9999999508,Aluminium 7075,Al,classical,256,256,0.0,3,,Al_szlifowane,area,Grinding,szlifowane,simple
829266.3629890273,63.67904400930688,66.55707432300152,1102443.6593814085,81.49109450002742,84.85770719843457,9694026.606195802,473.8258971126187,638.6250286224301,0.05,0.05,829202.683945018,829199.8059147042,1102362.1682869084,1102358.80167421,9693552.78029869,9693387.98116718,0.0,0.0,/Users/dawid/Library/Mobile Documents/com~apple~CloudDocs/Dokumenty/Publikacje własne/Manuscripts/Quantum_interference/data/Al_szlifowane.sur,1102455.8832442,810.0000000000001,809.0,532.0,655289.9999999508,Aluminium 7075,Al,quantum_like,256,256,0.0,3,,Al_szlifowane,area,Grinding,szlifowane,simple
421936.42982573604,63.67904400930688,66.55707432300152,538133.6100294153,81.49109450002742,84.85770719843457,3695016.83615328,473.8258971126187,638.6250286224301,0.05,0.05,421872.75078172673,421869.87275141303,538052.1189349153,538048.7523222169,3694543.010256167,3694378.2111246577,0.0,0.0,/Users/dawid/Library/Mobile Documents/com~apple~CloudDocs/Dokumenty/Publikacje własne/Manuscripts/Quantum_interference/data/Al_szlifowane.sur,538159.4425573169,810.0000000000001,809.0,532.0,655289.9999999508,Aluminium 7075,Al,hybrid,256,256,0.0,3,,Al_szlifowane,area,Grinding,szlifowane,simple
469.43467687191367,223.31743222772795,297.16816890965,591.1704444808211,272.5381756206323,365.33382951310733,4130.6574254928155,1738.0094316217455,2768.298898994887,0.05,0.05,246.1172446441857,172.26650796226366,318.6322688601888,225.83661496771376,2392.64799387107,1362.3585264979288,0.0,0.0,/Users/dawid/Library/Mobile Documents/com~apple~CloudDocs/Dokumenty/Publikacje własne/Manuscripts/Quantum_interference/data/C45_oselkowane.sur,565.7265946431165,810.0000000000001,809.0,532.0,655289.9999999508,Steel C45,C45,classical,256,256,0.0,0,,C45_oselkowane,area,Honed,oselkowane,simple
737053.0629527009,223.31743222772795,297.16816890965,958160.9036585024,272.5381756206323,365.33382951310733,7714402.157683058,1738.0094316217455,2768.298898994887,0.05,0.05,736829.7455204732,736755.8947837912,957888.3654828818,957795.5698289893,7712664.148251437,7711633.858784063,0.0,0.0,/Users/dawid/Library/Mobile Documents/com~apple~CloudDocs/Dokumenty/Publikacje własne/Manuscripts/Quantum_interference/data/C45_oselkowane.sur,958149.1373410854,810.0000000000001,809.0,532.0,655289.9999999508,Steel C45,C45,quantum_like,256,256,0.0,0,,C45_oselkowane,area,Honed,oselkowane,simple
300209.78677609377,223.31743222772795,297.16816890965,378850.1042979538,272.5381756206323,365.33382951310733,2773672.4956606077,1738.0094316217455,2768.298898994887,0.05,0.05,299986.46934386605,299912.61860718415,378577.5661223331,378484.7704684406,2771934.486228986,2770904.196761613,0.0,0.0,/Users/dawid/Library/Mobile Documents/com~apple~CloudDocs/Dokumenty/Publikacje własne/Manuscripts/Quantum_interference/data/C45_oselkowane.sur,378827.057437973,810.0000000000001,809.0,532.0,655289.9999999508,Steel C45,C45,hybrid,256,256,0.0,0,,C45_oselkowane,area,Honed,oselkowane,simple
460.9019661130491,223.31743222772795,297.16816890965,579.882746604654,272.5381756206323,365.33382951310733,3938.101408695136,1738.0094316217455,2768.298898994887,0.05,0.05,237.58453388532118,163.73379720339915,307.3445709840217,214.54891709154666,2200.0919770733904,1169.8025097002487,0.0,0.0,/Users/dawid/Library/Mobile Documents/com~apple~CloudDocs/Dokumenty/Publikacje własne/Manuscripts/Quantum_interference/data/C45_oselkowane.sur,550.737227816311,810.0000000000001,809.0,532.0,655289.9999999508,Steel C45,C45,classical,256,256,0.0,1,,C45_oselkowane,area,Honed,oselkowane,simple
776732.4100914825,223.31743222772795,297.16816890965,1010567.1099294046,272.5381756206323,365.33382951310733,8853588.364029486,1738.0094316217455,2768.298898994887,0.05,0.05,776509.0926592548,776435.2419225728,1010294.571753784,1010201.7760998914,8851850.354597865,8850820.065130493,0.0,0.0,/Users/dawid/Library/Mobile Documents/com~apple~CloudDocs/Dokumenty/Publikacje własne/Manuscripts/Quantum_interference/data/C45_oselkowane.sur,1010557.0792579674,810.0000000000001,809.0,532.0,655289.9999999508,Steel C45,C45,quantum_like,256,256,0.0,1,,C45_oselkowane,area,Honed,oselkowane,simple
386240.87803714024,223.31743222772795,297.16816890965,492106.8490970832,272.5381756206323,365.33382951310733,3332121.9713764163,1738.0094316217455,2768.298898994887,0.05,0.05,386017.56060491246,385943.70986823057,491834.31092146254,491741.5152675701,3330383.9619447947,3329353.6724774214,0.0,0.0,/Users/dawid/Library/Mobile Documents/com~apple~CloudDocs/Dokumenty/Publikacje własne/Manuscripts/Quantum_interference/data/C45_oselkowane.sur,492085.1697386864,810.0000000000001,809.0,532.0,655289.9999999508,Steel C45,C45,hybrid,256,256,0.0,1,,C45_oselkowane,area,Honed,oselkowane,simple
469.79543435324325,223.31743222772795,297.16816890965,592.8481113444279,272.5381756206323,365.33382951310733,4146.66472849355,1738.0094316217455,2768.298898994887,0.05,0.05,246.47800212551533,172.62726544359327,320.30993572379566,227.5142818313206,2408.655296871804,1378.3658294986626,0.0,0.0,/Users/dawid/Library/Mobile Documents/com~apple~CloudDocs/Dokumenty/Publikacje własne/Manuscripts/Quantum_interference/data/C45_oselkowane.sur,567.6132425192726,810.0000000000001,809.0,532.0,655289.9999999508,Steel C45,C45,classical,256,256,0.0,2,,C45_oselkowane,area,Honed,oselkowane,simple
784709.3796705692,223.31743222772795,297.16816890965,1031855.8569950807,272.5381756206323,365.33382951310733,8899879.709373264,1738.0094316217455,2768.298898994887,0.05,0.05,784486.0622383414,784412.2115016595,1031583.3188194602,1031490.5231655677,8898141.699941643,8897111.41047427,0.0,0.0,/Users/dawid/Library/Mobile Documents/com~apple~CloudDocs/Dokumenty/Publikacje własne/Manuscripts/Quantum_interference/data/C45_oselkowane.sur,1031859.900346371,810.0000000000001,809.0,532.0,655289.9999999508,Steel C45,C45,quantum_like,256,256,0.0,2,,C45_oselkowane,area,Honed,oselkowane,simple
405921.7383703614,223.31743222772795,297.16816890965,512128.2564285594,272.5381756206323,365.33382951310733,3784714.3209415223,1738.0094316217455,2768.298898994887,0.05,0.05,405698.42093813367,405624.5702014518,511855.71825293876,511762.9225990463,3782976.3115099007,3781946.0220425273,0.0,0.0,/Users/dawid/Library/Mobile Documents/com~apple~CloudDocs/Dokumenty/Publikacje własne/Manuscripts/Quantum_interference/data/C45_oselkowane.sur,512139.43302383425,810.0000000000001,809.0,532.0,655289.9999999508,Steel C45,C45,hybrid,256,256,0.0,2,,C45_oselkowane,area,Honed,oselkowane,simple
468.19740589412805,223.31743222772795,297.16816890965,590.4596390355198,272.5381756206323,365.33382951310733,4173.113262262039,1738.0094316217455,2768.298898994887,0.05,0.05,244.8799736664001,171.02923698447808,317.9214634148875,225.12580952241248,2435.1038306402934,1404.8143632671517,0.0,0.0,/Users/dawid/Library/Mobile Documents/com~apple~CloudDocs/Dokumenty/Publikacje własne/Manuscripts/Quantum_interference/data/C45_oselkowane.sur,561.1095257099199,810.0000000000001,809.0,532.0,655289.9999999508,Steel C45,C45,classical,256,256,0.0,3,,C45_oselkowane,area,Honed,oselkowane,simple
800714.4192161545,223.31743222772795,297.16816890965,1055668.7899558616,272.5381756206323,365.33382951310733,8720431.756191764,1738.0094316217455,2768.298898994887,0.05,0.05,800491.1017839268,800417.2510472449,1055396.251780241,1055303.4561263486,8718693.746760143,8717663.457292771,0.0,0.0,/Users/dawid/Library/Mobile Documents/com~apple~CloudDocs/Dokumenty/Publikacje własne/Manuscripts/Quantum_interference/data/C45_oselkowane.sur,1055658.1547813339,810.0000000000001,809.0,532.0,655289.9999999508,Steel C45,C45,quantum_like,256,256,0.0,3,,C45_oselkowane,area,Honed,oselkowane,simple
410449.84563701425,223.31743222772795,297.16816890965,537712.9014990507,272.5381756206323,365.33382951310733,3785570.2214426994,1738.0094316217455,2768.298898994887,0.05,0.05,410226.52820478653,410152.67746810464,537440.36332343,537347.5676695375,3783832.212011078,3782801.922543705,0.0,0.0,/Users/dawid/Library/Mobile Documents/com~apple~CloudDocs/Dokumenty/Publikacje własne/Manuscripts/Quantum_interference/data/C45_oselkowane.sur,537698.4515213699,810.0000000000001,809.0,532.0,655289.9999999508,Steel C45,C45,hybrid,256,256,0.0,3,,C45_oselkowane,area,Honed,oselkowane,simple
660.165247998002,201.86236291841112,304.0087497191734,860.6309596752425,252.25718011110456,380.88187998390504,6206.468890439636,1739.620230782732,2637.5771352498405,0.05,0.05,458.3028850795908,356.1564982788285,608.373779564138,479.7490796913375,4466.848659656905,3568.891755189796,0.0,0.0,/Users/dawid/Library/Mobile Documents/com~apple~CloudDocs/Dokumenty/Publikacje własne/Manuscripts/Quantum_interference/data/C45_szkielkowane.sur,879.7675732894801,810.0000000000001,809.0,532.0,655289.9999999508,Steel C45,C45,classical,256,256,0.0,0,,C45_szkielkowane,area,Glass bead blasted,szkielkowane,simple
830135.6097828737,201.86236291841112,304.0087497191734,1111150.5421166301,252.25718011110456,380.88187998390504,11318687.730571225,1739.620230782732,2637.5771352498405,0.05,0.05,829933.7474199553,829831.6010331545,1110898.284936519,1110769.6602366464,11316948.110340444,11316050.153435977,0.0,0.0,/Users/dawid/Library/Mobile Documents/com~apple~CloudDocs/Dokumenty/Publikacje własne/Manuscripts/Quantum_interference/data/C45_szkielkowane.sur,1111150.5713396524,810.0000000000001,809.0,532.0,655289.9999999508,Steel C45,C45,quantum_like,256,256,0.0,0,,C45_szkielkowane,area,Glass bead blasted,szkielkowane,simple
468356.065490241,201.86236291841112,304.0087497191734,584075.775069281,252.25718011110456,380.88187998390504,3886297.284848026,1739.620230782732,2637.5771352498405,0.05,0.05,468154.2031273226,468052.05674052186,583823.5178891699,583694.893189297,3884557.6646172437,3883659.707712776,0.0,0.0,/Users/dawid/Library/Mobile Documents/com~apple~CloudDocs/Dokumenty/Publikacje własne/Manuscripts/Quantum_interference/data/C45_szkielkowane.sur,584080.1387615957,810.0000000000001,809.0,532.0,655289.9999999508,Steel C45,C45,hybrid,256,256,0.0,0,,C45_szkielkowane,area,Glass bead blasted,szkielkowane,simple
661.3726880070085,201.86236291841112,304.0087497191734,862.6295699637385,252.25718011110456,380.88187998390504,6220.347730427705,1739.620230782732,2637.5771352498405,0.05,0.05,459.5103250885974,357.3639382878351,610.372389852634,481.74768997983347,4480.727499644972,3582.7705951778644,0.0,0.0,/Users/dawid/Library/Mobile Documents/com~apple~CloudDocs/Dokumenty/Publikacje własne/Manuscripts/Quantum_interference/data/C45_szkielkowane.sur,881.8778362620005,810.0000000000001,809.0,532.0,655289.9999999508,Steel C45,C45,classical,256,256,0.0,1,,C45_szkielkowane,area,Glass bead blasted,szkielkowane,simple
832122.8331127869,201.86236291841112,304.0087497191734,1082754.1595025875,252.25718011110456,380.88187998390504,7930501.081611745,1739.620230782732,2637.5771352498405,0.05,0.05,831920.9707498685,831818.8243630677,1082501.9023224765,1082373.2776226038,7928761.461380962,7927863.504476496,0.0,0.0,/Users/dawid/Library/Mobile Documents/com~apple~CloudDocs/Dokumenty/Publikacje własne/Manuscripts/Quantum_interference/data/C45_szkielkowane.sur,1082749.6059906005,810.0000000000001,809.0,532.0,655289.9999999508,Steel C45,C45,quantum_like,256,256,0.0,1,,C45_szkielkowane,area,Glass bead blasted,szkielkowane,simple
404688.57292970235,201.86236291841112,304.0087497191734,501611.3689591099,252.25718011110456,380.88187998390504,3269128.855187443,1739.620230782732,2637.5771352498405,0.05,0.05,404486.7105667839,404384.56417998316,501359.11177899875,501230.487079126,3267389.2349566603,3266491.278052193,0.0,0.0,/Users/dawid/Library/Mobile Documents/com~apple~CloudDocs/Dokumenty/Publikacje własne/Manuscripts/Quantum_interference/data/C45_szkielkowane.sur,501603.24449575174,810.0000000000001,809.0,532.0,655289.9999999508,Steel C45,C45,hybrid,256,256,0.0,1,,C45_szkielkowane,area,Glass bead blasted,szkielkowane,simple
661.9242984054864,201.86236291841112,304.0087497191734,862.4790386204455,252.25718011110456,380.88187998390504,6209.897086677432,1739.620230782732,2637.5771352498405,0.05,0.05,460.06193548707535,357.915548686313,610.2218585093409,481.5971586365404,4470.276855894699,3572.319951427591,0.0,0.0,/Users/dawid/Library/Mobile Documents/com~apple~CloudDocs/Dokumenty/Publikacje własne/Manuscripts/Quantum_interference/data/C45_szkielkowane.sur,882.2721485421382,810.0000000000001,809.0,532.0,655289.9999999508,Steel C45,C45,classical,256,256,0.0,2,,C45_szkielkowane,area,Glass bead blasted,szkielkowane,simple
890050.7493915337,201.86236291841112,304.0087497191734,1118977.7226376303,252.25718011110456,380.88187998390504,8088692.732429273,1739.620230782732,2637.5771352498405,0.05,0.05,889848.8870286153,889746.7406418145,1118725.4654575193,1118596.8407576464,8086953.112198491,8086055.155294024,0.0,0.0,/Users/dawid/Library/Mobile Documents/com~apple~CloudDocs/Dokumenty/Publikacje własne/Manuscripts/Quantum_interference/data/C45_szkielkowane.sur,1118966.3801011308,810.0000000000001,809.0,532.0,655289.9999999508,Steel C45,C45,quantum_like,256,256,0.0,2,,C45_szkielkowane,area,Glass bead blasted,szkielkowane,simple
521385.30274555116,201.86236291841112,304.0087497191734,625288.8879713563,252.25718011110456,380.88187998390504,3644412.9471058827,1739.620230782732,2637.5771352498405,0.05,0.05,521183.4403826327,521081.293995832,625036.6307912451,624908.0060913723,3642673.3268751,3641775.3699706327,0.0,0.0,/Users/dawid/Library/Mobile Documents/com~apple~CloudDocs/Dokumenty/Publikacje własne/Manuscripts/Quantum_interference/data/C45_szkielkowane.sur,625271.9157739008,810.0000000000001,809.0,532.0,655289.9999999508,Steel C45,C45,hybrid,256,256,0.0,2,,C45_szkielkowane,area,Glass bead blasted,szkielkowane,simple
663.6829801571349,201.86236291841112,304.0087497191734,863.675053800918,252.25718011110456,380.88187998390504,6197.9918157938155,1739.620230782732,2637.5771352498405,0.05,0.05,461.82061723872386,359.67423043796157,611.4178736898135,482.793173817013,4458.371585011084,3560.4146805439755,0.0,0.0,/Users/dawid/Library/Mobile Documents/com~apple~CloudDocs/Dokumenty/Publikacje własne/Manuscripts/Quantum_interference/data/C45_szkielkowane.sur,882.9218569266932,810.0000000000001,809.0,532.0,655289.9999999508,Steel C45,C45,classical,256,256,0.0,3,,C45_szkielkowane,area,Glass bead blasted,szkielkowane,simple
796948.7326588101,201.86236291841112,304.0087497191734,1056192.2568278194,252.25718011110456,380.88187998390504,8719419.543837994,1739.620230782732,2637.5771352498405,0.05,0.05,796746.8702958917,796644.7239090909,1055939.9996477081,1055811.3749478355,8717679.923607212,8716781.966702746,0.0,0.0,/Users/dawid/Library/Mobile Documents/com~apple~CloudDocs/Dokumenty/Publikacje własne/Manuscripts/Quantum_interference/data/C45_szkielkowane.sur,1056193.8508775125,810.0000000000001,809.0,532.0,655289.9999999508,Steel C45,C45,quantum_like,256,256,0.0,3,,C45_szkielkowane,area,Glass bead blasted,szkielkowane,simple
366383.1100591541,201.86236291841112,304.0087497191734,489984.92958382244,252.25718011110456,380.88187998390504,4451605.704288032,1739.620230782732,2637.5771352498405,0.05,0.05,366181.24769623566,366079.1013094349,489732.67240371124,489604.04770383856,4449866.084057248,4448968.127152782,0.0,0.0,/Users/dawid/Library/Mobile Documents/com~apple~CloudDocs/Dokumenty/Publikacje własne/Manuscripts/Quantum_interference/data/C45_szkielkowane.sur,489989.2529813811,810.0000000000001,809.0,532.0,655289.9999999508,Steel C45,C45,hybrid,256,256,0.0,3,,C45_szkielkowane,area,Glass bead blasted,szkielkowane,simple
619.4362626275077,234.32438033986708,294.2677905732902,807.6324058738755,292.51105888481834,373.10076478927004,6412.8824945117585,2256.4749962736864,4746.313267479542,0.05,0.05,385.1118822876407,325.16847205421755,515.1213469890572,434.5316410846055,4156.407498238073,1666.5692270322165,0.0,0.0,/Users/dawid/Library/Mobile Documents/com~apple~CloudDocs/Dokumenty/Publikacje własne/Manuscripts/Quantum_interference/data/C45_szlifowane.sur,846.7920828365545,810.0000000000001,809.0,532.0,655289.9999999508,Steel C45,C45,classical,256,256,0.0,0,,C45_szlifowane,area,Grinding,szlifowane,simple
846914.6986453361,234.32438033986708,294.2677905732902,1095010.7707551406,292.51105888481834,373.10076478927004,8254350.724867134,2256.4749962736864,4746.313267479542,0.05,0.05,846680.3742649963,846620.4308547628,1094718.2596962554,1094637.6699903512,8252094.24987086,8249604.411599655,0.0,0.0,/Users/dawid/Library/Mobile Documents/com~apple~CloudDocs/Dokumenty/Publikacje własne/Manuscripts/Quantum_interference/data/C45_szlifowane.sur,1095035.9534125903,810.0000000000001,809.0,532.0,655289.9999999508,Steel C45,C45,quantum_like,256,256,0.0,0,,C45_szlifowane,area,Grinding,szlifowane,simple
429032.40420542,234.32438033986708,294.2677905732902,526170.0168506476,292.51105888481834,373.10076478927004,3362229.3220935035,2256.4749962736864,4746.313267479542,0.05,0.05,428798.0798250801,428738.1364148467,525877.5057917628,525796.9160858585,3359972.8470972297,3357483.008826024,0.0,0.0,/Users/dawid/Library/Mobile Documents/com~apple~CloudDocs/Dokumenty/Publikacje własne/Manuscripts/Quantum_interference/data/C45_szlifowane.sur,526226.4204538276,810.0000000000001,809.0,532.0,655289.9999999508,Steel C45,C45,hybrid,256,256,0.0,0,,C45_szlifowane,area,Grinding,szlifowane,simple
617.9981101608158,234.32438033986708,294.2677905732902,804.2257734400794,292.51105888481834,373.10076478927004,6413.534788088714,2256.4749962736864,4746.313267479542,0.05,0.05,383.6737298209488,323.7303195875257,511.7147145552609,431.12500865080926,4157.059791815028,1667.2215206091716,0.0,0.0,/Users/dawid/Library/Mobile Documents/com~apple~CloudDocs/Dokumenty/Publikacje własne/Manuscripts/Quantum_interference/data/C45_szlifowane.sur,841.8417006474973,810.0000000000001,809.0,532.0,655289.9999999508,Steel C45,C45,classical,256,256,0.0,1,,C45_szlifowane,area,Grinding,szlifowane,simple
833458.3685215595,234.32438033986708,294.2677905732902,1108983.6060915051,292.51105888481834,373.10076478927004,9301291.983290166,2256.4749962736864,4746.313267479542,0.05,0.05,833224.0441412197,833164.1007309862,1108691.0950326202,1108610.505326716,9299035.508293891,9296545.670022687,0.0,0.0,/Users/dawid/Library/Mobile Documents/com~apple~CloudDocs/Dokumenty/Publikacje własne/Manuscripts/Quantum_interference/data/C45_szlifowane.sur,1108979.6123356256,810.0000000000001,809.0,532.0,655289.9999999508,Steel C45,C45,quantum_like,256,256,0.0,1,,C45_szlifowane,area,Grinding,szlifowane,simple
484662.9276526865,234.32438033986708,294.2677905732902,608475.2940388643,292.51105888481834,373.10076478927004,3813396.9104336016,2256.4749962736864,4746.313267479542,0.05,0.05,484428.60327234666,484368.65986211324,608182.7829799795,608102.1932740752,3811140.4354373277,3808650.597166122,0.0,0.0,/Users/dawid/Library/Mobile Documents/com~apple~CloudDocs/Dokumenty/Publikacje własne/Manuscripts/Quantum_interference/data/C45_szlifowane.sur,608459.2198829225,810.0000000000001,809.0,532.0,655289.9999999508,Steel C45,C45,hybrid,256,256,0.0,1,,C45_szlifowane,area,Grinding,szlifowane,simple
619.7260149918499,234.32438033986708,294.2677905732902,806.0183451836059,292.51105888481834,373.10076478927004,6054.976787599181,2256.4749962736864,4746.313267479542,0.05,0.05,385.4016346519828,325.45822441855967,513.5072862987874,432.9175803943358,3798.5017913254947,1308.6635201196389,0.0,0.0,/Users/dawid/Library/Mobile Documents/com~apple~CloudDocs/Dokumenty/Publikacje własne/Manuscripts/Quantum_interference/data/C45_szlifowane.sur,843.0569495919408,810.0000000000001,809.0,532.0,655289.9999999508,Steel C45,C45,classical,256,256,0.0,2,,C45_szlifowane,area,Grinding,szlifowane,simple
777112.9787656536,234.32438033986708,294.2677905732902,1015021.587622255,292.51105888481834,373.10076478927004,7333909.713357359,2256.4749962736864,4746.313267479542,0.05,0.05,776878.6543853136,776818.7109750803,1014729.0765633701,1014648.4868574657,7331653.238361085,7329163.4000898795,0.0,0.0,/Users/dawid/Library/Mobile Documents/com~apple~CloudDocs/Dokumenty/Publikacje własne/Manuscripts/Quantum_interference/data/C45_szlifowane.sur,1015044.609682741,810.0000000000001,809.0,532.0,655289.9999999508,Steel C45,C45,quantum_like,256,256,0.0,2,,C45_szlifowane,area,Grinding,szlifowane,simple
399081.4667563815,234.32438033986708,294.2677905732902,506638.59317601385,292.51105888481834,373.10076478927004,3668607.1407912327,2256.4749962736864,4746.313267479542,0.05,0.05,398847.1423760416,398787.19896580826,506346.08211712906,506265.49241122464,3666350.6657949593,3663860.827523753,0.0,0.0,/Users/dawid/Library/Mobile Documents/com~apple~CloudDocs/Dokumenty/Publikacje własne/Manuscripts/Quantum_interference/data/C45_szlifowane.sur,506682.07858537114,810.0000000000001,809.0,532.0,655289.9999999508,Steel C45,C45,hybrid,256,256,0.0,2,,C45_szlifowane,area,Grinding,szlifowane,simple
616.4909744270607,234.32438033986708,294.2677905732902,802.1763032408135,292.51105888481834,373.10076478927004,6147.138670636244,2256.4749962736864,4746.313267479542,0.05,0.05,382.16659408719363,322.2231838537705,509.6652443559951,429.0755384515435,3890.6636743625572,1400.8254031567012,0.0,0.0,/Users/dawid/Library/Mobile Documents/com~apple~CloudDocs/Dokumenty/Publikacje własne/Manuscripts/Quantum_interference/data/C45_szlifowane.sur,841.5551958841462,810.0000000000001,809.0,532.0,655289.9999999508,Steel C45,C45,classical,256,256,0.0,3,,C45_szlifowane,area,Grinding,szlifowane,simple
776122.0947893751,234.32438033986708,294.2677905732902,1002711.251877054,292.51105888481834,373.10076478927004,7438557.480968113,2256.4749962736864,4746.313267479542,0.05,0.05,775887.7704090353,775827.8269988018,1002418.7408181691,1002338.1511122648,7436301.005971839,7433811.167700633,0.0,0.0,/Users/dawid/Library/Mobile Documents/com~apple~CloudDocs/Dokumenty/Publikacje własne/Manuscripts/Quantum_interference/data/C45_szlifowane.sur,1002704.5579773776,810.0000000000001,809.0,532.0,655289.9999999508,Steel C45,C45,quantum_like,256,256,0.0,3,,C45_szlifowane,area,Grinding,szlifowane,simple
360982.4450475447,234.32438033986708,294.2677905732902,450676.3062202018,292.51105888481834,373.10076478927004,3229137.8312247703,2256.4749962736864,4746.313267479542,0.05,0.05,360748.12066720484,360688.1772569714,450383.7951613169,450303.2054554125,3226881.356228497,3224391.5179572906,0.0,0.0,/Users/dawid/Library/Mobile Documents/com~apple~CloudDocs/Dokumenty/Publikacje własne/Manuscripts/Quantum_interference/data/C45_szlifowane.sur,450648.4516401057,810.0000000000001,809.0,532.0,655289.9999999508,Steel C45,C45,hybrid,256,256,0.0,3,,C45_szlifowane,area,Grinding,szlifowane,simple
742.1790009230507,2732.958658307945,3227.486193601588,962.8560133055321,3775.7730527330605,4810.678022931261,8778.784239180392,91545.0493924157,102791.46656079737,0.05,0.05,-1990.779657384894,-2485.3071926785374,-2812.9170394275284,-3847.822009625729,-82766.2651532353,-94012.68232161699,0.0,0.0,/Users/dawid/Library/Mobile Documents/com~apple~CloudDocs/Dokumenty/Publikacje własne/Manuscripts/Quantum_interference/data/C45_t_wyk.sur,3919.9726600649287,810.0000000000001,809.0,532.0,655289.9999999508,Steel C45,C45,classical,256,256,0.0,0,,C45_t_wyk,area,Turning (finishing),t_wyk,simple
704524.3435553279,2732.958658307945,3227.486193601588,915608.8044353276,3775.7730527330605,4810.678022931261,7548339.982997796,91545.0493924157,102791.46656079737,0.05,0.05,701791.3848970198,701296.8573617262,911833.0313825946,910798.1264123964,7456794.933605379,7445548.516436998,0.0,0.0,/Users/dawid/Library/Mobile Documents/com~apple~CloudDocs/Dokumenty/Publikacje własne/Manuscripts/Quantum_interference/data/C45_t_wyk.sur,915643.0791849571,810.0000000000001,809.0,532.0,655289.9999999508,Steel C45,C45,quantum_like,256,256,0.0,0,,C45_t_wyk,area,Turning (finishing),t_wyk,simple
405447.98654513655,2732.958658307945,3227.486193601588,520332.8382911374,3775.7730527330605,4810.678022931261,3558973.8965763026,91545.0493924157,102791.46656079737,0.05,0.05,402715.02788682864,402220.500351535,516557.0652384044,515522.1602682062,3467428.847183887,3456182.4300155053,0.0,0.0,/Users/dawid/Library/Mobile Documents/com~apple~CloudDocs/Dokumenty/Publikacje własne/Manuscripts/Quantum_interference/data/C45_t_wyk.sur,520403.987916453,810.0000000000001,809.0,532.0,655289.9999999508,Steel C45,C45,hybrid,256,256,0.0,0,,C45_t_wyk,area,Turning (finishing),t_wyk,simple
732.9672454087925,2732.958658307945,3227.486193601588,948.7608403665315,3775.7730527330605,4810.678022931261,8954.057825961005,91545.0493924157,102791.46656079737,0.05,0.05,-1999.9914128991522,-2494.5189481927955,-2827.012212366529,-3861.917182564729,-82590.9915664547,-93837.40873483637,0.0,0.0,/Users/dawid/Library/Mobile Documents/com~apple~CloudDocs/Dokumenty/Publikacje własne/Manuscripts/Quantum_interference/data/C45_t_wyk.sur,3915.4911183755976,810.0000000000001,809.0,532.0,655289.9999999508,Steel C45,C45,classical,256,256,0.0,1,,C45_t_wyk,area,Turning (finishing),t_wyk,simple
744547.7973312633,2732.958658307945,3227.486193601588,972877.6297966896,3775.7730527330605,4810.678022931261,8639665.128522426,91545.0493924157,102791.46656079737,0.05,0.05,741814.8386729553,741320.3111376617,969101.8567439566,968066.9517737584,8548120.07913001,8536873.66196163,0.0,0.0,/Users/dawid/Library/Mobile Documents/com~apple~CloudDocs/Dokumenty/Publikacje własne/Manuscripts/Quantum_interference/data/C45_t_wyk.sur,972930.8992490466,810.0000000000001,809.0,532.0,655289.9999999508,Steel C45,C45,quantum_like,256,256,0.0,1,,C45_t_wyk,area,Turning (finishing),t_wyk,simple
436703.66405525635,2732.958658307945,3227.486193601588,539642.4079216629,3775.7730527330605,4810.678022931261,3862867.1772701135,91545.0493924157,102791.46656079737,0.05,0.05,433970.70539694844,433476.1778616548,535866.6348689299,534831.7298987317,3771322.127877698,3760075.7107093157,0.0,0.0,/Users/dawid/Library/Mobile Documents/com~apple~CloudDocs/Dokumenty/Publikacje własne/Manuscripts/Quantum_interference/data/C45_t_wyk.sur,539735.7891160116,810.0000000000001,809.0,532.0,655289.9999999508,Steel C45,C45,hybrid,256,256,0.0,1,,C45_t_wyk,area,Turning (finishing),t_wyk,simple
728.9071206418585,2732.958658307945,3227.486193601588,941.4167450901613,3775.7730527330605,4810.678022931261,8636.303391173027,91545.0493924157,102791.46656079737,0.05,0.05,-2004.0515376660862,-2498.5790729597293,-2834.356307642899,-3869.2612778411,-82908.74600124267,-94155.16316962434,0.0,0.0,/Users/dawid/Library/Mobile Documents/com~apple~CloudDocs/Dokumenty/Publikacje własne/Manuscripts/Quantum_interference/data/C45_t_wyk.sur,3914.9265493546095,810.0000000000001,809.0,532.0,655289.9999999508,Steel C45,C45,classical,256,256,0.0,2,,C45_t_wyk,area,Turning (finishing),t_wyk,simple
711493.1236039037,2732.958658307945,3227.486193601588,940505.0951374854,3775.7730527330605,4810.678022931261,8284898.885083446,91545.0493924157,102791.46656079737,0.05,0.05,708760.1649455957,708265.6374103021,936729.3220847524,935694.4171145542,8193353.835691031,8182107.418522649,0.0,0.0,/Users/dawid/Library/Mobile Documents/com~apple~CloudDocs/Dokumenty/Publikacje własne/Manuscripts/Quantum_interference/data/C45_t_wyk.sur,940511.4451293743,810.0000000000001,809.0,532.0,655289.9999999508,Steel C45,C45,quantum_like,256,256,0.0,2,,C45_t_wyk,area,Turning (finishing),t_wyk,simple
363022.6620905063,2732.958658307945,3227.486193601588,464661.00617711316,3775.7730527330605,4810.678022931261,3408758.8448727666,91545.0493924157,102791.46656079737,0.05,0.05,360289.7034321984,359795.1758969047,460885.2331243801,459850.32815418195,3317213.795480351,3305967.3783119693,0.0,0.0,/Users/dawid/Library/Mobile Documents/com~apple~CloudDocs/Dokumenty/Publikacje własne/Manuscripts/Quantum_interference/data/C45_t_wyk.sur,464697.54651681706,810.0000000000001,809.0,532.0,655289.9999999508,Steel C45,C45,hybrid,256,256,0.0,2,,C45_t_wyk,area,Turning (finishing),t_wyk,simple
728.619197435564,2732.958658307945,3227.486193601588,947.0355641443774,3775.7730527330605,4810.678022931261,9020.992123614154,91545.0493924157,102791.46656079737,0.05,0.05,-2004.3394608723809,-2498.866996166024,-2828.737488588683,-3863.642458786883,-82524.05726880154,-93770.47443718322,0.0,0.0,/Users/dawid/Library/Mobile Documents/com~apple~CloudDocs/Dokumenty/Publikacje własne/Manuscripts/Quantum_interference/data/C45_t_wyk.sur,3915.4417166715853,810.0000000000001,809.0,532.0,655289.9999999508,Steel C45,C45,classical,256,256,0.0,3,,C45_t_wyk,area,Turning (finishing),t_wyk,simple
689146.1289289035,2732.958658307945,3227.486193601588,905621.6798371733,3775.7730527330605,4810.678022931261,7121388.323806858,91545.0493924157,102791.46656079737,0.05,0.05,686413.1702705956,685918.642735302,901845.9067844403,900811.0018142421,7029843.274414442,7018596.85724606,0.0,0.0,/Users/dawid/Library/Mobile Documents/com~apple~CloudDocs/Dokumenty/Publikacje własne/Manuscripts/Quantum_interference/data/C45_t_wyk.sur,905602.9447627055,810.0000000000001,809.0,532.0,655289.9999999508,Steel C45,C45,quantum_like,256,256,0.0,3,,C45_t_wyk,area,Turning (finishing),t_wyk,simple
315107.1141095655,2732.958658307945,3227.486193601588,406548.6719495058,3775.7730527330605,4810.678022931261,2778351.303843713,91545.0493924157,102791.46656079737,0.05,0.05,312374.1554512576,311879.62791596394,402772.89889677276,401737.99392657453,2686806.254451297,2675559.8372829156,0.0,0.0,/Users/dawid/Library/Mobile Documents/com~apple~CloudDocs/Dokumenty/Publikacje własne/Manuscripts/Quantum_interference/data/C45_t_wyk.sur,406549.9366347548,810.0000000000001,809.0,532.0,655289.9999999508,Steel C45,C45,hybrid,256,256,0.0,3,,C45_t_wyk,area,Turning (finishing),t_wyk,simple
695.9422191029101,1234.8140560888633,1520.863677324698,897.1753975509714,1847.786756643374,2711.1025465307293,7311.915804874973,36468.104434120825,95448.76015739111,0.05,0.05,-538.8718369859531,-824.9214582217878,-950.6113590924026,-1813.927148979758,-29156.18862924585,-88136.84435251613,0.0,0.0,/Users/dawid/Library/Mobile Documents/com~apple~CloudDocs/Dokumenty/Publikacje własne/Manuscripts/Quantum_interference/data/ELLOR_t_wyk.sur,2037.3690615757932,810.0000000000001,809.0,532.0,655289.9999999508,Graphite,ELLOR,classical,256,256,0.0,0,,ELLOR_t_wyk,area,Turning (finishing),t_wyk,simple
685159.5601699657,1234.8140560888633,1520.863677324698,892615.2032385335,1847.786756643374,2711.1025465307293,7817173.9900713675,36468.104434120825,95448.76015739111,0.05,0.05,683924.7461138769,683638.696492641,890767.4164818901,889904.1006920028,7780705.885637246,7721725.229913976,0.0,0.0,/Users/dawid/Library/Mobile Documents/com~apple~CloudDocs/Dokumenty/Publikacje własne/Manuscripts/Quantum_interference/data/ELLOR_t_wyk.sur,892582.2691103894,810.0000000000001,809.0,532.0,655289.9999999508,Graphite,ELLOR,quantum_like,256,256,0.0,0,,ELLOR_t_wyk,area,Turning (finishing),t_wyk,simple
331759.7685098685,1234.8140560888633,1520.863677324698,416616.70793521154,1847.786756643374,2711.1025465307293,3186324.323950955,36468.104434120825,95448.76015739111,0.05,0.05,330524.9544537796,330238.9048325438,414768.9211785682,413905.6053886808,3149856.2195168347,3090875.563793564,0.0,0.0,/Users/dawid/Library/Mobile Documents/com~apple~CloudDocs/Dokumenty/Publikacje własne/Manuscripts/Quantum_interference/data/ELLOR_t_wyk.sur,416557.11936485115,810.0000000000001,809.0,532.0,655289.9999999508,Graphite,ELLOR,hybrid,256,256,0.0,0,,ELLOR_t_wyk,area,Turning (finishing),t_wyk,simple
704.65523890242,1234.8140560888633,1520.863677324698,909.4770424410248,1847.786756643374,2711.1025465307293,7475.610054406979,36468.104434120825,95448.76015739111,0.05,0.05,-530.1588171864432,-816.2084384222779,-938.3097142023493,-1801.6255040897045,-28992.494379713848,-87973.15010298413,0.0,0.0,/Users/dawid/Library/Mobile Documents/com~apple~CloudDocs/Dokumenty/Publikacje własne/Manuscripts/Quantum_interference/data/ELLOR_t_wyk.sur,2037.8416659320717,810.0000000000001,809.0,532.0,655289.9999999508,Graphite,ELLOR,classical,256,256,0.0,1,,ELLOR_t_wyk,area,Turning (finishing),t_wyk,simple
692630.3070635451,1234.8140560888633,1520.863677324698,919061.4965890625,1847.786756643374,2711.1025465307293,7976735.56815651,36468.104434120825,95448.76015739111,0.05,0.05,691395.4930074563,691109.4433862204,917213.7098324192,916350.3940425318,7940267.463722389,7881286.807999118,0.0,0.0,/Users/dawid/Library/Mobile Documents/com~apple~CloudDocs/Dokumenty/Publikacje własne/Manuscripts/Quantum_interference/data/ELLOR_t_wyk.sur,919094.7483701132,810.0000000000001,809.0,532.0,655289.9999999508,Graphite,ELLOR,quantum_like,256,256,0.0,1,,ELLOR_t_wyk,area,Turning (finishing),t_wyk,simple
303712.07670459704,1234.8140560888633,1520.863677324698,382780.9361121781,1847.786756643374,2711.1025465307293,2904704.4459034707,36468.104434120825,95448.76015739111,0.05,0.05,302477.2626485082,302191.2130272724,380933.1493555347,380069.8335656473,2868236.3414693503,2809255.68574608,0.0,0.0,/Users/dawid/Library/Mobile Documents/com~apple~CloudDocs/Dokumenty/Publikacje własne/Manuscripts/Quantum_interference/data/ELLOR_t_wyk.sur,382873.1760233559,810.0000000000001,809.0,532.0,655289.9999999508,Graphite,ELLOR,hybrid,256,256,0.0,1,,ELLOR_t_wyk,area,Turning (finishing),t_wyk,simple
701.4990792364005,1234.8140560888633,1520.863677324698,903.9449039571355,1847.786756643374,2711.1025465307293,7039.055082349968,36468.104434120825,95448.76015739111,0.05,0.05,-533.3149768524628,-819.3645980882975,-943.8418526862386,-1807.1576425735936,-29429.049351770856,-88409.70507504114,0.0,0.0,/Users/dawid/Library/Mobile Documents/com~apple~CloudDocs/Dokumenty/Publikacje własne/Manuscripts/Quantum_interference/data/ELLOR_t_wyk.sur,2040.7432630043552,810.0000000000001,809.0,532.0,655289.9999999508,Graphite,ELLOR,classical,256,256,0.0,2,,ELLOR_t_wyk,area,Turning (finishing),t_wyk,simple
733737.7358418236,1234.8140560888633,1520.863677324698,976888.4976021132,1847.786756643374,2711.1025465307293,7671308.469777191,36468.104434120825,95448.76015739111,0.05,0.05,732502.9217857347,732216.8721644989,975040.7108454697,974177.3950555824,7634840.365343071,7575859.709619801,0.0,0.0,/Users/dawid/Library/Mobile Documents/com~apple~CloudDocs/Dokumenty/Publikacje własne/Manuscripts/Quantum_interference/data/ELLOR_t_wyk.sur,976878.0218980227,810.0000000000001,809.0,532.0,655289.9999999508,Graphite,ELLOR,quantum_like,256,256,0.0,2,,ELLOR_t_wyk,area,Turning (finishing),t_wyk,simple
359675.65605053864,1234.8140560888633,1520.863677324698,446037.644190937,1847.786756643374,2711.1025465307293,3004982.1907369816,36468.104434120825,95448.76015739111,0.05,0.05,358440.84199444985,358154.792373214,444189.85743429366,443326.5416444063,2968514.086302861,2909533.4305795906,0.0,0.0,/Users/dawid/Library/Mobile Documents/com~apple~CloudDocs/Dokumenty/Publikacje własne/Manuscripts/Quantum_interference/data/ELLOR_t_wyk.sur,446022.73610875924,810.0000000000001,809.0,532.0,655289.9999999508,Graphite,ELLOR,hybrid,256,256,0.0,2,,ELLOR_t_wyk,area,Turning (finishing),t_wyk,simple
704.6772414410294,1234.8140560888633,1520.863677324698,906.7494311841665,1847.786756643374,2711.1025465307293,7189.885127856285,36468.104434120825,95448.76015739111,0.05,0.05,-530.1368146478338,-816.1864358836685,-941.0373254592075,-1804.3531153465626,-29278.219306264542,-88258.87502953483,0.0,0.0,/Users/dawid/Library/Mobile Documents/com~apple~CloudDocs/Dokumenty/Publikacje własne/Manuscripts/Quantum_interference/data/ELLOR_t_wyk.sur,2034.329348903325,810.0000000000001,809.0,532.0,655289.9999999508,Graphite,ELLOR,classical,256,256,0.0,3,,ELLOR_t_wyk,area,Turning (finishing),t_wyk,simple
762683.0793596565,1234.8140560888633,1520.863677324698,1004860.7254339134,1847.786756643374,2711.1025465307293,8887234.028272513,36468.104434120825,95448.76015739111,0.05,0.05,761448.2653035678,761162.2156823318,1003012.93867727,1002149.6228873826,8850765.923838394,8791785.268115122,0.0,0.0,/Users/dawid/Library/Mobile Documents/com~apple~CloudDocs/Dokumenty/Publikacje własne/Manuscripts/Quantum_interference/data/ELLOR_t_wyk.sur,1004837.1769957319,810.0000000000001,809.0,532.0,655289.9999999508,Graphite,ELLOR,quantum_like,256,256,0.0,3,,ELLOR_t_wyk,area,Turning (finishing),t_wyk,simple
426836.69591780915,1234.8140560888633,1520.863677324698,539019.6079417219,1847.786756643374,2711.1025465307293,3665231.290130926,36468.104434120825,95448.76015739111,0.05,0.05,425601.8818617203,425315.8322404845,537171.8211850785,536308.5053951911,3628763.1856968054,3569782.529973535,0.0,0.0,/Users/dawid/Library/Mobile Documents/com~apple~CloudDocs/Dokumenty/Publikacje własne/Manuscripts/Quantum_interference/data/ELLOR_t_wyk.sur,538991.0593690907,810.0000000000001,809.0,532.0,655289.9999999508,Graphite,ELLOR,hybrid,256,256,0.0,3,,ELLOR_t_wyk,area,Turning (finishing),t_wyk,simple
548.6336971728151,164.77047735641173,182.7126111276782,708.9431060768973,327.645724642529,690.4123953098978,5605.525032630478,24322.604544626112,72932.940179508,0.05,0.05,383.86321981640344,365.9210860451369,381.2973814343683,18.53071076699948,-18717.079511995635,-67327.41514687752,0.0,0.0,/Users/dawid/Library/Mobile Documents/com~apple~CloudDocs/Dokumenty/Publikacje własne/Manuscripts/Quantum_interference/data/Graphite_oselkowane.sur,781.6000023026555,810.0000000000001,809.0,532.0,655289.9999999508,Graphite,Graphite,classical,256,256,0.0,0,,Graphite_oselkowane,area,Honed,oselkowane,simple
744601.2628768914,164.77047735641173,182.7126111276782,984725.4147992298,327.645724642529,690.4123953098978,8608953.283613572,24322.604544626112,72932.940179508,0.05,0.05,744436.492399535,744418.5502657637,984397.7690745874,984035.0024039198,8584630.679068945,8536020.343434064,0.0,0.0,/Users/dawid/Library/Mobile Documents/com~apple~CloudDocs/Dokumenty/Publikacje własne/Manuscripts/Quantum_interference/data/Graphite_oselkowane.sur,984745.450635362,810.0000000000001,809.0,532.0,655289.9999999508,Graphite,Graphite,quantum_like,256,256,0.0,0,,Graphite_oselkowane,area,Honed,oselkowane,simple
358377.9829239425,164.77047735641173,182.7126111276782,464937.3513081469,327.645724642529,690.4123953098978,3257195.5052233813,24322.604544626112,72932.940179508,0.05,0.05,358213.21244658605,358195.27031281486,464609.7055835044,464246.93891283707,3232872.9006787552,3184262.5650438736,0.0,0.0,/Users/dawid/Library/Mobile Documents/com~apple~CloudDocs/Dokumenty/Publikacje własne/Manuscripts/Quantum_interference/data/Graphite_oselkowane.sur,464981.7704375763,810.0000000000001,809.0,532.0,655289.9999999508,Graphite,Graphite,hybrid,256,256,0.0,0,,Graphite_oselkowane,area,Honed,oselkowane,simple
546.142349337562,164.77047735641173,182.7126111276782,708.6759436294273,327.645724642529,690.4123953098978,5874.088143944273,24322.604544626112,72932.940179508,0.05,0.05,381.3718719811502,363.42973820988374,381.0302189868983,18.263548319529534,-18448.516400681838,-67058.85203556373,0.0,0.0,/Users/dawid/Library/Mobile Documents/com~apple~CloudDocs/Dokumenty/Publikacje własne/Manuscripts/Quantum_interference/data/Graphite_oselkowane.sur,778.8865708055008,810.0000000000001,809.0,532.0,655289.9999999508,Graphite,Graphite,classical,256,256,0.0,1,,Graphite_oselkowane,area,Honed,oselkowane,simple
782399.1631207913,164.77047735641173,182.7126111276782,1020085.7919028003,327.645724642529,690.4123953098978,8432619.88750938,24322.604544626112,72932.940179508,0.05,0.05,782234.3926434349,782216.4505096636,1019758.1461781579,1019395.3795074903,8408297.282964753,8359686.94732987,0.0,0.0,/Users/dawid/Library/Mobile Documents/com~apple~CloudDocs/Dokumenty/Publikacje własne/Manuscripts/Quantum_interference/data/Graphite_oselkowane.sur,1020095.9077198899,810.0000000000001,809.0,532.0,655289.9999999508,Graphite,Graphite,quantum_like,256,256,0.0,1,,Graphite_oselkowane,area,Honed,oselkowane,simple
350939.7528151224,164.77047735641173,182.7126111276782,442452.54546811496,327.645724642529,690.4123953098978,3233679.721163292,24322.604544626112,72932.940179508,0.05,0.05,350774.98233776604,350757.0402039948,442124.8997434724,441762.13307280507,3209357.116618666,3160746.7809837842,0.0,0.0,/Users/dawid/Library/Mobile Documents/com~apple~CloudDocs/Dokumenty/Publikacje własne/Manuscripts/Quantum_interference/data/Graphite_oselkowane.sur,442476.2843294085,810.0000000000001,809.0,532.0,655289.9999999508,Graphite,Graphite,hybrid,256,256,0.0,1,,Graphite_oselkowane,area,Honed,oselkowane,simple
550.496774885263,164.77047735641173,182.7126111276782,711.538001125574,327.645724642529,690.4123953098978,5875.384711780165,24322.604544626112,72932.940179508,0.05,0.05,385.7262975288512,367.78416375758474,383.8922764830451,21.12560581567634,-18447.219832845945,-67057.55546772784,0.0,0.0,/Users/dawid/Library/Mobile Documents/com~apple~CloudDocs/Dokumenty/Publikacje własne/Manuscripts/Quantum_interference/data/Graphite_oselkowane.sur,780.6537770986401,810.0000000000001,809.0,532.0,655289.9999999508,Graphite,Graphite,classical,256,256,0.0,2,,Graphite_oselkowane,area,Honed,oselkowane,simple
819360.1653419647,164.77047735641173,182.7126111276782,1077298.9213768714,327.645724642529,690.4123953098978,9237022.895218488,24322.604544626112,72932.940179508,0.05,0.05,819195.3948646083,819177.452730837,1076971.275652229,1076608.5089815615,9212700.290673861,9164089.95503898,0.0,0.0,/Users/dawid/Library/Mobile Documents/com~apple~CloudDocs/Dokumenty/Publikacje własne/Manuscripts/Quantum_interference/data/Graphite_oselkowane.sur,1077292.7951395076,810.0000000000001,809.0,532.0,655289.9999999508,Graphite,Graphite,quantum_like,256,256,0.0,2,,Graphite_oselkowane,area,Honed,oselkowane,simple
403124.0601868525,164.77047735641173,182.7126111276782,523244.2126561729,327.645724642529,690.4123953098978,3692537.468334072,24322.604544626112,72932.940179508,0.05,0.05,402959.2897094961,402941.3475757248,522916.56693153037,522553.80026086303,3668214.8637894457,3619604.5281545636,0.0,0.0,/Users/dawid/Library/Mobile Documents/com~apple~CloudDocs/Dokumenty/Publikacje własne/Manuscripts/Quantum_interference/data/Graphite_oselkowane.sur,523233.854305079,810.0000000000001,809.0,532.0,655289.9999999508,Graphite,Graphite,hybrid,256,256,0.0,2,,Graphite_oselkowane,area,Honed,oselkowane,simple
546.5285268834385,164.77047735641173,182.7126111276782,707.5754119749259,327.645724642529,690.4123953098978,5882.125667918254,24322.604544626112,72932.940179508,0.05,0.05,381.7580495270268,363.81591575576033,379.9296873323969,17.16301666502813,-18440.47887670786,-67050.81451158975,0.0,0.0,/Users/dawid/Library/Mobile Documents/com~apple~CloudDocs/Dokumenty/Publikacje własne/Manuscripts/Quantum_interference/data/Graphite_oselkowane.sur,778.3741488006153,810.0000000000001,809.0,532.0,655289.9999999508,Graphite,Graphite,classical,256,256,0.0,3,,Graphite_oselkowane,area,Honed,oselkowane,simple
768840.843119196,164.77047735641173,182.7126111276782,1018991.0715556485,327.645724642529,690.4123953098978,9178293.077575129,24322.604544626112,72932.940179508,0.05,0.05,768676.0726418396,768658.1305080683,1018663.425831006,1018300.6591603385,9153970.473030502,9105360.13739562,0.0,0.0,/Users/dawid/Library/Mobile Documents/com~apple~CloudDocs/Dokumenty/Publikacje własne/Manuscripts/Quantum_interference/data/Graphite_oselkowane.sur,1018986.9930856833,810.0000000000001,809.0,532.0,655289.9999999508,Graphite,Graphite,quantum_like,256,256,0.0,3,,Graphite_oselkowane,area,Honed,oselkowane,simple
376157.10055886075,164.77047735641173,182.7126111276782,493001.091121994,327.645724642529,690.4123953098978,3765353.9431540826,24322.604544626112,72932.940179508,0.05,0.05,375992.3300815043,375974.38794773305,492673.4453973515,492310.6787266842,3741031.3386094566,3692421.0029745745,0.0,0.0,/Users/dawid/Library/Mobile Documents/com~apple~CloudDocs/Dokumenty/Publikacje własne/Manuscripts/Quantum_interference/data/Graphite_oselkowane.sur,492986.6464987336,810.0000000000001,809.0,532.0,655289.9999999508,Graphite,Graphite,hybrid,256,256,0.0,3,,Graphite_oselkowane,area,Honed,oselkowane,simple
691.8680917689795,3829.3307503464025,4108.088201239449,908.7822388731647,4832.412944308994,5287.391144681693,7131.796191865086,69264.72898160366,134314.12938102838,0.05,0.05,-3137.462658577423,-3416.2201094704697,-3923.63070543583,-4378.608905808528,-62132.93278973858,-127182.33318916331,0.0,0.0,/Users/dawid/Library/Mobile Documents/com~apple~CloudDocs/Dokumenty/Publikacje własne/Manuscripts/Quantum_interference/data/Graphite_szkielkowane.sur,4898.454065127294,810.0000000000001,809.0,532.0,655289.9999999508,Graphite,Graphite,classical,256,256,0.0,0,,Graphite_szkielkowane,area,Glass bead blasted,szkielkowane,simple
552500.1949202701,3829.3307503464025,4108.088201239449,728211.0897875548,4832.412944308994,5287.391144681693,5857000.194983999,69264.72898160366,134314.12938102838,0.05,0.05,548670.8641699237,548392.1067190306,723378.6768432457,722923.6986428731,5787735.466002395,5722686.06560297,0.0,0.0,/Users/dawid/Library/Mobile Documents/com~apple~CloudDocs/Dokumenty/Publikacje własne/Manuscripts/Quantum_interference/data/Graphite_szkielkowane.sur,728192.1893865037,810.0000000000001,809.0,532.0,655289.9999999508,Graphite,Graphite,quantum_like,256,256,0.0,0,,Graphite_szkielkowane,area,Glass bead blasted,szkielkowane,simple
283750.2501289182,3829.3307503464025,4108.088201239449,361241.5130231485,4832.412944308994,5287.391144681693,2454803.8474306227,69264.72898160366,134314.12938102838,0.05,0.05,279920.91937857185,279642.16192767874,356409.1000788396,355954.12187846686,2385539.1184490193,2320489.718049594,0.0,0.0,/Users/dawid/Library/Mobile Documents/com~apple~CloudDocs/Dokumenty/Publikacje własne/Manuscripts/Quantum_interference/data/Graphite_szkielkowane.sur,361323.6288131378,810.0000000000001,809.0,532.0,655289.9999999508,Graphite,Graphite,hybrid,256,256,0.0,0,,Graphite_szkielkowane,area,Glass bead blasted,szkielkowane,simple
689.9997625636025,3829.3307503464025,4108.088201239449,908.9329910646784,4832.412944308994,5287.391144681693,7026.353512923104,69264.72898160366,134314.12938102838,0.05,0.05,-3139.3309877828,-3418.0884386758466,-3923.4799532443158,-4378.458153617014,-62238.37546868057,-127287.7758681053,0.0,0.0,/Users/dawid/Library/Mobile Documents/com~apple~CloudDocs/Dokumenty/Publikacje własne/Manuscripts/Quantum_interference/data/Graphite_szkielkowane.sur,4897.80368521754,810.0000000000001,809.0,532.0,655289.9999999508,Graphite,Graphite,classical,256,256,0.0,1,,Graphite_szkielkowane,area,Glass bead blasted,szkielkowane,simple
577165.6758459333,3829.3307503464025,4108.088201239449,770098.1267717831,4832.412944308994,5287.391144681693,6986554.830364539,69264.72898160366,134314.12938102838,0.05,0.05,573336.3450955868,573057.5876446938,765265.7138274742,764810.7356271014,6917290.101382935,6852240.70098351,0.0,0.0,/Users/dawid/Library/Mobile Documents/com~apple~CloudDocs/Dokumenty/Publikacje własne/Manuscripts/Quantum_interference/data/Graphite_szkielkowane.sur,770134.6870021125,810.0000000000001,809.0,532.0,655289.9999999508,Graphite,Graphite,quantum_like,256,256,0.0,1,,Graphite_szkielkowane,area,Glass bead blasted,szkielkowane,simple
295915.618001553,3829.3307503464025,4108.088201239449,375392.5916997087,4832.412944308994,5287.391144681693,2736148.423363261,69264.72898160366,134314.12938102838,0.05,0.05,292086.2872512066,291807.5298003135,370560.1787553997,370105.20055502706,2666883.6943816575,2601834.2939822325,0.0,0.0,/Users/dawid/Library/Mobile Documents/com~apple~CloudDocs/Dokumenty/Publikacje własne/Manuscripts/Quantum_interference/data/Graphite_szkielkowane.sur,375533.0338493473,810.0000000000001,809.0,532.0,655289.9999999508,Graphite,Graphite,hybrid,256,256,0.0,1,,Graphite_szkielkowane,area,Glass bead blasted,szkielkowane,simple
689.5029983214295,3829.3307503464025,4108.088201239449,908.7375938310562,4832.412944308994,5287.391144681693,6868.5166085897,69264.72898160366,134314.12938102838,0.05,0.05,-3139.827752024973,-3418.5852029180196,-3923.675350477938,-4378.653550850637,-62396.212373013965,-127445.6127724387,0.0,0.0,/Users/dawid/Library/Mobile Documents/com~apple~CloudDocs/Dokumenty/Publikacje własne/Manuscripts/Quantum_interference/data/Graphite_szkielkowane.sur,4898.265073259433,810.0000000000001,809.0,532.0,655289.9999999508,Graphite,Graphite,classical,256,256,0.0,2,,Graphite_szkielkowane,area,Glass bead blasted,szkielkowane,simple
630406.0228269243,3829.3307503464025,4108.088201239449,800245.5363600976,4832.412944308994,5287.391144681693,6003334.020511514,69264.72898160366,134314.12938102838,0.05,0.05,626576.6920765779,626297.9346256849,795413.1234157885,794958.1452154159,5934069.29152991,5869019.891130485,0.0,0.0,/Users/dawid/Library/Mobile Documents/com~apple~CloudDocs/Dokumenty/Publikacje własne/Manuscripts/Quantum_interference/data/Graphite_szkielkowane.sur,800341.8850850561,810.0000000000001,809.0,532.0,655289.9999999508,Graphite,Graphite,quantum_like,256,256,0.0,2,,Graphite_szkielkowane,area,Glass bead blasted,szkielkowane,simple
399382.7387159052,3829.3307503464025,4108.088201239449,474198.0085655848,4832.412944308994,5287.391144681693,2656403.2462550756,69264.72898160366,134314.12938102838,0.05,0.05,395553.40796555876,395274.6505146657,469365.5956212758,468910.6174209031,2587138.517273472,2522089.116874047,0.0,0.0,/Users/dawid/Library/Mobile Documents/com~apple~CloudDocs/Dokumenty/Publikacje własne/Manuscripts/Quantum_interference/data/Graphite_szkielkowane.sur,474435.0504108554,810.0000000000001,809.0,532.0,655289.9999999508,Graphite,Graphite,hybrid,256,256,0.0,2,,Graphite_szkielkowane,area,Glass bead blasted,szkielkowane,simple
687.4079591086688,3829.3307503464025,4108.088201239449,902.4987990368927,4832.412944308994,5287.391144681693,6873.061410972661,69264.72898160366,134314.12938102838,0.05,0.05,-3141.9227912377337,-3420.68024213078,-3929.914145272102,-4384.8923456448,-62391.66757063101,-127441.06797005575,0.0,0.0,/Users/dawid/Library/Mobile Documents/com~apple~CloudDocs/Dokumenty/Publikacje własne/Manuscripts/Quantum_interference/data/Graphite_szkielkowane.sur,4896.876393410873,810.0000000000001,809.0,532.0,655289.9999999508,Graphite,Graphite,classical,256,256,0.0,3,,Graphite_szkielkowane,area,Glass bead blasted,szkielkowane,simple
575304.1499468822,3829.3307503464025,4108.088201239449,748856.0870783189,4832.412944308994,5287.391144681693,6783290.554657456,69264.72898160366,134314.12938102838,0.05,0.05,571474.8191965357,571196.0617456427,744023.6741340099,743568.6959336372,6714025.825675853,6648976.4252764275,0.0,0.0,/Users/dawid/Library/Mobile Documents/com~apple~CloudDocs/Dokumenty/Publikacje własne/Manuscripts/Quantum_interference/data/Graphite_szkielkowane.sur,748912.2045078661,810.0000000000001,809.0,532.0,655289.9999999508,Graphite,Graphite,quantum_like,256,256,0.0,3,,Graphite_szkielkowane,area,Glass bead blasted,szkielkowane,simple
299297.45169523597,3829.3307503464025,4108.088201239449,391537.5036428745,4832.412944308994,5287.391144681693,3133409.4961753744,69264.72898160366,134314.12938102838,0.05,0.05,295468.1209448896,295189.3634939965,386705.09069856553,386250.1124981928,3064144.7671937705,2999095.366794346,0.0,0.0,/Users/dawid/Library/Mobile Documents/com~apple~CloudDocs/Dokumenty/Publikacje własne/Manuscripts/Quantum_interference/data/Graphite_szkielkowane.sur,391728.14376815874,810.0000000000001,809.0,532.0,655289.9999999508,Graphite,Graphite,hybrid,256,256,0.0,3,,Graphite_szkielkowane,area,Glass bead blasted,szkielkowane,simple
732.9276196118209,675.9230923447734,734.1358655009894,952.0264974253705,895.8246310633954,988.924907794223,7985.453882869179,21297.018942900188,31332.969758396513,0.05,0.05,57.00452726704752,-1.2082458891685304,56.20186636197517,-36.89841036885243,-13311.56506003101,-23347.515875527333,0.0,0.0,/Users/dawid/Library/Mobile Documents/com~apple~CloudDocs/Dokumenty/Publikacje własne/Manuscripts/Quantum_interference/data/Graphite_szlifowane.sur,1331.0398713228371,810.0000000000001,809.0,532.0,655289.9999999508,Graphite,Graphite,classical,256,256,0.0,0,,Graphite_szlifowane,area,Grinding,szlifowane,simple
597232.2651096507,675.9230923447734,734.1358655009894,794105.1944274398,895.8246310633954,988.924907794223,6909892.599902009,21297.018942900188,31332.969758396513,0.05,0.05,596556.3420173059,596498.1292441497,793209.3697963763,793116.2695196456,6888595.580959109,6878559.630143613,0.0,0.0,/Users/dawid/Library/Mobile Documents/com~apple~CloudDocs/Dokumenty/Publikacje własne/Manuscripts/Quantum_interference/data/Graphite_szlifowane.sur,794067.1869204812,810.0000000000001,809.0,532.0,655289.9999999508,Graphite,Graphite,quantum_like,256,256,0.0,0,,Graphite_szlifowane,area,Grinding,szlifowane,simple
290558.804194049,675.9230923447734,734.1358655009894,375273.4215420846,895.8246310633954,988.924907794223,2782611.564500906,21297.018942900188,31332.969758396513,0.05,0.05,289882.8811017042,289824.66832854797,374377.5969110212,374284.4966342904,2761314.545558006,2751278.5947425095,0.0,0.0,/Users/dawid/Library/Mobile Documents/com~apple~CloudDocs/Dokumenty/Publikacje własne/Manuscripts/Quantum_interference/data/Graphite_szlifowane.sur,375181.75071174634,810.0000000000001,809.0,532.0,655289.9999999508,Graphite,Graphite,hybrid,256,256,0.0,0,,Graphite_szlifowane,area,Grinding,szlifowane,simple
731.4623986525484,675.9230923447734,734.1358655009894,945.2408464859179,895.8246310633954,988.924907794223,7488.394132573809,21297.018942900188,31332.969758396513,0.05,0.05,55.53930630777493,-2.673466848441123,49.41621542252254,-43.684061308305054,-13808.62481032638,-23844.57562582271,0.0,0.0,/Users/dawid/Library/Mobile Documents/com~apple~CloudDocs/Dokumenty/Publikacje własne/Manuscripts/Quantum_interference/data/Graphite_szlifowane.sur,1328.9413347386321,810.0000000000001,809.0,532.0,655289.9999999508,Graphite,Graphite,classical,256,256,0.0,1,,Graphite_szlifowane,area,Grinding,szlifowane,simple
625099.2158180183,675.9230923447734,734.1358655009894,828081.8201372204,895.8246310633954,988.924907794223,7944356.251004424,21297.018942900188,31332.969758396513,0.05,0.05,624423.2927256736,624365.0799525174,827185.995506157,827092.8952294262,7923059.232061522,7913023.281246026,0.0,0.0,/Users/dawid/Library/Mobile Documents/com~apple~CloudDocs/Dokumenty/Publikacje własne/Manuscripts/Quantum_interference/data/Graphite_szlifowane.sur,828136.1345798686,810.0000000000001,809.0,532.0,655289.9999999508,Graphite,Graphite,quantum_like,256,256,0.0,1,,Graphite_szlifowane,area,Grinding,szlifowane,simple
361756.14549913054,675.9230923447734,734.1358655009894,446474.2271053957,895.8246310633954,988.924907794223,3054111.6881068987,21297.018942900188,31332.969758396513,0.05,0.05,361080.22240678576,361022.0096336295,445578.4024743323,445485.3021976015,3032814.6691639987,3022778.718348502,0.0,0.0,/Users/dawid/Library/Mobile Documents/com~apple~CloudDocs/Dokumenty/Publikacje własne/Manuscripts/Quantum_interference/data/Graphite_szlifowane.sur,446578.9105829666,810.0000000000001,809.0,532.0,655289.9999999508,Graphite,Graphite,hybrid,256,256,0.0,1,,Graphite_szlifowane,area,Grinding,szlifowane,simple
735.9158961816912,675.9230923447734,734.1358655009894,951.774711687578,895.8246310633954,988.924907794223,7753.8825499413315,21297.018942900188,31332.969758396513,0.05,0.05,59.99280383691779,1.7800306807017323,55.95008062418265,-37.15019610664495,-13543.136392958859,-23579.087208455185,0.0,0.0,/Users/dawid/Library/Mobile Documents/com~apple~CloudDocs/Dokumenty/Publikacje własne/Manuscripts/Quantum_interference/data/Graphite_szlifowane.sur,1333.7079502100655,810.0000000000001,809.0,532.0,655289.9999999508,Graphite,Graphite,classical,256,256,0.0,2,,Graphite_szlifowane,area,Grinding,szlifowane,simple
644603.1671546206,675.9230923447734,734.1358655009894,864275.1048506924,895.8246310633954,988.924907794223,7760360.158496415,21297.018942900188,31332.969758396513,0.05,0.05,643927.2440622759,643869.0312891196,863379.280219629,863286.1799428982,7739063.139553515,7729027.188738019,0.0,0.0,/Users/dawid/Library/Mobile Documents/com~apple~CloudDocs/Dokumenty/Publikacje własne/Manuscripts/Quantum_interference/data/Graphite_szlifowane.sur,864277.3904257262,810.0000000000001,809.0,532.0,655289.9999999508,Graphite,Graphite,quantum_like,256,256,0.0,2,,Graphite_szlifowane,area,Grinding,szlifowane,simple
331676.8909769056,675.9230923447734,734.1358655009894,428770.1210490097,895.8246310633954,988.924907794223,3103190.2970811,21297.018942900188,31332.969758396513,0.05,0.05,331000.9678845608,330942.7551114046,427874.2964179462,427781.19614121545,3081893.2781381994,3071857.3273227033,0.0,0.0,/Users/dawid/Library/Mobile Documents/com~apple~CloudDocs/Dokumenty/Publikacje własne/Manuscripts/Quantum_interference/data/Graphite_szlifowane.sur,428759.0385561786,810.0000000000001,809.0,532.0,655289.9999999508,Graphite,Graphite,hybrid,256,256,0.0,2,,Graphite_szlifowane,area,Grinding,szlifowane,simple
737.5424549977175,675.9230923447734,734.1358655009894,955.6924152683615,895.8246310633954,988.924907794223,7761.9747215257585,21297.018942900188,31332.969758396513,0.05,0.05,61.61936265294414,3.4065894967280888,59.86778420496617,-33.232492525861424,-13535.044221374432,-23570.995036870758,0.0,0.0,/Users/dawid/Library/Mobile Documents/com~apple~CloudDocs/Dokumenty/Publikacje własne/Manuscripts/Quantum_interference/data/Graphite_szlifowane.sur,1341.3238645888487,810.0000000000001,809.0,532.0,655289.9999999508,Graphite,Graphite,classical,256,256,0.0,3,,Graphite_szlifowane,area,Grinding,szlifowane,simple
593524.7172941433,675.9230923447734,734.1358655009894,800718.3636505419,895.8246310633954,988.924907794223,6657559.478836699,21297.018942900188,31332.969758396513,0.05,0.05,592848.7942017985,592790.5814286423,799822.5390194784,799729.4387427476,6636262.459893799,6626226.509078303,0.0,0.0,/Users/dawid/Library/Mobile Documents/com~apple~CloudDocs/Dokumenty/Publikacje własne/Manuscripts/Quantum_interference/data/Graphite_szlifowane.sur,800695.0813344129,810.0000000000001,809.0,532.0,655289.9999999508,Graphite,Graphite,quantum_like,256,256,0.0,3,,Graphite_szlifowane,area,Grinding,szlifowane,simple
287037.5832299468,675.9230923447734,734.1358655009894,372851.9123084422,895.8246310633954,988.924907794223,3064286.031233117,21297.018942900188,31332.969758396513,0.05,0.05,286361.660137602,286303.4473644458,371956.08767737873,371862.98740064795,3042989.012290217,3032953.0614747205,0.0,0.0,/Users/dawid/Library/Mobile Documents/com~apple~CloudDocs/Dokumenty/Publikacje własne/Manuscripts/Quantum_interference/data/Graphite_szlifowane.sur,372796.16672409954,810.0000000000001,809.0,532.0,655289.9999999508,Graphite,Graphite,hybrid,256,256,0.0,3,,Graphite_szlifowane,area,Grinding,szlifowane,simple
437.1184927093427,0.35947247736976634,0.38374216577089826,597.1912005131277,0.4394336278553746,0.49961149964288243,4909.256929506579,6.1562334806096946,14.90811096860517,0.05,0.05,436.759020231973,436.73475054357186,596.7517668852723,596.6915890134848,4903.100696025969,4894.348818537973,0.0,0.0,/Users/dawid/Library/Mobile Documents/com~apple~CloudDocs/Dokumenty/Publikacje własne/Manuscripts/Quantum_interference/data/MO58A_t_wyk.sur,597.185430082803,810.0000000000001,809.0,532.0,655289.9999999508,Brass,MO58A,classical,256,256,0.0,0,,MO58A_t_wyk,area,Turning (finishing),t_wyk,simple
892349.3145709428,0.35947247736976634,0.38374216577089826,1158605.51228459,0.4394336278553746,0.49961149964288243,9001498.845127933,6.1562334806096946,14.90811096860517,0.05,0.05,892348.9550984654,892348.930828777,1158605.0728509622,1158605.0126730902,9001492.688894453,9001483.937016966,0.0,0.0,/Users/dawid/Library/Mobile Documents/com~apple~CloudDocs/Dokumenty/Publikacje własne/Manuscripts/Quantum_interference/data/MO58A_t_wyk.sur,1158605.5098035599,810.0000000000001,809.0,532.0,655289.9999999508,Brass,MO58A,quantum_like,256,256,0.0,0,,MO58A_t_wyk,area,Turning (finishing),t_wyk,simple
474061.5160812859,0.35947247736976634,0.38374216577089826,590708.7272341185,0.4394336278553746,0.49961149964288243,4183354.949552301,6.1562334806096946,14.90811096860517,0.05,0.05,474061.1566088085,474061.13233912014,590708.2878004907,590708.2276226189,4183348.79331882,4183340.041441332,0.0,0.0,/Users/dawid/Library/Mobile Documents/com~apple~CloudDocs/Dokumenty/Publikacje własne/Manuscripts/Quantum_interference/data/MO58A_t_wyk.sur,590708.7207401423,810.0000000000001,809.0,532.0,655289.9999999508,Brass,MO58A,hybrid,256,256,0.0,0,,MO58A_t_wyk,area,Turning (finishing),t_wyk,simple
424.19808661591156,0.35947247736976634,0.38374216577089826,569.4229725230089,0.4394336278553746,0.49961149964288243,4874.19932214899,6.1562334806096946,14.90811096860517,0.05,0.05,423.83861413854186,423.8143444501407,568.9835388951535,568.9233610233659,4868.043088668381,4859.291211180384,0.0,0.0,/Users/dawid/Library/Mobile Documents/com~apple~CloudDocs/Dokumenty/Publikacje własne/Manuscripts/Quantum_interference/data/MO58A_t_wyk.sur,569.435424613157,810.0000000000001,809.0,532.0,655289.9999999508,Brass,MO58A,classical,256,256,0.0,1,,MO58A_t_wyk,area,Turning (finishing),t_wyk,simple
959587.3763575071,0.35947247736976634,0.38374216577089826,1240209.4108787924,0.4394336278553746,0.49961149964288243,9508953.660611073,6.1562334806096946,14.90811096860517,0.05,0.05,959587.0168850296,959586.9926153413,1240208.9714451644,1240208.9112672925,9508947.504377592,9508938.752500106,0.0,0.0,/Users/dawid/Library/Mobile Documents/com~apple~CloudDocs/Dokumenty/Publikacje własne/Manuscripts/Quantum_interference/data/MO58A_t_wyk.sur,1240209.4092349228,810.0000000000001,809.0,532.0,655289.9999999508,Brass,MO58A,quantum_like,256,256,0.0,1,,MO58A_t_wyk,area,Turning (finishing),t_wyk,simple
613981.0418024232,0.35947247736976634,0.38374216577089826,756147.4929215222,0.4394336278553746,0.49961149964288243,5293734.99709015,6.1562334806096946,14.90811096860517,0.05,0.05,613980.6823299457,613980.6580602574,756147.0534878945,756146.9933100226,5293728.8408566695,5293720.088979181,0.0,0.0,/Users/dawid/Library/Mobile Documents/com~apple~CloudDocs/Dokumenty/Publikacje własne/Manuscripts/Quantum_interference/data/MO58A_t_wyk.sur,756147.4924756474,810.0000000000001,809.0,532.0,655289.9999999508,Brass,MO58A,hybrid,256,256,0.0,1,,MO58A_t_wyk,area,Turning (finishing),t_wyk,simple
453.30177561584196,0.35947247736976634,0.38374216577089826,609.3906316032692,0.4394336278553746,0.49961149964288243,5357.6862430671545,6.1562334806096946,14.90811096860517,0.05,0.05,452.9423031384722,452.9180334500711,608.9511979754138,608.8910201036263,5351.530009586544,5342.778132098549,0.0,0.0,/Users/dawid/Library/Mobile Documents/com~apple~CloudDocs/Dokumenty/Publikacje własne/Manuscripts/Quantum_interference/data/MO58A_t_wyk.sur,609.3898544214067,810.0000000000001,809.0,532.0,655289.9999999508,Brass,MO58A,classical,256,256,0.0,2,,MO58A_t_wyk,area,Turning (finishing),t_wyk,simple
875133.7522525385,0.35947247736976634,0.38374216577089826,1156704.6376669335,0.4394336278553746,0.49961149964288243,9503507.993183004,6.1562334806096946,14.90811096860517,0.05,0.05,875133.392780061,875133.3685103727,1156704.1982333055,1156704.1380554338,9503501.836949524,9503493.085072037,0.0,0.0,/Users/dawid/Library/Mobile Documents/com~apple~CloudDocs/Dokumenty/Publikacje własne/Manuscripts/Quantum_interference/data/MO58A_t_wyk.sur,1156704.654541701,810.0000000000001,809.0,532.0,655289.9999999508,Brass,MO58A,quantum_like,256,256,0.0,2,,MO58A_t_wyk,area,Turning (finishing),t_wyk,simple
427097.2770354654,0.35947247736976634,0.38374216577089826,556862.0429515059,0.4394336278553746,0.49961149964288243,4304721.098225385,6.1562334806096946,14.90811096860517,0.05,0.05,427096.917562988,427096.89329329965,556861.603517878,556861.5433400061,4304714.941991905,4304706.190114416,0.0,0.0,/Users/dawid/Library/Mobile Documents/com~apple~CloudDocs/Dokumenty/Publikacje własne/Manuscripts/Quantum_interference/data/MO58A_t_wyk.sur,556862.0772778221,810.0000000000001,809.0,532.0,655289.9999999508,Brass,MO58A,hybrid,256,256,0.0,2,,MO58A_t_wyk,area,Turning (finishing),t_wyk,simple
438.9989512415017,0.35947247736976634,0.38374216577089826,587.712360923574,0.4394336278553746,0.49961149964288243,4822.314893654556,6.1562334806096946,14.90811096860517,0.05,0.05,438.639478764132,438.61520907573083,587.2729272957185,587.2127494239311,4816.158660173946,4807.40678268595,0.0,0.0,/Users/dawid/Library/Mobile Documents/com~apple~CloudDocs/Dokumenty/Publikacje własne/Manuscripts/Quantum_interference/data/MO58A_t_wyk.sur,587.7172600173766,810.0000000000001,809.0,532.0,655289.9999999508,Brass,MO58A,classical,256,256,0.0,3,,MO58A_t_wyk,area,Turning (finishing),t_wyk,simple
776072.6976434808,0.35947247736976634,0.38374216577089826,1013989.7073617465,0.4394336278553746,0.49961149964288243,8406012.023882432,6.1562334806096946,14.90811096860517,0.05,0.05,776072.3381710034,776072.313901315,1013989.2679281186,1013989.2077502467,8406005.86764895,8405997.115771463,0.0,0.0,/Users/dawid/Library/Mobile Documents/com~apple~CloudDocs/Dokumenty/Publikacje własne/Manuscripts/Quantum_interference/data/MO58A_t_wyk.sur,1013989.7078922059,810.0000000000001,809.0,532.0,655289.9999999508,Brass,MO58A,quantum_like,256,256,0.0,3,,MO58A_t_wyk,area,Turning (finishing),t_wyk,simple
374648.6268129519,0.35947247736976634,0.38374216577089826,488265.5758758515,0.4394336278553746,0.49961149964288243,3512380.422420189,6.1562334806096946,14.90811096860517,0.05,0.05,374648.2673404745,374648.2430707861,488265.1364422237,488265.07626435184,3512374.2661867086,3512365.51430922,0.0,0.0,/Users/dawid/Library/Mobile Documents/com~apple~CloudDocs/Dokumenty/Publikacje własne/Manuscripts/Quantum_interference/data/MO58A_t_wyk.sur,488265.57358517963,810.0000000000001,809.0,532.0,655289.9999999508,Brass,MO58A,hybrid,256,256,0.0,3,,MO58A_t_wyk,area,Turning (finishing),t_wyk,simple
741.7309481771891,688.6196300447552,792.9141407912094,967.7857214318441,904.1179706233471,1032.4920184592152,9126.355198210802,9300.9527165155,23497.55744491682,0.05,0.05,53.11131813243386,-51.18319261402038,63.667750808497004,-64.7062970273711,-174.59751830469858,-14371.20224670602,0.0,0.0,/Users/dawid/Library/Mobile Documents/com~apple~CloudDocs/Dokumenty/Publikacje własne/Manuscripts/Quantum_interference/data/Mosiadz_oselkowane.sur,1276.4375510114937,810.0000000000001,809.0,532.0,655289.9999999508,Brass,Mosiadz,classical,256,256,0.0,0,,Mosiadz_oselkowane,area,Honed,oselkowane,simple
666228.7137295927,688.6196300447552,792.9141407912094,866407.3206963014,904.1179706233471,1032.4920184592152,7130504.1551119005,9300.9527165155,23497.55744491682,0.05,0.05,665540.094099548,665435.7995888016,865503.2027256781,865374.8286778423,7121203.202395385,7107006.5976669835,0.0,0.0,/Users/dawid/Library/Mobile Documents/com~apple~CloudDocs/Dokumenty/Publikacje własne/Manuscripts/Quantum_interference/data/Mosiadz_oselkowane.sur,866411.8127149154,810.0000000000001,809.0,532.0,655289.9999999508,Brass,Mosiadz,quantum_like,256,256,0.0,0,,Mosiadz_oselkowane,area,Honed,oselkowane,simple
442772.2287559565,688.6196300447552,792.9141407912094,552156.9666914977,904.1179706233471,1032.4920184592152,3478545.8921706215,9300.9527165155,23497.55744491682,0.05,0.05,442083.6091259118,441979.3146151653,551252.8487208744,551124.4746730386,3469244.939454106,3455048.3347257045,0.0,0.0,/Users/dawid/Library/Mobile Documents/com~apple~CloudDocs/Dokumenty/Publikacje własne/Manuscripts/Quantum_interference/data/Mosiadz_oselkowane.sur,552179.1310863724,810.0000000000001,809.0,532.0,655289.9999999508,Brass,Mosiadz,hybrid,256,256,0.0,0,,Mosiadz_oselkowane,area,Honed,oselkowane,simple
737.0807111736283,688.6196300447552,792.9141407912094,962.0556489350002,904.1179706233471,1032.4920184592152,9129.610095632264,9300.9527165155,23497.55744491682,0.05,0.05,48.4610811288731,-55.83342961758113,57.937678311653066,-70.43636952421502,-171.34262088323553,-14367.947349284555,0.0,0.0,/Users/dawid/Library/Mobile Documents/com~apple~CloudDocs/Dokumenty/Publikacje własne/Manuscripts/Quantum_interference/data/Mosiadz_oselkowane.sur,1273.721940465288,810.0000000000001,809.0,532.0,655289.9999999508,Brass,Mosiadz,classical,256,256,0.0,1,,Mosiadz_oselkowane,area,Honed,oselkowane,simple
668815.1939307676,688.6196300447552,792.9141407912094,880490.7484660605,904.1179706233471,1032.4920184592152,6796833.366244171,9300.9527165155,23497.55744491682,0.05,0.05,668126.5743007229,668022.2797899764,879586.6304954372,879458.2564476014,6787532.413527655,6773335.808799255,0.0,0.0,/Users/dawid/Library/Mobile Documents/com~apple~CloudDocs/Dokumenty/Publikacje własne/Manuscripts/Quantum_interference/data/Mosiadz_oselkowane.sur,880522.6681576528,810.0000000000001,809.0,532.0,655289.9999999508,Brass,Mosiadz,quantum_like,256,256,0.0,1,,Mosiadz_oselkowane,area,Honed,oselkowane,simple
379085.29987352254,688.6196300447552,792.9141407912094,469736.8380677841,904.1179706233471,1032.4920184592152,3063510.3015365973,9300.9527165155,23497.55744491682,0.05,0.05,378396.6802434778,378292.3857327313,468832.72009716067,468704.34604932484,3054209.348820082,3040012.7440916803,0.0,0.0,/Users/dawid/Library/Mobile Documents/com~apple~CloudDocs/Dokumenty/Publikacje własne/Manuscripts/Quantum_interference/data/Mosiadz_oselkowane.sur,469804.5397446359,810.0000000000001,809.0,532.0,655289.9999999508,Brass,Mosiadz,hybrid,256,256,0.0,1,,Mosiadz_oselkowane,area,Honed,oselkowane,simple
736.4258074319183,688.6196300447552,792.9141407912094,960.2175629602775,904.1179706233471,1032.4920184592152,9134.745209891178,9300.9527165155,23497.55744491682,0.05,0.05,47.80617738716304,-56.48833335929119,56.09959233693042,-72.27445549893767,-166.20750662432184,-14362.812235025642,0.0,0.0,/Users/dawid/Library/Mobile Documents/com~apple~CloudDocs/Dokumenty/Publikacje własne/Manuscripts/Quantum_interference/data/Mosiadz_oselkowane.sur,1269.4857293409473,810.0000000000001,809.0,532.0,655289.9999999508,Brass,Mosiadz,classical,256,256,0.0,2,,Mosiadz_oselkowane,area,Honed,oselkowane,simple
651082.1654302612,688.6196300447552,792.9141407912094,836999.5330938437,904.1179706233471,1032.4920184592152,6195221.170524182,9300.9527165155,23497.55744491682,0.05,0.05,650393.5458002164,650289.25128947,836095.4151232204,835967.0410753846,6185920.217807666,6171723.613079265,0.0,0.0,/Users/dawid/Library/Mobile Documents/com~apple~CloudDocs/Dokumenty/Publikacje własne/Manuscripts/Quantum_interference/data/Mosiadz_oselkowane.sur,837089.0924872489,810.0000000000001,809.0,532.0,655289.9999999508,Brass,Mosiadz,quantum_like,256,256,0.0,2,,Mosiadz_oselkowane,area,Honed,oselkowane,simple
427308.4254609199,688.6196300447552,792.9141407912094,539109.0472819397,904.1179706233471,1032.4920184592152,3057887.1932744086,9300.9527165155,23497.55744491682,0.05,0.05,426619.8058308752,426515.5113201287,538204.9293113163,538076.5552634804,3048586.240557893,3034389.6358294915,0.0,0.0,/Users/dawid/Library/Mobile Documents/com~apple~CloudDocs/Dokumenty/Publikacje własne/Manuscripts/Quantum_interference/data/Mosiadz_oselkowane.sur,539250.4051596648,810.0000000000001,809.0,532.0,655289.9999999508,Brass,Mosiadz,hybrid,256,256,0.0,2,,Mosiadz_oselkowane,area,Honed,oselkowane,simple
737.1130454349642,688.6196300447552,792.9141407912094,963.0150272709297,904.1179706233471,1032.4920184592152,9150.134910423652,9300.9527165155,23497.55744491682,0.05,0.05,48.493415390209,-55.801095356245234,58.89705664758262,-69.47699118828547,-150.81780609184875,-14347.42253449317,0.0,0.0,/Users/dawid/Library/Mobile Documents/com~apple~CloudDocs/Dokumenty/Publikacje własne/Manuscripts/Quantum_interference/data/Mosiadz_oselkowane.sur,1275.2558343252676,810.0000000000001,809.0,532.0,655289.9999999508,Brass,Mosiadz,classical,256,256,0.0,3,,Mosiadz_oselkowane,area,Honed,oselkowane,simple
578504.6267558809,688.6196300447552,792.9141407912094,770837.4508177298,904.1179706233471,1032.4920184592152,6258490.17672637,9300.9527165155,23497.55744491682,0.05,0.05,577816.0071258361,577711.7126150897,769933.3328471065,769804.9587992707,6249189.224009855,6234992.619281453,0.0,0.0,/Users/dawid/Library/Mobile Documents/com~apple~CloudDocs/Dokumenty/Publikacje własne/Manuscripts/Quantum_interference/data/Mosiadz_oselkowane.sur,770851.7164990851,810.0000000000001,809.0,532.0,655289.9999999508,Brass,Mosiadz,quantum_like,256,256,0.0,3,,Mosiadz_oselkowane,area,Honed,oselkowane,simple
285439.65334789926,688.6196300447552,792.9141407912094,365497.4083559822,904.1179706233471,1032.4920184592152,2858877.945922929,9300.9527165155,23497.55744491682,0.05,0.05,284751.03371785453,284646.73920710804,364593.29038535885,364464.916337523,2849576.9932064135,2835380.388478012,0.0,0.0,/Users/dawid/Library/Mobile Documents/com~apple~CloudDocs/Dokumenty/Publikacje własne/Manuscripts/Quantum_interference/data/Mosiadz_oselkowane.sur,365517.9963722915,810.0000000000001,809.0,532.0,655289.9999999508,Brass,Mosiadz,hybrid,256,256,0.0,3,,Mosiadz_oselkowane,area,Honed,oselkowane,simple
770.9975689763455,1960.2922291845982,2155.756816476956,1013.2358075638405,2463.686862640799,2802.067527088578,7882.707873397323,25506.974684978308,82025.36716815887,0.05,0.05,-1189.2946602082527,-1384.7592475006104,-1450.4510550769585,-1788.8317195247375,-17624.266811580983,-74142.65929476154,0.0,0.0,/Users/dawid/Library/Mobile Documents/com~apple~CloudDocs/Dokumenty/Publikacje własne/Manuscripts/Quantum_interference/data/Mosiadz_szkielkowane.sur,2605.873318428057,810.0000000000001,809.0,532.0,655289.9999999508,Brass,Mosiadz,classical,256,256,0.0,0,,Mosiadz_szkielkowane,area,Glass bead blasted,szkielkowane,simple
440756.3058234905,1960.2922291845982,2155.756816476956,566278.0856572442,2463.686862640799,2802.067527088578,5232250.216137123,25506.974684978308,82025.36716815887,0.05,0.05,438796.0135943059,438600.54900701356,563814.3987946034,563476.0181301556,5206743.241452145,5150224.848968965,0.0,0.0,/Users/dawid/Library/Mobile Documents/com~apple~CloudDocs/Dokumenty/Publikacje własne/Manuscripts/Quantum_interference/data/Mosiadz_szkielkowane.sur,566420.08267198,810.0000000000001,809.0,532.0,655289.9999999508,Brass,Mosiadz,quantum_like,256,256,0.0,0,,Mosiadz_szkielkowane,area,Glass bead blasted,szkielkowane,simple
291597.8962157839,1960.2922291845982,2155.756816476956,345136.56439774967,2463.686862640799,2802.067527088578,2038505.7583345666,25506.974684978308,82025.36716815887,0.05,0.05,289637.60398659925,289442.1393993069,342672.8775351089,342334.4968706611,2012998.7836495882,1956480.3911664074,0.0,0.0,/Users/dawid/Library/Mobile Documents/com~apple~CloudDocs/Dokumenty/Publikacje własne/Manuscripts/Quantum_interference/data/Mosiadz_szkielkowane.sur,345416.0663483172,810.0000000000001,809.0,532.0,655289.9999999508,Brass,Mosiadz,hybrid,256,256,0.0,0,,Mosiadz_szkielkowane,area,Glass bead blasted,szkielkowane,simple
768.4744412306834,1960.2922291845982,2155.756816476956,1011.495518134219,2463.686862640799,2802.067527088578,8140.491255350381,25506.974684978308,82025.36716815887,0.05,0.05,-1191.817787953915,-1387.2823752462727,-1452.19134450658,-1790.572008954359,-17366.483429627926,-73884.8759128085,0.0,0.0,/Users/dawid/Library/Mobile Documents/com~apple~CloudDocs/Dokumenty/Publikacje własne/Manuscripts/Quantum_interference/data/Mosiadz_szkielkowane.sur,2604.9834916503028,810.0000000000001,809.0,532.0,655289.9999999508,Brass,Mosiadz,classical,256,256,0.0,1,,Mosiadz_szkielkowane,area,Glass bead blasted,szkielkowane,simple
604069.5255482089,1960.2922291845982,2155.756816476956,741101.8787378956,2463.686862640799,2802.067527088578,5726299.238293102,25506.974684978308,82025.36716815887,0.05,0.05,602109.2333190242,601913.7687317318,738638.1918752547,738299.811210807,5700792.263608124,5644273.871124943,0.0,0.0,/Users/dawid/Library/Mobile Documents/com~apple~CloudDocs/Dokumenty/Publikacje własne/Manuscripts/Quantum_interference/data/Mosiadz_szkielkowane.sur,741369.0970159726,810.0000000000001,809.0,532.0,655289.9999999508,Brass,Mosiadz,quantum_like,256,256,0.0,1,,Mosiadz_szkielkowane,area,Glass bead blasted,szkielkowane,simple
523838.460751674,1960.2922291845982,2155.756816476956,609097.2342341113,2463.686862640799,2802.067527088578,3258563.753204626,25506.974684978308,82025.36716815887,0.05,0.05,521878.1685224894,521682.70393519703,606633.5473714704,606295.1667070226,3233056.7785196477,3176538.3860364673,0.0,0.0,/Users/dawid/Library/Mobile Documents/com~apple~CloudDocs/Dokumenty/Publikacje własne/Manuscripts/Quantum_interference/data/Mosiadz_szkielkowane.sur,609429.0186546188,810.0000000000001,809.0,532.0,655289.9999999508,Brass,Mosiadz,hybrid,256,256,0.0,1,,Mosiadz_szkielkowane,area,Glass bead blasted,szkielkowane,simple
773.2474387620042,1960.2922291845982,2155.756816476956,1017.9624716690131,2463.686862640799,2802.067527088578,7888.7141443580695,25506.974684978308,82025.36716815887,0.05,0.05,-1187.0447904225941,-1382.5093777149518,-1445.7243909717859,-1784.105055419565,-17618.260540620235,-74136.6530238008,0.0,0.0,/Users/dawid/Library/Mobile Documents/com~apple~CloudDocs/Dokumenty/Publikacje własne/Manuscripts/Quantum_interference/data/Mosiadz_szkielkowane.sur,2614.5308515634933,810.0000000000001,809.0,532.0,655289.9999999508,Brass,Mosiadz,classical,256,256,0.0,2,,Mosiadz_szkielkowane,area,Glass bead blasted,szkielkowane,simple
477023.78003132873,1960.2922291845982,2155.756816476956,621799.5501666627,2463.686862640799,2802.067527088578,5773099.746411066,25506.974684978308,82025.36716815887,0.05,0.05,475063.48780214414,474868.0232148518,619335.8633040219,618997.4826395741,5747592.771726087,5691074.379242906,0.0,0.0,/Users/dawid/Library/Mobile Documents/com~apple~CloudDocs/Dokumenty/Publikacje własne/Manuscripts/Quantum_interference/data/Mosiadz_szkielkowane.sur,621857.6588899908,810.0000000000001,809.0,532.0,655289.9999999508,Brass,Mosiadz,quantum_like,256,256,0.0,2,,Mosiadz_szkielkowane,area,Glass bead blasted,szkielkowane,simple
325030.67749475234,1960.2922291845982,2155.756816476956,416682.4956158345,2463.686862640799,2802.067527088578,2708106.976346101,25506.974684978308,82025.36716815887,0.05,0.05,323070.38526556775,322874.9206782754,414218.8087531937,413880.4280887459,2682600.001661123,2626081.6091779424,0.0,0.0,/Users/dawid/Library/Mobile Documents/com~apple~CloudDocs/Dokumenty/Publikacje własne/Manuscripts/Quantum_interference/data/Mosiadz_szkielkowane.sur,416840.3038295147,810.0000000000001,809.0,532.0,655289.9999999508,Brass,Mosiadz,hybrid,256,256,0.0,2,,Mosiadz_szkielkowane,area,Glass bead blasted,szkielkowane,simple
771.7776088276504,1960.2922291845982,2155.756816476956,1017.0414427718616,2463.686862640799,2802.067527088578,7877.738001279574,25506.974684978308,82025.36716815887,0.05,0.05,-1188.514620356948,-1383.9792076493056,-1446.645419868937,-1785.0260843167162,-17629.23668369873,-74147.6291668793,0.0,0.0,/Users/dawid/Library/Mobile Documents/com~apple~CloudDocs/Dokumenty/Publikacje własne/Manuscripts/Quantum_interference/data/Mosiadz_szkielkowane.sur,2605.6114222021993,810.0000000000001,809.0,532.0,655289.9999999508,Brass,Mosiadz,classical,256,256,0.0,3,,Mosiadz_szkielkowane,area,Glass bead blasted,szkielkowane,simple
435041.8324231543,1960.2922291845982,2155.756816476956,565727.0307838533,2463.686862640799,2802.067527088578,5916588.817572674,25506.974684978308,82025.36716815887,0.05,0.05,433081.54019396973,432886.0756066774,563263.3439212124,562924.9632567646,5891081.842887696,5834563.450404515,0.0,0.0,/Users/dawid/Library/Mobile Documents/com~apple~CloudDocs/Dokumenty/Publikacje własne/Manuscripts/Quantum_interference/data/Mosiadz_szkielkowane.sur,565603.9998502776,810.0000000000001,809.0,532.0,655289.9999999508,Brass,Mosiadz,quantum_like,256,256,0.0,3,,Mosiadz_szkielkowane,area,Glass bead blasted,szkielkowane,simple
282311.5064189159,1960.2922291845982,2155.756816476956,349652.9075747452,2463.686862640799,2802.067527088578,2211346.64267725,25506.974684978308,82025.36716815887,0.05,0.05,280351.2141897312,280155.7496024389,347189.2207121044,346850.8400476566,2185839.6679922715,2129321.2755090906,0.0,0.0,/Users/dawid/Library/Mobile Documents/com~apple~CloudDocs/Dokumenty/Publikacje własne/Manuscripts/Quantum_interference/data/Mosiadz_szkielkowane.sur,349421.9709798065,810.0000000000001,809.0,532.0,655289.9999999508,Brass,Mosiadz,hybrid,256,256,0.0,3,,Mosiadz_szkielkowane,area,Glass bead blasted,szkielkowane,simple
667.4629375843102,147625.37736720787,169535.81421614034,869.0171704447624,179484.55133750872,204695.70044101938,7290.250648627067,1012664.1213782984,1248162.7352467102,0.05,0.05,-146957.91442962358,-168868.35127855605,-178615.53416706392,-203826.6832705746,-1005373.8707296712,-1240872.4845980832,0.0,0.0,/Users/dawid/Library/Mobile Documents/com~apple~CloudDocs/Dokumenty/Publikacje własne/Manuscripts/Quantum_interference/data/Mosiadz_szlifowane.sur,179493.99875129314,810.0000000000001,809.0,532.0,655289.9999999508,Brass,Mosiadz,classical,256,256,0.0,0,,Mosiadz_szlifowane,area,Grinding,szlifowane,simple
511891.4671035343,147625.37736720787,169535.81421614034,622826.8950746923,179484.55133750872,204695.70044101938,3760283.8492840366,1012664.1213782984,1248162.7352467102,0.05,0.05,364266.0897363265,342355.652887394,443342.34373718366,418131.19463367295,2747619.727905738,2512121.1140373265,0.0,0.0,/Users/dawid/Library/Mobile Documents/com~apple~CloudDocs/Dokumenty/Publikacje własne/Manuscripts/Quantum_interference/data/Mosiadz_szlifowane.sur,603270.2095381066,810.0000000000001,809.0,532.0,655289.9999999508,Brass,Mosiadz,quantum_like,256,256,0.0,0,,Mosiadz_szlifowane,area,Grinding,szlifowane,simple
456129.250094339,147625.37736720787,169535.81421614034,531331.6808491803,179484.55133750872,204695.70044101938,2381229.854277525,1012664.1213782984,1248162.7352467102,0.05,0.05,308503.8727271311,286593.4358781987,351847.12951167166,326635.98040816095,1368565.7328992265,1133067.1190308146,0.0,0.0,/Users/dawid/Library/Mobile Documents/com~apple~CloudDocs/Dokumenty/Publikacje własne/Manuscripts/Quantum_interference/data/Mosiadz_szlifowane.sur,546975.9509270464,810.0000000000001,809.0,532.0,655289.9999999508,Brass,Mosiadz,hybrid,256,256,0.0,0,,Mosiadz_szlifowane,area,Grinding,szlifowane,simple
676.1735173868191,147625.37736720787,169535.81421614034,873.9121052699485,179484.55133750872,204695.70044101938,7164.551048660441,1012664.1213782984,1248162.7352467102,0.05,0.05,-146949.20384982106,-168859.64069875353,-178610.63923223875,-203821.78833574944,-1005499.5703296378,-1240998.1841980496,0.0,0.0,/Users/dawid/Library/Mobile Documents/com~apple~CloudDocs/Dokumenty/Publikacje własne/Manuscripts/Quantum_interference/data/Mosiadz_szlifowane.sur,179495.6680592864,810.0000000000001,809.0,532.0,655289.9999999508,Brass,Mosiadz,classical,256,256,0.0,1,,Mosiadz_szlifowane,area,Grinding,szlifowane,simple
518589.8418822618,147625.37736720787,169535.81421614034,636586.5071725667,179484.55133750872,204695.70044101938,3942511.95567891,1012664.1213782984,1248162.7352467102,0.05,0.05,370964.4645150539,349054.0276661215,457101.95583505806,431890.80673154735,2929847.8343006116,2694349.2204322,0.0,0.0,/Users/dawid/Library/Mobile Documents/com~apple~CloudDocs/Dokumenty/Publikacje własne/Manuscripts/Quantum_interference/data/Mosiadz_szlifowane.sur,619360.8748257672,810.0000000000001,809.0,532.0,655289.9999999508,Brass,Mosiadz,quantum_like,256,256,0.0,1,,Mosiadz_szlifowane,area,Grinding,szlifowane,simple
460575.14585514506,147625.37736720787,169535.81421614034,548012.9445515727,179484.55133750872,204695.70044101938,2577701.758536413,1012664.1213782984,1248162.7352467102,0.05,0.05,312949.7684879372,291039.33163900475,368528.39321406395,343317.2441105533,1565037.6371581145,1329539.0232897026,0.0,0.0,/Users/dawid/Library/Mobile Documents/com~apple~CloudDocs/Dokumenty/Publikacje własne/Manuscripts/Quantum_interference/data/Mosiadz_szlifowane.sur,565206.716832394,810.0000000000001,809.0,532.0,655289.9999999508,Brass,Mosiadz,hybrid,256,256,0.0,1,,Mosiadz_szlifowane,area,Grinding,szlifowane,simple
669.460102305091,147625.37736720787,169535.81421614034,869.9146096358097,179484.55133750872,204695.70044101938,7202.490429943731,1012664.1213782984,1248162.7352467102,0.05,0.05,-146955.9172649028,-168866.35411383526,-178614.63672787292,-203825.78583138357,-1005461.6309483546,-1240960.2448167664,0.0,0.0,/Users/dawid/Library/Mobile Documents/com~apple~CloudDocs/Dokumenty/Publikacje własne/Manuscripts/Quantum_interference/data/Mosiadz_szlifowane.sur,179491.13970528424,810.0000000000001,809.0,532.0,655289.9999999508,Brass,Mosiadz,classical,256,256,0.0,2,,Mosiadz_szlifowane,area,Grinding,szlifowane,simple
522333.63203617994,147625.37736720787,169535.81421614034,633558.2750773298,179484.55133750872,204695.70044101938,3802323.979651381,1012664.1213782984,1248162.7352467102,0.05,0.05,374708.25466897205,352797.81782003964,454073.7237398212,428862.57463631046,2789659.8582730824,2554161.2444046703,0.0,0.0,/Users/dawid/Library/Mobile Documents/com~apple~CloudDocs/Dokumenty/Publikacje własne/Manuscripts/Quantum_interference/data/Mosiadz_szlifowane.sur,613617.5004754987,810.0000000000001,809.0,532.0,655289.9999999508,Brass,Mosiadz,quantum_like,256,256,0.0,2,,Mosiadz_szlifowane,area,Grinding,szlifowane,simple
467398.2523875897,147625.37736720787,169535.81421614034,543865.7576462338,179484.55133750872,204695.70044101938,2480108.3113750657,1012664.1213782984,1248162.7352467102,0.05,0.05,319772.8750203819,297862.4381714494,364381.2063087251,339170.0572052144,1467444.1899967676,1231945.5761283557,0.0,0.0,/Users/dawid/Library/Mobile Documents/com~apple~CloudDocs/Dokumenty/Publikacje własne/Manuscripts/Quantum_interference/data/Mosiadz_szlifowane.sur,558184.9446364115,810.0000000000001,809.0,532.0,655289.9999999508,Brass,Mosiadz,hybrid,256,256,0.0,2,,Mosiadz_szlifowane,area,Grinding,szlifowane,simple
673.6325460927387,147625.37736720787,169535.81421614034,877.3449385116646,179484.55133750872,204695.70044101938,7190.269325041571,1012664.1213782984,1248162.7352467102,0.05,0.05,-146951.74482111513,-168862.1816700476,-178607.20639899705,-203818.35550250774,-1005473.8520532567,-1240972.4659216686,0.0,0.0,/Users/dawid/Library/Mobile Documents/com~apple~CloudDocs/Dokumenty/Publikacje własne/Manuscripts/Quantum_interference/data/Mosiadz_szlifowane.sur,179493.4036005617,810.0000000000001,809.0,532.0,655289.9999999508,Brass,Mosiadz,classical,256,256,0.0,3,,Mosiadz_szlifowane,area,Grinding,szlifowane,simple
521498.04732124525,147625.37736720787,169535.81421614034,632329.2827234109,179484.55133750872,204695.70044101938,3805235.994084361,1012664.1213782984,1248162.7352467102,0.05,0.05,373872.66995403735,351962.23310510494,452844.73138590215,427633.58228239144,2792571.8727060626,2557073.258837651,0.0,0.0,/Users/dawid/Library/Mobile Documents/com~apple~CloudDocs/Dokumenty/Publikacje własne/Manuscripts/Quantum_interference/data/Mosiadz_szlifowane.sur,612330.5935431228,810.0000000000001,809.0,532.0,655289.9999999508,Brass,Mosiadz,quantum_like,256,256,0.0,3,,Mosiadz_szlifowane,area,Grinding,szlifowane,simple
466684.4389947573,147625.37736720787,169535.81421614034,543153.6392108091,179484.55133750872,204695.70044101938,2480639.1941178204,1012664.1213782984,1248162.7352467102,0.05,0.05,319059.0616275494,297148.624778617,363669.0878733005,338457.93876978976,1467975.0727395222,1232476.4588711103,0.0,0.0,/Users/dawid/Library/Mobile Documents/com~apple~CloudDocs/Dokumenty/Publikacje własne/Manuscripts/Quantum_interference/data/Mosiadz_szlifowane.sur,557465.289443217,810.0000000000001,809.0,532.0,655289.9999999508,Brass,Mosiadz,hybrid,256,256,0.0,3,,Mosiadz_szlifowane,area,Grinding,szlifowane,simple
698.9359517384084,1814.9785180712133,1863.3965300423874,904.487814277478,2162.205641859635,2274.685531479601,7326.118533130583,18381.20786678298,42456.7727785019,0.05,0.05,-1116.0425663328049,-1164.460578303979,-1257.7178275821568,-1370.1977172021232,-11055.089333652399,-35130.65424537133,0.0,0.0,/Users/dawid/Library/Mobile Documents/com~apple~CloudDocs/Dokumenty/Publikacje własne/Manuscripts/Quantum_interference/data/P1-1.4301-t.zgrub.sur,2372.048085474088,810.0000000000001,809.0,532.0,655289.9999999508,Stainless steel 1.4301 (AISI 304),1.4301,classical,256,256,0.0,0,P1,P1-1.4301-t.zgrub,area,Turning (roughing),t.zgrub,simple
439656.8005672296,1814.9785180712133,1863.3965300423874,569607.8153629568,2162.205641859635,2274.685531479601,4684965.996589355,18381.20786678298,42456.7727785019,0.05,0.05,437841.8220491584,437793.4040371872,567445.6097210972,567333.1298314772,4666584.788722572,4642509.223810854,0.0,0.0,/Users/dawid/Library/Mobile Documents/com~apple~CloudDocs/Dokumenty/Publikacje własne/Manuscripts/Quantum_interference/data/P1-1.4301-t.zgrub.sur,569688.7674284481,810.0000000000001,809.0,532.0,655289.9999999508,Stainless steel 1.4301 (AISI 304),1.4301,quantum_like,256,256,0.0,0,P1,P1-1.4301-t.zgrub,area,Turning (roughing),t.zgrub,simple
270808.2993704961,1814.9785180712133,1863.3965300423874,330761.47886276385,2162.205641859635,2274.685531479601,2009594.1453781452,18381.20786678298,42456.7727785019,0.05,0.05,268993.32085242495,268944.9028404538,328599.2732209042,328486.79333128425,1991212.9375113624,1967137.3725996432,0.0,0.0,/Users/dawid/Library/Mobile Documents/com~apple~CloudDocs/Dokumenty/Publikacje własne/Manuscripts/Quantum_interference/data/P1-1.4301-t.zgrub.sur,330917.03693769034,810.0000000000001,809.0,532.0,655289.9999999508,Stainless steel 1.4301 (AISI 304),1.4301,hybrid,256,256,0.0,0,P1,P1-1.4301-t.zgrub,area,Turning (roughing),t.zgrub,simple
697.4888131227158,1814.9785180712133,1863.3965300423874,901.8812268617212,2162.205641859635,2274.685531479601,6865.539733621498,18381.20786678298,42456.7727785019,0.05,0.05,-1117.4897049484975,-1165.9077169196717,-1260.3244149979137,-1372.80430461788,-11515.668133161485,-35591.233044880406,0.0,0.0,/Users/dawid/Library/Mobile Documents/com~apple~CloudDocs/Dokumenty/Publikacje własne/Manuscripts/Quantum_interference/data/P1-1.4301-t.zgrub.sur,2362.5895962741033,810.0000000000001,809.0,532.0,655289.9999999508,Stainless steel 1.4301 (AISI 304),1.4301,classical,256,256,0.0,1,P1,P1-1.4301-t.zgrub,area,Turning (roughing),t.zgrub,simple
432851.86784806795,1814.9785180712133,1863.3965300423874,573376.9243171563,2162.205641859635,2274.685531479601,5724826.935410986,18381.20786678298,42456.7727785019,0.05,0.05,431036.8893299968,430988.4713180256,571214.7186752966,571102.2387856768,5706445.7275442025,5682370.162632484,0.0,0.0,/Users/dawid/Library/Mobile Documents/com~apple~CloudDocs/Dokumenty/Publikacje własne/Manuscripts/Quantum_interference/data/P1-1.4301-t.zgrub.sur,573313.2679479257,810.0000000000001,809.0,532.0,655289.9999999508,Stainless steel 1.4301 (AISI 304),1.4301,quantum_like,256,256,0.0,1,P1,P1-1.4301-t.zgrub,area,Turning (roughing),t.zgrub,simple
251555.82728628573,1814.9785180712133,1863.3965300423874,328559.17313978245,2162.205641859635,2274.685531479601,2756447.9171490325,18381.20786678298,42456.7727785019,0.05,0.05,249740.84876821455,249692.43075624338,326396.9674979228,326284.48760830285,2738066.7092822497,2713991.1443705307,0.0,0.0,/Users/dawid/Library/Mobile Documents/com~apple~CloudDocs/Dokumenty/Publikacje własne/Manuscripts/Quantum_interference/data/P1-1.4301-t.zgrub.sur,328471.5572115223,810.0000000000001,809.0,532.0,655289.9999999508,Stainless steel 1.4301 (AISI 304),1.4301,hybrid,256,256,0.0,1,P1,P1-1.4301-t.zgrub,area,Turning (roughing),t.zgrub,simple
703.9281831658908,1814.9785180712133,1863.3965300423874,912.4222377625173,2162.205641859635,2274.685531479601,7357.231973448872,18381.20786678298,42456.7727785019,0.05,0.05,-1111.0503349053224,-1159.4683468764965,-1249.7834040971177,-1362.2632937170838,-11023.97589333411,-35099.54080505303,0.0,0.0,/Users/dawid/Library/Mobile Documents/com~apple~CloudDocs/Dokumenty/Publikacje własne/Manuscripts/Quantum_interference/data/P1-1.4301-t.zgrub.sur,2372.1747911202856,810.0000000000001,809.0,532.0,655289.9999999508,Stainless steel 1.4301 (AISI 304),1.4301,classical,256,256,0.0,2,P1,P1-1.4301-t.zgrub,area,Turning (roughing),t.zgrub,simple
482009.8508646152,1814.9785180712133,1863.3965300423874,610904.7393919529,2162.205641859635,2274.685531479601,4504897.796779572,18381.20786678298,42456.7727785019,0.05,0.05,480194.872346544,480146.45433457283,608742.5337500932,608630.0538604732,4486516.588912789,4462441.02400107,0.0,0.0,/Users/dawid/Library/Mobile Documents/com~apple~CloudDocs/Dokumenty/Publikacje własne/Manuscripts/Quantum_interference/data/P1-1.4301-t.zgrub.sur,610891.8756767758,810.0000000000001,809.0,532.0,655289.9999999508,Stainless steel 1.4301 (AISI 304),1.4301,quantum_like,256,256,0.0,2,P1,P1-1.4301-t.zgrub,area,Turning (roughing),t.zgrub,simple
330256.9019002019,1814.9785180712133,1863.3965300423874,396049.9970096107,2162.205641859635,2274.685531479601,2244068.955050715,18381.20786678298,42456.7727785019,0.05,0.05,328441.92338213074,328393.5053701596,393887.7913677511,393775.3114781311,2225687.747183932,2201612.182272213,0.0,0.0,/Users/dawid/Library/Mobile Documents/com~apple~CloudDocs/Dokumenty/Publikacje własne/Manuscripts/Quantum_interference/data/P1-1.4301-t.zgrub.sur,396046.4542465793,810.0000000000001,809.0,532.0,655289.9999999508,Stainless steel 1.4301 (AISI 304),1.4301,hybrid,256,256,0.0,2,P1,P1-1.4301-t.zgrub,area,Turning (roughing),t.zgrub,simple
700.1667292666934,1814.9785180712133,1863.3965300423874,905.7107874062798,2162.205641859635,2274.685531479601,7072.659211215121,18381.20786678298,42456.7727785019,0.05,0.05,-1114.81178880452,-1163.229800775694,-1256.4948544533552,-1368.9747440733215,-11308.548655567862,-35384.11356728678,0.0,0.0,/Users/dawid/Library/Mobile Documents/com~apple~CloudDocs/Dokumenty/Publikacje własne/Manuscripts/Quantum_interference/data/P1-1.4301-t.zgrub.sur,2370.5895440769937,810.0000000000001,809.0,532.0,655289.9999999508,Stainless steel 1.4301 (AISI 304),1.4301,classical,256,256,0.0,3,P1,P1-1.4301-t.zgrub,area,Turning (roughing),t.zgrub,simple
419253.1783409465,1814.9785180712133,1863.3965300423874,540705.4571573345,2162.205641859635,2274.685531479601,4809065.343235991,18381.20786678298,42456.7727785019,0.05,0.05,417438.1998228753,417389.78181090415,538543.2515154749,538430.7716258549,4790684.135369208,4766608.57045749,0.0,0.0,/Users/dawid/Library/Mobile Documents/com~apple~CloudDocs/Dokumenty/Publikacje własne/Manuscripts/Quantum_interference/data/P1-1.4301-t.zgrub.sur,540750.1198894787,810.0000000000001,809.0,532.0,655289.9999999508,Stainless steel 1.4301 (AISI 304),1.4301,quantum_like,256,256,0.0,3,P1,P1-1.4301-t.zgrub,area,Turning (roughing),t.zgrub,simple
242998.9699719097,1814.9785180712133,1863.3965300423874,296469.62457060826,2162.205641859635,2274.685531479601,1937394.7725583166,18381.20786678298,42456.7727785019,0.05,0.05,241183.9914538385,241135.57344186734,294307.41892874864,294194.9390391287,1919013.5646915336,1894937.9997798146,0.0,0.0,/Users/dawid/Library/Mobile Documents/com~apple~CloudDocs/Dokumenty/Publikacje własne/Manuscripts/Quantum_interference/data/P1-1.4301-t.zgrub.sur,296599.8399203687,810.0000000000001,809.0,532.0,655289.9999999508,Stainless steel 1.4301 (AISI 304),1.4301,hybrid,256,256,0.0,3,P1,P1-1.4301-t.zgrub,area,Turning (roughing),t.zgrub,simple
707.8045414421475,305.23317869964404,347.6274194739767,890.5323515856834,413.1752042656368,601.8393081218546,7050.078695383227,18927.89092613333,78579.84712886067,0.05,0.05,402.57136274250354,360.17712196817087,477.3571473200466,288.69304346382876,-11877.8122307501,-71529.76843347744,0.0,0.0,/Users/dawid/Library/Mobile Documents/com~apple~CloudDocs/Dokumenty/Publikacje własne/Manuscripts/Quantum_interference/data/P1-1.4301_frez_wyk.sur,997.4580382856109,810.0000000000001,809.0,532.0,655289.9999999508,Stainless steel 1.4301 (AISI 304),1.4301,classical,256,256,0.0,0,P1,P1-1.4301_frez_wyk,area,Milling (finishing),frez_wyk,simple
871210.1473233062,305.23317869964404,347.6274194739767,1111644.5861629148,413.1752042656368,601.8393081218546,8819976.847772669,18927.89092613333,78579.84712886067,0.05,0.05,870904.9141446066,870862.5199038322,1111231.4109586491,1111042.7468547928,8801048.956846537,8741397.00064381,0.0,0.0,/Users/dawid/Library/Mobile Documents/com~apple~CloudDocs/Dokumenty/Publikacje własne/Manuscripts/Quantum_interference/data/P1-1.4301_frez_wyk.sur,1111632.8218141657,810.0000000000001,809.0,532.0,655289.9999999508,Stainless steel 1.4301 (AISI 304),1.4301,quantum_like,256,256,0.0,0,P1,P1-1.4301_frez_wyk,area,Milling (finishing),frez_wyk,simple
502927.227099117,305.23317869964404,347.6274194739767,620553.1883269339,413.1752042656368,601.8393081218546,4102057.7787179165,18927.89092613333,78579.84712886067,0.05,0.05,502621.99392041727,502579.59967964306,620140.0131226683,619951.349018812,4083129.887791783,4023477.931589056,0.0,0.0,/Users/dawid/Library/Mobile Documents/com~apple~CloudDocs/Dokumenty/Publikacje własne/Manuscripts/Quantum_interference/data/P1-1.4301_frez_wyk.sur,620534.2146890801,810.0000000000001,809.0,532.0,655289.9999999508,Stainless steel 1.4301 (AISI 304),1.4301,hybrid,256,256,0.0,0,P1,P1-1.4301_frez_wyk,area,Milling (finishing),frez_wyk,simple
717.8347753616631,305.23317869964404,347.6274194739767,903.4481824951785,413.1752042656368,601.8393081218546,6905.027577687026,18927.89092613333,78579.84712886067,0.05,0.05,412.60159666201906,370.2073558876864,490.2729782295416,301.6088743733237,-12022.863348446303,-71674.81955117364,0.0,0.0,/Users/dawid/Library/Mobile Documents/com~apple~CloudDocs/Dokumenty/Publikacje własne/Manuscripts/Quantum_interference/data/P1-1.4301_frez_wyk.sur,1010.316768325348,810.0000000000001,809.0,532.0,655289.9999999508,Stainless steel 1.4301 (AISI 304),1.4301,classical,256,256,0.0,1,P1,P1-1.4301_frez_wyk,area,Milling (finishing),frez_wyk,simple
727019.006808405,305.23317869964404,347.6274194739767,953902.0892942051,413.1752042656368,601.8393081218546,6984931.710518337,18927.89092613333,78579.84712886067,0.05,0.05,726713.7736297053,726671.3793889311,953488.9140899394,953300.2499860831,6966003.819592203,6906351.863389476,0.0,0.0,/Users/dawid/Library/Mobile Documents/com~apple~CloudDocs/Dokumenty/Publikacje własne/Manuscripts/Quantum_interference/data/P1-1.4301_frez_wyk.sur,953908.1649703578,810.0000000000001,809.0,532.0,655289.9999999508,Stainless steel 1.4301 (AISI 304),1.4301,quantum_like,256,256,0.0,1,P1,P1-1.4301_frez_wyk,area,Milling (finishing),frez_wyk,simple
346529.00751421455,305.23317869964404,347.6274194739767,448498.5571500299,413.1752042656368,601.8393081218546,3401653.96137412,18927.89092613333,78579.84712886067,0.05,0.05,346223.7743355149,346181.38009474054,448085.3819457643,447896.7178419081,3382726.0704479865,3323074.114245259,0.0,0.0,/Users/dawid/Library/Mobile Documents/com~apple~CloudDocs/Dokumenty/Publikacje własne/Manuscripts/Quantum_interference/data/P1-1.4301_frez_wyk.sur,448502.9360360567,810.0000000000001,809.0,532.0,655289.9999999508,Stainless steel 1.4301 (AISI 304),1.4301,hybrid,256,256,0.0,1,P1,P1-1.4301_frez_wyk,area,Milling (finishing),frez_wyk,simple
719.8529809245633,305.23317869964404,347.6274194739767,906.8497962783041,413.1752042656368,601.8393081218546,6902.089152814391,18927.89092613333,78579.84712886067,0.05,0.05,414.6198022249193,372.2255614505866,493.67459201266723,305.0104881564494,-12025.801773318937,-71677.75797604628,0.0,0.0,/Users/dawid/Library/Mobile Documents/com~apple~CloudDocs/Dokumenty/Publikacje własne/Manuscripts/Quantum_interference/data/P1-1.4301_frez_wyk.sur,1012.8234380961865,810.0000000000001,809.0,532.0,655289.9999999508,Stainless steel 1.4301 (AISI 304),1.4301,classical,256,256,0.0,2,P1,P1-1.4301_frez_wyk,area,Milling (finishing),frez_wyk,simple
815676.8734043341,305.23317869964404,347.6274194739767,1058998.308908401,413.1752042656368,601.8393081218546,7749987.324199296,18927.89092613333,78579.84712886067,0.05,0.05,815371.6402256344,815329.2459848601,1058585.1337041354,1058396.4696002791,7731059.433273163,7671407.477070435,0.0,0.0,/Users/dawid/Library/Mobile Documents/com~apple~CloudDocs/Dokumenty/Publikacje własne/Manuscripts/Quantum_interference/data/P1-1.4301_frez_wyk.sur,1058996.4839027764,810.0000000000001,809.0,532.0,655289.9999999508,Stainless steel 1.4301 (AISI 304),1.4301,quantum_like,256,256,0.0,2,P1,P1-1.4301_frez_wyk,area,Milling (finishing),frez_wyk,simple
461082.84648924123,305.23317869964404,347.6274194739767,563508.2926091885,413.1752042656368,601.8393081218546,4235021.961048767,18927.89092613333,78579.84712886067,0.05,0.05,460777.6133105416,460735.2190697673,563095.117404923,562906.4533010666,4216094.070122633,4156442.1139199063,0.0,0.0,/Users/dawid/Library/Mobile Documents/com~apple~CloudDocs/Dokumenty/Publikacje własne/Manuscripts/Quantum_interference/data/P1-1.4301_frez_wyk.sur,563508.7696910283,810.0000000000001,809.0,532.0,655289.9999999508,Stainless steel 1.4301 (AISI 304),1.4301,hybrid,256,256,0.0,2,P1,P1-1.4301_frez_wyk,area,Milling (finishing),frez_wyk,simple
716.0829295104035,305.23317869964404,347.6274194739767,899.3195280477346,413.1752042656368,601.8393081218546,6992.045077412103,18927.89092613333,78579.84712886067,0.05,0.05,410.8497508107594,368.45551003642674,486.14432378209773,297.4802199258799,-11935.845848721225,-71587.80205144857,0.0,0.0,/Users/dawid/Library/Mobile Documents/com~apple~CloudDocs/Dokumenty/Publikacje własne/Manuscripts/Quantum_interference/data/P1-1.4301_frez_wyk.sur,1005.9634361236085,810.0000000000001,809.0,532.0,655289.9999999508,Stainless steel 1.4301 (AISI 304),1.4301,classical,256,256,0.0,3,P1,P1-1.4301_frez_wyk,area,Milling (finishing),frez_wyk,simple
789077.6038763919,305.23317869964404,347.6274194739767,1037800.3276044509,413.1752042656368,601.8393081218546,7837381.645717442,18927.89092613333,78579.84712886067,0.05,0.05,788772.3706976923,788729.9764569179,1037387.1524001852,1037198.4882963289,7818453.754791309,7758801.798588581,0.0,0.0,/Users/dawid/Library/Mobile Documents/com~apple~CloudDocs/Dokumenty/Publikacje własne/Manuscripts/Quantum_interference/data/P1-1.4301_frez_wyk.sur,1037795.4968933357,810.0000000000001,809.0,532.0,655289.9999999508,Stainless steel 1.4301 (AISI 304),1.4301,quantum_like,256,256,0.0,3,P1,P1-1.4301_frez_wyk,area,Milling (finishing),frez_wyk,simple
394187.5828039551,305.23317869964404,347.6274194739767,504239.3087133077,413.1752042656368,601.8393081218546,4032122.426313354,18927.89092613333,78579.84712886067,0.05,0.05,393882.34962525545,393839.9553844811,503826.1335090421,503637.46940518584,4013194.535387221,3953542.579184494,0.0,0.0,/Users/dawid/Library/Mobile Documents/com~apple~CloudDocs/Dokumenty/Publikacje własne/Manuscripts/Quantum_interference/data/P1-1.4301_frez_wyk.sur,504230.4121773709,810.0000000000001,809.0,532.0,655289.9999999508,Stainless steel 1.4301 (AISI 304),1.4301,hybrid,256,256,0.0,3,P1,P1-1.4301_frez_wyk,area,Milling (finishing),frez_wyk,simple
803.3209767728778,764.4718619642408,779.0817824786186,1066.5324616514918,887.9798147663537,914.4578575056264,7142.5317675988435,8664.031748120799,25224.51211973308,0.05,0.05,38.84911480863697,24.239194294259246,178.55264688513813,152.0746041458654,-1521.4999805219554,-18081.98035213424,0.0,0.0,/Users/dawid/Library/Mobile Documents/com~apple~CloudDocs/Dokumenty/Publikacje własne/Manuscripts/Quantum_interference/data/P1-1.4301_frez_zgrub.sur,1048.1105151893346,810.0000000000001,809.0,532.0,655289.9999999508,Stainless steel 1.4301 (AISI 304),1.4301,classical,256,256,0.0,0,P1,P1-1.4301_frez_zgrub,area,Milling (roughing),frez_zgrub,simple
548639.9008820752,764.4718619642408,779.0817824786186,723187.0216936882,887.9798147663537,914.4578575056264,5969443.030631003,8664.031748120799,25224.51211973308,0.05,0.05,547875.429020111,547860.8190995966,722299.0418789219,722272.5638361826,5960778.998882881,5944218.51851127,0.0,0.0,/Users/dawid/Library/Mobile Documents/com~apple~CloudDocs/Dokumenty/Publikacje własne/Manuscripts/Quantum_interference/data/P1-1.4301_frez_zgrub.sur,723184.3716564655,810.0000000000001,809.0,532.0,655289.9999999508,Stainless steel 1.4301 (AISI 304),1.4301,quantum_like,256,256,0.0,0,P1,P1-1.4301_frez_zgrub,area,Milling (roughing),frez_zgrub,simple
306059.50215154357,764.4718619642408,779.0817824786186,388477.6570062922,887.9798147663537,914.4578575056264,2889815.848965099,8664.031748120799,25224.51211973308,0.05,0.05,305295.0302895793,305280.4203690649,387589.6771915258,387563.19914878655,2881151.8172169784,2864591.336845366,0.0,0.0,/Users/dawid/Library/Mobile Documents/com~apple~CloudDocs/Dokumenty/Publikacje własne/Manuscripts/Quantum_interference/data/P1-1.4301_frez_zgrub.sur,388474.413661377,810.0000000000001,809.0,532.0,655289.9999999508,Stainless steel 1.4301 (AISI 304),1.4301,hybrid,256,256,0.0,0,P1,P1-1.4301_frez_zgrub,area,Milling (roughing),frez_zgrub,simple
806.2920341224481,764.4718619642408,779.0817824786186,1070.315254423083,887.9798147663537,914.4578575056264,7144.760155419813,8664.031748120799,25224.51211973308,0.05,0.05,41.8201721582072,27.21025164382948,182.33543965672936,155.85739691745664,-1519.271592700986,-18079.75196431327,0.0,0.0,/Users/dawid/Library/Mobile Documents/com~apple~CloudDocs/Dokumenty/Publikacje własne/Manuscripts/Quantum_interference/data/P1-1.4301_frez_zgrub.sur,1052.027345802886,810.0000000000001,809.0,532.0,655289.9999999508,Stainless steel 1.4301 (AISI 304),1.4301,classical,256,256,0.0,1,P1,P1-1.4301_frez_zgrub,area,Milling (roughing),frez_zgrub,simple
562428.0496449682,764.4718619642408,779.0817824786186,742313.9774419958,887.9798147663537,914.4578575056264,6232520.310208887,8664.031748120799,25224.51211973308,0.05,0.05,561663.577783004,561648.9678624896,741425.9976272295,741399.5195844901,6223856.278460765,6207295.798089154,0.0,0.0,/Users/dawid/Library/Mobile Documents/com~apple~CloudDocs/Dokumenty/Publikacje własne/Manuscripts/Quantum_interference/data/P1-1.4301_frez_zgrub.sur,742344.7205415505,810.0000000000001,809.0,532.0,655289.9999999508,Stainless steel 1.4301 (AISI 304),1.4301,quantum_like,256,256,0.0,1,P1,P1-1.4301_frez_zgrub,area,Milling (roughing),frez_zgrub,simple
317021.8188194516,764.4718619642408,779.0817824786186,409403.9783172397,887.9798147663537,914.4578575056264,3292645.4981411025,8664.031748120799,25224.51211973308,0.05,0.05,316257.34695748735,316242.73703697295,408515.99850247335,408489.5204597341,3283981.4663929814,3267420.986021369,0.0,0.0,/Users/dawid/Library/Mobile Documents/com~apple~CloudDocs/Dokumenty/Publikacje własne/Manuscripts/Quantum_interference/data/P1-1.4301_frez_zgrub.sur,409456.20886742213,810.0000000000001,809.0,532.0,655289.9999999508,Stainless steel 1.4301 (AISI 304),1.4301,hybrid,256,256,0.0,1,P1,P1-1.4301_frez_zgrub,area,Milling (roughing),frez_zgrub,simple
804.196474855658,764.4718619642408,779.0817824786186,1066.447651443719,887.9798147663537,914.4578575056264,7222.36340447104,8664.031748120799,25224.51211973308,0.05,0.05,39.724612891417195,25.114692377039475,178.46783667736543,151.9897939380927,-1441.6683436497592,-18002.148715262043,0.0,0.0,/Users/dawid/Library/Mobile Documents/com~apple~CloudDocs/Dokumenty/Publikacje własne/Manuscripts/Quantum_interference/data/P1-1.4301_frez_zgrub.sur,1048.0833853648999,810.0000000000001,809.0,532.0,655289.9999999508,Stainless steel 1.4301 (AISI 304),1.4301,classical,256,256,0.0,2,P1,P1-1.4301_frez_zgrub,area,Milling (roughing),frez_zgrub,simple
555093.5421590336,764.4718619642408,779.0817824786186,756702.4211854847,887.9798147663537,914.4578575056264,6466178.738200717,8664.031748120799,25224.51211973308,0.05,0.05,554329.0702970694,554314.460376555,755814.4413707184,755787.9633279791,6457514.706452595,6440954.226080983,0.0,0.0,/Users/dawid/Library/Mobile Documents/com~apple~CloudDocs/Dokumenty/Publikacje własne/Manuscripts/Quantum_interference/data/P1-1.4301_frez_zgrub.sur,756677.1328354441,810.0000000000001,809.0,532.0,655289.9999999508,Stainless steel 1.4301 (AISI 304),1.4301,quantum_like,256,256,0.0,2,P1,P1-1.4301_frez_zgrub,area,Milling (roughing),frez_zgrub,simple
283982.8664717537,764.4718619642408,779.0817824786186,372476.79278946185,887.9798147663537,914.4578575056264,2986912.554309164,8664.031748120799,25224.51211973308,0.05,0.05,283218.3946097894,283203.784689275,371588.81297469547,371562.3349319562,2978248.522561043,2961688.042189431,0.0,0.0,/Users/dawid/Library/Mobile Documents/com~apple~CloudDocs/Dokumenty/Publikacje własne/Manuscripts/Quantum_interference/data/P1-1.4301_frez_zgrub.sur,372430.72771318664,810.0000000000001,809.0,532.0,655289.9999999508,Stainless steel 1.4301 (AISI 304),1.4301,hybrid,256,256,0.0,2,P1,P1-1.4301_frez_zgrub,area,Milling (roughing),frez_zgrub,simple
806.7181015224046,764.4718619642408,779.0817824786186,1068.9785823865145,887.9798147663537,914.4578575056264,7144.960604911129,8664.031748120799,25224.51211973308,0.05,0.05,42.2462395581637,27.63631904378598,180.99876762016092,154.5207248808882,-1519.0711432096698,-18079.551514821953,0.0,0.0,/Users/dawid/Library/Mobile Documents/com~apple~CloudDocs/Dokumenty/Publikacje własne/Manuscripts/Quantum_interference/data/P1-1.4301_frez_zgrub.sur,1050.3946782231453,810.0000000000001,809.0,532.0,655289.9999999508,Stainless steel 1.4301 (AISI 304),1.4301,classical,256,256,0.0,3,P1,P1-1.4301_frez_zgrub,area,Milling (roughing),frez_zgrub,simple
561561.8895911424,764.4718619642408,779.0817824786186,732851.0357105471,887.9798147663537,914.4578575056264,5358949.294120312,8664.031748120799,25224.51211973308,0.05,0.05,560797.4177291782,560782.8078086638,731963.0558957808,731936.5778530415,5350285.26237219,5333724.782000579,0.0,0.0,/Users/dawid/Library/Mobile Documents/com~apple~CloudDocs/Dokumenty/Publikacje własne/Manuscripts/Quantum_interference/data/P1-1.4301_frez_zgrub.sur,732862.668757913,810.0000000000001,809.0,532.0,655289.9999999508,Stainless steel 1.4301 (AISI 304),1.4301,quantum_like,256,256,0.0,3,P1,P1-1.4301_frez_zgrub,area,Milling (roughing),frez_zgrub,simple
283944.55423317745,764.4718619642408,779.0817824786186,366721.46886255563,887.9798147663537,914.4578575056264,2753852.907337045,8664.031748120799,25224.51211973308,0.05,0.05,283180.0823712132,283165.4724506988,365833.4890477893,365807.01100505004,2745188.8755889237,2728628.3952173116,0.0,0.0,/Users/dawid/Library/Mobile Documents/com~apple~CloudDocs/Dokumenty/Publikacje własne/Manuscripts/Quantum_interference/data/P1-1.4301_frez_zgrub.sur,366737.44715659285,810.0000000000001,809.0,532.0,655289.9999999508,Stainless steel 1.4301 (AISI 304),1.4301,hybrid,256,256,0.0,3,P1,P1-1.4301_frez_zgrub,area,Milling (roughing),frez_zgrub,simple
207.28164561542548,192.10411714460616,205.35721843028773,268.05910412273727,341.92217999220065,751.2053660424251,4027.922391372772,36240.82265559685,70877.09415226404,0.05,0.05,15.177528470819308,1.9244271851377366,-73.86307586946337,-483.1462619196879,-32212.90026422407,-66849.17176089126,0.0,0.0,/Users/dawid/Library/Mobile Documents/com~apple~CloudDocs/Dokumenty/Publikacje własne/Manuscripts/Quantum_interference/data/P1-1.4301_nagniat.sur,349.80196005948426,810.0000000000001,809.0,532.0,655289.9999999508,Stainless steel 1.4301 (AISI 304),1.4301,classical,256,256,0.0,0,P1,P1-1.4301_nagniat,area,Burnishing,nagniat,simple
852218.316714142,192.10411714460616,205.35721843028773,1111811.0597336416,341.92217999220065,751.2053660424251,8948588.046242513,36240.82265559685,70877.09415226404,0.05,0.05,852026.2125969974,852012.9594957117,1111469.1375536493,1111059.8543675991,8912347.223586917,8877710.952090248,0.0,0.0,/Users/dawid/Library/Mobile Documents/com~apple~CloudDocs/Dokumenty/Publikacje własne/Manuscripts/Quantum_interference/data/P1-1.4301_nagniat.sur,1111810.8873989508,810.0000000000001,809.0,532.0,655289.9999999508,Stainless steel 1.4301 (AISI 304),1.4301,quantum_like,256,256,0.0,0,P1,P1-1.4301_nagniat,area,Burnishing,nagniat,simple
442139.2911141483,192.10411714460616,205.35721843028773,564041.4021807552,341.92217999220065,751.2053660424251,3926811.772347416,36240.82265559685,70877.09415226404,0.05,0.05,441947.1869970037,441933.933895718,563699.4800007631,563290.1968147128,3890570.949691819,3855934.6781951515,0.0,0.0,/Users/dawid/Library/Mobile Documents/com~apple~CloudDocs/Dokumenty/Publikacje własne/Manuscripts/Quantum_interference/data/P1-1.4301_nagniat.sur,564036.3280063448,810.0000000000001,809.0,532.0,655289.9999999508,Stainless steel 1.4301 (AISI 304),1.4301,hybrid,256,256,0.0,0,P1,P1-1.4301_nagniat,area,Burnishing,nagniat,simple
207.35458654329437,192.10411714460616,205.35721843028773,268.0622781008655,341.92217999220065,751.2053660424251,4029.0492797081647,36240.82265559685,70877.09415226404,0.05,0.05,15.250469398688205,1.9973681130066354,-73.85990189133511,-483.1430879415596,-32211.77337588868,-66848.04487255587,0.0,0.0,/Users/dawid/Library/Mobile Documents/com~apple~CloudDocs/Dokumenty/Publikacje własne/Manuscripts/Quantum_interference/data/P1-1.4301_nagniat.sur,349.4190301150224,810.0000000000001,809.0,532.0,655289.9999999508,Stainless steel 1.4301 (AISI 304),1.4301,classical,256,256,0.0,1,P1,P1-1.4301_nagniat,area,Burnishing,nagniat,simple
806953.7586397419,192.10411714460616,205.35721843028773,1062045.2624114943,341.92217999220065,751.2053660424251,9033003.29744643,36240.82265559685,70877.09415226404,0.05,0.05,806761.6545225974,806748.4014213117,1061703.340231502,1061294.0570454518,8996762.474790834,8962126.203294165,0.0,0.0,/Users/dawid/Library/Mobile Documents/com~apple~CloudDocs/Dokumenty/Publikacje własne/Manuscripts/Quantum_interference/data/P1-1.4301_nagniat.sur,1062036.7294563514,810.0000000000001,809.0,532.0,655289.9999999508,Stainless steel 1.4301 (AISI 304),1.4301,quantum_like,256,256,0.0,1,P1,P1-1.4301_nagniat,area,Burnishing,nagniat,simple
439364.07387355616,192.10411714460616,205.35721843028773,561123.7938314195,341.92217999220065,751.2053660424251,3952610.992671965,36240.82265559685,70877.09415226404,0.05,0.05,439171.9697564116,439158.7166551259,560781.8716514274,560372.5884653771,3916370.170016368,3881733.898519701,0.0,0.0,/Users/dawid/Library/Mobile Documents/com~apple~CloudDocs/Dokumenty/Publikacje własne/Manuscripts/Quantum_interference/data/P1-1.4301_nagniat.sur,561108.3774484181,810.0000000000001,809.0,532.0,655289.9999999508,Stainless steel 1.4301 (AISI 304),1.4301,hybrid,256,256,0.0,1,P1,P1-1.4301_nagniat,area,Burnishing,nagniat,simple
207.3675432778737,192.10411714460616,205.35721843028773,268.11536390220914,341.92217999220065,751.2053660424251,4026.8561460385613,36240.82265559685,70877.09415226404,0.05,0.05,15.263426133267538,2.0103248475859674,-73.80681608999147,-483.090002140216,-32213.966509558286,-66850.23800622547,0.0,0.0,/Users/dawid/Library/Mobile Documents/com~apple~CloudDocs/Dokumenty/Publikacje własne/Manuscripts/Quantum_interference/data/P1-1.4301_nagniat.sur,349.7872632745155,810.0000000000001,809.0,532.0,655289.9999999508,Stainless steel 1.4301 (AISI 304),1.4301,classical,256,256,0.0,2,P1,P1-1.4301_nagniat,area,Burnishing,nagniat,simple
860947.1261977054,192.10411714460616,205.35721843028773,1119606.3064132552,341.92217999220065,751.2053660424251,9696045.545343813,36240.82265559685,70877.09415226404,0.05,0.05,860755.0220805608,860741.7689792751,1119264.384233263,1118855.101047213,9659804.722688217,9625168.451191548,0.0,0.0,/Users/dawid/Library/Mobile Documents/com~apple~CloudDocs/Dokumenty/Publikacje własne/Manuscripts/Quantum_interference/data/P1-1.4301_nagniat.sur,1119605.3230108286,810.0000000000001,809.0,532.0,655289.9999999508,Stainless steel 1.4301 (AISI 304),1.4301,quantum_like,256,256,0.0,2,P1,P1-1.4301_nagniat,area,Burnishing,nagniat,simple
478895.20678284304,192.10411714460616,205.35721843028773,612262.878563195,341.92217999220065,751.2053660424251,4676213.405744572,36240.82265559685,70877.09415226404,0.05,0.05,478703.10266569845,478689.8495644128,611920.9563832028,611511.6731971526,4639972.5830889745,4605336.311592308,0.0,0.0,/Users/dawid/Library/Mobile Documents/com~apple~CloudDocs/Dokumenty/Publikacje własne/Manuscripts/Quantum_interference/data/P1-1.4301_nagniat.sur,612266.0803194438,810.0000000000001,809.0,532.0,655289.9999999508,Stainless steel 1.4301 (AISI 304),1.4301,hybrid,256,256,0.0,2,P1,P1-1.4301_nagniat,area,Burnishing,nagniat,simple
207.06133987854307,192.10411714460616,205.35721843028773,267.85516342218983,341.92217999220065,751.2053660424251,4026.6648421140844,36240.82265559685,70877.09415226404,0.05,0.05,14.9572227339369,1.7041214482553302,-74.06701657001076,-483.35020262023534,-32214.15781348276,-66850.42931014995,0.0,0.0,/Users/dawid/Library/Mobile Documents/com~apple~CloudDocs/Dokumenty/Publikacje własne/Manuscripts/Quantum_interference/data/P1-1.4301_nagniat.sur,349.46349750610955,810.0000000000001,809.0,532.0,655289.9999999508,Stainless steel 1.4301 (AISI 304),1.4301,classical,256,256,0.0,3,P1,P1-1.4301_nagniat,area,Burnishing,nagniat,simple
843080.1894105922,192.10411714460616,205.35721843028773,1092297.0951984362,341.92217999220065,751.2053660424251,8451971.97071487,36240.82265559685,70877.09415226404,0.05,0.05,842888.0852934476,842874.8321921619,1091955.173018444,1091545.889832394,8415731.148059275,8381094.876562606,0.0,0.0,/Users/dawid/Library/Mobile Documents/com~apple~CloudDocs/Dokumenty/Publikacje własne/Manuscripts/Quantum_interference/data/P1-1.4301_nagniat.sur,1092292.18336493,810.0000000000001,809.0,532.0,655289.9999999508,Stainless steel 1.4301 (AISI 304),1.4301,quantum_like,256,256,0.0,3,P1,P1-1.4301_nagniat,area,Burnishing,nagniat,simple
464365.1953504373,192.10411714460616,205.35721843028773,589807.880569929,341.92217999220065,751.2053660424251,4557046.300600803,36240.82265559685,70877.09415226404,0.05,0.05,464173.09123329277,464159.83813200705,589465.958389937,589056.6752038866,4520805.477945206,4486169.206448539,0.0,0.0,/Users/dawid/Library/Mobile Documents/com~apple~CloudDocs/Dokumenty/Publikacje własne/Manuscripts/Quantum_interference/data/P1-1.4301_nagniat.sur,589802.1612687077,810.0000000000001,809.0,532.0,655289.9999999508,Stainless steel 1.4301 (AISI 304),1.4301,hybrid,256,256,0.0,3,P1,P1-1.4301_nagniat,area,Burnishing,nagniat,simple
768.0594560343122,328.9596386783718,631.8049335855268,985.6445656489127,494.03734571699454,1158.9868653377114,7478.968082980722,28919.772544372994,76898.75565772936,0.05,0.05,439.09981735594044,136.25452244878542,491.60721993191817,-173.34229968879865,-21440.804461392276,-69419.78757474864,0.0,0.0,/Users/dawid/Library/Mobile Documents/com~apple~CloudDocs/Dokumenty/Publikacje własne/Manuscripts/Quantum_interference/data/P1-1.4301_wedm_wyk.sur,1092.53430443105,810.0000000000001,809.0,532.0,655289.9999999508,Stainless steel 1.4301 (AISI 304),1.4301,classical,256,256,0.0,0,P1,P1-1.4301_wedm_wyk,area,Wire EDM (finishing),wedm_wyk,simple
741156.095445185,328.9596386783718,631.8049335855268,999175.1156105662,494.03734571699454,1158.9868653377114,10186857.616276687,28919.772544372994,76898.75565772936,0.05,0.05,740827.1358065065,740524.2905115994,998681.0782648493,998016.1287452285,10157937.843732314,10109958.860618956,0.0,0.0,/Users/dawid/Library/Mobile Documents/com~apple~CloudDocs/Dokumenty/Publikacje własne/Manuscripts/Quantum_interference/data/P1-1.4301_wedm_wyk.sur,999179.3961767632,810.0000000000001,809.0,532.0,655289.9999999508,Stainless steel 1.4301 (AISI 304),1.4301,quantum_like,256,256,0.0,0,P1,P1-1.4301_wedm_wyk,area,Wire EDM (finishing),wedm_wyk,simple
344408.0435542395,328.9596386783718,631.8049335855268,459197.18186629086,494.03734571699454,1158.9868653377114,3850919.697219955,28919.772544372994,76898.75565772936,0.05,0.05,344079.08391556115,343776.238620654,458703.14452057384,458038.1950009531,3821999.9246755815,3774020.9415622256,0.0,0.0,/Users/dawid/Library/Mobile Documents/com~apple~CloudDocs/Dokumenty/Publikacje własne/Manuscripts/Quantum_interference/data/P1-1.4301_wedm_wyk.sur,459207.41040960955,810.0000000000001,809.0,532.0,655289.9999999508,Stainless steel 1.4301 (AISI 304),1.4301,hybrid,256,256,0.0,0,P1,P1-1.4301_wedm_wyk,area,Wire EDM (finishing),wedm_wyk,simple
756.5870708315786,328.9596386783718,631.8049335855268,972.1343222753003,494.03734571699454,1158.9868653377114,7296.623971504102,28919.772544372994,76898.75565772936,0.05,0.05,427.62743215320677,124.7821372460518,478.09697655830576,-186.85254306241106,-21623.148572868893,-69602.13168622527,0.0,0.0,/Users/dawid/Library/Mobile Documents/com~apple~CloudDocs/Dokumenty/Publikacje własne/Manuscripts/Quantum_interference/data/P1-1.4301_wedm_wyk.sur,1086.5306228328873,810.0000000000001,809.0,532.0,655289.9999999508,Stainless steel 1.4301 (AISI 304),1.4301,classical,256,256,0.0,1,P1,P1-1.4301_wedm_wyk,area,Wire EDM (finishing),wedm_wyk,simple
754050.4609188156,328.9596386783718,631.8049335855268,998747.1742072449,494.03734571699454,1158.9868653377114,8140859.441977441,28919.772544372994,76898.75565772936,0.05,0.05,753721.5012801371,753418.65598523,998253.1368615279,997588.1873419072,8111939.6694330685,8063960.686319712,0.0,0.0,/Users/dawid/Library/Mobile Documents/com~apple~CloudDocs/Dokumenty/Publikacje własne/Manuscripts/Quantum_interference/data/P1-1.4301_wedm_wyk.sur,998773.7059030957,810.0000000000001,809.0,532.0,655289.9999999508,Stainless steel 1.4301 (AISI 304),1.4301,quantum_like,256,256,0.0,1,P1,P1-1.4301_wedm_wyk,area,Wire EDM (finishing),wedm_wyk,simple
324203.8170969226,328.9596386783718,631.8049335855268,422171.9498642433,494.03734571699454,1158.9868653377114,2885624.1015087916,28919.772544372994,76898.75565772936,0.05,0.05,323874.85745824425,323572.01216333715,421677.9125185263,421012.96299890557,2856704.3289644183,2808725.3458510623,0.0,0.0,/Users/dawid/Library/Mobile Documents/com~apple~CloudDocs/Dokumenty/Publikacje własne/Manuscripts/Quantum_interference/data/P1-1.4301_wedm_wyk.sur,422231.7047968569,810.0000000000001,809.0,532.0,655289.9999999508,Stainless steel 1.4301 (AISI 304),1.4301,hybrid,256,256,0.0,1,P1,P1-1.4301_wedm_wyk,area,Wire EDM (finishing),wedm_wyk,simple
779.4458050497942,328.9596386783718,631.8049335855268,999.7987736177856,494.03734571699454,1158.9868653377114,7504.654098182637,28919.772544372994,76898.75565772936,0.05,0.05,450.4861663714224,147.64087146426743,505.7614279007911,-159.1880917199257,-21415.118446190358,-69394.10155954672,0.0,0.0,/Users/dawid/Library/Mobile Documents/com~apple~CloudDocs/Dokumenty/Publikacje własne/Manuscripts/Quantum_interference/data/P1-1.4301_wedm_wyk.sur,1104.5666751304755,810.0000000000001,809.0,532.0,655289.9999999508,Stainless steel 1.4301 (AISI 304),1.4301,classical,256,256,0.0,2,P1,P1-1.4301_wedm_wyk,area,Wire EDM (finishing),wedm_wyk,simple
745120.1049479813,328.9596386783718,631.8049335855268,1007632.7316828682,494.03734571699454,1158.9868653377114,9591589.7357167,28919.772544372994,76898.75565772936,0.05,0.05,744791.145309303,744488.3000143957,1007138.6943371512,1006473.7448175305,9562669.963172328,9514690.98005897,0.0,0.0,/Users/dawid/Library/Mobile Documents/com~apple~CloudDocs/Dokumenty/Publikacje własne/Manuscripts/Quantum_interference/data/P1-1.4301_wedm_wyk.sur,1007619.2061056651,810.0000000000001,809.0,532.0,655289.9999999508,Stainless steel 1.4301 (AISI 304),1.4301,quantum_like,256,256,0.0,2,P1,P1-1.4301_wedm_wyk,area,Wire EDM (finishing),wedm_wyk,simple
340322.73050754704,328.9596386783718,631.8049335855268,433566.9578182149,494.03734571699454,1158.9868653377114,3220765.525286512,28919.772544372994,76898.75565772936,0.05,0.05,339993.7708688686,339690.9255739615,433072.92047249794,432407.9709528772,3191845.7527421387,3143866.7696287823,0.0,0.0,/Users/dawid/Library/Mobile Documents/com~apple~CloudDocs/Dokumenty/Publikacje własne/Manuscripts/Quantum_interference/data/P1-1.4301_wedm_wyk.sur,433540.31251013326,810.0000000000001,809.0,532.0,655289.9999999508,Stainless steel 1.4301 (AISI 304),1.4301,hybrid,256,256,0.0,2,P1,P1-1.4301_wedm_wyk,area,Wire EDM (finishing),wedm_wyk,simple
766.3271132391855,328.9596386783718,631.8049335855268,982.6499800865076,494.03734571699454,1158.9868653377114,7476.795305032767,28919.772544372994,76898.75565772936,0.05,0.05,437.3674745608136,134.52217965365864,488.6126343695131,-176.33688525120368,-21442.977239340227,-69421.96035269661,0.0,0.0,/Users/dawid/Library/Mobile Documents/com~apple~CloudDocs/Dokumenty/Publikacje własne/Manuscripts/Quantum_interference/data/P1-1.4301_wedm_wyk.sur,1097.3820287149083,810.0000000000001,809.0,532.0,655289.9999999508,Stainless steel 1.4301 (AISI 304),1.4301,classical,256,256,0.0,3,P1,P1-1.4301_wedm_wyk,area,Wire EDM (finishing),wedm_wyk,simple
790158.994435288,328.9596386783718,631.8049335855268,1036318.4795002716,494.03734571699454,1158.9868653377114,8634156.272517592,28919.772544372994,76898.75565772936,0.05,0.05,789830.0347966097,789527.1895017024,1035824.4421545545,1035159.4926349338,8605236.499973219,8557257.516859863,0.0,0.0,/Users/dawid/Library/Mobile Documents/com~apple~CloudDocs/Dokumenty/Publikacje własne/Manuscripts/Quantum_interference/data/P1-1.4301_wedm_wyk.sur,1036314.332004614,810.0000000000001,809.0,532.0,655289.9999999508,Stainless steel 1.4301 (AISI 304),1.4301,quantum_like,256,256,0.0,3,P1,P1-1.4301_wedm_wyk,area,Wire EDM (finishing),wedm_wyk,simple
424725.5889689245,328.9596386783718,631.8049335855268,541888.6278607515,494.03734571699454,1158.9868653377114,3548390.9926064922,28919.772544372994,76898.75565772936,0.05,0.05,424396.6293302461,424093.784035339,541394.5905150345,540729.6409954138,3519471.220062119,3471492.2369487626,0.0,0.0,/Users/dawid/Library/Mobile Documents/com~apple~CloudDocs/Dokumenty/Publikacje własne/Manuscripts/Quantum_interference/data/P1-1.4301_wedm_wyk.sur,541878.0868376539,810.0000000000001,809.0,532.0,655289.9999999508,Stainless steel 1.4301 (AISI 304),1.4301,hybrid,256,256,0.0,3,P1,P1-1.4301_wedm_wyk,area,Wire EDM (finishing),wedm_wyk,simple
711.6757904771111,0.04307600837950057,0.05372627427155684,920.1277909827617,0.05772079793605276,0.08613583044120729,6960.294949828278,1.9896324086203703,3.412098775156563,0.05,0.05,711.6327144687317,711.6220642028396,920.0700701848256,920.0416551523205,6958.3053174196575,6956.882851053122,0.0,0.0,/Users/dawid/Library/Mobile Documents/com~apple~CloudDocs/Dokumenty/Publikacje własne/Manuscripts/Quantum_interference/data/P1-1.4301_wedm_zgru.sur,920.1276767178214,810.0000000000001,809.0,532.0,655289.9999999508,Stainless steel 1.4301 (AISI 304),1.4301,classical,256,256,0.0,0,P1,P1-1.4301_wedm_zgru,area,Wire EDM (roughing),wedm_zgru,simple
882507.7338827825,0.04307600837950057,0.05372627427155684,1161077.5741540284,0.05772079793605276,0.08613583044120729,8875085.198998163,1.9896324086203703,3.412098775156563,0.05,0.05,882507.6908067741,882507.6801565082,1161077.5164332306,1161077.4880181982,8875083.209365755,8875081.786899388,0.0,0.0,/Users/dawid/Library/Mobile Documents/com~apple~CloudDocs/Dokumenty/Publikacje własne/Manuscripts/Quantum_interference/data/P1-1.4301_wedm_zgru.sur,1161077.5756016148,810.0000000000001,809.0,532.0,655289.9999999508,Stainless steel 1.4301 (AISI 304),1.4301,quantum_like,256,256,0.0,0,P1,P1-1.4301_wedm_zgru,area,Wire EDM (roughing),wedm_zgru,simple
448333.01670889976,0.04307600837950057,0.05372627427155684,580142.1650380106,0.05772079793605276,0.08613583044120729,3611629.207118342,1.9896324086203703,3.412098775156563,0.05,0.05,448332.9736328914,448332.96298262547,580142.1073172126,580142.0789021801,3611627.217485934,3611625.7950195675,0.0,0.0,/Users/dawid/Library/Mobile Documents/com~apple~CloudDocs/Dokumenty/Publikacje własne/Manuscripts/Quantum_interference/data/P1-1.4301_wedm_zgru.sur,580142.167492616,810.0000000000001,809.0,532.0,655289.9999999508,Stainless steel 1.4301 (AISI 304),1.4301,hybrid,256,256,0.0,0,P1,P1-1.4301_wedm_zgru,area,Wire EDM (roughing),wedm_zgru,simple
719.5635878048645,0.04307600837950057,0.05372627427155684,938.9193878358784,0.05772079793605276,0.08613583044120729,7282.040215028306,1.9896324086203703,3.412098775156563,0.05,0.05,719.520511796485,719.509861530593,938.8616670379424,938.8332520054372,7280.050582619686,7278.6281162531495,0.0,0.0,/Users/dawid/Library/Mobile Documents/com~apple~CloudDocs/Dokumenty/Publikacje własne/Manuscripts/Quantum_interference/data/P1-1.4301_wedm_zgru.sur,938.9208303410709,810.0000000000001,809.0,532.0,655289.9999999508,Stainless steel 1.4301 (AISI 304),1.4301,classical,256,256,0.0,1,P1,P1-1.4301_wedm_zgru,area,Wire EDM (roughing),wedm_zgru,simple
855348.10974757,0.04307600837950057,0.05372627427155684,1085853.6488906392,0.05772079793605276,0.08613583044120729,8273785.523083121,1.9896324086203703,3.412098775156563,0.05,0.05,855348.0666715617,855348.0560212957,1085853.5911698414,1085853.5627548087,8273783.533450712,8273782.110984345,0.0,0.0,/Users/dawid/Library/Mobile Documents/com~apple~CloudDocs/Dokumenty/Publikacje własne/Manuscripts/Quantum_interference/data/P1-1.4301_wedm_zgru.sur,1085853.64825145,810.0000000000001,809.0,532.0,655289.9999999508,Stainless steel 1.4301 (AISI 304),1.4301,quantum_like,256,256,0.0,1,P1,P1-1.4301_wedm_zgru,area,Wire EDM (roughing),wedm_zgru,simple
422591.5402689616,0.04307600837950057,0.05372627427155684,533888.4654064928,0.05772079793605276,0.08613583044120729,3828889.5426622243,1.9896324086203703,3.412098775156563,0.05,0.05,422591.4971929532,422591.4865426873,533888.4076856949,533888.3792706623,3828887.553029816,3828886.1305634496,0.0,0.0,/Users/dawid/Library/Mobile Documents/com~apple~CloudDocs/Dokumenty/Publikacje własne/Manuscripts/Quantum_interference/data/P1-1.4301_wedm_zgru.sur,533888.4649387744,810.0000000000001,809.0,532.0,655289.9999999508,Stainless steel 1.4301 (AISI 304),1.4301,hybrid,256,256,0.0,1,P1,P1-1.4301_wedm_zgru,area,Wire EDM (roughing),wedm_zgru,simple
664.5871513209012,0.04307600837950057,0.05372627427155684,866.5548183884673,0.05772079793605276,0.08613583044120729,8221.805194329767,1.9896324086203703,3.412098775156563,0.05,0.05,664.5440753125217,664.5334250466296,866.4970975905313,866.4686825580261,8219.815561921145,8218.39309555461,0.0,0.0,/Users/dawid/Library/Mobile Documents/com~apple~CloudDocs/Dokumenty/Publikacje własne/Manuscripts/Quantum_interference/data/P1-1.4301_wedm_zgru.sur,866.552491044644,810.0000000000001,809.0,532.0,655289.9999999508,Stainless steel 1.4301 (AISI 304),1.4301,classical,256,256,0.0,2,P1,P1-1.4301_wedm_zgru,area,Wire EDM (roughing),wedm_zgru,simple
940566.8311518143,0.04307600837950057,0.05372627427155684,1211668.3952843337,0.05772079793605276,0.08613583044120729,10097932.669095151,1.9896324086203703,3.412098775156563,0.05,0.05,940566.788075806,940566.77742554,1211668.3375635357,1211668.3091485032,10097930.679462742,10097929.256996376,0.0,0.0,/Users/dawid/Library/Mobile Documents/com~apple~CloudDocs/Dokumenty/Publikacje własne/Manuscripts/Quantum_interference/data/P1-1.4301_wedm_zgru.sur,1211668.3951331389,810.0000000000001,809.0,532.0,655289.9999999508,Stainless steel 1.4301 (AISI 304),1.4301,quantum_like,256,256,0.0,2,P1,P1-1.4301_wedm_zgru,area,Wire EDM (roughing),wedm_zgru,simple
607943.4153786862,0.04307600837950057,0.05372627427155684,756108.8552776453,0.05772079793605276,0.08613583044120729,4795266.586912776,1.9896324086203703,3.412098775156563,0.05,0.05,607943.3723026778,607943.3616524119,756108.7975568473,756108.7691418148,4795264.597280368,4795263.174814001,0.0,0.0,/Users/dawid/Library/Mobile Documents/com~apple~CloudDocs/Dokumenty/Publikacje własne/Manuscripts/Quantum_interference/data/P1-1.4301_wedm_zgru.sur,756108.8551979569,810.0000000000001,809.0,532.0,655289.9999999508,Stainless steel 1.4301 (AISI 304),1.4301,hybrid,256,256,0.0,2,P1,P1-1.4301_wedm_zgru,area,Wire EDM (roughing),wedm_zgru,simple
680.0169328012339,0.04307600837950057,0.05372627427155684,896.4099023277763,0.05772079793605276,0.08613583044120729,7693.140932903258,1.9896324086203703,3.412098775156563,0.05,0.05,679.9738567928545,679.9632065269624,896.3521815298402,896.3237664973351,7691.151300494636,7689.728834128101,0.0,0.0,/Users/dawid/Library/Mobile Documents/com~apple~CloudDocs/Dokumenty/Publikacje własne/Manuscripts/Quantum_interference/data/P1-1.4301_wedm_zgru.sur,896.4088925767753,810.0000000000001,809.0,532.0,655289.9999999508,Stainless steel 1.4301 (AISI 304),1.4301,classical,256,256,0.0,3,P1,P1-1.4301_wedm_zgru,area,Wire EDM (roughing),wedm_zgru,simple
882233.8688536958,0.04307600837950057,0.05372627427155684,1150419.9869252595,0.05772079793605276,0.08613583044120729,9463296.885868365,1.9896324086203703,3.412098775156563,0.05,0.05,882233.8257776874,882233.8151274214,1150419.9292044616,1150419.9007894292,9463294.896235956,9463293.473769588,0.0,0.0,/Users/dawid/Library/Mobile Documents/com~apple~CloudDocs/Dokumenty/Publikacje własne/Manuscripts/Quantum_interference/data/P1-1.4301_wedm_zgru.sur,1150419.9895144938,810.0000000000001,809.0,532.0,655289.9999999508,Stainless steel 1.4301 (AISI 304),1.4301,quantum_like,256,256,0.0,3,P1,P1-1.4301_wedm_zgru,area,Wire EDM (roughing),wedm_zgru,simple
480201.09327207773,0.04307600837950057,0.05372627427155684,590831.7662348127,0.05772079793605276,0.08613583044120729,4027468.400844211,1.9896324086203703,3.412098775156563,0.05,0.05,480201.0501960694,480201.03954580345,590831.7085140147,590831.6800989822,4027466.4112118026,4027464.988745436,0.0,0.0,/Users/dawid/Library/Mobile Documents/com~apple~CloudDocs/Dokumenty/Publikacje własne/Manuscripts/Quantum_interference/data/P1-1.4301_wedm_zgru.sur,590831.7708951916,810.0000000000001,809.0,532.0,655289.9999999508,Stainless steel 1.4301 (AISI 304),1.4301,hybrid,256,256,0.0,3,P1,P1-1.4301_wedm_zgru,area,Wire EDM (roughing),wedm_zgru,simple
339.50542028855426,327.133259114379,330.4382999039521,420.9975590430625,405.6896736729729,411.1023927935191,2528.307450869127,2291.434062734852,5098.419384523485,0.05,0.05,12.37216117417528,9.067120384602187,15.307885370089553,9.895166249543413,236.8733881342753,-2570.111933654358,0.0,0.0,/Users/dawid/Library/Mobile Documents/com~apple~CloudDocs/Dokumenty/Publikacje własne/Manuscripts/Quantum_interference/data/P1-AL70752_nagniat.sur,163.00481806379992,810.0000000000001,809.0,532.0,655289.9999999508,Aluminium 7075,AL70752,classical,256,256,0.0,0,P1,P1-AL70752_nagniat,area,Burnishing,nagniat,simple
731837.0899464637,327.133259114379,330.4382999039521,987604.8840854748,405.6896736729729,411.1023927935191,8517275.311652515,2291.434062734852,5098.419384523485,0.05,0.05,731509.9566873494,731506.6516465598,987199.1944118018,987193.7816926813,8514983.87758978,8512176.892267993,0.0,0.0,/Users/dawid/Library/Mobile Documents/com~apple~CloudDocs/Dokumenty/Publikacje własne/Manuscripts/Quantum_interference/data/P1-AL70752_nagniat.sur,987582.7195232447,810.0000000000001,809.0,532.0,655289.9999999508,Aluminium 7075,AL70752,quantum_like,256,256,0.0,0,P1,P1-AL70752_nagniat,area,Burnishing,nagniat,simple
351935.84460016416,327.133259114379,330.4382999039521,444462.61239044624,405.6896736729729,411.1023927935191,3102395.382119496,2291.434062734852,5098.419384523485,0.05,0.05,351608.7113410498,351605.4063002602,444056.9227167733,444051.5099976527,3100103.948056761,3097296.962734972,0.0,0.0,/Users/dawid/Library/Mobile Documents/com~apple~CloudDocs/Dokumenty/Publikacje własne/Manuscripts/Quantum_interference/data/P1-AL70752_nagniat.sur,444412.75870448875,810.0000000000001,809.0,532.0,655289.9999999508,Aluminium 7075,AL70752,hybrid,256,256,0.0,0,P1,P1-AL70752_nagniat,area,Burnishing,nagniat,simple
339.4224233557553,327.133259114379,330.4382999039521,421.4270454381601,405.6896736729729,411.1023927935191,2542.7196436064837,2291.434062734852,5098.419384523485,0.05,0.05,12.28916424137633,8.984123451803237,15.73737176518717,10.324652644641032,251.28558087163188,-2555.6997409170017,0.0,0.0,/Users/dawid/Library/Mobile Documents/com~apple~CloudDocs/Dokumenty/Publikacje własne/Manuscripts/Quantum_interference/data/P1-AL70752_nagniat.sur,162.6032900298941,810.0000000000001,809.0,532.0,655289.9999999508,Aluminium 7075,AL70752,classical,256,256,0.0,1,P1,P1-AL70752_nagniat,area,Burnishing,nagniat,simple
767303.9720601316,327.133259114379,330.4382999039521,974443.7869025499,405.6896736729729,411.1023927935191,7513104.066732399,2291.434062734852,5098.419384523485,0.05,0.05,766976.8388010171,766973.5337602276,974038.0972288769,974032.6845097564,7510812.632669664,7508005.647347875,0.0,0.0,/Users/dawid/Library/Mobile Documents/com~apple~CloudDocs/Dokumenty/Publikacje własne/Manuscripts/Quantum_interference/data/P1-AL70752_nagniat.sur,974364.4801565693,810.0000000000001,809.0,532.0,655289.9999999508,Aluminium 7075,AL70752,quantum_like,256,256,0.0,1,P1,P1-AL70752_nagniat,area,Burnishing,nagniat,simple
429892.2489972717,327.133259114379,330.4382999039521,531313.8958834482,405.6896736729729,411.1023927935191,3656428.8970269794,2291.434062734852,5098.419384523485,0.05,0.05,429565.11573815736,429561.81069736776,530908.2062097753,530902.7934906547,3654137.4629642447,3651330.477642456,0.0,0.0,/Users/dawid/Library/Mobile Documents/com~apple~CloudDocs/Dokumenty/Publikacje własne/Manuscripts/Quantum_interference/data/P1-AL70752_nagniat.sur,531168.5495034328,810.0000000000001,809.0,532.0,655289.9999999508,Aluminium 7075,AL70752,hybrid,256,256,0.0,1,P1,P1-AL70752_nagniat,area,Burnishing,nagniat,simple
339.50697305882005,327.133259114379,330.4382999039521,421.0001722392887,405.6896736729729,411.1023927935191,2528.1480263687913,2291.434062734852,5098.419384523485,0.05,0.05,12.373713944441068,9.068673154867975,15.310498566315749,9.89777944576961,236.7139636339395,-2570.271358154694,0.0,0.0,/Users/dawid/Library/Mobile Documents/com~apple~CloudDocs/Dokumenty/Publikacje własne/Manuscripts/Quantum_interference/data/P1-AL70752_nagniat.sur,163.00923307058414,810.0000000000001,809.0,532.0,655289.9999999508,Aluminium 7075,AL70752,classical,256,256,0.0,2,P1,P1-AL70752_nagniat,area,Burnishing,nagniat,simple
703311.9023993047,327.133259114379,330.4382999039521,924618.7192028371,405.6896736729729,411.1023927935191,7412724.935133944,2291.434062734852,5098.419384523485,0.05,0.05,702984.7691401902,702981.4640994007,924213.0295291642,924207.6168100436,7410433.501071209,7407626.51574942,0.0,0.0,/Users/dawid/Library/Mobile Documents/com~apple~CloudDocs/Dokumenty/Publikacje własne/Manuscripts/Quantum_interference/data/P1-AL70752_nagniat.sur,924638.5080656185,810.0000000000001,809.0,532.0,655289.9999999508,Aluminium 7075,AL70752,quantum_like,256,256,0.0,2,P1,P1-AL70752_nagniat,area,Burnishing,nagniat,simple
339702.0234134129,327.133259114379,330.4382999039521,441674.0469836888,405.6896736729729,411.1023927935191,3560820.7103190366,2291.434062734852,5098.419384523485,0.05,0.05,339374.89015429857,339371.585113509,441268.3573100158,441262.94459089526,3558529.276256302,3555722.2909345133,0.0,0.0,/Users/dawid/Library/Mobile Documents/com~apple~CloudDocs/Dokumenty/Publikacje własne/Manuscripts/Quantum_interference/data/P1-AL70752_nagniat.sur,441715.7657161315,810.0000000000001,809.0,532.0,655289.9999999508,Aluminium 7075,AL70752,hybrid,256,256,0.0,2,P1,P1-AL70752_nagniat,area,Burnishing,nagniat,simple
338.9517691372038,327.133259114379,330.4382999039521,420.70970794375415,405.6896736729729,411.1023927935191,2528.997854604949,2291.434062734852,5098.419384523485,0.05,0.05,11.818510022824842,8.51346923325175,15.020034270781242,9.607315150235102,237.56379187009733,-2569.421529918536,0.0,0.0,/Users/dawid/Library/Mobile Documents/com~apple~CloudDocs/Dokumenty/Publikacje własne/Manuscripts/Quantum_interference/data/P1-AL70752_nagniat.sur,162.96852208654013,810.0000000000001,809.0,532.0,655289.9999999508,Aluminium 7075,AL70752,classical,256,256,0.0,3,P1,P1-AL70752_nagniat,area,Burnishing,nagniat,simple
758567.9624143532,327.133259114379,330.4382999039521,1010929.8551292426,405.6896736729729,411.1023927935191,8386625.281792095,2291.434062734852,5098.419384523485,0.05,0.05,758240.8291552387,758237.5241144492,1010524.1654555696,1010518.7527364491,8384333.84772936,8381526.862407571,0.0,0.0,/Users/dawid/Library/Mobile Documents/com~apple~CloudDocs/Dokumenty/Publikacje własne/Manuscripts/Quantum_interference/data/P1-AL70752_nagniat.sur,1010910.3936619913,810.0000000000001,809.0,532.0,655289.9999999508,Aluminium 7075,AL70752,quantum_like,256,256,0.0,3,P1,P1-AL70752_nagniat,area,Burnishing,nagniat,simple
321846.1346492794,327.133259114379,330.4382999039521,424419.9317605736,405.6896736729729,411.1023927935191,3348325.2822450483,2291.434062734852,5098.419384523485,0.05,0.05,321519.001390165,321515.6963493754,424014.24208690063,424008.82936778007,3346033.8481823136,3343226.8628605246,0.0,0.0,/Users/dawid/Library/Mobile Documents/com~apple~CloudDocs/Dokumenty/Publikacje własne/Manuscripts/Quantum_interference/data/P1-AL70752_nagniat.sur,424374.21123109193,810.0000000000001,809.0,532.0,655289.9999999508,Aluminium 7075,AL70752,hybrid,256,256,0.0,3,P1,P1-AL70752_nagniat,area,Burnishing,nagniat,simple
698.3005457798146,0.0003584054062409802,0.0007220720332325905,914.6471568655638,0.0005485641750130267,0.0014155996819883096,7758.072601246357,0.023651161583801494,0.10982922986895624,0.05,0.05,698.3001873744083,698.2998237077813,914.6466083013888,914.6457412658818,7758.048950084773,7757.962772016488,0.0,0.0,/Users/dawid/Library/Mobile Documents/com~apple~CloudDocs/Dokumenty/Publikacje własne/Manuscripts/Quantum_interference/data/P1-AL70752_wedm_wyk.sur,914.6471131600343,810.0000000000001,809.0,532.0,655289.9999999508,Aluminium 7075,AL70752,classical,256,256,0.0,0,P1,P1-AL70752_wedm_wyk,area,Wire EDM (finishing),wedm_wyk,simple
899872.2635878054,0.0003584054062409802,0.0007220720332325905,1178213.1524164754,0.0005485641750130267,0.0014155996819883096,8879154.479090445,0.023651161583801494,0.10982922986895624,0.05,0.05,899872.2632294002,899872.2628657335,1178213.151867911,1178213.1510008757,8879154.455439284,8879154.369261216,0.0,0.0,/Users/dawid/Library/Mobile Documents/com~apple~CloudDocs/Dokumenty/Publikacje własne/Manuscripts/Quantum_interference/data/P1-AL70752_wedm_wyk.sur,1178213.1523319404,810.0000000000001,809.0,532.0,655289.9999999508,Aluminium 7075,AL70752,quantum_like,256,256,0.0,0,P1,P1-AL70752_wedm_wyk,area,Wire EDM (finishing),wedm_wyk,simple
518647.9516852024,0.0003584054062409802,0.0007220720332325905,643982.0714341394,0.0005485641750130267,0.0014155996819883096,4806031.038276168,0.023651161583801494,0.10982922986895624,0.05,0.05,518647.9513267971,518647.9509631304,643982.0708855753,643982.0700185397,4806031.014625005,4806030.928446937,0.0,0.0,/Users/dawid/Library/Mobile Documents/com~apple~CloudDocs/Dokumenty/Publikacje własne/Manuscripts/Quantum_interference/data/P1-AL70752_wedm_wyk.sur,643982.0712833897,810.0000000000001,809.0,532.0,655289.9999999508,Aluminium 7075,AL70752,hybrid,256,256,0.0,0,P1,P1-AL70752_wedm_wyk,area,Wire EDM (finishing),wedm_wyk,simple
696.0104759266975,0.0003584054062409802,0.0007220720332325905,904.9140626960155,0.0005485641750130267,0.0014155996819883096,6865.306526690381,0.023651161583801494,0.10982922986895624,0.05,0.05,696.0101175212914,696.0097538546643,904.9135141318404,904.9126470963336,6865.282875528797,6865.196697460512,0.0,0.0,/Users/dawid/Library/Mobile Documents/com~apple~CloudDocs/Dokumenty/Publikacje własne/Manuscripts/Quantum_interference/data/P1-AL70752_wedm_wyk.sur,904.9141250429127,810.0000000000001,809.0,532.0,655289.9999999508,Aluminium 7075,AL70752,classical,256,256,0.0,1,P1,P1-AL70752_wedm_wyk,area,Wire EDM (finishing),wedm_wyk,simple
915478.5820648433,0.0003584054062409802,0.0007220720332325905,1179719.912855452,0.0005485641750130267,0.0014155996819883096,9730704.590306014,0.023651161583801494,0.10982922986895624,0.05,0.05,915478.5817064379,915478.5813427712,1179719.9123068876,1179719.9114398523,9730704.566654854,9730704.480476785,0.0,0.0,/Users/dawid/Library/Mobile Documents/com~apple~CloudDocs/Dokumenty/Publikacje własne/Manuscripts/Quantum_interference/data/P1-AL70752_wedm_wyk.sur,1179719.9127857594,810.0000000000001,809.0,532.0,655289.9999999508,Aluminium 7075,AL70752,quantum_like,256,256,0.0,1,P1,P1-AL70752_wedm_wyk,area,Wire EDM (finishing),wedm_wyk,simple
518104.9787201981,0.0003584054062409802,0.0007220720332325905,631045.6246026584,0.0005485641750130267,0.0014155996819883096,4199349.750972235,0.023651161583801494,0.10982922986895624,0.05,0.05,518104.97836179275,518104.97799812607,631045.6240540943,631045.6231870587,4199349.727321073,4199349.641143004,0.0,0.0,/Users/dawid/Library/Mobile Documents/com~apple~CloudDocs/Dokumenty/Publikacje własne/Manuscripts/Quantum_interference/data/P1-AL70752_wedm_wyk.sur,631045.6244654341,810.0000000000001,809.0,532.0,655289.9999999508,Aluminium 7075,AL70752,hybrid,256,256,0.0,1,P1,P1-AL70752_wedm_wyk,area,Wire EDM (finishing),wedm_wyk,simple
752.2430197023681,0.0003584054062409802,0.0007220720332325905,980.6556855548907,0.0005485641750130267,0.0014155996819883096,8061.459564000864,0.023651161583801494,0.10982922986895624,0.05,0.05,752.2426612969618,752.2422976303347,980.6551369907156,980.6542699552089,8061.435912839281,8061.3497347709945,0.0,0.0,/Users/dawid/Library/Mobile Documents/com~apple~CloudDocs/Dokumenty/Publikacje własne/Manuscripts/Quantum_interference/data/P1-AL70752_wedm_wyk.sur,980.6556365649822,810.0000000000001,809.0,532.0,655289.9999999508,Aluminium 7075,AL70752,classical,256,256,0.0,2,P1,P1-AL70752_wedm_wyk,area,Wire EDM (finishing),wedm_wyk,simple
865800.2737081925,0.0003584054062409802,0.0007220720332325905,1145064.517593911,0.0005485641750130267,0.0014155996819883096,9643757.08570749,0.023651161583801494,0.10982922986895624,0.05,0.05,865800.2733497871,865800.2729861204,1145064.5170453468,1145064.5161783113,9643757.062056327,9643756.97587826,0.0,0.0,/Users/dawid/Library/Mobile Documents/com~apple~CloudDocs/Dokumenty/Publikacje własne/Manuscripts/Quantum_interference/data/P1-AL70752_wedm_wyk.sur,1145064.5176705131,810.0000000000001,809.0,532.0,655289.9999999508,Aluminium 7075,AL70752,quantum_like,256,256,0.0,2,P1,P1-AL70752_wedm_wyk,area,Wire EDM (finishing),wedm_wyk,simple
487169.48873469525,0.0003584054062409802,0.0007220720332325905,614073.846649787,0.0005485641750130267,0.0014155996819883096,4036080.9572157953,0.023651161583801494,0.10982922986895624,0.05,0.05,487169.48837628984,487169.4880126232,614073.8461012229,614073.8452341873,4036080.9335646336,4036080.8473865655,0.0,0.0,/Users/dawid/Library/Mobile Documents/com~apple~CloudDocs/Dokumenty/Publikacje własne/Manuscripts/Quantum_interference/data/P1-AL70752_wedm_wyk.sur,614073.8467782496,810.0000000000001,809.0,532.0,655289.9999999508,Aluminium 7075,AL70752,hybrid,256,256,0.0,2,P1,P1-AL70752_wedm_wyk,area,Wire EDM (finishing),wedm_wyk,simple
696.8930260131134,0.0003584054062409802,0.0007220720332325905,928.1962366629109,0.0005485641750130267,0.0014155996819883096,7663.020757142351,0.023651161583801494,0.10982922986895624,0.05,0.05,696.8926676077072,696.8923039410802,928.1956880987359,928.1948210632289,7662.997105980767,7662.910927912481,0.0,0.0,/Users/dawid/Library/Mobile Documents/com~apple~CloudDocs/Dokumenty/Publikacje własne/Manuscripts/Quantum_interference/data/P1-AL70752_wedm_wyk.sur,928.1962085374857,810.0000000000001,809.0,532.0,655289.9999999508,Aluminium 7075,AL70752,classical,256,256,0.0,3,P1,P1-AL70752_wedm_wyk,area,Wire EDM (finishing),wedm_wyk,simple
915870.6680896127,0.0003584054062409802,0.0007220720332325905,1180357.4176358844,0.0005485641750130267,0.0014155996819883096,8866941.617016813,0.023651161583801494,0.10982922986895624,0.05,0.05,915870.6677312074,915870.6673675408,1180357.4170873202,1180357.4162202848,8866941.59336565,8866941.507187583,0.0,0.0,/Users/dawid/Library/Mobile Documents/com~apple~CloudDocs/Dokumenty/Publikacje własne/Manuscripts/Quantum_interference/data/P1-AL70752_wedm_wyk.sur,1180357.417737643,810.0000000000001,809.0,532.0,655289.9999999508,Aluminium 7075,AL70752,quantum_like,256,256,0.0,3,P1,P1-AL70752_wedm_wyk,area,Wire EDM (finishing),wedm_wyk,simple
516063.90812772326,0.0003584054062409802,0.0007220720332325905,639300.0043485702,0.0005485641750130267,0.0014155996819883096,3997272.925453508,0.023651161583801494,0.10982922986895624,0.05,0.05,516063.9077693179,516063.90740565123,639300.0038000061,639300.0029329705,3997272.901802346,3997272.815624278,0.0,0.0,/Users/dawid/Library/Mobile Documents/com~apple~CloudDocs/Dokumenty/Publikacje własne/Manuscripts/Quantum_interference/data/P1-AL70752_wedm_wyk.sur,639300.0045090422,810.0000000000001,809.0,532.0,655289.9999999508,Aluminium 7075,AL70752,hybrid,256,256,0.0,3,P1,P1-AL70752_wedm_wyk,area,Wire EDM (finishing),wedm_wyk,simple
761.9410551210418,4536.588572664918,5090.885428896734,978.5766262448732,5657.7091276911,6421.666175283541,7269.2734032108,58187.247640672605,122915.12441126864,0.05,0.05,-3774.6475175438763,-4328.944373775693,-4679.132501446227,-5443.089549038667,-50917.97423746181,-115645.85100805784,0.0,0.0,/Users/dawid/Library/Mobile Documents/com~apple~CloudDocs/Dokumenty/Publikacje własne/Manuscripts/Quantum_interference/data/P1-AL70752_wedm_zgru_1prz.sur,5750.422653870398,810.0000000000001,809.0,532.0,655289.9999999508,Aluminium 7075,AL70752,classical,256,256,0.0,0,P1,P1-AL70752_wedm_zgru_1prz,area,Wire EDM (roughing),wedm_zgru_1prz,simple
616189.6112957497,4536.588572664918,5090.885428896734,806782.1725138729,5657.7091276911,6421.666175283541,6517025.335579786,58187.247640672605,122915.12441126864,0.05,0.05,611653.0227230847,611098.7258668529,801124.4633861819,800360.5063385894,6458838.087939114,6394110.211168517,0.0,0.0,/Users/dawid/Library/Mobile Documents/com~apple~CloudDocs/Dokumenty/Publikacje własne/Manuscripts/Quantum_interference/data/P1-AL70752_wedm_zgru_1prz.sur,806709.3943771949,810.0000000000001,809.0,532.0,655289.9999999508,Aluminium 7075,AL70752,quantum_like,256,256,0.0,0,P1,P1-AL70752_wedm_zgru_1prz,area,Wire EDM (roughing),wedm_zgru_1prz,simple
325089.6938045053,4536.588572664918,5090.885428896734,406220.7897700345,5657.7091276911,6421.666175283541,2829535.508206381,58187.247640672605,122915.12441126864,0.05,0.05,320553.1052318404,319998.8083756086,400563.0806423434,399799.12359475094,2771348.2605657084,2706620.3837951124,0.0,0.0,/Users/dawid/Library/Mobile Documents/com~apple~CloudDocs/Dokumenty/Publikacje własne/Manuscripts/Quantum_interference/data/P1-AL70752_wedm_zgru_1prz.sur,406236.1879761729,810.0000000000001,809.0,532.0,655289.9999999508,Aluminium 7075,AL70752,hybrid,256,256,0.0,0,P1,P1-AL70752_wedm_zgru_1prz,area,Wire EDM (roughing),wedm_zgru_1prz,simple
755.0380141350288,4536.588572664918,5090.885428896734,967.689093538652,5657.7091276911,6421.666175283541,7268.075371162513,58187.247640672605,122915.12441126864,0.05,0.05,-3781.550558529889,-4335.847414761705,-4690.020034152448,-5453.977081744888,-50919.17226951009,-115647.04904010613,0.0,0.0,/Users/dawid/Library/Mobile Documents/com~apple~CloudDocs/Dokumenty/Publikacje własne/Manuscripts/Quantum_interference/data/P1-AL70752_wedm_zgru_1prz.sur,5747.189109866556,810.0000000000001,809.0,532.0,655289.9999999508,Aluminium 7075,AL70752,classical,256,256,0.0,1,P1,P1-AL70752_wedm_zgru_1prz,area,Wire EDM (roughing),wedm_zgru_1prz,simple
587607.0754225425,4536.588572664918,5090.885428896734,789399.0094979412,5657.7091276911,6421.666175283541,7243640.729531901,58187.247640672605,122915.12441126864,0.05,0.05,583070.4868498775,582516.1899936458,783741.3003702501,782977.3433226577,7185453.481891229,7120725.605120632,0.0,0.0,/Users/dawid/Library/Mobile Documents/com~apple~CloudDocs/Dokumenty/Publikacje własne/Manuscripts/Quantum_interference/data/P1-AL70752_wedm_zgru_1prz.sur,789269.1564062773,810.0000000000001,809.0,532.0,655289.9999999508,Aluminium 7075,AL70752,quantum_like,256,256,0.0,1,P1,P1-AL70752_wedm_zgru_1prz,area,Wire EDM (roughing),wedm_zgru_1prz,simple
253038.71978736547,4536.588572664918,5090.885428896734,330323.5204165294,5657.7091276911,6421.666175283541,2957200.9122697054,58187.247640672605,122915.12441126864,0.05,0.05,248502.13121470055,247947.83435846874,324665.81128883833,323901.85424124583,2899013.664629033,2834285.7878584373,0.0,0.0,/Users/dawid/Library/Mobile Documents/com~apple~CloudDocs/Dokumenty/Publikacje własne/Manuscripts/Quantum_interference/data/P1-AL70752_wedm_zgru_1prz.sur,330123.9220384127,810.0000000000001,809.0,532.0,655289.9999999508,Aluminium 7075,AL70752,hybrid,256,256,0.0,1,P1,P1-AL70752_wedm_zgru_1prz,area,Wire EDM (roughing),wedm_zgru_1prz,simple
761.8371303673335,4536.588572664918,5090.885428896734,977.5490028661694,5657.7091276911,6421.666175283541,7268.759842469769,58187.247640672605,122915.12441126864,0.05,0.05,-3774.751442297584,-4329.048298529401,-4680.160124824931,-5444.117172417371,-50918.487798202834,-115646.36456879886,0.0,0.0,/Users/dawid/Library/Mobile Documents/com~apple~CloudDocs/Dokumenty/Publikacje własne/Manuscripts/Quantum_interference/data/P1-AL70752_wedm_zgru_1prz.sur,5748.808821807065,810.0000000000001,809.0,532.0,655289.9999999508,Aluminium 7075,AL70752,classical,256,256,0.0,2,P1,P1-AL70752_wedm_zgru_1prz,area,Wire EDM (roughing),wedm_zgru_1prz,simple
577936.113604152,4536.588572664918,5090.885428896734,769439.9219496335,5657.7091276911,6421.666175283541,6372247.794018475,58187.247640672605,122915.12441126864,0.05,0.05,573399.525031487,572845.2281752551,763782.2128219424,763018.25577435,6314060.546377803,6249332.669607206,0.0,0.0,/Users/dawid/Library/Mobile Documents/com~apple~CloudDocs/Dokumenty/Publikacje własne/Manuscripts/Quantum_interference/data/P1-AL70752_wedm_zgru_1prz.sur,769319.5533406186,810.0000000000001,809.0,532.0,655289.9999999508,Aluminium 7075,AL70752,quantum_like,256,256,0.0,2,P1,P1-AL70752_wedm_zgru_1prz,area,Wire EDM (roughing),wedm_zgru_1prz,simple
290326.9253479802,4536.588572664918,5090.885428896734,362392.0826997416,5657.7091276911,6421.666175283541,2374194.5321027962,58187.247640672605,122915.12441126864,0.05,0.05,285790.33677531534,285236.03991908353,356734.37357205054,355970.41652445804,2316007.2844621236,2251279.4076915276,0.0,0.0,/Users/dawid/Library/Mobile Documents/com~apple~CloudDocs/Dokumenty/Publikacje własne/Manuscripts/Quantum_interference/data/P1-AL70752_wedm_zgru_1prz.sur,362272.16043877037,810.0000000000001,809.0,532.0,655289.9999999508,Aluminium 7075,AL70752,hybrid,256,256,0.0,2,P1,P1-AL70752_wedm_zgru_1prz,area,Wire EDM (roughing),wedm_zgru_1prz,simple
764.1632596217707,4536.588572664918,5090.885428896734,981.3168367053073,5657.7091276911,6421.666175283541,7466.210722950322,58187.247640672605,122915.12441126864,0.05,0.05,-3772.4253130431475,-4326.722169274964,-4676.392290985793,-5440.349338578233,-50721.03691772229,-115448.91368831832,0.0,0.0,/Users/dawid/Library/Mobile Documents/com~apple~CloudDocs/Dokumenty/Publikacje własne/Manuscripts/Quantum_interference/data/P1-AL70752_wedm_zgru_1prz.sur,5749.533931701107,810.0000000000001,809.0,532.0,655289.9999999508,Aluminium 7075,AL70752,classical,256,256,0.0,3,P1,P1-AL70752_wedm_zgru_1prz,area,Wire EDM (roughing),wedm_zgru_1prz,simple
671743.6160375518,4536.588572664918,5090.885428896734,881558.9602913909,5657.7091276911,6421.666175283541,7675776.753375521,58187.247640672605,122915.12441126864,0.05,0.05,667207.0274648868,666652.7306086549,875901.2511636998,875137.2941161074,7617589.505734849,7552861.628964253,0.0,0.0,/Users/dawid/Library/Mobile Documents/com~apple~CloudDocs/Dokumenty/Publikacje własne/Manuscripts/Quantum_interference/data/P1-AL70752_wedm_zgru_1prz.sur,881437.2470844649,810.0000000000001,809.0,532.0,655289.9999999508,Aluminium 7075,AL70752,quantum_like,256,256,0.0,3,P1,P1-AL70752_wedm_zgru_1prz,area,Wire EDM (roughing),wedm_zgru_1prz,simple
380157.7253073423,4536.588572664918,5090.885428896734,477480.2312758018,5657.7091276911,6421.666175283541,3134204.014169243,58187.247640672605,122915.12441126864,0.05,0.05,375621.13673467736,375066.83987844555,471822.52214811073,471058.56510051823,3076016.7665285706,3011288.8897579745,0.0,0.0,/Users/dawid/Library/Mobile Documents/com~apple~CloudDocs/Dokumenty/Publikacje własne/Manuscripts/Quantum_interference/data/P1-AL70752_wedm_zgru_1prz.sur,477371.70875310106,810.0000000000001,809.0,532.0,655289.9999999508,Aluminium 7075,AL70752,hybrid,256,256,0.0,3,P1,P1-AL70752_wedm_zgru_1prz,area,Wire EDM (roughing),wedm_zgru_1prz,simple
717.8519642928843,374635.40711837687,386337.33015214914,938.5941688957259,468767.4817956795,687536.3225057478,6779.124958946174,7017210.988175499,37520538.8651078,0.05,0.05,-373917.555154084,-385619.47818785626,-467828.88762678375,-686597.728336852,-7010431.863216553,-37513759.74014885,0.0,0.0,/Users/dawid/Library/Mobile Documents/com~apple~CloudDocs/Dokumenty/Publikacje własne/Manuscripts/Quantum_interference/data/P1-AL7075_frez_wyk.sur,468793.4635262195,810.0000000000001,809.0,532.0,655289.9999999508,Aluminium 7075,AL7075,classical,256,256,0.0,0,P1,P1-AL7075_frez_wyk,area,Milling (finishing),frez_wyk,simple
382200.12214520643,374635.40711837687,386337.33015214914,466694.74209978885,468767.4817956795,687536.3225057478,3612792.602900422,7017210.988175499,37520538.8651078,0.05,0.05,7564.715026829572,-4137.208006942702,-2072.7396958906293,-220841.5804059589,-3404418.385275077,-33907746.262207374,0.0,0.0,/Users/dawid/Library/Mobile Documents/com~apple~CloudDocs/Dokumenty/Publikacje własne/Manuscripts/Quantum_interference/data/P1-AL7075_frez_wyk.sur,343686.4402862063,810.0000000000001,809.0,532.0,655289.9999999508,Aluminium 7075,AL7075,quantum_like,256,256,0.0,0,P1,P1-AL7075_frez_wyk,area,Milling (finishing),frez_wyk,simple
334841.3026688733,374635.40711837687,386337.33015214914,409379.0485992596,468767.4817956795,687536.3225057478,2281160.1309014917,7017210.988175499,37520538.8651078,0.05,0.05,-39794.10444950363,-51496.0274832759,-59388.43319641993,-278157.2739064882,-4736050.857274007,-35239378.73420631,0.0,0.0,/Users/dawid/Library/Mobile Documents/com~apple~CloudDocs/Dokumenty/Publikacje własne/Manuscripts/Quantum_interference/data/P1-AL7075_frez_wyk.sur,258624.73568491905,810.0000000000001,809.0,532.0,655289.9999999508,Aluminium 7075,AL7075,hybrid,256,256,0.0,0,P1,P1-AL7075_frez_wyk,area,Milling (finishing),frez_wyk,simple
717.0000144978437,374635.40711837687,386337.33015214914,935.8680099160819,468767.4817956795,687536.3225057478,6777.988131489865,7017210.988175499,37520538.8651078,0.05,0.05,-373918.407103879,-385620.3301376513,-467831.6137857634,-686600.4544958317,-7010433.000044009,-37513760.876976304,0.0,0.0,/Users/dawid/Library/Mobile Documents/com~apple~CloudDocs/Dokumenty/Publikacje własne/Manuscripts/Quantum_interference/data/P1-AL7075_frez_wyk.sur,468791.9557603283,810.0000000000001,809.0,532.0,655289.9999999508,Aluminium 7075,AL7075,classical,256,256,0.0,1,P1,P1-AL7075_frez_wyk,area,Milling (finishing),frez_wyk,simple
385104.14136841975,374635.40711837687,386337.33015214914,468896.3597700897,468767.4817956795,687536.3225057478,3612740.9381390633,7017210.988175499,37520538.8651078,0.05,0.05,10468.734250042842,-1233.1887837294325,128.8779744101974,-218639.96273565807,-3404470.050036436,-33907797.92696873,0.0,0.0,/Users/dawid/Library/Mobile Documents/com~apple~CloudDocs/Dokumenty/Publikacje własne/Manuscripts/Quantum_interference/data/P1-AL7075_frez_wyk.sur,346229.7231037599,810.0000000000001,809.0,532.0,655289.9999999508,Aluminium 7075,AL7075,quantum_like,256,256,0.0,1,P1,P1-AL7075_frez_wyk,area,Milling (finishing),frez_wyk,simple
334439.67298071185,374635.40711837687,386337.33015214914,408907.4896167632,468767.4817956795,687536.3225057478,2279522.2438071803,7017210.988175499,37520538.8651078,0.05,0.05,-40195.73413766502,-51897.6571714373,-59859.99217891628,-278628.8328889846,-4737688.744368319,-35241016.621300615,0.0,0.0,/Users/dawid/Library/Mobile Documents/com~apple~CloudDocs/Dokumenty/Publikacje własne/Manuscripts/Quantum_interference/data/P1-AL7075_frez_wyk.sur,257180.4952302601,810.0000000000001,809.0,532.0,655289.9999999508,Aluminium 7075,AL7075,hybrid,256,256,0.0,1,P1,P1-AL7075_frez_wyk,area,Milling (finishing),frez_wyk,simple
718.5516081727055,374635.40711837687,386337.33015214914,939.01046422447,468767.4817956795,687536.3225057478,7032.973744137843,7017210.988175499,37520538.8651078,0.05,0.05,-373916.8555102042,-385618.7785439765,-467828.47133145505,-686597.3120415233,-7010178.014431361,-37513505.89136366,0.0,0.0,/Users/dawid/Library/Mobile Documents/com~apple~CloudDocs/Dokumenty/Publikacje własne/Manuscripts/Quantum_interference/data/P1-AL7075_frez_wyk.sur,468793.6095750196,810.0000000000001,809.0,532.0,655289.9999999508,Aluminium 7075,AL7075,classical,256,256,0.0,2,P1,P1-AL7075_frez_wyk,area,Milling (finishing),frez_wyk,simple
381385.6513837668,374635.40711837687,386337.33015214914,466144.7354442131,468767.4817956795,687536.3225057478,3616931.4151966395,7017210.988175499,37520538.8651078,0.05,0.05,6750.244265389899,-4951.678768382376,-2622.7463514663914,-221391.58706153466,-3400279.57297886,-33903607.44991116,0.0,0.0,/Users/dawid/Library/Mobile Documents/com~apple~CloudDocs/Dokumenty/Publikacje własne/Manuscripts/Quantum_interference/data/P1-AL7075_frez_wyk.sur,343966.780836369,810.0000000000001,809.0,532.0,655289.9999999508,Aluminium 7075,AL7075,quantum_like,256,256,0.0,2,P1,P1-AL7075_frez_wyk,area,Milling (finishing),frez_wyk,simple
334082.06878123153,374635.40711837687,386337.33015214914,408886.28561807313,468767.4817956795,687536.3225057478,2289972.360852995,7017210.988175499,37520538.8651078,0.05,0.05,-40553.33833714538,-52255.26137091766,-59881.19617760635,-278650.03688767465,-4727238.627322504,-35230566.5042548,0.0,0.0,/Users/dawid/Library/Mobile Documents/com~apple~CloudDocs/Dokumenty/Publikacje własne/Manuscripts/Quantum_interference/data/P1-AL7075_frez_wyk.sur,259103.81366275495,810.0000000000001,809.0,532.0,655289.9999999508,Aluminium 7075,AL7075,hybrid,256,256,0.0,2,P1,P1-AL7075_frez_wyk,area,Milling (finishing),frez_wyk,simple
715.3117422431017,374635.40711837687,386337.33015214914,935.9001179697988,468767.4817956795,687536.3225057478,6770.19152451701,7017210.988175499,37520538.8651078,0.05,0.05,-373920.0953761338,-385622.0184099061,-467831.5816777097,-686600.422387778,-7010440.7966509815,-37513768.673583284,0.0,0.0,/Users/dawid/Library/Mobile Documents/com~apple~CloudDocs/Dokumenty/Publikacje własne/Manuscripts/Quantum_interference/data/P1-AL7075_frez_wyk.sur,468794.4252740862,810.0000000000001,809.0,532.0,655289.9999999508,Aluminium 7075,AL7075,classical,256,256,0.0,3,P1,P1-AL7075_frez_wyk,area,Milling (finishing),frez_wyk,simple
383772.09501356917,374635.40711837687,386337.33015214914,467724.8040310855,468767.4817956795,687536.3225057478,3614765.770542517,7017210.988175499,37520538.8651078,0.05,0.05,9136.68789519228,-2565.235138579994,-1042.6777645939949,-219811.51847466227,-3402445.2176329824,-33905773.09456528,0.0,0.0,/Users/dawid/Library/Mobile Documents/com~apple~CloudDocs/Dokumenty/Publikacje własne/Manuscripts/Quantum_interference/data/P1-AL7075_frez_wyk.sur,345503.19417310826,810.0000000000001,809.0,532.0,655289.9999999508,Aluminium 7075,AL7075,quantum_like,256,256,0.0,3,P1,P1-AL7075_frez_wyk,area,Milling (finishing),frez_wyk,simple
334515.7591109624,374635.40711837687,386337.33015214914,409406.05914044945,468767.4817956795,687536.3225057478,2285851.637590484,7017210.988175499,37520538.8651078,0.05,0.05,-40119.64800741452,-51821.57104118679,-59361.42265523006,-278130.26336529833,-4731359.3505850155,-35234687.227517314,0.0,0.0,/Users/dawid/Library/Mobile Documents/com~apple~CloudDocs/Dokumenty/Publikacje własne/Manuscripts/Quantum_interference/data/P1-AL7075_frez_wyk.sur,259129.41032563712,810.0000000000001,809.0,532.0,655289.9999999508,Aluminium 7075,AL7075,hybrid,256,256,0.0,3,P1,P1-AL7075_frez_wyk,area,Milling (finishing),frez_wyk,simple
290.66595487929993,144.15207454052342,176.1165973340421,358.981662911056,195.0547431686774,345.94806999303705,2838.308332515858,13395.505415319141,53690.94074605003,0.05,0.05,146.5138803387765,114.54935754525782,163.9269197423786,13.033592918018925,-10557.197082803283,-50852.63241353417,0.0,0.0,/Users/dawid/Library/Mobile Documents/com~apple~CloudDocs/Dokumenty/Publikacje własne/Manuscripts/Quantum_interference/data/P1-AL7075_frez_zgr.sur,305.3668439412022,810.0000000000001,809.0,532.0,655289.9999999508,Aluminium 7075,AL7075,classical,256,256,0.0,0,P1,P1-AL7075_frez_zgr,area,Milling (roughing),frez_zgr,simple
815247.6328276084,144.15207454052342,176.1165973340421,1066955.8113787866,195.0547431686774,345.94806999303705,9942653.845184896,13395.505415319141,53690.94074605003,0.05,0.05,815103.4807530679,815071.5162302743,1066760.7566356177,1066609.8633087934,9929258.33976958,9888962.904438846,0.0,0.0,/Users/dawid/Library/Mobile Documents/com~apple~CloudDocs/Dokumenty/Publikacje własne/Manuscripts/Quantum_interference/data/P1-AL7075_frez_zgr.sur,1066963.7276374127,810.0000000000001,809.0,532.0,655289.9999999508,Aluminium 7075,AL7075,quantum_like,256,256,0.0,0,P1,P1-AL7075_frez_zgr,area,Milling (roughing),frez_zgr,simple
395999.3697322142,144.15207454052342,176.1165973340421,496205.1370184411,195.0547431686774,345.94806999303705,3649774.766992076,13395.505415319141,53690.94074605003,0.05,0.05,395855.2176576737,395823.25313488016,496010.0822752724,495859.188948448,3636379.261576757,3596083.826246026,0.0,0.0,/Users/dawid/Library/Mobile Documents/com~apple~CloudDocs/Dokumenty/Publikacje własne/Manuscripts/Quantum_interference/data/P1-AL7075_frez_zgr.sur,496224.81712510076,810.0000000000001,809.0,532.0,655289.9999999508,Aluminium 7075,AL7075,hybrid,256,256,0.0,0,P1,P1-AL7075_frez_zgr,area,Milling (roughing),frez_zgr,simple
291.1516830408915,144.15207454052342,176.1165973340421,359.8520615197168,195.0547431686774,345.94806999303705,2837.2853932535536,13395.505415319141,53690.94074605003,0.05,0.05,146.99960850036808,115.0350857068494,164.79731835103942,13.90399152667975,-10558.220022065587,-50853.65535279648,0.0,0.0,/Users/dawid/Library/Mobile Documents/com~apple~CloudDocs/Dokumenty/Publikacje własne/Manuscripts/Quantum_interference/data/P1-AL7075_frez_zgr.sur,306.89489159003386,810.0000000000001,809.0,532.0,655289.9999999508,Aluminium 7075,AL7075,classical,256,256,0.0,1,P1,P1-AL7075_frez_zgr,area,Milling (roughing),frez_zgr,simple
877778.3016866095,144.15207454052342,176.1165973340421,1143173.918010051,195.0547431686774,345.94806999303705,8716791.79181636,13395.505415319141,53690.94074605003,0.05,0.05,877634.1496120689,877602.1850892754,1142978.8632668823,1142827.969940058,8703396.28640104,8663100.851070307,0.0,0.0,/Users/dawid/Library/Mobile Documents/com~apple~CloudDocs/Dokumenty/Publikacje własne/Manuscripts/Quantum_interference/data/P1-AL7075_frez_zgr.sur,1143173.4249559753,810.0000000000001,809.0,532.0,655289.9999999508,Aluminium 7075,AL7075,quantum_like,256,256,0.0,1,P1,P1-AL7075_frez_zgr,area,Milling (roughing),frez_zgr,simple
549024.7502692161,144.15207454052342,176.1165973340421,706634.2907669328,195.0547431686774,345.94806999303705,4765321.541484538,13395.505415319141,53690.94074605003,0.05,0.05,548880.5981946756,548848.6336718821,706439.2360237641,706288.3426969397,4751926.036069218,4711630.600738487,0.0,0.0,/Users/dawid/Library/Mobile Documents/com~apple~CloudDocs/Dokumenty/Publikacje własne/Manuscripts/Quantum_interference/data/P1-AL7075_frez_zgr.sur,706634.0647151372,810.0000000000001,809.0,532.0,655289.9999999508,Aluminium 7075,AL7075,hybrid,256,256,0.0,1,P1,P1-AL7075_frez_zgr,area,Milling (roughing),frez_zgr,simple
291.2051390693964,144.15207454052342,176.1165973340421,360.9429146339664,195.0547431686774,345.94806999303705,2835.597580779109,13395.505415319141,53690.94074605003,0.05,0.05,147.053064528873,115.08854173535434,165.88817146528902,14.994844640929344,-10559.90783454003,-50855.343165270926,0.0,0.0,/Users/dawid/Library/Mobile Documents/com~apple~CloudDocs/Dokumenty/Publikacje własne/Manuscripts/Quantum_interference/data/P1-AL7075_frez_zgr.sur,307.85882699096794,810.0000000000001,809.0,532.0,655289.9999999508,Aluminium 7075,AL7075,classical,256,256,0.0,2,P1,P1-AL7075_frez_zgr,area,Milling (roughing),frez_zgr,simple
960782.0068795193,144.15207454052342,176.1165973340421,1215329.9788452464,195.0547431686774,345.94806999303705,9822134.746472096,13395.505415319141,53690.94074605003,0.05,0.05,960637.8548049787,960605.8902821852,1215134.9241020777,1214984.0307752534,9808739.241056778,9768443.805726046,0.0,0.0,/Users/dawid/Library/Mobile Documents/com~apple~CloudDocs/Dokumenty/Publikacje własne/Manuscripts/Quantum_interference/data/P1-AL7075_frez_zgr.sur,1215289.0856849742,810.0000000000001,809.0,532.0,655289.9999999508,Aluminium 7075,AL7075,quantum_like,256,256,0.0,2,P1,P1-AL7075_frez_zgr,area,Milling (roughing),frez_zgr,simple
660467.8835173827,144.15207454052342,176.1165973340421,794742.3066888032,195.0547431686774,345.94806999303705,4729194.444176138,13395.505415319141,53690.94074605003,0.05,0.05,660323.7314428422,660291.7669200486,794547.2519456345,794396.3586188102,4715798.938760819,4675503.503430089,0.0,0.0,/Users/dawid/Library/Mobile Documents/com~apple~CloudDocs/Dokumenty/Publikacje własne/Manuscripts/Quantum_interference/data/P1-AL7075_frez_zgr.sur,794680.6067603491,810.0000000000001,809.0,532.0,655289.9999999508,Aluminium 7075,AL7075,hybrid,256,256,0.0,2,P1,P1-AL7075_frez_zgr,area,Milling (roughing),frez_zgr,simple
291.412871390634,144.15207454052342,176.1165973340421,360.48684590008367,195.0547431686774,345.94806999303705,2837.9786145004814,13395.505415319141,53690.94074605003,0.05,0.05,147.26079685011058,115.2962740565919,165.4321027314063,14.538775907046634,-10557.52680081866,-50852.962131549546,0.0,0.0,/Users/dawid/Library/Mobile Documents/com~apple~CloudDocs/Dokumenty/Publikacje własne/Manuscripts/Quantum_interference/data/P1-AL7075_frez_zgr.sur,306.76867931282817,810.0000000000001,809.0,532.0,655289.9999999508,Aluminium 7075,AL7075,classical,256,256,0.0,3,P1,P1-AL7075_frez_zgr,area,Milling (roughing),frez_zgr,simple
815999.8328174165,144.15207454052342,176.1165973340421,1083099.7228279177,195.0547431686774,345.94806999303705,8661203.881850181,13395.505415319141,53690.94074605003,0.05,0.05,815855.680742876,815823.7162200825,1082904.668084749,1082753.7747579245,8647808.376434863,8607512.941104129,0.0,0.0,/Users/dawid/Library/Mobile Documents/com~apple~CloudDocs/Dokumenty/Publikacje własne/Manuscripts/Quantum_interference/data/P1-AL7075_frez_zgr.sur,1083082.2076250317,810.0000000000001,809.0,532.0,655289.9999999508,Aluminium 7075,AL7075,quantum_like,256,256,0.0,3,P1,P1-AL7075_frez_zgr,area,Milling (roughing),frez_zgr,simple
398914.40220689215,144.15207454052342,176.1165973340421,525180.7961974448,195.0547431686774,345.94806999303705,3653597.436880707,13395.505415319141,53690.94074605003,0.05,0.05,398770.25013235165,398738.28560955805,524985.741454276,524834.8481274517,3640201.9314653873,3599906.496134657,0.0,0.0,/Users/dawid/Library/Mobile Documents/com~apple~CloudDocs/Dokumenty/Publikacje własne/Manuscripts/Quantum_interference/data/P1-AL7075_frez_zgr.sur,525146.9024563333,810.0000000000001,809.0,532.0,655289.9999999508,Aluminium 7075,AL7075,hybrid,256,256,0.0,3,P1,P1-AL7075_frez_zgr,area,Milling (roughing),frez_zgr,simple
807.3033517288966,2781.705846909539,2851.069027265254,1030.0499402853045,3200.986502044666,3375.9853169491635,7476.325849343151,15955.285939709558,59633.0796095711,0.05,0.05,-1974.4024951806425,-2043.7656755363573,-2170.9365617593617,-2345.9353766638587,-8478.960090366407,-52156.75376022795,0.0,0.0,/Users/dawid/Library/Mobile Documents/com~apple~CloudDocs/Dokumenty/Publikacje własne/Manuscripts/Quantum_interference/data/P1-AL7075_t_zgrub.sur,3335.458469941692,810.0000000000001,809.0,532.0,655289.9999999508,Aluminium 7075,AL7075,classical,256,256,0.0,0,P1,P1-AL7075_t_zgrub,area,Turning (roughing),t_zgrub,simple
500503.1289905368,2781.705846909539,2851.069027265254,647942.2202784062,3200.986502044666,3375.9853169491635,5435637.990109049,15955.285939709558,59633.0796095711,0.05,0.05,497721.42314362724,497652.05996327155,644741.2337763616,644566.2349614571,5419682.7041693395,5376004.910499477,0.0,0.0,/Users/dawid/Library/Mobile Documents/com~apple~CloudDocs/Dokumenty/Publikacje własne/Manuscripts/Quantum_interference/data/P1-AL7075_t_zgrub.sur,647847.3135054698,810.0000000000001,809.0,532.0,655289.9999999508,Aluminium 7075,AL7075,quantum_like,256,256,0.0,0,P1,P1-AL7075_t_zgrub,area,Turning (roughing),t_zgrub,simple
265136.56821594073,2781.705846909539,2851.069027265254,353589.18388897163,3200.986502044666,3375.9853169491635,2498979.4017497557,15955.285939709558,59633.0796095711,0.05,0.05,262354.8623690312,262285.4991886755,350388.1973869269,350213.1985720225,2483024.115810046,2439346.3221401847,0.0,0.0,/Users/dawid/Library/Mobile Documents/com~apple~CloudDocs/Dokumenty/Publikacje własne/Manuscripts/Quantum_interference/data/P1-AL7075_t_zgrub.sur,353454.6896829014,810.0000000000001,809.0,532.0,655289.9999999508,Aluminium 7075,AL7075,hybrid,256,256,0.0,0,P1,P1-AL7075_t_zgrub,area,Turning (roughing),t_zgrub,simple
805.0412400091027,2781.705846909539,2851.069027265254,1027.630190693291,3200.986502044666,3375.9853169491635,7490.3052474089545,15955.285939709558,59633.0796095711,0.05,0.05,-1976.6646069004364,-2046.0277872561512,-2173.356311351375,-2348.3551262558726,-8464.980692300604,-52142.774362162134,0.0,0.0,/Users/dawid/Library/Mobile Documents/com~apple~CloudDocs/Dokumenty/Publikacje własne/Manuscripts/Quantum_interference/data/P1-AL7075_t_zgrub.sur,3334.5696094337277,810.0000000000001,809.0,532.0,655289.9999999508,Aluminium 7075,AL7075,classical,256,256,0.0,1,P1,P1-AL7075_t_zgrub,area,Turning (roughing),t_zgrub,simple
554580.0687767246,2781.705846909539,2851.069027265254,697956.4286873548,3200.986502044666,3375.9853169491635,5283180.093631048,15955.285939709558,59633.0796095711,0.05,0.05,551798.3629298151,551728.9997494593,694755.4421853102,694580.4433704057,5267224.8076913385,5223547.014021476,0.0,0.0,/Users/dawid/Library/Mobile Documents/com~apple~CloudDocs/Dokumenty/Publikacje własne/Manuscripts/Quantum_interference/data/P1-AL7075_t_zgrub.sur,697964.2191925334,810.0000000000001,809.0,532.0,655289.9999999508,Aluminium 7075,AL7075,quantum_like,256,256,0.0,1,P1,P1-AL7075_t_zgrub,area,Turning (roughing),t_zgrub,simple
344523.66134391044,2781.705846909539,2851.069027265254,408275.9817957976,3200.986502044666,3375.9853169491635,2629765.1531045116,15955.285939709558,59633.0796095711,0.05,0.05,341741.9554970009,341672.5923166452,405074.99529375293,404899.99647884845,2613809.8671648023,2570132.0734949405,0.0,0.0,/Users/dawid/Library/Mobile Documents/com~apple~CloudDocs/Dokumenty/Publikacje własne/Manuscripts/Quantum_interference/data/P1-AL7075_t_zgrub.sur,408319.3917311078,810.0000000000001,809.0,532.0,655289.9999999508,Aluminium 7075,AL7075,hybrid,256,256,0.0,1,P1,P1-AL7075_t_zgrub,area,Turning (roughing),t_zgrub,simple
813.1393666344985,2781.705846909539,2851.069027265254,1035.4264279458605,3200.986502044666,3375.9853169491635,7674.7561146949465,15955.285939709558,59633.0796095711,0.05,0.05,-1968.5664802750405,-2037.9296606307553,-2165.560074098805,-2340.5588890033027,-8280.529825014612,-51958.32349487615,0.0,0.0,/Users/dawid/Library/Mobile Documents/com~apple~CloudDocs/Dokumenty/Publikacje własne/Manuscripts/Quantum_interference/data/P1-AL7075_t_zgrub.sur,3336.0981324150007,810.0000000000001,809.0,532.0,655289.9999999508,Aluminium 7075,AL7075,classical,256,256,0.0,2,P1,P1-AL7075_t_zgrub,area,Turning (roughing),t_zgrub,simple
504470.6737851652,2781.705846909539,2851.069027265254,636780.6445662724,3200.986502044666,3375.9853169491635,4437230.887223926,15955.285939709558,59633.0796095711,0.05,0.05,501688.96793825564,501619.60475789994,633579.6580642278,633404.6592493233,4421275.601284217,4377597.807614355,0.0,0.0,/Users/dawid/Library/Mobile Documents/com~apple~CloudDocs/Dokumenty/Publikacje własne/Manuscripts/Quantum_interference/data/P1-AL7075_t_zgrub.sur,636777.1106826591,810.0000000000001,809.0,532.0,655289.9999999508,Aluminium 7075,AL7075,quantum_like,256,256,0.0,2,P1,P1-AL7075_t_zgrub,area,Turning (roughing),t_zgrub,simple
283793.25185404846,2781.705846909539,2851.069027265254,346007.96961451566,3200.986502044666,3375.9853169491635,1908320.8603950662,15955.285939709558,59633.0796095711,0.05,0.05,281011.5460071389,280942.1828267832,342806.98311247095,342631.9842975665,1892365.5744553565,1848687.7807854952,0.0,0.0,/Users/dawid/Library/Mobile Documents/com~apple~CloudDocs/Dokumenty/Publikacje własne/Manuscripts/Quantum_interference/data/P1-AL7075_t_zgrub.sur,346041.9433761305,810.0000000000001,809.0,532.0,655289.9999999508,Aluminium 7075,AL7075,hybrid,256,256,0.0,2,P1,P1-AL7075_t_zgrub,area,Turning (roughing),t_zgrub,simple
805.4214191570989,2781.705846909539,2851.069027265254,1024.0133519214455,3200.986502044666,3375.9853169491635,7488.14364959516,15955.285939709558,59633.0796095711,0.05,0.05,-1976.28442775244,-2045.6476081081553,-2176.9731501232204,-2351.971965027718,-8467.1422901144,-52144.935959975934,0.0,0.0,/Users/dawid/Library/Mobile Documents/com~apple~CloudDocs/Dokumenty/Publikacje własne/Manuscripts/Quantum_interference/data/P1-AL7075_t_zgrub.sur,3333.140575923856,810.0000000000001,809.0,532.0,655289.9999999508,Aluminium 7075,AL7075,classical,256,256,0.0,3,P1,P1-AL7075_t_zgrub,area,Turning (roughing),t_zgrub,simple
510386.49708430975,2781.705846909539,2851.069027265254,666782.5839709141,3200.986502044666,3375.9853169491635,5286695.757715412,15955.285939709558,59633.0796095711,0.05,0.05,507604.7912374002,507535.4280570445,663581.5974688695,663406.598653965,5270740.471775703,5227062.67810584,0.0,0.0,/Users/dawid/Library/Mobile Documents/com~apple~CloudDocs/Dokumenty/Publikacje własne/Manuscripts/Quantum_interference/data/P1-AL7075_t_zgrub.sur,666741.8904031798,810.0000000000001,809.0,532.0,655289.9999999508,Aluminium 7075,AL7075,quantum_like,256,256,0.0,3,P1,P1-AL7075_t_zgrub,area,Turning (roughing),t_zgrub,simple
265783.3863857912,2781.705846909539,2851.069027265254,341802.21332367905,3200.986502044666,3375.9853169491635,2315261.913114805,15955.285939709558,59633.0796095711,0.05,0.05,263001.6805388816,262932.31735852594,338601.2268216344,338426.2280067299,2299306.6271750955,2255628.833505234,0.0,0.0,/Users/dawid/Library/Mobile Documents/com~apple~CloudDocs/Dokumenty/Publikacje własne/Manuscripts/Quantum_interference/data/P1-AL7075_t_zgrub.sur,341755.56614851445,810.0000000000001,809.0,532.0,655289.9999999508,Aluminium 7075,AL7075,hybrid,256,256,0.0,3,P1,P1-AL7075_t_zgrub,area,Turning (roughing),t_zgrub,simple
888.8679507005609,130.73348608781825,168.57388938374433,1171.8894896116415,177.0636983466566,322.9701285319562,10321.327097660984,2362.6658188260194,15504.124678627684,0.05,0.05,758.1344646127427,720.2940613168165,994.8257912649848,848.9193610796854,7958.661278834965,-5182.7975809667005,0.0,0.0,/Users/dawid/Library/Mobile Documents/com~apple~CloudDocs/Dokumenty/Publikacje własne/Manuscripts/Quantum_interference/data/P1-C45_frez_wyk.sur,1189.332125754783,810.0000000000001,809.0,532.0,655289.9999999508,Steel C45,C45,classical,256,256,0.0,0,P1,P1-C45_frez_wyk,area,Milling (finishing),frez_wyk,simple
856177.5962736158,130.73348608781825,168.57388938374433,1119260.9859153081,177.0636983466566,322.9701285319562,9623175.448687192,2362.6658188260194,15504.124678627684,0.05,0.05,856046.862787528,856009.022384232,1119083.9222169616,1118938.015786776,9620812.782868367,9607671.324008565,0.0,0.0,/Users/dawid/Library/Mobile Documents/com~apple~CloudDocs/Dokumenty/Publikacje własne/Manuscripts/Quantum_interference/data/P1-C45_frez_wyk.sur,1119258.1249675325,810.0000000000001,809.0,532.0,655289.9999999508,Steel C45,C45,quantum_like,256,256,0.0,0,P1,P1-C45_frez_wyk,area,Milling (finishing),frez_wyk,simple
417538.26983408444,130.73348608781825,168.57388938374433,558710.867044146,177.0636983466566,322.9701285319562,4669590.724891292,2362.6658188260194,15504.124678627684,0.05,0.05,417407.5363479966,417369.6959447007,558533.8033457993,558387.896915614,4667228.059072467,4654086.600212664,0.0,0.0,/Users/dawid/Library/Mobile Documents/com~apple~CloudDocs/Dokumenty/Publikacje własne/Manuscripts/Quantum_interference/data/P1-C45_frez_wyk.sur,558708.7749985796,810.0000000000001,809.0,532.0,655289.9999999508,Steel C45,C45,hybrid,256,256,0.0,0,P1,P1-C45_frez_wyk,area,Milling (finishing),frez_wyk,simple
878.3750639131696,130.73348608781825,168.57388938374433,1161.180156436113,177.0636983466566,322.9701285319562,10327.98401200074,2362.6658188260194,15504.124678627684,0.05,0.05,747.6415778253513,709.8011745294252,984.1164580894566,838.210027904157,7965.318193174719,-5176.140666626946,0.0,0.0,/Users/dawid/Library/Mobile Documents/com~apple~CloudDocs/Dokumenty/Publikacje własne/Manuscripts/Quantum_interference/data/P1-C45_frez_wyk.sur,1178.6505335356755,810.0000000000001,809.0,532.0,655289.9999999508,Steel C45,C45,classical,256,256,0.0,1,P1,P1-C45_frez_wyk,area,Milling (finishing),frez_wyk,simple
837797.6967722602,130.73348608781825,168.57388938374433,1080925.8865241257,177.0636983466566,322.9701285319562,8829185.158067785,2362.6658188260194,15504.124678627684,0.05,0.05,837666.9632861725,837629.1228828765,1080748.8228257792,1080602.9163955937,8826822.492248958,8813681.033389157,0.0,0.0,/Users/dawid/Library/Mobile Documents/com~apple~CloudDocs/Dokumenty/Publikacje własne/Manuscripts/Quantum_interference/data/P1-C45_frez_wyk.sur,1080935.38391689,810.0000000000001,809.0,532.0,655289.9999999508,Steel C45,C45,quantum_like,256,256,0.0,1,P1,P1-C45_frez_wyk,area,Milling (finishing),frez_wyk,simple
505954.40347964043,130.73348608781825,168.57388938374433,621245.4151647025,177.0636983466566,322.9701285319562,3567264.909724666,2362.6658188260194,15504.124678627684,0.05,0.05,505823.66999355255,505785.8295902567,621068.3514663557,620922.4450361704,3564902.24390584,3551760.785046038,0.0,0.0,/Users/dawid/Library/Mobile Documents/com~apple~CloudDocs/Dokumenty/Publikacje własne/Manuscripts/Quantum_interference/data/P1-C45_frez_wyk.sur,621263.1725874273,810.0000000000001,809.0,532.0,655289.9999999508,Steel C45,C45,hybrid,256,256,0.0,1,P1,P1-C45_frez_wyk,area,Milling (finishing),frez_wyk,simple
896.0405951810488,130.73348608781825,168.57388938374433,1181.6370212260285,177.0636983466566,322.9701285319562,10321.07328526386,2362.6658188260194,15504.124678627684,0.05,0.05,765.3071090932306,727.4667057973045,1004.5733228793719,858.6668926940724,7958.4074664378395,-5183.051393363826,0.0,0.0,/Users/dawid/Library/Mobile Documents/com~apple~CloudDocs/Dokumenty/Publikacje własne/Manuscripts/Quantum_interference/data/P1-C45_frez_wyk.sur,1199.028019969322,810.0000000000001,809.0,532.0,655289.9999999508,Steel C45,C45,classical,256,256,0.0,2,P1,P1-C45_frez_wyk,area,Milling (finishing),frez_wyk,simple
909718.5198709724,130.73348608781825,168.57388938374433,1147796.9990335384,177.0636983466566,322.9701285319562,8242088.847952796,2362.6658188260194,15504.124678627684,0.05,0.05,909587.7863848845,909549.9459815886,1147619.935335192,1147474.0289050064,8239726.182133971,8226584.723274169,0.0,0.0,/Users/dawid/Library/Mobile Documents/com~apple~CloudDocs/Dokumenty/Publikacje własne/Manuscripts/Quantum_interference/data/P1-C45_frez_wyk.sur,1147788.0452970846,810.0000000000001,809.0,532.0,655289.9999999508,Steel C45,C45,quantum_like,256,256,0.0,2,P1,P1-C45_frez_wyk,area,Milling (finishing),frez_wyk,simple
580133.0217429448,130.73348608781825,168.57388938374433,697348.1567727631,177.0636983466566,322.9701285319562,4379220.62715678,2362.6658188260194,15504.124678627684,0.05,0.05,580002.288256857,579964.447853561,697171.0930744165,697025.1866442312,4376857.961337954,4363716.5024781525,0.0,0.0,/Users/dawid/Library/Mobile Documents/com~apple~CloudDocs/Dokumenty/Publikacje własne/Manuscripts/Quantum_interference/data/P1-C45_frez_wyk.sur,697333.9099011052,810.0000000000001,809.0,532.0,655289.9999999508,Steel C45,C45,hybrid,256,256,0.0,2,P1,P1-C45_frez_wyk,area,Milling (finishing),frez_wyk,simple
896.1331210322081,130.73348608781825,168.57388938374433,1178.4739720843456,177.0636983466566,322.9701285319562,10323.991944433872,2362.6658188260194,15504.124678627684,0.05,0.05,765.39963494439,727.5592316484638,1001.4102737376892,855.5038435523895,7961.326125607853,-5180.132734193812,0.0,0.0,/Users/dawid/Library/Mobile Documents/com~apple~CloudDocs/Dokumenty/Publikacje własne/Manuscripts/Quantum_interference/data/P1-C45_frez_wyk.sur,1195.7200665778462,810.0000000000001,809.0,532.0,655289.9999999508,Steel C45,C45,classical,256,256,0.0,3,P1,P1-C45_frez_wyk,area,Milling (finishing),frez_wyk,simple
819598.7046426409,130.73348608781825,168.57388938374433,1062270.2892247369,177.0636983466566,322.9701285319562,7757305.004006172,2362.6658188260194,15504.124678627684,0.05,0.05,819467.971156553,819430.1307532571,1062093.2255263904,1061947.3190962048,7754942.338187346,7741800.879327544,0.0,0.0,/Users/dawid/Library/Mobile Documents/com~apple~CloudDocs/Dokumenty/Publikacje własne/Manuscripts/Quantum_interference/data/P1-C45_frez_wyk.sur,1062275.1571798641,810.0000000000001,809.0,532.0,655289.9999999508,Steel C45,C45,quantum_like,256,256,0.0,3,P1,P1-C45_frez_wyk,area,Milling (finishing),frez_wyk,simple
440678.5344471591,130.73348608781825,168.57388938374433,553249.5269629294,177.0636983466566,322.9701285319562,3840936.559242226,2362.6658188260194,15504.124678627684,0.05,0.05,440547.8009610713,440509.96055777534,553072.4632645827,552926.5568343974,3838573.8934234004,3825432.4345635986,0.0,0.0,/Users/dawid/Library/Mobile Documents/com~apple~CloudDocs/Dokumenty/Publikacje własne/Manuscripts/Quantum_interference/data/P1-C45_frez_wyk.sur,553257.3879386793,810.0000000000001,809.0,532.0,655289.9999999508,Steel C45,C45,hybrid,256,256,0.0,3,P1,P1-C45_frez_wyk,area,Milling (finishing),frez_wyk,simple
682.702032304617,0.013677398688480481,0.014215393199252453,899.9296263982885,0.016567023530093917,0.017415753488415692,6886.1501522349445,0.16320364671729742,0.3893552769154757,0.05,0.05,682.6883549059285,682.6878169114177,899.9130593747584,899.9122106448001,6885.986948588227,6885.760796958029,0.0,0.0,/Users/dawid/Library/Mobile Documents/com~apple~CloudDocs/Dokumenty/Publikacje własne/Manuscripts/Quantum_interference/data/P1-C45_frez_zgr.sur,899.92957450902,810.0000000000001,809.0,532.0,655289.9999999508,Steel C45,C45,classical,256,256,0.0,0,P1,P1-C45_frez_zgr,area,Milling (roughing),frez_zgr,simple
805772.2222892323,0.013677398688480481,0.014215393199252453,1033543.4508531216,0.016567023530093917,0.017415753488415692,8488660.55066844,0.16320364671729742,0.3893552769154757,0.05,0.05,805772.2086118336,805772.2080738392,1033543.434286098,1033543.4334373681,8488660.387464793,8488660.161313163,0.0,0.0,/Users/dawid/Library/Mobile Documents/com~apple~CloudDocs/Dokumenty/Publikacje własne/Manuscripts/Quantum_interference/data/P1-C45_frez_zgr.sur,1033543.4514185027,810.0000000000001,809.0,532.0,655289.9999999508,Steel C45,C45,quantum_like,256,256,0.0,0,P1,P1-C45_frez_zgr,area,Milling (roughing),frez_zgr,simple
374545.8443960098,0.013677398688480481,0.014215393199252453,479386.3653209336,0.016567023530093917,0.017415753488415692,3389314.6328544305,0.16320364671729742,0.3893552769154757,0.05,0.05,374545.83071861113,374545.83018061664,479386.3487539101,479386.3479051801,3389314.4696507836,3389314.2434991538,0.0,0.0,/Users/dawid/Library/Mobile Documents/com~apple~CloudDocs/Dokumenty/Publikacje własne/Manuscripts/Quantum_interference/data/P1-C45_frez_zgr.sur,479386.36631673813,810.0000000000001,809.0,532.0,655289.9999999508,Steel C45,C45,hybrid,256,256,0.0,0,P1,P1-C45_frez_zgr,area,Milling (roughing),frez_zgr,simple
636.2337796182597,0.013677398688480481,0.014215393199252453,838.8044217060908,0.016567023530093917,0.017415753488415692,6904.119956907682,0.16320364671729742,0.3893552769154757,0.05,0.05,636.2201022195712,636.2195642250605,838.7878546825608,838.7870059526025,6903.956753260964,6903.730601630766,0.0,0.0,/Users/dawid/Library/Mobile Documents/com~apple~CloudDocs/Dokumenty/Publikacje własne/Manuscripts/Quantum_interference/data/P1-C45_frez_zgr.sur,838.804834861828,810.0000000000001,809.0,532.0,655289.9999999508,Steel C45,C45,classical,256,256,0.0,1,P1,P1-C45_frez_zgr,area,Milling (roughing),frez_zgr,simple
901755.945472537,0.013677398688480481,0.014215393199252453,1187049.0026272992,0.016567023530093917,0.017415753488415692,11112144.904274464,0.16320364671729742,0.3893552769154757,0.05,0.05,901755.9317951382,901755.9312571437,1187048.9860602755,1187048.9852115456,11112144.741070816,11112144.514919186,0.0,0.0,/Users/dawid/Library/Mobile Documents/com~apple~CloudDocs/Dokumenty/Publikacje własne/Manuscripts/Quantum_interference/data/P1-C45_frez_zgr.sur,1187049.0026866964,810.0000000000001,809.0,532.0,655289.9999999508,Steel C45,C45,quantum_like,256,256,0.0,1,P1,P1-C45_frez_zgr,area,Milling (roughing),frez_zgr,simple
555370.5792911837,0.013677398688480481,0.014215393199252453,679175.6818839532,0.016567023530093917,0.017415753488415692,4399911.000947475,0.16320364671729742,0.3893552769154757,0.05,0.05,555370.565613785,555370.5650757905,679175.6653169296,679175.6644681996,4399910.837743829,4399910.611592199,0.0,0.0,/Users/dawid/Library/Mobile Documents/com~apple~CloudDocs/Dokumenty/Publikacje własne/Manuscripts/Quantum_interference/data/P1-C45_frez_zgr.sur,679175.6819804925,810.0000000000001,809.0,532.0,655289.9999999508,Steel C45,C45,hybrid,256,256,0.0,1,P1,P1-C45_frez_zgr,area,Milling (roughing),frez_zgr,simple
678.1683512974099,0.013677398688480481,0.014215393199252453,906.3740704643872,0.016567023530093917,0.017415753488415692,8571.545953062983,0.16320364671729742,0.3893552769154757,0.05,0.05,678.1546738987214,678.1541359042106,906.357503440857,906.3566547108987,8571.382749416267,8571.156597786068,0.0,0.0,/Users/dawid/Library/Mobile Documents/com~apple~CloudDocs/Dokumenty/Publikacje własne/Manuscripts/Quantum_interference/data/P1-C45_frez_zgr.sur,906.37394237618,810.0000000000001,809.0,532.0,655289.9999999508,Steel C45,C45,classical,256,256,0.0,2,P1,P1-C45_frez_zgr,area,Milling (roughing),frez_zgr,simple
832229.3545639098,0.013677398688480481,0.014215393199252453,1066539.007534224,0.016567023530093917,0.017415753488415692,7959781.119361525,0.16320364671729742,0.3893552769154757,0.05,0.05,832229.340886511,832229.3403485166,1066538.9909672006,1066538.9901184705,7959780.956157878,7959780.730006248,0.0,0.0,/Users/dawid/Library/Mobile Documents/com~apple~CloudDocs/Dokumenty/Publikacje własne/Manuscripts/Quantum_interference/data/P1-C45_frez_zgr.sur,1066539.0077514485,810.0000000000001,809.0,532.0,655289.9999999508,Steel C45,C45,quantum_like,256,256,0.0,2,P1,P1-C45_frez_zgr,area,Milling (roughing),frez_zgr,simple
430293.79637327517,0.013677398688480481,0.014215393199252453,538422.2776373809,0.016567023530093917,0.017415753488415692,4004342.433833487,0.16320364671729742,0.3893552769154757,0.05,0.05,430293.7826958765,430293.78215788194,538422.2610703573,538422.2602216273,4004342.27062984,4004342.044478209,0.0,0.0,/Users/dawid/Library/Mobile Documents/com~apple~CloudDocs/Dokumenty/Publikacje własne/Manuscripts/Quantum_interference/data/P1-C45_frez_zgr.sur,538422.2776990385,810.0000000000001,809.0,532.0,655289.9999999508,Steel C45,C45,hybrid,256,256,0.0,2,P1,P1-C45_frez_zgr,area,Milling (roughing),frez_zgr,simple
709.7066528814645,0.013677398688480481,0.014215393199252453,936.4202159837682,0.016567023530093917,0.017415753488415692,9624.833357129137,0.16320364671729742,0.3893552769154757,0.05,0.05,709.692975482776,709.6924374882652,936.4036489602381,936.4028002302798,9624.67015348242,9624.444001852222,0.0,0.0,/Users/dawid/Library/Mobile Documents/com~apple~CloudDocs/Dokumenty/Publikacje własne/Manuscripts/Quantum_interference/data/P1-C45_frez_zgr.sur,936.419007263815,810.0000000000001,809.0,532.0,655289.9999999508,Steel C45,C45,classical,256,256,0.0,3,P1,P1-C45_frez_zgr,area,Milling (roughing),frez_zgr,simple
892043.8491052344,0.013677398688480481,0.014215393199252453,1154486.1787603723,0.016567023530093917,0.017415753488415692,8899382.485364104,0.16320364671729742,0.3893552769154757,0.05,0.05,892043.8354278357,892043.8348898411,1154486.1621933486,1154486.1613446188,8899382.322160456,8899382.096008826,0.0,0.0,/Users/dawid/Library/Mobile Documents/com~apple~CloudDocs/Dokumenty/Publikacje własne/Manuscripts/Quantum_interference/data/P1-C45_frez_zgr.sur,1154486.1790369735,810.0000000000001,809.0,532.0,655289.9999999508,Steel C45,C45,quantum_like,256,256,0.0,3,P1,P1-C45_frez_zgr,area,Milling (roughing),frez_zgr,simple
487248.0436085877,0.013677398688480481,0.014215393199252453,616755.7586000412,0.016567023530093917,0.017415753488415692,3931237.086688678,0.16320364671729742,0.3893552769154757,0.05,0.05,487248.029931189,487248.0293931945,616755.7420330176,616755.7411842876,3931236.923485031,3931236.6973334006,0.0,0.0,/Users/dawid/Library/Mobile Documents/com~apple~CloudDocs/Dokumenty/Publikacje własne/Manuscripts/Quantum_interference/data/P1-C45_frez_zgr.sur,616755.7591558503,810.0000000000001,809.0,532.0,655289.9999999508,Steel C45,C45,hybrid,256,256,0.0,3,P1,P1-C45_frez_zgr,area,Milling (roughing),frez_zgr,simple
404.23590688298896,170.69015003093372,209.73484587406048,546.1437578706943,520.4751383049718,1330.3937512601992,6406.023428089915,55011.498285111746,157120.78884941927,0.05,0.05,233.54575685205526,194.50106100892847,25.668619565722516,-784.249993389505,-48605.47485702183,-150714.7654213294,0.0,0.0,/Users/dawid/Library/Mobile Documents/com~apple~CloudDocs/Dokumenty/Publikacje własne/Manuscripts/Quantum_interference/data/P1-C45_nagniat.sur,759.4583632280369,810.0000000000001,809.0,532.0,655289.9999999508,Steel C45,C45,classical,256,256,0.0,0,P1,P1-C45_nagniat,area,Burnishing,nagniat,simple
837972.0892181782,170.69015003093372,209.73484587406048,1090032.4173907766,520.4751383049718,1330.3937512601992,9216424.254272742,55011.498285111746,157120.78884941927,0.05,0.05,837801.3990681472,837762.354372304,1089511.9422524716,1088702.0236395164,9161412.755987631,9059303.465423323,0.0,0.0,/Users/dawid/Library/Mobile Documents/com~apple~CloudDocs/Dokumenty/Publikacje własne/Manuscripts/Quantum_interference/data/P1-C45_nagniat.sur,1090039.8512510597,810.0000000000001,809.0,532.0,655289.9999999508,Steel C45,C45,quantum_like,256,256,0.0,0,P1,P1-C45_nagniat,area,Burnishing,nagniat,simple
462672.2184755726,170.69015003093372,209.73484587406048,578228.2052702255,520.4751383049718,1330.3937512601992,3934149.2846329245,55011.498285111746,157120.78884941927,0.05,0.05,462501.52832554164,462462.4836296985,577707.7301319207,576897.8115189654,3879137.786347813,3777028.4957835055,0.0,0.0,/Users/dawid/Library/Mobile Documents/com~apple~CloudDocs/Dokumenty/Publikacje własne/Manuscripts/Quantum_interference/data/P1-C45_nagniat.sur,578250.0049810159,810.0000000000001,809.0,532.0,655289.9999999508,Steel C45,C45,hybrid,256,256,0.0,0,P1,P1-C45_nagniat,area,Burnishing,nagniat,simple
403.75795841453714,170.69015003093372,209.73484587406048,544.8118645862601,520.4751383049718,1330.3937512601992,6145.081178103923,55011.498285111746,157120.78884941927,0.05,0.05,233.06780838360342,194.02311254047666,24.33672628128826,-785.5818866739392,-48866.41710700782,-150975.70767131538,0.0,0.0,/Users/dawid/Library/Mobile Documents/com~apple~CloudDocs/Dokumenty/Publikacje własne/Manuscripts/Quantum_interference/data/P1-C45_nagniat.sur,757.4892744215102,810.0000000000001,809.0,532.0,655289.9999999508,Steel C45,C45,classical,256,256,0.0,1,P1,P1-C45_nagniat,area,Burnishing,nagniat,simple
829796.8178695828,170.69015003093372,209.73484587406048,1090423.3938073104,520.4751383049718,1330.3937512601992,9091634.136813775,55011.498285111746,157120.78884941927,0.05,0.05,829626.1277195518,829587.0830237087,1089902.9186690054,1089093.0000560503,9036622.638528664,8934513.347964356,0.0,0.0,/Users/dawid/Library/Mobile Documents/com~apple~CloudDocs/Dokumenty/Publikacje własne/Manuscripts/Quantum_interference/data/P1-C45_nagniat.sur,1090416.3746851769,810.0000000000001,809.0,532.0,655289.9999999508,Steel C45,C45,quantum_like,256,256,0.0,1,P1,P1-C45_nagniat,area,Burnishing,nagniat,simple
425584.6354344259,170.69015003093372,209.73484587406048,527437.0793814763,520.4751383049718,1330.3937512601992,3900292.932687652,55011.498285111746,157120.78884941927,0.05,0.05,425413.94528439495,425374.9005885518,526916.6042431713,526106.685630216,3845281.4344025403,3743172.143838233,0.0,0.0,/Users/dawid/Library/Mobile Documents/com~apple~CloudDocs/Dokumenty/Publikacje własne/Manuscripts/Quantum_interference/data/P1-C45_nagniat.sur,527418.216641257,810.0000000000001,809.0,532.0,655289.9999999508,Steel C45,C45,hybrid,256,256,0.0,1,P1,P1-C45_nagniat,area,Burnishing,nagniat,simple
404.94342451315174,170.69015003093372,209.73484587406048,546.014765245622,520.4751383049718,1330.3937512601992,6147.964485491369,55011.498285111746,157120.78884941927,0.05,0.05,234.25327448221802,195.20857863909126,25.539626940650173,-784.3789860145773,-48863.533799620374,-150972.82436392794,0.0,0.0,/Users/dawid/Library/Mobile Documents/com~apple~CloudDocs/Dokumenty/Publikacje własne/Manuscripts/Quantum_interference/data/P1-C45_nagniat.sur,758.7102881138851,810.0000000000001,809.0,532.0,655289.9999999508,Steel C45,C45,classical,256,256,0.0,2,P1,P1-C45_nagniat,area,Burnishing,nagniat,simple
817814.1876435676,170.69015003093372,209.73484587406048,1057727.794755985,520.4751383049718,1330.3937512601992,8240883.985949446,55011.498285111746,157120.78884941927,0.05,0.05,817643.4974935367,817604.4527976935,1057207.31961768,1056397.401004725,8185872.4876643345,8083763.1971000265,0.0,0.0,/Users/dawid/Library/Mobile Documents/com~apple~CloudDocs/Dokumenty/Publikacje własne/Manuscripts/Quantum_interference/data/P1-C45_nagniat.sur,1057720.884295949,810.0000000000001,809.0,532.0,655289.9999999508,Steel C45,C45,quantum_like,256,256,0.0,2,P1,P1-C45_nagniat,area,Burnishing,nagniat,simple
447784.16718816047,170.69015003093372,209.73484587406048,548974.3845927467,520.4751383049718,1330.3937512601992,3551620.8300374374,55011.498285111746,157120.78884941927,0.05,0.05,447613.4770381295,447574.4323422864,548453.9094544417,547643.9908414865,3496609.3317523254,3394500.0411880184,0.0,0.0,/Users/dawid/Library/Mobile Documents/com~apple~CloudDocs/Dokumenty/Publikacje własne/Manuscripts/Quantum_interference/data/P1-C45_nagniat.sur,548945.8196753068,810.0000000000001,809.0,532.0,655289.9999999508,Steel C45,C45,hybrid,256,256,0.0,2,P1,P1-C45_nagniat,area,Burnishing,nagniat,simple
400.8052366688065,170.69015003093372,209.73484587406048,542.6051655613364,520.4751383049718,1330.3937512601992,6400.648118160547,55011.498285111746,157120.78884941927,0.05,0.05,230.1150866378728,191.070390794746,22.130027256364624,-787.7885856988628,-48610.8501669512,-150720.14073125873,0.0,0.0,/Users/dawid/Library/Mobile Documents/com~apple~CloudDocs/Dokumenty/Publikacje własne/Manuscripts/Quantum_interference/data/P1-C45_nagniat.sur,756.3609571275039,810.0000000000001,809.0,532.0,655289.9999999508,Steel C45,C45,classical,256,256,0.0,3,P1,P1-C45_nagniat,area,Burnishing,nagniat,simple
854868.0610654424,170.69015003093372,209.73484587406048,1090784.5841248154,520.4751383049718,1330.3937512601992,8386103.55583394,55011.498285111746,157120.78884941927,0.05,0.05,854697.3709154114,854658.3262195683,1090264.1089865104,1089454.190373555,8331092.057548828,8228982.7669845205,0.0,0.0,/Users/dawid/Library/Mobile Documents/com~apple~CloudDocs/Dokumenty/Publikacje własne/Manuscripts/Quantum_interference/data/P1-C45_nagniat.sur,1090778.6996325124,810.0000000000001,809.0,532.0,655289.9999999508,Steel C45,C45,quantum_like,256,256,0.0,3,P1,P1-C45_nagniat,area,Burnishing,nagniat,simple
414303.14346151287,170.69015003093372,209.73484587406048,517479.71947766043,520.4751383049718,1330.3937512601992,3922219.4144288967,55011.498285111746,157120.78884941927,0.05,0.05,414132.4533114819,414093.4086156388,516959.2443393555,516149.3257264002,3867207.916143785,3765098.6255794778,0.0,0.0,/Users/dawid/Library/Mobile Documents/com~apple~CloudDocs/Dokumenty/Publikacje własne/Manuscripts/Quantum_interference/data/P1-C45_nagniat.sur,517475.2616473328,810.0000000000001,809.0,532.0,655289.9999999508,Steel C45,C45,hybrid,256,256,0.0,3,P1,P1-C45_nagniat,area,Burnishing,nagniat,simple
687.285114506691,5185.610777344909,5352.809007024925,915.096635632732,7146.173032652967,7452.142131531978,7556.838072429465,83837.1018021227,131214.74393826575,0.05,0.05,-4498.325662838219,-4665.523892518235,-6231.076397020234,-6537.045495899246,-76280.26372969324,-123657.90586583628,0.0,0.0,/Users/dawid/Library/Mobile Documents/com~apple~CloudDocs/Dokumenty/Publikacje własne/Manuscripts/Quantum_interference/data/P1-C45_t_zgrubne.sur,7175.334322995957,810.0000000000001,809.0,532.0,655289.9999999508,Steel C45,C45,classical,256,256,0.0,0,P1,P1-C45_t_zgrubne,area,Turning (roughing),t_zgrubne,simple
342541.24833156145,5185.610777344909,5352.809007024925,449356.2148250458,7146.173032652967,7452.142131531978,3826653.543779755,83837.1018021227,131214.74393826575,0.05,0.05,337355.6375542165,337188.43932453654,442210.0417923928,441904.07269351376,3742816.441977632,3695438.799841489,0.0,0.0,/Users/dawid/Library/Mobile Documents/com~apple~CloudDocs/Dokumenty/Publikacje własne/Manuscripts/Quantum_interference/data/P1-C45_t_zgrubne.sur,448700.36218463245,810.0000000000001,809.0,532.0,655289.9999999508,Steel C45,C45,quantum_like,256,256,0.0,0,P1,P1-C45_t_zgrubne,area,Turning (roughing),t_zgrubne,simple
181249.76820783,5185.610777344909,5352.809007024925,236280.44548102515,7146.173032652967,7452.142131531978,1703255.3157836434,83837.1018021227,131214.74393826575,0.05,0.05,176064.1574304851,175896.95920080508,229134.27244837218,228828.30334949316,1619418.2139815206,1572040.5718453778,0.0,0.0,/Users/dawid/Library/Mobile Documents/com~apple~CloudDocs/Dokumenty/Publikacje własne/Manuscripts/Quantum_interference/data/P1-C45_t_zgrubne.sur,235102.03547865865,810.0000000000001,809.0,532.0,655289.9999999508,Steel C45,C45,hybrid,256,256,0.0,0,P1,P1-C45_t_zgrubne,area,Turning (roughing),t_zgrubne,simple
688.1975767909573,5185.610777344909,5352.809007024925,915.8377189613249,7146.173032652967,7452.142131531978,7728.004353664237,83837.1018021227,131214.74393826575,0.05,0.05,-4497.413200553952,-4664.611430233967,-6230.335313691641,-6536.304412570653,-76109.09744845847,-123486.7395846015,0.0,0.0,/Users/dawid/Library/Mobile Documents/com~apple~CloudDocs/Dokumenty/Publikacje własne/Manuscripts/Quantum_interference/data/P1-C45_t_zgrubne.sur,7165.708990374696,810.0000000000001,809.0,532.0,655289.9999999508,Steel C45,C45,classical,256,256,0.0,1,P1,P1-C45_t_zgrubne,area,Turning (roughing),t_zgrubne,simple
323812.13578286464,5185.610777344909,5352.809007024925,439015.7303726274,7146.173032652967,7452.142131531978,4354214.446309877,83837.1018021227,131214.74393826575,0.05,0.05,318626.52500551974,318459.3267758397,431869.55733997445,431563.5882410954,4270377.344507754,4222999.70237161,0.0,0.0,/Users/dawid/Library/Mobile Documents/com~apple~CloudDocs/Dokumenty/Publikacje własne/Manuscripts/Quantum_interference/data/P1-C45_t_zgrubne.sur,438642.0503756393,810.0000000000001,809.0,532.0,655289.9999999508,Steel C45,C45,quantum_like,256,256,0.0,1,P1,P1-C45_t_zgrubne,area,Turning (roughing),t_zgrubne,simple
151796.41756867006,5185.610777344909,5352.809007024925,194856.2472031463,7146.173032652967,7452.142131531978,1410270.746303953,83837.1018021227,131214.74393826575,0.05,0.05,146610.80679132516,146443.60856164515,187710.07417049335,187404.10507161432,1326433.6445018302,1279056.0023656872,0.0,0.0,/Users/dawid/Library/Mobile Documents/com~apple~CloudDocs/Dokumenty/Publikacje własne/Manuscripts/Quantum_interference/data/P1-C45_t_zgrubne.sur,194169.76241978825,810.0000000000001,809.0,532.0,655289.9999999508,Steel C45,C45,hybrid,256,256,0.0,1,P1,P1-C45_t_zgrubne,area,Turning (roughing),t_zgrubne,simple
691.7405091706463,5185.610777344909,5352.809007024925,917.1816838322364,7146.173032652967,7452.142131531978,7533.735178719841,83837.1018021227,131214.74393826575,0.05,0.05,-4493.870268174263,-4661.068497854279,-6228.99134882073,-6534.960447699742,-76303.36662340286,-123681.0087595459,0.0,0.0,/Users/dawid/Library/Mobile Documents/com~apple~CloudDocs/Dokumenty/Publikacje własne/Manuscripts/Quantum_interference/data/P1-C45_t_zgrubne.sur,7178.19305489438,810.0000000000001,809.0,532.0,655289.9999999508,Steel C45,C45,classical,256,256,0.0,2,P1,P1-C45_t_zgrubne,area,Turning (roughing),t_zgrubne,simple
344985.99439394474,5185.610777344909,5352.809007024925,461607.2350992089,7146.173032652967,7452.142131531978,3543367.45965393,83837.1018021227,131214.74393826575,0.05,0.05,339800.38361659984,339633.1853869198,454461.0620665559,454155.0929676769,3459530.3578518075,3412152.715715664,0.0,0.0,/Users/dawid/Library/Mobile Documents/com~apple~CloudDocs/Dokumenty/Publikacje własne/Manuscripts/Quantum_interference/data/P1-C45_t_zgrubne.sur,461005.46253076656,810.0000000000001,809.0,532.0,655289.9999999508,Steel C45,C45,quantum_like,256,256,0.0,2,P1,P1-C45_t_zgrubne,area,Turning (roughing),t_zgrubne,simple
181210.3243227818,5185.610777344909,5352.809007024925,238271.08159700534,7146.173032652967,7452.142131531978,1913502.3486701236,83837.1018021227,131214.74393826575,0.05,0.05,176024.71354543688,175857.51531575687,231124.90856435237,230818.93946547335,1829665.2468680008,1782287.604731858,0.0,0.0,/Users/dawid/Library/Mobile Documents/com~apple~CloudDocs/Dokumenty/Publikacje własne/Manuscripts/Quantum_interference/data/P1-C45_t_zgrubne.sur,237218.87879944322,810.0000000000001,809.0,532.0,655289.9999999508,Steel C45,C45,hybrid,256,256,0.0,2,P1,P1-C45_t_zgrubne,area,Turning (roughing),t_zgrubne,simple
696.3404765754457,5185.610777344909,5352.809007024925,923.7240314923206,7146.173032652967,7452.142131531978,7532.245753381998,83837.1018021227,131214.74393826575,0.05,0.05,-4489.270300769464,-4656.46853044948,-6222.449001160646,-6528.4181000396575,-76304.85604874072,-123682.49818488373,0.0,0.0,/Users/dawid/Library/Mobile Documents/com~apple~CloudDocs/Dokumenty/Publikacje własne/Manuscripts/Quantum_interference/data/P1-C45_t_zgrubne.sur,7177.969248020814,810.0000000000001,809.0,532.0,655289.9999999508,Steel C45,C45,classical,256,256,0.0,3,P1,P1-C45_t_zgrubne,area,Turning (roughing),t_zgrubne,simple
325290.84592160495,5185.610777344909,5352.809007024925,433252.567987182,7146.173032652967,7452.142131531978,3532398.866760087,83837.1018021227,131214.74393826575,0.05,0.05,320105.23514426005,319938.03691458004,426106.394954529,425800.42585565,3448561.764957965,3401184.1228218214,0.0,0.0,/Users/dawid/Library/Mobile Documents/com~apple~CloudDocs/Dokumenty/Publikacje własne/Manuscripts/Quantum_interference/data/P1-C45_t_zgrubne.sur,432603.8981918043,810.0000000000001,809.0,532.0,655289.9999999508,Steel C45,C45,quantum_like,256,256,0.0,3,P1,P1-C45_t_zgrubne,area,Turning (roughing),t_zgrubne,simple
167814.24957649084,5185.610777344909,5352.809007024925,217745.54473306416,7146.173032652967,7452.142131531978,1705224.4893538621,83837.1018021227,131214.74393826575,0.05,0.05,162628.63879914593,162461.44056946592,210599.3717004112,210293.40260153217,1621387.3875517393,1574009.7454155963,0.0,0.0,/Users/dawid/Library/Mobile Documents/com~apple~CloudDocs/Dokumenty/Publikacje własne/Manuscripts/Quantum_interference/data/P1-C45_t_zgrubne.sur,216550.21767095316,810.0000000000001,809.0,532.0,655289.9999999508,Steel C45,C45,hybrid,256,256,0.0,3,P1,P1-C45_t_zgrubne,area,Turning (roughing),t_zgrubne,simple
698.9169395236909,81448.3135018408,164445.50446808158,921.5238934437255,112903.87193262373,259806.01315388278,8928.129865590625,4583764.4006710155,14845451.98272266,0.05,0.05,-80749.39656231712,-163746.5875285579,-111982.34803918001,-258884.48926043903,-4574836.270805425,-14836523.85285707,0.0,0.0,/Users/dawid/Library/Mobile Documents/com~apple~CloudDocs/Dokumenty/Publikacje własne/Manuscripts/Quantum_interference/data/P1-C45_wedm_wyk.sur,112791.89019395104,810.0000000000001,809.0,532.0,655289.9999999508,Steel C45,C45,classical,256,256,0.0,0,P1,P1-C45_wedm_wyk,area,Wire EDM (finishing),wedm_wyk,simple
543337.0713316605,81448.3135018408,164445.50446808158,703926.4522830278,112903.87193262373,259806.01315388278,5172718.480669169,4583764.4006710155,14845451.98272266,0.05,0.05,461888.75782981963,378891.56686357886,591022.5803504041,444120.439129145,588954.079998154,-9672733.502053492,0.0,0.0,/Users/dawid/Library/Mobile Documents/com~apple~CloudDocs/Dokumenty/Publikacje własne/Manuscripts/Quantum_interference/data/P1-C45_wedm_wyk.sur,707070.7206280244,810.0000000000001,809.0,532.0,655289.9999999508,Steel C45,C45,quantum_like,256,256,0.0,0,P1,P1-C45_wedm_wyk,area,Wire EDM (finishing),wedm_wyk,simple
326045.0830280211,81448.3135018408,164445.50446808158,401619.98628383304,112903.87193262373,259806.01315388278,2508434.839558758,4583764.4006710155,14845451.98272266,0.05,0.05,244596.76952618032,161599.57855993952,288716.1143512093,141813.9731299503,-2075329.5611122572,-12337017.143163903,0.0,0.0,/Users/dawid/Library/Mobile Documents/com~apple~CloudDocs/Dokumenty/Publikacje własne/Manuscripts/Quantum_interference/data/P1-C45_wedm_wyk.sur,416586.651128027,810.0000000000001,809.0,532.0,655289.9999999508,Steel C45,C45,hybrid,256,256,0.0,0,P1,P1-C45_wedm_wyk,area,Wire EDM (finishing),wedm_wyk,simple
700.8976737491146,81448.3135018408,164445.50446808158,925.4971553153613,112903.87193262373,259806.01315388278,8931.06756465406,4583764.4006710155,14845451.98272266,0.05,0.05,-80747.41582809169,-163744.60679433245,-111978.37477730837,-258880.5159985674,-4574833.333106361,-14836520.915158007,0.0,0.0,/Users/dawid/Library/Mobile Documents/com~apple~CloudDocs/Dokumenty/Publikacje własne/Manuscripts/Quantum_interference/data/P1-C45_wedm_wyk.sur,112802.20639755682,810.0000000000001,809.0,532.0,655289.9999999508,Steel C45,C45,classical,256,256,0.0,1,P1,P1-C45_wedm_wyk,area,Wire EDM (finishing),wedm_wyk,simple
540575.496068448,81448.3135018408,164445.50446808158,703447.3438005287,112903.87193262373,259806.01315388278,5675334.823585079,4583764.4006710155,14845451.98272266,0.05,0.05,459127.18256660714,376129.99160036637,590543.471867905,443641.3306466459,1091570.422914064,-9170117.159137582,0.0,0.0,/Users/dawid/Library/Mobile Documents/com~apple~CloudDocs/Dokumenty/Publikacje własne/Manuscripts/Quantum_interference/data/P1-C45_wedm_wyk.sur,708356.5468965824,810.0000000000001,809.0,532.0,655289.9999999508,Steel C45,C45,quantum_like,256,256,0.0,1,P1,P1-C45_wedm_wyk,area,Wire EDM (finishing),wedm_wyk,simple
320235.7252868378,81448.3135018408,164445.50446808158,392806.36711992894,112903.87193262373,259806.01315388278,2740779.6185360057,4583764.4006710155,14845451.98272266,0.05,0.05,238787.41178499698,155790.2208187562,279902.4951873052,133000.35396604618,-1842984.7821350093,-12104672.364186656,0.0,0.0,/Users/dawid/Library/Mobile Documents/com~apple~CloudDocs/Dokumenty/Publikacje własne/Manuscripts/Quantum_interference/data/P1-C45_wedm_wyk.sur,411377.87928238616,810.0000000000001,809.0,532.0,655289.9999999508,Steel C45,C45,hybrid,256,256,0.0,1,P1,P1-C45_wedm_wyk,area,Wire EDM (finishing),wedm_wyk,simple
696.6753088912089,81448.3135018408,164445.50446808158,925.8129184495756,112903.87193262373,259806.01315388278,9193.162332381466,4583764.4006710155,14845451.98272266,0.05,0.05,-80751.63819294958,-163748.82915919038,-111978.05901417416,-258880.20023543324,-4574571.238338634,-14836258.82039028,0.0,0.0,/Users/dawid/Library/Mobile Documents/com~apple~CloudDocs/Dokumenty/Publikacje własne/Manuscripts/Quantum_interference/data/P1-C45_wedm_wyk.sur,112806.37827345695,810.0000000000001,809.0,532.0,655289.9999999508,Steel C45,C45,classical,256,256,0.0,2,P1,P1-C45_wedm_wyk,area,Wire EDM (finishing),wedm_wyk,simple
525881.1984593878,81448.3135018408,164445.50446808158,691965.3843671666,112903.87193262373,259806.01315388278,5568643.373628288,4583764.4006710155,14845451.98272266,0.05,0.05,444432.88495754695,361435.6939913062,579061.5124345428,432159.3712132838,984878.9729572727,-9276808.609094374,0.0,0.0,/Users/dawid/Library/Mobile Documents/com~apple~CloudDocs/Dokumenty/Publikacje własne/Manuscripts/Quantum_interference/data/P1-C45_wedm_wyk.sur,698117.0104457497,810.0000000000001,809.0,532.0,655289.9999999508,Steel C45,C45,quantum_like,256,256,0.0,2,P1,P1-C45_wedm_wyk,area,Wire EDM (finishing),wedm_wyk,simple
296323.5529854738,81448.3135018408,164445.50446808158,375133.58574236353,112903.87193262373,259806.01315388278,2443443.133853028,4583764.4006710155,14845451.98272266,0.05,0.05,214875.23948363305,131878.04851739228,262229.7138097398,115327.57258848073,-2140321.266817987,-12402008.848869633,0.0,0.0,/Users/dawid/Library/Mobile Documents/com~apple~CloudDocs/Dokumenty/Publikacje własne/Manuscripts/Quantum_interference/data/P1-C45_wedm_wyk.sur,396035.8406355982,810.0000000000001,809.0,532.0,655289.9999999508,Steel C45,C45,hybrid,256,256,0.0,2,P1,P1-C45_wedm_wyk,area,Wire EDM (finishing),wedm_wyk,simple
699.7305512015986,81448.3135018408,164445.50446808158,927.607923831768,112903.87193262373,259806.01315388278,9195.402590656864,4583764.4006710155,14845451.98272266,0.05,0.05,-80748.5829506392,-163745.77391688,-111976.26400879196,-258878.405230051,-4574568.998080358,-14836256.580132004,0.0,0.0,/Users/dawid/Library/Mobile Documents/com~apple~CloudDocs/Dokumenty/Publikacje własne/Manuscripts/Quantum_interference/data/P1-C45_wedm_wyk.sur,112802.67990911225,810.0000000000001,809.0,532.0,655289.9999999508,Steel C45,C45,classical,256,256,0.0,3,P1,P1-C45_wedm_wyk,area,Wire EDM (finishing),wedm_wyk,simple
547807.7932731555,81448.3135018408,164445.50446808158,709349.2854022499,112903.87193262373,259806.01315388278,5422636.534400827,4583764.4006710155,14845451.98272266,0.05,0.05,466359.47977131465,383362.2888050739,596445.4134696261,449543.2722483671,838872.133729812,-9422815.448321834,0.0,0.0,/Users/dawid/Library/Mobile Documents/com~apple~CloudDocs/Dokumenty/Publikacje własne/Manuscripts/Quantum_interference/data/P1-C45_wedm_wyk.sur,713317.4399427962,810.0000000000001,809.0,532.0,655289.9999999508,Steel C45,C45,quantum_like,256,256,0.0,3,P1,P1-C45_wedm_wyk,area,Wire EDM (finishing),wedm_wyk,simple
329142.6894737835,81448.3135018408,164445.50446808158,405794.57363187894,112903.87193262373,259806.01315388278,2498443.2304072604,4583764.4006710155,14845451.98272266,0.05,0.05,247694.37597194273,164697.18500570193,292890.7016992552,145988.56047799616,-2085321.1702637547,-12347008.7523154,0.0,0.0,/Users/dawid/Library/Mobile Documents/com~apple~CloudDocs/Dokumenty/Publikacje własne/Manuscripts/Quantum_interference/data/P1-C45_wedm_wyk.sur,421329.97378442815,810.0000000000001,809.0,532.0,655289.9999999508,Steel C45,C45,hybrid,256,256,0.0,3,P1,P1-C45_wedm_wyk,area,Wire EDM (finishing),wedm_wyk,simple
732.5141837752022,3569.9070838506477,4474.643435891885,962.7558179875049,5003.580066908198,6990.219229140815,8272.472261907991,155206.2258000693,233363.97390964086,0.05,0.05,-2837.3929000754456,-3742.129252116682,-4040.8242489206937,-6027.46341115331,-146933.7535381613,-225091.50164773286,0.0,0.0,/Users/dawid/Library/Mobile Documents/com~apple~CloudDocs/Dokumenty/Publikacje własne/Manuscripts/Quantum_interference/data/P1-C45_wedm_zgru_1prz.sur,5136.452257865322,810.0000000000001,809.0,532.0,655289.9999999508,Steel C45,C45,classical,256,256,0.0,0,P1,P1-C45_wedm_zgru_1prz,area,Wire EDM (roughing),wedm_zgru_1prz,simple
662050.4602259885,3569.9070838506477,4474.643435891885,852402.0681141529,5003.580066908198,6990.219229140815,6659934.292001221,155206.2258000693,233363.97390964086,0.05,0.05,658480.553142138,657575.8167900967,847398.4880472447,845411.8488850121,6504728.066201151,6426570.318091581,0.0,0.0,/Users/dawid/Library/Mobile Documents/com~apple~CloudDocs/Dokumenty/Publikacje własne/Manuscripts/Quantum_interference/data/P1-C45_wedm_zgru_1prz.sur,852554.6101896965,810.0000000000001,809.0,532.0,655289.9999999508,Steel C45,C45,quantum_like,256,256,0.0,0,P1,P1-C45_wedm_zgru_1prz,area,Wire EDM (roughing),wedm_zgru_1prz,simple
328105.3978154218,3569.9070838506477,4474.643435891885,417250.4619765822,5003.580066908198,6990.219229140815,2600932.654430175,155206.2258000693,233363.97390964086,0.05,0.05,324535.49073157116,323630.7543795299,412246.881909674,410260.24274744134,2445726.4286301057,2367568.6805205345,0.0,0.0,/Users/dawid/Library/Mobile Documents/com~apple~CloudDocs/Dokumenty/Publikacje własne/Manuscripts/Quantum_interference/data/P1-C45_wedm_zgru_1prz.sur,417619.122714343,810.0000000000001,809.0,532.0,655289.9999999508,Steel C45,C45,hybrid,256,256,0.0,0,P1,P1-C45_wedm_zgru_1prz,area,Wire EDM (roughing),wedm_zgru_1prz,simple
731.9815957539377,3569.9070838506477,4474.643435891885,961.5643783320471,5003.580066908198,6990.219229140815,7994.5798477509525,155206.2258000693,233363.97390964086,0.05,0.05,-2837.9254880967096,-3742.6618401379474,-4042.0156885761517,-6028.654850808767,-147211.64595231836,-225369.3940618899,0.0,0.0,/Users/dawid/Library/Mobile Documents/com~apple~CloudDocs/Dokumenty/Publikacje własne/Manuscripts/Quantum_interference/data/P1-C45_wedm_zgru_1prz.sur,5135.7318910098975,810.0000000000001,809.0,532.0,655289.9999999508,Steel C45,C45,classical,256,256,0.0,1,P1,P1-C45_wedm_zgru_1prz,area,Wire EDM (roughing),wedm_zgru_1prz,simple
652739.761495632,3569.9070838506477,4474.643435891885,849154.4381825246,5003.580066908198,6990.219229140815,6508777.960360597,155206.2258000693,233363.97390964086,0.05,0.05,649169.8544117813,648265.1180597402,844150.8581156165,842164.2189533839,6353571.734560528,6275413.986450956,0.0,0.0,/Users/dawid/Library/Mobile Documents/com~apple~CloudDocs/Dokumenty/Publikacje własne/Manuscripts/Quantum_interference/data/P1-C45_wedm_zgru_1prz.sur,849339.0724557457,810.0000000000001,809.0,532.0,655289.9999999508,Steel C45,C45,quantum_like,256,256,0.0,1,P1,P1-C45_wedm_zgru_1prz,area,Wire EDM (roughing),wedm_zgru_1prz,simple
366809.8127811783,3569.9070838506477,4474.643435891885,463475.866065484,5003.580066908198,6990.219229140815,2978405.4256157055,155206.2258000693,233363.97390964086,0.05,0.05,363239.9056973276,362335.1693452864,458472.2859985758,456485.64683634316,2823199.199815636,2745041.4517060644,0.0,0.0,/Users/dawid/Library/Mobile Documents/com~apple~CloudDocs/Dokumenty/Publikacje własne/Manuscripts/Quantum_interference/data/P1-C45_wedm_zgru_1prz.sur,463809.39950593153,810.0000000000001,809.0,532.0,655289.9999999508,Steel C45,C45,hybrid,256,256,0.0,1,P1,P1-C45_wedm_zgru_1prz,area,Wire EDM (roughing),wedm_zgru_1prz,simple
720.2147058541918,3569.9070838506477,4474.643435891885,949.2898852357466,5003.580066908198,6990.219229140815,8062.1810636927785,155206.2258000693,233363.97390964086,0.05,0.05,-2849.692377996456,-3754.4287300376927,-4054.290181672452,-6040.929343905068,-147144.04473637653,-225301.7928459481,0.0,0.0,/Users/dawid/Library/Mobile Documents/com~apple~CloudDocs/Dokumenty/Publikacje własne/Manuscripts/Quantum_interference/data/P1-C45_wedm_zgru_1prz.sur,5128.814952901355,810.0000000000001,809.0,532.0,655289.9999999508,Steel C45,C45,classical,256,256,0.0,2,P1,P1-C45_wedm_zgru_1prz,area,Wire EDM (roughing),wedm_zgru_1prz,simple
607366.3830830153,3569.9070838506477,4474.643435891885,798339.0828632978,5003.580066908198,6990.219229140815,7369783.464322869,155206.2258000693,233363.97390964086,0.05,0.05,603796.4759991646,602891.7396471234,793335.5027963896,791348.863634157,7214577.2385228,7136419.490413228,0.0,0.0,/Users/dawid/Library/Mobile Documents/com~apple~CloudDocs/Dokumenty/Publikacje własne/Manuscripts/Quantum_interference/data/P1-C45_wedm_zgru_1prz.sur,798300.9206279992,810.0000000000001,809.0,532.0,655289.9999999508,Steel C45,C45,quantum_like,256,256,0.0,2,P1,P1-C45_wedm_zgru_1prz,area,Wire EDM (roughing),wedm_zgru_1prz,simple
317180.4390246694,3569.9070838506477,4474.643435891885,398131.22644397005,5003.580066908198,6990.219229140815,2869087.2675968097,155206.2258000693,233363.97390964086,0.05,0.05,313610.5319408187,312705.7955887775,393127.64637706184,391141.0072148292,2713881.04179674,2635723.2936871685,0.0,0.0,/Users/dawid/Library/Mobile Documents/com~apple~CloudDocs/Dokumenty/Publikacje własne/Manuscripts/Quantum_interference/data/P1-C45_wedm_zgru_1prz.sur,398170.6532457736,810.0000000000001,809.0,532.0,655289.9999999508,Steel C45,C45,hybrid,256,256,0.0,2,P1,P1-C45_wedm_zgru_1prz,area,Wire EDM (roughing),wedm_zgru_1prz,simple
714.0822176930337,3569.9070838506477,4474.643435891885,943.764472589896,5003.580066908198,6990.219229140815,8218.461370436296,155206.2258000693,233363.97390964086,0.05,0.05,-2855.824866157614,-3760.561218198851,-4059.8155943183024,-6046.454756550919,-146987.764429633,-225145.51253920456,0.0,0.0,/Users/dawid/Library/Mobile Documents/com~apple~CloudDocs/Dokumenty/Publikacje własne/Manuscripts/Quantum_interference/data/P1-C45_wedm_zgru_1prz.sur,5122.4203810184445,810.0000000000001,809.0,532.0,655289.9999999508,Steel C45,C45,classical,256,256,0.0,3,P1,P1-C45_wedm_zgru_1prz,area,Wire EDM (roughing),wedm_zgru_1prz,simple
676263.5327366807,3569.9070838506477,4474.643435891885,880985.4420552035,5003.580066908198,6990.219229140815,6754409.6814335175,155206.2258000693,233363.97390964086,0.05,0.05,672693.62565283,671788.8893007888,875981.8619882952,873995.2228260626,6599203.455633448,6521045.707523877,0.0,0.0,/Users/dawid/Library/Mobile Documents/com~apple~CloudDocs/Dokumenty/Publikacje własne/Manuscripts/Quantum_interference/data/P1-C45_wedm_zgru_1prz.sur,881203.8222408361,810.0000000000001,809.0,532.0,655289.9999999508,Steel C45,C45,quantum_like,256,256,0.0,3,P1,P1-C45_wedm_zgru_1prz,area,Wire EDM (roughing),wedm_zgru_1prz,simple
382040.8079146353,3569.9070838506477,4474.643435891885,500574.0975208746,5003.580066908198,6990.219229140815,3182986.7366373194,155206.2258000693,233363.97390964086,0.05,0.05,378470.90083078464,377566.16447874345,495570.5174539664,493583.87829173374,3027780.51083725,2949622.7627276788,0.0,0.0,/Users/dawid/Library/Mobile Documents/com~apple~CloudDocs/Dokumenty/Publikacje własne/Manuscripts/Quantum_interference/data/P1-C45_wedm_zgru_1prz.sur,501020.55337707023,810.0000000000001,809.0,532.0,655289.9999999508,Steel C45,C45,hybrid,256,256,0.0,3,P1,P1-C45_wedm_zgru_1prz,area,Wire EDM (roughing),wedm_zgru_1prz,simple
338.23941560191554,20.57608432054199,27.297418640221498,454.8365815414946,31.732911762796896,52.32595042339795,4153.993167958904,644.9031710672818,1708.9317205210828,0.05,0.05,317.66333128137353,310.94199696169403,423.1036697786977,402.5106311180966,3509.089996891623,2445.061447437822,0.0,0.0,/Users/dawid/Library/Mobile Documents/com~apple~CloudDocs/Dokumenty/Publikacje własne/Manuscripts/Quantum_interference/data/P1-ELLOR_frez_wyk.sur,454.050582030882,810.0000000000001,809.0,532.0,655289.9999999508,Graphite,ELLOR,classical,256,256,0.0,0,P1,P1-ELLOR_frez_wyk,area,Milling (finishing),frez_wyk,simple
777158.6675398055,20.57608432054199,27.297418640221498,1002160.3308911514,31.732911762796896,52.32595042339795,7425577.319608955,644.9031710672818,1708.9317205210828,0.05,0.05,777138.091455485,777131.3701211653,1002128.5979793888,1002108.004940728,7424932.416437888,7423868.387888433,0.0,0.0,/Users/dawid/Library/Mobile Documents/com~apple~CloudDocs/Dokumenty/Publikacje własne/Manuscripts/Quantum_interference/data/P1-ELLOR_frez_wyk.sur,1002159.9054481335,810.0000000000001,809.0,532.0,655289.9999999508,Graphite,ELLOR,quantum_like,256,256,0.0,0,P1,P1-ELLOR_frez_wyk,area,Milling (finishing),frez_wyk,simple
379918.752595916,20.57608432054199,27.297418640221498,491005.994325747,31.732911762796896,52.32595042339795,3882526.020375197,644.9031710672818,1708.9317205210828,0.05,0.05,379898.1765115955,379891.4551772758,490974.26141398423,490953.66837532364,3881881.1172041297,3880817.088654676,0.0,0.0,/Users/dawid/Library/Mobile Documents/com~apple~CloudDocs/Dokumenty/Publikacje własne/Manuscripts/Quantum_interference/data/P1-ELLOR_frez_wyk.sur,491005.31206329336,810.0000000000001,809.0,532.0,655289.9999999508,Graphite,ELLOR,hybrid,256,256,0.0,0,P1,P1-ELLOR_frez_wyk,area,Milling (finishing),frez_wyk,simple
335.5454925822953,20.57608432054199,27.297418640221498,451.6812485779184,31.732911762796896,52.32595042339795,3655.4609279033525,644.9031710672818,1708.9317205210828,0.05,0.05,314.9694082617533,308.2480739420738,419.9483368151215,399.35529815452037,3010.557756836071,1946.5292073822698,0.0,0.0,/Users/dawid/Library/Mobile Documents/com~apple~CloudDocs/Dokumenty/Publikacje własne/Manuscripts/Quantum_interference/data/P1-ELLOR_frez_wyk.sur,450.8104610836762,810.0000000000001,809.0,532.0,655289.9999999508,Graphite,ELLOR,classical,256,256,0.0,1,P1,P1-ELLOR_frez_wyk,area,Milling (finishing),frez_wyk,simple
862873.4573290478,20.57608432054199,27.297418640221498,1136325.855000826,31.732911762796896,52.32595042339795,9431985.19094551,644.9031710672818,1708.9317205210828,0.05,0.05,862852.8812447274,862846.1599104076,1136294.1220890635,1136273.5290504026,9431340.287774444,9430276.259224989,0.0,0.0,/Users/dawid/Library/Mobile Documents/com~apple~CloudDocs/Dokumenty/Publikacje własne/Manuscripts/Quantum_interference/data/P1-ELLOR_frez_wyk.sur,1136325.734461802,810.0000000000001,809.0,532.0,655289.9999999508,Graphite,ELLOR,quantum_like,256,256,0.0,1,P1,P1-ELLOR_frez_wyk,area,Milling (finishing),frez_wyk,simple
406368.79608258524,20.57608432054199,27.297418640221498,512287.66615082877,31.732911762796896,52.32595042339795,3238153.209472038,644.9031710672818,1708.9317205210828,0.05,0.05,406348.2199982647,406341.498663945,512255.933239066,512235.3402004054,3237508.3063009707,3236444.277751517,0.0,0.0,/Users/dawid/Library/Mobile Documents/com~apple~CloudDocs/Dokumenty/Publikacje własne/Manuscripts/Quantum_interference/data/P1-ELLOR_frez_wyk.sur,512287.4186017566,810.0000000000001,809.0,532.0,655289.9999999508,Graphite,ELLOR,hybrid,256,256,0.0,1,P1,P1-ELLOR_frez_wyk,area,Milling (finishing),frez_wyk,simple
340.7507045411691,20.57608432054199,27.297418640221498,455.9729403143575,31.732911762796896,52.32595042339795,3925.1070304987334,644.9031710672818,1708.9317205210828,0.05,0.05,320.1746202206271,313.45328590094766,424.2400285515606,403.64698989095956,3280.2038594314517,2216.1753099776506,0.0,0.0,/Users/dawid/Library/Mobile Documents/com~apple~CloudDocs/Dokumenty/Publikacje własne/Manuscripts/Quantum_interference/data/P1-ELLOR_frez_wyk.sur,455.23061351763937,810.0000000000001,809.0,532.0,655289.9999999508,Graphite,ELLOR,classical,256,256,0.0,2,P1,P1-ELLOR_frez_wyk,area,Milling (finishing),frez_wyk,simple
932693.2372948034,20.57608432054199,27.297418640221498,1181271.5415986562,31.732911762796896,52.32595042339795,8872743.574993351,644.9031710672818,1708.9317205210828,0.05,0.05,932672.6612104828,932665.939876163,1181239.8086868934,1181219.2156482327,8872098.671822285,8871034.64327283,0.0,0.0,/Users/dawid/Library/Mobile Documents/com~apple~CloudDocs/Dokumenty/Publikacje własne/Manuscripts/Quantum_interference/data/P1-ELLOR_frez_wyk.sur,1181271.9739039133,810.0000000000001,809.0,532.0,655289.9999999508,Graphite,ELLOR,quantum_like,256,256,0.0,2,P1,P1-ELLOR_frez_wyk,area,Milling (finishing),frez_wyk,simple
589012.9797401663,20.57608432054199,27.297418640221498,724040.1385214387,31.732911762796896,52.32595042339795,4578381.245049042,644.9031710672818,1708.9317205210828,0.05,0.05,588992.4036558458,588985.6823215261,724008.4056096759,723987.8125710153,4577736.341877975,4576672.31332852,0.0,0.0,/Users/dawid/Library/Mobile Documents/com~apple~CloudDocs/Dokumenty/Publikacje własne/Manuscripts/Quantum_interference/data/P1-ELLOR_frez_wyk.sur,724041.017067326,810.0000000000001,809.0,532.0,655289.9999999508,Graphite,ELLOR,hybrid,256,256,0.0,2,P1,P1-ELLOR_frez_wyk,area,Milling (finishing),frez_wyk,simple
334.89935388732954,20.57608432054199,27.297418640221498,449.57499423688944,31.732911762796896,52.32595042339795,3888.103242131331,644.9031710672818,1708.9317205210828,0.05,0.05,314.32326956678753,307.60193524710803,417.84208247409254,397.2490438134915,3243.2000710640496,2179.171521610249,0.0,0.0,/Users/dawid/Library/Mobile Documents/com~apple~CloudDocs/Dokumenty/Publikacje własne/Manuscripts/Quantum_interference/data/P1-ELLOR_frez_wyk.sur,448.81247853096215,810.0000000000001,809.0,532.0,655289.9999999508,Graphite,ELLOR,classical,256,256,0.0,3,P1,P1-ELLOR_frez_wyk,area,Milling (finishing),frez_wyk,simple
911048.3713322286,20.57608432054199,27.297418640221498,1179830.399433304,31.732911762796896,52.32595042339795,8706448.05918742,644.9031710672818,1708.9317205210828,0.05,0.05,911027.7952479081,911021.0739135884,1179798.6665215415,1179778.0734828806,8705803.156016352,8704739.127466898,0.0,0.0,/Users/dawid/Library/Mobile Documents/com~apple~CloudDocs/Dokumenty/Publikacje własne/Manuscripts/Quantum_interference/data/P1-ELLOR_frez_wyk.sur,1179829.790257041,810.0000000000001,809.0,532.0,655289.9999999508,Graphite,ELLOR,quantum_like,256,256,0.0,3,P1,P1-ELLOR_frez_wyk,area,Milling (finishing),frez_wyk,simple
530106.3495345326,20.57608432054199,27.297418640221498,673734.6656609083,31.732911762796896,52.32595042339795,4647952.5322796395,644.9031710672818,1708.9317205210828,0.05,0.05,530085.7734502121,530079.0521158924,673702.9327491454,673682.3397104848,4647307.629108572,4646243.600559118,0.0,0.0,/Users/dawid/Library/Mobile Documents/com~apple~CloudDocs/Dokumenty/Publikacje własne/Manuscripts/Quantum_interference/data/P1-ELLOR_frez_wyk.sur,673734.1802340387,810.0000000000001,809.0,532.0,655289.9999999508,Graphite,ELLOR,hybrid,256,256,0.0,3,P1,P1-ELLOR_frez_wyk,area,Milling (finishing),frez_wyk,simple
708.9304604031781,0.01334088396177543,0.01663394778151025,935.6273080488451,0.020928418299710188,0.02991984577749072,7781.670994521736,0.3789701745965676,0.8378487410273452,0.05,0.05,708.9171195192163,708.9138264553966,935.6063796305453,935.5973882030675,7781.29202434714,7780.833145780708,0.0,0.0,/Users/dawid/Library/Mobile Documents/com~apple~CloudDocs/Dokumenty/Publikacje własne/Manuscripts/Quantum_interference/data/P1-ELLOR_frez_zgr.sur,935.6274181143933,810.0000000000001,809.0,532.0,655289.9999999508,Graphite,ELLOR,classical,256,256,0.0,0,P1,P1-ELLOR_frez_zgr,area,Milling (roughing),frez_zgr,simple
836409.2044154882,0.01334088396177543,0.01663394778151025,1100470.3600988495,0.020928418299710188,0.02991984577749072,8779608.788331691,0.3789701745965676,0.8378487410273452,0.05,0.05,836409.1910746043,836409.1877815404,1100470.3391704313,1100470.3301790038,8779608.409361517,8779607.95048295,0.0,0.0,/Users/dawid/Library/Mobile Documents/com~apple~CloudDocs/Dokumenty/Publikacje własne/Manuscripts/Quantum_interference/data/P1-ELLOR_frez_zgr.sur,1100470.3600214499,810.0000000000001,809.0,532.0,655289.9999999508,Graphite,ELLOR,quantum_like,256,256,0.0,0,P1,P1-ELLOR_frez_zgr,area,Milling (roughing),frez_zgr,simple
407146.08895369846,0.01334088396177543,0.01663394778151025,524658.4834026409,0.020928418299710188,0.02991984577749072,3803400.9111557594,0.3789701745965676,0.8378487410273452,0.05,0.05,407146.0756128145,407146.0723197507,524658.4624742226,524658.4534827952,3803400.532185585,3803400.0733070187,0.0,0.0,/Users/dawid/Library/Mobile Documents/com~apple~CloudDocs/Dokumenty/Publikacje własne/Manuscripts/Quantum_interference/data/P1-ELLOR_frez_zgr.sur,524658.4831137665,810.0000000000001,809.0,532.0,655289.9999999508,Graphite,ELLOR,hybrid,256,256,0.0,0,P1,P1-ELLOR_frez_zgr,area,Milling (roughing),frez_zgr,simple
698.0653007451854,0.01334088396177543,0.01663394778151025,901.9773789947409,0.020928418299710188,0.02991984577749072,6733.835771297223,0.3789701745965676,0.8378487410273452,0.05,0.05,698.0519598612235,698.0486667974038,901.9564505764412,901.9474591489634,6733.4568011226265,6732.997922556196,0.0,0.0,/Users/dawid/Library/Mobile Documents/com~apple~CloudDocs/Dokumenty/Publikacje własne/Manuscripts/Quantum_interference/data/P1-ELLOR_frez_zgr.sur,901.9770013419727,810.0000000000001,809.0,532.0,655289.9999999508,Graphite,ELLOR,classical,256,256,0.0,1,P1,P1-ELLOR_frez_zgr,area,Milling (roughing),frez_zgr,simple
900124.9364240573,0.01334088396177543,0.01663394778151025,1154171.6162223474,0.020928418299710188,0.02991984577749072,8283249.697614263,0.3789701745965676,0.8378487410273452,0.05,0.05,900124.9230831733,900124.9197901095,1154171.595293929,1154171.5863025016,8283249.318644088,8283248.859765521,0.0,0.0,/Users/dawid/Library/Mobile Documents/com~apple~CloudDocs/Dokumenty/Publikacje własne/Manuscripts/Quantum_interference/data/P1-ELLOR_frez_zgr.sur,1154171.6164528779,810.0000000000001,809.0,532.0,655289.9999999508,Graphite,ELLOR,quantum_like,256,256,0.0,1,P1,P1-ELLOR_frez_zgr,area,Milling (roughing),frez_zgr,simple
493274.69678435987,0.01334088396177543,0.01663394778151025,622599.0739025166,0.020928418299710188,0.02991984577749072,3804919.069725159,0.3789701745965676,0.8378487410273452,0.05,0.05,493274.68344347586,493274.680150412,622599.0529740984,622599.0439826709,3804918.6907549845,3804918.2318764185,0.0,0.0,/Users/dawid/Library/Mobile Documents/com~apple~CloudDocs/Dokumenty/Publikacje własne/Manuscripts/Quantum_interference/data/P1-ELLOR_frez_zgr.sur,622599.0740179672,810.0000000000001,809.0,532.0,655289.9999999508,Graphite,ELLOR,hybrid,256,256,0.0,1,P1,P1-ELLOR_frez_zgr,area,Milling (roughing),frez_zgr,simple
705.5247117887991,0.01334088396177543,0.01663394778151025,932.4291314259402,0.020928418299710188,0.02991984577749072,7754.434422500367,0.3789701745965676,0.8378487410273452,0.05,0.05,705.5113709048373,705.5080778410177,932.4082030076405,932.3992115801627,7754.0554523257715,7753.59657375934,0.0,0.0,/Users/dawid/Library/Mobile Documents/com~apple~CloudDocs/Dokumenty/Publikacje własne/Manuscripts/Quantum_interference/data/P1-ELLOR_frez_zgr.sur,932.4292447769919,810.0000000000001,809.0,532.0,655289.9999999508,Graphite,ELLOR,classical,256,256,0.0,2,P1,P1-ELLOR_frez_zgr,area,Milling (roughing),frez_zgr,simple
1017101.6055926338,0.01334088396177543,0.01663394778151025,1273841.1064627958,0.020928418299710188,0.02991984577749072,9882477.363510152,0.3789701745965676,0.8378487410273452,0.05,0.05,1017101.59225175,1017101.5889586861,1273841.0855343775,1273841.07654295,9882476.984539978,9882476.52566141,0.0,0.0,/Users/dawid/Library/Mobile Documents/com~apple~CloudDocs/Dokumenty/Publikacje własne/Manuscripts/Quantum_interference/data/P1-ELLOR_frez_zgr.sur,1273841.1066618108,810.0000000000001,809.0,532.0,655289.9999999508,Graphite,ELLOR,quantum_like,256,256,0.0,2,P1,P1-ELLOR_frez_zgr,area,Milling (roughing),frez_zgr,simple
694969.2842820807,0.01334088396177543,0.01663394778151025,827758.9995557524,0.020928418299710188,0.02991984577749072,5051853.6843722155,0.3789701745965676,0.8378487410273452,0.05,0.05,694969.2709411967,694969.2676481329,827758.9786273341,827758.9696359065,5051853.3054020405,5051852.846523475,0.0,0.0,/Users/dawid/Library/Mobile Documents/com~apple~CloudDocs/Dokumenty/Publikacje własne/Manuscripts/Quantum_interference/data/P1-ELLOR_frez_zgr.sur,827759.0000123085,810.0000000000001,809.0,532.0,655289.9999999508,Graphite,ELLOR,hybrid,256,256,0.0,2,P1,P1-ELLOR_frez_zgr,area,Milling (roughing),frez_zgr,simple
655.8074643851436,0.01334088396177543,0.01663394778151025,860.298155476762,0.020928418299710188,0.02991984577749072,6946.487622707448,0.3789701745965676,0.8378487410273452,0.05,0.05,655.7941235011817,655.790830437362,860.2772270584622,860.2682356309843,6946.108652532851,6945.649773966421,0.0,0.0,/Users/dawid/Library/Mobile Documents/com~apple~CloudDocs/Dokumenty/Publikacje własne/Manuscripts/Quantum_interference/data/P1-ELLOR_frez_zgr.sur,860.2984648772145,810.0000000000001,809.0,532.0,655289.9999999508,Graphite,ELLOR,classical,256,256,0.0,3,P1,P1-ELLOR_frez_zgr,area,Milling (roughing),frez_zgr,simple
866315.1997769867,0.01334088396177543,0.01663394778151025,1135459.5289236938,0.020928418299710188,0.02991984577749072,9425474.896973578,0.3789701745965676,0.8378487410273452,0.05,0.05,866315.1864361027,866315.1831430389,1135459.5079952755,1135459.499003848,9425474.518003404,9425474.059124837,0.0,0.0,/Users/dawid/Library/Mobile Documents/com~apple~CloudDocs/Dokumenty/Publikacje własne/Manuscripts/Quantum_interference/data/P1-ELLOR_frez_zgr.sur,1135459.5283837018,810.0000000000001,809.0,532.0,655289.9999999508,Graphite,ELLOR,quantum_like,256,256,0.0,3,P1,P1-ELLOR_frez_zgr,area,Milling (roughing),frez_zgr,simple
471080.5399040242,0.01334088396177543,0.01663394778151025,585280.3338595253,0.020928418299710188,0.02991984577749072,4071015.362174857,0.3789701745965676,0.8378487410273452,0.05,0.05,471080.5265631403,471080.52327007643,585280.312931107,585280.3039396795,4071014.9832046824,4071014.524326116,0.0,0.0,/Users/dawid/Library/Mobile Documents/com~apple~CloudDocs/Dokumenty/Publikacje własne/Manuscripts/Quantum_interference/data/P1-ELLOR_frez_zgr.sur,585280.3331379812,810.0000000000001,809.0,532.0,655289.9999999508,Graphite,ELLOR,hybrid,256,256,0.0,3,P1,P1-ELLOR_frez_zgr,area,Milling (roughing),frez_zgr,simple
654.7168783009341,1787165.7870731056,2018004.8643047118,860.0888310719622,2641894.4982416346,3090351.901157858,8105.74779514744,36281268.04227555,61174725.89370246,0.05,0.05,-1786511.0701948046,-2017350.147426411,-2641034.409410563,-3089491.812326786,-36273162.294480406,-61166620.14590732,0.0,0.0,/Users/dawid/Library/Mobile Documents/com~apple~CloudDocs/Dokumenty/Publikacje własne/Manuscripts/Quantum_interference/data/P1-ELLOR_t_zgrub.sur,2641899.1955383187,810.0000000000001,809.0,532.0,655289.9999999508,Graphite,ELLOR,classical,256,256,0.0,0,P1,P1-ELLOR_t_zgrub,area,Turning (roughing),t_zgrub,simple
891475.4921364476,1787165.7870731056,2018004.8643047118,1140519.315938508,2641894.4982416346,3090351.901157858,10096783.177535145,36281268.04227555,61174725.89370246,0.05,0.05,-895690.294936658,-1126529.3721682644,-1501375.1823031267,-1949832.58521935,-26184484.864740405,-51077942.71616732,0.0,0.0,/Users/dawid/Library/Mobile Documents/com~apple~CloudDocs/Dokumenty/Publikacje własne/Manuscripts/Quantum_interference/data/P1-ELLOR_t_zgrub.sur,2880017.39711272,810.0000000000001,809.0,532.0,655289.9999999508,Graphite,ELLOR,quantum_like,256,256,0.0,0,P1,P1-ELLOR_t_zgrub,area,Turning (roughing),t_zgrub,simple
518253.71768295503,1787165.7870731056,2018004.8643047118,655212.9538623298,2641894.4982416346,3090351.901157858,5315567.125908893,36281268.04227555,61174725.89370246,0.05,0.05,-1268912.0693901505,-1499751.146621757,-1986681.5443793049,-2435138.947295528,-30965700.916366655,-55859158.76779357,0.0,0.0,/Users/dawid/Library/Mobile Documents/com~apple~CloudDocs/Dokumenty/Publikacje własne/Manuscripts/Quantum_interference/data/P1-ELLOR_t_zgrub.sur,2729362.119020297,810.0000000000001,809.0,532.0,655289.9999999508,Graphite,ELLOR,hybrid,256,256,0.0,0,P1,P1-ELLOR_t_zgrub,area,Turning (roughing),t_zgrub,simple
662.2869118242493,1787165.7870731056,2018004.8643047118,870.5261901989974,2641894.4982416346,3090351.901157858,8104.780288585299,36281268.04227555,61174725.89370246,0.05,0.05,-1786503.5001612813,-2017342.5773928876,-2641023.9720514356,-3089481.374967659,-36273163.26198696,-61166621.11341388,0.0,0.0,/Users/dawid/Library/Mobile Documents/com~apple~CloudDocs/Dokumenty/Publikacje własne/Manuscripts/Quantum_interference/data/P1-ELLOR_t_zgrub.sur,2641898.821062651,810.0000000000001,809.0,532.0,655289.9999999508,Graphite,ELLOR,classical,256,256,0.0,1,P1,P1-ELLOR_t_zgrub,area,Turning (roughing),t_zgrub,simple
920861.7339561945,1787165.7870731056,2018004.8643047118,1179469.540947205,2641894.4982416346,3090351.901157858,10150618.279931819,36281268.04227555,61174725.89370246,0.05,0.05,-866304.0531169111,-1097143.1303485173,-1462424.95729443,-1910882.360210653,-26130649.762343727,-51024107.61377064,0.0,0.0,/Users/dawid/Library/Mobile Documents/com~apple~CloudDocs/Dokumenty/Publikacje własne/Manuscripts/Quantum_interference/data/P1-ELLOR_t_zgrub.sur,2895769.408417896,810.0000000000001,809.0,532.0,655289.9999999508,Graphite,ELLOR,quantum_like,256,256,0.0,1,P1,P1-ELLOR_t_zgrub,area,Turning (roughing),t_zgrub,simple
549460.4183474958,1787165.7870731056,2018004.8643047118,697560.6208325401,2641894.4982416346,3090351.901157858,4942675.938157497,36281268.04227555,61174725.89370246,0.05,0.05,-1237705.3687256097,-1468544.445957216,-1944333.8774090945,-2392791.2803253178,-31338592.104118053,-56232049.95554497,0.0,0.0,/Users/dawid/Library/Mobile Documents/com~apple~CloudDocs/Dokumenty/Publikacje własne/Manuscripts/Quantum_interference/data/P1-ELLOR_t_zgrub.sur,2739718.3988452638,810.0000000000001,809.0,532.0,655289.9999999508,Graphite,ELLOR,hybrid,256,256,0.0,1,P1,P1-ELLOR_t_zgrub,area,Turning (roughing),t_zgrub,simple
656.331083544082,1787165.7870731056,2018004.8643047118,864.8868885927031,2641894.4982416346,3090351.901157858,8250.699459964848,36281268.04227555,61174725.89370246,0.05,0.05,-1786509.4559895613,-2017348.5332211677,-2641029.611353042,-3089487.0142692653,-36273017.342815585,-61166475.1942425,0.0,0.0,/Users/dawid/Library/Mobile Documents/com~apple~CloudDocs/Dokumenty/Publikacje własne/Manuscripts/Quantum_interference/data/P1-ELLOR_t_zgrub.sur,2641900.2981129894,810.0000000000001,809.0,532.0,655289.9999999508,Graphite,ELLOR,classical,256,256,0.0,2,P1,P1-ELLOR_t_zgrub,area,Turning (roughing),t_zgrub,simple
886737.5030215838,1787165.7870731056,2018004.8643047118,1141241.1033339105,2641894.4982416346,3090351.901157858,10003877.995820561,36281268.04227555,61174725.89370246,0.05,0.05,-900428.2840515218,-1131267.361283128,-1500653.394907724,-1949110.7978239474,-26277390.046454992,-51170847.8978819,0.0,0.0,/Users/dawid/Library/Mobile Documents/com~apple~CloudDocs/Dokumenty/Publikacje własne/Manuscripts/Quantum_interference/data/P1-ELLOR_t_zgrub.sur,2880388.2317016167,810.0000000000001,809.0,532.0,655289.9999999508,Graphite,ELLOR,quantum_like,256,256,0.0,2,P1,P1-ELLOR_t_zgrub,area,Turning (roughing),t_zgrub,simple
519777.8483420509,1787165.7870731056,2018004.8643047118,655689.6021194316,2641894.4982416346,3090351.901157858,4895987.665020887,36281268.04227555,61174725.89370246,0.05,0.05,-1267387.9387310548,-1498227.0159626608,-1986204.896122203,-2434662.299038426,-31385280.37725466,-56278738.22868158,0.0,0.0,/Users/dawid/Library/Mobile Documents/com~apple~CloudDocs/Dokumenty/Publikacje własne/Manuscripts/Quantum_interference/data/P1-ELLOR_t_zgrub.sur,2729232.05065318,810.0000000000001,809.0,532.0,655289.9999999508,Graphite,ELLOR,hybrid,256,256,0.0,2,P1,P1-ELLOR_t_zgrub,area,Turning (roughing),t_zgrub,simple
660.1892838388378,1787165.7870731056,2018004.8643047118,871.5397619427627,2641894.4982416346,3090351.901157858,7834.487325912331,36281268.04227555,61174725.89370246,0.05,0.05,-1786505.5977892668,-2017344.6750208728,-2641022.958479692,-3089480.3613959155,-36273433.554949634,-61166891.40637655,0.0,0.0,/Users/dawid/Library/Mobile Documents/com~apple~CloudDocs/Dokumenty/Publikacje własne/Manuscripts/Quantum_interference/data/P1-ELLOR_t_zgrub.sur,2641898.982590327,810.0000000000001,809.0,532.0,655289.9999999508,Graphite,ELLOR,classical,256,256,0.0,3,P1,P1-ELLOR_t_zgrub,area,Turning (roughing),t_zgrub,simple
887701.9735573235,1787165.7870731056,2018004.8643047118,1138145.4231192337,2641894.4982416346,3090351.901157858,9664310.985408882,36281268.04227555,61174725.89370246,0.05,0.05,-899463.813515782,-1130302.8907473884,-1503749.0751224011,-1952206.4780386242,-26616957.05686667,-51510414.90829358,0.0,0.0,/Users/dawid/Library/Mobile Documents/com~apple~CloudDocs/Dokumenty/Publikacje własne/Manuscripts/Quantum_interference/data/P1-ELLOR_t_zgrub.sur,2878243.578610502,810.0000000000001,809.0,532.0,655289.9999999508,Graphite,ELLOR,quantum_like,256,256,0.0,3,P1,P1-ELLOR_t_zgrub,area,Turning (roughing),t_zgrub,simple
516350.4207524865,1787165.7870731056,2018004.8643047118,650121.8921043432,2641894.4982416346,3090351.901157858,4880572.336865563,36281268.04227555,61174725.89370246,0.05,0.05,-1270815.3663206191,-1501654.4435522254,-1991772.6061372915,-2440230.009053515,-31400695.705409985,-56294153.5568369,0.0,0.0,/Users/dawid/Library/Mobile Documents/com~apple~CloudDocs/Dokumenty/Publikacje własne/Manuscripts/Quantum_interference/data/P1-ELLOR_t_zgrub.sur,2727287.738188727,810.0000000000001,809.0,532.0,655289.9999999508,Graphite,ELLOR,hybrid,256,256,0.0,3,P1,P1-ELLOR_t_zgrub,area,Turning (roughing),t_zgrub,simple
715.4722409623283,949.3128362506651,1288.9111898407098,956.1324284370687,1493.174789438539,2635.0106342366944,8097.197674370345,28667.810212091194,94762.18475820428,0.05,0.05,-233.84059528833677,-573.4389488783813,-537.0423610014702,-1678.8782057996257,-20570.61253772085,-86664.98708383394,0.0,0.0,/Users/dawid/Library/Mobile Documents/com~apple~CloudDocs/Dokumenty/Publikacje własne/Manuscripts/Quantum_interference/data/P1-ELLOR_wedm_wyk.sur,1753.086670812257,810.0000000000001,809.0,532.0,655289.9999999508,Graphite,ELLOR,classical,256,256,0.0,0,P1,P1-ELLOR_wedm_wyk,area,Wire EDM (finishing),wedm_wyk,simple
677114.4164436974,949.3128362506651,1288.9111898407098,892275.2847814776,1493.174789438539,2635.0106342366944,6758228.246623525,28667.810212091194,94762.18475820428,0.05,0.05,676165.1036074467,675825.5052538567,890782.1099920392,889640.2741472409,6729560.436411434,6663466.06186532,0.0,0.0,/Users/dawid/Library/Mobile Documents/com~apple~CloudDocs/Dokumenty/Publikacje własne/Manuscripts/Quantum_interference/data/P1-ELLOR_wedm_wyk.sur,892284.3100165816,810.0000000000001,809.0,532.0,655289.9999999508,Graphite,ELLOR,quantum_like,256,256,0.0,0,P1,P1-ELLOR_wedm_wyk,area,Wire EDM (finishing),wedm_wyk,simple
297733.64521110145,949.3128362506651,1288.9111898407098,385066.42651517765,1493.174789438539,2635.0106342366944,2827035.7224512924,28667.810212091194,94762.18475820428,0.05,0.05,296784.3323748508,296444.73402126075,383573.2517257391,382431.415880941,2798367.9122392014,2732273.537693088,0.0,0.0,/Users/dawid/Library/Mobile Documents/com~apple~CloudDocs/Dokumenty/Publikacje własne/Manuscripts/Quantum_interference/data/P1-ELLOR_wedm_wyk.sur,385099.4518611171,810.0000000000001,809.0,532.0,655289.9999999508,Graphite,ELLOR,hybrid,256,256,0.0,0,P1,P1-ELLOR_wedm_wyk,area,Wire EDM (finishing),wedm_wyk,simple
720.0075692131483,949.3128362506651,1288.9111898407098,960.3733249140059,1493.174789438539,2635.0106342366944,8096.574972869523,28667.810212091194,94762.18475820428,0.05,0.05,-229.3052670375169,-568.9036206275615,-532.801464524533,-1674.6373093226887,-20571.23523922167,-86665.60978533476,0.0,0.0,/Users/dawid/Library/Mobile Documents/com~apple~CloudDocs/Dokumenty/Publikacje własne/Manuscripts/Quantum_interference/data/P1-ELLOR_wedm_wyk.sur,1756.2490691983314,810.0000000000001,809.0,532.0,655289.9999999508,Graphite,ELLOR,classical,256,256,0.0,1,P1,P1-ELLOR_wedm_wyk,area,Wire EDM (finishing),wedm_wyk,simple
718432.8914748956,949.3128362506651,1288.9111898407098,931807.0867637835,1493.174789438539,2635.0106342366944,7502019.308557742,28667.810212091194,94762.18475820428,0.05,0.05,717483.5786386449,717143.9802850549,930313.9119743449,929172.0761295467,7473351.498345651,7407257.123799538,0.0,0.0,/Users/dawid/Library/Mobile Documents/com~apple~CloudDocs/Dokumenty/Publikacje własne/Manuscripts/Quantum_interference/data/P1-ELLOR_wedm_wyk.sur,931806.6505491604,810.0000000000001,809.0,532.0,655289.9999999508,Graphite,ELLOR,quantum_like,256,256,0.0,1,P1,P1-ELLOR_wedm_wyk,area,Wire EDM (finishing),wedm_wyk,simple
358728.12925849436,949.3128362506651,1288.9111898407098,468770.8820148554,1493.174789438539,2635.0106342366944,3346498.5514802607,28667.810212091194,94762.18475820428,0.05,0.05,357778.8164222437,357439.21806865366,467277.70722541685,466135.8713806187,3317830.7412681696,3251736.366722056,0.0,0.0,/Users/dawid/Library/Mobile Documents/com~apple~CloudDocs/Dokumenty/Publikacje własne/Manuscripts/Quantum_interference/data/P1-ELLOR_wedm_wyk.sur,468753.101908101,810.0000000000001,809.0,532.0,655289.9999999508,Graphite,ELLOR,hybrid,256,256,0.0,1,P1,P1-ELLOR_wedm_wyk,area,Wire EDM (finishing),wedm_wyk,simple
719.9170879986524,949.3128362506651,1288.9111898407098,955.5592463960984,1493.174789438539,2635.0106342366944,8105.680140293543,28667.810212091194,94762.18475820428,0.05,0.05,-229.39574825201274,-568.9941018420574,-537.6155430424404,-1679.451387840596,-20562.13007179765,-86656.50461791074,0.0,0.0,/Users/dawid/Library/Mobile Documents/com~apple~CloudDocs/Dokumenty/Publikacje własne/Manuscripts/Quantum_interference/data/P1-ELLOR_wedm_wyk.sur,1752.259286866398,810.0000000000001,809.0,532.0,655289.9999999508,Graphite,ELLOR,classical,256,256,0.0,2,P1,P1-ELLOR_wedm_wyk,area,Wire EDM (finishing),wedm_wyk,simple
751696.6132908935,949.3128362506651,1288.9111898407098,980389.6497912038,1493.174789438539,2635.0106342366944,8234266.882298558,28667.810212091194,94762.18475820428,0.05,0.05,750747.3004546427,750407.7021010527,978896.4750017653,977754.639156967,8205599.0720864665,8139504.697540354,0.0,0.0,/Users/dawid/Library/Mobile Documents/com~apple~CloudDocs/Dokumenty/Publikacje własne/Manuscripts/Quantum_interference/data/P1-ELLOR_wedm_wyk.sur,980390.9778274139,810.0000000000001,809.0,532.0,655289.9999999508,Graphite,ELLOR,quantum_like,256,256,0.0,2,P1,P1-ELLOR_wedm_wyk,area,Wire EDM (finishing),wedm_wyk,simple
343589.9590157657,949.3128362506651,1288.9111898407098,440653.69833473617,1493.174789438539,2635.0106342366944,3190950.4105402944,28667.810212091194,94762.18475820428,0.05,0.05,342640.646179515,342301.04782592494,439160.5235452976,438018.6877004995,3162282.6003282033,3096188.22578209,0.0,0.0,/Users/dawid/Library/Mobile Documents/com~apple~CloudDocs/Dokumenty/Publikacje własne/Manuscripts/Quantum_interference/data/P1-ELLOR_wedm_wyk.sur,440661.90062302275,810.0000000000001,809.0,532.0,655289.9999999508,Graphite,ELLOR,hybrid,256,256,0.0,2,P1,P1-ELLOR_wedm_wyk,area,Wire EDM (finishing),wedm_wyk,simple
724.4441408462859,949.3128362506651,1288.9111898407098,967.978235560156,1493.174789438539,2635.0106342366944,7929.182971279124,28667.810212091194,94762.18475820428,0.05,0.05,-224.86869540437925,-564.4670489944239,-525.1965538783828,-1667.0323986765384,-20738.627240812068,-86833.00178692516,0.0,0.0,/Users/dawid/Library/Mobile Documents/com~apple~CloudDocs/Dokumenty/Publikacje własne/Manuscripts/Quantum_interference/data/P1-ELLOR_wedm_wyk.sur,1761.4507028215257,810.0000000000001,809.0,532.0,655289.9999999508,Graphite,ELLOR,classical,256,256,0.0,3,P1,P1-ELLOR_wedm_wyk,area,Wire EDM (finishing),wedm_wyk,simple
719310.1063109573,949.3128362506651,1288.9111898407098,943136.0695893117,1493.174789438539,2635.0106342366944,7773711.617510062,28667.810212091194,94762.18475820428,0.05,0.05,718360.7934747067,718021.1951211166,941642.8947998732,940501.058955075,7745043.80729797,7678949.432751857,0.0,0.0,/Users/dawid/Library/Mobile Documents/com~apple~CloudDocs/Dokumenty/Publikacje własne/Manuscripts/Quantum_interference/data/P1-ELLOR_wedm_wyk.sur,943134.2243599592,810.0000000000001,809.0,532.0,655289.9999999508,Graphite,ELLOR,quantum_like,256,256,0.0,3,P1,P1-ELLOR_wedm_wyk,area,Wire EDM (finishing),wedm_wyk,simple
325172.07837364933,949.3128362506651,1288.9111898407098,435836.6645215683,1493.174789438539,2635.0106342366944,3451117.23877389,28667.810212091194,94762.18475820428,0.05,0.05,324222.7655373987,323883.16718380863,434343.48973212973,433201.6538873316,3422449.4285617988,3356355.0540156853,0.0,0.0,/Users/dawid/Library/Mobile Documents/com~apple~CloudDocs/Dokumenty/Publikacje własne/Manuscripts/Quantum_interference/data/P1-ELLOR_wedm_wyk.sur,435853.0206490765,810.0000000000001,809.0,532.0,655289.9999999508,Graphite,ELLOR,hybrid,256,256,0.0,3,P1,P1-ELLOR_wedm_wyk,area,Wire EDM (finishing),wedm_wyk,simple
787.2403336667696,1065.6324171939048,1449.8944742396523,1023.2526628791021,1565.3286439144156,2498.4242966125526,8476.43364962577,32513.359859253404,69211.50170978007,0.05,0.05,-278.392083527135,-662.6541405728826,-542.0759810353135,-1475.1716337334503,-24036.926209627636,-60735.0680601543,0.0,0.0,/Users/dawid/Library/Mobile Documents/com~apple~CloudDocs/Dokumenty/Publikacje własne/Manuscripts/Quantum_interference/data/P1-ELLOR_wedm_zgru_1prz.sur,1872.166110386378,810.0000000000001,809.0,532.0,655289.9999999508,Graphite,ELLOR,classical,256,256,0.0,0,P1,P1-ELLOR_wedm_zgru_1prz,area,Wire EDM (roughing),wedm_zgru_1prz,simple
713504.5947239076,1065.6324171939048,1449.8944742396523,926014.9030846566,1565.3286439144156,2498.4242966125526,6816266.630321487,32513.359859253404,69211.50170978007,0.05,0.05,712438.9623067137,712054.700249668,924449.5744407421,923516.4787880441,6783753.270462234,6747055.128611706,0.0,0.0,/Users/dawid/Library/Mobile Documents/com~apple~CloudDocs/Dokumenty/Publikacje własne/Manuscripts/Quantum_interference/data/P1-ELLOR_wedm_zgru_1prz.sur,926017.6269498605,810.0000000000001,809.0,532.0,655289.9999999508,Graphite,ELLOR,quantum_like,256,256,0.0,0,P1,P1-ELLOR_wedm_zgru_1prz,area,Wire EDM (roughing),wedm_zgru_1prz,simple
351844.89334590966,1065.6324171939048,1449.8944742396523,452677.83862597094,1565.3286439144156,2498.4242966125526,3449759.8517180686,32513.359859253404,69211.50170978007,0.05,0.05,350779.26092871575,350394.99887167,451112.5099820565,450179.4143293584,3417246.491858815,3380548.3500082884,0.0,0.0,/Users/dawid/Library/Mobile Documents/com~apple~CloudDocs/Dokumenty/Publikacje własne/Manuscripts/Quantum_interference/data/P1-ELLOR_wedm_zgru_1prz.sur,452670.5749122636,810.0000000000001,809.0,532.0,655289.9999999508,Graphite,ELLOR,hybrid,256,256,0.0,0,P1,P1-ELLOR_wedm_zgru_1prz,area,Wire EDM (roughing),wedm_zgru_1prz,simple
784.0253251714838,1065.6324171939048,1449.8944742396523,1016.981096062557,1565.3286439144156,2498.4242966125526,8211.083092640274,32513.359859253404,69211.50170978007,0.05,0.05,-281.60709202242083,-665.8691490681684,-548.3475478518586,-1481.4432005499953,-24302.27676661313,-61000.41861713979,0.0,0.0,/Users/dawid/Library/Mobile Documents/com~apple~CloudDocs/Dokumenty/Publikacje własne/Manuscripts/Quantum_interference/data/P1-ELLOR_wedm_zgru_1prz.sur,1867.9353230479794,810.0000000000001,809.0,532.0,655289.9999999508,Graphite,ELLOR,classical,256,256,0.0,1,P1,P1-ELLOR_wedm_zgru_1prz,area,Wire EDM (roughing),wedm_zgru_1prz,simple
669584.9407466754,1065.6324171939048,1449.8944742396523,888075.6806028897,1565.3286439144156,2498.4242966125526,8146832.003142968,32513.359859253404,69211.50170978007,0.05,0.05,668519.3083294815,668135.0462724358,886510.3519589754,885577.2563062772,8114318.6432837155,8077620.501433187,0.0,0.0,/Users/dawid/Library/Mobile Documents/com~apple~CloudDocs/Dokumenty/Publikacje własne/Manuscripts/Quantum_interference/data/P1-ELLOR_wedm_zgru_1prz.sur,888066.1306073176,810.0000000000001,809.0,532.0,655289.9999999508,Graphite,ELLOR,quantum_like,256,256,0.0,1,P1,P1-ELLOR_wedm_zgru_1prz,area,Wire EDM (roughing),wedm_zgru_1prz,simple
356672.3346197455,1065.6324171939048,1449.8944742396523,463085.25588102615,1565.3286439144156,2498.4242966125526,3398704.4574306183,32513.359859253404,69211.50170978007,0.05,0.05,355606.7022025516,355222.4401455058,461519.9272371118,460586.8315844136,3366191.0975713646,3329492.955720838,0.0,0.0,/Users/dawid/Library/Mobile Documents/com~apple~CloudDocs/Dokumenty/Publikacje własne/Manuscripts/Quantum_interference/data/P1-ELLOR_wedm_zgru_1prz.sur,463072.59852626896,810.0000000000001,809.0,532.0,655289.9999999508,Graphite,ELLOR,hybrid,256,256,0.0,1,P1,P1-ELLOR_wedm_zgru_1prz,area,Wire EDM (roughing),wedm_zgru_1prz,simple
782.2113864342249,1065.6324171939048,1449.8944742396523,1021.1916170841534,1565.3286439144156,2498.4242966125526,8732.501325842575,32513.359859253404,69211.50170978007,0.05,0.05,-283.42103075967975,-667.6830878054274,-544.1370268302621,-1477.2326795283989,-23780.85853341083,-60479.0003839375,0.0,0.0,/Users/dawid/Library/Mobile Documents/com~apple~CloudDocs/Dokumenty/Publikacje własne/Manuscripts/Quantum_interference/data/P1-ELLOR_wedm_zgru_1prz.sur,1869.622966832097,810.0000000000001,809.0,532.0,655289.9999999508,Graphite,ELLOR,classical,256,256,0.0,2,P1,P1-ELLOR_wedm_zgru_1prz,area,Wire EDM (roughing),wedm_zgru_1prz,simple
743346.1795942241,1065.6324171939048,1449.8944742396523,961020.9466284572,1565.3286439144156,2498.4242966125526,7097493.1963177845,32513.359859253404,69211.50170978007,0.05,0.05,742280.5471770302,741896.2851199845,959455.6179845427,958522.5223318447,7064979.836458531,7028281.694608005,0.0,0.0,/Users/dawid/Library/Mobile Documents/com~apple~CloudDocs/Dokumenty/Publikacje własne/Manuscripts/Quantum_interference/data/P1-ELLOR_wedm_zgru_1prz.sur,961016.7744081251,810.0000000000001,809.0,532.0,655289.9999999508,Graphite,ELLOR,quantum_like,256,256,0.0,2,P1,P1-ELLOR_wedm_zgru_1prz,area,Wire EDM (roughing),wedm_zgru_1prz,simple
383672.9471648851,1065.6324171939048,1449.8944742396523,481331.9831361868,1565.3286439144156,2498.4242966125526,3169744.8436647505,32513.359859253404,69211.50170978007,0.05,0.05,382607.3147476912,382223.0526906454,479766.65449227236,478833.55883957417,3137231.4838054967,3100533.3419549703,0.0,0.0,/Users/dawid/Library/Mobile Documents/com~apple~CloudDocs/Dokumenty/Publikacje własne/Manuscripts/Quantum_interference/data/P1-ELLOR_wedm_zgru_1prz.sur,481339.7416914163,810.0000000000001,809.0,532.0,655289.9999999508,Graphite,ELLOR,hybrid,256,256,0.0,2,P1,P1-ELLOR_wedm_zgru_1prz,area,Wire EDM (roughing),wedm_zgru_1prz,simple
764.9054733150198,1065.6324171939048,1449.8944742396523,999.9700187150725,1565.3286439144156,2498.4242966125526,8342.559434434888,32513.359859253404,69211.50170978007,0.05,0.05,-300.7269438788849,-684.9890009246325,-565.3586251993431,-1498.4542778974799,-24170.800424818513,-60868.94227534518,0.0,0.0,/Users/dawid/Library/Mobile Documents/com~apple~CloudDocs/Dokumenty/Publikacje własne/Manuscripts/Quantum_interference/data/P1-ELLOR_wedm_zgru_1prz.sur,1858.0903468161553,810.0000000000001,809.0,532.0,655289.9999999508,Graphite,ELLOR,classical,256,256,0.0,3,P1,P1-ELLOR_wedm_zgru_1prz,area,Wire EDM (roughing),wedm_zgru_1prz,simple
726144.9124109045,1065.6324171939048,1449.8944742396523,927844.577022493,1565.3286439144156,2498.4242966125526,7065985.738095088,32513.359859253404,69211.50170978007,0.05,0.05,725079.2799937106,724695.0179366649,926279.2483785786,925346.1527258804,7033472.378235835,6996774.236385308,0.0,0.0,/Users/dawid/Library/Mobile Documents/com~apple~CloudDocs/Dokumenty/Publikacje własne/Manuscripts/Quantum_interference/data/P1-ELLOR_wedm_zgru_1prz.sur,927827.7563346464,810.0000000000001,809.0,532.0,655289.9999999508,Graphite,ELLOR,quantum_like,256,256,0.0,3,P1,P1-ELLOR_wedm_zgru_1prz,area,Wire EDM (roughing),wedm_zgru_1prz,simple
383912.33802238916,1065.6324171939048,1449.8944742396523,472086.7837989974,1565.3286439144156,2498.4242966125526,3142301.0928125554,32513.359859253404,69211.50170978007,0.05,0.05,382846.70560519525,382462.4435481495,470521.455155083,469588.35950238485,3109787.732953302,3073089.5911027757,0.0,0.0,/Users/dawid/Library/Mobile Documents/com~apple~CloudDocs/Dokumenty/Publikacje własne/Manuscripts/Quantum_interference/data/P1-ELLOR_wedm_zgru_1prz.sur,472051.74443885364,810.0000000000001,809.0,532.0,655289.9999999508,Graphite,ELLOR,hybrid,256,256,0.0,3,P1,P1-ELLOR_wedm_zgru_1prz,area,Wire EDM (roughing),wedm_zgru_1prz,simple
375.81419627718685,365.53903232290645,371.232885286238,487.16769066242074,419.12377625567063,433.87656132110186,4626.105299373453,3473.2955761941603,10944.451287199645,0.05,0.05,10.275163954280433,4.581310990948867,68.04391440675006,53.29112934131885,1152.8097231792929,-6318.345987826193,0.0,0.0,/Users/dawid/Library/Mobile Documents/com~apple~CloudDocs/Dokumenty/Publikacje własne/Manuscripts/Quantum_interference/data/P1-MO58A_frez_wyk.sur,532.0373997109708,810.0000000000001,809.0,532.0,655289.9999999508,Brass,MO58A,classical,256,256,0.0,0,P1,P1-MO58A_frez_wyk,area,Milling (finishing),frez_wyk,simple
811695.9222885197,365.53903232290645,371.232885286238,1057235.9383562237,419.12377625567063,433.87656132110186,7803411.850426449,3473.2955761941603,10944.451287199645,0.05,0.05,811330.3832561969,811324.6894032335,1056816.814579968,1056802.0617949027,7799938.554850255,7792467.39913925,0.0,0.0,/Users/dawid/Library/Mobile Documents/com~apple~CloudDocs/Dokumenty/Publikacje własne/Manuscripts/Quantum_interference/data/P1-MO58A_frez_wyk.sur,1057249.7586546575,810.0000000000001,809.0,532.0,655289.9999999508,Brass,MO58A,quantum_like,256,256,0.0,0,P1,P1-MO58A_frez_wyk,area,Milling (finishing),frez_wyk,simple
516898.02052697464,365.53903232290645,371.232885286238,649613.529476274,419.12377625567063,433.87656132110186,3990345.8820073674,3473.2955761941603,10944.451287199645,0.05,0.05,516532.48149465176,516526.7876416884,649194.4057000184,649179.652914953,3986872.5864311736,3979401.4307201672,0.0,0.0,/Users/dawid/Library/Mobile Documents/com~apple~CloudDocs/Dokumenty/Publikacje własne/Manuscripts/Quantum_interference/data/P1-MO58A_frez_wyk.sur,649637.2059070095,810.0000000000001,809.0,532.0,655289.9999999508,Brass,MO58A,hybrid,256,256,0.0,0,P1,P1-MO58A_frez_wyk,area,Milling (finishing),frez_wyk,simple
376.07360078281425,365.53903232290645,371.232885286238,485.4472722988908,419.12377625567063,433.87656132110186,4363.461310996784,3473.2955761941603,10944.451287199645,0.05,0.05,10.53456845990779,4.840715496576224,66.32349604322017,51.57071097778896,890.1657348026242,-6580.989976202861,0.0,0.0,/Users/dawid/Library/Mobile Documents/com~apple~CloudDocs/Dokumenty/Publikacje własne/Manuscripts/Quantum_interference/data/P1-MO58A_frez_wyk.sur,529.8706253720351,810.0000000000001,809.0,532.0,655289.9999999508,Brass,MO58A,classical,256,256,0.0,1,P1,P1-MO58A_frez_wyk,area,Milling (finishing),frez_wyk,simple
751736.3421802204,365.53903232290645,371.232885286238,970249.038672223,419.12377625567063,433.87656132110186,7441427.446686318,3473.2955761941603,10944.451287199645,0.05,0.05,751370.8031478975,751365.1092949342,969829.9148959673,969815.1621109019,7437954.151110125,7430482.995399118,0.0,0.0,/Users/dawid/Library/Mobile Documents/com~apple~CloudDocs/Dokumenty/Publikacje własne/Manuscripts/Quantum_interference/data/P1-MO58A_frez_wyk.sur,970239.0673155579,810.0000000000001,809.0,532.0,655289.9999999508,Brass,MO58A,quantum_like,256,256,0.0,1,P1,P1-MO58A_frez_wyk,area,Milling (finishing),frez_wyk,simple
397849.367908212,365.53903232290645,371.232885286238,491304.2355966801,419.12377625567063,433.87656132110186,3096327.681762949,3473.2955761941603,10944.451287199645,0.05,0.05,397483.8288758891,397478.1350229258,490885.1118204244,490870.359035359,3092854.386186755,3085383.2304757494,0.0,0.0,/Users/dawid/Library/Mobile Documents/com~apple~CloudDocs/Dokumenty/Publikacje własne/Manuscripts/Quantum_interference/data/P1-MO58A_frez_wyk.sur,491284.55406593974,810.0000000000001,809.0,532.0,655289.9999999508,Brass,MO58A,hybrid,256,256,0.0,1,P1,P1-MO58A_frez_wyk,area,Milling (finishing),frez_wyk,simple
375.2932100044941,365.53903232290645,371.232885286238,485.0740120910612,419.12377625567063,433.87656132110186,4360.8059399851445,3473.2955761941603,10944.451287199645,0.05,0.05,9.754177681587615,4.060324718256049,65.95023583539057,51.19745076995935,887.5103637909843,-6583.645347214501,0.0,0.0,/Users/dawid/Library/Mobile Documents/com~apple~CloudDocs/Dokumenty/Publikacje własne/Manuscripts/Quantum_interference/data/P1-MO58A_frez_wyk.sur,530.0364141747013,810.0000000000001,809.0,532.0,655289.9999999508,Brass,MO58A,classical,256,256,0.0,2,P1,P1-MO58A_frez_wyk,area,Milling (finishing),frez_wyk,simple
711868.6773921774,365.53903232290645,371.232885286238,943959.0565037358,419.12377625567063,433.87656132110186,8465814.963493662,3473.2955761941603,10944.451287199645,0.05,0.05,711503.1383598546,711497.4445068912,943539.9327274801,943525.1799424146,8462341.667917468,8454870.512206463,0.0,0.0,/Users/dawid/Library/Mobile Documents/com~apple~CloudDocs/Dokumenty/Publikacje własne/Manuscripts/Quantum_interference/data/P1-MO58A_frez_wyk.sur,943959.9884621133,810.0000000000001,809.0,532.0,655289.9999999508,Brass,MO58A,quantum_like,256,256,0.0,2,P1,P1-MO58A_frez_wyk,area,Milling (finishing),frez_wyk,simple
359779.732864821,365.53903232290645,371.232885286238,464987.7150259209,419.12377625567063,433.87656132110186,3457966.24185314,3473.2955761941603,10944.451287199645,0.05,0.05,359414.1938324981,359408.49997953477,464568.59124966525,464553.83846459974,3454492.9462769455,3447021.79056594,0.0,0.0,/Users/dawid/Library/Mobile Documents/com~apple~CloudDocs/Dokumenty/Publikacje własne/Manuscripts/Quantum_interference/data/P1-MO58A_frez_wyk.sur,464988.6904523194,810.0000000000001,809.0,532.0,655289.9999999508,Brass,MO58A,hybrid,256,256,0.0,2,P1,P1-MO58A_frez_wyk,area,Milling (finishing),frez_wyk,simple
377.3292659031373,365.53903232290645,371.232885286238,487.39793149419967,419.12377625567063,433.87656132110186,4359.740966994457,3473.2955761941603,10944.451287199645,0.05,0.05,11.79023358023083,6.096380616899263,68.27415523852903,53.521370173097814,886.4453908002969,-6584.7103202051885,0.0,0.0,/Users/dawid/Library/Mobile Documents/com~apple~CloudDocs/Dokumenty/Publikacje własne/Manuscripts/Quantum_interference/data/P1-MO58A_frez_wyk.sur,532.2018450255084,810.0000000000001,809.0,532.0,655289.9999999508,Brass,MO58A,classical,256,256,0.0,3,P1,P1-MO58A_frez_wyk,area,Milling (finishing),frez_wyk,simple
700832.1679702799,365.53903232290645,371.232885286238,916341.9392941066,419.12377625567063,433.87656132110186,7660081.35117315,3473.2955761941603,10944.451287199645,0.05,0.05,700466.628937957,700460.9350849937,915922.8155178508,915908.0627327855,7656608.055596956,7649136.899885951,0.0,0.0,/Users/dawid/Library/Mobile Documents/com~apple~CloudDocs/Dokumenty/Publikacje własne/Manuscripts/Quantum_interference/data/P1-MO58A_frez_wyk.sur,916338.9829689934,810.0000000000001,809.0,532.0,655289.9999999508,Brass,MO58A,quantum_like,256,256,0.0,3,P1,P1-MO58A_frez_wyk,area,Milling (finishing),frez_wyk,simple
382862.5669477761,365.53903232290645,371.232885286238,482793.17271317367,419.12377625567063,433.87656132110186,3095882.6131571922,3473.2955761941603,10944.451287199645,0.05,0.05,382497.02791545325,382491.3340624899,482374.04893691797,482359.2961518525,3092409.3175809984,3084938.161869993,0.0,0.0,/Users/dawid/Library/Mobile Documents/com~apple~CloudDocs/Dokumenty/Publikacje własne/Manuscripts/Quantum_interference/data/P1-MO58A_frez_wyk.sur,482787.6343075572,810.0000000000001,809.0,532.0,655289.9999999508,Brass,MO58A,hybrid,256,256,0.0,3,P1,P1-MO58A_frez_wyk,area,Milling (finishing),frez_wyk,simple
666.8967119121239,1551.2293906381824,1635.1765763826413,870.7682319506575,1921.0449903766198,2024.9415456585623,7243.139370443049,11473.279324183392,15746.571803058374,0.05,0.05,-884.3326787260585,-968.2798644705174,-1050.2767584259625,-1154.1733137079048,-4230.139953740342,-8503.432432615326,0.0,0.0,/Users/dawid/Library/Mobile Documents/com~apple~CloudDocs/Dokumenty/Publikacje własne/Manuscripts/Quantum_interference/data/P1-MO58A_frez_zgr.sur,2088.625462819473,810.0000000000001,809.0,532.0,655289.9999999508,Brass,MO58A,classical,256,256,0.0,0,P1,P1-MO58A_frez_zgr,area,Milling (roughing),frez_zgr,simple
411703.688935161,1551.2293906381824,1635.1765763826413,546936.0711506262,1921.0449903766198,2024.9415456585623,4750149.278418889,11473.279324183392,15746.571803058374,0.05,0.05,410152.4595445228,410068.5123587784,545015.0261602496,544911.1296049677,4738675.999094706,4734402.706615831,0.0,0.0,/Users/dawid/Library/Mobile Documents/com~apple~CloudDocs/Dokumenty/Publikacje własne/Manuscripts/Quantum_interference/data/P1-MO58A_frez_zgr.sur,546939.2299352884,810.0000000000001,809.0,532.0,655289.9999999508,Brass,MO58A,quantum_like,256,256,0.0,0,P1,P1-MO58A_frez_zgr,area,Milling (roughing),frez_zgr,simple
202944.00938741167,1551.2293906381824,1635.1765763826413,250487.06697936653,1921.0449903766198,2024.9415456585623,1629107.6444385443,11473.279324183392,15746.571803058374,0.05,0.05,201392.7799967735,201308.83281102905,248566.02198898993,248462.125433708,1617634.3651143608,1613361.072635486,0.0,0.0,/Users/dawid/Library/Mobile Documents/com~apple~CloudDocs/Dokumenty/Publikacje własne/Manuscripts/Quantum_interference/data/P1-MO58A_frez_zgr.sur,250495.41419486,810.0000000000001,809.0,532.0,655289.9999999508,Brass,MO58A,hybrid,256,256,0.0,0,P1,P1-MO58A_frez_zgr,area,Milling (roughing),frez_zgr,simple
669.3751859331289,1551.2293906381824,1635.1765763826413,874.7283034138305,1921.0449903766198,2024.9415456585623,7336.827808228614,11473.279324183392,15746.571803058374,0.05,0.05,-881.8542047050533,-965.8013904495124,-1046.3166869627894,-1150.2132422447316,-4136.451515954778,-8409.74399482976,0.0,0.0,/Users/dawid/Library/Mobile Documents/com~apple~CloudDocs/Dokumenty/Publikacje własne/Manuscripts/Quantum_interference/data/P1-MO58A_frez_zgr.sur,2094.4577302457833,810.0000000000001,809.0,532.0,655289.9999999508,Brass,MO58A,classical,256,256,0.0,1,P1,P1-MO58A_frez_zgr,area,Milling (roughing),frez_zgr,simple
476049.75016877684,1551.2293906381824,1635.1765763826413,640641.7329962521,1921.0449903766198,2024.9415456585623,5214457.896441377,11473.279324183392,15746.571803058374,0.05,0.05,474498.52077813866,474414.57359239424,638720.6880058754,638616.7914505935,5202984.6171171935,5198711.324638318,0.0,0.0,/Users/dawid/Library/Mobile Documents/com~apple~CloudDocs/Dokumenty/Publikacje własne/Manuscripts/Quantum_interference/data/P1-MO58A_frez_zgr.sur,640663.1302183568,810.0000000000001,809.0,532.0,655289.9999999508,Brass,MO58A,quantum_like,256,256,0.0,1,P1,P1-MO58A_frez_zgr,area,Milling (roughing),frez_zgr,simple
256356.03184402818,1551.2293906381824,1635.1765763826413,325631.24708126433,1921.0449903766198,2024.9415456585623,2336848.664097886,11473.279324183392,15746.571803058374,0.05,0.05,254804.80245339,254720.85526764556,323710.20209088776,323606.3055356058,2325375.384773703,2321102.0922948276,0.0,0.0,/Users/dawid/Library/Mobile Documents/com~apple~CloudDocs/Dokumenty/Publikacje własne/Manuscripts/Quantum_interference/data/P1-MO58A_frez_zgr.sur,325673.4574184651,810.0000000000001,809.0,532.0,655289.9999999508,Brass,MO58A,hybrid,256,256,0.0,1,P1,P1-MO58A_frez_zgr,area,Milling (roughing),frez_zgr,simple
666.9343525958217,1551.2293906381824,1635.1765763826413,874.2090158785812,1921.0449903766198,2024.9415456585623,7342.63391739911,11473.279324183392,15746.571803058374,0.05,0.05,-884.2950380423606,-968.2422237868197,-1046.8359744980385,-1150.732529779981,-4130.6454067842815,-8403.937885659265,0.0,0.0,/Users/dawid/Library/Mobile Documents/com~apple~CloudDocs/Dokumenty/Publikacje własne/Manuscripts/Quantum_interference/data/P1-MO58A_frez_zgr.sur,2095.6103465193237,810.0000000000001,809.0,532.0,655289.9999999508,Brass,MO58A,classical,256,256,0.0,2,P1,P1-MO58A_frez_zgr,area,Milling (roughing),frez_zgr,simple
530047.6569419166,1551.2293906381824,1635.1765763826413,684128.333789865,1921.0449903766198,2024.9415456585623,5135861.230442304,11473.279324183392,15746.571803058374,0.05,0.05,528496.4275512784,528412.4803655338,682207.2887994883,682103.3922442064,5124387.951118121,5120114.658639246,0.0,0.0,/Users/dawid/Library/Mobile Documents/com~apple~CloudDocs/Dokumenty/Publikacje własne/Manuscripts/Quantum_interference/data/P1-MO58A_frez_zgr.sur,684154.111854175,810.0000000000001,809.0,532.0,655289.9999999508,Brass,MO58A,quantum_like,256,256,0.0,2,P1,P1-MO58A_frez_zgr,area,Milling (roughing),frez_zgr,simple
349916.82032424177,1551.2293906381824,1635.1765763826413,436668.9526292643,1921.0449903766198,2024.9415456585623,2651185.226623603,11473.279324183392,15746.571803058374,0.05,0.05,348365.5909336036,348281.64374785917,434747.90763888776,434644.0110836058,2639711.94729942,2635438.6548205446,0.0,0.0,/Users/dawid/Library/Mobile Documents/com~apple~CloudDocs/Dokumenty/Publikacje własne/Manuscripts/Quantum_interference/data/P1-MO58A_frez_zgr.sur,436709.524862534,810.0000000000001,809.0,532.0,655289.9999999508,Brass,MO58A,hybrid,256,256,0.0,2,P1,P1-MO58A_frez_zgr,area,Milling (roughing),frez_zgr,simple
666.2075206502185,1551.2293906381824,1635.1765763826413,870.2522314757366,1921.0449903766198,2024.9415456585623,7231.071791841461,11473.279324183392,15746.571803058374,0.05,0.05,-885.0218699879638,-968.9690557324228,-1050.7927589008834,-1154.689314182826,-4242.20753234193,-8515.500011216913,0.0,0.0,/Users/dawid/Library/Mobile Documents/com~apple~CloudDocs/Dokumenty/Publikacje własne/Manuscripts/Quantum_interference/data/P1-MO58A_frez_zgr.sur,2090.098132552452,810.0000000000001,809.0,532.0,655289.9999999508,Brass,MO58A,classical,256,256,0.0,3,P1,P1-MO58A_frez_zgr,area,Milling (roughing),frez_zgr,simple
460847.31243871583,1551.2293906381824,1635.1765763826413,607696.3433871274,1921.0449903766198,2024.9415456585623,5537305.764575361,11473.279324183392,15746.571803058374,0.05,0.05,459296.08304807765,459212.1358623332,605775.2983967507,605671.4018414688,5525832.485251178,5521559.192772303,0.0,0.0,/Users/dawid/Library/Mobile Documents/com~apple~CloudDocs/Dokumenty/Publikacje własne/Manuscripts/Quantum_interference/data/P1-MO58A_frez_zgr.sur,607654.8257028897,810.0000000000001,809.0,532.0,655289.9999999508,Brass,MO58A,quantum_like,256,256,0.0,3,P1,P1-MO58A_frez_zgr,area,Milling (roughing),frez_zgr,simple
264795.756605638,1551.2293906381824,1635.1765763826413,333280.16701488016,1921.0449903766198,2024.9415456585623,2357457.939364894,11473.279324183392,15746.571803058374,0.05,0.05,263244.52721499983,263160.58002925536,331359.12202450354,331255.2254692216,2345984.6600407106,2341711.3675618353,0.0,0.0,/Users/dawid/Library/Mobile Documents/com~apple~CloudDocs/Dokumenty/Publikacje własne/Manuscripts/Quantum_interference/data/P1-MO58A_frez_zgr.sur,333217.9694081616,810.0000000000001,809.0,532.0,655289.9999999508,Brass,MO58A,hybrid,256,256,0.0,3,P1,P1-MO58A_frez_zgr,area,Milling (roughing),frez_zgr,simple
145.3437952117107,145.26033640365523,149.36655947912297,181.13517653929384,180.98995739306156,187.34316490288163,1037.3260659481907,1013.2719698546313,3484.618675857259,0.05,0.05,0.08345880805546414,-4.022764267412271,0.14521914623230334,-6.207988363587762,24.05409609355949,-2447.292609909068,0.0,0.0,/Users/dawid/Library/Mobile Documents/com~apple~CloudDocs/Dokumenty/Publikacje własne/Manuscripts/Quantum_interference/data/P1-MO58A_nagniat.sur,9.604853484679948,810.0000000000001,809.0,532.0,655289.9999999508,Brass,MO58A,classical,256,256,0.0,0,P1,P1-MO58A_nagniat,area,Burnishing,nagniat,simple
945552.0027016312,145.26033640365523,149.36655947912297,1204959.933113888,180.98995739306156,187.34316490288163,10015503.403230704,1013.2719698546313,3484.618675857259,0.05,0.05,945406.7423652274,945402.636142152,1204778.9431564948,1204772.5899489848,10014490.13126085,10012018.784554847,0.0,0.0,/Users/dawid/Library/Mobile Documents/com~apple~CloudDocs/Dokumenty/Publikacje własne/Manuscripts/Quantum_interference/data/P1-MO58A_nagniat.sur,1204978.8196760463,810.0000000000001,809.0,532.0,655289.9999999508,Brass,MO58A,quantum_like,256,256,0.0,0,P1,P1-MO58A_nagniat,area,Burnishing,nagniat,simple
607991.5113321993,145.26033640365523,149.36655947912297,769625.0120069672,180.98995739306156,187.34316490288163,4702488.496764499,1013.2719698546313,3484.618675857259,0.05,0.05,607846.2509957956,607842.1447727202,769444.0220495741,769437.6688420643,4701475.224794644,4699003.878088642,0.0,0.0,/Users/dawid/Library/Mobile Documents/com~apple~CloudDocs/Dokumenty/Publikacje własne/Manuscripts/Quantum_interference/data/P1-MO58A_nagniat.sur,769654.636903105,810.0000000000001,809.0,532.0,655289.9999999508,Brass,MO58A,hybrid,256,256,0.0,0,P1,P1-MO58A_nagniat,area,Burnishing,nagniat,simple
145.334284007913,145.26033640365523,149.36655947912297,181.13488264209866,180.98995739306156,187.34316490288163,1037.7149635170256,1013.2719698546313,3484.618675857259,0.05,0.05,0.07394760425776434,-4.032275471209972,0.14492524903710796,-6.2082822607829575,24.4429936623943,-2446.9037123402336,0.0,0.0,/Users/dawid/Library/Mobile Documents/com~apple~CloudDocs/Dokumenty/Publikacje własne/Manuscripts/Quantum_interference/data/P1-MO58A_nagniat.sur,9.604780925796412,810.0000000000001,809.0,532.0,655289.9999999508,Brass,MO58A,classical,256,256,0.0,1,P1,P1-MO58A_nagniat,area,Burnishing,nagniat,simple
796270.6705171507,145.26033640365523,149.36655947912297,1051632.9809578354,180.98995739306156,187.34316490288163,8436731.165361956,1013.2719698546313,3484.618675857259,0.05,0.05,796125.4101807469,796121.3039576715,1051451.9910004425,1051445.6377929323,8435717.893392103,8433246.5466861,0.0,0.0,/Users/dawid/Library/Mobile Documents/com~apple~CloudDocs/Dokumenty/Publikacje własne/Manuscripts/Quantum_interference/data/P1-MO58A_nagniat.sur,1051632.0459756886,810.0000000000001,809.0,532.0,655289.9999999508,Brass,MO58A,quantum_like,256,256,0.0,1,P1,P1-MO58A_nagniat,area,Burnishing,nagniat,simple
326313.87865847774,145.26033640365523,149.36655947912297,417305.1667933814,180.98995739306156,187.34316490288163,2900134.3459488107,1013.2719698546313,3484.618675857259,0.05,0.05,326168.6183220741,326164.5120989986,417124.17683598836,417117.8236284785,2899121.0739789563,2896649.7272729534,0.0,0.0,/Users/dawid/Library/Mobile Documents/com~apple~CloudDocs/Dokumenty/Publikacje własne/Manuscripts/Quantum_interference/data/P1-MO58A_nagniat.sur,417302.11270148394,810.0000000000001,809.0,532.0,655289.9999999508,Brass,MO58A,hybrid,256,256,0.0,1,P1,P1-MO58A_nagniat,area,Burnishing,nagniat,simple
145.35028868669195,145.26033640365523,149.36655947912297,181.135145412894,180.98995739306156,187.34316490288163,1037.898660380564,1013.2719698546313,3484.618675857259,0.05,0.05,0.08995228303670194,-4.016270792431034,0.14518801983245525,-6.208019489987611,24.626690525932908,-2446.720015476695,0.0,0.0,/Users/dawid/Library/Mobile Documents/com~apple~CloudDocs/Dokumenty/Publikacje własne/Manuscripts/Quantum_interference/data/P1-MO58A_nagniat.sur,9.604783090655888,810.0000000000001,809.0,532.0,655289.9999999508,Brass,MO58A,classical,256,256,0.0,2,P1,P1-MO58A_nagniat,area,Burnishing,nagniat,simple
802949.0067190626,145.26033640365523,149.36655947912297,1041845.3009254016,180.98995739306156,187.34316490288163,7673937.726738017,1013.2719698546313,3484.618675857259,0.05,0.05,802803.7463826588,802799.6401595834,1041664.3109680086,1041657.9577604986,7672924.454768162,7670453.10806216,0.0,0.0,/Users/dawid/Library/Mobile Documents/com~apple~CloudDocs/Dokumenty/Publikacje własne/Manuscripts/Quantum_interference/data/P1-MO58A_nagniat.sur,1041845.585863502,810.0000000000001,809.0,532.0,655289.9999999508,Brass,MO58A,quantum_like,256,256,0.0,2,P1,P1-MO58A_nagniat,area,Burnishing,nagniat,simple
365822.2281383729,145.26033640365523,149.36655947912297,478905.25033678167,180.98995739306156,187.34316490288163,3796453.9168842365,1013.2719698546313,3484.618675857259,0.05,0.05,365676.96780196927,365672.8615788938,478724.2603793886,478717.9071718788,3795440.644914382,3792969.298208379,0.0,0.0,/Users/dawid/Library/Mobile Documents/com~apple~CloudDocs/Dokumenty/Publikacje własne/Manuscripts/Quantum_interference/data/P1-MO58A_nagniat.sur,478906.2656368283,810.0000000000001,809.0,532.0,655289.9999999508,Brass,MO58A,hybrid,256,256,0.0,2,P1,P1-MO58A_nagniat,area,Burnishing,nagniat,simple
145.27797637189616,145.26033640365523,149.36655947912297,181.13258288488242,180.98995739306156,187.34316490288163,1037.0150699149835,1013.2719698546313,3484.618675857259,0.05,0.05,0.01763996824093469,-4.0885831072268015,0.14262549182088582,-6.2105820179991795,23.74310006035231,-2447.6036059422754,0.0,0.0,/Users/dawid/Library/Mobile Documents/com~apple~CloudDocs/Dokumenty/Publikacje własne/Manuscripts/Quantum_interference/data/P1-MO58A_nagniat.sur,9.618951801402334,810.0000000000001,809.0,532.0,655289.9999999508,Brass,MO58A,classical,256,256,0.0,3,P1,P1-MO58A_nagniat,area,Burnishing,nagniat,simple
826947.581737676,145.26033640365523,149.36655947912297,1079911.693279895,180.98995739306156,187.34316490288163,8812973.024947716,1013.2719698546313,3484.618675857259,0.05,0.05,826802.3214012723,826798.2151781969,1079730.703322502,1079724.3501149921,8811959.752977861,8809488.406271858,0.0,0.0,/Users/dawid/Library/Mobile Documents/com~apple~CloudDocs/Dokumenty/Publikacje własne/Manuscripts/Quantum_interference/data/P1-MO58A_nagniat.sur,1079909.4919417754,810.0000000000001,809.0,532.0,655289.9999999508,Brass,MO58A,quantum_like,256,256,0.0,3,P1,P1-MO58A_nagniat,area,Burnishing,nagniat,simple
391274.49638448644,145.26033640365523,149.36655947912297,509994.4861601954,180.98995739306156,187.34316490288163,4125864.382566536,1013.2719698546313,3484.618675857259,0.05,0.05,391129.2360480828,391125.12982500735,509813.4962028023,509807.1429952925,4124851.110596681,4122379.763890679,0.0,0.0,/Users/dawid/Library/Mobile Documents/com~apple~CloudDocs/Dokumenty/Publikacje własne/Manuscripts/Quantum_interference/data/P1-MO58A_nagniat.sur,509989.1409648384,810.0000000000001,809.0,532.0,655289.9999999508,Brass,MO58A,hybrid,256,256,0.0,3,P1,P1-MO58A_nagniat,area,Burnishing,nagniat,simple
691.434155970749,1284.9933550707844,1386.8772375518495,883.4634020487573,1636.5550981867475,2154.5371115300177,6954.0396871875355,22299.111784202174,97070.55657722981,0.05,0.05,-593.5591991000354,-695.4430815811005,-753.0916961379902,-1271.0737094812603,-15345.072097014638,-90116.51689004227,0.0,0.0,/Users/dawid/Library/Mobile Documents/com~apple~CloudDocs/Dokumenty/Publikacje własne/Manuscripts/Quantum_interference/data/P1-MO58A_t_zgrub.sur,1842.5354587997763,810.0000000000001,809.0,532.0,655289.9999999508,Brass,MO58A,classical,256,256,0.0,0,P1,P1-MO58A_t_zgrub,area,Turning (roughing),t_zgrub,simple
550121.0202141538,1284.9933550707844,1386.8772375518495,716032.2843841924,1636.5550981867475,2154.5371115300177,5622645.230899054,22299.111784202174,97070.55657722981,0.05,0.05,548836.026859083,548734.142976602,714395.7292860056,713877.7472726624,5600346.119114851,5525574.674321824,0.0,0.0,/Users/dawid/Library/Mobile Documents/com~apple~CloudDocs/Dokumenty/Publikacje własne/Manuscripts/Quantum_interference/data/P1-MO58A_t_zgrub.sur,716090.1658071422,810.0000000000001,809.0,532.0,655289.9999999508,Brass,MO58A,quantum_like,256,256,0.0,0,P1,P1-MO58A_t_zgrub,area,Turning (roughing),t_zgrub,simple
310276.7794930588,1284.9933550707844,1386.8772375518495,394260.2935134848,1636.5550981867475,2154.5371115300177,2560885.54433165,22299.111784202174,97070.55657722981,0.05,0.05,308991.78613798803,308889.90225550695,392623.738415298,392105.75640195474,2538586.4325474477,2463814.98775442,0.0,0.0,/Users/dawid/Library/Mobile Documents/com~apple~CloudDocs/Dokumenty/Publikacje własne/Manuscripts/Quantum_interference/data/P1-MO58A_t_zgrub.sur,394376.4061581211,810.0000000000001,809.0,532.0,655289.9999999508,Brass,MO58A,hybrid,256,256,0.0,0,P1,P1-MO58A_t_zgrub,area,Turning (roughing),t_zgrub,simple
689.0464029947173,1284.9933550707844,1386.8772375518495,882.3687857134747,1636.5550981867475,2154.5371115300177,6949.733142742882,22299.111784202174,97070.55657722981,0.05,0.05,-595.9469520760671,-697.8308345571322,-754.1863124732728,-1272.1683258165428,-15349.37864145929,-90120.82343448694,0.0,0.0,/Users/dawid/Library/Mobile Documents/com~apple~CloudDocs/Dokumenty/Publikacje własne/Manuscripts/Quantum_interference/data/P1-MO58A_t_zgrub.sur,1844.104055607294,810.0000000000001,809.0,532.0,655289.9999999508,Brass,MO58A,classical,256,256,0.0,1,P1,P1-MO58A_t_zgrub,area,Turning (roughing),t_zgrub,simple
587035.0565629144,1284.9933550707844,1386.8772375518495,760932.78269893,1636.5550981867475,2154.5371115300177,5774646.216603863,22299.111784202174,97070.55657722981,0.05,0.05,585750.0632078436,585648.1793253626,759296.2276007433,758778.2455874,5752347.10481966,5677575.660026633,0.0,0.0,/Users/dawid/Library/Mobile Documents/com~apple~CloudDocs/Dokumenty/Publikacje własne/Manuscripts/Quantum_interference/data/P1-MO58A_t_zgrub.sur,760931.3015461521,810.0000000000001,809.0,532.0,655289.9999999508,Brass,MO58A,quantum_like,256,256,0.0,1,P1,P1-MO58A_t_zgrub,area,Turning (roughing),t_zgrub,simple
313418.4405636758,1284.9933550707844,1386.8772375518495,401807.68886788486,1636.5550981867475,2154.5371115300177,2902679.7381258416,22299.111784202174,97070.55657722981,0.05,0.05,312133.44720860495,312031.5633261239,400171.1337696981,399653.1517563548,2880380.6263416396,2805609.1815486117,0.0,0.0,/Users/dawid/Library/Mobile Documents/com~apple~CloudDocs/Dokumenty/Publikacje własne/Manuscripts/Quantum_interference/data/P1-MO58A_t_zgrub.sur,401810.2615173673,810.0000000000001,809.0,532.0,655289.9999999508,Brass,MO58A,hybrid,256,256,0.0,1,P1,P1-MO58A_t_zgrub,area,Turning (roughing),t_zgrub,simple
696.6582688192623,1284.9933550707844,1386.8772375518495,892.750204368061,1636.5550981867475,2154.5371115300177,7015.05844588221,22299.111784202174,97070.55657722981,0.05,0.05,-588.3350862515221,-690.2189687325872,-743.8048938186867,-1261.7869071619566,-15284.053338319962,-90055.4981313476,0.0,0.0,/Users/dawid/Library/Mobile Documents/com~apple~CloudDocs/Dokumenty/Publikacje własne/Manuscripts/Quantum_interference/data/P1-MO58A_t_zgrub.sur,1853.4733577701363,810.0000000000001,809.0,532.0,655289.9999999508,Brass,MO58A,classical,256,256,0.0,2,P1,P1-MO58A_t_zgrub,area,Turning (roughing),t_zgrub,simple
558641.3145951448,1284.9933550707844,1386.8772375518495,733398.5590477666,1636.5550981867475,2154.5371115300177,5491232.012896804,22299.111784202174,97070.55657722981,0.05,0.05,557356.3212400741,557254.4373575931,731762.0039495799,731244.0219362366,5468932.901112601,5394161.456319574,0.0,0.0,/Users/dawid/Library/Mobile Documents/com~apple~CloudDocs/Dokumenty/Publikacje własne/Manuscripts/Quantum_interference/data/P1-MO58A_t_zgrub.sur,733436.7097037176,810.0000000000001,809.0,532.0,655289.9999999508,Brass,MO58A,quantum_like,256,256,0.0,2,P1,P1-MO58A_t_zgrub,area,Turning (roughing),t_zgrub,simple
272599.10969876114,1284.9933550707844,1386.8772375518495,346009.8322610262,1636.5550981867475,2154.5371115300177,2345457.0292101605,22299.111784202174,97070.55657722981,0.05,0.05,271314.1163436904,271212.2324612093,344373.2771628394,343855.2951494962,2323157.9174259584,2248386.4726329306,0.0,0.0,/Users/dawid/Library/Mobile Documents/com~apple~CloudDocs/Dokumenty/Publikacje własne/Manuscripts/Quantum_interference/data/P1-MO58A_t_zgrub.sur,346090.346020091,810.0000000000001,809.0,532.0,655289.9999999508,Brass,MO58A,hybrid,256,256,0.0,2,P1,P1-MO58A_t_zgrub,area,Turning (roughing),t_zgrub,simple
683.4643256594042,1284.9933550707844,1386.8772375518495,877.4097353422283,1636.5550981867475,2154.5371115300177,7084.049559994017,22299.111784202174,97070.55657722981,0.05,0.05,-601.5290294113802,-703.4129118924454,-759.1453628445194,-1277.1273761877897,-15215.062224208155,-89986.50701723578,0.0,0.0,/Users/dawid/Library/Mobile Documents/com~apple~CloudDocs/Dokumenty/Publikacje własne/Manuscripts/Quantum_interference/data/P1-MO58A_t_zgrub.sur,1844.4610101925864,810.0000000000001,809.0,532.0,655289.9999999508,Brass,MO58A,classical,256,256,0.0,3,P1,P1-MO58A_t_zgrub,area,Turning (roughing),t_zgrub,simple
532537.2650528044,1284.9933550707844,1386.8772375518495,699432.5310306308,1636.5550981867475,2154.5371115300177,6991563.925269032,22299.111784202174,97070.55657722981,0.05,0.05,531252.2716977336,531150.3878152525,697795.9759324441,697277.9939191008,6969264.813484829,6894493.368691802,0.0,0.0,/Users/dawid/Library/Mobile Documents/com~apple~CloudDocs/Dokumenty/Publikacje własne/Manuscripts/Quantum_interference/data/P1-MO58A_t_zgrub.sur,699412.6530842098,810.0000000000001,809.0,532.0,655289.9999999508,Brass,MO58A,quantum_like,256,256,0.0,3,P1,P1-MO58A_t_zgrub,area,Turning (roughing),t_zgrub,simple
230200.9652906803,1284.9933550707844,1386.8772375518495,291797.8353882419,1636.5550981867475,2154.5371115300177,2193214.1581856394,22299.111784202174,97070.55657722981,0.05,0.05,228915.97193560953,228814.08805312845,290161.28029005515,289643.2982767119,2170915.0464014374,2096143.6016084093,0.0,0.0,/Users/dawid/Library/Mobile Documents/com~apple~CloudDocs/Dokumenty/Publikacje własne/Manuscripts/Quantum_interference/data/P1-MO58A_t_zgrub.sur,291744.7598267509,810.0000000000001,809.0,532.0,655289.9999999508,Brass,MO58A,hybrid,256,256,0.0,3,P1,P1-MO58A_t_zgrub,area,Turning (roughing),t_zgrub,simple
697.2464319649271,340.25414805552055,623.3622952841346,910.9699398289723,610.8953384067628,1678.008257576369,6543.981423837391,23870.72325179736,119387.24119355052,0.05,0.05,356.9922839094065,73.88413668079245,300.0746014222096,-767.0383177473968,-17326.74182795997,-112843.25976971314,0.0,0.0,/Users/dawid/Library/Mobile Documents/com~apple~CloudDocs/Dokumenty/Publikacje własne/Manuscripts/Quantum_interference/data/P1-MO58A_wedm_wyk.sur,1081.461281035741,810.0000000000001,809.0,532.0,655289.9999999508,Brass,MO58A,classical,256,256,0.0,0,P1,P1-MO58A_wedm_wyk,area,Wire EDM (finishing),wedm_wyk,simple
780110.8847634367,340.25414805552055,623.3622952841346,1036686.2971191973,610.8953384067628,1678.008257576369,8283766.665215863,23870.72325179736,119387.24119355052,0.05,0.05,779770.6306153813,779487.5224681527,1036075.4017807905,1035008.2888616208,8259895.941964066,8164379.424022313,0.0,0.0,/Users/dawid/Library/Mobile Documents/com~apple~CloudDocs/Dokumenty/Publikacje własne/Manuscripts/Quantum_interference/data/P1-MO58A_wedm_wyk.sur,1036698.5170124398,810.0000000000001,809.0,532.0,655289.9999999508,Brass,MO58A,quantum_like,256,256,0.0,0,P1,P1-MO58A_wedm_wyk,area,Wire EDM (finishing),wedm_wyk,simple
337849.28273556614,340.25414805552055,623.3622952841346,436261.4432306243,610.8953384067628,1678.008257576369,3162040.097441931,23870.72325179736,119387.24119355052,0.05,0.05,337509.0285875107,337225.92044028203,435650.5478922175,434583.43497304793,3138169.3741901335,3042652.85624838,0.0,0.0,/Users/dawid/Library/Mobile Documents/com~apple~CloudDocs/Dokumenty/Publikacje własne/Manuscripts/Quantum_interference/data/P1-MO58A_wedm_wyk.sur,436267.0696651204,810.0000000000001,809.0,532.0,655289.9999999508,Brass,MO58A,hybrid,256,256,0.0,0,P1,P1-MO58A_wedm_wyk,area,Wire EDM (finishing),wedm_wyk,simple
705.3980808014443,340.25414805552055,623.3622952841346,920.667526719477,610.8953384067628,1678.008257576369,7079.915194180469,23870.72325179736,119387.24119355052,0.05,0.05,365.1439327459237,82.03578551730962,309.7721883127142,-757.3407308568922,-16790.808057616894,-112307.32599937006,0.0,0.0,/Users/dawid/Library/Mobile Documents/com~apple~CloudDocs/Dokumenty/Publikacje własne/Manuscripts/Quantum_interference/data/P1-MO58A_wedm_wyk.sur,1088.1494617446174,810.0000000000001,809.0,532.0,655289.9999999508,Brass,MO58A,classical,256,256,0.0,1,P1,P1-MO58A_wedm_wyk,area,Wire EDM (finishing),wedm_wyk,simple
777204.2611015519,340.25414805552055,623.3622952841346,1027005.9850576482,610.8953384067628,1678.008257576369,7839791.772937438,23870.72325179736,119387.24119355052,0.05,0.05,776864.0069534964,776580.8988062678,1026395.0897192414,1025327.9768000718,7815921.049685641,7720404.531743888,0.0,0.0,/Users/dawid/Library/Mobile Documents/com~apple~CloudDocs/Dokumenty/Publikacje własne/Manuscripts/Quantum_interference/data/P1-MO58A_wedm_wyk.sur,1026993.4117905059,810.0000000000001,809.0,532.0,655289.9999999508,Brass,MO58A,quantum_like,256,256,0.0,1,P1,P1-MO58A_wedm_wyk,area,Wire EDM (finishing),wedm_wyk,simple
368932.0876512766,340.25414805552055,623.3622952841346,488277.0155983313,610.8953384067628,1678.008257576369,4187931.3932827273,23870.72325179736,119387.24119355052,0.05,0.05,368591.8335032211,368308.7253559925,487666.1202599245,486599.0073407549,4164060.67003093,4068544.1520891767,0.0,0.0,/Users/dawid/Library/Mobile Documents/com~apple~CloudDocs/Dokumenty/Publikacje własne/Manuscripts/Quantum_interference/data/P1-MO58A_wedm_wyk.sur,488251.7372032911,810.0000000000001,809.0,532.0,655289.9999999508,Brass,MO58A,hybrid,256,256,0.0,1,P1,P1-MO58A_wedm_wyk,area,Wire EDM (finishing),wedm_wyk,simple
698.4799080229692,340.25414805552055,623.3622952841346,912.9399706291808,610.8953384067628,1678.008257576369,6772.000935519316,23870.72325179736,119387.24119355052,0.05,0.05,358.2257599674487,75.11761273883462,302.0446322224181,-765.0682869471883,-17098.722316278043,-112615.2402580312,0.0,0.0,/Users/dawid/Library/Mobile Documents/com~apple~CloudDocs/Dokumenty/Publikacje własne/Manuscripts/Quantum_interference/data/P1-MO58A_wedm_wyk.sur,1083.0607971572201,810.0000000000001,809.0,532.0,655289.9999999508,Brass,MO58A,classical,256,256,0.0,2,P1,P1-MO58A_wedm_wyk,area,Wire EDM (finishing),wedm_wyk,simple
732479.966092613,340.25414805552055,623.3622952841346,962490.0042890948,610.8953384067628,1678.008257576369,7721917.355746961,23870.72325179736,119387.24119355052,0.05,0.05,732139.7119445575,731856.6037973289,961879.108950688,960811.9960315184,7698046.632495164,7602530.114553411,0.0,0.0,/Users/dawid/Library/Mobile Documents/com~apple~CloudDocs/Dokumenty/Publikacje własne/Manuscripts/Quantum_interference/data/P1-MO58A_wedm_wyk.sur,962467.590814068,810.0000000000001,809.0,532.0,655289.9999999508,Brass,MO58A,quantum_like,256,256,0.0,2,P1,P1-MO58A_wedm_wyk,area,Wire EDM (finishing),wedm_wyk,simple
341566.77489304694,340.25414805552055,623.3622952841346,434228.0798832729,610.8953384067628,1678.008257576369,3139188.668683608,23870.72325179736,119387.24119355052,0.05,0.05,341226.52074499143,340943.41259776277,433617.1845448661,432550.0716256965,3115317.9454318103,3019801.427490057,0.0,0.0,/Users/dawid/Library/Mobile Documents/com~apple~CloudDocs/Dokumenty/Publikacje własne/Manuscripts/Quantum_interference/data/P1-MO58A_wedm_wyk.sur,434197.0659474042,810.0000000000001,809.0,532.0,655289.9999999508,Brass,MO58A,hybrid,256,256,0.0,2,P1,P1-MO58A_wedm_wyk,area,Wire EDM (finishing),wedm_wyk,simple
695.5915812729312,340.25414805552055,623.3622952841346,908.6776038096866,610.8953384067628,1678.008257576369,6829.84897575201,23870.72325179736,119387.24119355052,0.05,0.05,355.33743321741065,72.22928598879658,297.7822654029238,-769.3306537666825,-17040.87427604535,-112557.39221779851,0.0,0.0,/Users/dawid/Library/Mobile Documents/com~apple~CloudDocs/Dokumenty/Publikacje własne/Manuscripts/Quantum_interference/data/P1-MO58A_wedm_wyk.sur,1083.858622252004,810.0000000000001,809.0,532.0,655289.9999999508,Brass,MO58A,classical,256,256,0.0,3,P1,P1-MO58A_wedm_wyk,area,Wire EDM (finishing),wedm_wyk,simple
768123.7823615081,340.25414805552055,623.3622952841346,1029575.3697933791,610.8953384067628,1678.008257576369,8919547.15755949,23870.72325179736,119387.24119355052,0.05,0.05,767783.5282134527,767500.4200662241,1028964.4744549723,1027897.3615358026,8895676.434307693,8800159.91636594,0.0,0.0,/Users/dawid/Library/Mobile Documents/com~apple~CloudDocs/Dokumenty/Publikacje własne/Manuscripts/Quantum_interference/data/P1-MO58A_wedm_wyk.sur,1029582.3705352978,810.0000000000001,809.0,532.0,655289.9999999508,Brass,MO58A,quantum_like,256,256,0.0,3,P1,P1-MO58A_wedm_wyk,area,Wire EDM (finishing),wedm_wyk,simple
375966.07122036006,340.25414805552055,623.3622952841346,497472.9822609526,610.8953384067628,1678.008257576369,3544904.604944779,23870.72325179736,119387.24119355052,0.05,0.05,375625.81707230455,375342.7089250759,496862.0869225458,495794.97400337626,3521033.8816929813,3425517.3637512284,0.0,0.0,/Users/dawid/Library/Mobile Documents/com~apple~CloudDocs/Dokumenty/Publikacje własne/Manuscripts/Quantum_interference/data/P1-MO58A_wedm_wyk.sur,497477.20780955773,810.0000000000001,809.0,532.0,655289.9999999508,Brass,MO58A,hybrid,256,256,0.0,3,P1,P1-MO58A_wedm_wyk,area,Wire EDM (finishing),wedm_wyk,simple
703.3306484187456,76181.75825171938,88536.39320245878,911.1026557072794,95543.18876467575,114712.78171870453,6677.005481610282,1160504.7392569627,2608601.8359336206,0.05,0.05,-75478.42760330065,-87833.06255404004,-94632.08610896848,-113801.67906299725,-1153827.7337753524,-2601924.83045201,0.0,0.0,/Users/dawid/Library/Mobile Documents/com~apple~CloudDocs/Dokumenty/Publikacje własne/Manuscripts/Quantum_interference/data/P1-MO58A_wedm_zgru_1prz.sur,95554.63902507632,810.0000000000001,809.0,532.0,655289.9999999508,Brass,MO58A,classical,256,256,0.0,0,P1,P1-MO58A_wedm_zgru_1prz,area,Wire EDM (roughing),wedm_zgru_1prz,simple
368568.30268303887,76181.75825171938,88536.39320245878,472477.049310471,95543.18876467575,114712.78171870453,4308933.382339238,1160504.7392569627,2608601.8359336206,0.05,0.05,292386.5444313195,280031.9094805801,376933.8605457952,357764.26759176643,3148428.643082276,1700331.546405618,0.0,0.0,/Users/dawid/Library/Mobile Documents/com~apple~CloudDocs/Dokumenty/Publikacje własne/Manuscripts/Quantum_interference/data/P1-MO58A_wedm_zgru_1prz.sur,465157.4194976935,810.0000000000001,809.0,532.0,655289.9999999508,Brass,MO58A,quantum_like,256,256,0.0,0,P1,P1-MO58A_wedm_zgru_1prz,area,Wire EDM (roughing),wedm_zgru_1prz,simple
213986.361876892,76181.75825171938,88536.39320245878,274563.72159427754,95543.18876467575,114712.78171870453,2148680.1536089345,1160504.7392569627,2608601.8359336206,0.05,0.05,137804.60362517263,125449.96867443323,179020.53282960175,159850.939875573,988175.414351972,-459921.68232468574,0.0,0.0,/Users/dawid/Library/Mobile Documents/com~apple~CloudDocs/Dokumenty/Publikacje własne/Manuscripts/Quantum_interference/data/P1-MO58A_wedm_zgru_1prz.sur,276347.8813910447,810.0000000000001,809.0,532.0,655289.9999999508,Brass,MO58A,hybrid,256,256,0.0,0,P1,P1-MO58A_wedm_zgru_1prz,area,Wire EDM (roughing),wedm_zgru_1prz,simple
712.5083345068608,76181.75825171938,88536.39320245878,916.5672496970708,95543.18876467575,114712.78171870453,6713.194094057632,1160504.7392569627,2608601.8359336206,0.05,0.05,-75469.24991721252,-87823.88486795193,-94626.62151497869,-113796.21446900746,-1153791.545162905,-2601888.641839563,0.0,0.0,/Users/dawid/Library/Mobile Documents/com~apple~CloudDocs/Dokumenty/Publikacje własne/Manuscripts/Quantum_interference/data/P1-MO58A_wedm_zgru_1prz.sur,95552.34105228176,810.0000000000001,809.0,532.0,655289.9999999508,Brass,MO58A,classical,256,256,0.0,1,P1,P1-MO58A_wedm_zgru_1prz,area,Wire EDM (roughing),wedm_zgru_1prz,simple
384976.3120839303,76181.75825171938,88536.39320245878,491610.6474618046,95543.18876467575,114712.78171870453,4281628.742637691,1160504.7392569627,2608601.8359336206,0.05,0.05,308794.55383221095,296439.9188814715,396067.45869712887,376897.8657431001,3121124.0033807284,1673026.9067040705,0.0,0.0,/Users/dawid/Library/Mobile Documents/com~apple~CloudDocs/Dokumenty/Publikacje własne/Manuscripts/Quantum_interference/data/P1-MO58A_wedm_zgru_1prz.sur,485558.21195716667,810.0000000000001,809.0,532.0,655289.9999999508,Brass,MO58A,quantum_like,256,256,0.0,1,P1,P1-MO58A_wedm_zgru_1prz,area,Wire EDM (roughing),wedm_zgru_1prz,simple
234570.68501728255,76181.75825171938,88536.39320245878,296391.2007943115,95543.18876467575,114712.78171870453,2061437.4094497017,1160504.7392569627,2608601.8359336206,0.05,0.05,158388.9267655632,146034.29181482378,200848.01202963572,181678.41907560694,900932.6701927391,-547164.4264839187,0.0,0.0,/Users/dawid/Library/Mobile Documents/com~apple~CloudDocs/Dokumenty/Publikacje własne/Manuscripts/Quantum_interference/data/P1-MO58A_wedm_zgru_1prz.sur,299744.0539779124,810.0000000000001,809.0,532.0,655289.9999999508,Brass,MO58A,hybrid,256,256,0.0,1,P1,P1-MO58A_wedm_zgru_1prz,area,Wire EDM (roughing),wedm_zgru_1prz,simple
704.6355370087217,76181.75825171938,88536.39320245878,908.9696687328407,95543.18876467575,114712.78171870453,6616.592836961543,1160504.7392569627,2608601.8359336206,0.05,0.05,-75477.12271471067,-87831.75766545007,-94634.21909594291,-113803.81204997169,-1153888.1464200013,-2601985.243096659,0.0,0.0,/Users/dawid/Library/Mobile Documents/com~apple~CloudDocs/Dokumenty/Publikacje własne/Manuscripts/Quantum_interference/data/P1-MO58A_wedm_zgru_1prz.sur,95553.63498268959,810.0000000000001,809.0,532.0,655289.9999999508,Brass,MO58A,classical,256,256,0.0,2,P1,P1-MO58A_wedm_zgru_1prz,area,Wire EDM (roughing),wedm_zgru_1prz,simple
377693.59163291706,76181.75825171938,88536.39320245878,483224.7278519328,95543.18876467575,114712.78171870453,4278550.76133002,1160504.7392569627,2608601.8359336206,0.05,0.05,301511.83338119765,289157.19843045826,387681.539087257,368511.94613322825,3118046.022073057,1669948.9253963993,0.0,0.0,/Users/dawid/Library/Mobile Documents/com~apple~CloudDocs/Dokumenty/Publikacje własne/Manuscripts/Quantum_interference/data/P1-MO58A_wedm_zgru_1prz.sur,477105.0235498328,810.0000000000001,809.0,532.0,655289.9999999508,Brass,MO58A,quantum_like,256,256,0.0,2,P1,P1-MO58A_wedm_zgru_1prz,area,Wire EDM (roughing),wedm_zgru_1prz,simple
231396.0235272149,76181.75825171938,88536.39320245878,294254.5413535888,95543.18876467575,114712.78171870453,2226841.036795211,1160504.7392569627,2608601.8359336206,0.05,0.05,155214.2652754955,142859.63032475612,198711.35258891303,179541.75963488425,1066336.2975382486,-381760.7991384092,0.0,0.0,/Users/dawid/Library/Mobile Documents/com~apple~CloudDocs/Dokumenty/Publikacje własne/Manuscripts/Quantum_interference/data/P1-MO58A_wedm_zgru_1prz.sur,297582.7331148019,810.0000000000001,809.0,532.0,655289.9999999508,Brass,MO58A,hybrid,256,256,0.0,2,P1,P1-MO58A_wedm_zgru_1prz,area,Wire EDM (roughing),wedm_zgru_1prz,simple
706.5823305476856,76181.75825171938,88536.39320245878,913.748731018026,95543.18876467575,114712.78171870453,6713.29894976694,1160504.7392569627,2608601.8359336206,0.05,0.05,-75475.17592117169,-87829.81087191109,-94629.44003365772,-113799.0329876865,-1153791.4403071958,-2601888.536983853,0.0,0.0,/Users/dawid/Library/Mobile Documents/com~apple~CloudDocs/Dokumenty/Publikacje własne/Manuscripts/Quantum_interference/data/P1-MO58A_wedm_zgru_1prz.sur,95552.61811779493,810.0000000000001,809.0,532.0,655289.9999999508,Brass,MO58A,classical,256,256,0.0,3,P1,P1-MO58A_wedm_zgru_1prz,area,Wire EDM (roughing),wedm_zgru_1prz,simple
368298.4658425509,76181.75825171938,88536.39320245878,472652.2992540438,95543.18876467575,114712.78171870453,4314939.394843589,1160504.7392569627,2608601.8359336206,0.05,0.05,292116.70759083156,279762.07264009217,377109.11048936803,357939.5175353393,3154434.655586626,1706337.5589099682,0.0,0.0,/Users/dawid/Library/Mobile Documents/com~apple~CloudDocs/Dokumenty/Publikacje własne/Manuscripts/Quantum_interference/data/P1-MO58A_wedm_zgru_1prz.sur,465298.67340375355,810.0000000000001,809.0,532.0,655289.9999999508,Brass,MO58A,quantum_like,256,256,0.0,3,P1,P1-MO58A_wedm_zgru_1prz,area,Wire EDM (roughing),wedm_zgru_1prz,simple
213097.69893618135,76181.75825171938,88536.39320245878,274873.0228654558,95543.18876467575,114712.78171870453,2116264.796458979,1160504.7392569627,2608601.8359336206,0.05,0.05,136915.94068446197,124561.30573372255,179329.83410078,160160.24114675124,955760.0572020165,-492337.03947464126,0.0,0.0,/Users/dawid/Library/Mobile Documents/com~apple~CloudDocs/Dokumenty/Publikacje własne/Manuscripts/Quantum_interference/data/P1-MO58A_wedm_zgru_1prz.sur,276705.28182173974,810.0000000000001,809.0,532.0,655289.9999999508,Brass,MO58A,hybrid,256,256,0.0,3,P1,P1-MO58A_wedm_zgru_1prz,area,Wire EDM (roughing),wedm_zgru_1prz,simple
657.0787269834865,469.42585056562103,548.7149225512189,874.2986792575646,610.3819266295891,713.3317760266872,7878.395336396839,5636.036789390006,8954.240732494147,0.05,0.05,187.65287641786546,108.36380443226757,263.9167526279754,160.96690323087728,2242.358547006834,-1075.845396097308,0.0,0.0,/Users/dawid/Library/Mobile Documents/com~apple~CloudDocs/Dokumenty/Publikacje własne/Manuscripts/Quantum_interference/data/P1-Ti6A14V_frez_wyk.sur,1058.9873108305549,810.0000000000001,809.0,532.0,655289.9999999508,Titanium,Ti6A14V,classical,256,256,0.0,0,P1,P1-Ti6A14V_frez_wyk,area,Milling (finishing),frez_wyk,simple
696891.7052950058,469.42585056562103,548.7149225512189,928959.1908268061,610.3819266295891,713.3317760266872,8833367.375445522,5636.036789390006,8954.240732494147,0.05,0.05,696422.2794444402,696342.9903724546,928348.8089001765,928245.8590507794,8827731.338656131,8824413.134713028,0.0,0.0,/Users/dawid/Library/Mobile Documents/com~apple~CloudDocs/Dokumenty/Publikacje własne/Manuscripts/Quantum_interference/data/P1-Ti6A14V_frez_wyk.sur,928969.1726648844,810.0000000000001,809.0,532.0,655289.9999999508,Titanium,Ti6A14V,quantum_like,256,256,0.0,0,P1,P1-Ti6A14V_frez_wyk,area,Milling (finishing),frez_wyk,simple
378343.85386139015,469.42585056562103,548.7149225512189,493091.2652202007,610.3819266295891,713.3317760266872,3786570.267073674,5636.036789390006,8954.240732494147,0.05,0.05,377874.42801082454,377795.1389388389,492480.8832935711,492377.93344417395,3780934.2302842843,3777616.0263411803,0.0,0.0,/Users/dawid/Library/Mobile Documents/com~apple~CloudDocs/Dokumenty/Publikacje własne/Manuscripts/Quantum_interference/data/P1-Ti6A14V_frez_wyk.sur,493108.66512089374,810.0000000000001,809.0,532.0,655289.9999999508,Titanium,Ti6A14V,hybrid,256,256,0.0,0,P1,P1-Ti6A14V_frez_wyk,area,Milling (finishing),frez_wyk,simple
667.6327911950074,469.42585056562103,548.7149225512189,887.0238706914042,610.3819266295891,713.3317760266872,8018.103636845584,5636.036789390006,8954.240732494147,0.05,0.05,198.20694062938628,118.9178686437884,276.64194406181514,173.692094664717,2382.0668474555787,-936.1370956485636,0.0,0.0,/Users/dawid/Library/Mobile Documents/com~apple~CloudDocs/Dokumenty/Publikacje własne/Manuscripts/Quantum_interference/data/P1-Ti6A14V_frez_wyk.sur,1065.7399122621782,810.0000000000001,809.0,532.0,655289.9999999508,Titanium,Ti6A14V,classical,256,256,0.0,1,P1,P1-Ti6A14V_frez_wyk,area,Milling (finishing),frez_wyk,simple
655695.4054100593,469.42585056562103,548.7149225512189,867148.8167164817,610.3819266295891,713.3317760266872,9143880.465371072,5636.036789390006,8954.240732494147,0.05,0.05,655225.9795594936,655146.690487508,866538.4347898521,866435.4849404551,9138244.428581681,9134926.224638578,0.0,0.0,/Users/dawid/Library/Mobile Documents/com~apple~CloudDocs/Dokumenty/Publikacje własne/Manuscripts/Quantum_interference/data/P1-Ti6A14V_frez_wyk.sur,867147.8028738109,810.0000000000001,809.0,532.0,655289.9999999508,Titanium,Ti6A14V,quantum_like,256,256,0.0,1,P1,P1-Ti6A14V_frez_wyk,area,Milling (finishing),frez_wyk,simple
317485.3516501549,469.42585056562103,548.7149225512189,411480.44050539576,610.3819266295891,713.3317760266872,3293619.8547299383,5636.036789390006,8954.240732494147,0.05,0.05,317015.9257995893,316936.6367276037,410870.0585787662,410767.10872936907,3287983.817940548,3284665.613997444,0.0,0.0,/Users/dawid/Library/Mobile Documents/com~apple~CloudDocs/Dokumenty/Publikacje własne/Manuscripts/Quantum_interference/data/P1-Ti6A14V_frez_wyk.sur,411479.0084487317,810.0000000000001,809.0,532.0,655289.9999999508,Titanium,Ti6A14V,hybrid,256,256,0.0,1,P1,P1-Ti6A14V_frez_wyk,area,Milling (finishing),frez_wyk,simple
668.8609337184042,469.42585056562103,548.7149225512189,888.2782229005447,610.3819266295891,713.3317760266872,7876.892739903184,5636.036789390006,8954.240732494147,0.05,0.05,199.4350831527832,120.1460111671853,277.8962962709556,174.94644687385747,2240.855950513178,-1077.3479925909642,0.0,0.0,/Users/dawid/Library/Mobile Documents/com~apple~CloudDocs/Dokumenty/Publikacje własne/Manuscripts/Quantum_interference/data/P1-Ti6A14V_frez_wyk.sur,1070.1766931327625,810.0000000000001,809.0,532.0,655289.9999999508,Titanium,Ti6A14V,classical,256,256,0.0,2,P1,P1-Ti6A14V_frez_wyk,area,Milling (finishing),frez_wyk,simple
693295.7202144391,469.42585056562103,548.7149225512189,901629.5046056687,610.3819266295891,713.3317760266872,7243201.478490052,5636.036789390006,8954.240732494147,0.05,0.05,692826.2943638734,692747.0052918879,901019.1226790391,900916.172829642,7237565.441700662,7234247.237757558,0.0,0.0,/Users/dawid/Library/Mobile Documents/com~apple~CloudDocs/Dokumenty/Publikacje własne/Manuscripts/Quantum_interference/data/P1-Ti6A14V_frez_wyk.sur,901623.963846323,810.0000000000001,809.0,532.0,655289.9999999508,Titanium,Ti6A14V,quantum_like,256,256,0.0,2,P1,P1-Ti6A14V_frez_wyk,area,Milling (finishing),frez_wyk,simple
296350.3932047749,469.42585056562103,548.7149225512189,384608.632353122,610.3819266295891,713.3317760266872,2842663.1222498957,5636.036789390006,8954.240732494147,0.05,0.05,295880.9673542093,295801.67828222364,383998.2504264924,383895.3005770953,2837027.0854605054,2833708.8815174014,0.0,0.0,/Users/dawid/Library/Mobile Documents/com~apple~CloudDocs/Dokumenty/Publikacje własne/Manuscripts/Quantum_interference/data/P1-Ti6A14V_frez_wyk.sur,384603.9866044428,810.0000000000001,809.0,532.0,655289.9999999508,Titanium,Ti6A14V,hybrid,256,256,0.0,2,P1,P1-Ti6A14V_frez_wyk,area,Milling (finishing),frez_wyk,simple
664.5408201582052,469.42585056562103,548.7149225512189,880.3918817763006,610.3819266295891,713.3317760266872,7871.434083948453,5636.036789390006,8954.240732494147,0.05,0.05,195.11496959258417,115.82589760698629,270.0099551467115,167.06010574961334,2235.3972945584474,-1082.8066485456945,0.0,0.0,/Users/dawid/Library/Mobile Documents/com~apple~CloudDocs/Dokumenty/Publikacje własne/Manuscripts/Quantum_interference/data/P1-Ti6A14V_frez_wyk.sur,1063.9543678593209,810.0000000000001,809.0,532.0,655289.9999999508,Titanium,Ti6A14V,classical,256,256,0.0,3,P1,P1-Ti6A14V_frez_wyk,area,Milling (finishing),frez_wyk,simple
767161.8619220395,469.42585056562103,548.7149225512189,977082.0131140361,610.3819266295891,713.3317760266872,8476434.972037246,5636.036789390006,8954.240732494147,0.05,0.05,766692.4360714739,766613.1469994882,976471.6311874065,976368.6813380094,8470798.935247855,8467480.73130475,0.0,0.0,/Users/dawid/Library/Mobile Documents/com~apple~CloudDocs/Dokumenty/Publikacje własne/Manuscripts/Quantum_interference/data/P1-Ti6A14V_frez_wyk.sur,977074.4992596254,810.0000000000001,809.0,532.0,655289.9999999508,Titanium,Ti6A14V,quantum_like,256,256,0.0,3,P1,P1-Ti6A14V_frez_wyk,area,Milling (finishing),frez_wyk,simple
483251.45468397014,469.42585056562103,548.7149225512189,600015.5754504069,610.3819266295891,713.3317760266872,3639086.1426243978,5636.036789390006,8954.240732494147,0.05,0.05,482782.02883340453,482702.7397614189,599405.1935237773,599302.2436743801,3633450.1058350075,3630131.9018919035,0.0,0.0,/Users/dawid/Library/Mobile Documents/com~apple~CloudDocs/Dokumenty/Publikacje własne/Manuscripts/Quantum_interference/data/P1-Ti6A14V_frez_wyk.sur,600007.6270866998,810.0000000000001,809.0,532.0,655289.9999999508,Titanium,Ti6A14V,hybrid,256,256,0.0,3,P1,P1-Ti6A14V_frez_wyk,area,Milling (finishing),frez_wyk,simple
760.1311028326361,641.8688484561754,683.9830450019091,987.4459021204433,822.469868351295,1071.5743326150443,8388.760806244365,21558.194735968656,70791.5363647731,0.05,0.05,118.26225437646069,76.14805783072708,164.97603376914836,-84.12843049460093,-13169.433929724291,-62402.77555852872,0.0,0.0,/Users/dawid/Library/Mobile Documents/com~apple~CloudDocs/Dokumenty/Publikacje własne/Manuscripts/Quantum_interference/data/P1-Ti6A14V_frez_zgr.sur,1188.3128710570563,810.0000000000001,809.0,532.0,655289.9999999508,Titanium,Ti6A14V,classical,256,256,0.0,0,P1,P1-Ti6A14V_frez_zgr,area,Milling (roughing),frez_zgr,simple
623471.7791554695,641.8688484561754,683.9830450019091,833107.8572646312,822.469868351295,1071.5743326150443,6874171.108225886,21558.194735968656,70791.5363647731,0.05,0.05,622829.9103070133,622787.7961104676,832285.3873962798,832036.2829320161,6852612.913489917,6803379.5718611125,0.0,0.0,/Users/dawid/Library/Mobile Documents/com~apple~CloudDocs/Dokumenty/Publikacje własne/Manuscripts/Quantum_interference/data/P1-Ti6A14V_frez_zgr.sur,833152.9909333411,810.0000000000001,809.0,532.0,655289.9999999508,Titanium,Ti6A14V,quantum_like,256,256,0.0,0,P1,P1-Ti6A14V_frez_zgr,area,Milling (roughing),frez_zgr,simple
361491.50414577057,641.8688484561754,683.9830450019091,488093.53382680676,822.469868351295,1071.5743326150443,3044066.1952840267,21558.194735968656,70791.5363647731,0.05,0.05,360849.6352973144,360807.52110076864,487271.06395845546,487021.9594941917,3022508.0005480577,2973274.6589192534,0.0,0.0,/Users/dawid/Library/Mobile Documents/com~apple~CloudDocs/Dokumenty/Publikacje własne/Manuscripts/Quantum_interference/data/P1-Ti6A14V_frez_zgr.sur,488168.0589220353,810.0000000000001,809.0,532.0,655289.9999999508,Titanium,Ti6A14V,hybrid,256,256,0.0,0,P1,P1-Ti6A14V_frez_zgr,area,Milling (roughing),frez_zgr,simple
757.1186212644085,641.8688484561754,683.9830450019091,984.2795470581724,822.469868351295,1071.5743326150443,8126.53901097236,21558.194735968656,70791.5363647731,0.05,0.05,115.24977280823302,73.1355762624994,161.8096787068774,-87.29478555687189,-13431.655724996295,-62664.99735380074,0.0,0.0,/Users/dawid/Library/Mobile Documents/com~apple~CloudDocs/Dokumenty/Publikacje własne/Manuscripts/Quantum_interference/data/P1-Ti6A14V_frez_zgr.sur,1185.91636744559,810.0000000000001,809.0,532.0,655289.9999999508,Titanium,Ti6A14V,classical,256,256,0.0,1,P1,P1-Ti6A14V_frez_zgr,area,Milling (roughing),frez_zgr,simple
630189.7498101908,641.8688484561754,683.9830450019091,836438.8755672578,822.469868351295,1071.5743326150443,7027655.913491799,21558.194735968656,70791.5363647731,0.05,0.05,629547.8809617346,629505.7667651889,835616.4056989064,835367.3012346426,7006097.71875583,6956864.377127025,0.0,0.0,/Users/dawid/Library/Mobile Documents/com~apple~CloudDocs/Dokumenty/Publikacje własne/Manuscripts/Quantum_interference/data/P1-Ti6A14V_frez_zgr.sur,836536.0869305128,810.0000000000001,809.0,532.0,655289.9999999508,Titanium,Ti6A14V,quantum_like,256,256,0.0,1,P1,P1-Ti6A14V_frez_zgr,area,Milling (roughing),frez_zgr,simple
373669.5159223989,641.8688484561754,683.9830450019091,469554.3154163879,822.469868351295,1071.5743326150443,3455294.767717427,21558.194735968656,70791.5363647731,0.05,0.05,373027.6470739427,372985.53287739697,468731.8455480366,468482.74108377285,3433736.5729814586,3384503.2313526543,0.0,0.0,/Users/dawid/Library/Mobile Documents/com~apple~CloudDocs/Dokumenty/Publikacje własne/Manuscripts/Quantum_interference/data/P1-Ti6A14V_frez_zgr.sur,469721.35705487535,810.0000000000001,809.0,532.0,655289.9999999508,Titanium,Ti6A14V,hybrid,256,256,0.0,1,P1,P1-Ti6A14V_frez_zgr,area,Milling (roughing),frez_zgr,simple
760.1066168836467,641.8688484561754,683.9830450019091,989.4060287261309,822.469868351295,1071.5743326150443,8390.152528937653,21558.194735968656,70791.5363647731,0.05,0.05,118.23776842747125,76.12357188173765,166.93616037483594,-82.16830388891337,-13168.042207031001,-62401.38383583545,0.0,0.0,/Users/dawid/Library/Mobile Documents/com~apple~CloudDocs/Dokumenty/Publikacje własne/Manuscripts/Quantum_interference/data/P1-Ti6A14V_frez_zgr.sur,1188.701537395931,810.0000000000001,809.0,532.0,655289.9999999508,Titanium,Ti6A14V,classical,256,256,0.0,2,P1,P1-Ti6A14V_frez_zgr,area,Milling (roughing),frez_zgr,simple
613808.8672725745,641.8688484561754,683.9830450019091,818228.3777063674,822.469868351295,1071.5743326150443,6650852.896355597,21558.194735968656,70791.5363647731,0.05,0.05,613166.9984241183,613124.8842275726,817405.9078380162,817156.8033737524,6629294.701619629,6580061.359990823,0.0,0.0,/Users/dawid/Library/Mobile Documents/com~apple~CloudDocs/Dokumenty/Publikacje własne/Manuscripts/Quantum_interference/data/P1-Ti6A14V_frez_zgr.sur,818253.4994769873,810.0000000000001,809.0,532.0,655289.9999999508,Titanium,Ti6A14V,quantum_like,256,256,0.0,2,P1,P1-Ti6A14V_frez_zgr,area,Milling (roughing),frez_zgr,simple
318404.31124750193,641.8688484561754,683.9830450019091,398169.0710254144,822.469868351295,1071.5743326150443,2926292.8498245375,21558.194735968656,70791.5363647731,0.05,0.05,317762.44239904574,317720.3282025,397346.6011570631,397097.4966927993,2904734.655088569,2855501.3134597647,0.0,0.0,/Users/dawid/Library/Mobile Documents/com~apple~CloudDocs/Dokumenty/Publikacje własne/Manuscripts/Quantum_interference/data/P1-Ti6A14V_frez_zgr.sur,398227.9410007384,810.0000000000001,809.0,532.0,655289.9999999508,Titanium,Ti6A14V,hybrid,256,256,0.0,2,P1,P1-Ti6A14V_frez_zgr,area,Milling (roughing),frez_zgr,simple
762.4419116282123,641.8688484561754,683.9830450019091,990.0032808103542,822.469868351295,1071.5743326150443,8395.225493355596,21558.194735968656,70791.5363647731,0.05,0.05,120.57306317203691,78.4588666263033,167.5334124590592,-81.5710518046901,-13162.96924261306,-62396.310871417496,0.0,0.0,/Users/dawid/Library/Mobile Documents/com~apple~CloudDocs/Dokumenty/Publikacje własne/Manuscripts/Quantum_interference/data/P1-Ti6A14V_frez_zgr.sur,1189.502228158941,810.0000000000001,809.0,532.0,655289.9999999508,Titanium,Ti6A14V,classical,256,256,0.0,3,P1,P1-Ti6A14V_frez_zgr,area,Milling (roughing),frez_zgr,simple
574259.0285185404,641.8688484561754,683.9830450019091,783602.7701841311,822.469868351295,1071.5743326150443,7074722.643576892,21558.194735968656,70791.5363647731,0.05,0.05,573617.1596700842,573575.0454735386,782780.3003157798,782531.1958515161,7053164.448840924,7003931.107212118,0.0,0.0,/Users/dawid/Library/Mobile Documents/com~apple~CloudDocs/Dokumenty/Publikacje własne/Manuscripts/Quantum_interference/data/P1-Ti6A14V_frez_zgr.sur,783599.8442782124,810.0000000000001,809.0,532.0,655289.9999999508,Titanium,Ti6A14V,quantum_like,256,256,0.0,3,P1,P1-Ti6A14V_frez_zgr,area,Milling (roughing),frez_zgr,simple
240895.32130692268,641.8688484561754,683.9830450019091,321672.85870405094,822.469868351295,1071.5743326150443,2569233.8483175286,21558.194735968656,70791.5363647731,0.05,0.05,240253.4524584665,240211.33826192076,320850.38883569965,320601.28437143593,2547675.65358156,2498442.311952756,0.0,0.0,/Users/dawid/Library/Mobile Documents/com~apple~CloudDocs/Dokumenty/Publikacje własne/Manuscripts/Quantum_interference/data/P1-Ti6A14V_frez_zgr.sur,321664.8976697178,810.0000000000001,809.0,532.0,655289.9999999508,Titanium,Ti6A14V,hybrid,256,256,0.0,3,P1,P1-Ti6A14V_frez_zgr,area,Milling (roughing),frez_zgr,simple
627.7067633220289,289.77462995164757,347.8317815466067,824.9672195644222,410.8437237790098,803.7426150092576,6879.275556755919,10313.574305428681,44965.60414799983,0.05,0.05,337.93213337038134,279.8749817754222,414.12349578541233,21.22460455516445,-3434.2987486727625,-38086.32859124391,0.0,0.0,/Users/dawid/Library/Mobile Documents/com~apple~CloudDocs/Dokumenty/Publikacje własne/Manuscripts/Quantum_interference/data/P1-Ti6A14V_nagniat.sur,912.3559139867673,810.0000000000001,809.0,532.0,655289.9999999508,Titanium,Ti6A14V,classical,256,256,0.0,0,P1,P1-Ti6A14V_nagniat,area,Burnishing,nagniat,simple
766772.3987483166,289.77462995164757,347.8317815466067,1015791.3739851675,410.8437237790098,803.7426150092576,8788839.29553813,10313.574305428681,44965.60414799983,0.05,0.05,766482.6241183649,766424.56696677,1015380.5302613886,1014987.6313701584,8778525.7212327,8743873.691390129,0.0,0.0,/Users/dawid/Library/Mobile Documents/com~apple~CloudDocs/Dokumenty/Publikacje własne/Manuscripts/Quantum_interference/data/P1-Ti6A14V_nagniat.sur,1015809.40038038,810.0000000000001,809.0,532.0,655289.9999999508,Titanium,Ti6A14V,quantum_like,256,256,0.0,0,P1,P1-Ti6A14V_nagniat,area,Burnishing,nagniat,simple
371641.66188659787,289.77462995164757,347.8317815466067,483258.5012259251,410.8437237790098,803.7426150092576,4462449.965153635,10313.574305428681,44965.60414799983,0.05,0.05,371351.8872566462,371293.8301050512,482847.6575021461,482454.75861091586,4452136.390848206,4417484.361005634,0.0,0.0,/Users/dawid/Library/Mobile Documents/com~apple~CloudDocs/Dokumenty/Publikacje własne/Manuscripts/Quantum_interference/data/P1-Ti6A14V_nagniat.sur,483299.80640869,810.0000000000001,809.0,532.0,655289.9999999508,Titanium,Ti6A14V,hybrid,256,256,0.0,0,P1,P1-Ti6A14V_nagniat,area,Burnishing,nagniat,simple
630.1506496305533,289.77462995164757,347.8317815466067,827.6197025947461,410.8437237790098,803.7426150092576,6877.088165618895,10313.574305428681,44965.60414799983,0.05,0.05,340.37601967890566,282.3188680839466,416.7759788157362,23.877087585488333,-3436.4861398097864,-38088.51598238093,0.0,0.0,/Users/dawid/Library/Mobile Documents/com~apple~CloudDocs/Dokumenty/Publikacje własne/Manuscripts/Quantum_interference/data/P1-Ti6A14V_nagniat.sur,915.2198339093158,810.0000000000001,809.0,532.0,655289.9999999508,Titanium,Ti6A14V,classical,256,256,0.0,1,P1,P1-Ti6A14V_nagniat,area,Burnishing,nagniat,simple
714858.3260400922,289.77462995164757,347.8317815466067,959858.7713321117,410.8437237790098,803.7426150092576,8402105.674461273,10313.574305428681,44965.60414799983,0.05,0.05,714568.5514101405,714510.4942585456,959447.9276083326,959055.0287171024,8391792.100155843,8357140.070313273,0.0,0.0,/Users/dawid/Library/Mobile Documents/com~apple~CloudDocs/Dokumenty/Publikacje własne/Manuscripts/Quantum_interference/data/P1-Ti6A14V_nagniat.sur,959854.2288655781,810.0000000000001,809.0,532.0,655289.9999999508,Titanium,Ti6A14V,quantum_like,256,256,0.0,1,P1,P1-Ti6A14V_nagniat,area,Burnishing,nagniat,simple
315449.04015592695,289.77462995164757,347.8317815466067,424955.8975633924,410.8437237790098,803.7426150092576,3604010.8816567846,10313.574305428681,44965.60414799983,0.05,0.05,315159.2655259753,315101.2083743803,424545.0538396134,424152.1549483831,3593697.3073513554,3559045.2775087846,0.0,0.0,/Users/dawid/Library/Mobile Documents/com~apple~CloudDocs/Dokumenty/Publikacje własne/Manuscripts/Quantum_interference/data/P1-Ti6A14V_nagniat.sur,424953.6964100697,810.0000000000001,809.0,532.0,655289.9999999508,Titanium,Ti6A14V,hybrid,256,256,0.0,1,P1,P1-Ti6A14V_nagniat,area,Burnishing,nagniat,simple
625.6620261954303,289.77462995164757,347.8317815466067,824.0044799876028,410.8437237790098,803.7426150092576,6875.49111746125,10313.574305428681,44965.60414799983,0.05,0.05,335.8873962437827,277.8302446488236,413.16075620859306,20.261864978345166,-3438.0831879674315,-38090.11303053858,0.0,0.0,/Users/dawid/Library/Mobile Documents/com~apple~CloudDocs/Dokumenty/Publikacje własne/Manuscripts/Quantum_interference/data/P1-Ti6A14V_nagniat.sur,911.7281278385507,810.0000000000001,809.0,532.0,655289.9999999508,Titanium,Ti6A14V,classical,256,256,0.0,2,P1,P1-Ti6A14V_nagniat,area,Burnishing,nagniat,simple
757955.8379908996,289.77462995164757,347.8317815466067,1010939.6770009362,410.8437237790098,803.7426150092576,8518188.124746943,10313.574305428681,44965.60414799983,0.05,0.05,757666.0633609479,757608.006209353,1010528.8332771573,1010135.934385927,8507874.550441515,8473222.520598942,0.0,0.0,/Users/dawid/Library/Mobile Documents/com~apple~CloudDocs/Dokumenty/Publikacje własne/Manuscripts/Quantum_interference/data/P1-Ti6A14V_nagniat.sur,1010919.4981224954,810.0000000000001,809.0,532.0,655289.9999999508,Titanium,Ti6A14V,quantum_like,256,256,0.0,2,P1,P1-Ti6A14V_nagniat,area,Burnishing,nagniat,simple
343478.16268329736,289.77462995164757,347.8317815466067,451100.5821932669,410.8437237790098,803.7426150092576,3705331.097078945,10313.574305428681,44965.60414799983,0.05,0.05,343188.3880533457,343130.33090175077,450689.7384694879,450296.8395782576,3695017.5227735164,3660365.4929309455,0.0,0.0,/Users/dawid/Library/Mobile Documents/com~apple~CloudDocs/Dokumenty/Publikacje własne/Manuscripts/Quantum_interference/data/P1-Ti6A14V_nagniat.sur,451055.6380943383,810.0000000000001,809.0,532.0,655289.9999999508,Titanium,Ti6A14V,hybrid,256,256,0.0,2,P1,P1-Ti6A14V_nagniat,area,Burnishing,nagniat,simple
626.612632697572,289.77462995164757,347.8317815466067,822.9774567437233,410.8437237790098,803.7426150092576,7411.061287156777,10313.574305428681,44965.60414799983,0.05,0.05,336.8380027459244,278.78085115096536,412.1337329647136,19.23484173446569,-2902.5130182719035,-37554.54286084306,0.0,0.0,/Users/dawid/Library/Mobile Documents/com~apple~CloudDocs/Dokumenty/Publikacje własne/Manuscripts/Quantum_interference/data/P1-Ti6A14V_nagniat.sur,909.6081812366934,810.0000000000001,809.0,532.0,655289.9999999508,Titanium,Ti6A14V,classical,256,256,0.0,3,P1,P1-Ti6A14V_nagniat,area,Burnishing,nagniat,simple
755063.984517206,289.77462995164757,347.8317815466067,1014243.9371465642,410.8437237790098,803.7426150092576,9142922.106825307,10313.574305428681,44965.60414799983,0.05,0.05,754774.2098872543,754716.1527356594,1013833.0934227854,1013440.1945315552,9132608.532519877,9097956.502677307,0.0,0.0,/Users/dawid/Library/Mobile Documents/com~apple~CloudDocs/Dokumenty/Publikacje własne/Manuscripts/Quantum_interference/data/P1-Ti6A14V_nagniat.sur,1014243.0280546924,810.0000000000001,809.0,532.0,655289.9999999508,Titanium,Ti6A14V,quantum_like,256,256,0.0,3,P1,P1-Ti6A14V_nagniat,area,Burnishing,nagniat,simple
395331.5746587801,289.77462995164757,347.8317815466067,524502.290673404,410.8437237790098,803.7426150092576,4125582.696337838,10313.574305428681,44965.60414799983,0.05,0.05,395041.80002882844,394983.7428772335,524091.446949625,523698.54805839475,4115269.1220324095,4080617.092189838,0.0,0.0,/Users/dawid/Library/Mobile Documents/com~apple~CloudDocs/Dokumenty/Publikacje własne/Manuscripts/Quantum_interference/data/P1-Ti6A14V_nagniat.sur,524498.6523032258,810.0000000000001,809.0,532.0,655289.9999999508,Titanium,Ti6A14V,hybrid,256,256,0.0,3,P1,P1-Ti6A14V_nagniat,area,Burnishing,nagniat,simple
518.8117858259599,103.18491123593812,120.19932196150366,640.6618997378688,123.73059001201017,143.5085523769773,5113.622108485627,2667.2561281473622,3825.7073651355636,0.05,0.05,415.6268745900218,398.6124638644563,516.9313097258587,497.1533473608916,2446.3659803382648,1287.9147433500632,0.0,0.0,/Users/dawid/Library/Mobile Documents/com~apple~CloudDocs/Dokumenty/Publikacje własne/Manuscripts/Quantum_interference/data/P1-Ti6A14V_t_wyk.sur,644.7169487270822,810.0000000000001,809.0,532.0,655289.9999999508,Titanium,Ti6A14V,classical,256,256,0.0,0,P1,P1-Ti6A14V_t_wyk,area,Turning (finishing),t_wyk,simple
808007.7755025453,103.18491123593812,120.19932196150366,1058030.011929566,123.73059001201017,143.5085523769773,8930763.109332914,2667.2561281473622,3825.7073651355636,0.05,0.05,807904.5905913094,807887.5761805838,1057906.281339554,1057886.503377189,8928095.853204766,8926937.401967779,0.0,0.0,/Users/dawid/Library/Mobile Documents/com~apple~CloudDocs/Dokumenty/Publikacje własne/Manuscripts/Quantum_interference/data/P1-Ti6A14V_t_wyk.sur,1058029.4630220185,810.0000000000001,809.0,532.0,655289.9999999508,Titanium,Ti6A14V,quantum_like,256,256,0.0,0,P1,P1-Ti6A14V_t_wyk,area,Turning (finishing),t_wyk,simple
396728.68957149045,103.18491123593812,120.19932196150366,508893.24497752544,123.73059001201017,143.5085523769773,3419881.8472431577,2667.2561281473622,3825.7073651355636,0.05,0.05,396625.5046602545,396608.49024952896,508769.51438751345,508749.7364251485,3417214.5911150104,3416056.139878022,0.0,0.0,/Users/dawid/Library/Mobile Documents/com~apple~CloudDocs/Dokumenty/Publikacje własne/Manuscripts/Quantum_interference/data/P1-Ti6A14V_t_wyk.sur,508891.5194978758,810.0000000000001,809.0,532.0,655289.9999999508,Titanium,Ti6A14V,hybrid,256,256,0.0,0,P1,P1-Ti6A14V_t_wyk,area,Turning (finishing),t_wyk,simple
517.4543373623308,103.18491123593812,120.19932196150366,638.4040742030979,123.73059001201017,143.5085523769773,5149.816618651796,2667.2561281473622,3825.7073651355636,0.05,0.05,414.2694261263927,397.2550154008272,514.6734841910877,494.8955218261206,2482.5604905044333,1324.109253516232,0.0,0.0,/Users/dawid/Library/Mobile Documents/com~apple~CloudDocs/Dokumenty/Publikacje własne/Manuscripts/Quantum_interference/data/P1-Ti6A14V_t_wyk.sur,642.3749181066884,810.0000000000001,809.0,532.0,655289.9999999508,Titanium,Ti6A14V,classical,256,256,0.0,1,P1,P1-Ti6A14V_t_wyk,area,Turning (finishing),t_wyk,simple
813559.2860575314,103.18491123593812,120.19932196150366,1087609.5429318305,123.73059001201017,143.5085523769773,9184673.386142077,2667.2561281473622,3825.7073651355636,0.05,0.05,813456.1011462954,813439.0867355698,1087485.8123418186,1087466.0343794536,9182006.13001393,9180847.678776942,0.0,0.0,/Users/dawid/Library/Mobile Documents/com~apple~CloudDocs/Dokumenty/Publikacje własne/Manuscripts/Quantum_interference/data/P1-Ti6A14V_t_wyk.sur,1087607.2816931142,810.0000000000001,809.0,532.0,655289.9999999508,Titanium,Ti6A14V,quantum_like,256,256,0.0,1,P1,P1-Ti6A14V_t_wyk,area,Turning (finishing),t_wyk,simple
426351.83464829245,103.18491123593812,120.19932196150366,539792.979909467,123.73059001201017,143.5085523769773,3656552.157066744,2667.2561281473622,3825.7073651355636,0.05,0.05,426248.6497370565,426231.635326331,539669.249319455,539649.47135709,3653884.900938596,3652726.449701608,0.0,0.0,/Users/dawid/Library/Mobile Documents/com~apple~CloudDocs/Dokumenty/Publikacje własne/Manuscripts/Quantum_interference/data/P1-Ti6A14V_t_wyk.sur,539787.6886895095,810.0000000000001,809.0,532.0,655289.9999999508,Titanium,Ti6A14V,hybrid,256,256,0.0,1,P1,P1-Ti6A14V_t_wyk,area,Turning (finishing),t_wyk,simple
512.5763337756905,103.18491123593812,120.19932196150366,630.6839780117685,123.73059001201017,143.5085523769773,5002.2046331111005,2667.2561281473622,3825.7073651355636,0.05,0.05,409.39142253975245,392.3770118141869,506.9533879997584,487.1754256347912,2334.9485049637383,1176.4972679755372,0.0,0.0,/Users/dawid/Library/Mobile Documents/com~apple~CloudDocs/Dokumenty/Publikacje własne/Manuscripts/Quantum_interference/data/P1-Ti6A14V_t_wyk.sur,635.0468596418476,810.0000000000001,809.0,532.0,655289.9999999508,Titanium,Ti6A14V,classical,256,256,0.0,2,P1,P1-Ti6A14V_t_wyk,area,Turning (finishing),t_wyk,simple
891763.4905233696,103.18491123593812,120.19932196150366,1153641.3102277296,123.73059001201017,143.5085523769773,9768649.644662365,2667.2561281473622,3825.7073651355636,0.05,0.05,891660.3056121337,891643.291201408,1153517.5796377175,1153497.8016753525,9765982.388534218,9764823.93729723,0.0,0.0,/Users/dawid/Library/Mobile Documents/com~apple~CloudDocs/Dokumenty/Publikacje własne/Manuscripts/Quantum_interference/data/P1-Ti6A14V_t_wyk.sur,1153643.5789519446,810.0000000000001,809.0,532.0,655289.9999999508,Titanium,Ti6A14V,quantum_like,256,256,0.0,2,P1,P1-Ti6A14V_t_wyk,area,Turning (finishing),t_wyk,simple
557584.2125346141,103.18491123593812,120.19932196150366,693255.4788490542,123.73059001201017,143.5085523769773,4806232.168749921,2667.2561281473622,3825.7073651355636,0.05,0.05,557481.0276233782,557464.0132126525,693131.7482590423,693111.9702966772,4803564.912621774,4802406.461384785,0.0,0.0,/Users/dawid/Library/Mobile Documents/com~apple~CloudDocs/Dokumenty/Publikacje własne/Manuscripts/Quantum_interference/data/P1-Ti6A14V_t_wyk.sur,693259.2737844782,810.0000000000001,809.0,532.0,655289.9999999508,Titanium,Ti6A14V,hybrid,256,256,0.0,2,P1,P1-Ti6A14V_t_wyk,area,Turning (finishing),t_wyk,simple
516.639108732679,103.18491123593812,120.19932196150366,637.6447381892964,123.73059001201017,143.5085523769773,5029.644199200453,2667.2561281473622,3825.7073651355636,0.05,0.05,413.4541974967409,396.43978677117536,513.9141481772863,494.1361858123191,2362.3880710530907,1203.9368340648896,0.0,0.0,/Users/dawid/Library/Mobile Documents/com~apple~CloudDocs/Dokumenty/Publikacje własne/Manuscripts/Quantum_interference/data/P1-Ti6A14V_t_wyk.sur,641.6889269756866,810.0000000000001,809.0,532.0,655289.9999999508,Titanium,Ti6A14V,classical,256,256,0.0,3,P1,P1-Ti6A14V_t_wyk,area,Turning (finishing),t_wyk,simple
828665.4746299394,103.18491123593812,120.19932196150366,1062435.179394171,123.73059001201017,143.5085523769773,8092143.515739027,2667.2561281473622,3825.7073651355636,0.05,0.05,828562.2897187035,828545.2753079779,1062311.4488041592,1062291.6708417942,8089476.259610879,8088317.808373892,0.0,0.0,/Users/dawid/Library/Mobile Documents/com~apple~CloudDocs/Dokumenty/Publikacje własne/Manuscripts/Quantum_interference/data/P1-Ti6A14V_t_wyk.sur,1062435.1229678874,810.0000000000001,809.0,532.0,655289.9999999508,Titanium,Ti6A14V,quantum_like,256,256,0.0,3,P1,P1-Ti6A14V_t_wyk,area,Turning (finishing),t_wyk,simple
369077.2995576456,103.18491123593812,120.19932196150366,474207.4492635961,123.73059001201017,143.5085523769773,3398024.1203708006,2667.2561281473622,3825.7073651355636,0.05,0.05,368974.1146464096,368957.1002356841,474083.71867358405,474063.9407112191,3395356.864242653,3394198.413005665,0.0,0.0,/Users/dawid/Library/Mobile Documents/com~apple~CloudDocs/Dokumenty/Publikacje własne/Manuscripts/Quantum_interference/data/P1-Ti6A14V_t_wyk.sur,474206.9500685939,810.0000000000001,809.0,532.0,655289.9999999508,Titanium,Ti6A14V,hybrid,256,256,0.0,3,P1,P1-Ti6A14V_t_wyk,area,Turning (finishing),t_wyk,simple
699.582035483011,2932.855047006961,3004.2986216553054,921.3187982303592,3378.02639502885,3551.4597919526173,8267.35635509279,35489.60649569244,70976.5955354702,0.05,0.05,-2233.27301152395,-2304.7165861722947,-2456.7075967984906,-2630.1409937222584,-27222.250140599648,-62709.23918037741,0.0,0.0,/Users/dawid/Library/Mobile Documents/com~apple~CloudDocs/Dokumenty/Publikacje własne/Manuscripts/Quantum_interference/data/P1-Ti6A14V_t_zgrub.sur,3533.517895717509,810.0000000000001,809.0,532.0,655289.9999999508,Titanium,Ti6A14V,classical,256,256,0.0,0,P1,P1-Ti6A14V_t_zgrub,area,Turning (roughing),t_zgrub,simple
495471.4120116756,2932.855047006961,3004.2986216553054,651170.4818020142,3378.02639502885,3551.4597919526173,5790728.870044224,35489.60649569244,70976.5955354702,0.05,0.05,492538.5569646687,492467.11339002027,647792.4554069854,647619.0220100615,5755239.263548532,5719752.274508754,0.0,0.0,/Users/dawid/Library/Mobile Documents/com~apple~CloudDocs/Dokumenty/Publikacje własne/Manuscripts/Quantum_interference/data/P1-Ti6A14V_t_zgrub.sur,651291.7318201489,810.0000000000001,809.0,532.0,655289.9999999508,Titanium,Ti6A14V,quantum_like,256,256,0.0,0,P1,P1-Ti6A14V_t_zgrub,area,Turning (roughing),t_zgrub,simple
331938.91580123955,2932.855047006961,3004.2986216553054,413821.8330720319,3378.02639502885,3551.4597919526173,2578439.001585391,35489.60649569244,70976.5955354702,0.05,0.05,329006.06075423263,328934.6171795843,410443.80667700304,410270.3732800793,2542949.3950896985,2507462.4060499207,0.0,0.0,/Users/dawid/Library/Mobile Documents/com~apple~CloudDocs/Dokumenty/Publikacje własne/Manuscripts/Quantum_interference/data/P1-Ti6A14V_t_zgrub.sur,414042.8492303166,810.0000000000001,809.0,532.0,655289.9999999508,Titanium,Ti6A14V,hybrid,256,256,0.0,0,P1,P1-Ti6A14V_t_zgrub,area,Turning (roughing),t_zgrub,simple
697.3391148131427,2932.855047006961,3004.2986216553054,913.8830103651947,3378.02639502885,3551.4597919526173,8227.44909798588,35489.60649569244,70976.5955354702,0.05,0.05,-2235.515932193818,-2306.9595068421627,-2464.143384663655,-2637.576781587423,-27262.15739770656,-62749.14643748432,0.0,0.0,/Users/dawid/Library/Mobile Documents/com~apple~CloudDocs/Dokumenty/Publikacje własne/Manuscripts/Quantum_interference/data/P1-Ti6A14V_t_zgrub.sur,3533.086128529593,810.0000000000001,809.0,532.0,655289.9999999508,Titanium,Ti6A14V,classical,256,256,0.0,1,P1,P1-Ti6A14V_t_zgrub,area,Turning (roughing),t_zgrub,simple
508676.88001401164,2932.855047006961,3004.2986216553054,655148.2865390374,3378.02639502885,3551.4597919526173,5749747.134146019,35489.60649569244,70976.5955354702,0.05,0.05,505744.0249670047,505672.5813923563,651770.2601440086,651596.8267470847,5714257.527650326,5678770.538610548,0.0,0.0,/Users/dawid/Library/Mobile Documents/com~apple~CloudDocs/Dokumenty/Publikacje własne/Manuscripts/Quantum_interference/data/P1-Ti6A14V_t_zgrub.sur,655204.2559474907,810.0000000000001,809.0,532.0,655289.9999999508,Titanium,Ti6A14V,quantum_like,256,256,0.0,1,P1,P1-Ti6A14V_t_zgrub,area,Turning (roughing),t_zgrub,simple
318737.06708723534,2932.855047006961,3004.2986216553054,401281.01589743816,3378.02639502885,3551.4597919526173,2760654.4741889457,35489.60649569244,70976.5955354702,0.05,0.05,315804.21204022836,315732.76846558,397902.9895024093,397729.55610548554,2725164.867693254,2689677.8786534755,0.0,0.0,/Users/dawid/Library/Mobile Documents/com~apple~CloudDocs/Dokumenty/Publikacje własne/Manuscripts/Quantum_interference/data/P1-Ti6A14V_t_zgrub.sur,401421.1260337787,810.0000000000001,809.0,532.0,655289.9999999508,Titanium,Ti6A14V,hybrid,256,256,0.0,1,P1,P1-Ti6A14V_t_zgrub,area,Turning (roughing),t_zgrub,simple
700.5133037309805,2932.855047006961,3004.2986216553054,920.9552299933363,3378.02639502885,3551.4597919526173,8533.07052345728,35489.60649569244,70976.5955354702,0.05,0.05,-2232.34174327598,-2303.7853179243248,-2457.071165035514,-2630.504561959281,-26956.535972235157,-62443.52501201292,0.0,0.0,/Users/dawid/Library/Mobile Documents/com~apple~CloudDocs/Dokumenty/Publikacje własne/Manuscripts/Quantum_interference/data/P1-Ti6A14V_t_zgrub.sur,3534.734338564757,810.0000000000001,809.0,532.0,655289.9999999508,Titanium,Ti6A14V,classical,256,256,0.0,2,P1,P1-Ti6A14V_t_zgrub,area,Turning (roughing),t_zgrub,simple
471024.4372487508,2932.855047006961,3004.2986216553054,612585.1612591482,3378.02639502885,3551.4597919526173,5473054.285369974,35489.60649569244,70976.5955354702,0.05,0.05,468091.58220174385,468020.1386270955,609207.1348641193,609033.7014671955,5437564.678874281,5402077.689834503,0.0,0.0,/Users/dawid/Library/Mobile Documents/com~apple~CloudDocs/Dokumenty/Publikacje własne/Manuscripts/Quantum_interference/data/P1-Ti6A14V_t_zgrub.sur,612421.9693457121,810.0000000000001,809.0,532.0,655289.9999999508,Titanium,Ti6A14V,quantum_like,256,256,0.0,2,P1,P1-Ti6A14V_t_zgrub,area,Turning (roughing),t_zgrub,simple
305520.3406708759,2932.855047006961,3004.2986216553054,382265.0620752788,3378.02639502885,3551.4597919526173,2777443.346841402,35489.60649569244,70976.5955354702,0.05,0.05,302587.48562386894,302516.04204922065,378887.0356802499,378713.60228332615,2741953.74034571,2706466.7513059317,0.0,0.0,/Users/dawid/Library/Mobile Documents/com~apple~CloudDocs/Dokumenty/Publikacje własne/Manuscripts/Quantum_interference/data/P1-Ti6A14V_t_zgrub.sur,382041.17070444,810.0000000000001,809.0,532.0,655289.9999999508,Titanium,Ti6A14V,hybrid,256,256,0.0,2,P1,P1-Ti6A14V_t_zgrub,area,Turning (roughing),t_zgrub,simple
697.3533810607619,2932.855047006961,3004.2986216553054,918.595670423797,3378.02639502885,3551.4597919526173,8531.610560782945,35489.60649569244,70976.5955354702,0.05,0.05,-2235.501665946199,-2306.9452405945435,-2459.4307246050525,-2632.8641215288203,-26957.995934909493,-62444.98497468725,0.0,0.0,/Users/dawid/Library/Mobile Documents/com~apple~CloudDocs/Dokumenty/Publikacje własne/Manuscripts/Quantum_interference/data/P1-Ti6A14V_t_zgrub.sur,3532.2414401274445,810.0000000000001,809.0,532.0,655289.9999999508,Titanium,Ti6A14V,classical,256,256,0.0,3,P1,P1-Ti6A14V_t_zgrub,area,Turning (roughing),t_zgrub,simple
583046.9467396438,2932.855047006961,3004.2986216553054,732290.3344174919,3378.02639502885,3551.4597919526173,5514805.60616467,35489.60649569244,70976.5955354702,0.05,0.05,580114.0916926368,580042.6481179885,728912.3080224631,728738.8746255393,5479315.999668977,5443829.010629199,0.0,0.0,/Users/dawid/Library/Mobile Documents/com~apple~CloudDocs/Dokumenty/Publikacje własne/Manuscripts/Quantum_interference/data/P1-Ti6A14V_t_zgrub.sur,732321.1377170666,810.0000000000001,809.0,532.0,655289.9999999508,Titanium,Ti6A14V,quantum_like,256,256,0.0,3,P1,P1-Ti6A14V_t_zgrub,area,Turning (roughing),t_zgrub,simple
412005.4251483289,2932.855047006961,3004.2986216553054,511800.01551985805,3378.02639502885,3551.4597919526173,3021826.1458019367,35489.60649569244,70976.5955354702,0.05,0.05,409072.5701013219,409001.12652667356,508421.98912482924,508248.5557279054,2986336.5393062443,2950849.550266466,0.0,0.0,/Users/dawid/Library/Mobile Documents/com~apple~CloudDocs/Dokumenty/Publikacje własne/Manuscripts/Quantum_interference/data/P1-Ti6A14V_t_zgrub.sur,511865.99324543815,810.0000000000001,809.0,532.0,655289.9999999508,Titanium,Ti6A14V,hybrid,256,256,0.0,3,P1,P1-Ti6A14V_t_zgrub,area,Turning (roughing),t_zgrub,simple
707.674825841118,207.04189770573768,409.00644899786334,917.0312131160501,258.27993904413785,520.0834351728039,6998.794535667681,7062.439869683003,19334.36500722471,0.05,0.05,500.6329281353804,298.66837684325475,658.7512740719122,396.9477779432462,-63.645334015322014,-12335.570471557028,0.0,0.0,/Users/dawid/Library/Mobile Documents/com~apple~CloudDocs/Dokumenty/Publikacje własne/Manuscripts/Quantum_interference/data/P1-Ti6A14V_wedm_wyk.sur,968.7082471130473,810.0000000000001,809.0,532.0,655289.9999999508,Titanium,Ti6A14V,classical,256,256,0.0,0,P1,P1-Ti6A14V_wedm_wyk,area,Wire EDM (finishing),wedm_wyk,simple
866978.5136706539,207.04189770573768,409.00644899786334,1137980.2551532905,258.27993904413785,520.0834351728039,10130074.96494343,7062.439869683003,19334.36500722471,0.05,0.05,866771.4717729482,866569.507221656,1137721.9752142464,1137460.1717181178,10123012.525073748,10110740.599936204,0.0,0.0,/Users/dawid/Library/Mobile Documents/com~apple~CloudDocs/Dokumenty/Publikacje własne/Manuscripts/Quantum_interference/data/P1-Ti6A14V_wedm_wyk.sur,1137994.7009210386,810.0000000000001,809.0,532.0,655289.9999999508,Titanium,Ti6A14V,quantum_like,256,256,0.0,0,P1,P1-Ti6A14V_wedm_wyk,area,Wire EDM (finishing),wedm_wyk,simple
450972.04916893784,207.04189770573768,409.00644899786334,585095.793691078,258.27993904413785,520.0834351728039,4432651.069433737,7062.439869683003,19334.36500722471,0.05,0.05,450765.00727123214,450563.04271994,584837.5137520338,584575.7102559052,4425588.629564054,4413316.704426512,0.0,0.0,/Users/dawid/Library/Mobile Documents/com~apple~CloudDocs/Dokumenty/Publikacje własne/Manuscripts/Quantum_interference/data/P1-Ti6A14V_wedm_wyk.sur,585128.1712798072,810.0000000000001,809.0,532.0,655289.9999999508,Titanium,Ti6A14V,hybrid,256,256,0.0,0,P1,P1-Ti6A14V_wedm_wyk,area,Wire EDM (finishing),wedm_wyk,simple
709.301169144388,207.04189770573768,409.00644899786334,919.4558457986905,258.27993904413785,520.0834351728039,6756.938597235213,7062.439869683003,19334.36500722471,0.05,0.05,502.25927143865033,300.2947201465247,661.1759067545526,399.3724106258865,-305.50127244779014,-12577.426409989497,0.0,0.0,/Users/dawid/Library/Mobile Documents/com~apple~CloudDocs/Dokumenty/Publikacje własne/Manuscripts/Quantum_interference/data/P1-Ti6A14V_wedm_wyk.sur,969.0997334917781,810.0000000000001,809.0,532.0,655289.9999999508,Titanium,Ti6A14V,classical,256,256,0.0,1,P1,P1-Ti6A14V_wedm_wyk,area,Wire EDM (finishing),wedm_wyk,simple
810977.666617281,207.04189770573768,409.00644899786334,1029177.8403647102,258.27993904413785,520.0834351728039,7882233.54026006,7062.439869683003,19334.36500722471,0.05,0.05,810770.6247195754,810568.6601682833,1028919.560425666,1028657.7569295374,7875171.1003903765,7862899.175252834,0.0,0.0,/Users/dawid/Library/Mobile Documents/com~apple~CloudDocs/Dokumenty/Publikacje własne/Manuscripts/Quantum_interference/data/P1-Ti6A14V_wedm_wyk.sur,1029186.4162809432,810.0000000000001,809.0,532.0,655289.9999999508,Titanium,Ti6A14V,quantum_like,256,256,0.0,1,P1,P1-Ti6A14V_wedm_wyk,area,Wire EDM (finishing),wedm_wyk,simple
474167.1381348321,207.04189770573768,409.00644899786334,573636.2723056085,258.27993904413785,520.0834351728039,3434000.411543533,7062.439869683003,19334.36500722471,0.05,0.05,473960.09623712633,473758.13168583426,573377.9923665643,573116.1888704357,3426937.97167385,3414666.0465363082,0.0,0.0,/Users/dawid/Library/Mobile Documents/com~apple~CloudDocs/Dokumenty/Publikacje własne/Manuscripts/Quantum_interference/data/P1-Ti6A14V_wedm_wyk.sur,573651.1593375499,810.0000000000001,809.0,532.0,655289.9999999508,Titanium,Ti6A14V,hybrid,256,256,0.0,1,P1,P1-Ti6A14V_wedm_wyk,area,Wire EDM (finishing),wedm_wyk,simple
705.4595357233516,207.04189770573768,409.00644899786334,914.1068207621347,258.27993904413785,520.0834351728039,6779.363213402348,7062.439869683003,19334.36500722471,0.05,0.05,498.41763801761385,296.4530867254882,655.8268817179968,394.02338558933076,-283.07665628065496,-12555.001793822361,0.0,0.0,/Users/dawid/Library/Mobile Documents/com~apple~CloudDocs/Dokumenty/Publikacje własne/Manuscripts/Quantum_interference/data/P1-Ti6A14V_wedm_wyk.sur,961.91676920897,810.0000000000001,809.0,532.0,655289.9999999508,Titanium,Ti6A14V,classical,256,256,0.0,2,P1,P1-Ti6A14V_wedm_wyk,area,Wire EDM (finishing),wedm_wyk,simple
798000.1150496005,207.04189770573768,409.00644899786334,1049945.526912565,258.27993904413785,520.0834351728039,9420149.0914115,7062.439869683003,19334.36500722471,0.05,0.05,797793.0731518948,797591.1086006026,1049687.2469735208,1049425.4434773922,9413086.651541816,9400814.726404274,0.0,0.0,/Users/dawid/Library/Mobile Documents/com~apple~CloudDocs/Dokumenty/Publikacje własne/Manuscripts/Quantum_interference/data/P1-Ti6A14V_wedm_wyk.sur,1049925.510165276,810.0000000000001,809.0,532.0,655289.9999999508,Titanium,Ti6A14V,quantum_like,256,256,0.0,2,P1,P1-Ti6A14V_wedm_wyk,area,Wire EDM (finishing),wedm_wyk,simple
394882.6202716095,207.04189770573768,409.00644899786334,505737.8646793725,258.27993904413785,520.0834351728039,3144509.923130084,7062.439869683003,19334.36500722471,0.05,0.05,394675.57837390376,394473.6138226117,505479.5847403284,505217.7812441997,3137447.4832604006,3125175.5581228593,0.0,0.0,/Users/dawid/Library/Mobile Documents/com~apple~CloudDocs/Dokumenty/Publikacje własne/Manuscripts/Quantum_interference/data/P1-Ti6A14V_wedm_wyk.sur,505700.2964917,810.0000000000001,809.0,532.0,655289.9999999508,Titanium,Ti6A14V,hybrid,256,256,0.0,2,P1,P1-Ti6A14V_wedm_wyk,area,Wire EDM (finishing),wedm_wyk,simple
704.2127446762889,207.04189770573768,409.00644899786334,913.2977418971466,258.27993904413785,520.0834351728039,6983.63089526007,7062.439869683003,19334.36500722471,0.05,0.05,497.1708469705512,295.2062956784256,655.0178028530087,393.2143067243427,-78.80897442293343,-12350.73411196464,0.0,0.0,/Users/dawid/Library/Mobile Documents/com~apple~CloudDocs/Dokumenty/Publikacje własne/Manuscripts/Quantum_interference/data/P1-Ti6A14V_wedm_wyk.sur,964.4498762763913,810.0000000000001,809.0,532.0,655289.9999999508,Titanium,Ti6A14V,classical,256,256,0.0,3,P1,P1-Ti6A14V_wedm_wyk,area,Wire EDM (finishing),wedm_wyk,simple
788580.2590830105,207.04189770573768,409.00644899786334,1032037.5692966044,258.27993904413785,520.0834351728039,7818510.473801461,7062.439869683003,19334.36500722471,0.05,0.05,788373.2171853047,788171.2526340126,1031779.2893575603,1031517.4858614316,7811448.033931778,7799176.108794237,0.0,0.0,/Users/dawid/Library/Mobile Documents/com~apple~CloudDocs/Dokumenty/Publikacje własne/Manuscripts/Quantum_interference/data/P1-Ti6A14V_wedm_wyk.sur,1032008.8267719809,810.0000000000001,809.0,532.0,655289.9999999508,Titanium,Ti6A14V,quantum_like,256,256,0.0,3,P1,P1-Ti6A14V_wedm_wyk,area,Wire EDM (finishing),wedm_wyk,simple
432872.8370366667,207.04189770573768,409.00644899786334,545591.9552917487,258.27993904413785,520.0834351728039,4108081.2147778827,7062.439869683003,19334.36500722471,0.05,0.05,432665.79513896094,432463.83058766887,545333.6753527046,545071.871856576,4101018.7749082,4088746.849770658,0.0,0.0,/Users/dawid/Library/Mobile Documents/com~apple~CloudDocs/Dokumenty/Publikacje własne/Manuscripts/Quantum_interference/data/P1-Ti6A14V_wedm_wyk.sur,545535.3640704638,810.0000000000001,809.0,532.0,655289.9999999508,Titanium,Ti6A14V,hybrid,256,256,0.0,3,P1,P1-Ti6A14V_wedm_wyk,area,Wire EDM (finishing),wedm_wyk,simple
671.4922970237243,3566.8007954163995,4401.629858763449,892.6926711762331,4516.990717477603,5552.950033863544,7548.7913077253725,47676.136952479326,73584.54434948617,0.05,0.05,-2895.308498392675,-3730.1375617397252,-3624.298046301369,-4660.257362687312,-40127.34564475395,-66035.75304176079,0.0,0.0,/Users/dawid/Library/Mobile Documents/com~apple~CloudDocs/Dokumenty/Publikacje własne/Manuscripts/Quantum_interference/data/P1-Ti6A14V_wedm_zgru_1prz.sur,4603.58141383693,810.0000000000001,809.0,532.0,655289.9999999508,Titanium,Ti6A14V,classical,256,256,0.0,0,P1,P1-Ti6A14V_wedm_zgru_1prz,area,Wire EDM (roughing),wedm_zgru_1prz,simple
717162.4031602455,3566.8007954163995,4401.629858763449,952109.9925880904,4516.990717477603,5552.950033863544,9003806.692402864,47676.136952479326,73584.54434948617,0.05,0.05,713595.6023648292,712760.7733014821,947593.0018706127,946557.0425542268,8956130.555450385,8930222.148053378,0.0,0.0,/Users/dawid/Library/Mobile Documents/com~apple~CloudDocs/Dokumenty/Publikacje własne/Manuscripts/Quantum_interference/data/P1-Ti6A14V_wedm_zgru_1prz.sur,952107.5712875562,810.0000000000001,809.0,532.0,655289.9999999508,Titanium,Ti6A14V,quantum_like,256,256,0.0,0,P1,P1-Ti6A14V_wedm_zgru_1prz,area,Wire EDM (roughing),wedm_zgru_1prz,simple
407726.6584391685,3566.8007954163995,4401.629858763449,522764.7536813555,4516.990717477603,5552.950033863544,4041798.124429546,47676.136952479326,73584.54434948617,0.05,0.05,404159.85764375207,403325.02858040505,518247.7629638778,517211.8036474919,3994121.987477066,3968213.5800800594,0.0,0.0,/Users/dawid/Library/Mobile Documents/com~apple~CloudDocs/Dokumenty/Publikacje własne/Manuscripts/Quantum_interference/data/P1-Ti6A14V_wedm_zgru_1prz.sur,522851.40130001586,810.0000000000001,809.0,532.0,655289.9999999508,Titanium,Ti6A14V,hybrid,256,256,0.0,0,P1,P1-Ti6A14V_wedm_zgru_1prz,area,Wire EDM (roughing),wedm_zgru_1prz,simple
675.2148596382348,3566.8007954163995,4401.629858763449,895.9447975289161,4516.990717477603,5552.950033863544,7458.791728932441,47676.136952479326,73584.54434948617,0.05,0.05,-2891.5859357781646,-3726.4149991252148,-3621.0459199486863,-4657.0052363346285,-40217.34522354689,-66125.75262055374,0.0,0.0,/Users/dawid/Library/Mobile Documents/com~apple~CloudDocs/Dokumenty/Publikacje własne/Manuscripts/Quantum_interference/data/P1-Ti6A14V_wedm_zgru_1prz.sur,4604.683322875657,810.0000000000001,809.0,532.0,655289.9999999508,Titanium,Ti6A14V,classical,256,256,0.0,1,P1,P1-Ti6A14V_wedm_zgru_1prz,area,Wire EDM (roughing),wedm_zgru_1prz,simple
649663.8572276417,3566.8007954163995,4401.629858763449,851222.9626600553,4516.990717477603,5552.950033863544,7934860.8571466245,47676.136952479326,73584.54434948617,0.05,0.05,646097.0564322253,645262.2273688782,846705.9719425776,845670.0126261917,7887184.720194146,7861276.312797139,0.0,0.0,/Users/dawid/Library/Mobile Documents/com~apple~CloudDocs/Dokumenty/Publikacje własne/Manuscripts/Quantum_interference/data/P1-Ti6A14V_wedm_zgru_1prz.sur,851132.6314429535,810.0000000000001,809.0,532.0,655289.9999999508,Titanium,Ti6A14V,quantum_like,256,256,0.0,1,P1,P1-Ti6A14V_wedm_zgru_1prz,area,Wire EDM (roughing),wedm_zgru_1prz,simple
335258.7758677937,3566.8007954163995,4401.629858763449,436900.519171711,4516.990717477603,5552.950033863544,3241363.608968798,47676.136952479326,73584.54434948617,0.05,0.05,331691.9750723773,330857.1460090302,432383.52845423337,431347.5691378474,3193687.4720163187,3167779.0646193116,0.0,0.0,/Users/dawid/Library/Mobile Documents/com~apple~CloudDocs/Dokumenty/Publikacje własne/Manuscripts/Quantum_interference/data/P1-Ti6A14V_wedm_zgru_1prz.sur,436792.0971210112,810.0000000000001,809.0,532.0,655289.9999999508,Titanium,Ti6A14V,hybrid,256,256,0.0,1,P1,P1-Ti6A14V_wedm_zgru_1prz,area,Wire EDM (roughing),wedm_zgru_1prz,simple
670.9409899678757,3566.8007954163995,4401.629858763449,890.9288977036764,4516.990717477603,5552.950033863544,7344.669453466185,47676.136952479326,73584.54434948617,0.05,0.05,-2895.8598054485237,-3730.6888687955734,-3626.061819773926,-4662.021136159869,-40331.467499013146,-66239.87489601999,0.0,0.0,/Users/dawid/Library/Mobile Documents/com~apple~CloudDocs/Dokumenty/Publikacje własne/Manuscripts/Quantum_interference/data/P1-Ti6A14V_wedm_zgru_1prz.sur,4602.189496287374,810.0000000000001,809.0,532.0,655289.9999999508,Titanium,Ti6A14V,classical,256,256,0.0,2,P1,P1-Ti6A14V_wedm_zgru_1prz,area,Wire EDM (roughing),wedm_zgru_1prz,simple
685023.1668251009,3566.8007954163995,4401.629858763449,900872.1626250942,4516.990717477603,5552.950033863544,7034193.548336245,47676.136952479326,73584.54434948617,0.05,0.05,681456.3660296845,680621.5369663375,896355.1719076165,895319.2125912306,6986517.411383766,6960609.003986759,0.0,0.0,/Users/dawid/Library/Mobile Documents/com~apple~CloudDocs/Dokumenty/Publikacje własne/Manuscripts/Quantum_interference/data/P1-Ti6A14V_wedm_zgru_1prz.sur,900773.7411788844,810.0000000000001,809.0,532.0,655289.9999999508,Titanium,Ti6A14V,quantum_like,256,256,0.0,2,P1,P1-Ti6A14V_wedm_zgru_1prz,area,Wire EDM (roughing),wedm_zgru_1prz,simple
327185.4810196707,3566.8007954163995,4401.629858763449,422383.0020206758,4516.990717477603,5552.950033863544,3436906.2539806664,47676.136952479326,73584.54434948617,0.05,0.05,323618.6802242543,322783.85116090724,417866.01130319823,416830.05198681226,3389230.117028187,3363321.70963118,0.0,0.0,/Users/dawid/Library/Mobile Documents/com~apple~CloudDocs/Dokumenty/Publikacje własne/Manuscripts/Quantum_interference/data/P1-Ti6A14V_wedm_zgru_1prz.sur,422282.6506926437,810.0000000000001,809.0,532.0,655289.9999999508,Titanium,Ti6A14V,hybrid,256,256,0.0,2,P1,P1-Ti6A14V_wedm_zgru_1prz,area,Wire EDM (roughing),wedm_zgru_1prz,simple
676.5390905972245,3566.8007954163995,4401.629858763449,895.2223347490994,4516.990717477603,5552.950033863544,7392.514550100458,47676.136952479326,73584.54434948617,0.05,0.05,-2890.261704819175,-3725.0907681662247,-3621.768382728503,-4657.727699114445,-40283.62240237887,-66192.02979938571,0.0,0.0,/Users/dawid/Library/Mobile Documents/com~apple~CloudDocs/Dokumenty/Publikacje własne/Manuscripts/Quantum_interference/data/P1-Ti6A14V_wedm_zgru_1prz.sur,4603.277928678542,810.0000000000001,809.0,532.0,655289.9999999508,Titanium,Ti6A14V,classical,256,256,0.0,3,P1,P1-Ti6A14V_wedm_zgru_1prz,area,Wire EDM (roughing),wedm_zgru_1prz,simple
730123.2664165708,3566.8007954163995,4401.629858763449,964512.646564106,4516.990717477603,5552.950033863544,7325799.872976375,47676.136952479326,73584.54434948617,0.05,0.05,726556.4656211543,725721.6365578072,959995.6558466284,958959.6965302425,7278123.7360238945,7252215.328626888,0.0,0.0,/Users/dawid/Library/Mobile Documents/com~apple~CloudDocs/Dokumenty/Publikacje własne/Manuscripts/Quantum_interference/data/P1-Ti6A14V_wedm_zgru_1prz.sur,964480.0777670791,810.0000000000001,809.0,532.0,655289.9999999508,Titanium,Ti6A14V,quantum_like,256,256,0.0,3,P1,P1-Ti6A14V_wedm_zgru_1prz,area,Wire EDM (roughing),wedm_zgru_1prz,simple
403227.33175924857,3566.8007954163995,4401.629858763449,515275.63166369696,4516.990717477603,5552.950033863544,3394725.123373961,47676.136952479326,73584.54434948617,0.05,0.05,399660.53096383216,398825.7019004851,510758.6409462193,509722.6816298334,3347048.9864214817,3321140.579024475,0.0,0.0,/Users/dawid/Library/Mobile Documents/com~apple~CloudDocs/Dokumenty/Publikacje własne/Manuscripts/Quantum_interference/data/P1-Ti6A14V_wedm_zgru_1prz.sur,515220.81354094483,810.0000000000001,809.0,532.0,655289.9999999508,Titanium,Ti6A14V,hybrid,256,256,0.0,3,P1,P1-Ti6A14V_wedm_zgru_1prz,area,Wire EDM (roughing),wedm_zgru_1prz,simple
480.95576058735503,301.41656181188597,313.44194181447756,606.5747525668414,434.7065418322733,820.2161239650844,5853.835692314674,8952.504640216148,41617.377154131675,0.05,0.05,179.53919877546906,167.51381877287753,171.86821073456807,-213.64137139824302,-3098.668947901475,-35763.541461817,0.0,0.0,/Users/dawid/Library/Mobile Documents/com~apple~CloudDocs/Dokumenty/Publikacje własne/Manuscripts/Quantum_interference/data/Ti_oselkowane.sur,725.0803629654145,810.0000000000001,809.0,532.0,655289.9999999508,Titanium,Ti,classical,256,256,0.0,0,,Ti_oselkowane,area,Honed,oselkowane,simple
756071.6779142212,301.41656181188597,313.44194181447756,988683.3178376381,434.7065418322733,820.2161239650844,7694036.164675528,8952.504640216148,41617.377154131675,0.05,0.05,755770.2613524093,755758.2359724067,988248.6112958058,987863.1017136731,7685083.660035311,7652418.787521397,0.0,0.0,/Users/dawid/Library/Mobile Documents/com~apple~CloudDocs/Dokumenty/Publikacje własne/Manuscripts/Quantum_interference/data/Ti_oselkowane.sur,988632.5608963228,810.0000000000001,809.0,532.0,655289.9999999508,Titanium,Ti,quantum_like,256,256,0.0,0,,Ti_oselkowane,area,Honed,oselkowane,simple
350456.2683195452,301.41656181188597,313.44194181447756,456102.12050384685,434.7065418322733,820.2161239650844,3063785.4493377125,8952.504640216148,41617.377154131675,0.05,0.05,350154.8517577333,350142.82637773076,455667.4139620146,455281.9043798818,3054832.944697496,3022168.0721835806,0.0,0.0,/Users/dawid/Library/Mobile Documents/com~apple~CloudDocs/Dokumenty/Publikacje własne/Manuscripts/Quantum_interference/data/Ti_oselkowane.sur,455991.2545508823,810.0000000000001,809.0,532.0,655289.9999999508,Titanium,Ti,hybrid,256,256,0.0,0,,Ti_oselkowane,area,Honed,oselkowane,simple
482.31085638707077,301.41656181188597,313.44194181447756,608.8161942829115,434.7065418322733,820.2161239650844,5869.367337974065,8952.504640216148,41617.377154131675,0.05,0.05,180.8942945751848,168.86891457259324,174.10965245063824,-211.39992968217285,-3083.137302242084,-35748.00981615761,0.0,0.0,/Users/dawid/Library/Mobile Documents/com~apple~CloudDocs/Dokumenty/Publikacje własne/Manuscripts/Quantum_interference/data/Ti_oselkowane.sur,726.9968722387804,810.0000000000001,809.0,532.0,655289.9999999508,Titanium,Ti,classical,256,256,0.0,1,,Ti_oselkowane,area,Honed,oselkowane,simple
767276.8428587362,301.41656181188597,313.44194181447756,997373.5403476642,434.7065418322733,820.2161239650844,7745831.342269214,8952.504640216148,41617.377154131675,0.05,0.05,766975.4262969242,766963.4009169217,996938.8338058318,996553.3242236992,7736878.837628998,7704213.965115082,0.0,0.0,/Users/dawid/Library/Mobile Documents/com~apple~CloudDocs/Dokumenty/Publikacje własne/Manuscripts/Quantum_interference/data/Ti_oselkowane.sur,997436.9740467161,810.0000000000001,809.0,532.0,655289.9999999508,Titanium,Ti,quantum_like,256,256,0.0,1,,Ti_oselkowane,area,Honed,oselkowane,simple
441594.02089665364,301.41656181188597,313.44194181447756,553851.5035021197,434.7065418322733,820.2161239650844,3960868.7778438632,8952.504640216148,41617.377154131675,0.05,0.05,441292.6043348418,441280.5789548392,553416.7969602874,553031.2873781546,3951916.2732036468,3919251.400689732,0.0,0.0,/Users/dawid/Library/Mobile Documents/com~apple~CloudDocs/Dokumenty/Publikacje własne/Manuscripts/Quantum_interference/data/Ti_oselkowane.sur,553964.8100769207,810.0000000000001,809.0,532.0,655289.9999999508,Titanium,Ti,hybrid,256,256,0.0,1,,Ti_oselkowane,area,Honed,oselkowane,simple
481.8293339551281,301.41656181188597,313.44194181447756,607.5179640903216,434.7065418322733,820.2161239650844,5597.486652338813,8952.504640216148,41617.377154131675,0.05,0.05,180.4127721432421,168.38739214065058,172.8114222580483,-212.69815987476278,-3355.0179878773356,-36019.89050179286,0.0,0.0,/Users/dawid/Library/Mobile Documents/com~apple~CloudDocs/Dokumenty/Publikacje własne/Manuscripts/Quantum_interference/data/Ti_oselkowane.sur,724.8027846167407,810.0000000000001,809.0,532.0,655289.9999999508,Titanium,Ti,classical,256,256,0.0,2,,Ti_oselkowane,area,Honed,oselkowane,simple
718425.0515936313,301.41656181188597,313.44194181447756,944932.0796243021,434.7065418322733,820.2161239650844,7107988.965216044,8952.504640216148,41617.377154131675,0.05,0.05,718123.6350318193,718111.6096518168,944497.3730824697,944111.863500337,7099036.460575828,7066371.588061913,0.0,0.0,/Users/dawid/Library/Mobile Documents/com~apple~CloudDocs/Dokumenty/Publikacje własne/Manuscripts/Quantum_interference/data/Ti_oselkowane.sur,944924.6235256592,810.0000000000001,809.0,532.0,655289.9999999508,Titanium,Ti,quantum_like,256,256,0.0,2,,Ti_oselkowane,area,Honed,oselkowane,simple
326263.9366799231,301.41656181188597,313.44194181447756,421747.4418391017,434.7065418322733,820.2161239650844,3170343.7712227837,8952.504640216148,41617.377154131675,0.05,0.05,325962.5201181112,325950.49473810865,421312.7352972694,420927.2257151366,3161391.2665825677,3128726.3940686523,0.0,0.0,/Users/dawid/Library/Mobile Documents/com~apple~CloudDocs/Dokumenty/Publikacje własne/Manuscripts/Quantum_interference/data/Ti_oselkowane.sur,421718.4024152791,810.0000000000001,809.0,532.0,655289.9999999508,Titanium,Ti,hybrid,256,256,0.0,2,,Ti_oselkowane,area,Honed,oselkowane,simple
482.99663146419863,301.41656181188597,313.44194181447756,608.3423401882418,434.7065418322733,820.2161239650844,5599.434604614052,8952.504640216148,41617.377154131675,0.05,0.05,181.5800696523127,169.55468964972113,173.63579835596846,-211.87378377684263,-3353.0700356020966,-36017.94254951762,0.0,0.0,/Users/dawid/Library/Mobile Documents/com~apple~CloudDocs/Dokumenty/Publikacje własne/Manuscripts/Quantum_interference/data/Ti_oselkowane.sur,726.6516177934817,810.0000000000001,809.0,532.0,655289.9999999508,Titanium,Ti,classical,256,256,0.0,3,,Ti_oselkowane,area,Honed,oselkowane,simple
761492.7958626352,301.41656181188597,313.44194181447756,999320.4724645425,434.7065418322733,820.2161239650844,9193363.911002208,8952.504640216148,41617.377154131675,0.05,0.05,761191.3793008233,761179.3539208208,998885.7659227102,998500.2563405775,9184411.406361992,9151746.533848075,0.0,0.0,/Users/dawid/Library/Mobile Documents/com~apple~CloudDocs/Dokumenty/Publikacje własne/Manuscripts/Quantum_interference/data/Ti_oselkowane.sur,999330.6646462217,810.0000000000001,809.0,532.0,655289.9999999508,Titanium,Ti,quantum_like,256,256,0.0,3,,Ti_oselkowane,area,Honed,oselkowane,simple
337386.3227677399,301.41656181188597,313.44194181447756,441339.52648472076,434.7065418322733,820.2161239650844,3220411.404291701,8952.504640216148,41617.377154131675,0.05,0.05,337084.906205928,337072.88082592544,440904.81994288845,440519.31036075565,3211458.8996514846,3178794.0271375696,0.0,0.0,/Users/dawid/Library/Mobile Documents/com~apple~CloudDocs/Dokumenty/Publikacje własne/Manuscripts/Quantum_interference/data/Ti_oselkowane.sur,441375.8468704813,810.0000000000001,809.0,532.0,655289.9999999508,Titanium,Ti,hybrid,256,256,0.0,3,,Ti_oselkowane,area,Honed,oselkowane,simple
672.5707026682336,352.99595449299903,362.86787323690766,877.1035592952333,437.7957437668097,450.1454615793234,7663.5270315077005,2797.1289201102377,5483.871984749424,0.05,0.05,319.5747481752345,309.7028294313259,439.30781552842353,426.95809771590984,4866.398111397462,2179.655046758276,0.0,0.0,/Users/dawid/Library/Mobile Documents/com~apple~CloudDocs/Dokumenty/Publikacje własne/Manuscripts/Quantum_interference/data/Ti_szkielkowane.sur,937.0566935317498,810.0000000000001,809.0,532.0,655289.9999999508,Titanium,Ti,classical,256,256,0.0,0,,Ti_szkielkowane,area,Glass bead blasted,szkielkowane,simple
812011.1780706403,352.99595449299903,362.86787323690766,1064480.944497341,437.7957437668097,450.1454615793234,8938478.494467974,2797.1289201102377,5483.871984749424,0.05,0.05,811658.1821161472,811648.3101974034,1064043.1487535744,1064030.7990357617,8935681.365547864,8932994.622483224,0.0,0.0,/Users/dawid/Library/Mobile Documents/com~apple~CloudDocs/Dokumenty/Publikacje własne/Manuscripts/Quantum_interference/data/Ti_szkielkowane.sur,1064514.0358105781,810.0000000000001,809.0,532.0,655289.9999999508,Titanium,Ti,quantum_like,256,256,0.0,0,,Ti_szkielkowane,area,Glass bead blasted,szkielkowane,simple
428144.639849993,352.99595449299903,362.86787323690766,528197.6540850694,437.7957437668097,450.1454615793234,3684774.363413216,2797.1289201102377,5483.871984749424,0.05,0.05,427791.64389550005,427781.7719767561,527759.8583413026,527747.5086234901,3681977.2344931057,3679290.491428467,0.0,0.0,/Users/dawid/Library/Mobile Documents/com~apple~CloudDocs/Dokumenty/Publikacje własne/Manuscripts/Quantum_interference/data/Ti_szkielkowane.sur,528264.7261192624,810.0000000000001,809.0,532.0,655289.9999999508,Titanium,Ti,hybrid,256,256,0.0,0,,Ti_szkielkowane,area,Glass bead blasted,szkielkowane,simple
671.2447695441465,352.99595449299903,362.86787323690766,876.7406671123796,437.7957437668097,450.1454615793234,7665.301371618616,2797.1289201102377,5483.871984749424,0.05,0.05,318.2488150511474,308.3768963072388,438.94492334556986,426.5952055330562,4868.172451508379,2181.4293868691916,0.0,0.0,/Users/dawid/Library/Mobile Documents/com~apple~CloudDocs/Dokumenty/Publikacje własne/Manuscripts/Quantum_interference/data/Ti_szkielkowane.sur,937.2484761804936,810.0000000000001,809.0,532.0,655289.9999999508,Titanium,Ti,classical,256,256,0.0,1,,Ti_szkielkowane,area,Glass bead blasted,szkielkowane,simple
889110.8242533744,352.99595449299903,362.86787323690766,1130544.35772796,437.7957437668097,450.1454615793234,8865193.252495212,2797.1289201102377,5483.871984749424,0.05,0.05,888757.8282988813,888747.9563801375,1130106.5619841933,1130094.2122663807,8862396.123575103,8859709.380510464,0.0,0.0,/Users/dawid/Library/Mobile Documents/com~apple~CloudDocs/Dokumenty/Publikacje własne/Manuscripts/Quantum_interference/data/Ti_szkielkowane.sur,1130429.1416293092,810.0000000000001,809.0,532.0,655289.9999999508,Titanium,Ti,quantum_like,256,256,0.0,1,,Ti_szkielkowane,area,Glass bead blasted,szkielkowane,simple
600315.9167443777,352.99595449299903,362.86787323690766,740726.3703451074,437.7957437668097,450.1454615793234,4795795.007416168,2797.1289201102377,5483.871984749424,0.05,0.05,599962.9207898846,599953.0488711408,740288.5746013406,740276.2248835281,4792997.878496058,4790311.135431419,0.0,0.0,/Users/dawid/Library/Mobile Documents/com~apple~CloudDocs/Dokumenty/Publikacje własne/Manuscripts/Quantum_interference/data/Ti_szkielkowane.sur,740551.1001315056,810.0000000000001,809.0,532.0,655289.9999999508,Titanium,Ti,hybrid,256,256,0.0,1,,Ti_szkielkowane,area,Glass bead blasted,szkielkowane,simple
668.0592719582817,352.99595449299903,362.86787323690766,875.0455953112169,437.7957437668097,450.1454615793234,7657.556734393018,2797.1289201102377,5483.871984749424,0.05,0.05,315.06331746528264,305.191398721374,437.2498515444071,424.90013373189345,4860.42781428278,2173.684749643593,0.0,0.0,/Users/dawid/Library/Mobile Documents/com~apple~CloudDocs/Dokumenty/Publikacje własne/Manuscripts/Quantum_interference/data/Ti_szkielkowane.sur,934.4990514229291,810.0000000000001,809.0,532.0,655289.9999999508,Titanium,Ti,classical,256,256,0.0,2,,Ti_szkielkowane,area,Glass bead blasted,szkielkowane,simple
799712.6390511364,352.99595449299903,362.86787323690766,1047556.217251845,437.7957437668097,450.1454615793234,9077571.59559542,2797.1289201102377,5483.871984749424,0.05,0.05,799359.6430966434,799349.7711778996,1047118.4215080783,1047106.0717902657,9074774.46667531,9072087.723610671,0.0,0.0,/Users/dawid/Library/Mobile Documents/com~apple~CloudDocs/Dokumenty/Publikacje własne/Manuscripts/Quantum_interference/data/Ti_szkielkowane.sur,1047632.481851279,810.0000000000001,809.0,532.0,655289.9999999508,Titanium,Ti,quantum_like,256,256,0.0,2,,Ti_szkielkowane,area,Glass bead blasted,szkielkowane,simple
474729.7039005515,352.99595449299903,362.86787323690766,595231.6443892763,437.7957437668097,450.1454615793234,4537792.947296263,2797.1289201102377,5483.871984749424,0.05,0.05,474376.7079460585,474366.83602731454,594793.8486455095,594781.498927697,4534995.818376153,4532309.075311513,0.0,0.0,/Users/dawid/Library/Mobile Documents/com~apple~CloudDocs/Dokumenty/Publikacje własne/Manuscripts/Quantum_interference/data/Ti_szkielkowane.sur,595365.1820783456,810.0000000000001,809.0,532.0,655289.9999999508,Titanium,Ti,hybrid,256,256,0.0,2,,Ti_szkielkowane,area,Glass bead blasted,szkielkowane,simple
671.0016328360231,352.99595449299903,362.86787323690766,878.4283056560683,437.7957437668097,450.1454615793234,7666.85246173781,2797.1289201102377,5483.871984749424,0.05,0.05,318.00567834302404,308.1337595991154,440.63256188925857,428.2828440767449,4869.723541627573,2182.980476988386,0.0,0.0,/Users/dawid/Library/Mobile Documents/com~apple~CloudDocs/Dokumenty/Publikacje własne/Manuscripts/Quantum_interference/data/Ti_szkielkowane.sur,938.8403438277339,810.0000000000001,809.0,532.0,655289.9999999508,Titanium,Ti,classical,256,256,0.0,3,,Ti_szkielkowane,area,Glass bead blasted,szkielkowane,simple
691046.9118064109,352.99595449299903,362.86787323690766,934917.6450164336,437.7957437668097,450.1454615793234,8773081.952639876,2797.1289201102377,5483.871984749424,0.05,0.05,690693.9158519178,690684.043933174,934479.8492726667,934467.4995548542,8770284.823719766,8767598.080655126,0.0,0.0,/Users/dawid/Library/Mobile Documents/com~apple~CloudDocs/Dokumenty/Publikacje własne/Manuscripts/Quantum_interference/data/Ti_szkielkowane.sur,934919.8117474713,810.0000000000001,809.0,532.0,655289.9999999508,Titanium,Ti,quantum_like,256,256,0.0,3,,Ti_szkielkowane,area,Glass bead blasted,szkielkowane,simple
377614.3320211019,352.99595449299903,362.86787323690766,480021.2441755469,437.7957437668097,450.1454615793234,3452976.6635082015,2797.1289201102377,5483.871984749424,0.05,0.05,377261.3360666089,377251.46414786496,479583.4484317801,479571.0987139676,3450179.534588091,3447492.7915234524,0.0,0.0,/Users/dawid/Library/Mobile Documents/com~apple~CloudDocs/Dokumenty/Publikacje własne/Manuscripts/Quantum_interference/data/Ti_szkielkowane.sur,480025.5513207989,810.0000000000001,809.0,532.0,655289.9999999508,Titanium,Ti,hybrid,256,256,0.0,3,,Ti_szkielkowane,area,Glass bead blasted,szkielkowane,simple
672.5844730100423,260.9508386001499,269.0687259091993,887.1810302028969,320.8989163140508,332.064684239527,8553.451317479663,2168.8333199346725,3640.405667431295,0.05,0.05,411.63363440989247,403.515747100843,566.2821138888461,555.1163459633699,6384.61799754499,4913.045650048368,0.0,0.0,/Users/dawid/Library/Mobile Documents/com~apple~CloudDocs/Dokumenty/Publikacje własne/Manuscripts/Quantum_interference/data/Ti_szlifowane.sur,901.3780709043183,810.0000000000001,809.0,532.0,655289.9999999508,Titanium,Ti,classical,256,256,0.0,0,,Ti_szlifowane,area,Grinding,szlifowane,simple
910100.9111645699,260.9508386001499,269.0687259091993,1150896.2129277396,320.8989163140508,332.064684239527,8771627.351076974,2168.8333199346725,3640.405667431295,0.05,0.05,909839.9603259698,909831.8424386608,1150575.3140114257,1150564.1482435002,8769458.51775704,8767986.945409542,0.0,0.0,/Users/dawid/Library/Mobile Documents/com~apple~CloudDocs/Dokumenty/Publikacje własne/Manuscripts/Quantum_interference/data/Ti_szlifowane.sur,1150966.584264598,810.0000000000001,809.0,532.0,655289.9999999508,Titanium,Ti,quantum_like,256,256,0.0,0,,Ti_szlifowane,area,Grinding,szlifowane,simple
628434.8532429121,260.9508386001499,269.0687259091993,752329.4520882204,320.8989163140508,332.064684239527,4339019.252419489,2168.8333199346725,3640.405667431295,0.05,0.05,628173.9024043119,628165.7845170029,752008.5531719064,751997.3874039808,4336850.419099554,4335378.846752058,0.0,0.0,/Users/dawid/Library/Mobile Documents/com~apple~CloudDocs/Dokumenty/Publikacje własne/Manuscripts/Quantum_interference/data/Ti_szlifowane.sur,752436.5517989759,810.0000000000001,809.0,532.0,655289.9999999508,Titanium,Ti,hybrid,256,256,0.0,0,,Ti_szlifowane,area,Grinding,szlifowane,simple
662.030649222657,260.9508386001499,269.0687259091993,875.8046626098122,320.8989163140508,332.064684239527,8069.774985090553,2168.8333199346725,3640.405667431295,0.05,0.05,401.0798106225071,392.96192331345765,554.9057462957616,543.7399783702853,5900.94166515588,4429.369317659259,0.0,0.0,/Users/dawid/Library/Mobile Documents/com~apple~CloudDocs/Dokumenty/Publikacje własne/Manuscripts/Quantum_interference/data/Ti_szlifowane.sur,891.0089217747945,810.0000000000001,809.0,532.0,655289.9999999508,Titanium,Ti,classical,256,256,0.0,1,,Ti_szlifowane,area,Grinding,szlifowane,simple
798379.4923164205,260.9508386001499,269.0687259091993,1048292.7781140899,320.8989163140508,332.064684239527,9066973.092657434,2168.8333199346725,3640.405667431295,0.05,0.05,798118.5414778205,798110.4235905114,1047971.8791977757,1047960.7134298503,9064804.2593375,9063332.686990004,0.0,0.0,/Users/dawid/Library/Mobile Documents/com~apple~CloudDocs/Dokumenty/Publikacje własne/Manuscripts/Quantum_interference/data/Ti_szlifowane.sur,1048287.0374947144,810.0000000000001,809.0,532.0,655289.9999999508,Titanium,Ti,quantum_like,256,256,0.0,1,,Ti_szlifowane,area,Grinding,szlifowane,simple
418099.30638150417,260.9508386001499,269.0687259091993,523944.8713598144,320.8989163140508,332.064684239527,3578122.1097980696,2168.8333199346725,3640.405667431295,0.05,0.05,417838.355542904,417830.23765559494,523623.97244350036,523612.80667557486,3575953.276478135,3574481.7041306384,0.0,0.0,/Users/dawid/Library/Mobile Documents/com~apple~CloudDocs/Dokumenty/Publikacje własne/Manuscripts/Quantum_interference/data/Ti_szlifowane.sur,523932.97541418864,810.0000000000001,809.0,532.0,655289.9999999508,Titanium,Ti,hybrid,256,256,0.0,1,,Ti_szlifowane,area,Grinding,szlifowane,simple
669.3565137670731,260.9508386001499,269.0687259091993,884.6671421676843,320.8989163140508,332.064684239527,8322.947643222102,2168.8333199346725,3640.405667431295,0.05,0.05,408.4056751669233,400.2877878578738,563.7682258536336,552.6024579281574,6154.114323287429,4682.541975790807,0.0,0.0,/Users/dawid/Library/Mobile Documents/com~apple~CloudDocs/Dokumenty/Publikacje własne/Manuscripts/Quantum_interference/data/Ti_szlifowane.sur,900.382160543938,810.0000000000001,809.0,532.0,655289.9999999508,Titanium,Ti,classical,256,256,0.0,2,,Ti_szlifowane,area,Grinding,szlifowane,simple
891230.4856476457,260.9508386001499,269.0687259091993,1135954.6746379698,320.8989163140508,332.064684239527,8921811.201594653,2168.8333199346725,3640.405667431295,0.05,0.05,890969.5348090456,890961.4169217366,1135633.7757216557,1135622.6099537304,8919642.368274719,8918170.795927221,0.0,0.0,/Users/dawid/Library/Mobile Documents/com~apple~CloudDocs/Dokumenty/Publikacje własne/Manuscripts/Quantum_interference/data/Ti_szlifowane.sur,1135902.6961751021,810.0000000000001,809.0,532.0,655289.9999999508,Titanium,Ti,quantum_like,256,256,0.0,2,,Ti_szlifowane,area,Grinding,szlifowane,simple
617534.9259620014,260.9508386001499,269.0687259091993,740147.4407447419,320.8989163140508,332.064684239527,4544972.881238702,2168.8333199346725,3640.405667431295,0.05,0.05,617273.9751234013,617265.8572360922,739826.5418284279,739815.3760605024,4542804.047918767,4541332.47557127,0.0,0.0,/Users/dawid/Library/Mobile Documents/com~apple~CloudDocs/Dokumenty/Publikacje własne/Manuscripts/Quantum_interference/data/Ti_szlifowane.sur,740067.3813123791,810.0000000000001,809.0,532.0,655289.9999999508,Titanium,Ti,hybrid,256,256,0.0,2,,Ti_szlifowane,area,Grinding,szlifowane,simple
669.5306716781276,260.9508386001499,269.0687259091993,888.291124898282,320.8989163140508,332.064684239527,8564.116231242959,2168.8333199346725,3640.405667431295,0.05,0.05,408.5798330779778,400.46194576892833,567.3922085842312,556.226440658755,6395.282911308287,4923.7105638116645,0.0,0.0,/Users/dawid/Library/Mobile Documents/com~apple~CloudDocs/Dokumenty/Publikacje własne/Manuscripts/Quantum_interference/data/Ti_szlifowane.sur,903.5492513951361,810.0000000000001,809.0,532.0,655289.9999999508,Titanium,Ti,classical,256,256,0.0,3,,Ti_szlifowane,area,Grinding,szlifowane,simple
796937.5665432137,260.9508386001499,269.0687259091993,1038206.4845799055,320.8989163140508,332.064684239527,8355989.46036353,2168.8333199346725,3640.405667431295,0.05,0.05,796676.6157046135,796668.4978173045,1037885.5856635915,1037874.4198956661,8353820.627043596,8352349.054696099,0.0,0.0,/Users/dawid/Library/Mobile Documents/com~apple~CloudDocs/Dokumenty/Publikacje własne/Manuscripts/Quantum_interference/data/Ti_szlifowane.sur,1038216.3735911387,810.0000000000001,809.0,532.0,655289.9999999508,Titanium,Ti,quantum_like,256,256,0.0,3,,Ti_szlifowane,area,Grinding,szlifowane,simple
407902.5586201287,260.9508386001499,269.0687259091993,511292.08818870166,320.8989163140508,332.064684239527,3245560.211738837,2168.8333199346725,3640.405667431295,0.05,0.05,407641.6077815286,407633.48989421956,510971.18927238765,510960.02350446215,3243391.378418902,3241919.8060714058,0.0,0.0,/Users/dawid/Library/Mobile Documents/com~apple~CloudDocs/Dokumenty/Publikacje własne/Manuscripts/Quantum_interference/data/Ti_szlifowane.sur,511313.844619289,810.0000000000001,809.0,532.0,655289.9999999508,Titanium,Ti,hybrid,256,256,0.0,3,,Ti_szlifowane,area,Grinding,szlifowane,simple
