Sa_est_nm,Sa_true_bw_nm,Sa_true_nm,Sq_est_nm,Sq_true_bw_nm,Sq_true_nm,Sz_est_nm,Sz_true_bw_nm,Sz_true_nm,amplitude_drift_frac,background_drift_frac,bias_Sa_bw_nm,bias_Sa_nm,bias_Sq_bw_nm,bias_Sq_nm,bias_Sz_bw_nm,bias_Sz_nm,deadtime1_s,deadtime2_s,file,height_rmse_nm,lambda1_nm,lambda2_nm,lambda_class_nm,lambda_eff_nm,material,material_code,method,nx,ny,phase_step_sigma_deg,rep,sample_group,stem,sur_resample,treatment,treatment_code,unwrap_method
685.1529421486972,364.8550085944905,382.78488492918075,891.369255418223,522.5751367826276,924.2360826616774,7048.311907903353,12115.076009263661,44222.947324976805,0.0,0.0,320.2979335542066,302.3680572195164,368.79411863559545,-32.866827243454296,-5066.764101360307,-37174.63541707345,0.0,0.0,/Users/dawid/Library/Mobile Documents/com~apple~CloudDocs/Dokumenty/Publikacje własne/Manuscripts/Quantum_interference/data/1.4301_oselkowane.sur,1040.5896565505154,810.0000000000001,809.0,532.0,655289.9999999508,Stainless steel 1.4301 (AISI 304),1.4301,classical,256,256,3.0000000000000004,0,,1.4301_oselkowane,area,Honed,oselkowane,simple
675.5714650451403,364.8550085944905,382.78488492918075,875.0800054889412,522.5751367826276,924.2360826616774,15545.500322685075,12115.076009263661,44222.947324976805,0.0,0.0,310.71645645064973,292.7865801159595,352.5048687063136,-49.156077172736175,3430.424313421414,-28677.447002291727,0.0,0.0,/Users/dawid/Library/Mobile Documents/com~apple~CloudDocs/Dokumenty/Publikacje własne/Manuscripts/Quantum_interference/data/1.4301_oselkowane.sur,704.1260754357553,810.0000000000001,809.0,532.0,655289.9999999508,Stainless steel 1.4301 (AISI 304),1.4301,quantum_like,256,256,3.0000000000000004,0,,1.4301_oselkowane,area,Honed,oselkowane,simple
351.9075255211138,364.8550085944905,382.78488492918075,460.05973452075864,522.5751367826276,924.2360826616774,6876.940270690715,12115.076009263661,44222.947324976805,0.0,0.0,-12.947483073376713,-30.877359408066933,-62.51540226186897,-464.1763481409187,-5238.135738572945,-37346.007054286085,0.0,0.0,/Users/dawid/Library/Mobile Documents/com~apple~CloudDocs/Dokumenty/Publikacje własne/Manuscripts/Quantum_interference/data/1.4301_oselkowane.sur,272.55210352538916,810.0000000000001,809.0,532.0,655289.9999999508,Stainless steel 1.4301 (AISI 304),1.4301,hybrid,256,256,3.0000000000000004,0,,1.4301_oselkowane,area,Honed,oselkowane,simple
685.2145530675103,364.8550085944905,382.78488492918075,888.8912868384767,522.5751367826276,924.2360826616774,7034.149999781421,12115.076009263661,44222.947324976805,0.0,0.0,320.35954447301975,302.42966813832953,366.31615005584916,-35.34479582320059,-5080.926009482239,-37188.79732519538,0.0,0.0,/Users/dawid/Library/Mobile Documents/com~apple~CloudDocs/Dokumenty/Publikacje własne/Manuscripts/Quantum_interference/data/1.4301_oselkowane.sur,1039.3466326543737,810.0000000000001,809.0,532.0,655289.9999999508,Stainless steel 1.4301 (AISI 304),1.4301,classical,256,256,3.0000000000000004,1,,1.4301_oselkowane,area,Honed,oselkowane,simple
685.7069688063016,364.8550085944905,382.78488492918075,886.701692503173,522.5751367826276,924.2360826616774,15268.51147055072,12115.076009263661,44222.947324976805,0.0,0.0,320.85196021181105,302.9220838771208,364.1265557205454,-37.53439015850431,3153.43546128706,-28954.435854426083,0.0,0.0,/Users/dawid/Library/Mobile Documents/com~apple~CloudDocs/Dokumenty/Publikacje własne/Manuscripts/Quantum_interference/data/1.4301_oselkowane.sur,713.286718687897,810.0000000000001,809.0,532.0,655289.9999999508,Stainless steel 1.4301 (AISI 304),1.4301,quantum_like,256,256,3.0000000000000004,1,,1.4301_oselkowane,area,Honed,oselkowane,simple
356.8868701017151,364.8550085944905,382.78488492918075,465.29962315269097,522.5751367826276,924.2360826616774,7132.853964682273,12115.076009263661,44222.947324976805,0.0,0.0,-7.968138492775452,-25.898014827465676,-57.275513629936675,-458.9364595089864,-4982.222044581387,-37090.09336029453,0.0,0.0,/Users/dawid/Library/Mobile Documents/com~apple~CloudDocs/Dokumenty/Publikacje własne/Manuscripts/Quantum_interference/data/1.4301_oselkowane.sur,274.3002950586698,810.0000000000001,809.0,532.0,655289.9999999508,Stainless steel 1.4301 (AISI 304),1.4301,hybrid,256,256,3.0000000000000004,1,,1.4301_oselkowane,area,Honed,oselkowane,simple
683.9539180458663,364.8550085944905,382.78488492918075,889.5885520431988,522.5751367826276,924.2360826616774,7000.901087640376,12115.076009263661,44222.947324976805,0.0,0.0,319.0989094513758,301.16903311668557,367.01341526057115,-34.64753061847857,-5114.174921623284,-37222.04623733643,0.0,0.0,/Users/dawid/Library/Mobile Documents/com~apple~CloudDocs/Dokumenty/Publikacje własne/Manuscripts/Quantum_interference/data/1.4301_oselkowane.sur,1039.765094063291,810.0000000000001,809.0,532.0,655289.9999999508,Stainless steel 1.4301 (AISI 304),1.4301,classical,256,256,3.0000000000000004,2,,1.4301_oselkowane,area,Honed,oselkowane,simple
678.3303056407365,364.8550085944905,382.78488492918075,878.0161981400904,522.5751367826276,924.2360826616774,14508.72327979361,12115.076009263661,44222.947324976805,0.0,0.0,313.4752970462459,295.54542071155566,355.44106135746284,-46.219884521586906,2393.64727052995,-29714.22404518319,0.0,0.0,/Users/dawid/Library/Mobile Documents/com~apple~CloudDocs/Dokumenty/Publikacje własne/Manuscripts/Quantum_interference/data/1.4301_oselkowane.sur,709.2886006163153,810.0000000000001,809.0,532.0,655289.9999999508,Stainless steel 1.4301 (AISI 304),1.4301,quantum_like,256,256,3.0000000000000004,2,,1.4301_oselkowane,area,Honed,oselkowane,simple
351.24646820451716,364.8550085944905,382.78488492918075,459.8605411485979,522.5751367826276,924.2360826616774,7164.205988222369,12115.076009263661,44222.947324976805,0.0,0.0,-13.608540389973411,-31.538416724663634,-62.714595634029735,-464.37554151307944,-4950.870021041291,-37058.74133675443,0.0,0.0,/Users/dawid/Library/Mobile Documents/com~apple~CloudDocs/Dokumenty/Publikacje własne/Manuscripts/Quantum_interference/data/1.4301_oselkowane.sur,274.4871632482149,810.0000000000001,809.0,532.0,655289.9999999508,Stainless steel 1.4301 (AISI 304),1.4301,hybrid,256,256,3.0000000000000004,2,,1.4301_oselkowane,area,Honed,oselkowane,simple
683.7123703194409,364.8550085944905,382.78488492918075,888.3537159680241,522.5751367826276,924.2360826616774,7042.643773800774,12115.076009263661,44222.947324976805,0.0,0.0,318.85736172495035,300.92748539026013,365.77857918539644,-35.88236669365332,-5072.432235462886,-37180.30355117603,0.0,0.0,/Users/dawid/Library/Mobile Documents/com~apple~CloudDocs/Dokumenty/Publikacje własne/Manuscripts/Quantum_interference/data/1.4301_oselkowane.sur,1038.256064003976,810.0000000000001,809.0,532.0,655289.9999999508,Stainless steel 1.4301 (AISI 304),1.4301,classical,256,256,3.0000000000000004,3,,1.4301_oselkowane,area,Honed,oselkowane,simple
682.0661428483469,364.8550085944905,382.78488492918075,884.4871726956666,522.5751367826276,924.2360826616774,15400.860196012749,12115.076009263661,44222.947324976805,0.0,0.0,317.21113425385636,299.28125791916614,361.91203591303895,-39.74890996601078,3285.784186749089,-28822.087128964053,0.0,0.0,/Users/dawid/Library/Mobile Documents/com~apple~CloudDocs/Dokumenty/Publikacje własne/Manuscripts/Quantum_interference/data/1.4301_oselkowane.sur,710.8497964031176,810.0000000000001,809.0,532.0,655289.9999999508,Stainless steel 1.4301 (AISI 304),1.4301,quantum_like,256,256,3.0000000000000004,3,,1.4301_oselkowane,area,Honed,oselkowane,simple
358.0439166486682,364.8550085944905,382.78488492918075,466.86401237660624,522.5751367826276,924.2360826616774,7056.723966736799,12115.076009263661,44222.947324976805,0.0,0.0,-6.81109194582238,-24.7409682805126,-55.71112440602139,-457.3720702850711,-5058.352042526861,-37166.22335824,0.0,0.0,/Users/dawid/Library/Mobile Documents/com~apple~CloudDocs/Dokumenty/Publikacje własne/Manuscripts/Quantum_interference/data/1.4301_oselkowane.sur,274.60472638265225,810.0000000000001,809.0,532.0,655289.9999999508,Stainless steel 1.4301 (AISI 304),1.4301,hybrid,256,256,3.0000000000000004,3,,1.4301_oselkowane,area,Honed,oselkowane,simple
666.1523893435796,357.6011094818264,453.17839917015544,863.9278279122711,439.57733820095774,539.7002414210604,6682.984850838993,2678.634068318592,4309.3120301784875,0.0,0.0,308.5512798617532,212.97399017342417,424.3504897113134,324.22758649121084,4004.3507825204006,2373.6728206605053,0.0,0.0,/Users/dawid/Library/Mobile Documents/com~apple~CloudDocs/Dokumenty/Publikacje własne/Manuscripts/Quantum_interference/data/1.4301_szkielkowane.sur,977.7078248276551,810.0000000000001,809.0,532.0,655289.9999999508,Stainless steel 1.4301 (AISI 304),1.4301,classical,256,256,3.0000000000000004,0,,1.4301_szkielkowane,area,Glass bead blasted,szkielkowane,simple
667.958473546972,357.6011094818264,453.17839917015544,835.0704190003465,439.57733820095774,539.7002414210604,6894.977153892017,2678.634068318592,4309.3120301784875,0.0,0.0,310.3573640651456,214.78007437681654,395.49308079938885,295.37017757928623,4216.343085573424,2585.665123713529,0.0,0.0,/Users/dawid/Library/Mobile Documents/com~apple~CloudDocs/Dokumenty/Publikacje własne/Manuscripts/Quantum_interference/data/1.4301_szkielkowane.sur,709.8206617712599,810.0000000000001,809.0,532.0,655289.9999999508,Stainless steel 1.4301 (AISI 304),1.4301,quantum_like,256,256,3.0000000000000004,0,,1.4301_szkielkowane,area,Glass bead blasted,szkielkowane,simple
264.3039280519075,357.6011094818264,453.17839917015544,322.9806777731863,439.57733820095774,539.7002414210604,2507.5477609744917,2678.634068318592,4309.3120301784875,0.0,0.0,-93.2971814299189,-188.8744711182479,-116.59666042777141,-216.719563647874,-171.0863073441007,-1801.7642692039963,0.0,0.0,/Users/dawid/Library/Mobile Documents/com~apple~CloudDocs/Dokumenty/Publikacje własne/Manuscripts/Quantum_interference/data/1.4301_szkielkowane.sur,346.26615735697936,810.0000000000001,809.0,532.0,655289.9999999508,Stainless steel 1.4301 (AISI 304),1.4301,hybrid,256,256,3.0000000000000004,0,,1.4301_szkielkowane,area,Glass bead blasted,szkielkowane,simple
675.231030603461,357.6011094818264,453.17839917015544,870.37283533498,439.57733820095774,539.7002414210604,6141.349777887699,2678.634068318592,4309.3120301784875,0.0,0.0,317.6299211216346,222.0526314333056,430.7954971340223,330.67259391391974,3462.7157095691073,1832.0377477092115,0.0,0.0,/Users/dawid/Library/Mobile Documents/com~apple~CloudDocs/Dokumenty/Publikacje własne/Manuscripts/Quantum_interference/data/1.4301_szkielkowane.sur,982.8897183069361,810.0000000000001,809.0,532.0,655289.9999999508,Stainless steel 1.4301 (AISI 304),1.4301,classical,256,256,3.0000000000000004,1,,1.4301_szkielkowane,area,Glass bead blasted,szkielkowane,simple
663.1208311636553,357.6011094818264,453.17839917015544,830.0175872797975,439.57733820095774,539.7002414210604,6720.8987226769295,2678.634068318592,4309.3120301784875,0.0,0.0,305.51972168182897,209.94243199349995,390.44024907883977,290.31734585873716,4042.2646543583373,2411.586692498442,0.0,0.0,/Users/dawid/Library/Mobile Documents/com~apple~CloudDocs/Dokumenty/Publikacje własne/Manuscripts/Quantum_interference/data/1.4301_szkielkowane.sur,703.8390154600881,810.0000000000001,809.0,532.0,655289.9999999508,Stainless steel 1.4301 (AISI 304),1.4301,quantum_like,256,256,3.0000000000000004,1,,1.4301_szkielkowane,area,Glass bead blasted,szkielkowane,simple
264.99476058378184,357.6011094818264,453.17839917015544,322.28734417795226,439.57733820095774,539.7002414210604,2353.7285280690976,2678.634068318592,4309.3120301784875,0.0,0.0,-92.60634889804457,-188.18363858637358,-117.28999402300546,-217.41289724310806,-324.90554024949466,-1955.58350210939,0.0,0.0,/Users/dawid/Library/Mobile Documents/com~apple~CloudDocs/Dokumenty/Publikacje własne/Manuscripts/Quantum_interference/data/1.4301_szkielkowane.sur,345.19815814440454,810.0000000000001,809.0,532.0,655289.9999999508,Stainless steel 1.4301 (AISI 304),1.4301,hybrid,256,256,3.0000000000000004,1,,1.4301_szkielkowane,area,Glass bead blasted,szkielkowane,simple
652.9920673780716,357.6011094818264,453.17839917015544,846.0501133337258,439.57733820095774,539.7002414210604,6319.06732955291,2678.634068318592,4309.3120301784875,0.0,0.0,295.3909578962452,199.8136682079162,406.4727751327681,306.3498719126655,3640.4332612343183,2009.7552993744227,0.0,0.0,/Users/dawid/Library/Mobile Documents/com~apple~CloudDocs/Dokumenty/Publikacje własne/Manuscripts/Quantum_interference/data/1.4301_szkielkowane.sur,956.9921150339947,810.0000000000001,809.0,532.0,655289.9999999508,Stainless steel 1.4301 (AISI 304),1.4301,classical,256,256,3.0000000000000004,2,,1.4301_szkielkowane,area,Glass bead blasted,szkielkowane,simple
666.4657857726041,357.6011094818264,453.17839917015544,833.1912779535234,439.57733820095774,539.7002414210604,6855.927964354935,2678.634068318592,4309.3120301784875,0.0,0.0,308.8646762907777,213.28738660244872,393.6139397525656,293.49103653246306,4177.2938960363435,2546.615934176448,0.0,0.0,/Users/dawid/Library/Mobile Documents/com~apple~CloudDocs/Dokumenty/Publikacje własne/Manuscripts/Quantum_interference/data/1.4301_szkielkowane.sur,708.6216341915342,810.0000000000001,809.0,532.0,655289.9999999508,Stainless steel 1.4301 (AISI 304),1.4301,quantum_like,256,256,3.0000000000000004,2,,1.4301_szkielkowane,area,Glass bead blasted,szkielkowane,simple
266.56401408319243,357.6011094818264,453.17839917015544,324.51252794713105,439.57733820095774,539.7002414210604,2263.7516386014645,2678.634068318592,4309.3120301784875,0.0,0.0,-91.03709539863398,-186.61438508696298,-115.06481025382666,-215.18771347392925,-414.8824297171279,-2045.5603915770234,0.0,0.0,/Users/dawid/Library/Mobile Documents/com~apple~CloudDocs/Dokumenty/Publikacje własne/Manuscripts/Quantum_interference/data/1.4301_szkielkowane.sur,346.8787888977341,810.0000000000001,809.0,532.0,655289.9999999508,Stainless steel 1.4301 (AISI 304),1.4301,hybrid,256,256,3.0000000000000004,2,,1.4301_szkielkowane,area,Glass bead blasted,szkielkowane,simple
652.9278568607773,357.6011094818264,453.17839917015544,844.6178501127813,439.57733820095774,539.7002414210604,6018.314251920397,2678.634068318592,4309.3120301784875,0.0,0.0,295.32674737895087,199.74945769062188,405.04051191182356,304.91760869172094,3339.6801836018044,1709.002221741909,0.0,0.0,/Users/dawid/Library/Mobile Documents/com~apple~CloudDocs/Dokumenty/Publikacje własne/Manuscripts/Quantum_interference/data/1.4301_szkielkowane.sur,955.8106375151086,810.0000000000001,809.0,532.0,655289.9999999508,Stainless steel 1.4301 (AISI 304),1.4301,classical,256,256,3.0000000000000004,3,,1.4301_szkielkowane,area,Glass bead blasted,szkielkowane,simple
668.2989003476058,357.6011094818264,453.17839917015544,836.7584474657544,439.57733820095774,539.7002414210604,6982.305708075315,2678.634068318592,4309.3120301784875,0.0,0.0,310.69779086577944,215.12050117745045,397.1811092647967,297.0582060446941,4303.6716397567225,2672.9936778968267,0.0,0.0,/Users/dawid/Library/Mobile Documents/com~apple~CloudDocs/Dokumenty/Publikacje własne/Manuscripts/Quantum_interference/data/1.4301_szkielkowane.sur,710.091156100131,810.0000000000001,809.0,532.0,655289.9999999508,Stainless steel 1.4301 (AISI 304),1.4301,quantum_like,256,256,3.0000000000000004,3,,1.4301_szkielkowane,area,Glass bead blasted,szkielkowane,simple
264.2414535559705,357.6011094818264,453.17839917015544,323.1462896802159,439.57733820095774,539.7002414210604,2097.017789084209,2678.634068318592,4309.3120301784875,0.0,0.0,-93.35965592585588,-188.93694561418488,-116.43104852074187,-216.55395174084444,-581.6162792343832,-2212.2942410942787,0.0,0.0,/Users/dawid/Library/Mobile Documents/com~apple~CloudDocs/Dokumenty/Publikacje własne/Manuscripts/Quantum_interference/data/1.4301_szkielkowane.sur,345.1787299316573,810.0000000000001,809.0,532.0,655289.9999999508,Stainless steel 1.4301 (AISI 304),1.4301,hybrid,256,256,3.0000000000000004,3,,1.4301_szkielkowane,area,Glass bead blasted,szkielkowane,simple
30.44456084792669,30.413699462010378,33.84118699522956,37.509705304216325,37.45328524655293,41.899689585882065,266.1531807075732,266.08343313585567,417.17396197934573,0.0,0.0,0.03086138591631129,-3.3966261473028747,0.05642005766340125,-4.389984281665735,0.06974757171749602,-151.02078127177253,0.0,0.0,/Users/dawid/Library/Mobile Documents/com~apple~CloudDocs/Dokumenty/Publikacje własne/Manuscripts/Quantum_interference/data/1.4301_szlifowane.sur,1.489134646563257,810.0000000000001,809.0,532.0,655289.9999999508,Stainless steel 1.4301 (AISI 304),1.4301,classical,256,256,3.0000000000000004,0,,1.4301_szlifowane,area,Grinding,szlifowane,simple
569.6225070817123,30.413699462010378,33.84118699522956,713.9099618457109,37.45328524655293,41.899689585882065,5905.05483703629,266.08343313585567,417.17396197934573,0.0,0.0,539.2088076197019,535.7813200864829,676.4566765991581,672.0102722598289,5638.971403900435,5487.880875056945,0.0,0.0,/Users/dawid/Library/Mobile Documents/com~apple~CloudDocs/Dokumenty/Publikacje własne/Manuscripts/Quantum_interference/data/1.4301_szlifowane.sur,712.6303883303384,810.0000000000001,809.0,532.0,655289.9999999508,Stainless steel 1.4301 (AISI 304),1.4301,quantum_like,256,256,3.0000000000000004,0,,1.4301_szlifowane,area,Grinding,szlifowane,simple
125.5199394392145,30.413699462010378,33.84118699522956,159.74673249661146,37.45328524655293,41.899689585882065,1348.9004999232764,266.08343313585567,417.17396197934573,0.0,0.0,95.10623997720413,91.67875244398493,122.29344725005853,117.8470429107294,1082.8170667874208,931.7265379439307,0.0,0.0,/Users/dawid/Library/Mobile Documents/com~apple~CloudDocs/Dokumenty/Publikacje własne/Manuscripts/Quantum_interference/data/1.4301_szlifowane.sur,159.26840851243617,810.0000000000001,809.0,532.0,655289.9999999508,Stainless steel 1.4301 (AISI 304),1.4301,hybrid,256,256,3.0000000000000004,0,,1.4301_szlifowane,area,Grinding,szlifowane,simple
30.356455606935217,30.413699462010378,33.84118699522956,37.43596016553195,37.45328524655293,41.899689585882065,266.692994458438,266.08343313585567,417.17396197934573,0.0,0.0,-0.05724385507516095,-3.484731388294347,-0.017325081020971644,-4.463729420350108,0.6095613225823328,-150.4809675209077,0.0,0.0,/Users/dawid/Library/Mobile Documents/com~apple~CloudDocs/Dokumenty/Publikacje własne/Manuscripts/Quantum_interference/data/1.4301_szlifowane.sur,1.1309655616332204,810.0000000000001,809.0,532.0,655289.9999999508,Stainless steel 1.4301 (AISI 304),1.4301,classical,256,256,3.0000000000000004,1,,1.4301_szlifowane,area,Grinding,szlifowane,simple
562.7953655890844,30.413699462010378,33.84118699522956,706.2059989526326,37.45328524655293,41.899689585882065,6192.887072427728,266.08343313585567,417.17396197934573,0.0,0.0,532.381666127074,528.954178593855,668.7527137060797,664.3063093667505,5926.803639291872,5775.7131104483815,0.0,0.0,/Users/dawid/Library/Mobile Documents/com~apple~CloudDocs/Dokumenty/Publikacje własne/Manuscripts/Quantum_interference/data/1.4301_szlifowane.sur,705.2025844729634,810.0000000000001,809.0,532.0,655289.9999999508,Stainless steel 1.4301 (AISI 304),1.4301,quantum_like,256,256,3.0000000000000004,1,,1.4301_szlifowane,area,Grinding,szlifowane,simple
129.70986635249807,30.413699462010378,33.84118699522956,157.0356739122796,37.45328524655293,41.899689585882065,1180.0153423520155,266.08343313585567,417.17396197934573,0.0,0.0,99.29616689048768,95.86867935726849,119.58238866572668,115.13598432639756,913.93190921616,762.8413803726698,0.0,0.0,/Users/dawid/Library/Mobile Documents/com~apple~CloudDocs/Dokumenty/Publikacje własne/Manuscripts/Quantum_interference/data/1.4301_szlifowane.sur,156.85461027371556,810.0000000000001,809.0,532.0,655289.9999999508,Stainless steel 1.4301 (AISI 304),1.4301,hybrid,256,256,3.0000000000000004,1,,1.4301_szlifowane,area,Grinding,szlifowane,simple
30.39954256687963,30.413699462010378,33.84118699522956,37.44241791954697,37.45328524655293,41.899689585882065,266.3150038331574,266.08343313585567,417.17396197934573,0.0,0.0,-0.014156895130746446,-3.4416444283499326,-0.01086732700595637,-4.457271666335092,0.23157069730168936,-150.85895814618834,0.0,0.0,/Users/dawid/Library/Mobile Documents/com~apple~CloudDocs/Dokumenty/Publikacje własne/Manuscripts/Quantum_interference/data/1.4301_szlifowane.sur,0.2635306054360293,810.0000000000001,809.0,532.0,655289.9999999508,Stainless steel 1.4301 (AISI 304),1.4301,classical,256,256,3.0000000000000004,2,,1.4301_szlifowane,area,Grinding,szlifowane,simple
561.4403003433545,30.413699462010378,33.84118699522956,704.4304831703425,37.45328524655293,41.899689585882065,5616.678085330043,266.08343313585567,417.17396197934573,0.0,0.0,531.026600881344,527.5991133481249,666.9771979237897,662.5307935844605,5350.594652194187,5199.504123350697,0.0,0.0,/Users/dawid/Library/Mobile Documents/com~apple~CloudDocs/Dokumenty/Publikacje własne/Manuscripts/Quantum_interference/data/1.4301_szlifowane.sur,703.4023020241469,810.0000000000001,809.0,532.0,655289.9999999508,Stainless steel 1.4301 (AISI 304),1.4301,quantum_like,256,256,3.0000000000000004,2,,1.4301_szlifowane,area,Grinding,szlifowane,simple
105.42620868111827,30.413699462010378,33.84118699522956,153.3958179428435,37.45328524655293,41.899689585882065,1231.519653034725,266.08343313585567,417.17396197934573,0.0,0.0,75.0125092191079,71.5850216858887,115.94253269629058,111.49612835696146,965.4362198988694,814.3456910553792,0.0,0.0,/Users/dawid/Library/Mobile Documents/com~apple~CloudDocs/Dokumenty/Publikacje własne/Manuscripts/Quantum_interference/data/1.4301_szlifowane.sur,153.4422145567591,810.0000000000001,809.0,532.0,655289.9999999508,Stainless steel 1.4301 (AISI 304),1.4301,hybrid,256,256,3.0000000000000004,2,,1.4301_szlifowane,area,Grinding,szlifowane,simple
30.455475831811533,30.413699462010378,33.84118699522956,37.492420771910886,37.45328524655293,41.899689585882065,266.09278107983334,266.08343313585567,417.17396197934573,0.0,0.0,0.04177636980115405,-3.385711163418032,0.03913552535795595,-4.40726881397118,0.009347943977639939,-151.0811808995124,0.0,0.0,/Users/dawid/Library/Mobile Documents/com~apple~CloudDocs/Dokumenty/Publikacje własne/Manuscripts/Quantum_interference/data/1.4301_szlifowane.sur,0.6537920547035547,810.0000000000001,809.0,532.0,655289.9999999508,Stainless steel 1.4301 (AISI 304),1.4301,classical,256,256,3.0000000000000004,3,,1.4301_szlifowane,area,Grinding,szlifowane,simple
574.9216047827913,30.413699462010378,33.84118699522956,720.8116046690169,37.45328524655293,41.899689585882065,5866.794134346004,266.08343313585567,417.17396197934573,0.0,0.0,544.5079053207809,541.0804177875618,683.358319422464,678.9119150831348,5600.710701210148,5449.620172366659,0.0,0.0,/Users/dawid/Library/Mobile Documents/com~apple~CloudDocs/Dokumenty/Publikacje własne/Manuscripts/Quantum_interference/data/1.4301_szlifowane.sur,719.9187261821904,810.0000000000001,809.0,532.0,655289.9999999508,Stainless steel 1.4301 (AISI 304),1.4301,quantum_like,256,256,3.0000000000000004,3,,1.4301_szlifowane,area,Grinding,szlifowane,simple
144.19622415108432,30.413699462010378,33.84118699522956,162.240355905387,37.45328524655293,41.899689585882065,1210.0661678488284,266.08343313585567,417.17396197934573,0.0,0.0,113.78252468907395,110.35503715585476,124.78707065883407,120.34066631950495,943.9827347129726,792.8922058694826,0.0,0.0,/Users/dawid/Library/Mobile Documents/com~apple~CloudDocs/Dokumenty/Publikacje własne/Manuscripts/Quantum_interference/data/1.4301_szlifowane.sur,162.04361455950126,810.0000000000001,809.0,532.0,655289.9999999508,Stainless steel 1.4301 (AISI 304),1.4301,hybrid,256,256,3.0000000000000004,3,,1.4301_szlifowane,area,Grinding,szlifowane,simple
670.7204645593324,628.2335439287026,719.0243698335206,865.7353074915,843.387722653666,1182.6790015108243,6617.737736989435,28422.32201382488,88645.45204885582,0.0,0.0,42.4869206306298,-48.303905274188175,22.347584837833967,-316.9436940193243,-21804.584276835445,-82027.71431186638,0.0,0.0,/Users/dawid/Library/Mobile Documents/com~apple~CloudDocs/Dokumenty/Publikacje własne/Manuscripts/Quantum_interference/data/1.4301_t_wyk.sur,1204.386634212236,810.0000000000001,809.0,532.0,655289.9999999508,Stainless steel 1.4301 (AISI 304),1.4301,classical,256,256,3.0000000000000004,0,,1.4301_t_wyk,area,Turning (finishing),t_wyk,simple
837.662975306009,628.2335439287026,719.0243698335206,1097.8531661223867,843.387722653666,1182.6790015108243,28319.909540227323,28422.32201382488,88645.45204885582,0.0,0.0,209.42943137730637,118.63860547248841,254.4654434687208,-84.82583538843748,-102.41247359755454,-60325.54250862849,0.0,0.0,/Users/dawid/Library/Mobile Documents/com~apple~CloudDocs/Dokumenty/Publikacje własne/Manuscripts/Quantum_interference/data/1.4301_t_wyk.sur,708.727441541911,810.0000000000001,809.0,532.0,655289.9999999508,Stainless steel 1.4301 (AISI 304),1.4301,quantum_like,256,256,3.0000000000000004,0,,1.4301_t_wyk,area,Turning (finishing),t_wyk,simple
296.3978860416297,628.2335439287026,719.0243698335206,426.4171260457658,843.387722653666,1182.6790015108243,11369.70778838786,28422.32201382488,88645.45204885582,0.0,0.0,-331.8356578870729,-422.62648379189085,-416.9705966079002,-756.2618754650586,-17052.61422543702,-77275.74426046797,0.0,0.0,/Users/dawid/Library/Mobile Documents/com~apple~CloudDocs/Dokumenty/Publikacje własne/Manuscripts/Quantum_interference/data/1.4301_t_wyk.sur,678.7153555517879,810.0000000000001,809.0,532.0,655289.9999999508,Stainless steel 1.4301 (AISI 304),1.4301,hybrid,256,256,3.0000000000000004,0,,1.4301_t_wyk,area,Turning (finishing),t_wyk,simple
681.0232030147116,628.2335439287026,719.0243698335206,877.5114482130323,843.387722653666,1182.6790015108243,6642.724399771353,28422.32201382488,88645.45204885582,0.0,0.0,52.78965908600902,-38.001166818808954,34.12372555936627,-305.167553297792,-21779.597614053524,-82002.72764908447,0.0,0.0,/Users/dawid/Library/Mobile Documents/com~apple~CloudDocs/Dokumenty/Publikacje własne/Manuscripts/Quantum_interference/data/1.4301_t_wyk.sur,1212.2499314217393,810.0000000000001,809.0,532.0,655289.9999999508,Stainless steel 1.4301 (AISI 304),1.4301,classical,256,256,3.0000000000000004,1,,1.4301_t_wyk,area,Turning (finishing),t_wyk,simple
844.2741776114945,628.2335439287026,719.0243698335206,1106.832072221055,843.387722653666,1182.6790015108243,30296.405008275367,28422.32201382488,88645.45204885582,0.0,0.0,216.04063368279182,125.24980777797384,263.4443495673889,-75.8469292897694,1874.0829944504871,-58349.04704058045,0.0,0.0,/Users/dawid/Library/Mobile Documents/com~apple~CloudDocs/Dokumenty/Publikacje własne/Manuscripts/Quantum_interference/data/1.4301_t_wyk.sur,711.653373771661,810.0000000000001,809.0,532.0,655289.9999999508,Stainless steel 1.4301 (AISI 304),1.4301,quantum_like,256,256,3.0000000000000004,1,,1.4301_t_wyk,area,Turning (finishing),t_wyk,simple
301.8207014848598,628.2335439287026,719.0243698335206,433.5723127604363,843.387722653666,1182.6790015108243,11363.628036742508,28422.32201382488,88645.45204885582,0.0,0.0,-326.4128424438428,-417.20366834866076,-409.8154098932297,-749.1066887503879,-17058.69397708237,-77281.82401211331,0.0,0.0,/Users/dawid/Library/Mobile Documents/com~apple~CloudDocs/Dokumenty/Publikacje własne/Manuscripts/Quantum_interference/data/1.4301_t_wyk.sur,677.79596626544,810.0000000000001,809.0,532.0,655289.9999999508,Stainless steel 1.4301 (AISI 304),1.4301,hybrid,256,256,3.0000000000000004,1,,1.4301_t_wyk,area,Turning (finishing),t_wyk,simple
670.5364961727314,628.2335439287026,719.0243698335206,864.8523908631248,843.387722653666,1182.6790015108243,6879.417248422511,28422.32201382488,88645.45204885582,0.0,0.0,42.30295224402883,-48.487873660789134,21.464668209458836,-317.82661064769945,-21542.904765402367,-81766.0348004333,0.0,0.0,/Users/dawid/Library/Mobile Documents/com~apple~CloudDocs/Dokumenty/Publikacje własne/Manuscripts/Quantum_interference/data/1.4301_t_wyk.sur,1203.8931664658494,810.0000000000001,809.0,532.0,655289.9999999508,Stainless steel 1.4301 (AISI 304),1.4301,classical,256,256,3.0000000000000004,2,,1.4301_t_wyk,area,Turning (finishing),t_wyk,simple
839.5143577378761,628.2335439287026,719.0243698335206,1100.7280114317107,843.387722653666,1182.6790015108243,28877.70467431777,28422.32201382488,88645.45204885582,0.0,0.0,211.2808138091736,120.48998790435563,257.3402887780446,-81.95099007911362,455.3826604928903,-59767.74737453804,0.0,0.0,/Users/dawid/Library/Mobile Documents/com~apple~CloudDocs/Dokumenty/Publikacje własne/Manuscripts/Quantum_interference/data/1.4301_t_wyk.sur,709.3038311307282,810.0000000000001,809.0,532.0,655289.9999999508,Stainless steel 1.4301 (AISI 304),1.4301,quantum_like,256,256,3.0000000000000004,2,,1.4301_t_wyk,area,Turning (finishing),t_wyk,simple
294.5010542736857,628.2335439287026,719.0243698335206,426.31431478769184,843.387722653666,1182.6790015108243,11348.62263182024,28422.32201382488,88645.45204885582,0.0,0.0,-333.7324896550169,-424.5233155598348,-417.07340786597416,-756.3646867231324,-17073.699382004637,-77296.82941703557,0.0,0.0,/Users/dawid/Library/Mobile Documents/com~apple~CloudDocs/Dokumenty/Publikacje własne/Manuscripts/Quantum_interference/data/1.4301_t_wyk.sur,678.2662305593113,810.0000000000001,809.0,532.0,655289.9999999508,Stainless steel 1.4301 (AISI 304),1.4301,hybrid,256,256,3.0000000000000004,2,,1.4301_t_wyk,area,Turning (finishing),t_wyk,simple
673.4090735871688,628.2335439287026,719.0243698335206,867.585728536464,843.387722653666,1182.6790015108243,6621.813146230862,28422.32201382488,88645.45204885582,0.0,0.0,45.175529658466225,-45.61529624635174,24.198005882798046,-315.0932729743602,-21800.50886759402,-82023.63890262495,0.0,0.0,/Users/dawid/Library/Mobile Documents/com~apple~CloudDocs/Dokumenty/Publikacje własne/Manuscripts/Quantum_interference/data/1.4301_t_wyk.sur,1205.925900783932,810.0000000000001,809.0,532.0,655289.9999999508,Stainless steel 1.4301 (AISI 304),1.4301,classical,256,256,3.0000000000000004,3,,1.4301_t_wyk,area,Turning (finishing),t_wyk,simple
834.9146122902828,628.2335439287026,719.0243698335206,1091.5758983963428,843.387722653666,1182.6790015108243,28006.169016040458,28422.32201382488,88645.45204885582,0.0,0.0,206.68106836158015,115.8902424567622,248.1881757426769,-91.10310311448137,-416.152997784422,-60639.28303281536,0.0,0.0,/Users/dawid/Library/Mobile Documents/com~apple~CloudDocs/Dokumenty/Publikacje własne/Manuscripts/Quantum_interference/data/1.4301_t_wyk.sur,700.5660099961992,810.0000000000001,809.0,532.0,655289.9999999508,Stainless steel 1.4301 (AISI 304),1.4301,quantum_like,256,256,3.0000000000000004,3,,1.4301_t_wyk,area,Turning (finishing),t_wyk,simple
292.53023774762664,628.2335439287026,719.0243698335206,423.40754643691736,843.387722653666,1182.6790015108243,11306.71793282761,28422.32201382488,88645.45204885582,0.0,0.0,-335.70330618107596,-426.4941320858939,-419.98017621674865,-759.2714550739068,-17115.60408099727,-77338.73411602821,0.0,0.0,/Users/dawid/Library/Mobile Documents/com~apple~CloudDocs/Dokumenty/Publikacje własne/Manuscripts/Quantum_interference/data/1.4301_t_wyk.sur,678.155688227105,810.0000000000001,809.0,532.0,655289.9999999508,Stainless steel 1.4301 (AISI 304),1.4301,hybrid,256,256,3.0000000000000004,3,,1.4301_t_wyk,area,Turning (finishing),t_wyk,simple
520.3850886379879,408.0134970138842,467.573643958579,670.5019116932983,522.9588934926375,606.1052304901839,5342.816911999751,3043.1017019360343,3779.3551222935625,0.0,0.0,112.37159162410371,52.81144467940889,147.54301820066078,64.39668120311437,2299.7152100637168,1563.461789706189,0.0,0.0,/Users/dawid/Library/Mobile Documents/com~apple~CloudDocs/Dokumenty/Publikacje własne/Manuscripts/Quantum_interference/data/AL_oselkowane.sur,772.9816826140388,810.0000000000001,809.0,532.0,655289.9999999508,Aluminium 7075,AL,classical,256,256,3.0000000000000004,0,,AL_oselkowane,area,Honed,oselkowane,simple
696.6409177487004,408.0134970138842,467.573643958579,872.868774648629,522.9588934926375,606.1052304901839,6786.702936668765,3043.1017019360343,3779.3551222935625,0.0,0.0,288.6274207348162,229.06727379012136,349.90988115599146,266.7635441584451,3743.6012347327305,3007.3478143752027,0.0,0.0,/Users/dawid/Library/Mobile Documents/com~apple~CloudDocs/Dokumenty/Publikacje własne/Manuscripts/Quantum_interference/data/AL_oselkowane.sur,702.65961730452,810.0000000000001,809.0,532.0,655289.9999999508,Aluminium 7075,AL,quantum_like,256,256,3.0000000000000004,0,,AL_oselkowane,area,Honed,oselkowane,simple
271.48708710683576,408.0134970138842,467.573643958579,329.07082755792214,522.9588934926375,606.1052304901839,2596.430557034671,3043.1017019360343,3779.3551222935625,0.0,0.0,-136.52640990704842,-196.08655685174324,-193.88806593471537,-277.0344029322618,-446.67114490136316,-1182.924565258891,0.0,0.0,/Users/dawid/Library/Mobile Documents/com~apple~CloudDocs/Dokumenty/Publikacje własne/Manuscripts/Quantum_interference/data/AL_oselkowane.sur,416.49511773735964,810.0000000000001,809.0,532.0,655289.9999999508,Aluminium 7075,AL,hybrid,256,256,3.0000000000000004,0,,AL_oselkowane,area,Honed,oselkowane,simple
516.8325311519386,408.0134970138842,467.573643958579,666.1364272836709,522.9588934926375,606.1052304901839,5364.097629674044,3043.1017019360343,3779.3551222935625,0.0,0.0,108.81903413805439,49.25888719335956,143.17753379103337,60.03119679348695,2320.99592773801,1584.7425073804816,0.0,0.0,/Users/dawid/Library/Mobile Documents/com~apple~CloudDocs/Dokumenty/Publikacje własne/Manuscripts/Quantum_interference/data/AL_oselkowane.sur,768.4888453268896,810.0000000000001,809.0,532.0,655289.9999999508,Aluminium 7075,AL,classical,256,256,3.0000000000000004,1,,AL_oselkowane,area,Honed,oselkowane,simple
706.9405478593443,408.0134970138842,467.573643958579,886.383724747035,522.9588934926375,606.1052304901839,7146.943832315068,3043.1017019360343,3779.3551222935625,0.0,0.0,298.92705084546014,239.36690390076532,363.42483125439753,280.2784942568511,4103.842130379035,3367.588710021506,0.0,0.0,/Users/dawid/Library/Mobile Documents/com~apple~CloudDocs/Dokumenty/Publikacje własne/Manuscripts/Quantum_interference/data/AL_oselkowane.sur,717.9402881048843,810.0000000000001,809.0,532.0,655289.9999999508,Aluminium 7075,AL,quantum_like,256,256,3.0000000000000004,1,,AL_oselkowane,area,Honed,oselkowane,simple
275.2716645290403,408.0134970138842,467.573643958579,334.2912924105179,522.9588934926375,606.1052304901839,2586.6283576734954,3043.1017019360343,3779.3551222935625,0.0,0.0,-132.74183248484385,-192.3019794295387,-188.66760108211963,-271.81393807966606,-456.4733442625388,-1192.726764620067,0.0,0.0,/Users/dawid/Library/Mobile Documents/com~apple~CloudDocs/Dokumenty/Publikacje własne/Manuscripts/Quantum_interference/data/AL_oselkowane.sur,418.69550050145926,810.0000000000001,809.0,532.0,655289.9999999508,Aluminium 7075,AL,hybrid,256,256,3.0000000000000004,1,,AL_oselkowane,area,Honed,oselkowane,simple
520.3831690306029,408.0134970138842,467.573643958579,670.2974878406653,522.9588934926375,606.1052304901839,5354.576212324249,3043.1017019360343,3779.3551222935625,0.0,0.0,112.36967201671865,52.809525072023824,147.3385943480278,64.1922573504814,2311.474510388215,1575.221090030687,0.0,0.0,/Users/dawid/Library/Mobile Documents/com~apple~CloudDocs/Dokumenty/Publikacje własne/Manuscripts/Quantum_interference/data/AL_oselkowane.sur,770.8569325989898,810.0000000000001,809.0,532.0,655289.9999999508,Aluminium 7075,AL,classical,256,256,3.0000000000000004,2,,AL_oselkowane,area,Honed,oselkowane,simple
702.2447376777013,408.0134970138842,467.573643958579,879.9556360203316,522.9588934926375,606.1052304901839,7278.159931225661,3043.1017019360343,3779.3551222935625,0.0,0.0,294.2312406638171,234.6710937191223,356.9967425276941,273.85040553014767,4235.058229289626,3498.8048089320987,0.0,0.0,/Users/dawid/Library/Mobile Documents/com~apple~CloudDocs/Dokumenty/Publikacje własne/Manuscripts/Quantum_interference/data/AL_oselkowane.sur,706.9085859415285,810.0000000000001,809.0,532.0,655289.9999999508,Aluminium 7075,AL,quantum_like,256,256,3.0000000000000004,2,,AL_oselkowane,area,Honed,oselkowane,simple
272.9303154851244,408.0134970138842,467.573643958579,332.7947758288262,522.9588934926375,606.1052304901839,2566.3100481027855,3043.1017019360343,3779.3551222935625,0.0,0.0,-135.08318152875975,-194.64332847345457,-190.1641176638113,-273.3104546613577,-476.7916538332491,-1213.045074190777,0.0,0.0,/Users/dawid/Library/Mobile Documents/com~apple~CloudDocs/Dokumenty/Publikacje własne/Manuscripts/Quantum_interference/data/AL_oselkowane.sur,416.14370053347324,810.0000000000001,809.0,532.0,655289.9999999508,Aluminium 7075,AL,hybrid,256,256,3.0000000000000004,2,,AL_oselkowane,area,Honed,oselkowane,simple
519.4359417894527,408.0134970138842,467.573643958579,668.7704369152076,522.9588934926375,606.1052304901839,5364.861455653326,3043.1017019360343,3779.3551222935625,0.0,0.0,111.42244477556851,51.862297830873686,145.8115434225701,62.665206425023705,2321.759753717291,1585.5063333597632,0.0,0.0,/Users/dawid/Library/Mobile Documents/com~apple~CloudDocs/Dokumenty/Publikacje własne/Manuscripts/Quantum_interference/data/AL_oselkowane.sur,770.0560275811354,810.0000000000001,809.0,532.0,655289.9999999508,Aluminium 7075,AL,classical,256,256,3.0000000000000004,3,,AL_oselkowane,area,Honed,oselkowane,simple
704.1335619042742,408.0134970138842,467.573643958579,883.7351875279778,522.9588934926375,606.1052304901839,7510.057287522641,3043.1017019360343,3779.3551222935625,0.0,0.0,296.12006489039004,236.5599179456952,360.7762940353403,277.62995703779393,4466.955585586606,3730.702165229078,0.0,0.0,/Users/dawid/Library/Mobile Documents/com~apple~CloudDocs/Dokumenty/Publikacje własne/Manuscripts/Quantum_interference/data/AL_oselkowane.sur,712.3950576438125,810.0000000000001,809.0,532.0,655289.9999999508,Aluminium 7075,AL,quantum_like,256,256,3.0000000000000004,3,,AL_oselkowane,area,Honed,oselkowane,simple
274.5477102673405,408.0134970138842,467.573643958579,334.5729089934415,522.9588934926375,606.1052304901839,2635.558279763384,3043.1017019360343,3779.3551222935625,0.0,0.0,-133.46578674654367,-193.0259336912385,-188.385984499196,-271.53232149674244,-407.54342217265037,-1143.7968425301783,0.0,0.0,/Users/dawid/Library/Mobile Documents/com~apple~CloudDocs/Dokumenty/Publikacje własne/Manuscripts/Quantum_interference/data/AL_oselkowane.sur,418.1482031829178,810.0000000000001,809.0,532.0,655289.9999999508,Aluminium 7075,AL,hybrid,256,256,3.0000000000000004,3,,AL_oselkowane,area,Honed,oselkowane,simple
679.9869149200962,524.5136807904041,546.3689426510782,892.3921248376685,687.0092608696518,922.2410215602662,8477.018896281013,31199.884564537664,85338.86653628112,0.0,0.0,155.47323412969212,133.61797226901803,205.38286396801664,-29.848896722597704,-22722.86566825665,-76861.8476400001,0.0,0.0,/Users/dawid/Library/Mobile Documents/com~apple~CloudDocs/Dokumenty/Publikacje własne/Manuscripts/Quantum_interference/data/Al7075_t_wyk.sur,1091.4282154743976,810.0000000000001,809.0,532.0,655289.9999999508,Aluminium 7075,Al7075,classical,256,256,3.0000000000000004,0,,Al7075_t_wyk,area,Turning (finishing),t_wyk,simple
776.1245030978241,524.5136807904041,546.3689426510782,989.0060725521537,687.0092608696518,922.2410215602662,30361.227991073763,31199.884564537664,85338.86653628112,0.0,0.0,251.61082230742005,229.755560446746,301.9968116825018,66.76505099188743,-838.6565734638997,-54977.63854520735,0.0,0.0,/Users/dawid/Library/Mobile Documents/com~apple~CloudDocs/Dokumenty/Publikacje własne/Manuscripts/Quantum_interference/data/Al7075_t_wyk.sur,715.6190838501764,810.0000000000001,809.0,532.0,655289.9999999508,Aluminium 7075,Al7075,quantum_like,256,256,3.0000000000000004,0,,Al7075_t_wyk,area,Turning (finishing),t_wyk,simple
495.2599967503255,524.5136807904041,546.3689426510782,630.454397228862,687.0092608696518,922.2410215602662,7265.2885883111385,31199.884564537664,85338.86653628112,0.0,0.0,-29.25368404007863,-51.1089459007527,-56.55486364078982,-291.78662433140414,-23934.595976226523,-78073.57794796998,0.0,0.0,/Users/dawid/Library/Mobile Documents/com~apple~CloudDocs/Dokumenty/Publikacje własne/Manuscripts/Quantum_interference/data/Al7075_t_wyk.sur,288.8567802675957,810.0000000000001,809.0,532.0,655289.9999999508,Aluminium 7075,Al7075,hybrid,256,256,3.0000000000000004,0,,Al7075_t_wyk,area,Turning (finishing),t_wyk,simple
682.4788093177507,524.5136807904041,546.3689426510782,893.0665642748907,687.0092608696518,922.2410215602662,7905.113512163393,31199.884564537664,85338.86653628112,0.0,0.0,157.96512852734656,136.10986666667247,206.05730340523883,-29.17445728537552,-23294.771052374268,-77433.75302411772,0.0,0.0,/Users/dawid/Library/Mobile Documents/com~apple~CloudDocs/Dokumenty/Publikacje własne/Manuscripts/Quantum_interference/data/Al7075_t_wyk.sur,1094.6646289940436,810.0000000000001,809.0,532.0,655289.9999999508,Aluminium 7075,Al7075,classical,256,256,3.0000000000000004,1,,Al7075_t_wyk,area,Turning (finishing),t_wyk,simple
775.6885768428913,524.5136807904041,546.3689426510782,987.3273125978693,687.0092608696518,922.2410215602662,31396.09372770502,31199.884564537664,85338.86653628112,0.0,0.0,251.17489605248716,229.3196341918131,300.3180517282175,65.08629103760313,196.20916316735955,-53942.77280857609,0.0,0.0,/Users/dawid/Library/Mobile Documents/com~apple~CloudDocs/Dokumenty/Publikacje własne/Manuscripts/Quantum_interference/data/Al7075_t_wyk.sur,708.7875611831292,810.0000000000001,809.0,532.0,655289.9999999508,Aluminium 7075,Al7075,quantum_like,256,256,3.0000000000000004,1,,Al7075_t_wyk,area,Turning (finishing),t_wyk,simple
501.7346160710064,524.5136807904041,546.3689426510782,635.7100855175606,687.0092608696518,922.2410215602662,7523.110867802732,31199.884564537664,85338.86653628112,0.0,0.0,-22.77906471939767,-44.634326580071736,-51.29917535209128,-286.5309360427056,-23676.77369673493,-77815.75566847838,0.0,0.0,/Users/dawid/Library/Mobile Documents/com~apple~CloudDocs/Dokumenty/Publikacje własne/Manuscripts/Quantum_interference/data/Al7075_t_wyk.sur,287.91260032618294,810.0000000000001,809.0,532.0,655289.9999999508,Aluminium 7075,Al7075,hybrid,256,256,3.0000000000000004,1,,Al7075_t_wyk,area,Turning (finishing),t_wyk,simple
686.8827077438908,524.5136807904041,546.3689426510782,900.3109138928809,687.0092608696518,922.2410215602662,8232.854065655794,31199.884564537664,85338.86653628112,0.0,0.0,162.36902695348667,140.5137650928126,213.30165302322902,-21.930107667385307,-22967.030498881868,-77106.01247062533,0.0,0.0,/Users/dawid/Library/Mobile Documents/com~apple~CloudDocs/Dokumenty/Publikacje własne/Manuscripts/Quantum_interference/data/Al7075_t_wyk.sur,1098.9068720286189,810.0000000000001,809.0,532.0,655289.9999999508,Aluminium 7075,Al7075,classical,256,256,3.0000000000000004,2,,Al7075_t_wyk,area,Turning (finishing),t_wyk,simple
779.5469206748348,524.5136807904041,546.3689426510782,992.4499143685813,687.0092608696518,922.2410215602662,31235.01135971181,31199.884564537664,85338.86653628112,0.0,0.0,255.03323988443069,233.17797802375662,305.44065349892946,70.20889280831511,35.12679517414806,-54103.855176569305,0.0,0.0,/Users/dawid/Library/Mobile Documents/com~apple~CloudDocs/Dokumenty/Publikacje własne/Manuscripts/Quantum_interference/data/Al7075_t_wyk.sur,716.1756744225094,810.0000000000001,809.0,532.0,655289.9999999508,Aluminium 7075,Al7075,quantum_like,256,256,3.0000000000000004,2,,Al7075_t_wyk,area,Turning (finishing),t_wyk,simple
500.1836158705394,524.5136807904041,546.3689426510782,634.5675246619007,687.0092608696518,922.2410215602662,7794.947066137582,31199.884564537664,85338.86653628112,0.0,0.0,-24.33006491986468,-46.185326780538745,-52.44173620775115,-287.6734968983655,-23404.93749840008,-77543.91947014353,0.0,0.0,/Users/dawid/Library/Mobile Documents/com~apple~CloudDocs/Dokumenty/Publikacje własne/Manuscripts/Quantum_interference/data/Al7075_t_wyk.sur,288.1991645994237,810.0000000000001,809.0,532.0,655289.9999999508,Aluminium 7075,Al7075,hybrid,256,256,3.0000000000000004,2,,Al7075_t_wyk,area,Turning (finishing),t_wyk,simple
685.6322325117719,524.5136807904041,546.3689426510782,897.3241944425242,687.0092608696518,922.2410215602662,8202.228634165891,31199.884564537664,85338.86653628112,0.0,0.0,161.11855172136777,139.2632898606937,210.3149335728724,-24.91682711774194,-22997.655930371773,-77136.63790211522,0.0,0.0,/Users/dawid/Library/Mobile Documents/com~apple~CloudDocs/Dokumenty/Publikacje własne/Manuscripts/Quantum_interference/data/Al7075_t_wyk.sur,1095.5839620416534,810.0000000000001,809.0,532.0,655289.9999999508,Aluminium 7075,Al7075,classical,256,256,3.0000000000000004,3,,Al7075_t_wyk,area,Turning (finishing),t_wyk,simple
772.536378783164,524.5136807904041,546.3689426510782,984.786479005246,687.0092608696518,922.2410215602662,31251.50830406773,31199.884564537664,85338.86653628112,0.0,0.0,248.02269799275984,226.16743613208578,297.77721813559407,62.54545744497973,51.6237395300676,-54087.35823221338,0.0,0.0,/Users/dawid/Library/Mobile Documents/com~apple~CloudDocs/Dokumenty/Publikacje własne/Manuscripts/Quantum_interference/data/Al7075_t_wyk.sur,706.3149890332558,810.0000000000001,809.0,532.0,655289.9999999508,Aluminium 7075,Al7075,quantum_like,256,256,3.0000000000000004,3,,Al7075_t_wyk,area,Turning (finishing),t_wyk,simple
495.8450808337962,524.5136807904041,546.3689426510782,632.2022583795645,687.0092608696518,922.2410215602662,7304.6268831784355,31199.884564537664,85338.86653628112,0.0,0.0,-28.668599956607938,-50.52386181728201,-54.80700249008741,-290.0387631807018,-23895.257681359228,-78034.23965310268,0.0,0.0,/Users/dawid/Library/Mobile Documents/com~apple~CloudDocs/Dokumenty/Publikacje własne/Manuscripts/Quantum_interference/data/Al7075_t_wyk.sur,287.33250159040466,810.0000000000001,809.0,532.0,655289.9999999508,Aluminium 7075,Al7075,hybrid,256,256,3.0000000000000004,3,,Al7075_t_wyk,area,Turning (finishing),t_wyk,simple
690.1797217123561,293.0939529305958,299.70349938185274,877.4769875630001,354.2118986734384,364.15267521941,6602.196859170469,2154.9281499577382,3032.6030471767835,0.0,0.0,397.0857687817603,390.47622233050333,523.2650888895618,513.32431234359,4447.26870921273,3569.593811993685,0.0,0.0,/Users/dawid/Library/Mobile Documents/com~apple~CloudDocs/Dokumenty/Publikacje własne/Manuscripts/Quantum_interference/data/Al_szkielkowane.sur,888.7529107867422,810.0000000000001,809.0,532.0,655289.9999999508,Aluminium 7075,Al,classical,256,256,3.0000000000000004,0,,Al_szkielkowane,area,Glass bead blasted,szkielkowane,simple
643.4467137076122,293.0939529305958,299.70349938185274,805.748556584296,354.2118986734384,364.15267521941,7121.0099842641275,2154.9281499577382,3032.6030471767835,0.0,0.0,350.3527607770164,343.7432143257594,451.53665791085757,441.59588136488594,4966.081834306389,4088.406937087344,0.0,0.0,/Users/dawid/Library/Mobile Documents/com~apple~CloudDocs/Dokumenty/Publikacje własne/Manuscripts/Quantum_interference/data/Al_szkielkowane.sur,722.8151742298971,810.0000000000001,809.0,532.0,655289.9999999508,Aluminium 7075,Al,quantum_like,256,256,3.0000000000000004,0,,Al_szkielkowane,area,Glass bead blasted,szkielkowane,simple
305.9042513222158,293.0939529305958,299.70349938185274,371.8021743773346,354.2118986734384,364.15267521941,2512.2796455124703,2154.9281499577382,3032.6030471767835,0.0,0.0,12.81029839162006,6.200751940363127,17.59027570389627,7.649499157924609,357.35149555473214,-520.3234016643131,0.0,0.0,/Users/dawid/Library/Mobile Documents/com~apple~CloudDocs/Dokumenty/Publikacje własne/Manuscripts/Quantum_interference/data/Al_szkielkowane.sur,185.306380105422,810.0000000000001,809.0,532.0,655289.9999999508,Aluminium 7075,Al,hybrid,256,256,3.0000000000000004,0,,Al_szkielkowane,area,Glass bead blasted,szkielkowane,simple
685.5683646320919,293.0939529305958,299.70349938185274,875.9160573736616,354.2118986734384,364.15267521941,6599.030945144877,2154.9281499577382,3032.6030471767835,0.0,0.0,392.474411701496,385.8648652502391,521.7041587002232,511.76338215425153,4444.102795187138,3566.4278979680926,0.0,0.0,/Users/dawid/Library/Mobile Documents/com~apple~CloudDocs/Dokumenty/Publikacje własne/Manuscripts/Quantum_interference/data/Al_szkielkowane.sur,885.5124579635733,810.0000000000001,809.0,532.0,655289.9999999508,Aluminium 7075,Al,classical,256,256,3.0000000000000004,1,,Al_szkielkowane,area,Glass bead blasted,szkielkowane,simple
631.0105363747448,293.0939529305958,299.70349938185274,790.3948938198251,354.2118986734384,364.15267521941,6859.934180122221,2154.9281499577382,3032.6030471767835,0.0,0.0,337.916583444149,331.3070369928921,436.1829951463868,426.2422186004152,4705.006030164483,3827.3311329454373,0.0,0.0,/Users/dawid/Library/Mobile Documents/com~apple~CloudDocs/Dokumenty/Publikacje własne/Manuscripts/Quantum_interference/data/Al_szkielkowane.sur,706.1167866979974,810.0000000000001,809.0,532.0,655289.9999999508,Aluminium 7075,Al,quantum_like,256,256,3.0000000000000004,1,,Al_szkielkowane,area,Glass bead blasted,szkielkowane,simple
301.2427092880524,293.0939529305958,299.70349938185274,366.2444216164628,354.2118986734384,364.15267521941,2561.169025942458,2154.9281499577382,3032.6030471767835,0.0,0.0,8.148756357456604,1.5392099061996696,12.03252294302441,2.0917463970527503,406.2408759847196,-471.43402123432566,0.0,0.0,/Users/dawid/Library/Mobile Documents/com~apple~CloudDocs/Dokumenty/Publikacje własne/Manuscripts/Quantum_interference/data/Al_szkielkowane.sur,180.71001829826835,810.0000000000001,809.0,532.0,655289.9999999508,Aluminium 7075,Al,hybrid,256,256,3.0000000000000004,1,,Al_szkielkowane,area,Glass bead blasted,szkielkowane,simple
688.1988032648935,293.0939529305958,299.70349938185274,874.8090606470419,354.2118986734384,364.15267521941,6601.566655957859,2154.9281499577382,3032.6030471767835,0.0,0.0,395.1048503342977,388.4953038830408,520.5971619736035,510.6563854276318,4446.638506000121,3568.9636087810754,0.0,0.0,/Users/dawid/Library/Mobile Documents/com~apple~CloudDocs/Dokumenty/Publikacje własne/Manuscripts/Quantum_interference/data/Al_szkielkowane.sur,885.5407675619831,810.0000000000001,809.0,532.0,655289.9999999508,Aluminium 7075,Al,classical,256,256,3.0000000000000004,2,,Al_szkielkowane,area,Glass bead blasted,szkielkowane,simple
637.5623317288868,293.0939529305958,299.70349938185274,799.7223914934283,354.2118986734384,364.15267521941,6788.397106494685,2154.9281499577382,3032.6030471767835,0.0,0.0,344.468378798291,337.858832347034,445.51049281998996,435.5697162740183,4633.468956536947,3755.794059317902,0.0,0.0,/Users/dawid/Library/Mobile Documents/com~apple~CloudDocs/Dokumenty/Publikacje własne/Manuscripts/Quantum_interference/data/Al_szkielkowane.sur,716.0188915676673,810.0000000000001,809.0,532.0,655289.9999999508,Aluminium 7075,Al,quantum_like,256,256,3.0000000000000004,2,,Al_szkielkowane,area,Glass bead blasted,szkielkowane,simple
303.4996523555467,293.0939529305958,299.70349938185274,368.83349704877514,354.2118986734384,364.15267521941,2583.998853792226,2154.9281499577382,3032.6030471767835,0.0,0.0,10.405699424950885,3.7961529736939514,14.621598375336797,4.6808218293651365,429.0707038344875,-448.60419338455773,0.0,0.0,/Users/dawid/Library/Mobile Documents/com~apple~CloudDocs/Dokumenty/Publikacje własne/Manuscripts/Quantum_interference/data/Al_szkielkowane.sur,181.3337038011896,810.0000000000001,809.0,532.0,655289.9999999508,Aluminium 7075,Al,hybrid,256,256,3.0000000000000004,2,,Al_szkielkowane,area,Glass bead blasted,szkielkowane,simple
684.1417764680948,293.0939529305958,299.70349938185274,872.4677722594648,354.2118986734384,364.15267521941,6597.670509396874,2154.9281499577382,3032.6030471767835,0.0,0.0,391.047823537499,384.4382770862421,518.2558735860264,508.3150970400548,4442.742359439136,3565.0674622200904,0.0,0.0,/Users/dawid/Library/Mobile Documents/com~apple~CloudDocs/Dokumenty/Publikacje własne/Manuscripts/Quantum_interference/data/Al_szkielkowane.sur,883.876754139178,810.0000000000001,809.0,532.0,655289.9999999508,Aluminium 7075,Al,classical,256,256,3.0000000000000004,3,,Al_szkielkowane,area,Glass bead blasted,szkielkowane,simple
638.2893555522671,293.0939529305958,299.70349938185274,798.8069390492293,354.2118986734384,364.15267521941,6840.343346329903,2154.9281499577382,3032.6030471767835,0.0,0.0,345.1954026216713,338.5858561704144,444.5950403757909,434.6542638298193,4685.415196372165,3807.7402991531194,0.0,0.0,/Users/dawid/Library/Mobile Documents/com~apple~CloudDocs/Dokumenty/Publikacje własne/Manuscripts/Quantum_interference/data/Al_szkielkowane.sur,715.2080475544215,810.0000000000001,809.0,532.0,655289.9999999508,Aluminium 7075,Al,quantum_like,256,256,3.0000000000000004,3,,Al_szkielkowane,area,Glass bead blasted,szkielkowane,simple
302.5630350456604,293.0939529305958,299.70349938185274,367.8261949135389,354.2118986734384,364.15267521941,2426.6433624680185,2154.9281499577382,3032.6030471767835,0.0,0.0,9.469082115064605,2.8595356638076717,13.614296240100588,3.673519694128928,271.7152125102802,-605.959684708765,0.0,0.0,/Users/dawid/Library/Mobile Documents/com~apple~CloudDocs/Dokumenty/Publikacje własne/Manuscripts/Quantum_interference/data/Al_szkielkowane.sur,180.70161103966953,810.0000000000001,809.0,532.0,655289.9999999508,Aluminium 7075,Al,hybrid,256,256,3.0000000000000004,3,,Al_szkielkowane,area,Glass bead blasted,szkielkowane,simple
63.7978672529216,63.67904400930688,66.55707432300152,81.56829394476304,81.49109450002742,84.85770719843457,475.1995249387576,473.8258971126187,638.6250286224301,0.0,0.0,0.11882324361471824,-2.759207070079921,0.07719944473561696,-3.289413253671531,1.373627826138861,-163.42550368367262,0.0,0.0,/Users/dawid/Library/Mobile Documents/com~apple~CloudDocs/Dokumenty/Publikacje własne/Manuscripts/Quantum_interference/data/Al_szlifowane.sur,0.9692776036577191,810.0000000000001,809.0,532.0,655289.9999999508,Aluminium 7075,Al,classical,256,256,3.0000000000000004,0,,Al_szlifowane,area,Grinding,szlifowane,simple
566.8488753160356,63.67904400930688,66.55707432300152,710.8647315869151,81.49109450002742,84.85770719843457,6381.422004366806,473.8258971126187,638.6250286224301,0.0,0.0,503.16983130672867,500.29180099303414,629.3736370868877,626.0070243884807,5907.596107254187,5742.796975744375,0.0,0.0,/Users/dawid/Library/Mobile Documents/com~apple~CloudDocs/Dokumenty/Publikacje własne/Manuscripts/Quantum_interference/data/Al_szlifowane.sur,705.7722980236048,810.0000000000001,809.0,532.0,655289.9999999508,Aluminium 7075,Al,quantum_like,256,256,3.0000000000000004,0,,Al_szlifowane,area,Grinding,szlifowane,simple
127.76851692521758,63.67904400930688,66.55707432300152,172.0222873220637,81.49109450002742,84.85770719843457,1447.656634266384,473.8258971126187,638.6250286224301,0.0,0.0,64.0894729159107,61.21144260221607,90.53119282203627,87.16458012362912,973.8307371537652,809.0316056439539,0.0,0.0,/Users/dawid/Library/Mobile Documents/com~apple~CloudDocs/Dokumenty/Publikacje własne/Manuscripts/Quantum_interference/data/Al_szlifowane.sur,154.0206797603759,810.0000000000001,809.0,532.0,655289.9999999508,Aluminium 7075,Al,hybrid,256,256,3.0000000000000004,0,,Al_szlifowane,area,Grinding,szlifowane,simple
63.678884141139804,63.67904400930688,66.55707432300152,81.49250777685836,81.49109450002742,84.85770719843457,474.49504800289765,473.8258971126187,638.6250286224301,0.0,0.0,-0.00015986816707546915,-2.8781901818617146,0.0014132768309379278,-3.3651994215762104,0.6691508902789612,-164.12998061953252,0.0,0.0,/Users/dawid/Library/Mobile Documents/com~apple~CloudDocs/Dokumenty/Publikacje własne/Manuscripts/Quantum_interference/data/Al_szlifowane.sur,0.24885137885352587,810.0000000000001,809.0,532.0,655289.9999999508,Aluminium 7075,Al,classical,256,256,3.0000000000000004,1,,Al_szlifowane,area,Grinding,szlifowane,simple
572.8328730360503,63.67904400930688,66.55707432300152,717.9601734534889,81.49109450002742,84.85770719843457,6602.618013254971,473.8258971126187,638.6250286224301,0.0,0.0,509.1538290267433,506.27579871304863,636.4690789534613,633.1024662550543,6128.792116142352,5963.99298463254,0.0,0.0,/Users/dawid/Library/Mobile Documents/com~apple~CloudDocs/Dokumenty/Publikacje własne/Manuscripts/Quantum_interference/data/Al_szlifowane.sur,713.462852967808,810.0000000000001,809.0,532.0,655289.9999999508,Aluminium 7075,Al,quantum_like,256,256,3.0000000000000004,1,,Al_szlifowane,area,Grinding,szlifowane,simple
134.55998319723375,63.67904400930688,66.55707432300152,170.93446741282293,81.49109450002742,84.85770719843457,1570.8864083290182,473.8258971126187,638.6250286224301,0.0,0.0,70.88093918792686,68.00290887423222,89.44337291279551,86.07676021438837,1097.0605112163996,932.2613797065881,0.0,0.0,/Users/dawid/Library/Mobile Documents/com~apple~CloudDocs/Dokumenty/Publikacje własne/Manuscripts/Quantum_interference/data/Al_szlifowane.sur,155.073124047469,810.0000000000001,809.0,532.0,655289.9999999508,Aluminium 7075,Al,hybrid,256,256,3.0000000000000004,1,,Al_szlifowane,area,Grinding,szlifowane,simple
63.68625448301625,63.67904400930688,66.55707432300152,81.50474710646779,81.49109450002742,84.85770719843457,473.75391692976393,473.8258971126187,638.6250286224301,0.0,0.0,0.007210473709371768,-2.8708198399852676,0.013652606440369778,-3.3529600919667786,-0.07198018285478183,-164.87111169266626,0.0,0.0,/Users/dawid/Library/Mobile Documents/com~apple~CloudDocs/Dokumenty/Publikacje własne/Manuscripts/Quantum_interference/data/Al_szlifowane.sur,0.30408172253634597,810.0000000000001,809.0,532.0,655289.9999999508,Aluminium 7075,Al,classical,256,256,3.0000000000000004,2,,Al_szlifowane,area,Grinding,szlifowane,simple
567.8118945412599,63.67904400930688,66.55707432300152,710.9902764004547,81.49109450002742,84.85770719843457,6380.170000282201,473.8258971126187,638.6250286224301,0.0,0.0,504.132850531953,501.2548202182584,629.4991819004272,626.1325692020201,5906.344103169582,5741.54497165977,0.0,0.0,/Users/dawid/Library/Mobile Documents/com~apple~CloudDocs/Dokumenty/Publikacje własne/Manuscripts/Quantum_interference/data/Al_szlifowane.sur,706.1971467735232,810.0000000000001,809.0,532.0,655289.9999999508,Aluminium 7075,Al,quantum_like,256,256,3.0000000000000004,2,,Al_szlifowane,area,Grinding,szlifowane,simple
140.53188011280673,63.67904400930688,66.55707432300152,172.5226527128851,81.49109450002742,84.85770719843457,1531.2240493413588,473.8258971126187,638.6250286224301,0.0,0.0,76.85283610349985,73.97480578980522,91.03155821285769,87.66494551445054,1057.39815222874,892.5990207189285,0.0,0.0,/Users/dawid/Library/Mobile Documents/com~apple~CloudDocs/Dokumenty/Publikacje własne/Manuscripts/Quantum_interference/data/Al_szlifowane.sur,155.8947802842015,810.0000000000001,809.0,532.0,655289.9999999508,Aluminium 7075,Al,hybrid,256,256,3.0000000000000004,2,,Al_szlifowane,area,Grinding,szlifowane,simple
63.82024128673951,63.67904400930688,66.55707432300152,81.63389418635168,81.49109450002742,84.85770719843457,475.42606543061214,473.8258971126187,638.6250286224301,0.0,0.0,0.14119727743263297,-2.736833036262006,0.14279968632426332,-3.2238130120828847,1.600168317993468,-163.198963191818,0.0,0.0,/Users/dawid/Library/Mobile Documents/com~apple~CloudDocs/Dokumenty/Publikacje własne/Manuscripts/Quantum_interference/data/Al_szlifowane.sur,1.6491839753337065,810.0000000000001,809.0,532.0,655289.9999999508,Aluminium 7075,Al,classical,256,256,3.0000000000000004,3,,Al_szlifowane,area,Grinding,szlifowane,simple
564.6309295361125,63.67904400930688,66.55707432300152,707.1797934589971,81.49109450002742,84.85770719843457,6255.7801088982105,473.8258971126187,638.6250286224301,0.0,0.0,500.9518855268056,498.073855213111,625.6886989589697,622.3220862605626,5781.954211785592,5617.15508027578,0.0,0.0,/Users/dawid/Library/Mobile Documents/com~apple~CloudDocs/Dokumenty/Publikacje własne/Manuscripts/Quantum_interference/data/Al_szlifowane.sur,702.9253715973139,810.0000000000001,809.0,532.0,655289.9999999508,Aluminium 7075,Al,quantum_like,256,256,3.0000000000000004,3,,Al_szlifowane,area,Grinding,szlifowane,simple
133.39767586696806,63.67904400930688,66.55707432300152,166.3983639162814,81.49109450002742,84.85770719843457,1561.9575991283448,473.8258971126187,638.6250286224301,0.0,0.0,69.71863185766118,66.84060154396654,84.90726941625397,81.54065671784682,1088.1317020157262,923.3325705059146,0.0,0.0,/Users/dawid/Library/Mobile Documents/com~apple~CloudDocs/Dokumenty/Publikacje własne/Manuscripts/Quantum_interference/data/Al_szlifowane.sur,151.7714775285554,810.0000000000001,809.0,532.0,655289.9999999508,Aluminium 7075,Al,hybrid,256,256,3.0000000000000004,3,,Al_szlifowane,area,Grinding,szlifowane,simple
467.23928907329014,223.31743222772795,297.16816890965,588.9445820584247,272.5381756206323,365.33382951310733,4129.250551259128,1738.0094316217455,2768.298898994887,0.0,0.0,243.92185684556216,170.07112016364013,316.4064064377924,223.61075254531733,2391.2411196373823,1360.951652264241,0.0,0.0,/Users/dawid/Library/Mobile Documents/com~apple~CloudDocs/Dokumenty/Publikacje własne/Manuscripts/Quantum_interference/data/C45_oselkowane.sur,563.4462824050163,810.0000000000001,809.0,532.0,655289.9999999508,Steel C45,C45,classical,256,256,3.0000000000000004,0,,C45_oselkowane,area,Honed,oselkowane,simple
606.1102041633135,223.31743222772795,297.16816890965,758.4199573827498,272.5381756206323,365.33382951310733,6378.830630638645,1738.0094316217455,2768.298898994887,0.0,0.0,382.79277193558556,308.9420352536635,485.88178176211744,393.0861278696424,4640.821199016898,3610.531731643757,0.0,0.0,/Users/dawid/Library/Mobile Documents/com~apple~CloudDocs/Dokumenty/Publikacje własne/Manuscripts/Quantum_interference/data/C45_oselkowane.sur,706.6942339535346,810.0000000000001,809.0,532.0,655289.9999999508,Steel C45,C45,quantum_like,256,256,3.0000000000000004,0,,C45_oselkowane,area,Honed,oselkowane,simple
183.5544524154463,223.31743222772795,297.16816890965,228.57196778275446,272.5381756206323,365.33382951310733,1943.5372536827506,1738.0094316217455,2768.298898994887,0.0,0.0,-39.762979812281664,-113.6137164942037,-43.96620783787784,-136.76186173035288,205.5278220610049,-824.7616453121366,0.0,0.0,/Users/dawid/Library/Mobile Documents/com~apple~CloudDocs/Dokumenty/Publikacje własne/Manuscripts/Quantum_interference/data/C45_oselkowane.sur,257.0985807405257,810.0000000000001,809.0,532.0,655289.9999999508,Steel C45,C45,hybrid,256,256,3.0000000000000004,0,,C45_oselkowane,area,Honed,oselkowane,simple
461.0773384131166,223.31743222772795,297.16816890965,579.7107199871986,272.5381756206323,365.33382951310733,3936.817757492387,1738.0094316217455,2768.298898994887,0.0,0.0,237.75990618538862,163.9091695034666,307.1725443665662,214.3768904740912,2198.8083258706415,1168.5188584975,0.0,0.0,/Users/dawid/Library/Mobile Documents/com~apple~CloudDocs/Dokumenty/Publikacje własne/Manuscripts/Quantum_interference/data/C45_oselkowane.sur,550.5357743380831,810.0000000000001,809.0,532.0,655289.9999999508,Steel C45,C45,classical,256,256,3.0000000000000004,1,,C45_oselkowane,area,Honed,oselkowane,simple
607.8306968552287,223.31743222772795,297.16816890965,760.9539211279441,272.5381756206323,365.33382951310733,6376.237116261124,1738.0094316217455,2768.298898994887,0.0,0.0,384.5132646275007,310.66252794557863,488.41574550731184,395.62009161483684,4638.227684639379,3607.9382172662376,0.0,0.0,/Users/dawid/Library/Mobile Documents/com~apple~CloudDocs/Dokumenty/Publikacje własne/Manuscripts/Quantum_interference/data/C45_oselkowane.sur,711.149819511089,810.0000000000001,809.0,532.0,655289.9999999508,Steel C45,C45,quantum_like,256,256,3.0000000000000004,1,,C45_oselkowane,area,Honed,oselkowane,simple
184.04618328804048,223.31743222772795,297.16816890965,231.0748400332056,272.5381756206323,365.33382951310733,1975.235777071343,1738.0094316217455,2768.298898994887,0.0,0.0,-39.27124893968748,-113.12198562160953,-41.4633355874267,-134.25898947990174,237.22634544959723,-793.0631219235441,0.0,0.0,/Users/dawid/Library/Mobile Documents/com~apple~CloudDocs/Dokumenty/Publikacje własne/Manuscripts/Quantum_interference/data/C45_oselkowane.sur,259.42224338801617,810.0000000000001,809.0,532.0,655289.9999999508,Steel C45,C45,hybrid,256,256,3.0000000000000004,1,,C45_oselkowane,area,Honed,oselkowane,simple
467.53894297142875,223.31743222772795,297.16816890965,589.302062301908,272.5381756206323,365.33382951310733,4144.561297504374,1738.0094316217455,2768.298898994887,0.0,0.0,244.22151074370078,170.37077406177872,316.7638866812757,223.96823278880072,2406.5518658826286,1376.262398509487,0.0,0.0,/Users/dawid/Library/Mobile Documents/com~apple~CloudDocs/Dokumenty/Publikacje własne/Manuscripts/Quantum_interference/data/C45_oselkowane.sur,564.6430506686531,810.0000000000001,809.0,532.0,655289.9999999508,Steel C45,C45,classical,256,256,3.0000000000000004,2,,C45_oselkowane,area,Honed,oselkowane,simple
610.1121027121418,223.31743222772795,297.16816890965,764.4708547159136,272.5381756206323,365.33382951310733,6829.7180564551945,1738.0094316217455,2768.298898994887,0.0,0.0,386.7946704844138,312.94393380249176,491.93267909528134,399.1370252028063,5091.70862483345,4061.419157460308,0.0,0.0,/Users/dawid/Library/Mobile Documents/com~apple~CloudDocs/Dokumenty/Publikacje własne/Manuscripts/Quantum_interference/data/C45_oselkowane.sur,713.1621121440182,810.0000000000001,809.0,532.0,655289.9999999508,Steel C45,C45,quantum_like,256,256,3.0000000000000004,2,,C45_oselkowane,area,Honed,oselkowane,simple
186.69798831684093,223.31743222772795,297.16816890965,233.41519180022243,272.5381756206323,365.33382951310733,2170.3265189936183,1738.0094316217455,2768.298898994887,0.0,0.0,-36.619443910887014,-110.47018059280906,-39.12298382040987,-131.9186377128849,432.3170873718728,-597.9723800012687,0.0,0.0,/Users/dawid/Library/Mobile Documents/com~apple~CloudDocs/Dokumenty/Publikacje własne/Manuscripts/Quantum_interference/data/C45_oselkowane.sur,259.6094173181384,810.0000000000001,809.0,532.0,655289.9999999508,Steel C45,C45,hybrid,256,256,3.0000000000000004,2,,C45_oselkowane,area,Honed,oselkowane,simple
464.43437082844014,223.31743222772795,297.16816890965,583.9734951183466,272.5381756206323,365.33382951310733,3928.769797428556,1738.0094316217455,2768.298898994887,0.0,0.0,241.11693860071222,167.26620191879016,311.4353194977143,218.6396656052393,2190.7603658068106,1160.4708984336692,0.0,0.0,/Users/dawid/Library/Mobile Documents/com~apple~CloudDocs/Dokumenty/Publikacje własne/Manuscripts/Quantum_interference/data/C45_oselkowane.sur,553.6279566256794,810.0000000000001,809.0,532.0,655289.9999999508,Steel C45,C45,classical,256,256,3.0000000000000004,3,,C45_oselkowane,area,Honed,oselkowane,simple
606.224516048991,223.31743222772795,297.16816890965,759.4662528288665,272.5381756206323,365.33382951310733,6306.69198983562,1738.0094316217455,2768.298898994887,0.0,0.0,382.907083821263,309.0563471393409,486.9280772082342,394.1324233157592,4568.682558213874,3538.393090840733,0.0,0.0,/Users/dawid/Library/Mobile Documents/com~apple~CloudDocs/Dokumenty/Publikacje własne/Manuscripts/Quantum_interference/data/C45_oselkowane.sur,708.6146566391218,810.0000000000001,809.0,532.0,655289.9999999508,Steel C45,C45,quantum_like,256,256,3.0000000000000004,3,,C45_oselkowane,area,Honed,oselkowane,simple
180.87010158710189,223.31743222772795,297.16816890965,227.4881520393048,272.5381756206323,365.33382951310733,1950.389106246488,1738.0094316217455,2768.298898994887,0.0,0.0,-42.44733064062607,-116.2980673225481,-45.0500235813275,-137.84567747380254,212.3796746247423,-817.9097927483991,0.0,0.0,/Users/dawid/Library/Mobile Documents/com~apple~CloudDocs/Dokumenty/Publikacje własne/Manuscripts/Quantum_interference/data/C45_oselkowane.sur,257.7305139276752,810.0000000000001,809.0,532.0,655289.9999999508,Steel C45,C45,hybrid,256,256,3.0000000000000004,3,,C45_oselkowane,area,Honed,oselkowane,simple
659.0246317500677,201.86236291841112,304.0087497191734,855.6555591004229,252.25718011110456,380.88187998390504,6193.234062843934,1739.620230782732,2637.5771352498405,0.0,0.0,457.1622688316565,355.0158820308942,603.3983789893183,474.7736791165179,4453.613832061202,3555.6569275940933,0.0,0.0,/Users/dawid/Library/Mobile Documents/com~apple~CloudDocs/Dokumenty/Publikacje własne/Manuscripts/Quantum_interference/data/C45_szkielkowane.sur,874.8061018629987,810.0000000000001,809.0,532.0,655289.9999999508,Steel C45,C45,classical,256,256,3.0000000000000004,0,,C45_szkielkowane,area,Glass bead blasted,szkielkowane,simple
601.4240175183293,201.86236291841112,304.0087497191734,754.0411195160626,252.25718011110456,380.88187998390504,6361.857709077066,1739.620230782732,2637.5771352498405,0.0,0.0,399.56165459991814,297.41526779915586,501.78393940495806,373.1592395321576,4622.237478294334,3724.280573827226,0.0,0.0,/Users/dawid/Library/Mobile Documents/com~apple~CloudDocs/Dokumenty/Publikacje własne/Manuscripts/Quantum_interference/data/C45_szkielkowane.sur,710.4786259480176,810.0000000000001,809.0,532.0,655289.9999999508,Steel C45,C45,quantum_like,256,256,3.0000000000000004,0,,C45_szkielkowane,area,Glass bead blasted,szkielkowane,simple
155.1248306187117,201.86236291841112,304.0087497191734,194.31093322617895,252.25718011110456,380.88187998390504,1659.7682997739287,1739.620230782732,2637.5771352498405,0.0,0.0,-46.737532299699396,-148.8839191004617,-57.94624688492563,-186.57094675772612,-79.85193100880352,-977.808835475912,0.0,0.0,/Users/dawid/Library/Mobile Documents/com~apple~CloudDocs/Dokumenty/Publikacje własne/Manuscripts/Quantum_interference/data/C45_szkielkowane.sur,264.47443645425955,810.0000000000001,809.0,532.0,655289.9999999508,Steel C45,C45,hybrid,256,256,3.0000000000000004,0,,C45_szkielkowane,area,Glass bead blasted,szkielkowane,simple
657.4556656605081,201.86236291841112,304.0087497191734,854.1389358533971,252.25718011110456,380.88187998390504,6196.030880721336,1739.620230782732,2637.5771352498405,0.0,0.0,455.59330274209697,353.4469159413347,601.8817557422925,473.2570558694921,4456.4106499386035,3558.453745471495,0.0,0.0,/Users/dawid/Library/Mobile Documents/com~apple~CloudDocs/Dokumenty/Publikacje własne/Manuscripts/Quantum_interference/data/C45_szkielkowane.sur,873.5154789982572,810.0000000000001,809.0,532.0,655289.9999999508,Steel C45,C45,classical,256,256,3.0000000000000004,1,,C45_szkielkowane,area,Glass bead blasted,szkielkowane,simple
602.3856120523136,201.86236291841112,304.0087497191734,755.1334641156361,252.25718011110456,380.88187998390504,6277.293737898262,1739.620230782732,2637.5771352498405,0.0,0.0,400.5232491339024,298.37686233314014,502.87628400453156,374.2515841317311,4537.673507115531,3639.7166026484224,0.0,0.0,/Users/dawid/Library/Mobile Documents/com~apple~CloudDocs/Dokumenty/Publikacje własne/Manuscripts/Quantum_interference/data/C45_szkielkowane.sur,711.2939763842237,810.0000000000001,809.0,532.0,655289.9999999508,Steel C45,C45,quantum_like,256,256,3.0000000000000004,1,,C45_szkielkowane,area,Glass bead blasted,szkielkowane,simple
154.3024360086522,201.86236291841112,304.0087497191734,193.35837103882255,252.25718011110456,380.88187998390504,1765.2078646645798,1739.620230782732,2637.5771352498405,0.0,0.0,-47.55992690975892,-149.70631371052121,-58.898809072282006,-187.52350894508248,25.587633881847637,-872.3692705852608,0.0,0.0,/Users/dawid/Library/Mobile Documents/com~apple~CloudDocs/Dokumenty/Publikacje własne/Manuscripts/Quantum_interference/data/C45_szkielkowane.sur,264.2197930787275,810.0000000000001,809.0,532.0,655289.9999999508,Steel C45,C45,hybrid,256,256,3.0000000000000004,1,,C45_szkielkowane,area,Glass bead blasted,szkielkowane,simple
662.7768229814053,201.86236291841112,304.0087497191734,864.3856644250832,252.25718011110456,380.88187998390504,6207.047266646739,1739.620230782732,2637.5771352498405,0.0,0.0,460.9144600629942,358.7680732622319,612.1284843139787,483.50378444117814,4467.427035864007,3569.470131396899,0.0,0.0,/Users/dawid/Library/Mobile Documents/com~apple~CloudDocs/Dokumenty/Publikacje własne/Manuscripts/Quantum_interference/data/C45_szkielkowane.sur,883.2138644603837,810.0000000000001,809.0,532.0,655289.9999999508,Steel C45,C45,classical,256,256,3.0000000000000004,2,,C45_szkielkowane,area,Glass bead blasted,szkielkowane,simple
604.9765594475087,201.86236291841112,304.0087497191734,758.5666708696059,252.25718011110456,380.88187998390504,6565.421416624462,1739.620230782732,2637.5771352498405,0.0,0.0,403.11419652909757,300.9678097283353,506.30949075850134,377.68479088570086,4825.801185841729,3927.8442813746215,0.0,0.0,/Users/dawid/Library/Mobile Documents/com~apple~CloudDocs/Dokumenty/Publikacje własne/Manuscripts/Quantum_interference/data/C45_szkielkowane.sur,713.7326064029196,810.0000000000001,809.0,532.0,655289.9999999508,Steel C45,C45,quantum_like,256,256,3.0000000000000004,2,,C45_szkielkowane,area,Glass bead blasted,szkielkowane,simple
155.40692139052928,201.86236291841112,304.0087497191734,195.3740389466528,252.25718011110456,380.88187998390504,1794.9005923550637,1739.620230782732,2637.5771352498405,0.0,0.0,-46.45544152788185,-148.60182832864416,-56.883141164451764,-185.50784103725223,55.28036157233163,-842.6765428947768,0.0,0.0,/Users/dawid/Library/Mobile Documents/com~apple~CloudDocs/Dokumenty/Publikacje własne/Manuscripts/Quantum_interference/data/C45_szkielkowane.sur,264.01442929203193,810.0000000000001,809.0,532.0,655289.9999999508,Steel C45,C45,hybrid,256,256,3.0000000000000004,2,,C45_szkielkowane,area,Glass bead blasted,szkielkowane,simple
660.8762343486584,201.86236291841112,304.0087497191734,856.1610030785497,252.25718011110456,380.88187998390504,6199.718764284402,1739.620230782732,2637.5771352498405,0.0,0.0,459.0138714302473,356.867484629485,603.9038229674451,475.2791230946446,4460.09853350167,3562.141629034562,0.0,0.0,/Users/dawid/Library/Mobile Documents/com~apple~CloudDocs/Dokumenty/Publikacje własne/Manuscripts/Quantum_interference/data/C45_szkielkowane.sur,875.5494365196093,810.0000000000001,809.0,532.0,655289.9999999508,Steel C45,C45,classical,256,256,3.0000000000000004,3,,C45_szkielkowane,area,Glass bead blasted,szkielkowane,simple
602.9005417803729,201.86236291841112,304.0087497191734,754.1987438285611,252.25718011110456,380.88187998390504,6363.370484318884,1739.620230782732,2637.5771352498405,0.0,0.0,401.03817886196185,298.89179206119957,501.9415637174565,373.31686384465604,4623.750253536152,3725.793349069044,0.0,0.0,/Users/dawid/Library/Mobile Documents/com~apple~CloudDocs/Dokumenty/Publikacje własne/Manuscripts/Quantum_interference/data/C45_szkielkowane.sur,711.971376243302,810.0000000000001,809.0,532.0,655289.9999999508,Steel C45,C45,quantum_like,256,256,3.0000000000000004,3,,C45_szkielkowane,area,Glass bead blasted,szkielkowane,simple
152.07632501276336,201.86236291841112,304.0087497191734,190.93192149987277,252.25718011110456,380.88187998390504,1626.6531201993707,1739.620230782732,2637.5771352498405,0.0,0.0,-49.78603790564775,-151.93242470641007,-61.325258611231796,-189.94995848403227,-112.96711058336126,-1010.9240150504697,0.0,0.0,/Users/dawid/Library/Mobile Documents/com~apple~CloudDocs/Dokumenty/Publikacje własne/Manuscripts/Quantum_interference/data/C45_szkielkowane.sur,264.20419155529186,810.0000000000001,809.0,532.0,655289.9999999508,Steel C45,C45,hybrid,256,256,3.0000000000000004,3,,C45_szkielkowane,area,Glass bead blasted,szkielkowane,simple
616.9156897724562,234.32438033986708,294.2677905732902,801.3380042061353,292.51105888481834,373.10076478927004,6045.804834088137,2256.4749962736864,4746.313267479542,0.0,0.0,382.5913094325891,322.647899199166,508.826945321317,428.23723941686535,3789.329837814451,1299.491566608595,0.0,0.0,/Users/dawid/Library/Mobile Documents/com~apple~CloudDocs/Dokumenty/Publikacje własne/Manuscripts/Quantum_interference/data/C45_szlifowane.sur,840.9008651709596,810.0000000000001,809.0,532.0,655289.9999999508,Steel C45,C45,classical,256,256,3.0000000000000004,0,,C45_szlifowane,area,Grinding,szlifowane,simple
612.9364895926093,234.32438033986708,294.2677905732902,768.246425846165,292.51105888481834,373.10076478927004,7720.406795898345,2256.4749962736864,4746.313267479542,0.0,0.0,378.6121092527422,318.66869901931904,475.7353669613467,395.14566105689494,5463.931799624659,2974.093528418803,0.0,0.0,/Users/dawid/Library/Mobile Documents/com~apple~CloudDocs/Dokumenty/Publikacje własne/Manuscripts/Quantum_interference/data/C45_szlifowane.sur,710.6764950893872,810.0000000000001,809.0,532.0,655289.9999999508,Steel C45,C45,quantum_like,256,256,3.0000000000000004,0,,C45_szlifowane,area,Grinding,szlifowane,simple
206.04419998889773,234.32438033986708,294.2677905732902,255.52266509873877,292.51105888481834,373.10076478927004,1931.7912501626554,2256.4749962736864,4746.313267479542,0.0,0.0,-28.28018035096935,-88.22359058439247,-36.98839378607956,-117.57809969053129,-324.6837461110309,-2814.522017316887,0.0,0.0,/Users/dawid/Library/Mobile Documents/com~apple~CloudDocs/Dokumenty/Publikacje własne/Manuscripts/Quantum_interference/data/C45_szlifowane.sur,246.83405577447053,810.0000000000001,809.0,532.0,655289.9999999508,Steel C45,C45,hybrid,256,256,3.0000000000000004,0,,C45_szlifowane,area,Grinding,szlifowane,simple
623.9431203735047,234.32438033986708,294.2677905732902,808.4897975013204,292.51105888481834,373.10076478927004,6147.702354125983,2256.4749962736864,4746.313267479542,0.0,0.0,389.61874003363766,329.6753298002145,515.9787386165021,435.3890327120503,3891.2273578522963,1401.3890866464405,0.0,0.0,/Users/dawid/Library/Mobile Documents/com~apple~CloudDocs/Dokumenty/Publikacje własne/Manuscripts/Quantum_interference/data/C45_szlifowane.sur,844.9042030333964,810.0000000000001,809.0,532.0,655289.9999999508,Steel C45,C45,classical,256,256,3.0000000000000004,1,,C45_szlifowane,area,Grinding,szlifowane,simple
613.49680031616,234.32438033986708,294.2677905732902,767.6897704360895,292.51105888481834,373.10076478927004,6616.8352180374295,2256.4749962736864,4746.313267479542,0.0,0.0,379.17241997629293,319.2290097428698,475.1787115512711,394.5890056468194,4360.360221763743,1870.5219505578868,0.0,0.0,/Users/dawid/Library/Mobile Documents/com~apple~CloudDocs/Dokumenty/Publikacje własne/Manuscripts/Quantum_interference/data/C45_szlifowane.sur,712.0316637542616,810.0000000000001,809.0,532.0,655289.9999999508,Steel C45,C45,quantum_like,256,256,3.0000000000000004,1,,C45_szlifowane,area,Grinding,szlifowane,simple
206.76572693700928,234.32438033986708,294.2677905732902,255.65337800248287,292.51105888481834,373.10076478927004,1937.486019314023,2256.4749962736864,4746.313267479542,0.0,0.0,-27.55865340285779,-87.50206363628091,-36.85768088233546,-117.44738678678718,-318.98897695966343,-2808.8272481655194,0.0,0.0,/Users/dawid/Library/Mobile Documents/com~apple~CloudDocs/Dokumenty/Publikacje własne/Manuscripts/Quantum_interference/data/C45_szlifowane.sur,248.72977238344865,810.0000000000001,809.0,532.0,655289.9999999508,Steel C45,C45,hybrid,256,256,3.0000000000000004,1,,C45_szlifowane,area,Grinding,szlifowane,simple
623.4858081238658,234.32438033986708,294.2677905732902,806.8913789832144,292.51105888481834,373.10076478927004,6147.840973293664,2256.4749962736864,4746.313267479542,0.0,0.0,389.1614277839987,329.2180175505756,514.380320098396,433.7906141939443,3891.3659770199774,1401.5277058141216,0.0,0.0,/Users/dawid/Library/Mobile Documents/com~apple~CloudDocs/Dokumenty/Publikacje własne/Manuscripts/Quantum_interference/data/C45_szlifowane.sur,843.6463230412231,810.0000000000001,809.0,532.0,655289.9999999508,Steel C45,C45,classical,256,256,3.0000000000000004,2,,C45_szlifowane,area,Grinding,szlifowane,simple
611.9938943139211,234.32438033986708,294.2677905732902,766.7987591650282,292.51105888481834,373.10076478927004,6532.019388042434,2256.4749962736864,4746.313267479542,0.0,0.0,377.66951397405404,317.7261037406309,474.2877002802098,393.69799437575807,4275.544391768747,1785.7061205628913,0.0,0.0,/Users/dawid/Library/Mobile Documents/com~apple~CloudDocs/Dokumenty/Publikacje własne/Manuscripts/Quantum_interference/data/C45_szlifowane.sur,706.9348919705752,810.0000000000001,809.0,532.0,655289.9999999508,Steel C45,C45,quantum_like,256,256,3.0000000000000004,2,,C45_szlifowane,area,Grinding,szlifowane,simple
212.32565635825082,234.32438033986708,294.2677905732902,262.4079357357409,292.51105888481834,373.10076478927004,1896.9945277133759,2256.4749962736864,4746.313267479542,0.0,0.0,-21.99872398161625,-81.94213421503937,-30.103123149077412,-110.69282905352914,-359.4804685603104,-2849.3187397661663,0.0,0.0,/Users/dawid/Library/Mobile Documents/com~apple~CloudDocs/Dokumenty/Publikacje własne/Manuscripts/Quantum_interference/data/C45_szlifowane.sur,245.40358346851303,810.0000000000001,809.0,532.0,655289.9999999508,Steel C45,C45,hybrid,256,256,3.0000000000000004,2,,C45_szlifowane,area,Grinding,szlifowane,simple
620.6910058600812,234.32438033986708,294.2677905732902,805.7066764194785,292.51105888481834,373.10076478927004,6223.596890926608,2256.4749962736864,4746.313267479542,0.0,0.0,386.36662552021414,326.423215286791,513.1956175346602,432.6059116302084,3967.1218946529216,1477.2836234470656,0.0,0.0,/Users/dawid/Library/Mobile Documents/com~apple~CloudDocs/Dokumenty/Publikacje własne/Manuscripts/Quantum_interference/data/C45_szlifowane.sur,842.3533920013662,810.0000000000001,809.0,532.0,655289.9999999508,Steel C45,C45,classical,256,256,3.0000000000000004,3,,C45_szlifowane,area,Grinding,szlifowane,simple
605.453582310947,234.32438033986708,294.2677905732902,757.7830832077622,292.51105888481834,373.10076478927004,6716.371485630726,2256.4749962736864,4746.313267479542,0.0,0.0,371.12920197107997,311.1857917376568,465.2720243229438,384.6823184184921,4459.896489357039,1970.0582181511834,0.0,0.0,/Users/dawid/Library/Mobile Documents/com~apple~CloudDocs/Dokumenty/Publikacje własne/Manuscripts/Quantum_interference/data/C45_szlifowane.sur,698.0799296591966,810.0000000000001,809.0,532.0,655289.9999999508,Steel C45,C45,quantum_like,256,256,3.0000000000000004,3,,C45_szlifowane,area,Grinding,szlifowane,simple
209.280161230535,234.32438033986708,294.2677905732902,258.27559640288894,292.51105888481834,373.10076478927004,1949.8305205775196,2256.4749962736864,4746.313267479542,0.0,0.0,-25.044219109332097,-84.98762934275521,-34.235462481929375,-114.8251683863811,-306.64447569616686,-2796.482746902023,0.0,0.0,/Users/dawid/Library/Mobile Documents/com~apple~CloudDocs/Dokumenty/Publikacje własne/Manuscripts/Quantum_interference/data/C45_szlifowane.sur,244.93634671534252,810.0000000000001,809.0,532.0,655289.9999999508,Steel C45,C45,hybrid,256,256,3.0000000000000004,3,,C45_szlifowane,area,Grinding,szlifowane,simple
732.1407105323127,2732.958658307945,3227.486193601588,948.2346731307049,3775.7730527330605,4810.678022931261,8980.96999388079,91545.0493924157,102791.46656079737,0.0,0.0,-2000.8179477756323,-2495.3454830692754,-2827.5383796023557,-3862.4433498005556,-82564.07939853492,-93810.49656691658,0.0,0.0,/Users/dawid/Library/Mobile Documents/com~apple~CloudDocs/Dokumenty/Publikacje własne/Manuscripts/Quantum_interference/data/C45_t_wyk.sur,3917.2537331440944,810.0000000000001,809.0,532.0,655289.9999999508,Steel C45,C45,classical,256,256,3.0000000000000004,0,,C45_t_wyk,area,Turning (finishing),t_wyk,simple
2782.2809631373602,2732.958658307945,3227.486193601588,3794.816804549409,3775.7730527330605,4810.678022931261,91382.47927743928,91545.0493924157,102791.46656079737,0.0,0.0,49.3223048294152,-445.20523046422795,19.043751816348482,-1015.8612183818518,-162.57011497641696,-11408.98728335809,0.0,0.0,/Users/dawid/Library/Mobile Documents/com~apple~CloudDocs/Dokumenty/Publikacje własne/Manuscripts/Quantum_interference/data/C45_t_wyk.sur,725.5279995486856,810.0000000000001,809.0,532.0,655289.9999999508,Steel C45,C45,quantum_like,256,256,3.0000000000000004,0,,C45_t_wyk,area,Turning (finishing),t_wyk,simple
1674.6892685852783,2732.958658307945,3227.486193601588,2193.11460335212,3775.7730527330605,4810.678022931261,29193.075298408185,91545.0493924157,102791.46656079737,0.0,0.0,-1058.2693897226663,-1552.7969250163096,-1582.6584493809405,-2617.563419579141,-62351.974094007506,-73598.39126238918,0.0,0.0,/Users/dawid/Library/Mobile Documents/com~apple~CloudDocs/Dokumenty/Publikacje własne/Manuscripts/Quantum_interference/data/C45_t_wyk.sur,2664.4220564901966,810.0000000000001,809.0,532.0,655289.9999999508,Steel C45,C45,hybrid,256,256,3.0000000000000004,0,,C45_t_wyk,area,Turning (finishing),t_wyk,simple
732.7872701077175,2732.958658307945,3227.486193601588,948.5722885742384,3775.7730527330605,4810.678022931261,8684.597817218579,91545.0493924157,102791.46656079737,0.0,0.0,-2000.1713882002275,-2494.6989234938706,-2827.200764158822,-3862.1057343570224,-82860.45157519712,-94106.86874357879,0.0,0.0,/Users/dawid/Library/Mobile Documents/com~apple~CloudDocs/Dokumenty/Publikacje własne/Manuscripts/Quantum_interference/data/C45_t_wyk.sur,3915.931854344478,810.0000000000001,809.0,532.0,655289.9999999508,Steel C45,C45,classical,256,256,3.0000000000000004,1,,C45_t_wyk,area,Turning (finishing),t_wyk,simple
2800.368168543843,2732.958658307945,3227.486193601588,3848.8236119836592,3775.7730527330605,4810.678022931261,90594.35437324285,91545.0493924157,102791.46656079737,0.0,0.0,67.4095102358978,-427.1180250577454,73.05055925059861,-961.8544109476017,-950.6950191728522,-12197.112187554527,0.0,0.0,/Users/dawid/Library/Mobile Documents/com~apple~CloudDocs/Dokumenty/Publikacje własne/Manuscripts/Quantum_interference/data/C45_t_wyk.sur,708.8437431123343,810.0000000000001,809.0,532.0,655289.9999999508,Steel C45,C45,quantum_like,256,256,3.0000000000000004,1,,C45_t_wyk,area,Turning (finishing),t_wyk,simple
1690.0303593277977,2732.958658307945,3227.486193601588,2215.287667166942,3775.7730527330605,4810.678022931261,29539.701063671186,91545.0493924157,102791.46656079737,0.0,0.0,-1042.928298980147,-1537.4558342737903,-1560.4853855661186,-2595.390355764319,-62005.34832874451,-73251.76549712618,0.0,0.0,/Users/dawid/Library/Mobile Documents/com~apple~CloudDocs/Dokumenty/Publikacje własne/Manuscripts/Quantum_interference/data/C45_t_wyk.sur,2658.210719370022,810.0000000000001,809.0,532.0,655289.9999999508,Steel C45,C45,hybrid,256,256,3.0000000000000004,1,,C45_t_wyk,area,Turning (finishing),t_wyk,simple
734.5432279782751,2732.958658307945,3227.486193601588,951.8465531410991,3775.7730527330605,4810.678022931261,8638.420021595075,91545.0493924157,102791.46656079737,0.0,0.0,-1998.41543032967,-2492.9429656233133,-2823.9264995919616,-3858.8314697901615,-82906.62937082062,-94153.04653920229,0.0,0.0,/Users/dawid/Library/Mobile Documents/com~apple~CloudDocs/Dokumenty/Publikacje własne/Manuscripts/Quantum_interference/data/C45_t_wyk.sur,3917.902403290221,810.0000000000001,809.0,532.0,655289.9999999508,Steel C45,C45,classical,256,256,3.0000000000000004,2,,C45_t_wyk,area,Turning (finishing),t_wyk,simple
2794.8393528320985,2732.958658307945,3227.486193601588,3826.8517334444905,3775.7730527330605,4810.678022931261,89827.72288506903,91545.0493924157,102791.46656079737,0.0,0.0,61.88069452415357,-432.6468407694896,51.07868071143015,-983.8262894867701,-1717.3265073466696,-12963.743675728343,0.0,0.0,/Users/dawid/Library/Mobile Documents/com~apple~CloudDocs/Dokumenty/Publikacje własne/Manuscripts/Quantum_interference/data/C45_t_wyk.sur,716.7945929601809,810.0000000000001,809.0,532.0,655289.9999999508,Steel C45,C45,quantum_like,256,256,3.0000000000000004,2,,C45_t_wyk,area,Turning (finishing),t_wyk,simple
1686.3418524105841,2732.958658307945,3227.486193601588,2207.1956188354734,3775.7730527330605,4810.678022931261,29237.530595744618,91545.0493924157,102791.46656079737,0.0,0.0,-1046.6168058973608,-1541.144341191004,-1568.577433897587,-2603.4824040957874,-62307.51879667108,-73553.93596505275,0.0,0.0,/Users/dawid/Library/Mobile Documents/com~apple~CloudDocs/Dokumenty/Publikacje własne/Manuscripts/Quantum_interference/data/C45_t_wyk.sur,2660.5214595791954,810.0000000000001,809.0,532.0,655289.9999999508,Steel C45,C45,hybrid,256,256,3.0000000000000004,2,,C45_t_wyk,area,Turning (finishing),t_wyk,simple
736.2624044591014,2732.958658307945,3227.486193601588,953.1441017518669,3775.7730527330605,4810.678022931261,8995.596148289595,91545.0493924157,102791.46656079737,0.0,0.0,-1996.6962538488435,-2491.2237891424866,-2822.6289509811936,-3857.5339211793935,-82549.45324412611,-93795.87041250778,0.0,0.0,/Users/dawid/Library/Mobile Documents/com~apple~CloudDocs/Dokumenty/Publikacje własne/Manuscripts/Quantum_interference/data/C45_t_wyk.sur,3917.163701180811,810.0000000000001,809.0,532.0,655289.9999999508,Steel C45,C45,classical,256,256,3.0000000000000004,3,,C45_t_wyk,area,Turning (finishing),t_wyk,simple
2809.460639740989,2732.958658307945,3227.486193601588,3841.625034834743,3775.7730527330605,4810.678022931261,89638.17274405576,91545.0493924157,102791.46656079737,0.0,0.0,76.50198143304381,-418.02555386059936,65.85198210168267,-969.0529880965177,-1906.876648359948,-13153.293816741621,0.0,0.0,/Users/dawid/Library/Mobile Documents/com~apple~CloudDocs/Dokumenty/Publikacje własne/Manuscripts/Quantum_interference/data/C45_t_wyk.sur,714.3631638838826,810.0000000000001,809.0,532.0,655289.9999999508,Steel C45,C45,quantum_like,256,256,3.0000000000000004,3,,C45_t_wyk,area,Turning (finishing),t_wyk,simple
1694.1333556250324,2732.958658307945,3227.486193601588,2218.695589973146,3775.7730527330605,4810.678022931261,29480.331992260424,91545.0493924157,102791.46656079737,0.0,0.0,-1038.8253026829125,-1533.3528379765557,-1557.0774627599144,-2591.9824329581147,-62064.71740015528,-73311.13456853696,0.0,0.0,/Users/dawid/Library/Mobile Documents/com~apple~CloudDocs/Dokumenty/Publikacje własne/Manuscripts/Quantum_interference/data/C45_t_wyk.sur,2657.7959090985096,810.0000000000001,809.0,532.0,655289.9999999508,Steel C45,C45,hybrid,256,256,3.0000000000000004,3,,C45_t_wyk,area,Turning (finishing),t_wyk,simple
706.0196339448632,1234.8140560888633,1520.863677324698,909.5576795893313,1847.786756643374,2711.1025465307293,7230.704657524954,36468.104434120825,95448.76015739111,0.0,0.0,-528.794422144,-814.8440433798348,-938.2290770540427,-1801.544866941398,-29237.399776595874,-88218.05549986615,0.0,0.0,/Users/dawid/Library/Mobile Documents/com~apple~CloudDocs/Dokumenty/Publikacje własne/Manuscripts/Quantum_interference/data/ELLOR_t_wyk.sur,2035.5255151458618,810.0000000000001,809.0,532.0,655289.9999999508,Graphite,ELLOR,classical,256,256,3.0000000000000004,0,,ELLOR_t_wyk,area,Turning (finishing),t_wyk,simple
1369.6984542023845,1234.8140560888633,1520.863677324698,1967.5700225120127,1847.786756643374,2711.1025465307293,38213.89078636663,36468.104434120825,95448.76015739111,0.0,0.0,134.88439811352117,-151.16522312231353,119.78326586863871,-743.5325240187165,1745.786352245808,-57234.86937102447,0.0,0.0,/Users/dawid/Library/Mobile Documents/com~apple~CloudDocs/Dokumenty/Publikacje własne/Manuscripts/Quantum_interference/data/ELLOR_t_wyk.sur,706.6569841541324,810.0000000000001,809.0,532.0,655289.9999999508,Graphite,ELLOR,quantum_like,256,256,3.0000000000000004,0,,ELLOR_t_wyk,area,Turning (finishing),t_wyk,simple
672.2164917165578,1234.8140560888633,1520.863677324698,897.7359177288135,1847.786756643374,2711.1025465307293,11832.764091825922,36468.104434120825,95448.76015739111,0.0,0.0,-562.5975643723054,-848.6471856081401,-950.0508389145604,-1813.3666288019156,-24635.340342294905,-83615.99606556518,0.0,0.0,/Users/dawid/Library/Mobile Documents/com~apple~CloudDocs/Dokumenty/Publikacje własne/Manuscripts/Quantum_interference/data/ELLOR_t_wyk.sur,1412.4717988078478,810.0000000000001,809.0,532.0,655289.9999999508,Graphite,ELLOR,hybrid,256,256,3.0000000000000004,0,,ELLOR_t_wyk,area,Turning (finishing),t_wyk,simple
705.95152083595,1234.8140560888633,1520.863677324698,911.8348108423111,1847.786756643374,2711.1025465307293,7472.466204625228,36468.104434120825,95448.76015739111,0.0,0.0,-528.8625352529133,-814.912156488748,-935.9519458010628,-1799.267735688418,-28995.6382294956,-87976.29395276589,0.0,0.0,/Users/dawid/Library/Mobile Documents/com~apple~CloudDocs/Dokumenty/Publikacje własne/Manuscripts/Quantum_interference/data/ELLOR_t_wyk.sur,2040.835613097118,810.0000000000001,809.0,532.0,655289.9999999508,Graphite,ELLOR,classical,256,256,3.0000000000000004,1,,ELLOR_t_wyk,area,Turning (finishing),t_wyk,simple
1378.189869843645,1234.8140560888633,1520.863677324698,1979.6759335012869,1847.786756643374,2711.1025465307293,36583.4705798059,36468.104434120825,95448.76015739111,0.0,0.0,143.37581375478175,-142.67380748105296,131.88917685791296,-731.4266130294423,115.36614568507527,-58865.2895775852,0.0,0.0,/Users/dawid/Library/Mobile Documents/com~apple~CloudDocs/Dokumenty/Publikacje własne/Manuscripts/Quantum_interference/data/ELLOR_t_wyk.sur,711.404370432499,810.0000000000001,809.0,532.0,655289.9999999508,Graphite,ELLOR,quantum_like,256,256,3.0000000000000004,1,,ELLOR_t_wyk,area,Turning (finishing),t_wyk,simple
676.8090544228336,1234.8140560888633,1520.863677324698,904.1468045797646,1847.786756643374,2711.1025465307293,11706.37825314405,36468.104434120825,95448.76015739111,0.0,0.0,-558.0050016660297,-844.0546229018644,-943.6399520636094,-1806.9557419509645,-24761.726180976777,-83742.38190424706,0.0,0.0,/Users/dawid/Library/Mobile Documents/com~apple~CloudDocs/Dokumenty/Publikacje własne/Manuscripts/Quantum_interference/data/ELLOR_t_wyk.sur,1411.1047790558632,810.0000000000001,809.0,532.0,655289.9999999508,Graphite,ELLOR,hybrid,256,256,3.0000000000000004,1,,ELLOR_t_wyk,area,Turning (finishing),t_wyk,simple
694.7422215457225,1234.8140560888633,1520.863677324698,896.5305039422329,1847.786756643374,2711.1025465307293,7312.1819744743725,36468.104434120825,95448.76015739111,0.0,0.0,-540.0718345431408,-826.1214557789755,-951.2562527011411,-1814.5720425884963,-29155.922459646456,-88136.57818291672,0.0,0.0,/Users/dawid/Library/Mobile Documents/com~apple~CloudDocs/Dokumenty/Publikacje własne/Manuscripts/Quantum_interference/data/ELLOR_t_wyk.sur,2040.007131820141,810.0000000000001,809.0,532.0,655289.9999999508,Graphite,ELLOR,classical,256,256,3.0000000000000004,2,,ELLOR_t_wyk,area,Turning (finishing),t_wyk,simple
1363.2099780937424,1234.8140560888633,1520.863677324698,1951.995770770753,1847.786756643374,2711.1025465307293,35108.22384117496,36468.104434120825,95448.76015739111,0.0,0.0,128.39592200487905,-157.65369923095565,104.20901412737922,-759.1067757599759,-1359.8805929458708,-60340.53631621615,0.0,0.0,/Users/dawid/Library/Mobile Documents/com~apple~CloudDocs/Dokumenty/Publikacje własne/Manuscripts/Quantum_interference/data/ELLOR_t_wyk.sur,711.7031787312858,810.0000000000001,809.0,532.0,655289.9999999508,Graphite,ELLOR,quantum_like,256,256,3.0000000000000004,2,,ELLOR_t_wyk,area,Turning (finishing),t_wyk,simple
664.2663889720901,1234.8140560888633,1520.863677324698,887.202691334796,1847.786756643374,2711.1025465307293,11504.1406880912,36468.104434120825,95448.76015739111,0.0,0.0,-570.5476671167731,-856.5972883526078,-960.584065308578,-1823.8998551959332,-24963.96374602963,-83944.61946929991,0.0,0.0,/Users/dawid/Library/Mobile Documents/com~apple~CloudDocs/Dokumenty/Publikacje własne/Manuscripts/Quantum_interference/data/ELLOR_t_wyk.sur,1414.9585258943341,810.0000000000001,809.0,532.0,655289.9999999508,Graphite,ELLOR,hybrid,256,256,3.0000000000000004,2,,ELLOR_t_wyk,area,Turning (finishing),t_wyk,simple
700.5026045904243,1234.8140560888633,1520.863677324698,907.9825024401739,1847.786756643374,2711.1025465307293,7433.218528724047,36468.104434120825,95448.76015739111,0.0,0.0,-534.3114514984389,-820.3610727342736,-939.8042542032001,-1803.1200440905552,-29034.88590539678,-88015.54162866707,0.0,0.0,/Users/dawid/Library/Mobile Documents/com~apple~CloudDocs/Dokumenty/Publikacje własne/Manuscripts/Quantum_interference/data/ELLOR_t_wyk.sur,2039.304088547157,810.0000000000001,809.0,532.0,655289.9999999508,Graphite,ELLOR,classical,256,256,3.0000000000000004,3,,ELLOR_t_wyk,area,Turning (finishing),t_wyk,simple
1381.8137648579711,1234.8140560888633,1520.863677324698,1983.2914925686596,1847.786756643374,2711.1025465307293,36739.83691254,36468.104434120825,95448.76015739111,0.0,0.0,146.99970876910785,-139.04991246672688,135.5047359252856,-727.8110539620695,271.73247841917095,-58708.92324485111,0.0,0.0,/Users/dawid/Library/Mobile Documents/com~apple~CloudDocs/Dokumenty/Publikacje własne/Manuscripts/Quantum_interference/data/ELLOR_t_wyk.sur,717.7779823419194,810.0000000000001,809.0,532.0,655289.9999999508,Graphite,ELLOR,quantum_like,256,256,3.0000000000000004,3,,ELLOR_t_wyk,area,Turning (finishing),t_wyk,simple
676.7093848228209,1234.8140560888633,1520.863677324698,904.0205280915334,1847.786756643374,2711.1025465307293,11838.099101064361,36468.104434120825,95448.76015739111,0.0,0.0,-558.1046712660424,-844.1542925018771,-943.7662285518405,-1807.0820184391957,-24630.005333056466,-83610.66105632675,0.0,0.0,/Users/dawid/Library/Mobile Documents/com~apple~CloudDocs/Dokumenty/Publikacje własne/Manuscripts/Quantum_interference/data/ELLOR_t_wyk.sur,1410.547813491596,810.0000000000001,809.0,532.0,655289.9999999508,Graphite,ELLOR,hybrid,256,256,3.0000000000000004,3,,ELLOR_t_wyk,area,Turning (finishing),t_wyk,simple
540.7603013884333,164.77047735641173,182.7126111276782,701.8236318670447,327.645724642529,690.4123953098978,5490.630584305131,24322.604544626112,72932.940179508,0.0,0.0,375.98982403202155,358.0476902607551,374.1779072245157,11.411236557146937,-18831.97396032098,-67442.30959520288,0.0,0.0,/Users/dawid/Library/Mobile Documents/com~apple~CloudDocs/Dokumenty/Publikacje własne/Manuscripts/Quantum_interference/data/Graphite_oselkowane.sur,773.6767385664007,810.0000000000001,809.0,532.0,655289.9999999508,Graphite,Graphite,classical,256,256,3.0000000000000004,0,,Graphite_oselkowane,area,Honed,oselkowane,simple
597.5269357685839,164.77047735641173,182.7126111276782,779.8960415312865,327.645724642529,690.4123953098978,25654.127983331866,24322.604544626112,72932.940179508,0.0,0.0,432.7564584121722,414.8143246409057,452.2503168887576,89.48364622138881,1331.523438705755,-47278.812196176135,0.0,0.0,/Users/dawid/Library/Mobile Documents/com~apple~CloudDocs/Dokumenty/Publikacje własne/Manuscripts/Quantum_interference/data/Graphite_oselkowane.sur,706.8619362704412,810.0000000000001,809.0,532.0,655289.9999999508,Graphite,Graphite,quantum_like,256,256,3.0000000000000004,0,,Graphite_oselkowane,area,Honed,oselkowane,simple
190.24438533528811,164.77047735641173,182.7126111276782,261.0965441365977,327.645724642529,690.4123953098978,6186.186299358193,24322.604544626112,72932.940179508,0.0,0.0,25.473907978876365,7.531774207609911,-66.54918050593126,-429.3158511733001,-18136.41824526792,-66746.7538801498,0.0,0.0,/Users/dawid/Library/Mobile Documents/com~apple~CloudDocs/Dokumenty/Publikacje własne/Manuscripts/Quantum_interference/data/Graphite_oselkowane.sur,259.3856112888262,810.0000000000001,809.0,532.0,655289.9999999508,Graphite,Graphite,hybrid,256,256,3.0000000000000004,0,,Graphite_oselkowane,area,Honed,oselkowane,simple
539.8598318769364,164.77047735641173,182.7126111276782,702.1780272272148,327.645724642529,690.4123953098978,5487.150343414449,24322.604544626112,72932.940179508,0.0,0.0,375.08935452052464,357.14722074925817,374.53230258468585,11.76563191731708,-18835.454201211665,-67445.78983609357,0.0,0.0,/Users/dawid/Library/Mobile Documents/com~apple~CloudDocs/Dokumenty/Publikacje własne/Manuscripts/Quantum_interference/data/Graphite_oselkowane.sur,773.9546119887924,810.0000000000001,809.0,532.0,655289.9999999508,Graphite,Graphite,classical,256,256,3.0000000000000004,1,,Graphite_oselkowane,area,Honed,oselkowane,simple
598.0928230518314,164.77047735641173,182.7126111276782,778.2197580389169,327.645724642529,690.4123953098978,24613.71182328227,24322.604544626112,72932.940179508,0.0,0.0,433.32234569541964,415.3802119241532,450.57403339638796,87.80736272901919,291.10727865615746,-48319.22835622573,0.0,0.0,/Users/dawid/Library/Mobile Documents/com~apple~CloudDocs/Dokumenty/Publikacje własne/Manuscripts/Quantum_interference/data/Graphite_oselkowane.sur,707.6869117506267,810.0000000000001,809.0,532.0,655289.9999999508,Graphite,Graphite,quantum_like,256,256,3.0000000000000004,1,,Graphite_oselkowane,area,Honed,oselkowane,simple
191.71372182912978,164.77047735641173,182.7126111276782,262.0430687837305,327.645724642529,690.4123953098978,6166.974464005641,24322.604544626112,72932.940179508,0.0,0.0,26.94324447271804,9.001110701451585,-65.60265585879844,-428.36932652616724,-18155.63008062047,-66765.96571550236,0.0,0.0,/Users/dawid/Library/Mobile Documents/com~apple~CloudDocs/Dokumenty/Publikacje własne/Manuscripts/Quantum_interference/data/Graphite_oselkowane.sur,261.7082882490712,810.0000000000001,809.0,532.0,655289.9999999508,Graphite,Graphite,hybrid,256,256,3.0000000000000004,1,,Graphite_oselkowane,area,Honed,oselkowane,simple
538.1169651070059,164.77047735641173,182.7126111276782,700.6589897986878,327.645724642529,690.4123953098978,5667.516841022283,24322.604544626112,72932.940179508,0.0,0.0,373.3464877505942,355.40435397932765,373.01326515615887,10.246594488790059,-18655.08770360383,-67265.4233384857,0.0,0.0,/Users/dawid/Library/Mobile Documents/com~apple~CloudDocs/Dokumenty/Publikacje własne/Manuscripts/Quantum_interference/data/Graphite_oselkowane.sur,772.8385372908026,810.0000000000001,809.0,532.0,655289.9999999508,Graphite,Graphite,classical,256,256,3.0000000000000004,2,,Graphite_oselkowane,area,Honed,oselkowane,simple
599.6054463606538,164.77047735641173,182.7126111276782,782.4438137568623,327.645724642529,690.4123953098978,24160.431847501754,24322.604544626112,72932.940179508,0.0,0.0,434.8349690042421,416.8928352329756,454.7980891143333,92.03141844696454,-162.17269712435828,-48772.50833200625,0.0,0.0,/Users/dawid/Library/Mobile Documents/com~apple~CloudDocs/Dokumenty/Publikacje własne/Manuscripts/Quantum_interference/data/Graphite_oselkowane.sur,710.9068401280027,810.0000000000001,809.0,532.0,655289.9999999508,Graphite,Graphite,quantum_like,256,256,3.0000000000000004,2,,Graphite_oselkowane,area,Honed,oselkowane,simple
193.80276822787056,164.77047735641173,182.7126111276782,264.5861161986836,327.645724642529,690.4123953098978,6277.173332243614,24322.604544626112,72932.940179508,0.0,0.0,29.03229087145882,11.090157100192366,-63.05960844384536,-425.82627911121415,-18045.4312123825,-66655.76684726439,0.0,0.0,/Users/dawid/Library/Mobile Documents/com~apple~CloudDocs/Dokumenty/Publikacje własne/Manuscripts/Quantum_interference/data/Graphite_oselkowane.sur,261.7468848041223,810.0000000000001,809.0,532.0,655289.9999999508,Graphite,Graphite,hybrid,256,256,3.0000000000000004,2,,Graphite_oselkowane,area,Honed,oselkowane,simple
540.6663972635303,164.77047735641173,182.7126111276782,701.9278082500374,327.645724642529,690.4123953098978,5680.346161741742,24322.604544626112,72932.940179508,0.0,0.0,375.8959199071186,357.9537861358521,374.28208360750847,11.515412940139676,-18642.25838288437,-67252.59401776626,0.0,0.0,/Users/dawid/Library/Mobile Documents/com~apple~CloudDocs/Dokumenty/Publikacje własne/Manuscripts/Quantum_interference/data/Graphite_oselkowane.sur,775.3129081145768,810.0000000000001,809.0,532.0,655289.9999999508,Graphite,Graphite,classical,256,256,3.0000000000000004,3,,Graphite_oselkowane,area,Honed,oselkowane,simple
600.9617164419989,164.77047735641173,182.7126111276782,784.2394781377109,327.645724642529,690.4123953098978,23911.71779477423,24322.604544626112,72932.940179508,0.0,0.0,436.1912390855871,418.2491053143206,456.5937534951819,93.82708282781307,-410.8867498518829,-49021.222384733774,0.0,0.0,/Users/dawid/Library/Mobile Documents/com~apple~CloudDocs/Dokumenty/Publikacje własne/Manuscripts/Quantum_interference/data/Graphite_oselkowane.sur,711.6671404754105,810.0000000000001,809.0,532.0,655289.9999999508,Graphite,Graphite,quantum_like,256,256,3.0000000000000004,3,,Graphite_oselkowane,area,Honed,oselkowane,simple
194.96413710463256,164.77047735641173,182.7126111276782,267.05176859999557,327.645724642529,690.4123953098978,6243.928145561469,24322.604544626112,72932.940179508,0.0,0.0,30.193659748220803,12.251525976954348,-60.59395604253338,-423.3606267099022,-18078.676399064643,-66689.01203394654,0.0,0.0,/Users/dawid/Library/Mobile Documents/com~apple~CloudDocs/Dokumenty/Publikacje własne/Manuscripts/Quantum_interference/data/Graphite_oselkowane.sur,261.23693206589775,810.0000000000001,809.0,532.0,655289.9999999508,Graphite,Graphite,hybrid,256,256,3.0000000000000004,3,,Graphite_oselkowane,area,Honed,oselkowane,simple
691.6245314491262,3829.3307503464025,4108.088201239449,909.5959433512352,4832.412944308994,5287.391144681693,6863.686993448608,69264.72898160366,134314.12938102838,0.0,0.0,-3137.7062188972764,-3416.463669790323,-3922.8170009577593,-4377.7952013304575,-62401.04198815506,-127450.44238757978,0.0,0.0,/Users/dawid/Library/Mobile Documents/com~apple~CloudDocs/Dokumenty/Publikacje własne/Manuscripts/Quantum_interference/data/Graphite_szkielkowane.sur,4899.626045849363,810.0000000000001,809.0,532.0,655289.9999999508,Graphite,Graphite,classical,256,256,3.0000000000000004,0,,Graphite_szkielkowane,area,Glass bead blasted,szkielkowane,simple
3870.3928963704716,3829.3307503464025,4108.088201239449,4892.695399515364,4832.412944308994,5287.391144681693,70219.01701808187,69264.72898160366,134314.12938102838,0.0,0.0,41.062146024069314,-237.69530486897722,60.28245520636991,-394.6957451663284,954.2880364781913,-64095.11236294653,0.0,0.0,/Users/dawid/Library/Mobile Documents/com~apple~CloudDocs/Dokumenty/Publikacje własne/Manuscripts/Quantum_interference/data/Graphite_szkielkowane.sur,704.658798468764,810.0000000000001,809.0,532.0,655289.9999999508,Graphite,Graphite,quantum_like,256,256,3.0000000000000004,0,,Graphite_szkielkowane,area,Glass bead blasted,szkielkowane,simple
2628.8279171212653,3829.3307503464025,4108.088201239449,3350.9051373047764,4832.412944308994,5287.391144681693,25917.03439015939,69264.72898160366,134314.12938102838,0.0,0.0,-1200.5028332251372,-1479.2602841181838,-1481.507807004218,-1936.4860073769162,-43347.694591444284,-108397.094990869,0.0,0.0,/Users/dawid/Library/Mobile Documents/com~apple~CloudDocs/Dokumenty/Publikacje własne/Manuscripts/Quantum_interference/data/Graphite_szkielkowane.sur,2421.990900899806,810.0000000000001,809.0,532.0,655289.9999999508,Graphite,Graphite,hybrid,256,256,3.0000000000000004,0,,Graphite_szkielkowane,area,Glass bead blasted,szkielkowane,simple
693.4524081734678,3829.3307503464025,4108.088201239449,909.104117072307,4832.412944308994,5287.391144681693,6857.994482086076,69264.72898160366,134314.12938102838,0.0,0.0,-3135.878342172935,-3414.6357930659815,-3923.308827236687,-4378.287027609385,-62406.73449951759,-127456.13489894233,0.0,0.0,/Users/dawid/Library/Mobile Documents/com~apple~CloudDocs/Dokumenty/Publikacje własne/Manuscripts/Quantum_interference/data/Graphite_szkielkowane.sur,4897.676438144863,810.0000000000001,809.0,532.0,655289.9999999508,Graphite,Graphite,classical,256,256,3.0000000000000004,1,,Graphite_szkielkowane,area,Glass bead blasted,szkielkowane,simple
3858.5516992126604,3829.3307503464025,4108.088201239449,4861.685061576536,4832.412944308994,5287.391144681693,71411.85006959928,69264.72898160366,134314.12938102838,0.0,0.0,29.220948866257885,-249.53650202678864,29.27211726754155,-425.7060831051568,2147.121087995606,-62902.27931142912,0.0,0.0,/Users/dawid/Library/Mobile Documents/com~apple~CloudDocs/Dokumenty/Publikacje własne/Manuscripts/Quantum_interference/data/Graphite_szkielkowane.sur,719.3856361312464,810.0000000000001,809.0,532.0,655289.9999999508,Graphite,Graphite,quantum_like,256,256,3.0000000000000004,1,,Graphite_szkielkowane,area,Glass bead blasted,szkielkowane,simple
2617.801892488786,3829.3307503464025,4108.088201239449,3330.151685241545,4832.412944308994,5287.391144681693,25423.581354002967,69264.72898160366,134314.12938102838,0.0,0.0,-1211.5288578576162,-1490.2863087506628,-1502.2612590674494,-1957.2394594401478,-43841.1476276007,-108890.54802702542,0.0,0.0,/Users/dawid/Library/Mobile Documents/com~apple~CloudDocs/Dokumenty/Publikacje własne/Manuscripts/Quantum_interference/data/Graphite_szkielkowane.sur,2431.5082448746857,810.0000000000001,809.0,532.0,655289.9999999508,Graphite,Graphite,hybrid,256,256,3.0000000000000004,1,,Graphite_szkielkowane,area,Glass bead blasted,szkielkowane,simple
690.152411167859,3829.3307503464025,4108.088201239449,907.5574035504685,4832.412944308994,5287.391144681693,6875.646941348629,69264.72898160366,134314.12938102838,0.0,0.0,-3139.1783391785434,-3417.93579007159,-3924.855540758526,-4379.833741131224,-62389.082040255045,-127438.48243967976,0.0,0.0,/Users/dawid/Library/Mobile Documents/com~apple~CloudDocs/Dokumenty/Publikacje własne/Manuscripts/Quantum_interference/data/Graphite_szkielkowane.sur,4900.336679931233,810.0000000000001,809.0,532.0,655289.9999999508,Graphite,Graphite,classical,256,256,3.0000000000000004,2,,Graphite_szkielkowane,area,Glass bead blasted,szkielkowane,simple
3875.3621204999567,3829.3307503464025,4108.088201239449,4885.468803007548,4832.412944308994,5287.391144681693,71296.64315463655,69264.72898160366,134314.12938102838,0.0,0.0,46.03137015355452,-232.726080739492,53.055858698553294,-401.922341674145,2031.9141730328815,-63017.48622639184,0.0,0.0,/Users/dawid/Library/Mobile Documents/com~apple~CloudDocs/Dokumenty/Publikacje własne/Manuscripts/Quantum_interference/data/Graphite_szkielkowane.sur,710.2991019409349,810.0000000000001,809.0,532.0,655289.9999999508,Graphite,Graphite,quantum_like,256,256,3.0000000000000004,2,,Graphite_szkielkowane,area,Glass bead blasted,szkielkowane,simple
2624.6103622787127,3829.3307503464025,4108.088201239449,3341.0495748302337,4832.412944308994,5287.391144681693,25756.88576059607,69264.72898160366,134314.12938102838,0.0,0.0,-1204.7203880676898,-1483.4778389607363,-1491.3633694787607,-1946.3415698514589,-43507.8432210076,-108557.24362043232,0.0,0.0,/Users/dawid/Library/Mobile Documents/com~apple~CloudDocs/Dokumenty/Publikacje własne/Manuscripts/Quantum_interference/data/Graphite_szkielkowane.sur,2423.539375813137,810.0000000000001,809.0,532.0,655289.9999999508,Graphite,Graphite,hybrid,256,256,3.0000000000000004,2,,Graphite_szkielkowane,area,Glass bead blasted,szkielkowane,simple
698.33478857453,3829.3307503464025,4108.088201239449,917.1221326232322,4832.412944308994,5287.391144681693,7022.997535613578,69264.72898160366,134314.12938102838,0.0,0.0,-3130.9959617718728,-3409.7534126649193,-3915.2908116857625,-4370.26901205846,-62241.731445990095,-127291.13184541481,0.0,0.0,/Users/dawid/Library/Mobile Documents/com~apple~CloudDocs/Dokumenty/Publikacje własne/Manuscripts/Quantum_interference/data/Graphite_szkielkowane.sur,4899.524869642466,810.0000000000001,809.0,532.0,655289.9999999508,Graphite,Graphite,classical,256,256,3.0000000000000004,3,,Graphite_szkielkowane,area,Glass bead blasted,szkielkowane,simple
3846.1410743633155,3829.3307503464025,4108.088201239449,4845.892786404274,4832.412944308994,5287.391144681693,70362.24944979174,69264.72898160366,134314.12938102838,0.0,0.0,16.81032401691288,-261.94712687613367,13.479842095279661,-441.4983582774186,1097.5204681880584,-63951.87993123667,0.0,0.0,/Users/dawid/Library/Mobile Documents/com~apple~CloudDocs/Dokumenty/Publikacje własne/Manuscripts/Quantum_interference/data/Graphite_szkielkowane.sur,706.766004052836,810.0000000000001,809.0,532.0,655289.9999999508,Graphite,Graphite,quantum_like,256,256,3.0000000000000004,3,,Graphite_szkielkowane,area,Glass bead blasted,szkielkowane,simple
2608.806253471153,3829.3307503464025,4108.088201239449,3318.5054464103396,4832.412944308994,5287.391144681693,25383.94908014473,69264.72898160366,134314.12938102838,0.0,0.0,-1220.5244968752497,-1499.2819477682963,-1513.9074978986546,-1968.8856982713528,-43880.77990145895,-108930.18030088367,0.0,0.0,/Users/dawid/Library/Mobile Documents/com~apple~CloudDocs/Dokumenty/Publikacje własne/Manuscripts/Quantum_interference/data/Graphite_szkielkowane.sur,2435.836184148119,810.0000000000001,809.0,532.0,655289.9999999508,Graphite,Graphite,hybrid,256,256,3.0000000000000004,3,,Graphite_szkielkowane,area,Glass bead blasted,szkielkowane,simple
756.199695350258,675.9230923447734,734.1358655009894,972.4333796083779,895.8246310633954,988.924907794223,7759.06500494825,21297.018942900188,31332.969758396513,0.0,0.0,80.27660300548457,22.063829849268526,76.60874854498249,-16.491528185845112,-13537.95393795194,-23573.904753448263,0.0,0.0,/Users/dawid/Library/Mobile Documents/com~apple~CloudDocs/Dokumenty/Publikacje własne/Manuscripts/Quantum_interference/data/Graphite_szlifowane.sur,1349.3954360760254,810.0000000000001,809.0,532.0,655289.9999999508,Graphite,Graphite,classical,256,256,3.0000000000000004,0,,Graphite_szlifowane,area,Grinding,szlifowane,simple
883.1296166690483,675.9230923447734,734.1358655009894,1142.1803238546802,895.8246310633954,988.924907794223,21400.8992952899,21297.018942900188,31332.969758396513,0.0,0.0,207.20652432427497,148.9937511680589,246.35569279128472,153.25541606045712,103.8803523897104,-9932.070463106615,0.0,0.0,/Users/dawid/Library/Mobile Documents/com~apple~CloudDocs/Dokumenty/Publikacje własne/Manuscripts/Quantum_interference/data/Graphite_szlifowane.sur,713.1943259157478,810.0000000000001,809.0,532.0,655289.9999999508,Graphite,Graphite,quantum_like,256,256,3.0000000000000004,0,,Graphite_szlifowane,area,Grinding,szlifowane,simple
601.3358021149056,675.9230923447734,734.1358655009894,762.4362049651169,895.8246310633954,988.924907794223,10396.43791757249,21297.018942900188,31332.969758396513,0.0,0.0,-74.58729022986775,-132.8000633860838,-133.3884260982785,-226.4887028291061,-10900.5810253277,-20936.531840824024,0.0,0.0,/Users/dawid/Library/Mobile Documents/com~apple~CloudDocs/Dokumenty/Publikacje własne/Manuscripts/Quantum_interference/data/Graphite_szlifowane.sur,437.227167964395,810.0000000000001,809.0,532.0,655289.9999999508,Graphite,Graphite,hybrid,256,256,3.0000000000000004,0,,Graphite_szlifowane,area,Grinding,szlifowane,simple
732.4326947657513,675.9230923447734,734.1358655009894,949.6802728339891,895.8246310633954,988.924907794223,7752.8410488587615,21297.018942900188,31332.969758396513,0.0,0.0,56.50960242097792,-1.703170735238131,53.85564177059367,-39.244634960233924,-13544.177894041428,-23580.128709537752,0.0,0.0,/Users/dawid/Library/Mobile Documents/com~apple~CloudDocs/Dokumenty/Publikacje własne/Manuscripts/Quantum_interference/data/Graphite_szlifowane.sur,1332.3729799147145,810.0000000000001,809.0,532.0,655289.9999999508,Graphite,Graphite,classical,256,256,3.0000000000000004,1,,Graphite_szlifowane,area,Grinding,szlifowane,simple
882.5968637523437,675.9230923447734,734.1358655009894,1141.9777801846167,895.8246310633954,988.924907794223,20657.71099044916,21297.018942900188,31332.969758396513,0.0,0.0,206.67377140757023,148.46099825135417,246.15314912122128,153.05287239039367,-639.3079524510307,-10675.258767947356,0.0,0.0,/Users/dawid/Library/Mobile Documents/com~apple~CloudDocs/Dokumenty/Publikacje własne/Manuscripts/Quantum_interference/data/Graphite_szlifowane.sur,707.3382436952262,810.0000000000001,809.0,532.0,655289.9999999508,Graphite,Graphite,quantum_like,256,256,3.0000000000000004,1,,Graphite_szlifowane,area,Grinding,szlifowane,simple
603.6636423420408,675.9230923447734,734.1358655009894,763.2954340114804,895.8246310633954,988.924907794223,10225.077256049331,21297.018942900188,31332.969758396513,0.0,0.0,-72.25945000273263,-130.47222315894868,-132.5291970519149,-225.6294737827425,-11071.941686850856,-21107.892502347182,0.0,0.0,/Users/dawid/Library/Mobile Documents/com~apple~CloudDocs/Dokumenty/Publikacje własne/Manuscripts/Quantum_interference/data/Graphite_szlifowane.sur,435.23611546456056,810.0000000000001,809.0,532.0,655289.9999999508,Graphite,Graphite,hybrid,256,256,3.0000000000000004,1,,Graphite_szlifowane,area,Grinding,szlifowane,simple
752.2008732263486,675.9230923447734,734.1358655009894,971.0800475236439,895.8246310633954,988.924907794223,7979.814869245305,21297.018942900188,31332.969758396513,0.0,0.0,76.27778088157515,18.065007725359095,75.25541646024847,-17.844860270579122,-13317.204073654884,-23353.15488915121,0.0,0.0,/Users/dawid/Library/Mobile Documents/com~apple~CloudDocs/Dokumenty/Publikacje własne/Manuscripts/Quantum_interference/data/Graphite_szlifowane.sur,1350.3340440982165,810.0000000000001,809.0,532.0,655289.9999999508,Graphite,Graphite,classical,256,256,3.0000000000000004,2,,Graphite_szlifowane,area,Grinding,szlifowane,simple
883.396891680731,675.9230923447734,734.1358655009894,1143.9421224303603,895.8246310633954,988.924907794223,21229.914903642388,21297.018942900188,31332.969758396513,0.0,0.0,207.47379933595758,149.26102617974152,248.117491366965,155.0172146361374,-67.10403925780093,-10103.054854754126,0.0,0.0,/Users/dawid/Library/Mobile Documents/com~apple~CloudDocs/Dokumenty/Publikacje własne/Manuscripts/Quantum_interference/data/Graphite_szlifowane.sur,710.0467435756456,810.0000000000001,809.0,532.0,655289.9999999508,Graphite,Graphite,quantum_like,256,256,3.0000000000000004,2,,Graphite_szlifowane,area,Grinding,szlifowane,simple
604.5070583166051,675.9230923447734,734.1358655009894,765.5007863800902,895.8246310633954,988.924907794223,10720.142516094658,21297.018942900188,31332.969758396513,0.0,0.0,-71.4160340281683,-129.62880718438436,-130.32384468330523,-223.42412141413283,-10576.876426805531,-20612.827242301857,0.0,0.0,/Users/dawid/Library/Mobile Documents/com~apple~CloudDocs/Dokumenty/Publikacje własne/Manuscripts/Quantum_interference/data/Graphite_szlifowane.sur,435.37130658896956,810.0000000000001,809.0,532.0,655289.9999999508,Graphite,Graphite,hybrid,256,256,3.0000000000000004,2,,Graphite_szlifowane,area,Grinding,szlifowane,simple
752.8575205983199,675.9230923447734,734.1358655009894,969.7892073477216,895.8246310633954,988.924907794223,7753.279876228328,21297.018942900188,31332.969758396513,0.0,0.0,76.9344282535464,18.721655097330352,73.96457628432618,-19.135700446501417,-13543.73906667186,-23579.689882168186,0.0,0.0,/Users/dawid/Library/Mobile Documents/com~apple~CloudDocs/Dokumenty/Publikacje własne/Manuscripts/Quantum_interference/data/Graphite_szlifowane.sur,1349.1915040434476,810.0000000000001,809.0,532.0,655289.9999999508,Graphite,Graphite,classical,256,256,3.0000000000000004,3,,Graphite_szlifowane,area,Grinding,szlifowane,simple
891.1580099701741,675.9230923447734,734.1358655009894,1153.3867167065423,895.8246310633954,988.924907794223,21272.83065836578,21297.018942900188,31332.969758396513,0.0,0.0,215.23491762540073,157.0221444691847,257.56208564314693,164.4618089123193,-24.188284534409156,-10060.139100030734,0.0,0.0,/Users/dawid/Library/Mobile Documents/com~apple~CloudDocs/Dokumenty/Publikacje własne/Manuscripts/Quantum_interference/data/Graphite_szlifowane.sur,723.5481166460936,810.0000000000001,809.0,532.0,655289.9999999508,Graphite,Graphite,quantum_like,256,256,3.0000000000000004,3,,Graphite_szlifowane,area,Grinding,szlifowane,simple
602.3017927876066,675.9230923447734,734.1358655009894,765.12035066831,895.8246310633954,988.924907794223,10544.330100223813,21297.018942900188,31332.969758396513,0.0,0.0,-73.62129955716684,-131.83407271338288,-130.70428039508533,-223.80455712591294,-10752.688842676376,-20788.639658172702,0.0,0.0,/Users/dawid/Library/Mobile Documents/com~apple~CloudDocs/Dokumenty/Publikacje własne/Manuscripts/Quantum_interference/data/Graphite_szlifowane.sur,435.19556661518,810.0000000000001,809.0,532.0,655289.9999999508,Graphite,Graphite,hybrid,256,256,3.0000000000000004,3,,Graphite_szlifowane,area,Grinding,szlifowane,simple
0.40628806345739205,0.35947247736976634,0.38374216577089826,0.5029400512076857,0.4394336278553746,0.49961149964288243,6.59597790522249,6.1562334806096946,14.90811096860517,0.0,0.0,0.0468155860876257,0.022545897686493777,0.06350642335231109,0.003328551564803291,0.43974442461279606,-8.31213306338268,0.0,0.0,/Users/dawid/Library/Mobile Documents/com~apple~CloudDocs/Dokumenty/Publikacje własne/Manuscripts/Quantum_interference/data/MO58A_t_wyk.sur,0.2484971512279671,810.0000000000001,809.0,532.0,655289.9999999508,Brass,MO58A,classical,256,256,3.0000000000000004,0,,MO58A_t_wyk,area,Turning (finishing),t_wyk,simple
572.1727222810293,0.35947247736976634,0.38374216577089826,717.792617087215,0.4394336278553746,0.49961149964288243,6194.256697585782,6.1562334806096946,14.90811096860517,0.0,0.0,571.8132498036597,571.7889801152585,717.3531834593597,717.2930055875721,6188.100464105172,6179.348586617176,0.0,0.0,/Users/dawid/Library/Mobile Documents/com~apple~CloudDocs/Dokumenty/Publikacje własne/Manuscripts/Quantum_interference/data/MO58A_t_wyk.sur,717.7947723887057,810.0000000000001,809.0,532.0,655289.9999999508,Brass,MO58A,quantum_like,256,256,3.0000000000000004,0,,MO58A_t_wyk,area,Turning (finishing),t_wyk,simple
121.17330095356478,0.35947247736976634,0.38374216577089826,156.59521674066943,0.4394336278553746,0.49961149964288243,1341.9080002420685,6.1562334806096946,14.90811096860517,0.0,0.0,120.81382847619501,120.7895587877939,156.15578311281405,156.09560524102656,1335.7517667614588,1326.9998892734634,0.0,0.0,/Users/dawid/Library/Mobile Documents/com~apple~CloudDocs/Dokumenty/Publikacje własne/Manuscripts/Quantum_interference/data/MO58A_t_wyk.sur,156.5985502557861,810.0000000000001,809.0,532.0,655289.9999999508,Brass,MO58A,hybrid,256,256,3.0000000000000004,0,,MO58A_t_wyk,area,Turning (finishing),t_wyk,simple
0.4090394357068934,0.35947247736976634,0.38374216577089826,0.5063454249860326,0.4394336278553746,0.49961149964288243,6.423375033890471,6.1562334806096946,14.90811096860517,0.0,0.0,0.04956695833712706,0.025297269935995136,0.06691179713065804,0.006733925343150238,0.2671415532807766,-8.4847359347147,0.0,0.0,/Users/dawid/Library/Mobile Documents/com~apple~CloudDocs/Dokumenty/Publikacje własne/Manuscripts/Quantum_interference/data/MO58A_t_wyk.sur,0.24994712258377438,810.0000000000001,809.0,532.0,655289.9999999508,Brass,MO58A,classical,256,256,3.0000000000000004,1,,MO58A_t_wyk,area,Turning (finishing),t_wyk,simple
565.6419920861886,0.35947247736976634,0.38374216577089826,709.4516020467287,0.4394336278553746,0.49961149964288243,6069.055973396511,6.1562334806096946,14.90811096860517,0.0,0.0,565.2825196088188,565.2582499204176,709.0121684188733,708.9519905470858,6062.899739915901,6054.147862427905,0.0,0.0,/Users/dawid/Library/Mobile Documents/com~apple~CloudDocs/Dokumenty/Publikacje własne/Manuscripts/Quantum_interference/data/MO58A_t_wyk.sur,709.4510909739253,810.0000000000001,809.0,532.0,655289.9999999508,Brass,MO58A,quantum_like,256,256,3.0000000000000004,1,,MO58A_t_wyk,area,Turning (finishing),t_wyk,simple
143.47082252508375,0.35947247736976634,0.38374216577089826,155.59523154683055,0.4394336278553746,0.49961149964288243,1599.6655303150362,6.1562334806096946,14.90811096860517,0.0,0.0,143.11135004771396,143.08708035931284,155.1557979189752,155.09562004718768,1593.5092968344266,1584.757419346431,0.0,0.0,/Users/dawid/Library/Mobile Documents/com~apple~CloudDocs/Dokumenty/Publikacje własne/Manuscripts/Quantum_interference/data/MO58A_t_wyk.sur,155.58798877956954,810.0000000000001,809.0,532.0,655289.9999999508,Brass,MO58A,hybrid,256,256,3.0000000000000004,1,,MO58A_t_wyk,area,Turning (finishing),t_wyk,simple
0.40269202544246924,0.35947247736976634,0.38374216577089826,0.49906945780416073,0.4394336278553746,0.49961149964288243,6.435280617438388,6.1562334806096946,14.90811096860517,0.0,0.0,0.043219548072702924,0.018949859671571007,0.05963582994878614,-0.0005420418387216572,0.2790471368286936,-8.472830351166781,0.0,0.0,/Users/dawid/Library/Mobile Documents/com~apple~CloudDocs/Dokumenty/Publikacje własne/Manuscripts/Quantum_interference/data/MO58A_t_wyk.sur,0.2466125304804372,810.0000000000001,809.0,532.0,655289.9999999508,Brass,MO58A,classical,256,256,3.0000000000000004,2,,MO58A_t_wyk,area,Turning (finishing),t_wyk,simple
570.4945189545278,0.35947247736976634,0.38374216577089826,714.537411507117,0.4394336278553746,0.49961149964288243,6053.634786653886,6.1562334806096946,14.90811096860517,0.0,0.0,570.1350464771581,570.110776788757,714.0979778792616,714.0378000074741,6047.478553173277,6038.7266756852805,0.0,0.0,/Users/dawid/Library/Mobile Documents/com~apple~CloudDocs/Dokumenty/Publikacje własne/Manuscripts/Quantum_interference/data/MO58A_t_wyk.sur,714.5359891403364,810.0000000000001,809.0,532.0,655289.9999999508,Brass,MO58A,quantum_like,256,256,3.0000000000000004,2,,MO58A_t_wyk,area,Turning (finishing),t_wyk,simple
145.28964204609693,0.35947247736976634,0.38374216577089826,156.65245570057138,0.4394336278553746,0.49961149964288243,1332.7712910920498,6.1562334806096946,14.90811096860517,0.0,0.0,144.93016956872717,144.90589988032605,156.213022072716,156.15284420092848,1326.61505761144,1317.8631801234446,0.0,0.0,/Users/dawid/Library/Mobile Documents/com~apple~CloudDocs/Dokumenty/Publikacje własne/Manuscripts/Quantum_interference/data/MO58A_t_wyk.sur,156.64848475172172,810.0000000000001,809.0,532.0,655289.9999999508,Brass,MO58A,hybrid,256,256,3.0000000000000004,2,,MO58A_t_wyk,area,Turning (finishing),t_wyk,simple
0.40162941563457943,0.35947247736976634,0.38374216577089826,0.49634250540435615,0.4394336278553746,0.49961149964288243,6.333526855280479,6.1562334806096946,14.90811096860517,0.0,0.0,0.0421569382648131,0.017887249863681183,0.05690887754898153,-0.003268994238526273,0.17729337467078476,-8.57458411332469,0.0,0.0,/Users/dawid/Library/Mobile Documents/com~apple~CloudDocs/Dokumenty/Publikacje własne/Manuscripts/Quantum_interference/data/MO58A_t_wyk.sur,0.24466894177949625,810.0000000000001,809.0,532.0,655289.9999999508,Brass,MO58A,classical,256,256,3.0000000000000004,3,,MO58A_t_wyk,area,Turning (finishing),t_wyk,simple
561.1761825238797,0.35947247736976634,0.38374216577089826,703.853065666238,0.4394336278553746,0.49961149964288243,6676.126226322578,6.1562334806096946,14.90811096860517,0.0,0.0,560.8167100465099,560.7924403581087,703.4136320383826,703.353454166595,6669.969992841968,6661.218115353972,0.0,0.0,/Users/dawid/Library/Mobile Documents/com~apple~CloudDocs/Dokumenty/Publikacje własne/Manuscripts/Quantum_interference/data/MO58A_t_wyk.sur,703.8526578935617,810.0000000000001,809.0,532.0,655289.9999999508,Brass,MO58A,quantum_like,256,256,3.0000000000000004,3,,MO58A_t_wyk,area,Turning (finishing),t_wyk,simple
100.6033819382406,0.35947247736976634,0.38374216577089826,150.8465262408011,0.4394336278553746,0.49961149964288243,1071.2662110240444,6.1562334806096946,14.90811096860517,0.0,0.0,100.24390946087084,100.2196397724697,150.40709261294572,150.34691474115823,1065.1099775434348,1056.3581000554393,0.0,0.0,/Users/dawid/Library/Mobile Documents/com~apple~CloudDocs/Dokumenty/Publikacje własne/Manuscripts/Quantum_interference/data/MO58A_t_wyk.sur,150.83967281272388,810.0000000000001,809.0,532.0,655289.9999999508,Brass,MO58A,hybrid,256,256,3.0000000000000004,3,,MO58A_t_wyk,area,Turning (finishing),t_wyk,simple
740.3129396682344,688.6196300447552,792.9141407912094,963.7480390365931,904.1179706233471,1032.4920184592152,9152.582936768766,9300.9527165155,23497.55744491682,0.0,0.0,51.69330962347919,-52.60120112297505,59.630068413246036,-68.74397942262206,-148.36977974673567,-14344.974508148056,0.0,0.0,/Users/dawid/Library/Mobile Documents/com~apple~CloudDocs/Dokumenty/Publikacje własne/Manuscripts/Quantum_interference/data/Mosiadz_oselkowane.sur,1275.0398862089803,810.0000000000001,809.0,532.0,655289.9999999508,Brass,Mosiadz,classical,256,256,3.0000000000000004,0,,Mosiadz_oselkowane,area,Honed,oselkowane,simple
893.2372497695193,688.6196300447552,792.9141407912094,1147.8578914883533,904.1179706233471,1032.4920184592152,11366.152989145945,9300.9527165155,23497.55744491682,0.0,0.0,204.61761972476404,100.3231089783098,243.7399208650062,115.36587302913811,2065.2002726304445,-12131.404455770877,0.0,0.0,/Users/dawid/Library/Mobile Documents/com~apple~CloudDocs/Dokumenty/Publikacje własne/Manuscripts/Quantum_interference/data/Mosiadz_oselkowane.sur,709.8383629229393,810.0000000000001,809.0,532.0,655289.9999999508,Brass,Mosiadz,quantum_like,256,256,3.0000000000000004,0,,Mosiadz_oselkowane,area,Honed,oselkowane,simple
384.69299987301605,688.6196300447552,792.9141407912094,527.1656482872093,904.1179706233471,1032.4920184592152,4530.496563192585,9300.9527165155,23497.55744491682,0.0,0.0,-303.92663017173913,-408.2211409181934,-376.9523223361379,-505.326370172006,-4770.456153322915,-18967.060881724236,0.0,0.0,/Users/dawid/Library/Mobile Documents/com~apple~CloudDocs/Dokumenty/Publikacje własne/Manuscripts/Quantum_interference/data/Mosiadz_oselkowane.sur,666.468498513293,810.0000000000001,809.0,532.0,655289.9999999508,Brass,Mosiadz,hybrid,256,256,3.0000000000000004,0,,Mosiadz_oselkowane,area,Honed,oselkowane,simple
736.584981033487,688.6196300447552,792.9141407912094,961.3379276730973,904.1179706233471,1032.4920184592152,9150.73136834026,9300.9527165155,23497.55744491682,0.0,0.0,47.965350988731814,-56.32915975772242,57.2199570497502,-71.15409078611789,-150.22134817523906,-14346.826076576559,0.0,0.0,/Users/dawid/Library/Mobile Documents/com~apple~CloudDocs/Dokumenty/Publikacje własne/Manuscripts/Quantum_interference/data/Mosiadz_oselkowane.sur,1272.1915242353891,810.0000000000001,809.0,532.0,655289.9999999508,Brass,Mosiadz,classical,256,256,3.0000000000000004,1,,Mosiadz_oselkowane,area,Honed,oselkowane,simple
896.1184005685662,688.6196300447552,792.9141407912094,1151.4172900005883,904.1179706233471,1032.4920184592152,10294.88946827411,9300.9527165155,23497.55744491682,0.0,0.0,207.498770523811,103.20425977735677,247.2993193772413,118.92527154137319,993.9367517586094,-13202.667976642711,0.0,0.0,/Users/dawid/Library/Mobile Documents/com~apple~CloudDocs/Dokumenty/Publikacje własne/Manuscripts/Quantum_interference/data/Mosiadz_oselkowane.sur,713.8158852000021,810.0000000000001,809.0,532.0,655289.9999999508,Brass,Mosiadz,quantum_like,256,256,3.0000000000000004,1,,Mosiadz_oselkowane,area,Honed,oselkowane,simple
383.7566122014203,688.6196300447552,792.9141407912094,525.2152474868348,904.1179706233471,1032.4920184592152,4606.106191547336,9300.9527165155,23497.55744491682,0.0,0.0,-304.86301784333494,-409.1575285897892,-378.9027231365124,-507.2767709723805,-4694.846524968165,-18891.451253369487,0.0,0.0,/Users/dawid/Library/Mobile Documents/com~apple~CloudDocs/Dokumenty/Publikacje własne/Manuscripts/Quantum_interference/data/Mosiadz_oselkowane.sur,666.0397447497297,810.0000000000001,809.0,532.0,655289.9999999508,Brass,Mosiadz,hybrid,256,256,3.0000000000000004,1,,Mosiadz_oselkowane,area,Honed,oselkowane,simple
737.2293361967653,688.6196300447552,792.9141407912094,962.4067515926121,904.1179706233471,1032.4920184592152,9139.37220174486,9300.9527165155,23497.55744491682,0.0,0.0,48.609706152010126,-55.68480459444411,58.288780969264984,-70.0852668666031,-161.58051477064043,-14358.185243171962,0.0,0.0,/Users/dawid/Library/Mobile Documents/com~apple~CloudDocs/Dokumenty/Publikacje własne/Manuscripts/Quantum_interference/data/Mosiadz_oselkowane.sur,1271.3416507425582,810.0000000000001,809.0,532.0,655289.9999999508,Brass,Mosiadz,classical,256,256,3.0000000000000004,2,,Mosiadz_oselkowane,area,Honed,oselkowane,simple
890.1113851684291,688.6196300447552,792.9141407912094,1145.9333005414771,904.1179706233471,1032.4920184592152,10642.702124380623,9300.9527165155,23497.55744491682,0.0,0.0,201.49175512367395,97.19724437721972,241.81532991813012,113.44128208226202,1341.7494078651225,-12854.855320536199,0.0,0.0,/Users/dawid/Library/Mobile Documents/com~apple~CloudDocs/Dokumenty/Publikacje własne/Manuscripts/Quantum_interference/data/Mosiadz_oselkowane.sur,706.7988704398075,810.0000000000001,809.0,532.0,655289.9999999508,Brass,Mosiadz,quantum_like,256,256,3.0000000000000004,2,,Mosiadz_oselkowane,area,Honed,oselkowane,simple
379.9881901577898,688.6196300447552,792.9141407912094,522.8713224213342,904.1179706233471,1032.4920184592152,4581.53755477646,9300.9527165155,23497.55744491682,0.0,0.0,-308.63143988696544,-412.9259506334197,-381.246648202013,-509.6206960378811,-4719.415161739041,-18916.019890140364,0.0,0.0,/Users/dawid/Library/Mobile Documents/com~apple~CloudDocs/Dokumenty/Publikacje własne/Manuscripts/Quantum_interference/data/Mosiadz_oselkowane.sur,664.7493054091483,810.0000000000001,809.0,532.0,655289.9999999508,Brass,Mosiadz,hybrid,256,256,3.0000000000000004,2,,Mosiadz_oselkowane,area,Honed,oselkowane,simple
736.2864558429329,688.6196300447552,792.9141407912094,962.017719484223,904.1179706233471,1032.4920184592152,9140.892556544833,9300.9527165155,23497.55744491682,0.0,0.0,47.666825798177705,-56.62768494827653,57.899748860875846,-70.47429897499225,-160.06015997066712,-14356.664888371988,0.0,0.0,/Users/dawid/Library/Mobile Documents/com~apple~CloudDocs/Dokumenty/Publikacje własne/Manuscripts/Quantum_interference/data/Mosiadz_oselkowane.sur,1271.4299713950297,810.0000000000001,809.0,532.0,655289.9999999508,Brass,Mosiadz,classical,256,256,3.0000000000000004,3,,Mosiadz_oselkowane,area,Honed,oselkowane,simple
890.2895503963106,688.6196300447552,792.9141407912094,1145.649100046207,904.1179706233471,1032.4920184592152,11488.429380471009,9300.9527165155,23497.55744491682,0.0,0.0,201.66992035155536,97.37540960510113,241.5311294228599,113.15708158699181,2187.4766639555087,-12009.128064445813,0.0,0.0,/Users/dawid/Library/Mobile Documents/com~apple~CloudDocs/Dokumenty/Publikacje własne/Manuscripts/Quantum_interference/data/Mosiadz_oselkowane.sur,703.2335709664975,810.0000000000001,809.0,532.0,655289.9999999508,Brass,Mosiadz,quantum_like,256,256,3.0000000000000004,3,,Mosiadz_oselkowane,area,Honed,oselkowane,simple
381.72867433135855,688.6196300447552,792.9141407912094,525.1429523380702,904.1179706233471,1032.4920184592152,5061.4922643299415,9300.9527165155,23497.55744491682,0.0,0.0,-306.8909557133967,-411.18546645985094,-378.97501828527686,-507.349066121145,-4239.460452185559,-18436.065180586877,0.0,0.0,/Users/dawid/Library/Mobile Documents/com~apple~CloudDocs/Dokumenty/Publikacje własne/Manuscripts/Quantum_interference/data/Mosiadz_oselkowane.sur,663.9373041695003,810.0000000000001,809.0,532.0,655289.9999999508,Brass,Mosiadz,hybrid,256,256,3.0000000000000004,3,,Mosiadz_oselkowane,area,Honed,oselkowane,simple
773.8510089353637,1960.2922291845982,2155.756816476956,1017.2351324617798,2463.686862640799,2802.067527088578,7881.241305566975,25506.974684978308,82025.36716815887,0.0,0.0,-1186.4412202492347,-1381.9058075415924,-1446.451730179019,-1784.832394626798,-17625.733379411333,-74144.1258625919,0.0,0.0,/Users/dawid/Library/Mobile Documents/com~apple~CloudDocs/Dokumenty/Publikacje własne/Manuscripts/Quantum_interference/data/Mosiadz_szkielkowane.sur,2611.384269522037,810.0000000000001,809.0,532.0,655289.9999999508,Brass,Mosiadz,classical,256,256,3.0000000000000004,0,,Mosiadz_szkielkowane,area,Glass bead blasted,szkielkowane,simple
2033.7855744060587,1960.2922291845982,2155.756816476956,2564.5604274726516,2463.686862640799,2802.067527088578,26505.133805134607,25506.974684978308,82025.36716815887,0.0,0.0,73.49334522146027,-121.97124207089743,100.87356483185283,-237.50709961592622,998.1591201563004,-55520.233363024265,0.0,0.0,/Users/dawid/Library/Mobile Documents/com~apple~CloudDocs/Dokumenty/Publikacje własne/Manuscripts/Quantum_interference/data/Mosiadz_szkielkowane.sur,708.6352540112189,810.0000000000001,809.0,532.0,655289.9999999508,Brass,Mosiadz,quantum_like,256,256,3.0000000000000004,0,,Mosiadz_szkielkowane,area,Glass bead blasted,szkielkowane,simple
744.2761802959973,1960.2922291845982,2155.756816476956,916.8580128499043,2463.686862640799,2802.067527088578,7421.511357910409,25506.974684978308,82025.36716815887,0.0,0.0,-1216.016048888601,-1411.4806361809588,-1546.8288497908948,-1885.2095142386738,-18085.463327067897,-74603.85581024847,0.0,0.0,/Users/dawid/Library/Mobile Documents/com~apple~CloudDocs/Dokumenty/Publikacje własne/Manuscripts/Quantum_interference/data/Mosiadz_szkielkowane.sur,2001.289007473747,810.0000000000001,809.0,532.0,655289.9999999508,Brass,Mosiadz,hybrid,256,256,3.0000000000000004,0,,Mosiadz_szkielkowane,area,Glass bead blasted,szkielkowane,simple
768.6539845135732,1960.2922291845982,2155.756816476956,1011.9908099410288,2463.686862640799,2802.067527088578,8140.825280216014,25506.974684978308,82025.36716815887,0.0,0.0,-1191.638244671025,-1387.1028319633826,-1451.69605269977,-1790.076717147549,-17366.149404762295,-73884.54188794286,0.0,0.0,/Users/dawid/Library/Mobile Documents/com~apple~CloudDocs/Dokumenty/Publikacje własne/Manuscripts/Quantum_interference/data/Mosiadz_szkielkowane.sur,2603.6257482570113,810.0000000000001,809.0,532.0,655289.9999999508,Brass,Mosiadz,classical,256,256,3.0000000000000004,1,,Mosiadz_szkielkowane,area,Glass bead blasted,szkielkowane,simple
2038.2781210971443,1960.2922291845982,2155.756816476956,2574.6273668567237,2463.686862640799,2802.067527088578,26783.65416999765,25506.974684978308,82025.36716815887,0.0,0.0,77.98589191254597,-117.47869537981174,110.94050421592483,-227.44016023185424,1276.6794850193462,-55241.71299816122,0.0,0.0,/Users/dawid/Library/Mobile Documents/com~apple~CloudDocs/Dokumenty/Publikacje własne/Manuscripts/Quantum_interference/data/Mosiadz_szkielkowane.sur,715.070359820698,810.0000000000001,809.0,532.0,655289.9999999508,Brass,Mosiadz,quantum_like,256,256,3.0000000000000004,1,,Mosiadz_szkielkowane,area,Glass bead blasted,szkielkowane,simple
748.7112273030691,1960.2922291845982,2155.756816476956,922.369033430793,2463.686862640799,2802.067527088578,7637.533286647523,25506.974684978308,82025.36716815887,0.0,0.0,-1211.5810018815291,-1407.0455891738868,-1541.3178292100058,-1879.6984936577849,-17869.441398330782,-74387.83388151134,0.0,0.0,/Users/dawid/Library/Mobile Documents/com~apple~CloudDocs/Dokumenty/Publikacje własne/Manuscripts/Quantum_interference/data/Mosiadz_szkielkowane.sur,2000.6084782329954,810.0000000000001,809.0,532.0,655289.9999999508,Brass,Mosiadz,hybrid,256,256,3.0000000000000004,1,,Mosiadz_szkielkowane,area,Glass bead blasted,szkielkowane,simple
765.3245333921764,1960.2922291845982,2155.756816476956,1012.5469755104732,2463.686862640799,2802.067527088578,7882.136319381601,25506.974684978308,82025.36716815887,0.0,0.0,-1194.967695792422,-1390.4322830847798,-1451.1398871303256,-1789.5205515781047,-17624.838365596705,-74143.23084877728,0.0,0.0,/Users/dawid/Library/Mobile Documents/com~apple~CloudDocs/Dokumenty/Publikacje własne/Manuscripts/Quantum_interference/data/Mosiadz_szkielkowane.sur,2610.9848334816343,810.0000000000001,809.0,532.0,655289.9999999508,Brass,Mosiadz,classical,256,256,3.0000000000000004,2,,Mosiadz_szkielkowane,area,Glass bead blasted,szkielkowane,simple
2036.3116689337924,1960.2922291845982,2155.756816476956,2567.31405431951,2463.686862640799,2802.067527088578,27154.061524489793,25506.974684978308,82025.36716815887,0.0,0.0,76.01943974919396,-119.44514754316374,103.6271916787112,-234.75347276906786,1647.086839511486,-54871.30564366908,0.0,0.0,/Users/dawid/Library/Mobile Documents/com~apple~CloudDocs/Dokumenty/Publikacje własne/Manuscripts/Quantum_interference/data/Mosiadz_szkielkowane.sur,714.8132197753481,810.0000000000001,809.0,532.0,655289.9999999508,Brass,Mosiadz,quantum_like,256,256,3.0000000000000004,2,,Mosiadz_szkielkowane,area,Glass bead blasted,szkielkowane,simple
745.939101037114,1960.2922291845982,2155.756816476956,919.8989320588774,2463.686862640799,2802.067527088578,7462.95781518685,25506.974684978308,82025.36716815887,0.0,0.0,-1214.3531281474843,-1409.817715439842,-1543.7879305819213,-1882.1685950297003,-18044.01686979146,-74562.40935297203,0.0,0.0,/Users/dawid/Library/Mobile Documents/com~apple~CloudDocs/Dokumenty/Publikacje własne/Manuscripts/Quantum_interference/data/Mosiadz_szkielkowane.sur,2001.931211090685,810.0000000000001,809.0,532.0,655289.9999999508,Brass,Mosiadz,hybrid,256,256,3.0000000000000004,2,,Mosiadz_szkielkowane,area,Glass bead blasted,szkielkowane,simple
771.5076335028814,1960.2922291845982,2155.756816476956,1015.977546236428,2463.686862640799,2802.067527088578,8146.879479454452,25506.974684978308,82025.36716815887,0.0,0.0,-1188.7845956817168,-1384.2491829740745,-1447.7093164043708,-1786.08998085215,-17360.095205523852,-73878.48768870442,0.0,0.0,/Users/dawid/Library/Mobile Documents/com~apple~CloudDocs/Dokumenty/Publikacje własne/Manuscripts/Quantum_interference/data/Mosiadz_szkielkowane.sur,2611.7330474488454,810.0000000000001,809.0,532.0,655289.9999999508,Brass,Mosiadz,classical,256,256,3.0000000000000004,3,,Mosiadz_szkielkowane,area,Glass bead blasted,szkielkowane,simple
2039.9573295864627,1960.2922291845982,2155.756816476956,2566.5905320924335,2463.686862640799,2802.067527088578,25892.340371542025,25506.974684978308,82025.36716815887,0.0,0.0,79.66510040186449,-115.79948689049321,102.90366945163456,-235.4769949961445,385.3656865637199,-56133.02679661685,0.0,0.0,/Users/dawid/Library/Mobile Documents/com~apple~CloudDocs/Dokumenty/Publikacje własne/Manuscripts/Quantum_interference/data/Mosiadz_szkielkowane.sur,720.765601920225,810.0000000000001,809.0,532.0,655289.9999999508,Brass,Mosiadz,quantum_like,256,256,3.0000000000000004,3,,Mosiadz_szkielkowane,area,Glass bead blasted,szkielkowane,simple
741.8096103927753,1960.2922291845982,2155.756816476956,915.0553162246075,2463.686862640799,2802.067527088578,7687.590370539688,25506.974684978308,82025.36716815887,0.0,0.0,-1218.4826187918231,-1413.9472060841808,-1548.6315464161912,-1887.0122108639703,-17819.384314438616,-74337.7767976192,0.0,0.0,/Users/dawid/Library/Mobile Documents/com~apple~CloudDocs/Dokumenty/Publikacje własne/Manuscripts/Quantum_interference/data/Mosiadz_szkielkowane.sur,2002.280323001666,810.0000000000001,809.0,532.0,655289.9999999508,Brass,Mosiadz,hybrid,256,256,3.0000000000000004,3,,Mosiadz_szkielkowane,area,Glass bead blasted,szkielkowane,simple
662.2328754961192,147625.37736720787,169535.81421614034,860.9075616411093,179484.55133750872,204695.70044101938,6817.265406398053,1012664.1213782984,1248162.7352467102,0.0,0.0,-146963.14449171178,-168873.58134064425,-178623.6437758676,-203834.79287937828,-1005846.8559719003,-1241345.4698403121,0.0,0.0,/Users/dawid/Library/Mobile Documents/com~apple~CloudDocs/Dokumenty/Publikacje własne/Manuscripts/Quantum_interference/data/Mosiadz_szlifowane.sur,179493.27467185442,810.0000000000001,809.0,532.0,655289.9999999508,Brass,Mosiadz,classical,256,256,3.0000000000000004,0,,Mosiadz_szlifowane,area,Grinding,szlifowane,simple
518010.1081304243,147625.37736720787,169535.81421614034,634820.7113926765,179484.55133750872,204695.70044101938,4104271.904310995,1012664.1213782984,1248162.7352467102,0.0,0.0,370384.7307632164,348474.293914284,455336.1600551678,430125.0109516571,3091607.7829326964,2856109.1690642843,0.0,0.0,/Users/dawid/Library/Mobile Documents/com~apple~CloudDocs/Dokumenty/Publikacje własne/Manuscripts/Quantum_interference/data/Mosiadz_szlifowane.sur,615569.1740184614,810.0000000000001,809.0,532.0,655289.9999999508,Brass,Mosiadz,quantum_like,256,256,3.0000000000000004,0,,Mosiadz_szlifowane,area,Grinding,szlifowane,simple
456372.8938314137,147625.37736720787,169535.81421614034,544614.5211010051,179484.55133750872,204695.70044101938,2606701.9906918006,1012664.1213782984,1248162.7352467102,0.0,0.0,308747.5164642058,286837.07961527334,365129.9697634965,339918.82065998577,1594037.8693135022,1358539.2554450904,0.0,0.0,/Users/dawid/Library/Mobile Documents/com~apple~CloudDocs/Dokumenty/Publikacje własne/Manuscripts/Quantum_interference/data/Mosiadz_szlifowane.sur,559602.0071036024,810.0000000000001,809.0,532.0,655289.9999999508,Brass,Mosiadz,hybrid,256,256,3.0000000000000004,0,,Mosiadz_szlifowane,area,Grinding,szlifowane,simple
673.4300775673079,147625.37736720787,169535.81421614034,875.6087793910418,179484.55133750872,204695.70044101938,6943.870701159224,1012664.1213782984,1248162.7352467102,0.0,0.0,-146951.94728964058,-168862.38413857305,-178608.94255811765,-203820.09166162834,-1005720.250677139,-1241218.864545551,0.0,0.0,/Users/dawid/Library/Mobile Documents/com~apple~CloudDocs/Dokumenty/Publikacje własne/Manuscripts/Quantum_interference/data/Mosiadz_szlifowane.sur,179494.491113143,810.0000000000001,809.0,532.0,655289.9999999508,Brass,Mosiadz,classical,256,256,3.0000000000000004,1,,Mosiadz_szlifowane,area,Grinding,szlifowane,simple
517924.0854780382,147625.37736720787,169535.81421614034,634266.7334425354,179484.55133750872,204695.70044101938,3880739.002216245,1012664.1213782984,1248162.7352467102,0.0,0.0,370298.7081108303,348388.27126189787,454782.18210502673,429571.033001516,2868074.8808379467,2632576.266969535,0.0,0.0,/Users/dawid/Library/Mobile Documents/com~apple~CloudDocs/Dokumenty/Publikacje własne/Manuscripts/Quantum_interference/data/Mosiadz_szlifowane.sur,615244.9921693988,810.0000000000001,809.0,532.0,655289.9999999508,Brass,Mosiadz,quantum_like,256,256,3.0000000000000004,1,,Mosiadz_szlifowane,area,Grinding,szlifowane,simple
456347.0611234983,147625.37736720787,169535.81421614034,544167.4127491952,179484.55133750872,204695.70044101938,2557953.143178454,1012664.1213782984,1248162.7352467102,0.0,0.0,308721.6837562904,286811.24690735794,364682.8614116865,339471.7123081758,1545289.021800156,1309790.4079317441,0.0,0.0,/Users/dawid/Library/Mobile Documents/com~apple~CloudDocs/Dokumenty/Publikacje własne/Manuscripts/Quantum_interference/data/Mosiadz_szlifowane.sur,559246.260127272,810.0000000000001,809.0,532.0,655289.9999999508,Brass,Mosiadz,hybrid,256,256,3.0000000000000004,1,,Mosiadz_szlifowane,area,Grinding,szlifowane,simple
663.6320354401445,147625.37736720787,169535.81421614034,862.9746425187908,179484.55133750872,204695.70044101938,6937.235447538762,1012664.1213782984,1248162.7352467102,0.0,0.0,-146961.7453317677,-168872.18218070018,-178621.57669498993,-203832.7257985006,-1005726.8859307597,-1241225.4997991715,0.0,0.0,/Users/dawid/Library/Mobile Documents/com~apple~CloudDocs/Dokumenty/Publikacje własne/Manuscripts/Quantum_interference/data/Mosiadz_szlifowane.sur,179492.0262884902,810.0000000000001,809.0,532.0,655289.9999999508,Brass,Mosiadz,classical,256,256,3.0000000000000004,2,,Mosiadz_szlifowane,area,Grinding,szlifowane,simple
519402.28663354047,147625.37736720787,169535.81421614034,635591.0271048349,179484.55133750872,204695.70044101938,4104433.066532503,1012664.1213782984,1248162.7352467102,0.0,0.0,371776.9092663326,349866.4724174001,456106.4757673262,430895.32666381553,3091768.9451542045,2856270.3312857924,0.0,0.0,/Users/dawid/Library/Mobile Documents/com~apple~CloudDocs/Dokumenty/Publikacje własne/Manuscripts/Quantum_interference/data/Mosiadz_szlifowane.sur,616508.4246393177,810.0000000000001,809.0,532.0,655289.9999999508,Brass,Mosiadz,quantum_like,256,256,3.0000000000000004,2,,Mosiadz_szlifowane,area,Grinding,szlifowane,simple
457206.5787009294,147625.37736720787,169535.81421614034,545366.8967532666,179484.55133750872,204695.70044101938,2606587.636247276,1012664.1213782984,1248162.7352467102,0.0,0.0,309581.2013337215,287670.76448478905,365882.34541575785,340671.19631224714,1593923.5148689775,1358424.9010005656,0.0,0.0,/Users/dawid/Library/Mobile Documents/com~apple~CloudDocs/Dokumenty/Publikacje własne/Manuscripts/Quantum_interference/data/Mosiadz_szlifowane.sur,560464.737949704,810.0000000000001,809.0,532.0,655289.9999999508,Brass,Mosiadz,hybrid,256,256,3.0000000000000004,2,,Mosiadz_szlifowane,area,Grinding,szlifowane,simple
675.2334876195727,147625.37736720787,169535.81421614034,876.5630234786709,179484.55133750872,204695.70044101938,7177.930931214624,1012664.1213782984,1248162.7352467102,0.0,0.0,-146950.14387958832,-168860.58072852078,-178607.98831403005,-203819.1374175407,-1005486.1904470838,-1240984.8043154955,0.0,0.0,/Users/dawid/Library/Mobile Documents/com~apple~CloudDocs/Dokumenty/Publikacje własne/Manuscripts/Quantum_interference/data/Mosiadz_szlifowane.sur,179495.14724035532,810.0000000000001,809.0,532.0,655289.9999999508,Brass,Mosiadz,classical,256,256,3.0000000000000004,3,,Mosiadz_szlifowane,area,Grinding,szlifowane,simple
492728.70012383675,147625.37736720787,169535.81421614034,612176.6519392903,179484.55133750872,204695.70044101938,4011938.0179860843,1012664.1213782984,1248162.7352467102,0.0,0.0,345103.32275662886,323192.8859076964,432692.10060178174,407480.951498271,2999273.896607786,2763775.282739374,0.0,0.0,/Users/dawid/Library/Mobile Documents/com~apple~CloudDocs/Dokumenty/Publikacje własne/Manuscripts/Quantum_interference/data/Mosiadz_szlifowane.sur,592939.9841928235,810.0000000000001,809.0,532.0,655289.9999999508,Brass,Mosiadz,quantum_like,256,256,3.0000000000000004,3,,Mosiadz_szlifowane,area,Grinding,szlifowane,simple
425016.625488461,147625.37736720787,169535.81421614034,518057.674634088,179484.55133750872,204695.70044101938,2512236.3979291394,1012664.1213782984,1248162.7352467102,0.0,0.0,277391.24812125316,255480.8112723207,338573.12329657935,313361.9741930686,1499572.276550841,1264073.6626824292,0.0,0.0,/Users/dawid/Library/Mobile Documents/com~apple~CloudDocs/Dokumenty/Publikacje własne/Manuscripts/Quantum_interference/data/Mosiadz_szlifowane.sur,534777.3381345134,810.0000000000001,809.0,532.0,655289.9999999508,Brass,Mosiadz,hybrid,256,256,3.0000000000000004,3,,Mosiadz_szlifowane,area,Grinding,szlifowane,simple
703.9782051437357,1814.9785180712133,1863.3965300423874,909.2042356997965,2162.205641859635,2274.685531479601,7318.949530556388,18381.20786678298,42456.7727785019,0.0,0.0,-1111.0003129274776,-1159.4183248986517,-1253.0014061598383,-1365.4812957798047,-11062.258336226596,-35137.82324794551,0.0,0.0,/Users/dawid/Library/Mobile Documents/com~apple~CloudDocs/Dokumenty/Publikacje własne/Manuscripts/Quantum_interference/data/P1-1.4301-t.zgrub.sur,2373.270452753693,810.0000000000001,809.0,532.0,655289.9999999508,Stainless steel 1.4301 (AISI 304),1.4301,classical,256,256,3.0000000000000004,0,P1,P1-1.4301-t.zgrub,area,Turning (roughing),t.zgrub,simple
1875.6773481323098,1814.9785180712133,1863.3965300423874,2271.729118120676,2162.205641859635,2274.685531479601,20250.32860919868,18381.20786678298,42456.7727785019,0.0,0.0,60.698830061096594,12.280818089922452,109.52347626104115,-2.9564133589251087,1869.120742415698,-22206.444169303224,0.0,0.0,/Users/dawid/Library/Mobile Documents/com~apple~CloudDocs/Dokumenty/Publikacje własne/Manuscripts/Quantum_interference/data/P1-1.4301-t.zgrub.sur,714.143420887304,810.0000000000001,809.0,532.0,655289.9999999508,Stainless steel 1.4301 (AISI 304),1.4301,quantum_like,256,256,3.0000000000000004,0,P1,P1-1.4301-t.zgrub,area,Turning (roughing),t.zgrub,simple
1137.7787837927006,1814.9785180712133,1863.3965300423874,1341.796623857874,2162.205641859635,2274.685531479601,12603.821973403585,18381.20786678298,42456.7727785019,0.0,0.0,-677.1997342785127,-725.6177462496868,-820.4090180017608,-932.8889076217272,-5777.385893379397,-29852.950805098317,0.0,0.0,/Users/dawid/Library/Mobile Documents/com~apple~CloudDocs/Dokumenty/Publikacje własne/Manuscripts/Quantum_interference/data/P1-1.4301-t.zgrub.sur,1032.5868088878367,810.0000000000001,809.0,532.0,655289.9999999508,Stainless steel 1.4301 (AISI 304),1.4301,hybrid,256,256,3.0000000000000004,0,P1,P1-1.4301-t.zgrub,area,Turning (roughing),t.zgrub,simple
697.7910813445562,1814.9785180712133,1863.3965300423874,906.3838983842397,2162.205641859635,2274.685531479601,7330.98291712402,18381.20786678298,42456.7727785019,0.0,0.0,-1117.187436726657,-1165.6054486978312,-1255.8217434753951,-1368.3016330953615,-11050.224949658963,-35125.78986137788,0.0,0.0,/Users/dawid/Library/Mobile Documents/com~apple~CloudDocs/Dokumenty/Publikacje własne/Manuscripts/Quantum_interference/data/P1-1.4301-t.zgrub.sur,2369.9064975970628,810.0000000000001,809.0,532.0,655289.9999999508,Stainless steel 1.4301 (AISI 304),1.4301,classical,256,256,3.0000000000000004,1,P1,P1-1.4301-t.zgrub,area,Turning (roughing),t.zgrub,simple
1878.3774270659262,1814.9785180712133,1863.3965300423874,2273.358307415759,2162.205641859635,2274.685531479601,20024.19212285857,18381.20786678298,42456.7727785019,0.0,0.0,63.398908994713096,14.980897023538956,111.15266555612416,-1.3272240638421053,1642.9842560755874,-22432.580655643334,0.0,0.0,/Users/dawid/Library/Mobile Documents/com~apple~CloudDocs/Dokumenty/Publikacje własne/Manuscripts/Quantum_interference/data/P1-1.4301-t.zgrub.sur,706.914102175758,810.0000000000001,809.0,532.0,655289.9999999508,Stainless steel 1.4301 (AISI 304),1.4301,quantum_like,256,256,3.0000000000000004,1,P1,P1-1.4301-t.zgrub,area,Turning (roughing),t.zgrub,simple
1140.1731028844558,1814.9785180712133,1863.3965300423874,1343.7071293292306,2162.205641859635,2274.685531479601,12572.01147607236,18381.20786678298,42456.7727785019,0.0,0.0,-674.8054151867574,-723.2234271579315,-818.4985125304044,-930.9784021503707,-5809.196390710623,-29884.761302429546,0.0,0.0,/Users/dawid/Library/Mobile Documents/com~apple~CloudDocs/Dokumenty/Publikacje własne/Manuscripts/Quantum_interference/data/P1-1.4301-t.zgrub.sur,1030.3648513445278,810.0000000000001,809.0,532.0,655289.9999999508,Stainless steel 1.4301 (AISI 304),1.4301,hybrid,256,256,3.0000000000000004,1,P1,P1-1.4301-t.zgrub,area,Turning (roughing),t.zgrub,simple
700.4925173603942,1814.9785180712133,1863.3965300423874,905.7090325710266,2162.205641859635,2274.685531479601,7090.041521332495,18381.20786678298,42456.7727785019,0.0,0.0,-1114.4860007108189,-1162.904012681993,-1256.4966092886084,-1368.9764989085745,-11291.166345450487,-35366.731257169406,0.0,0.0,/Users/dawid/Library/Mobile Documents/com~apple~CloudDocs/Dokumenty/Publikacje własne/Manuscripts/Quantum_interference/data/P1-1.4301-t.zgrub.sur,2371.616521952363,810.0000000000001,809.0,532.0,655289.9999999508,Stainless steel 1.4301 (AISI 304),1.4301,classical,256,256,3.0000000000000004,2,P1,P1-1.4301-t.zgrub,area,Turning (roughing),t.zgrub,simple
1874.2690379285482,1814.9785180712133,1863.3965300423874,2269.2337805989605,2162.205641859635,2274.685531479601,20895.679811118596,18381.20786678298,42456.7727785019,0.0,0.0,59.29051985733501,10.872507886160873,107.02813873932571,-5.451750880640549,2514.471944335615,-21561.092967383305,0.0,0.0,/Users/dawid/Library/Mobile Documents/com~apple~CloudDocs/Dokumenty/Publikacje własne/Manuscripts/Quantum_interference/data/P1-1.4301-t.zgrub.sur,716.430992177052,810.0000000000001,809.0,532.0,655289.9999999508,Stainless steel 1.4301 (AISI 304),1.4301,quantum_like,256,256,3.0000000000000004,2,P1,P1-1.4301-t.zgrub,area,Turning (roughing),t.zgrub,simple
1135.1569729810324,1814.9785180712133,1863.3965300423874,1337.6153879470332,2162.205641859635,2274.685531479601,12686.23181770804,18381.20786678298,42456.7727785019,0.0,0.0,-679.8215450901808,-728.239557061355,-824.5902539126018,-937.0701435325681,-5694.976049074942,-29770.54096079386,0.0,0.0,/Users/dawid/Library/Mobile Documents/com~apple~CloudDocs/Dokumenty/Publikacje własne/Manuscripts/Quantum_interference/data/P1-1.4301-t.zgrub.sur,1033.694678008965,810.0000000000001,809.0,532.0,655289.9999999508,Stainless steel 1.4301 (AISI 304),1.4301,hybrid,256,256,3.0000000000000004,2,P1,P1-1.4301-t.zgrub,area,Turning (roughing),t.zgrub,simple
701.1887034059655,1814.9785180712133,1863.3965300423874,907.6067655306592,2162.205641859635,2274.685531479601,7267.0613124868605,18381.20786678298,42456.7727785019,0.0,0.0,-1113.7898146652478,-1162.207826636422,-1254.5988763289756,-1367.078765948942,-11114.146554296123,-35189.71146601504,0.0,0.0,/Users/dawid/Library/Mobile Documents/com~apple~CloudDocs/Dokumenty/Publikacje własne/Manuscripts/Quantum_interference/data/P1-1.4301-t.zgrub.sur,2370.646589836995,810.0000000000001,809.0,532.0,655289.9999999508,Stainless steel 1.4301 (AISI 304),1.4301,classical,256,256,3.0000000000000004,3,P1,P1-1.4301-t.zgrub,area,Turning (roughing),t.zgrub,simple
1876.315234276996,1814.9785180712133,1863.3965300423874,2271.901733872058,2162.205641859635,2274.685531479601,19838.28054148766,18381.20786678298,42456.7727785019,0.0,0.0,61.33671620578278,12.918704234608642,109.6960920124228,-2.7837976075434723,1457.072674704677,-22618.492237014245,0.0,0.0,/Users/dawid/Library/Mobile Documents/com~apple~CloudDocs/Dokumenty/Publikacje własne/Manuscripts/Quantum_interference/data/P1-1.4301-t.zgrub.sur,704.5613235579996,810.0000000000001,809.0,532.0,655289.9999999508,Stainless steel 1.4301 (AISI 304),1.4301,quantum_like,256,256,3.0000000000000004,3,P1,P1-1.4301-t.zgrub,area,Turning (roughing),t.zgrub,simple
1139.0376213444379,1814.9785180712133,1863.3965300423874,1342.1758580739086,2162.205641859635,2274.685531479601,12436.65758781786,18381.20786678298,42456.7727785019,0.0,0.0,-675.9408967267753,-724.3589086979495,-820.0297837857263,-932.5096734056925,-5944.550278965123,-30020.115190684046,0.0,0.0,/Users/dawid/Library/Mobile Documents/com~apple~CloudDocs/Dokumenty/Publikacje własne/Manuscripts/Quantum_interference/data/P1-1.4301-t.zgrub.sur,1030.8278335801858,810.0000000000001,809.0,532.0,655289.9999999508,Stainless steel 1.4301 (AISI 304),1.4301,hybrid,256,256,3.0000000000000004,3,P1,P1-1.4301-t.zgrub,area,Turning (roughing),t.zgrub,simple
725.149073164353,305.23317869964404,347.6274194739767,914.2951908352994,413.1752042656368,601.8393081218546,7196.158866658848,18927.89092613333,78579.84712886067,0.0,0.0,419.915894464709,377.52165369037635,501.1199865696626,312.45588271344474,-11731.732059474478,-71383.68826220182,0.0,0.0,/Users/dawid/Library/Mobile Documents/com~apple~CloudDocs/Dokumenty/Publikacje własne/Manuscripts/Quantum_interference/data/P1-1.4301_frez_wyk.sur,1020.681096789468,810.0000000000001,809.0,532.0,655289.9999999508,Stainless steel 1.4301 (AISI 304),1.4301,classical,256,256,3.0000000000000004,0,P1,P1-1.4301_frez_wyk,area,Milling (finishing),frez_wyk,simple
655.2819770032703,305.23317869964404,347.6274194739767,829.2266347963302,413.1752042656368,601.8393081218546,21651.76441930704,18927.89092613333,78579.84712886067,0.0,0.0,350.0487983036263,307.65455752929364,416.0514305306935,227.38732667447562,2723.8734931737145,-56928.08270955362,0.0,0.0,/Users/dawid/Library/Mobile Documents/com~apple~CloudDocs/Dokumenty/Publikacje własne/Manuscripts/Quantum_interference/data/P1-1.4301_frez_wyk.sur,717.5516980710247,810.0000000000001,809.0,532.0,655289.9999999508,Stainless steel 1.4301 (AISI 304),1.4301,quantum_like,256,256,3.0000000000000004,0,P1,P1-1.4301_frez_wyk,area,Milling (finishing),frez_wyk,simple
280.4159118387485,305.23317869964404,347.6274194739767,352.11392682252995,413.1752042656368,601.8393081218546,4643.198490502403,18927.89092613333,78579.84712886067,0.0,0.0,-24.817266860895558,-67.21150763522822,-61.06127744310688,-249.72538129932474,-14284.692435630926,-73936.64863835827,0.0,0.0,/Users/dawid/Library/Mobile Documents/com~apple~CloudDocs/Dokumenty/Publikacje własne/Manuscripts/Quantum_interference/data/P1-1.4301_frez_wyk.sur,269.3604640062997,810.0000000000001,809.0,532.0,655289.9999999508,Stainless steel 1.4301 (AISI 304),1.4301,hybrid,256,256,3.0000000000000004,0,P1,P1-1.4301_frez_wyk,area,Milling (finishing),frez_wyk,simple
719.8052312638268,305.23317869964404,347.6274194739767,906.9638471967695,413.1752042656368,601.8393081218546,7059.009364493691,18927.89092613333,78579.84712886067,0.0,0.0,414.5720525641828,372.1778117898501,493.78864293113276,305.1245390749149,-11868.881561639637,-71520.83776436697,0.0,0.0,/Users/dawid/Library/Mobile Documents/com~apple~CloudDocs/Dokumenty/Publikacje własne/Manuscripts/Quantum_interference/data/P1-1.4301_frez_wyk.sur,1012.8192046957148,810.0000000000001,809.0,532.0,655289.9999999508,Stainless steel 1.4301 (AISI 304),1.4301,classical,256,256,3.0000000000000004,1,P1,P1-1.4301_frez_wyk,area,Milling (finishing),frez_wyk,simple
649.0716993602545,305.23317869964404,347.6274194739767,822.4048503859889,413.1752042656368,601.8393081218546,20090.78513464654,18927.89092613333,78579.84712886067,0.0,0.0,343.83852066061036,301.44427988627774,409.2296461203521,220.5655422641342,1162.8942085132119,-58489.06199421413,0.0,0.0,/Users/dawid/Library/Mobile Documents/com~apple~CloudDocs/Dokumenty/Publikacje własne/Manuscripts/Quantum_interference/data/P1-1.4301_frez_wyk.sur,710.0373730789189,810.0000000000001,809.0,532.0,655289.9999999508,Stainless steel 1.4301 (AISI 304),1.4301,quantum_like,256,256,3.0000000000000004,1,P1,P1-1.4301_frez_wyk,area,Milling (finishing),frez_wyk,simple
279.4112118961876,305.23317869964404,347.6274194739767,351.6546535193098,413.1752042656368,601.8393081218546,4496.812815344356,18927.89092613333,78579.84712886067,0.0,0.0,-25.821966803456476,-68.21620757778915,-61.520550746327,-250.18465460254487,-14431.078110788972,-74083.0343135163,0.0,0.0,/Users/dawid/Library/Mobile Documents/com~apple~CloudDocs/Dokumenty/Publikacje własne/Manuscripts/Quantum_interference/data/P1-1.4301_frez_wyk.sur,268.83032427353317,810.0000000000001,809.0,532.0,655289.9999999508,Stainless steel 1.4301 (AISI 304),1.4301,hybrid,256,256,3.0000000000000004,1,P1,P1-1.4301_frez_wyk,area,Milling (finishing),frez_wyk,simple
726.2835887836223,305.23317869964404,347.6274194739767,914.2548602605007,413.1752042656368,601.8393081218546,6945.626402547518,18927.89092613333,78579.84712886067,0.0,0.0,421.0504100839783,378.65616930964563,501.07965599486386,312.415552138646,-11982.264523585809,-71634.22072631314,0.0,0.0,/Users/dawid/Library/Mobile Documents/com~apple~CloudDocs/Dokumenty/Publikacje własne/Manuscripts/Quantum_interference/data/P1-1.4301_frez_wyk.sur,1020.4777618477524,810.0000000000001,809.0,532.0,655289.9999999508,Stainless steel 1.4301 (AISI 304),1.4301,classical,256,256,3.0000000000000004,2,P1,P1-1.4301_frez_wyk,area,Milling (finishing),frez_wyk,simple
644.5465789507716,305.23317869964404,347.6274194739767,817.0396279904044,413.1752042656368,601.8393081218546,20711.191418624527,18927.89092613333,78579.84712886067,0.0,0.0,339.3134002511276,296.9191594767949,403.8644237247675,215.20031986854966,1783.3004924912004,-57868.65571023614,0.0,0.0,/Users/dawid/Library/Mobile Documents/com~apple~CloudDocs/Dokumenty/Publikacje własne/Manuscripts/Quantum_interference/data/P1-1.4301_frez_wyk.sur,705.3815680112176,810.0000000000001,809.0,532.0,655289.9999999508,Stainless steel 1.4301 (AISI 304),1.4301,quantum_like,256,256,3.0000000000000004,2,P1,P1-1.4301_frez_wyk,area,Milling (finishing),frez_wyk,simple
281.4101000380517,305.23317869964404,347.6274194739767,350.0785354369292,413.1752042656368,601.8393081218546,4448.250652255578,18927.89092613333,78579.84712886067,0.0,0.0,-23.823078661592348,-66.217319435925,-63.096668828707614,-251.76077268492548,-14479.64027387775,-74131.59647660509,0.0,0.0,/Users/dawid/Library/Mobile Documents/com~apple~CloudDocs/Dokumenty/Publikacje własne/Manuscripts/Quantum_interference/data/P1-1.4301_frez_wyk.sur,269.28365021600194,810.0000000000001,809.0,532.0,655289.9999999508,Stainless steel 1.4301 (AISI 304),1.4301,hybrid,256,256,3.0000000000000004,2,P1,P1-1.4301_frez_wyk,area,Milling (finishing),frez_wyk,simple
722.0431133908786,305.23317869964404,347.6274194739767,906.2546962614895,413.1752042656368,601.8393081218546,7113.209030262027,18927.89092613333,78579.84712886067,0.0,0.0,416.80993469123456,374.41569391690194,493.07949199585266,304.4153881396348,-11814.681895871301,-71466.63809859865,0.0,0.0,/Users/dawid/Library/Mobile Documents/com~apple~CloudDocs/Dokumenty/Publikacje własne/Manuscripts/Quantum_interference/data/P1-1.4301_frez_wyk.sur,1013.141464352397,810.0000000000001,809.0,532.0,655289.9999999508,Stainless steel 1.4301 (AISI 304),1.4301,classical,256,256,3.0000000000000004,3,P1,P1-1.4301_frez_wyk,area,Milling (finishing),frez_wyk,simple
646.7158330968578,305.23317869964404,347.6274194739767,817.7985688207733,413.1752042656368,601.8393081218546,20493.693657629137,18927.89092613333,78579.84712886067,0.0,0.0,341.48265439721365,299.088413622881,404.62336455513645,215.9592606989186,1565.8027314958101,-58086.15347123153,0.0,0.0,/Users/dawid/Library/Mobile Documents/com~apple~CloudDocs/Dokumenty/Publikacje własne/Manuscripts/Quantum_interference/data/P1-1.4301_frez_wyk.sur,706.6766529281256,810.0000000000001,809.0,532.0,655289.9999999508,Stainless steel 1.4301 (AISI 304),1.4301,quantum_like,256,256,3.0000000000000004,3,P1,P1-1.4301_frez_wyk,area,Milling (finishing),frez_wyk,simple
278.37748781953303,305.23317869964404,347.6274194739767,350.85741670719585,413.1752042656368,601.8393081218546,4484.313796460145,18927.89092613333,78579.84712886067,0.0,0.0,-26.855690880111013,-69.24993165444367,-62.31778755844095,-250.9818914146588,-14443.577129673182,-74095.53333240052,0.0,0.0,/Users/dawid/Library/Mobile Documents/com~apple~CloudDocs/Dokumenty/Publikacje własne/Manuscripts/Quantum_interference/data/P1-1.4301_frez_wyk.sur,270.2043293254144,810.0000000000001,809.0,532.0,655289.9999999508,Stainless steel 1.4301 (AISI 304),1.4301,hybrid,256,256,3.0000000000000004,3,P1,P1-1.4301_frez_wyk,area,Milling (finishing),frez_wyk,simple
807.4616935257284,764.4718619642408,779.0817824786186,1071.6133301203324,887.9798147663537,914.4578575056264,7142.451982197396,8664.031748120799,25224.51211973308,0.0,0.0,42.98983156148756,28.379911047109843,183.63351535397874,157.15547261470599,-1521.5797659234024,-18082.060137535685,0.0,0.0,/Users/dawid/Library/Mobile Documents/com~apple~CloudDocs/Dokumenty/Publikacje własne/Manuscripts/Quantum_interference/data/P1-1.4301_frez_zgrub.sur,1052.5219573943223,810.0000000000001,809.0,532.0,655289.9999999508,Stainless steel 1.4301 (AISI 304),1.4301,classical,256,256,3.0000000000000004,0,P1,P1-1.4301_frez_zgrub,area,Milling (roughing),frez_zgrub,simple
921.3806184573699,764.4718619642408,779.0817824786186,1129.2591950789456,887.9798147663537,914.4578575056264,11520.875749609879,8664.031748120799,25224.51211973308,0.0,0.0,156.90875649312906,142.29883597875133,241.27938031259197,214.80133757331924,2856.8440014890803,-13703.636370123204,0.0,0.0,/Users/dawid/Library/Mobile Documents/com~apple~CloudDocs/Dokumenty/Publikacje własne/Manuscripts/Quantum_interference/data/P1-1.4301_frez_zgrub.sur,705.6900600838064,810.0000000000001,809.0,532.0,655289.9999999508,Stainless steel 1.4301 (AISI 304),1.4301,quantum_like,256,256,3.0000000000000004,0,P1,P1-1.4301_frez_zgrub,area,Milling (roughing),frez_zgrub,simple
676.5762558429251,764.4718619642408,779.0817824786186,777.5695978491023,887.9798147663537,914.4578575056264,4783.442003737647,8664.031748120799,25224.51211973308,0.0,0.0,-87.89560612131575,-102.50552663569347,-110.41021691725138,-136.8882596565241,-3880.589744383152,-20441.070115995437,0.0,0.0,/Users/dawid/Library/Mobile Documents/com~apple~CloudDocs/Dokumenty/Publikacje własne/Manuscripts/Quantum_interference/data/P1-1.4301_frez_zgrub.sur,275.24758653093875,810.0000000000001,809.0,532.0,655289.9999999508,Stainless steel 1.4301 (AISI 304),1.4301,hybrid,256,256,3.0000000000000004,0,P1,P1-1.4301_frez_zgrub,area,Milling (roughing),frez_zgrub,simple
805.090250847076,764.4718619642408,779.0817824786186,1068.1558548180908,887.9798147663537,914.4578575056264,7144.821446246538,8664.031748120799,25224.51211973308,0.0,0.0,40.618388882835205,26.008468368457486,180.1760400517372,153.69799731246445,-1519.2103018742614,-18079.690673486544,0.0,0.0,/Users/dawid/Library/Mobile Documents/com~apple~CloudDocs/Dokumenty/Publikacje własne/Manuscripts/Quantum_interference/data/P1-1.4301_frez_zgrub.sur,1050.5814464935124,810.0000000000001,809.0,532.0,655289.9999999508,Stainless steel 1.4301 (AISI 304),1.4301,classical,256,256,3.0000000000000004,1,P1,P1-1.4301_frez_zgrub,area,Milling (roughing),frez_zgrub,simple
932.494903977542,764.4718619642408,779.0817824786186,1142.4068415942932,887.9798147663537,914.4578575056264,11773.732170264551,8664.031748120799,25224.51211973308,0.0,0.0,168.02304201330114,153.4131214989234,254.4270268279395,227.94898408866678,3109.7004221437533,-13450.77994946853,0.0,0.0,/Users/dawid/Library/Mobile Documents/com~apple~CloudDocs/Dokumenty/Publikacje własne/Manuscripts/Quantum_interference/data/P1-1.4301_frez_zgrub.sur,714.1699777091239,810.0000000000001,809.0,532.0,655289.9999999508,Stainless steel 1.4301 (AISI 304),1.4301,quantum_like,256,256,3.0000000000000004,1,P1,P1-1.4301_frez_zgrub,area,Milling (roughing),frez_zgrub,simple
683.6361315091153,764.4718619642408,779.0817824786186,785.807478294079,887.9798147663537,914.4578575056264,4640.602825904369,8664.031748120799,25224.51211973308,0.0,0.0,-80.83573045512557,-95.44565096950329,-102.17233647227462,-128.65037921154735,-4023.42892221643,-20583.90929382871,0.0,0.0,/Users/dawid/Library/Mobile Documents/com~apple~CloudDocs/Dokumenty/Publikacje własne/Manuscripts/Quantum_interference/data/P1-1.4301_frez_zgrub.sur,272.37226033052474,810.0000000000001,809.0,532.0,655289.9999999508,Stainless steel 1.4301 (AISI 304),1.4301,hybrid,256,256,3.0000000000000004,1,P1,P1-1.4301_frez_zgrub,area,Milling (roughing),frez_zgrub,simple
807.6245317260676,764.4718619642408,779.0817824786186,1075.0697827191352,887.9798147663537,914.4578575056264,7298.229777946086,8664.031748120799,25224.51211973308,0.0,0.0,43.152669761826736,28.542749247449013,187.0899679527815,160.61192521350878,-1365.801970174713,-17926.282341787,0.0,0.0,/Users/dawid/Library/Mobile Documents/com~apple~CloudDocs/Dokumenty/Publikacje własne/Manuscripts/Quantum_interference/data/P1-1.4301_frez_zgrub.sur,1057.3297926438395,810.0000000000001,809.0,532.0,655289.9999999508,Stainless steel 1.4301 (AISI 304),1.4301,classical,256,256,3.0000000000000004,2,P1,P1-1.4301_frez_zgrub,area,Milling (roughing),frez_zgrub,simple
927.0336005940911,764.4718619642408,779.0817824786186,1136.4163221390174,887.9798147663537,914.4578575056264,11599.526922883271,8664.031748120799,25224.51211973308,0.0,0.0,162.56173862985025,147.95181811547255,248.4365073726637,221.95846463339095,2935.4951747624727,-13624.985196849811,0.0,0.0,/Users/dawid/Library/Mobile Documents/com~apple~CloudDocs/Dokumenty/Publikacje własne/Manuscripts/Quantum_interference/data/P1-1.4301_frez_zgrub.sur,705.2952793715488,810.0000000000001,809.0,532.0,655289.9999999508,Stainless steel 1.4301 (AISI 304),1.4301,quantum_like,256,256,3.0000000000000004,2,P1,P1-1.4301_frez_zgrub,area,Milling (roughing),frez_zgrub,simple
681.3855174759204,764.4718619642408,779.0817824786186,784.8437402618639,887.9798147663537,914.4578575056264,4769.671115052339,8664.031748120799,25224.51211973308,0.0,0.0,-83.08634448832044,-97.69626500269815,-103.13607450448976,-129.61411724376248,-3894.3606330684597,-20454.841004680744,0.0,0.0,/Users/dawid/Library/Mobile Documents/com~apple~CloudDocs/Dokumenty/Publikacje własne/Manuscripts/Quantum_interference/data/P1-1.4301_frez_zgrub.sur,272.55790542698253,810.0000000000001,809.0,532.0,655289.9999999508,Stainless steel 1.4301 (AISI 304),1.4301,hybrid,256,256,3.0000000000000004,2,P1,P1-1.4301_frez_zgrub,area,Milling (roughing),frez_zgrub,simple
821.9279800033604,764.4718619642408,779.0817824786186,1087.8359311436766,887.9798147663537,914.4578575056264,7279.269239304824,8664.031748120799,25224.51211973308,0.0,0.0,57.45611803911952,42.84619752474179,199.85611637732305,173.37807363805032,-1384.7625088159746,-17945.242880428257,0.0,0.0,/Users/dawid/Library/Mobile Documents/com~apple~CloudDocs/Dokumenty/Publikacje własne/Manuscripts/Quantum_interference/data/P1-1.4301_frez_zgrub.sur,1067.5271128797426,810.0000000000001,809.0,532.0,655289.9999999508,Stainless steel 1.4301 (AISI 304),1.4301,classical,256,256,3.0000000000000004,3,P1,P1-1.4301_frez_zgrub,area,Milling (roughing),frez_zgrub,simple
925.9106373280847,764.4718619642408,779.0817824786186,1135.497842093348,887.9798147663537,914.4578575056264,11781.363971303546,8664.031748120799,25224.51211973308,0.0,0.0,161.43877536384386,146.82885484946613,247.51802732699446,221.03998458772173,3117.3322231827483,-13443.148148429535,0.0,0.0,/Users/dawid/Library/Mobile Documents/com~apple~CloudDocs/Dokumenty/Publikacje własne/Manuscripts/Quantum_interference/data/P1-1.4301_frez_zgrub.sur,708.9861451270989,810.0000000000001,809.0,532.0,655289.9999999508,Stainless steel 1.4301 (AISI 304),1.4301,quantum_like,256,256,3.0000000000000004,3,P1,P1-1.4301_frez_zgrub,area,Milling (roughing),frez_zgrub,simple
678.6643916276588,764.4718619642408,779.0817824786186,781.3432335930501,887.9798147663537,914.4578575056264,4676.150789698207,8664.031748120799,25224.51211973308,0.0,0.0,-85.80747033658207,-100.41739085095979,-106.63658117330357,-133.1146239125763,-3987.8809584225924,-20548.361330034877,0.0,0.0,/Users/dawid/Library/Mobile Documents/com~apple~CloudDocs/Dokumenty/Publikacje własne/Manuscripts/Quantum_interference/data/P1-1.4301_frez_zgrub.sur,272.6714797689009,810.0000000000001,809.0,532.0,655289.9999999508,Stainless steel 1.4301 (AISI 304),1.4301,hybrid,256,256,3.0000000000000004,3,P1,P1-1.4301_frez_zgrub,area,Milling (roughing),frez_zgrub,simple
207.9998603975362,192.10411714460616,205.35721843028773,268.73833798879747,341.92217999220065,751.2053660424251,4031.4737286777668,36240.82265559685,70877.09415226404,0.0,0.0,15.895743252930039,2.6426419672484696,-73.18384200340316,-482.46702805362764,-32209.34892691908,-66845.62042358627,0.0,0.0,/Users/dawid/Library/Mobile Documents/com~apple~CloudDocs/Dokumenty/Publikacje własne/Manuscripts/Quantum_interference/data/P1-1.4301_nagniat.sur,350.1754669093381,810.0000000000001,809.0,532.0,655289.9999999508,Stainless steel 1.4301 (AISI 304),1.4301,classical,256,256,3.0000000000000004,0,P1,P1-1.4301_nagniat,area,Burnishing,nagniat,simple
598.1173597479902,192.10411714460616,205.35721843028773,783.113378621948,341.92217999220065,751.2053660424251,34904.61925011443,36240.82265559685,70877.09415226404,0.0,0.0,406.0132426033841,392.7601413177025,441.1911986297473,31.908012579522804,-1336.2034054824144,-35972.4749021496,0.0,0.0,/Users/dawid/Library/Mobile Documents/com~apple~CloudDocs/Dokumenty/Publikacje własne/Manuscripts/Quantum_interference/data/P1-1.4301_nagniat.sur,706.3236598612208,810.0000000000001,809.0,532.0,655289.9999999508,Stainless steel 1.4301 (AISI 304),1.4301,quantum_like,256,256,3.0000000000000004,0,P1,P1-1.4301_nagniat,area,Burnishing,nagniat,simple
212.63735229691082,192.10411714460616,205.35721843028773,273.5077576629152,341.92217999220065,751.2053660424251,6332.227750964082,36240.82265559685,70877.09415226404,0.0,0.0,20.533235152304645,7.280133866623075,-68.41442232928544,-477.6976083795099,-29908.594904632766,-64544.86640129996,0.0,0.0,/Users/dawid/Library/Mobile Documents/com~apple~CloudDocs/Dokumenty/Publikacje własne/Manuscripts/Quantum_interference/data/P1-1.4301_nagniat.sur,269.36012478148945,810.0000000000001,809.0,532.0,655289.9999999508,Stainless steel 1.4301 (AISI 304),1.4301,hybrid,256,256,3.0000000000000004,0,P1,P1-1.4301_nagniat,area,Burnishing,nagniat,simple
207.69125216296638,192.10411714460616,205.35721843028773,268.4663879504529,341.92217999220065,751.2053660424251,4030.887993456699,36240.82265559685,70877.09415226404,0.0,0.0,15.587135018360213,2.3340337326786424,-73.45579204174771,-482.7389780919722,-32209.934662140146,-66846.20615880734,0.0,0.0,/Users/dawid/Library/Mobile Documents/com~apple~CloudDocs/Dokumenty/Publikacje własne/Manuscripts/Quantum_interference/data/P1-1.4301_nagniat.sur,349.8651616808827,810.0000000000001,809.0,532.0,655289.9999999508,Stainless steel 1.4301 (AISI 304),1.4301,classical,256,256,3.0000000000000004,1,P1,P1-1.4301_nagniat,area,Burnishing,nagniat,simple
596.8667267547138,192.10411714460616,205.35721843028773,784.3109117431566,341.92217999220065,751.2053660424251,36840.70050680594,36240.82265559685,70877.09415226404,0.0,0.0,404.7626096101077,391.50950832442606,442.3887317509559,33.105545700731454,599.8778512090886,-34036.3936454581,0.0,0.0,/Users/dawid/Library/Mobile Documents/com~apple~CloudDocs/Dokumenty/Publikacje własne/Manuscripts/Quantum_interference/data/P1-1.4301_nagniat.sur,705.7424834075194,810.0000000000001,809.0,532.0,655289.9999999508,Stainless steel 1.4301 (AISI 304),1.4301,quantum_like,256,256,3.0000000000000004,1,P1,P1-1.4301_nagniat,area,Burnishing,nagniat,simple
215.18211258028978,192.10411714460616,205.35721843028773,278.5044893934067,341.92217999220065,751.2053660424251,7036.478888659755,36240.82265559685,70877.09415226404,0.0,0.0,23.077995435683622,9.824894150002054,-63.41769059879396,-472.7008766490184,-29204.34376693709,-63840.615263604275,0.0,0.0,/Users/dawid/Library/Mobile Documents/com~apple~CloudDocs/Dokumenty/Publikacje własne/Manuscripts/Quantum_interference/data/P1-1.4301_nagniat.sur,268.7411330972721,810.0000000000001,809.0,532.0,655289.9999999508,Stainless steel 1.4301 (AISI 304),1.4301,hybrid,256,256,3.0000000000000004,1,P1,P1-1.4301_nagniat,area,Burnishing,nagniat,simple
207.99681124379973,192.10411714460616,205.35721843028773,268.74160492133143,341.92217999220065,751.2053660424251,4031.9025517550563,36240.82265559685,70877.09415226404,0.0,0.0,15.892694099193564,2.6395928135119937,-73.18057507086917,-482.46376112109374,-32208.920103841792,-66845.19160050897,0.0,0.0,/Users/dawid/Library/Mobile Documents/com~apple~CloudDocs/Dokumenty/Publikacje własne/Manuscripts/Quantum_interference/data/P1-1.4301_nagniat.sur,350.1724484923282,810.0000000000001,809.0,532.0,655289.9999999508,Stainless steel 1.4301 (AISI 304),1.4301,classical,256,256,3.0000000000000004,2,P1,P1-1.4301_nagniat,area,Burnishing,nagniat,simple
598.3368269176442,192.10411714460616,205.35721843028773,785.2056594652317,341.92217999220065,751.2053660424251,34669.49069232983,36240.82265559685,70877.09415226404,0.0,0.0,406.23270977303804,392.9796084873564,443.28347947303115,34.00029342280668,-1571.3319632670175,-36207.6034599342,0.0,0.0,/Users/dawid/Library/Mobile Documents/com~apple~CloudDocs/Dokumenty/Publikacje własne/Manuscripts/Quantum_interference/data/P1-1.4301_nagniat.sur,706.2503861252826,810.0000000000001,809.0,532.0,655289.9999999508,Stainless steel 1.4301 (AISI 304),1.4301,quantum_like,256,256,3.0000000000000004,2,P1,P1-1.4301_nagniat,area,Burnishing,nagniat,simple
214.3417027014513,192.10411714460616,205.35721843028773,277.6838349008602,341.92217999220065,751.2053660424251,6720.258476069313,36240.82265559685,70877.09415226404,0.0,0.0,22.237585556845143,8.984484271163574,-64.23834509134046,-473.52153114156494,-29520.564179527533,-64156.83567619472,0.0,0.0,/Users/dawid/Library/Mobile Documents/com~apple~CloudDocs/Dokumenty/Publikacje własne/Manuscripts/Quantum_interference/data/P1-1.4301_nagniat.sur,267.8719148932542,810.0000000000001,809.0,532.0,655289.9999999508,Stainless steel 1.4301 (AISI 304),1.4301,hybrid,256,256,3.0000000000000004,2,P1,P1-1.4301_nagniat,area,Burnishing,nagniat,simple
207.68897260139596,192.10411714460616,205.35721843028773,268.4664338616374,341.92217999220065,751.2053660424251,4031.5092333644598,36240.82265559685,70877.09415226404,0.0,0.0,15.584855456789802,2.331754171108231,-73.45574613056318,-482.7389321807877,-32209.313422232382,-66845.58491889958,0.0,0.0,/Users/dawid/Library/Mobile Documents/com~apple~CloudDocs/Dokumenty/Publikacje własne/Manuscripts/Quantum_interference/data/P1-1.4301_nagniat.sur,349.8655189167344,810.0000000000001,809.0,532.0,655289.9999999508,Stainless steel 1.4301 (AISI 304),1.4301,classical,256,256,3.0000000000000004,3,P1,P1-1.4301_nagniat,area,Burnishing,nagniat,simple
602.4546194306582,192.10411714460616,205.35721843028773,789.8809667983292,341.92217999220065,751.2053660424251,37089.28383494305,36240.82265559685,70877.09415226404,0.0,0.0,410.35050228605206,397.09740100037044,447.9587868061285,38.67560075590401,848.4611793462064,-33787.81031732098,0.0,0.0,/Users/dawid/Library/Mobile Documents/com~apple~CloudDocs/Dokumenty/Publikacje własne/Manuscripts/Quantum_interference/data/P1-1.4301_nagniat.sur,711.6886222996716,810.0000000000001,809.0,532.0,655289.9999999508,Stainless steel 1.4301 (AISI 304),1.4301,quantum_like,256,256,3.0000000000000004,3,P1,P1-1.4301_nagniat,area,Burnishing,nagniat,simple
216.74306577702492,192.10411714460616,205.35721843028773,278.50166832219816,341.92217999220065,751.2053660424251,6510.317254650016,36240.82265559685,70877.09415226404,0.0,0.0,24.638948632418764,11.385847346737194,-63.42051167000245,-472.70369772022696,-29730.50540094683,-64366.776897614014,0.0,0.0,/Users/dawid/Library/Mobile Documents/com~apple~CloudDocs/Dokumenty/Publikacje własne/Manuscripts/Quantum_interference/data/P1-1.4301_nagniat.sur,268.151392107178,810.0000000000001,809.0,532.0,655289.9999999508,Stainless steel 1.4301 (AISI 304),1.4301,hybrid,256,256,3.0000000000000004,3,P1,P1-1.4301_nagniat,area,Burnishing,nagniat,simple
774.481468250186,328.9596386783718,631.8049335855268,995.503213795157,494.03734571699454,1158.9868653377114,7486.039964084454,28919.772544372994,76898.75565772936,0.0,0.0,445.52182957181424,142.67653466465927,501.46586807816243,-163.48365154255436,-21433.732580288543,-69412.71569364492,0.0,0.0,/Users/dawid/Library/Mobile Documents/com~apple~CloudDocs/Dokumenty/Publikacje własne/Manuscripts/Quantum_interference/data/P1-1.4301_wedm_wyk.sur,1100.7038356638334,810.0000000000001,809.0,532.0,655289.9999999508,Stainless steel 1.4301 (AISI 304),1.4301,classical,256,256,3.0000000000000004,0,P1,P1-1.4301_wedm_wyk,area,Wire EDM (finishing),wedm_wyk,simple
666.3543670291815,328.9596386783718,631.8049335855268,871.8962855874043,494.03734571699454,1158.9868653377114,28930.347406393128,28919.772544372994,76898.75565772936,0.0,0.0,337.39472835080966,34.54943344365469,377.8589398704098,-287.090579750307,10.574862020133155,-47968.40825133623,0.0,0.0,/Users/dawid/Library/Mobile Documents/com~apple~CloudDocs/Dokumenty/Publikacje własne/Manuscripts/Quantum_interference/data/P1-1.4301_wedm_wyk.sur,715.8317323230209,810.0000000000001,809.0,532.0,655289.9999999508,Stainless steel 1.4301 (AISI 304),1.4301,quantum_like,256,256,3.0000000000000004,0,P1,P1-1.4301_wedm_wyk,area,Wire EDM (finishing),wedm_wyk,simple
263.55220551016265,328.9596386783718,631.8049335855268,351.07175236603473,494.03734571699454,1158.9868653377114,9992.434957945356,28919.772544372994,76898.75565772936,0.0,0.0,-65.40743316820915,-368.25272807536413,-142.9655933509598,-807.9151129716766,-18927.337586427642,-66906.32069978402,0.0,0.0,/Users/dawid/Library/Mobile Documents/com~apple~CloudDocs/Dokumenty/Publikacje własne/Manuscripts/Quantum_interference/data/P1-1.4301_wedm_wyk.sur,372.40165370999625,810.0000000000001,809.0,532.0,655289.9999999508,Stainless steel 1.4301 (AISI 304),1.4301,hybrid,256,256,3.0000000000000004,0,P1,P1-1.4301_wedm_wyk,area,Wire EDM (finishing),wedm_wyk,simple
767.6005502264986,328.9596386783718,631.8049335855268,986.3005871828493,494.03734571699454,1158.9868653377114,7461.106134100238,28919.772544372994,76898.75565772936,0.0,0.0,438.6409115481268,135.79561664097176,492.2632414658548,-172.686278154862,-21458.666410272755,-69437.64952362912,0.0,0.0,/Users/dawid/Library/Mobile Documents/com~apple~CloudDocs/Dokumenty/Publikacje własne/Manuscripts/Quantum_interference/data/P1-1.4301_wedm_wyk.sur,1099.3953994991518,810.0000000000001,809.0,532.0,655289.9999999508,Stainless steel 1.4301 (AISI 304),1.4301,classical,256,256,3.0000000000000004,1,P1,P1-1.4301_wedm_wyk,area,Wire EDM (finishing),wedm_wyk,simple
657.2803547864736,328.9596386783718,631.8049335855268,861.7306390667727,494.03734571699454,1158.9868653377114,28945.0052219713,28919.772544372994,76898.75565772936,0.0,0.0,328.3207161081018,25.475421200946816,367.6932933497781,-297.25622627093867,25.232677598306,-47953.75043575806,0.0,0.0,/Users/dawid/Library/Mobile Documents/com~apple~CloudDocs/Dokumenty/Publikacje własne/Manuscripts/Quantum_interference/data/P1-1.4301_wedm_wyk.sur,705.8847110997342,810.0000000000001,809.0,532.0,655289.9999999508,Stainless steel 1.4301 (AISI 304),1.4301,quantum_like,256,256,3.0000000000000004,1,P1,P1-1.4301_wedm_wyk,area,Wire EDM (finishing),wedm_wyk,simple
262.56076223810425,328.9596386783718,631.8049335855268,349.72088635540007,494.03734571699454,1158.9868653377114,10129.522931460655,28919.772544372994,76898.75565772936,0.0,0.0,-66.39887644026757,-369.24417134742254,-144.31645936159447,-809.2659789823113,-18790.24961291234,-66769.23272626872,0.0,0.0,/Users/dawid/Library/Mobile Documents/com~apple~CloudDocs/Dokumenty/Publikacje własne/Manuscripts/Quantum_interference/data/P1-1.4301_wedm_wyk.sur,369.7938493296608,810.0000000000001,809.0,532.0,655289.9999999508,Stainless steel 1.4301 (AISI 304),1.4301,hybrid,256,256,3.0000000000000004,1,P1,P1-1.4301_wedm_wyk,area,Wire EDM (finishing),wedm_wyk,simple
764.9389174835637,328.9596386783718,631.8049335855268,985.3860635773788,494.03734571699454,1158.9868653377114,7489.495060158328,28919.772544372994,76898.75565772936,0.0,0.0,435.9792788051919,133.1339838980369,491.3487178603843,-173.60080176033253,-21430.277484214665,-69409.26059757105,0.0,0.0,/Users/dawid/Library/Mobile Documents/com~apple~CloudDocs/Dokumenty/Publikacje własne/Manuscripts/Quantum_interference/data/P1-1.4301_wedm_wyk.sur,1099.085290604431,810.0000000000001,809.0,532.0,655289.9999999508,Stainless steel 1.4301 (AISI 304),1.4301,classical,256,256,3.0000000000000004,2,P1,P1-1.4301_wedm_wyk,area,Wire EDM (finishing),wedm_wyk,simple
663.6064696348573,328.9596386783718,631.8049335855268,867.6245979693379,494.03734571699454,1158.9868653377114,29588.693924758933,28919.772544372994,76898.75565772936,0.0,0.0,334.6468309564855,31.801536049330476,373.5872522523433,-291.36226736837347,668.9213803859359,-47310.06173297043,0.0,0.0,/Users/dawid/Library/Mobile Documents/com~apple~CloudDocs/Dokumenty/Publikacje własne/Manuscripts/Quantum_interference/data/P1-1.4301_wedm_wyk.sur,712.058350932683,810.0000000000001,809.0,532.0,655289.9999999508,Stainless steel 1.4301 (AISI 304),1.4301,quantum_like,256,256,3.0000000000000004,2,P1,P1-1.4301_wedm_wyk,area,Wire EDM (finishing),wedm_wyk,simple
263.068180776459,328.9596386783718,631.8049335855268,348.9645310852819,494.03734571699454,1158.9868653377114,9816.127307260442,28919.772544372994,76898.75565772936,0.0,0.0,-65.89145790191286,-368.73675280906787,-145.07281463171262,-810.0223342524293,-19103.645237112552,-67082.62835046892,0.0,0.0,/Users/dawid/Library/Mobile Documents/com~apple~CloudDocs/Dokumenty/Publikacje własne/Manuscripts/Quantum_interference/data/P1-1.4301_wedm_wyk.sur,370.26106544869833,810.0000000000001,809.0,532.0,655289.9999999508,Stainless steel 1.4301 (AISI 304),1.4301,hybrid,256,256,3.0000000000000004,2,P1,P1-1.4301_wedm_wyk,area,Wire EDM (finishing),wedm_wyk,simple
778.6274913963853,328.9596386783718,631.8049335855268,999.9723016808474,494.03734571699454,1158.9868653377114,7497.995226922563,28919.772544372994,76898.75565772936,0.0,0.0,449.6678527180135,146.82255781085848,505.9349559638528,-159.01456365686397,-21421.777317450433,-69400.7604308068,0.0,0.0,/Users/dawid/Library/Mobile Documents/com~apple~CloudDocs/Dokumenty/Publikacje własne/Manuscripts/Quantum_interference/data/P1-1.4301_wedm_wyk.sur,1105.927287718074,810.0000000000001,809.0,532.0,655289.9999999508,Stainless steel 1.4301 (AISI 304),1.4301,classical,256,256,3.0000000000000004,3,P1,P1-1.4301_wedm_wyk,area,Wire EDM (finishing),wedm_wyk,simple
663.9923227801646,328.9596386783718,631.8049335855268,867.5743117482629,494.03734571699454,1158.9868653377114,29531.64257786948,28919.772544372994,76898.75565772936,0.0,0.0,335.03268410179277,32.187389194637774,373.53696603126826,-291.4125535894485,611.870033496485,-47367.11307985988,0.0,0.0,/Users/dawid/Library/Mobile Documents/com~apple~CloudDocs/Dokumenty/Publikacje własne/Manuscripts/Quantum_interference/data/P1-1.4301_wedm_wyk.sur,714.6867814900475,810.0000000000001,809.0,532.0,655289.9999999508,Stainless steel 1.4301 (AISI 304),1.4301,quantum_like,256,256,3.0000000000000004,3,P1,P1-1.4301_wedm_wyk,area,Wire EDM (finishing),wedm_wyk,simple
263.75644671811835,328.9596386783718,631.8049335855268,350.58780226310944,494.03734571699454,1158.9868653377114,9816.358401808231,28919.772544372994,76898.75565772936,0.0,0.0,-65.20319196025346,-368.0484868674085,-143.4495434538851,-808.3990630746018,-19103.414142564765,-67082.39725592113,0.0,0.0,/Users/dawid/Library/Mobile Documents/com~apple~CloudDocs/Dokumenty/Publikacje własne/Manuscripts/Quantum_interference/data/P1-1.4301_wedm_wyk.sur,372.21476922777765,810.0000000000001,809.0,532.0,655289.9999999508,Stainless steel 1.4301 (AISI 304),1.4301,hybrid,256,256,3.0000000000000004,3,P1,P1-1.4301_wedm_wyk,area,Wire EDM (finishing),wedm_wyk,simple
0.20232643453686283,0.04307600837950057,0.05372627427155684,0.2544520982216979,0.05772079793605276,0.08613583044120729,2.787539486776993,1.9896324086203703,3.412098775156563,0.0,0.0,0.15925042615736223,0.14860016026530598,0.19673130028564514,0.1683162677804906,0.7979070781566227,-0.6245592883795699,0.0,0.0,/Users/dawid/Library/Mobile Documents/com~apple~CloudDocs/Dokumenty/Publikacje własne/Manuscripts/Quantum_interference/data/P1-1.4301_wedm_zgru.sur,0.2482059893859593,810.0000000000001,809.0,532.0,655289.9999999508,Stainless steel 1.4301 (AISI 304),1.4301,classical,256,256,3.0000000000000004,0,P1,P1-1.4301_wedm_zgru,area,Wire EDM (roughing),wedm_zgru,simple
566.4076285617456,0.04307600837950057,0.05372627427155684,710.8357209992147,0.05772079793605276,0.08613583044120729,6250.88130396365,1.9896324086203703,3.412098775156563,0.0,0.0,566.3645525533661,566.353902287474,710.7780002012787,710.7495851687736,6248.8916715550295,6247.469205188493,0.0,0.0,/Users/dawid/Library/Mobile Documents/com~apple~CloudDocs/Dokumenty/Publikacje własne/Manuscripts/Quantum_interference/data/P1-1.4301_wedm_zgru.sur,710.8357904426872,810.0000000000001,809.0,532.0,655289.9999999508,Stainless steel 1.4301 (AISI 304),1.4301,quantum_like,256,256,3.0000000000000004,0,P1,P1-1.4301_wedm_zgru,area,Wire EDM (roughing),wedm_zgru,simple
132.78692579162148,0.04307600837950057,0.05372627427155684,153.04651962102997,0.05772079793605276,0.08613583044120729,1334.189523744532,1.9896324086203703,3.412098775156563,0.0,0.0,132.74384978324198,132.73319951734993,152.98879882309393,152.96038379058876,1332.1998913359116,1330.7774249693753,0.0,0.0,/Users/dawid/Library/Mobile Documents/com~apple~CloudDocs/Dokumenty/Publikacje własne/Manuscripts/Quantum_interference/data/P1-1.4301_wedm_zgru.sur,153.04644247272475,810.0000000000001,809.0,532.0,655289.9999999508,Stainless steel 1.4301 (AISI 304),1.4301,hybrid,256,256,3.0000000000000004,0,P1,P1-1.4301_wedm_zgru,area,Wire EDM (roughing),wedm_zgru,simple
0.20458576278460022,0.04307600837950057,0.05372627427155684,0.2566670818278591,0.05772079793605276,0.08613583044120729,2.5999375747361033,1.9896324086203703,3.412098775156563,0.0,0.0,0.16150975440509965,0.1508594885130434,0.19894628389180632,0.1705312513866518,0.610305166115733,-0.8121612004204594,0.0,0.0,/Users/dawid/Library/Mobile Documents/com~apple~CloudDocs/Dokumenty/Publikacje własne/Manuscripts/Quantum_interference/data/P1-1.4301_wedm_zgru.sur,0.2501986628940033,810.0000000000001,809.0,532.0,655289.9999999508,Stainless steel 1.4301 (AISI 304),1.4301,classical,256,256,3.0000000000000004,1,P1,P1-1.4301_wedm_zgru,area,Wire EDM (roughing),wedm_zgru,simple
568.0171985291149,0.04307600837950057,0.05372627427155684,710.2813705171849,0.05772079793605276,0.08613583044120729,5962.794358814509,1.9896324086203703,3.412098775156563,0.0,0.0,567.9741225207355,567.9634722548434,710.2236497192488,710.1952346867437,5960.804726405888,5959.382260039352,0.0,0.0,/Users/dawid/Library/Mobile Documents/com~apple~CloudDocs/Dokumenty/Publikacje własne/Manuscripts/Quantum_interference/data/P1-1.4301_wedm_zgru.sur,710.2810441994014,810.0000000000001,809.0,532.0,655289.9999999508,Stainless steel 1.4301 (AISI 304),1.4301,quantum_like,256,256,3.0000000000000004,1,P1,P1-1.4301_wedm_zgru,area,Wire EDM (roughing),wedm_zgru,simple
140.88452555199626,0.04307600837950057,0.05372627427155684,156.43428285384954,0.05772079793605276,0.08613583044120729,1323.171983248739,1.9896324086203703,3.412098775156563,0.0,0.0,140.84144954361676,140.8307992777247,156.37656205591347,156.3481470234083,1321.1823508401187,1319.7598844735826,0.0,0.0,/Users/dawid/Library/Mobile Documents/com~apple~CloudDocs/Dokumenty/Publikacje własne/Manuscripts/Quantum_interference/data/P1-1.4301_wedm_zgru.sur,156.43374069466606,810.0000000000001,809.0,532.0,655289.9999999508,Stainless steel 1.4301 (AISI 304),1.4301,hybrid,256,256,3.0000000000000004,1,P1,P1-1.4301_wedm_zgru,area,Wire EDM (roughing),wedm_zgru,simple
0.20440280368861477,0.04307600837950057,0.05372627427155684,0.2565160693499548,0.05772079793605276,0.08613583044120729,3.2306188743603927,1.9896324086203703,3.412098775156563,0.0,0.0,0.16132679530911417,0.15067652941705792,0.19879527141390207,0.17038023890874754,1.2409864657400225,-0.18147990079617007,0.0,0.0,/Users/dawid/Library/Mobile Documents/com~apple~CloudDocs/Dokumenty/Publikacje własne/Manuscripts/Quantum_interference/data/P1-1.4301_wedm_zgru.sur,0.24952341768989664,810.0000000000001,809.0,532.0,655289.9999999508,Stainless steel 1.4301 (AISI 304),1.4301,classical,256,256,3.0000000000000004,2,P1,P1-1.4301_wedm_zgru,area,Wire EDM (roughing),wedm_zgru,simple
562.6501796543669,0.04307600837950057,0.05372627427155684,706.5776216585467,0.05772079793605276,0.08613583044120729,5794.871695029571,1.9896324086203703,3.412098775156563,0.0,0.0,562.6071036459874,562.5964533800953,706.5199008606107,706.4914858281055,5792.882062620951,5791.4595962544145,0.0,0.0,/Users/dawid/Library/Mobile Documents/com~apple~CloudDocs/Dokumenty/Publikacje własne/Manuscripts/Quantum_interference/data/P1-1.4301_wedm_zgru.sur,706.577636779759,810.0000000000001,809.0,532.0,655289.9999999508,Stainless steel 1.4301 (AISI 304),1.4301,quantum_like,256,256,3.0000000000000004,2,P1,P1-1.4301_wedm_zgru,area,Wire EDM (roughing),wedm_zgru,simple
95.04371580408497,0.04307600837950057,0.05372627427155684,154.2552608577416,0.05772079793605276,0.08613583044120729,1073.3970894083811,1.9896324086203703,3.412098775156563,0.0,0.0,95.00063979570545,94.98998952981341,154.19754005980553,154.1691250273004,1071.4074569997608,1069.9849906332245,0.0,0.0,/Users/dawid/Library/Mobile Documents/com~apple~CloudDocs/Dokumenty/Publikacje własne/Manuscripts/Quantum_interference/data/P1-1.4301_wedm_zgru.sur,154.25546343562968,810.0000000000001,809.0,532.0,655289.9999999508,Stainless steel 1.4301 (AISI 304),1.4301,hybrid,256,256,3.0000000000000004,2,P1,P1-1.4301_wedm_zgru,area,Wire EDM (roughing),wedm_zgru,simple
0.20599858577542673,0.04307600837950057,0.05372627427155684,0.2581172922411169,0.05772079793605276,0.08613583044120729,2.937787583749254,1.9896324086203703,3.412098775156563,0.0,0.0,0.16292257739592614,0.15227231150386988,0.20039649430506415,0.17198146179990959,0.9481551751288837,-0.47431119140730876,0.0,0.0,/Users/dawid/Library/Mobile Documents/com~apple~CloudDocs/Dokumenty/Publikacje własne/Manuscripts/Quantum_interference/data/P1-1.4301_wedm_zgru.sur,0.25127483152086283,810.0000000000001,809.0,532.0,655289.9999999508,Stainless steel 1.4301 (AISI 304),1.4301,classical,256,256,3.0000000000000004,3,P1,P1-1.4301_wedm_zgru,area,Wire EDM (roughing),wedm_zgru,simple
569.2264989165141,0.04307600837950057,0.05372627427155684,712.3045885324425,0.05772079793605276,0.08613583044120729,6300.059961509936,1.9896324086203703,3.412098775156563,0.0,0.0,569.1834229081346,569.1727726422425,712.2468677345065,712.2184527020014,6298.070329101316,6296.64786273478,0.0,0.0,/Users/dawid/Library/Mobile Documents/com~apple~CloudDocs/Dokumenty/Publikacje własne/Manuscripts/Quantum_interference/data/P1-1.4301_wedm_zgru.sur,712.3047403961314,810.0000000000001,809.0,532.0,655289.9999999508,Stainless steel 1.4301 (AISI 304),1.4301,quantum_like,256,256,3.0000000000000004,3,P1,P1-1.4301_wedm_zgru,area,Wire EDM (roughing),wedm_zgru,simple
121.43872682181417,0.04307600837950057,0.05372627427155684,153.16665260459925,0.05772079793605276,0.08613583044120729,1072.661253249498,1.9896324086203703,3.412098775156563,0.0,0.0,121.39565081343468,121.3850005475426,153.10893180666318,153.08051677415804,1070.6716208408777,1069.2491544743416,0.0,0.0,/Users/dawid/Library/Mobile Documents/com~apple~CloudDocs/Dokumenty/Publikacje własne/Manuscripts/Quantum_interference/data/P1-1.4301_wedm_zgru.sur,153.16720374074413,810.0000000000001,809.0,532.0,655289.9999999508,Stainless steel 1.4301 (AISI 304),1.4301,hybrid,256,256,3.0000000000000004,3,P1,P1-1.4301_wedm_zgru,area,Wire EDM (roughing),wedm_zgru,simple
337.46343664621986,327.133259114379,330.4382999039521,419.11049484709514,405.6896736729729,411.1023927935191,2533.896714271519,2291.434062734852,5098.419384523485,0.0,0.0,10.330177531840837,7.025136742267746,13.420821174122217,8.008102053576078,242.46265153666732,-2564.5226702519662,0.0,0.0,/Users/dawid/Library/Mobile Documents/com~apple~CloudDocs/Dokumenty/Publikacje własne/Manuscripts/Quantum_interference/data/P1-AL70752_nagniat.sur,160.23567191700974,810.0000000000001,809.0,532.0,655289.9999999508,Aluminium 7075,AL70752,classical,256,256,3.0000000000000004,0,P1,P1-AL70752_nagniat,area,Burnishing,nagniat,simple
652.4705810513752,327.133259114379,330.4382999039521,816.8499862121582,405.6896736729729,411.1023927935191,7054.410553431722,2291.434062734852,5098.419384523485,0.0,0.0,325.3373219369962,322.03228114742313,411.1603125391853,405.7475934186392,4762.97649069687,1955.9911689082367,0.0,0.0,/Users/dawid/Library/Mobile Documents/com~apple~CloudDocs/Dokumenty/Publikacje własne/Manuscripts/Quantum_interference/data/P1-AL70752_nagniat.sur,709.8500758308564,810.0000000000001,809.0,532.0,655289.9999999508,Aluminium 7075,AL70752,quantum_like,256,256,3.0000000000000004,0,P1,P1-AL70752_nagniat,area,Burnishing,nagniat,simple
343.9646998697361,327.133259114379,330.4382999039521,429.27805047542194,405.6896736729729,411.1023927935191,2788.36678292777,2291.434062734852,5098.419384523485,0.0,0.0,16.831440755357097,13.526399965784005,23.588376802448998,18.17565768190286,496.9327201929185,-2310.052601595715,0.0,0.0,/Users/dawid/Library/Mobile Documents/com~apple~CloudDocs/Dokumenty/Publikacje własne/Manuscripts/Quantum_interference/data/P1-AL70752_nagniat.sur,156.37406216891267,810.0000000000001,809.0,532.0,655289.9999999508,Aluminium 7075,AL70752,hybrid,256,256,3.0000000000000004,0,P1,P1-AL70752_nagniat,area,Burnishing,nagniat,simple
337.4344384490895,327.133259114379,330.4382999039521,419.10385273360345,405.6896736729729,411.1023927935191,2533.199399436892,2291.434062734852,5098.419384523485,0.0,0.0,10.30117933471049,6.996138545137398,13.414179060630543,8.001459940084404,241.76533670203997,-2565.2199850865936,0.0,0.0,/Users/dawid/Library/Mobile Documents/com~apple~CloudDocs/Dokumenty/Publikacje własne/Manuscripts/Quantum_interference/data/P1-AL70752_nagniat.sur,160.22489135974928,810.0000000000001,809.0,532.0,655289.9999999508,Aluminium 7075,AL70752,classical,256,256,3.0000000000000004,1,P1,P1-AL70752_nagniat,area,Burnishing,nagniat,simple
658.4771625912604,327.133259114379,330.4382999039521,824.2281192184598,405.6896736729729,411.1023927935191,7111.166734426047,2291.434062734852,5098.419384523485,0.0,0.0,331.34390347688145,328.0388626873083,418.538445545487,413.1257264249408,4819.732671691195,2012.7473499025618,0.0,0.0,/Users/dawid/Library/Mobile Documents/com~apple~CloudDocs/Dokumenty/Publikacje własne/Manuscripts/Quantum_interference/data/P1-AL70752_nagniat.sur,713.9741267320993,810.0000000000001,809.0,532.0,655289.9999999508,Aluminium 7075,AL70752,quantum_like,256,256,3.0000000000000004,1,P1,P1-AL70752_nagniat,area,Burnishing,nagniat,simple
350.6940500534302,327.133259114379,330.4382999039521,437.09345633711854,405.6896736729729,411.1023927935191,2715.6031152956384,2291.434062734852,5098.419384523485,0.0,0.0,23.560790939051206,20.255750149478114,31.403782664145602,25.991063543599463,424.1690525607867,-2382.8162692278465,0.0,0.0,/Users/dawid/Library/Mobile Documents/com~apple~CloudDocs/Dokumenty/Publikacje własne/Manuscripts/Quantum_interference/data/P1-AL70752_nagniat.sur,157.20653087962336,810.0000000000001,809.0,532.0,655289.9999999508,Aluminium 7075,AL70752,hybrid,256,256,3.0000000000000004,1,P1,P1-AL70752_nagniat,area,Burnishing,nagniat,simple
337.82509729759244,327.133259114379,330.4382999039521,419.45823984889336,405.6896736729729,411.1023927935191,2532.8048099777925,2291.434062734852,5098.419384523485,0.0,0.0,10.691838183213434,7.386797393640341,13.768566175920414,8.355847055374277,241.3707472429407,-2565.614574545693,0.0,0.0,/Users/dawid/Library/Mobile Documents/com~apple~CloudDocs/Dokumenty/Publikacje własne/Manuscripts/Quantum_interference/data/P1-AL70752_nagniat.sur,161.44394591046756,810.0000000000001,809.0,532.0,655289.9999999508,Aluminium 7075,AL70752,classical,256,256,3.0000000000000004,2,P1,P1-AL70752_nagniat,area,Burnishing,nagniat,simple
655.7859400152323,327.133259114379,330.4382999039521,821.7605421229495,405.6896736729729,411.1023927935191,7107.6122760055305,2291.434062734852,5098.419384523485,0.0,0.0,328.6526809008534,325.34764011128027,416.07086844997656,410.65814932943044,4816.1782132706785,2009.1928914820455,0.0,0.0,/Users/dawid/Library/Mobile Documents/com~apple~CloudDocs/Dokumenty/Publikacje własne/Manuscripts/Quantum_interference/data/P1-AL70752_nagniat.sur,715.6824568852916,810.0000000000001,809.0,532.0,655289.9999999508,Aluminium 7075,AL70752,quantum_like,256,256,3.0000000000000004,2,P1,P1-AL70752_nagniat,area,Burnishing,nagniat,simple
343.86662975635267,327.133259114379,330.4382999039521,429.6468460124348,405.6896736729729,411.1023927935191,2748.118724423461,2291.434062734852,5098.419384523485,0.0,0.0,16.733370641973643,13.42832985240055,23.957172339461923,18.544453218915784,456.68466168860937,-2350.300660100024,0.0,0.0,/Users/dawid/Library/Mobile Documents/com~apple~CloudDocs/Dokumenty/Publikacje własne/Manuscripts/Quantum_interference/data/P1-AL70752_nagniat.sur,156.18098689653897,810.0000000000001,809.0,532.0,655289.9999999508,Aluminium 7075,AL70752,hybrid,256,256,3.0000000000000004,2,P1,P1-AL70752_nagniat,area,Burnishing,nagniat,simple
337.4408237762576,327.133259114379,330.4382999039521,419.10582471453193,405.6896736729729,411.1023927935191,2533.1341447439404,2291.434062734852,5098.419384523485,0.0,0.0,10.307564661878635,7.002523872305542,13.41615104155902,8.003431921012881,241.70008200908848,-2565.285239779545,0.0,0.0,/Users/dawid/Library/Mobile Documents/com~apple~CloudDocs/Dokumenty/Publikacje własne/Manuscripts/Quantum_interference/data/P1-AL70752_nagniat.sur,160.22684751897438,810.0000000000001,809.0,532.0,655289.9999999508,Aluminium 7075,AL70752,classical,256,256,3.0000000000000004,3,P1,P1-AL70752_nagniat,area,Burnishing,nagniat,simple
648.4967430936193,327.133259114379,330.4382999039521,814.2873253285202,405.6896736729729,411.1023927935191,7312.409700834863,2291.434062734852,5098.419384523485,0.0,0.0,321.36348397924036,318.05844318966723,408.5976516555473,403.1849325350011,5020.975638100011,2213.9903163113772,0.0,0.0,/Users/dawid/Library/Mobile Documents/com~apple~CloudDocs/Dokumenty/Publikacje własne/Manuscripts/Quantum_interference/data/P1-AL70752_nagniat.sur,709.3610913460972,810.0000000000001,809.0,532.0,655289.9999999508,Aluminium 7075,AL70752,quantum_like,256,256,3.0000000000000004,3,P1,P1-AL70752_nagniat,area,Burnishing,nagniat,simple
341.28702550803087,327.133259114379,330.4382999039521,426.0081400366876,405.6896736729729,411.1023927935191,2832.4080605365853,2291.434062734852,5098.419384523485,0.0,0.0,14.153766393651846,10.848725604078753,20.318466363714684,14.905747243168545,540.9739978017336,-2266.0113239868997,0.0,0.0,/Users/dawid/Library/Mobile Documents/com~apple~CloudDocs/Dokumenty/Publikacje własne/Manuscripts/Quantum_interference/data/P1-AL70752_nagniat.sur,159.06229725241076,810.0000000000001,809.0,532.0,655289.9999999508,Aluminium 7075,AL70752,hybrid,256,256,3.0000000000000004,3,P1,P1-AL70752_nagniat,area,Burnishing,nagniat,simple
0.19749466697974513,0.0003584054062409802,0.0007220720332325905,0.24723998312928838,0.0005485641750130267,0.0014155996819883096,2.152601428374649,0.023651161583801494,0.10982922986895624,0.0,0.0,0.19713626157350417,0.19677259494651256,0.24669141895427535,0.24582438344730007,2.1289502667908478,2.0427721985056926,0.0,0.0,/Users/dawid/Library/Mobile Documents/com~apple~CloudDocs/Dokumenty/Publikacje własne/Manuscripts/Quantum_interference/data/P1-AL70752_wedm_wyk.sur,0.247236751962126,810.0000000000001,809.0,532.0,655289.9999999508,Aluminium 7075,AL70752,classical,256,256,3.0000000000000004,0,P1,P1-AL70752_wedm_wyk,area,Wire EDM (finishing),wedm_wyk,simple
563.7269416986593,0.0003584054062409802,0.0007220720332325905,705.9197159809196,0.0005485641750130267,0.0014155996819883096,6778.417779159835,0.023651161583801494,0.10982922986895624,0.0,0.0,563.726583293253,563.726219626626,705.9191674167445,705.9183003812376,6778.394127998251,6778.307949929966,0.0,0.0,/Users/dawid/Library/Mobile Documents/com~apple~CloudDocs/Dokumenty/Publikacje własne/Manuscripts/Quantum_interference/data/P1-AL70752_wedm_wyk.sur,705.9197135253096,810.0000000000001,809.0,532.0,655289.9999999508,Aluminium 7075,AL70752,quantum_like,256,256,3.0000000000000004,0,P1,P1-AL70752_wedm_wyk,area,Wire EDM (finishing),wedm_wyk,simple
145.95862503882134,0.0003584054062409802,0.0007220720332325905,157.00729227679702,0.0005485641750130267,0.0014155996819883096,1327.7157553810441,0.023651161583801494,0.10982922986895624,0.0,0.0,145.95826663341506,145.95790296678808,157.006743712622,157.00587667711503,1327.6921042194604,1327.6059261511753,0.0,0.0,/Users/dawid/Library/Mobile Documents/com~apple~CloudDocs/Dokumenty/Publikacje własne/Manuscripts/Quantum_interference/data/P1-AL70752_wedm_wyk.sur,157.00728299828623,810.0000000000001,809.0,532.0,655289.9999999508,Aluminium 7075,AL70752,hybrid,256,256,3.0000000000000004,0,P1,P1-AL70752_wedm_wyk,area,Wire EDM (finishing),wedm_wyk,simple
0.1997492504359779,0.0003584054062409802,0.0007220720332325905,0.25052826457002253,0.0005485641750130267,0.0014155996819883096,2.024615759477666,0.023651161583801494,0.10982922986895624,0.0,0.0,0.19939084502973692,0.1990271784027453,0.24997970039500947,0.24911266488803419,2.0009645978938644,1.9147865296087094,0.0,0.0,/Users/dawid/Library/Mobile Documents/com~apple~CloudDocs/Dokumenty/Publikacje własne/Manuscripts/Quantum_interference/data/P1-AL70752_wedm_wyk.sur,0.25052626021847696,810.0000000000001,809.0,532.0,655289.9999999508,Aluminium 7075,AL70752,classical,256,256,3.0000000000000004,1,P1,P1-AL70752_wedm_wyk,area,Wire EDM (finishing),wedm_wyk,simple
568.973729027297,0.0003584054062409802,0.0007220720332325905,712.1273530088546,0.0005485641750130267,0.0014155996819883096,6063.112544377708,0.023651161583801494,0.10982922986895624,0.0,0.0,568.9733706218909,568.9730069552638,712.1268044446796,712.1259374091726,6063.088893216124,6063.00271514784,0.0,0.0,/Users/dawid/Library/Mobile Documents/com~apple~CloudDocs/Dokumenty/Publikacje własne/Manuscripts/Quantum_interference/data/P1-AL70752_wedm_wyk.sur,712.1273571309844,810.0000000000001,809.0,532.0,655289.9999999508,Aluminium 7075,AL70752,quantum_like,256,256,3.0000000000000004,1,P1,P1-AL70752_wedm_wyk,area,Wire EDM (finishing),wedm_wyk,simple
145.42887263224284,0.0003584054062409802,0.0007220720332325905,157.36390890531766,0.0005485641750130267,0.0014155996819883096,1066.2047613919137,0.023651161583801494,0.10982922986895624,0.0,0.0,145.4285142268366,145.42815056020962,157.36336034114265,157.36249330563567,1066.18111023033,1066.0949321620446,0.0,0.0,/Users/dawid/Library/Mobile Documents/com~apple~CloudDocs/Dokumenty/Publikacje własne/Manuscripts/Quantum_interference/data/P1-AL70752_wedm_wyk.sur,157.36391576380134,810.0000000000001,809.0,532.0,655289.9999999508,Aluminium 7075,AL70752,hybrid,256,256,3.0000000000000004,1,P1,P1-AL70752_wedm_wyk,area,Wire EDM (finishing),wedm_wyk,simple
0.19833291604062947,0.0003584054062409802,0.0007220720332325905,0.24908450046309516,0.0005485641750130267,0.0014155996819883096,2.05043733917167,0.023651161583801494,0.10982922986895624,0.0,0.0,0.19797451063438848,0.19761084400739687,0.24853593628808213,0.24766890078110684,2.0267861775878684,1.9406081093027137,0.0,0.0,/Users/dawid/Library/Mobile Documents/com~apple~CloudDocs/Dokumenty/Publikacje własne/Manuscripts/Quantum_interference/data/P1-AL70752_wedm_wyk.sur,0.2490858896648042,810.0000000000001,809.0,532.0,655289.9999999508,Aluminium 7075,AL70752,classical,256,256,3.0000000000000004,2,P1,P1-AL70752_wedm_wyk,area,Wire EDM (finishing),wedm_wyk,simple
561.9123707852153,0.0003584054062409802,0.0007220720332325905,705.0199982364619,0.0005485641750130267,0.0014155996819883096,5892.7071760154395,0.023651161583801494,0.10982922986895624,0.0,0.0,561.9120123798092,561.9116487131821,705.0194496722868,705.0185826367799,5892.683524853856,5892.597346785571,0.0,0.0,/Users/dawid/Library/Mobile Documents/com~apple~CloudDocs/Dokumenty/Publikacje własne/Manuscripts/Quantum_interference/data/P1-AL70752_wedm_wyk.sur,705.019996415657,810.0000000000001,809.0,532.0,655289.9999999508,Aluminium 7075,AL70752,quantum_like,256,256,3.0000000000000004,2,P1,P1-AL70752_wedm_wyk,area,Wire EDM (finishing),wedm_wyk,simple
123.4868264114694,0.0003584054062409802,0.0007220720332325905,155.47381754350977,0.0005485641750130267,0.0014155996819883096,1083.051853667991,0.023651161583801494,0.10982922986895624,0.0,0.0,123.48646800606315,123.48610433943615,155.47326897933476,155.47240194382778,1083.0282025064073,1082.9420244381222,0.0,0.0,/Users/dawid/Library/Mobile Documents/com~apple~CloudDocs/Dokumenty/Publikacje własne/Manuscripts/Quantum_interference/data/P1-AL70752_wedm_wyk.sur,155.47381674228373,810.0000000000001,809.0,532.0,655289.9999999508,Aluminium 7075,AL70752,hybrid,256,256,3.0000000000000004,2,P1,P1-AL70752_wedm_wyk,area,Wire EDM (finishing),wedm_wyk,simple
0.19990090607980027,0.0003584054062409802,0.0007220720332325905,0.2505662830603567,0.0005485641750130267,0.0014155996819883096,2.2637084724764587,0.023651161583801494,0.10982922986895624,0.0,0.0,0.19954250067355928,0.19917883404656767,0.2500177188853437,0.2491506833783684,2.2400573108926576,2.1538792426075024,0.0,0.0,/Users/dawid/Library/Mobile Documents/com~apple~CloudDocs/Dokumenty/Publikacje własne/Manuscripts/Quantum_interference/data/P1-AL70752_wedm_wyk.sur,0.25056629678598463,810.0000000000001,809.0,532.0,655289.9999999508,Aluminium 7075,AL70752,classical,256,256,3.0000000000000004,3,P1,P1-AL70752_wedm_wyk,area,Wire EDM (finishing),wedm_wyk,simple
561.3603072764625,0.0003584054062409802,0.0007220720332325905,703.687268176905,0.0005485641750130267,0.0014155996819883096,6186.256449356598,0.023651161583801494,0.10982922986895624,0.0,0.0,561.3599488710563,561.3595852044292,703.68671961273,703.685852577223,6186.232798195014,6186.1466201267285,0.0,0.0,/Users/dawid/Library/Mobile Documents/com~apple~CloudDocs/Dokumenty/Publikacje własne/Manuscripts/Quantum_interference/data/P1-AL70752_wedm_wyk.sur,703.6872646621081,810.0000000000001,809.0,532.0,655289.9999999508,Aluminium 7075,AL70752,quantum_like,256,256,3.0000000000000004,3,P1,P1-AL70752_wedm_wyk,area,Wire EDM (finishing),wedm_wyk,simple
129.6949374589832,0.0003584054062409802,0.0007220720332325905,153.99013291219958,0.0005485641750130267,0.0014155996819883096,1331.248323426684,0.023651161583801494,0.10982922986895624,0.0,0.0,129.69457905357694,129.69421538694994,153.98958434802458,153.9887173125176,1331.2246722651003,1331.138494196815,0.0,0.0,/Users/dawid/Library/Mobile Documents/com~apple~CloudDocs/Dokumenty/Publikacje własne/Manuscripts/Quantum_interference/data/P1-AL70752_wedm_wyk.sur,153.99012483373366,810.0000000000001,809.0,532.0,655289.9999999508,Aluminium 7075,AL70752,hybrid,256,256,3.0000000000000004,3,P1,P1-AL70752_wedm_wyk,area,Wire EDM (finishing),wedm_wyk,simple
754.4601852132483,4536.588572664918,5090.885428896734,970.2174071880813,5657.7091276911,6421.666175283541,7117.840825420812,58187.247640672605,122915.12441126864,0.0,0.0,-3782.12838745167,-4336.425243683486,-4687.491720503019,-5451.44876809546,-51069.406815251794,-115797.28358584782,0.0,0.0,/Users/dawid/Library/Mobile Documents/com~apple~CloudDocs/Dokumenty/Publikacje własne/Manuscripts/Quantum_interference/data/P1-AL70752_wedm_zgru_1prz.sur,5747.75256534501,810.0000000000001,809.0,532.0,655289.9999999508,Aluminium 7075,AL70752,classical,256,256,3.0000000000000004,0,P1,P1-AL70752_wedm_zgru_1prz,area,Wire EDM (roughing),wedm_zgru_1prz,simple
4570.759579618954,4536.588572664918,5090.885428896734,5700.986433835274,5657.7091276911,6421.666175283541,57671.61774023729,58187.247640672605,122915.12441126864,0.0,0.0,34.1710069540366,-520.1258492777797,43.27730614417403,-720.6797414482666,-515.6299004353167,-65243.50667103134,0.0,0.0,/Users/dawid/Library/Mobile Documents/com~apple~CloudDocs/Dokumenty/Publikacje własne/Manuscripts/Quantum_interference/data/P1-AL70752_wedm_zgru_1prz.sur,703.3480575156935,810.0000000000001,809.0,532.0,655289.9999999508,Aluminium 7075,AL70752,quantum_like,256,256,3.0000000000000004,0,P1,P1-AL70752_wedm_zgru_1prz,area,Wire EDM (roughing),wedm_zgru_1prz,simple
2698.573697470789,4536.588572664918,5090.885428896734,3370.2082030669885,5657.7091276911,6421.666175283541,28252.75840417315,58187.247640672605,122915.12441126864,0.0,0.0,-1838.0148751941292,-2392.3117314259457,-2287.500924624111,-3051.4579722165518,-29934.489236499456,-94662.3660070955,0.0,0.0,/Users/dawid/Library/Mobile Documents/com~apple~CloudDocs/Dokumenty/Publikacje własne/Manuscripts/Quantum_interference/data/P1-AL70752_wedm_zgru_1prz.sur,3368.9596998132133,810.0000000000001,809.0,532.0,655289.9999999508,Aluminium 7075,AL70752,hybrid,256,256,3.0000000000000004,0,P1,P1-AL70752_wedm_zgru_1prz,area,Wire EDM (roughing),wedm_zgru_1prz,simple
757.8627413322525,4536.588572664918,5090.885428896734,975.8435479046763,5657.7091276911,6421.666175283541,7734.214242294742,58187.247640672605,122915.12441126864,0.0,0.0,-3778.7258313326656,-4333.022687564482,-4681.865579786423,-5445.822627378864,-50453.03339837787,-115180.9101689739,0.0,0.0,/Users/dawid/Library/Mobile Documents/com~apple~CloudDocs/Dokumenty/Publikacje własne/Manuscripts/Quantum_interference/data/P1-AL70752_wedm_zgru_1prz.sur,5749.7466837113525,810.0000000000001,809.0,532.0,655289.9999999508,Aluminium 7075,AL70752,classical,256,256,3.0000000000000004,1,P1,P1-AL70752_wedm_zgru_1prz,area,Wire EDM (roughing),wedm_zgru_1prz,simple
4580.6118960305075,4536.588572664918,5090.885428896734,5714.918642769211,5657.7091276911,6421.666175283541,58076.15274625848,58187.247640672605,122915.12441126864,0.0,0.0,44.02332336558951,-510.27353286622684,57.20951507811164,-706.747532514329,-111.0948944141305,-64838.97166501016,0.0,0.0,/Users/dawid/Library/Mobile Documents/com~apple~CloudDocs/Dokumenty/Publikacje własne/Manuscripts/Quantum_interference/data/P1-AL70752_wedm_zgru_1prz.sur,714.6722899691715,810.0000000000001,809.0,532.0,655289.9999999508,Aluminium 7075,AL70752,quantum_like,256,256,3.0000000000000004,1,P1,P1-AL70752_wedm_zgru_1prz,area,Wire EDM (roughing),wedm_zgru_1prz,simple
2703.2642810898637,4536.588572664918,5090.885428896734,3378.9914249129743,5657.7091276911,6421.666175283541,28250.168582901744,58187.247640672605,122915.12441126864,0.0,0.0,-1833.324291575054,-2387.6211478068703,-2278.7177027781254,-3042.674750370566,-29937.079057770865,-94664.95582836689,0.0,0.0,/Users/dawid/Library/Mobile Documents/com~apple~CloudDocs/Dokumenty/Publikacje własne/Manuscripts/Quantum_interference/data/P1-AL70752_wedm_zgru_1prz.sur,3365.8933224539405,810.0000000000001,809.0,532.0,655289.9999999508,Aluminium 7075,AL70752,hybrid,256,256,3.0000000000000004,1,P1,P1-AL70752_wedm_zgru_1prz,area,Wire EDM (roughing),wedm_zgru_1prz,simple
761.4743135459613,4536.588572664918,5090.885428896734,977.7771675504404,5657.7091276911,6421.666175283541,7268.490854208087,58187.247640672605,122915.12441126864,0.0,0.0,-3775.114259118957,-4329.411115350773,-4679.93196014066,-5443.889007733101,-50918.75678646452,-115646.63355706056,0.0,0.0,/Users/dawid/Library/Mobile Documents/com~apple~CloudDocs/Dokumenty/Publikacje własne/Manuscripts/Quantum_interference/data/P1-AL70752_wedm_zgru_1prz.sur,5749.335761619112,810.0000000000001,809.0,532.0,655289.9999999508,Aluminium 7075,AL70752,classical,256,256,3.0000000000000004,2,P1,P1-AL70752_wedm_zgru_1prz,area,Wire EDM (roughing),wedm_zgru_1prz,simple
4530.149009501816,4536.588572664918,5090.885428896734,5650.773491547027,5657.7091276911,6421.666175283541,59518.84051239233,58187.247640672605,122915.12441126864,0.0,0.0,-6.439563163101382,-560.7364193949178,-6.935636144072661,-770.8926837365133,1331.5928717197198,-63396.28389887632,0.0,0.0,/Users/dawid/Library/Mobile Documents/com~apple~CloudDocs/Dokumenty/Publikacje własne/Manuscripts/Quantum_interference/data/P1-AL70752_wedm_zgru_1prz.sur,709.3334734205781,810.0000000000001,809.0,532.0,655289.9999999508,Aluminium 7075,AL70752,quantum_like,256,256,3.0000000000000004,2,P1,P1-AL70752_wedm_zgru_1prz,area,Wire EDM (roughing),wedm_zgru_1prz,simple
2670.327172017144,4536.588572664918,5090.885428896734,3334.477206372216,5657.7091276911,6421.666175283541,28508.950778958566,58187.247640672605,122915.12441126864,0.0,0.0,-1866.2614006477736,-2420.55825687959,-2323.231921318884,-3087.1889689113245,-29678.29686171404,-94406.17363231008,0.0,0.0,/Users/dawid/Library/Mobile Documents/com~apple~CloudDocs/Dokumenty/Publikacje własne/Manuscripts/Quantum_interference/data/P1-AL70752_wedm_zgru_1prz.sur,3382.265176621596,810.0000000000001,809.0,532.0,655289.9999999508,Aluminium 7075,AL70752,hybrid,256,256,3.0000000000000004,2,P1,P1-AL70752_wedm_zgru_1prz,area,Wire EDM (roughing),wedm_zgru_1prz,simple
752.3525621837855,4536.588572664918,5090.885428896734,968.3063013743532,5657.7091276911,6421.666175283541,7203.982321082866,58187.247640672605,122915.12441126864,0.0,0.0,-3784.236010481133,-4338.532866712949,-4689.4028263167465,-5453.359873909187,-50983.265319589744,-115711.14209018578,0.0,0.0,/Users/dawid/Library/Mobile Documents/com~apple~CloudDocs/Dokumenty/Publikacje własne/Manuscripts/Quantum_interference/data/P1-AL70752_wedm_zgru_1prz.sur,5746.979503612661,810.0000000000001,809.0,532.0,655289.9999999508,Aluminium 7075,AL70752,classical,256,256,3.0000000000000004,3,P1,P1-AL70752_wedm_zgru_1prz,area,Wire EDM (roughing),wedm_zgru_1prz,simple
4581.661650001054,4536.588572664918,5090.885428896734,5713.293774993883,5657.7091276911,6421.666175283541,59212.1414364529,58187.247640672605,122915.12441126864,0.0,0.0,45.07307733613598,-509.22377889568037,55.58464730278278,-708.3724002896579,1024.8937957802898,-63702.98297481574,0.0,0.0,/Users/dawid/Library/Mobile Documents/com~apple~CloudDocs/Dokumenty/Publikacje własne/Manuscripts/Quantum_interference/data/P1-AL70752_wedm_zgru_1prz.sur,709.1714377910241,810.0000000000001,809.0,532.0,655289.9999999508,Aluminium 7075,AL70752,quantum_like,256,256,3.0000000000000004,3,P1,P1-AL70752_wedm_zgru_1prz,area,Wire EDM (roughing),wedm_zgru_1prz,simple
2705.1395831150494,4536.588572664918,5090.885428896734,3376.9605249972687,5657.7091276911,6421.666175283541,28242.25122033144,58187.247640672605,122915.12441126864,0.0,0.0,-1831.4489895498684,-2385.7458457816847,-2280.7486026938313,-3044.705650286272,-29944.996420341166,-94672.87319093719,0.0,0.0,/Users/dawid/Library/Mobile Documents/com~apple~CloudDocs/Dokumenty/Publikacje własne/Manuscripts/Quantum_interference/data/P1-AL70752_wedm_zgru_1prz.sur,3367.1785456702432,810.0000000000001,809.0,532.0,655289.9999999508,Aluminium 7075,AL70752,hybrid,256,256,3.0000000000000004,3,P1,P1-AL70752_wedm_zgru_1prz,area,Wire EDM (roughing),wedm_zgru_1prz,simple
717.9167291796022,374635.40711837687,386337.33015214914,939.9780237933812,468767.4817956795,687536.3225057478,7025.667600629561,7017210.988175499,37520538.8651078,0.0,0.0,-373917.49038919725,-385619.4134229695,-467827.5037718861,-686596.3444819544,-7010185.32057487,-37513513.197507165,0.0,0.0,/Users/dawid/Library/Mobile Documents/com~apple~CloudDocs/Dokumenty/Publikacje własne/Manuscripts/Quantum_interference/data/P1-AL7075_frez_wyk.sur,468792.17995662417,810.0000000000001,809.0,532.0,655289.9999999508,Aluminium 7075,AL7075,classical,256,256,3.0000000000000004,0,P1,P1-AL7075_frez_wyk,area,Milling (finishing),frez_wyk,simple
384914.32744854386,374635.40711837687,386337.33015214914,468618.8028617133,468767.4817956795,687536.3225057478,3600444.8175810324,7017210.988175499,37520538.8651078,0.0,0.0,10278.92033016696,-1423.0027036053143,-148.6789339662296,-218917.5196440345,-3416766.170594467,-33920094.04752676,0.0,0.0,/Users/dawid/Library/Mobile Documents/com~apple~CloudDocs/Dokumenty/Publikacje własne/Manuscripts/Quantum_interference/data/P1-AL7075_frez_wyk.sur,345905.8289896248,810.0000000000001,809.0,532.0,655289.9999999508,Aluminium 7075,AL7075,quantum_like,256,256,3.0000000000000004,0,P1,P1-AL7075_frez_wyk,area,Milling (finishing),frez_wyk,simple
333986.7394999182,374635.40711837687,386337.33015214914,409110.9929305987,468767.4817956795,687536.3225057478,2259180.2314108675,7017210.988175499,37520538.8651078,0.0,0.0,-40648.66761845868,-52350.59065223095,-59656.48886508085,-278425.3295751491,-4758030.756764632,-35261358.63369693,0.0,0.0,/Users/dawid/Library/Mobile Documents/com~apple~CloudDocs/Dokumenty/Publikacje własne/Manuscripts/Quantum_interference/data/P1-AL7075_frez_wyk.sur,257567.30653599405,810.0000000000001,809.0,532.0,655289.9999999508,Aluminium 7075,AL7075,hybrid,256,256,3.0000000000000004,0,P1,P1-AL7075_frez_wyk,area,Milling (finishing),frez_wyk,simple
714.056911713285,374635.40711837687,386337.33015214914,936.5248651632198,468767.4817956795,687536.3225057478,6771.430054394316,7017210.988175499,37520538.8651078,0.0,0.0,-373921.3502066636,-385623.27324043587,-467830.9569305163,-686599.7976405845,-7010439.558121105,-37513767.4350534,0.0,0.0,/Users/dawid/Library/Mobile Documents/com~apple~CloudDocs/Dokumenty/Publikacje własne/Manuscripts/Quantum_interference/data/P1-AL7075_frez_wyk.sur,468791.62134652905,810.0000000000001,809.0,532.0,655289.9999999508,Aluminium 7075,AL7075,classical,256,256,3.0000000000000004,1,P1,P1-AL7075_frez_wyk,area,Milling (finishing),frez_wyk,simple
384637.8150049708,374635.40711837687,386337.33015214914,468662.3007784198,468767.4817956795,687536.3225057478,3594092.821850181,7017210.988175499,37520538.8651078,0.0,0.0,10002.407886593915,-1699.5151471783583,-105.18101725969387,-218874.02172732798,-3423118.166325318,-33926446.04325762,0.0,0.0,/Users/dawid/Library/Mobile Documents/com~apple~CloudDocs/Dokumenty/Publikacje własne/Manuscripts/Quantum_interference/data/P1-AL7075_frez_wyk.sur,344253.5411709008,810.0000000000001,809.0,532.0,655289.9999999508,Aluminium 7075,AL7075,quantum_like,256,256,3.0000000000000004,1,P1,P1-AL7075_frez_wyk,area,Milling (finishing),frez_wyk,simple
334794.3966975007,374635.40711837687,386337.33015214914,409643.61903423665,468767.4817956795,687536.3225057478,2268229.763809281,7017210.988175499,37520538.8651078,0.0,0.0,-39841.01042087617,-51542.933454648446,-59123.86276144286,-277892.70347151114,-4748981.224366218,-35252309.10129851,0.0,0.0,/Users/dawid/Library/Mobile Documents/com~apple~CloudDocs/Dokumenty/Publikacje własne/Manuscripts/Quantum_interference/data/P1-AL7075_frez_wyk.sur,256097.3975522087,810.0000000000001,809.0,532.0,655289.9999999508,Aluminium 7075,AL7075,hybrid,256,256,3.0000000000000004,1,P1,P1-AL7075_frez_wyk,area,Milling (finishing),frez_wyk,simple
721.0570075506743,374635.40711837687,386337.33015214914,941.368169476426,468767.4817956795,687536.3225057478,7026.083729065939,7017210.988175499,37520538.8651078,0.0,0.0,-373914.3501108262,-385616.27314459847,-467826.1136262031,-686594.9543362714,-7010184.904446433,-37513512.78137873,0.0,0.0,/Users/dawid/Library/Mobile Documents/com~apple~CloudDocs/Dokumenty/Publikacje własne/Manuscripts/Quantum_interference/data/P1-AL7075_frez_wyk.sur,468792.88732294936,810.0000000000001,809.0,532.0,655289.9999999508,Aluminium 7075,AL7075,classical,256,256,3.0000000000000004,2,P1,P1-AL7075_frez_wyk,area,Milling (finishing),frez_wyk,simple
385995.2267091932,374635.40711837687,386337.33015214914,469794.06994111324,468767.4817956795,687536.3225057478,3594190.784460545,7017210.988175499,37520538.8651078,0.0,0.0,11359.819590816287,-342.1034429559877,1026.5881454337225,-217742.25256463457,-3423020.203714954,-33926348.08064725,0.0,0.0,/Users/dawid/Library/Mobile Documents/com~apple~CloudDocs/Dokumenty/Publikacje własne/Manuscripts/Quantum_interference/data/P1-AL7075_frez_wyk.sur,345600.11475784605,810.0000000000001,809.0,532.0,655289.9999999508,Aluminium 7075,AL7075,quantum_like,256,256,3.0000000000000004,2,P1,P1-AL7075_frez_wyk,area,Milling (finishing),frez_wyk,simple
336160.96792641084,374635.40711837687,386337.33015214914,411000.10334679455,468767.4817956795,687536.3225057478,2268973.553954753,7017210.988175499,37520538.8651078,0.0,0.0,-38474.439191966034,-50176.36222573831,-57767.378448884934,-276536.21915895323,-4748237.434220746,-35251565.31115305,0.0,0.0,/Users/dawid/Library/Mobile Documents/com~apple~CloudDocs/Dokumenty/Publikacje własne/Manuscripts/Quantum_interference/data/P1-AL7075_frez_wyk.sur,257902.73392645695,810.0000000000001,809.0,532.0,655289.9999999508,Aluminium 7075,AL7075,hybrid,256,256,3.0000000000000004,2,P1,P1-AL7075_frez_wyk,area,Milling (finishing),frez_wyk,simple
716.8226385182707,374635.40711837687,386337.33015214914,938.7477671179212,468767.4817956795,687536.3225057478,7031.70019440297,7017210.988175499,37520538.8651078,0.0,0.0,-373918.5844798586,-385620.5075136309,-467828.73402856156,-686597.5747386299,-7010179.287981097,-37513507.16491339,0.0,0.0,/Users/dawid/Library/Mobile Documents/com~apple~CloudDocs/Dokumenty/Publikacje własne/Manuscripts/Quantum_interference/data/P1-AL7075_frez_wyk.sur,468792.5434897542,810.0000000000001,809.0,532.0,655289.9999999508,Aluminium 7075,AL7075,classical,256,256,3.0000000000000004,3,P1,P1-AL7075_frez_wyk,area,Milling (finishing),frez_wyk,simple
386477.6863516917,374635.40711837687,386337.33015214914,470624.1523501236,468767.4817956795,687536.3225057478,3592741.758839374,7017210.988175499,37520538.8651078,0.0,0.0,11842.279233314828,140.3561995425538,1856.6705544441147,-216912.17015562416,-3424469.229336125,-33927797.10626842,0.0,0.0,/Users/dawid/Library/Mobile Documents/com~apple~CloudDocs/Dokumenty/Publikacje własne/Manuscripts/Quantum_interference/data/P1-AL7075_frez_wyk.sur,348207.32565285044,810.0000000000001,809.0,532.0,655289.9999999508,Aluminium 7075,AL7075,quantum_like,256,256,3.0000000000000004,3,P1,P1-AL7075_frez_wyk,area,Milling (finishing),frez_wyk,simple
336184.4420143222,374635.40711837687,386337.33015214914,411015.7220596344,468767.4817956795,687536.3225057478,2267375.435595615,7017210.988175499,37520538.8651078,0.0,0.0,-38450.96510405466,-50152.88813782693,-57751.75973604511,-276520.6004461134,-4749835.5525798835,-35253163.42951218,0.0,0.0,/Users/dawid/Library/Mobile Documents/com~apple~CloudDocs/Dokumenty/Publikacje własne/Manuscripts/Quantum_interference/data/P1-AL7075_frez_wyk.sur,259973.2625896399,810.0000000000001,809.0,532.0,655289.9999999508,Aluminium 7075,AL7075,hybrid,256,256,3.0000000000000004,3,P1,P1-AL7075_frez_wyk,area,Milling (finishing),frez_wyk,simple
292.0497022370787,144.15207454052342,176.1165973340421,360.0591342894884,195.0547431686774,345.94806999303705,2842.8514056537,13395.505415319141,53690.94074605003,0.0,0.0,147.89762769655528,115.93310490303661,165.004391120811,14.111064296451321,-10552.65400966544,-50848.089340396335,0.0,0.0,/Users/dawid/Library/Mobile Documents/com~apple~CloudDocs/Dokumenty/Publikacje własne/Manuscripts/Quantum_interference/data/P1-AL7075_frez_zgr.sur,304.2435498454571,810.0000000000001,809.0,532.0,655289.9999999508,Aluminium 7075,AL7075,classical,256,256,3.0000000000000004,0,P1,P1-AL7075_frez_zgr,area,Milling (roughing),frez_zgr,simple
584.1139850225387,144.15207454052342,176.1165973340421,735.2452166212402,195.0547431686774,345.94806999303705,16060.197031202757,13395.505415319141,53690.94074605003,0.0,0.0,439.96191048201524,407.99738768849653,540.1904734525629,389.29714662820317,2664.691615883616,-37630.74371484728,0.0,0.0,/Users/dawid/Library/Mobile Documents/com~apple~CloudDocs/Dokumenty/Publikacje własne/Manuscripts/Quantum_interference/data/P1-AL7075_frez_zgr.sur,708.2608292468985,810.0000000000001,809.0,532.0,655289.9999999508,Aluminium 7075,AL7075,quantum_like,256,256,3.0000000000000004,0,P1,P1-AL7075_frez_zgr,area,Milling (roughing),frez_zgr,simple
182.06341858546594,144.15207454052342,176.1165973340421,228.9885015442531,195.0547431686774,345.94806999303705,3241.087995233953,13395.505415319141,53690.94074605003,0.0,0.0,37.91134404494252,5.9468212514238425,33.93375837557572,-116.95956844878394,-10154.417420085188,-50449.85275081608,0.0,0.0,/Users/dawid/Library/Mobile Documents/com~apple~CloudDocs/Dokumenty/Publikacje własne/Manuscripts/Quantum_interference/data/P1-AL7075_frez_zgr.sur,176.3231804807541,810.0000000000001,809.0,532.0,655289.9999999508,Aluminium 7075,AL7075,hybrid,256,256,3.0000000000000004,0,P1,P1-AL7075_frez_zgr,area,Milling (roughing),frez_zgr,simple
291.9020133939354,144.15207454052342,176.1165973340421,359.74211826154095,195.0547431686774,345.94806999303705,2841.495684927063,13395.505415319141,53690.94074605003,0.0,0.0,147.74993885341203,115.78541605989335,164.68737509286353,13.794048268503872,-10554.009730392077,-50849.44506112297,0.0,0.0,/Users/dawid/Library/Mobile Documents/com~apple~CloudDocs/Dokumenty/Publikacje własne/Manuscripts/Quantum_interference/data/P1-AL7075_frez_zgr.sur,303.8998419710628,810.0000000000001,809.0,532.0,655289.9999999508,Aluminium 7075,AL7075,classical,256,256,3.0000000000000004,1,P1,P1-AL7075_frez_zgr,area,Milling (roughing),frez_zgr,simple
582.1959815963038,144.15207454052342,176.1165973340421,732.9865484178548,195.0547431686774,345.94806999303705,14996.249380629608,13395.505415319141,53690.94074605003,0.0,0.0,438.04390705578044,406.0793842622617,537.9318052491774,387.03847842481775,1600.743965310467,-38694.691365420425,0.0,0.0,/Users/dawid/Library/Mobile Documents/com~apple~CloudDocs/Dokumenty/Publikacje własne/Manuscripts/Quantum_interference/data/P1-AL7075_frez_zgr.sur,707.836444308692,810.0000000000001,809.0,532.0,655289.9999999508,Aluminium 7075,AL7075,quantum_like,256,256,3.0000000000000004,1,P1,P1-AL7075_frez_zgr,area,Milling (roughing),frez_zgr,simple
176.26539391552217,144.15207454052342,176.1165973340421,221.6981148887322,195.0547431686774,345.94806999303705,2889.3452001606265,13395.505415319141,53690.94074605003,0.0,0.0,32.11331937499875,0.14879658148008276,26.643371720054798,-124.24995510430487,-10506.160215158514,-50801.59554588941,0.0,0.0,/Users/dawid/Library/Mobile Documents/com~apple~CloudDocs/Dokumenty/Publikacje własne/Manuscripts/Quantum_interference/data/P1-AL7075_frez_zgr.sur,174.66972387636494,810.0000000000001,809.0,532.0,655289.9999999508,Aluminium 7075,AL7075,hybrid,256,256,3.0000000000000004,1,P1,P1-AL7075_frez_zgr,area,Milling (roughing),frez_zgr,simple
291.9348459254422,144.15207454052342,176.1165973340421,359.89575946363414,195.0547431686774,345.94806999303705,2843.0935992615587,13395.505415319141,53690.94074605003,0.0,0.0,147.7827713849188,115.8182485914001,164.84101629495675,13.947689470597076,-10552.411816057582,-50847.847146788474,0.0,0.0,/Users/dawid/Library/Mobile Documents/com~apple~CloudDocs/Dokumenty/Publikacje własne/Manuscripts/Quantum_interference/data/P1-AL7075_frez_zgr.sur,304.1055439192032,810.0000000000001,809.0,532.0,655289.9999999508,Aluminium 7075,AL7075,classical,256,256,3.0000000000000004,2,P1,P1-AL7075_frez_zgr,area,Milling (roughing),frez_zgr,simple
587.6761912430546,144.15207454052342,176.1165973340421,738.7514655654597,195.0547431686774,345.94806999303705,15398.512027385555,13395.505415319141,53690.94074605003,0.0,0.0,443.5241167025312,411.55959390901256,543.6967223967823,392.8033955724227,2003.006612066415,-38292.42871866448,0.0,0.0,/Users/dawid/Library/Mobile Documents/com~apple~CloudDocs/Dokumenty/Publikacje własne/Manuscripts/Quantum_interference/data/P1-AL7075_frez_zgr.sur,712.607203963188,810.0000000000001,809.0,532.0,655289.9999999508,Aluminium 7075,AL7075,quantum_like,256,256,3.0000000000000004,2,P1,P1-AL7075_frez_zgr,area,Milling (roughing),frez_zgr,simple
181.35507834730018,144.15207454052342,176.1165973340421,228.3382087869573,195.0547431686774,345.94806999303705,3139.4299225969157,13395.505415319141,53690.94074605003,0.0,0.0,37.203003806776756,5.2384810132580855,33.283465618279905,-117.60986120607976,-10256.075492722224,-50551.510823453114,0.0,0.0,/Users/dawid/Library/Mobile Documents/com~apple~CloudDocs/Dokumenty/Publikacje własne/Manuscripts/Quantum_interference/data/P1-AL7075_frez_zgr.sur,177.29864422028925,810.0000000000001,809.0,532.0,655289.9999999508,Aluminium 7075,AL7075,hybrid,256,256,3.0000000000000004,2,P1,P1-AL7075_frez_zgr,area,Milling (roughing),frez_zgr,simple
292.6076171866857,144.15207454052342,176.1165973340421,360.9732473487209,195.0547431686774,345.94806999303705,2844.4727434866777,13395.505415319141,53690.94074605003,0.0,0.0,148.45554264616223,116.49101985264356,165.91850418004356,15.025177355683876,-10551.032671832463,-50846.46800256335,0.0,0.0,/Users/dawid/Library/Mobile Documents/com~apple~CloudDocs/Dokumenty/Publikacje własne/Manuscripts/Quantum_interference/data/P1-AL7075_frez_zgr.sur,304.92233567043337,810.0000000000001,809.0,532.0,655289.9999999508,Aluminium 7075,AL7075,classical,256,256,3.0000000000000004,3,P1,P1-AL7075_frez_zgr,area,Milling (roughing),frez_zgr,simple
583.081104318343,144.15207454052342,176.1165973340421,734.5674437357319,195.0547431686774,345.94806999303705,15475.136109462432,13395.505415319141,53690.94074605003,0.0,0.0,438.92902977781955,406.96450698430084,539.5127005670545,388.6193737426948,2079.6306941432917,-38215.8046365876,0.0,0.0,/Users/dawid/Library/Mobile Documents/com~apple~CloudDocs/Dokumenty/Publikacje własne/Manuscripts/Quantum_interference/data/P1-AL7075_frez_zgr.sur,706.6767223701573,810.0000000000001,809.0,532.0,655289.9999999508,Aluminium 7075,AL7075,quantum_like,256,256,3.0000000000000004,3,P1,P1-AL7075_frez_zgr,area,Milling (roughing),frez_zgr,simple
181.99197146274443,144.15207454052342,176.1165973340421,228.9812998525955,195.0547431686774,345.94806999303705,3371.3042901794893,13395.505415319141,53690.94074605003,0.0,0.0,37.83989692222101,5.87537412870234,33.92655668391811,-116.96677014044155,-10024.201125139653,-50319.63645587054,0.0,0.0,/Users/dawid/Library/Mobile Documents/com~apple~CloudDocs/Dokumenty/Publikacje własne/Manuscripts/Quantum_interference/data/P1-AL7075_frez_zgr.sur,173.7768254159931,810.0000000000001,809.0,532.0,655289.9999999508,Aluminium 7075,AL7075,hybrid,256,256,3.0000000000000004,3,P1,P1-AL7075_frez_zgr,area,Milling (roughing),frez_zgr,simple
810.1696727208486,2781.705846909539,2851.069027265254,1033.0955574222305,3200.986502044666,3375.9853169491635,7494.320394248805,15955.285939709558,59633.0796095711,0.0,0.0,-1971.536174188691,-2040.8993545444052,-2167.8909446224357,-2342.889759526933,-8460.965545460753,-52138.759215322294,0.0,0.0,/Users/dawid/Library/Mobile Documents/com~apple~CloudDocs/Dokumenty/Publikacje własne/Manuscripts/Quantum_interference/data/P1-AL7075_t_zgrub.sur,3335.6441962409667,810.0000000000001,809.0,532.0,655289.9999999508,Aluminium 7075,AL7075,classical,256,256,3.0000000000000004,0,P1,P1-AL7075_t_zgrub,area,Turning (roughing),t_zgrub,simple
2820.5133644873076,2781.705846909539,2851.069027265254,3272.005156947482,3200.986502044666,3375.9853169491635,18085.150532185704,15955.285939709558,59633.0796095711,0.0,0.0,38.80751757776838,-30.55566277794647,71.01865490281637,-103.98016000168116,2129.8645924761445,-41547.92907738539,0.0,0.0,/Users/dawid/Library/Mobile Documents/com~apple~CloudDocs/Dokumenty/Publikacje własne/Manuscripts/Quantum_interference/data/P1-AL7075_t_zgrub.sur,700.4726339469612,810.0000000000001,809.0,532.0,655289.9999999508,Aluminium 7075,AL7075,quantum_like,256,256,3.0000000000000004,0,P1,P1-AL7075_t_zgrub,area,Turning (roughing),t_zgrub,simple
1749.647836538857,2781.705846909539,2851.069027265254,2000.126614058768,3200.986502044666,3375.9853169491635,10419.635727750754,15955.285939709558,59633.0796095711,0.0,0.0,-1032.058010370682,-1101.421190726397,-1200.8598879858982,-1375.8587028903958,-5535.650211958804,-49213.44388182034,0.0,0.0,/Users/dawid/Library/Mobile Documents/com~apple~CloudDocs/Dokumenty/Publikacje własne/Manuscripts/Quantum_interference/data/P1-AL7075_t_zgrub.sur,1349.8786132271837,810.0000000000001,809.0,532.0,655289.9999999508,Aluminium 7075,AL7075,hybrid,256,256,3.0000000000000004,0,P1,P1-AL7075_t_zgrub,area,Turning (roughing),t_zgrub,simple
810.2012417812347,2781.705846909539,2851.069027265254,1030.6017282695225,3200.986502044666,3375.9853169491635,7677.60316037662,15955.285939709558,59633.0796095711,0.0,0.0,-1971.5046051283045,-2040.8677854840194,-2170.384773775144,-2345.3835886796414,-8277.68277933294,-51955.47644919447,0.0,0.0,/Users/dawid/Library/Mobile Documents/com~apple~CloudDocs/Dokumenty/Publikacje własne/Manuscripts/Quantum_interference/data/P1-AL7075_t_zgrub.sur,3334.6443818023113,810.0000000000001,809.0,532.0,655289.9999999508,Aluminium 7075,AL7075,classical,256,256,3.0000000000000004,1,P1,P1-AL7075_t_zgrub,area,Turning (roughing),t_zgrub,simple
2820.3549094567843,2781.705846909539,2851.069027265254,3271.742826710957,3200.986502044666,3375.9853169491635,17803.927518513865,15955.285939709558,59633.0796095711,0.0,0.0,38.64906254724536,-30.71411780846949,70.75632466629114,-104.24249023820639,1848.641578804308,-41829.15209105723,0.0,0.0,/Users/dawid/Library/Mobile Documents/com~apple~CloudDocs/Dokumenty/Publikacje własne/Manuscripts/Quantum_interference/data/P1-AL7075_t_zgrub.sur,709.6050773676716,810.0000000000001,809.0,532.0,655289.9999999508,Aluminium 7075,AL7075,quantum_like,256,256,3.0000000000000004,1,P1,P1-AL7075_t_zgrub,area,Turning (roughing),t_zgrub,simple
1748.460345533141,2781.705846909539,2851.069027265254,1999.3445817898912,3200.986502044666,3375.9853169491635,10775.64183673766,15955.285939709558,59633.0796095711,0.0,0.0,-1033.2455013763981,-1102.608681732113,-1201.641920254775,-1376.6407351592725,-5179.644102971899,-48857.43777283344,0.0,0.0,/Users/dawid/Library/Mobile Documents/com~apple~CloudDocs/Dokumenty/Publikacje własne/Manuscripts/Quantum_interference/data/P1-AL7075_t_zgrub.sur,1350.0798690738807,810.0000000000001,809.0,532.0,655289.9999999508,Aluminium 7075,AL7075,hybrid,256,256,3.0000000000000004,1,P1,P1-AL7075_t_zgrub,area,Turning (roughing),t_zgrub,simple
813.1330711980847,2781.705846909539,2851.069027265254,1036.6238919247858,3200.986502044666,3375.9853169491635,7677.610803859106,15955.285939709558,59633.0796095711,0.0,0.0,-1968.5727757114544,-2037.9359560671692,-2164.36261011988,-2339.3614250243777,-8277.675135850452,-51955.46880571199,0.0,0.0,/Users/dawid/Library/Mobile Documents/com~apple~CloudDocs/Dokumenty/Publikacje własne/Manuscripts/Quantum_interference/data/P1-AL7075_t_zgrub.sur,3338.993385240229,810.0000000000001,809.0,532.0,655289.9999999508,Aluminium 7075,AL7075,classical,256,256,3.0000000000000004,2,P1,P1-AL7075_t_zgrub,area,Turning (roughing),t_zgrub,simple
2827.2114227192947,2781.705846909539,2851.069027265254,3280.1453220049066,3200.986502044666,3375.9853169491635,19006.004635899055,15955.285939709558,59633.0796095711,0.0,0.0,45.50557580975569,-23.857604545959155,79.15881996024042,-95.8399949442571,3050.718696189495,-40627.07497367204,0.0,0.0,/Users/dawid/Library/Mobile Documents/com~apple~CloudDocs/Dokumenty/Publikacje własne/Manuscripts/Quantum_interference/data/P1-AL7075_t_zgrub.sur,711.8529549106693,810.0000000000001,809.0,532.0,655289.9999999508,Aluminium 7075,AL7075,quantum_like,256,256,3.0000000000000004,2,P1,P1-AL7075_t_zgrub,area,Turning (roughing),t_zgrub,simple
1752.25317606544,2781.705846909539,2851.069027265254,2003.6933873953842,3200.986502044666,3375.9853169491635,10861.031873718715,15955.285939709558,59633.0796095711,0.0,0.0,-1029.4526708440992,-1098.815851199814,-1197.2931146492817,-1372.2919295537793,-5094.254065990844,-48772.04773585238,0.0,0.0,/Users/dawid/Library/Mobile Documents/com~apple~CloudDocs/Dokumenty/Publikacje własne/Manuscripts/Quantum_interference/data/P1-AL7075_t_zgrub.sur,1347.6232229221084,810.0000000000001,809.0,532.0,655289.9999999508,Aluminium 7075,AL7075,hybrid,256,256,3.0000000000000004,2,P1,P1-AL7075_t_zgrub,area,Turning (roughing),t_zgrub,simple
803.9715080995107,2781.705846909539,2851.069027265254,1028.6096453200307,3200.986502044666,3375.9853169491635,7677.781476328472,15955.285939709558,59633.0796095711,0.0,0.0,-1977.7343388100282,-2047.0975191657435,-2172.3768567246357,-2347.375671629133,-8277.504463381087,-51955.29813324262,0.0,0.0,/Users/dawid/Library/Mobile Documents/com~apple~CloudDocs/Dokumenty/Publikacje własne/Manuscripts/Quantum_interference/data/P1-AL7075_t_zgrub.sur,3336.9842511587094,810.0000000000001,809.0,532.0,655289.9999999508,Aluminium 7075,AL7075,classical,256,256,3.0000000000000004,3,P1,P1-AL7075_t_zgrub,area,Turning (roughing),t_zgrub,simple
2828.5339775324765,2781.705846909539,2851.069027265254,3280.1206975187533,3200.986502044666,3375.9853169491635,18563.58345973751,15955.285939709558,59633.0796095711,0.0,0.0,46.828130622937145,-22.535049732777708,79.13419547408716,-95.86461943041036,2608.2975200279516,-41069.49614983359,0.0,0.0,/Users/dawid/Library/Mobile Documents/com~apple~CloudDocs/Dokumenty/Publikacje własne/Manuscripts/Quantum_interference/data/P1-AL7075_t_zgrub.sur,710.3359707239837,810.0000000000001,809.0,532.0,655289.9999999508,Aluminium 7075,AL7075,quantum_like,256,256,3.0000000000000004,3,P1,P1-AL7075_t_zgrub,area,Turning (roughing),t_zgrub,simple
1753.8839521647437,2781.705846909539,2851.069027265254,2006.0150463744144,3200.986502044666,3375.9853169491635,11024.36477958303,15955.285939709558,59633.0796095711,0.0,0.0,-1027.8218947447954,-1097.1850751005102,-1194.9714556702515,-1369.970270574749,-4930.921160126528,-48608.71482998807,0.0,0.0,/Users/dawid/Library/Mobile Documents/com~apple~CloudDocs/Dokumenty/Publikacje własne/Manuscripts/Quantum_interference/data/P1-AL7075_t_zgrub.sur,1346.2176216398823,810.0000000000001,809.0,532.0,655289.9999999508,Aluminium 7075,AL7075,hybrid,256,256,3.0000000000000004,3,P1,P1-AL7075_t_zgrub,area,Turning (roughing),t_zgrub,simple
865.4949448317458,130.73348608781825,168.57388938374433,1134.121495960076,177.0636983466566,322.9701285319562,9782.440298656105,2362.6658188260194,15504.124678627684,0.0,0.0,734.7614587439275,696.9210554480014,957.0577976134193,811.1513674281197,7419.7744798300855,-5721.68437997158,0.0,0.0,/Users/dawid/Library/Mobile Documents/com~apple~CloudDocs/Dokumenty/Publikacje własne/Manuscripts/Quantum_interference/data/P1-C45_frez_wyk.sur,1152.800272153175,810.0000000000001,809.0,532.0,655289.9999999508,Steel C45,C45,classical,256,256,3.0000000000000004,0,P1,P1-C45_frez_wyk,area,Milling (finishing),frez_wyk,simple
580.6916123603626,130.73348608781825,168.57388938374433,728.8151628685478,177.0636983466566,322.9701285319562,6211.450233161109,2362.6658188260194,15504.124678627684,0.0,0.0,449.95812627254435,412.11772297661827,551.7514645218912,405.84503433659154,3848.7844143350894,-9292.674445466575,0.0,0.0,/Users/dawid/Library/Mobile Documents/com~apple~CloudDocs/Dokumenty/Publikacje własne/Manuscripts/Quantum_interference/data/P1-C45_frez_wyk.sur,706.8593946124109,810.0000000000001,809.0,532.0,655289.9999999508,Steel C45,C45,quantum_like,256,256,3.0000000000000004,0,P1,P1-C45_frez_wyk,area,Milling (finishing),frez_wyk,simple
143.81344065693324,130.73348608781825,168.57388938374433,181.7990178728318,177.0636983466566,322.9701285319562,1719.1698215967542,2362.6658188260194,15504.124678627684,0.0,0.0,13.07995456911498,-24.760448726811102,4.735319526175214,-141.1711106591244,-643.4959972292652,-13784.954857030929,0.0,0.0,/Users/dawid/Library/Mobile Documents/com~apple~CloudDocs/Dokumenty/Publikacje własne/Manuscripts/Quantum_interference/data/P1-C45_frez_wyk.sur,201.4653435832379,810.0000000000001,809.0,532.0,655289.9999999508,Steel C45,C45,hybrid,256,256,3.0000000000000004,0,P1,P1-C45_frez_wyk,area,Milling (finishing),frez_wyk,simple
866.5667260230803,130.73348608781825,168.57388938374433,1131.6046447783554,177.0636983466566,322.9701285319562,9779.603074101296,2362.6658188260194,15504.124678627684,0.0,0.0,735.833239935262,697.9928366393359,954.5409464316988,808.6345162463991,7416.9372552752775,-5724.521604526388,0.0,0.0,/Users/dawid/Library/Mobile Documents/com~apple~CloudDocs/Dokumenty/Publikacje własne/Manuscripts/Quantum_interference/data/P1-C45_frez_wyk.sur,1150.569820955033,810.0000000000001,809.0,532.0,655289.9999999508,Steel C45,C45,classical,256,256,3.0000000000000004,1,P1,P1-C45_frez_wyk,area,Milling (finishing),frez_wyk,simple
585.9479225202509,130.73348608781825,168.57388938374433,734.3944763070594,177.0636983466566,322.9701285319562,6213.060773525142,2362.6658188260194,15504.124678627684,0.0,0.0,455.2144364324327,417.3740331365066,557.3307779604029,411.4243477751033,3850.394954699123,-9291.063905102543,0.0,0.0,/Users/dawid/Library/Mobile Documents/com~apple~CloudDocs/Dokumenty/Publikacje własne/Manuscripts/Quantum_interference/data/P1-C45_frez_wyk.sur,713.2317746603447,810.0000000000001,809.0,532.0,655289.9999999508,Steel C45,C45,quantum_like,256,256,3.0000000000000004,1,P1,P1-C45_frez_wyk,area,Milling (finishing),frez_wyk,simple
143.45113944369146,130.73348608781825,168.57388938374433,181.47380510280945,177.0636983466566,322.9701285319562,1776.2318057721536,2362.6658188260194,15504.124678627684,0.0,0.0,12.717653355873198,-25.122749940052884,4.410106756152862,-141.49632342914674,-586.4340130538658,-13727.892872855531,0.0,0.0,/Users/dawid/Library/Mobile Documents/com~apple~CloudDocs/Dokumenty/Publikacje własne/Manuscripts/Quantum_interference/data/P1-C45_frez_wyk.sur,203.81822684725645,810.0000000000001,809.0,532.0,655289.9999999508,Steel C45,C45,hybrid,256,256,3.0000000000000004,1,P1,P1-C45_frez_wyk,area,Milling (finishing),frez_wyk,simple
855.3873524206763,130.73348608781825,168.57388938374433,1124.2306355585683,177.0636983466566,322.9701285319562,9767.51466141498,2362.6658188260194,15504.124678627684,0.0,0.0,724.653866332858,686.8134630369318,947.1669372119117,801.2605070266121,7404.84884258896,-5736.610017212705,0.0,0.0,/Users/dawid/Library/Mobile Documents/com~apple~CloudDocs/Dokumenty/Publikacje własne/Manuscripts/Quantum_interference/data/P1-C45_frez_wyk.sur,1143.203720279214,810.0000000000001,809.0,532.0,655289.9999999508,Steel C45,C45,classical,256,256,3.0000000000000004,2,P1,P1-C45_frez_wyk,area,Milling (finishing),frez_wyk,simple
585.4371089751178,130.73348608781825,168.57388938374433,734.5088869373055,177.0636983466566,322.9701285319562,6617.746709328517,2362.6658188260194,15504.124678627684,0.0,0.0,454.7036228872995,416.86321959137337,557.445188590649,411.53875840534937,4255.080890502497,-8886.377969299168,0.0,0.0,/Users/dawid/Library/Mobile Documents/com~apple~CloudDocs/Dokumenty/Publikacje własne/Manuscripts/Quantum_interference/data/P1-C45_frez_wyk.sur,713.085954912892,810.0000000000001,809.0,532.0,655289.9999999508,Steel C45,C45,quantum_like,256,256,3.0000000000000004,2,P1,P1-C45_frez_wyk,area,Milling (finishing),frez_wyk,simple
143.07640314442156,130.73348608781825,168.57388938374433,179.52848545101378,177.0636983466566,322.9701285319562,1819.2165455668946,2362.6658188260194,15504.124678627684,0.0,0.0,12.342917056603305,-25.497486239322775,2.464787104357196,-143.4416430809424,-543.4492732591248,-13684.90813306079,0.0,0.0,/Users/dawid/Library/Mobile Documents/com~apple~CloudDocs/Dokumenty/Publikacje własne/Manuscripts/Quantum_interference/data/P1-C45_frez_wyk.sur,201.87632280541004,810.0000000000001,809.0,532.0,655289.9999999508,Steel C45,C45,hybrid,256,256,3.0000000000000004,2,P1,P1-C45_frez_wyk,area,Milling (finishing),frez_wyk,simple
885.5299027957751,130.73348608781825,168.57388938374433,1154.5674444931947,177.0636983466566,322.9701285319562,9795.572571099103,2362.6658188260194,15504.124678627684,0.0,0.0,754.7964167079568,716.9560134120308,977.5037461465382,831.5973159612386,7432.906752273084,-5708.5521075285815,0.0,0.0,/Users/dawid/Library/Mobile Documents/com~apple~CloudDocs/Dokumenty/Publikacje własne/Manuscripts/Quantum_interference/data/P1-C45_frez_wyk.sur,1172.617948061507,810.0000000000001,809.0,532.0,655289.9999999508,Steel C45,C45,classical,256,256,3.0000000000000004,3,P1,P1-C45_frez_wyk,area,Milling (finishing),frez_wyk,simple
582.5560655946741,130.73348608781825,168.57388938374433,730.989565216785,177.0636983466566,322.9701285319562,6290.6992181212845,2362.6658188260194,15504.124678627684,0.0,0.0,451.82257950685585,413.98217621092977,553.9258668701284,408.01943668482875,3928.0333992952646,-9213.4254605064,0.0,0.0,/Users/dawid/Library/Mobile Documents/com~apple~CloudDocs/Dokumenty/Publikacje własne/Manuscripts/Quantum_interference/data/P1-C45_frez_wyk.sur,708.4137816085865,810.0000000000001,809.0,532.0,655289.9999999508,Steel C45,C45,quantum_like,256,256,3.0000000000000004,3,P1,P1-C45_frez_wyk,area,Milling (finishing),frez_wyk,simple
140.69144791201947,130.73348608781825,168.57388938374433,179.0826853327478,177.0636983466566,322.9701285319562,1895.5715017288446,2362.6658188260194,15504.124678627684,0.0,0.0,9.957961824201208,-27.882441471724874,2.018986986091208,-143.8874431992084,-467.0943170971748,-13608.55317689884,0.0,0.0,/Users/dawid/Library/Mobile Documents/com~apple~CloudDocs/Dokumenty/Publikacje własne/Manuscripts/Quantum_interference/data/P1-C45_frez_wyk.sur,201.14417519917515,810.0000000000001,809.0,532.0,655289.9999999508,Steel C45,C45,hybrid,256,256,3.0000000000000004,3,P1,P1-C45_frez_wyk,area,Milling (finishing),frez_wyk,simple
0.19912974945760661,0.013677398688480481,0.014215393199252453,0.24963037929237597,0.016567023530093917,0.017415753488415692,2.1860211608736555,0.16320364671729742,0.3893552769154757,0.0,0.0,0.18545235076912614,0.18491435625835417,0.23306335576228207,0.23221462580396027,2.0228175141563582,1.7966658839581795,0.0,0.0,/Users/dawid/Library/Mobile Documents/com~apple~CloudDocs/Dokumenty/Publikacje własne/Manuscripts/Quantum_interference/data/P1-C45_frez_zgr.sur,0.24908707056000198,810.0000000000001,809.0,532.0,655289.9999999508,Steel C45,C45,classical,256,256,3.0000000000000004,0,P1,P1-C45_frez_zgr,area,Milling (roughing),frez_zgr,simple
567.9481024121508,0.013677398688480481,0.014215393199252453,710.8262316682404,0.016567023530093917,0.017415753488415692,6187.416072407252,0.16320364671729742,0.3893552769154757,0.0,0.0,567.9344250134623,567.9338870189515,710.8096646447103,710.808815914752,6187.2528687605345,6187.026717130336,0.0,0.0,/Users/dawid/Library/Mobile Documents/com~apple~CloudDocs/Dokumenty/Publikacje własne/Manuscripts/Quantum_interference/data/P1-C45_frez_zgr.sur,710.8261625669613,810.0000000000001,809.0,532.0,655289.9999999508,Steel C45,C45,quantum_like,256,256,3.0000000000000004,0,P1,P1-C45_frez_zgr,area,Milling (roughing),frez_zgr,simple
126.09039017891138,0.013677398688480481,0.014215393199252453,153.29050250552274,0.016567023530093917,0.017415753488415692,1329.8891599242395,0.16320364671729742,0.3893552769154757,0.0,0.0,126.07671278022289,126.07617478571213,153.27393548199265,153.27308675203432,1329.725956277522,1329.499804647324,0.0,0.0,/Users/dawid/Library/Mobile Documents/com~apple~CloudDocs/Dokumenty/Publikacje własne/Manuscripts/Quantum_interference/data/P1-C45_frez_zgr.sur,153.29025861895437,810.0000000000001,809.0,532.0,655289.9999999508,Steel C45,C45,hybrid,256,256,3.0000000000000004,0,P1,P1-C45_frez_zgr,area,Milling (roughing),frez_zgr,simple
0.20113239697614654,0.013677398688480481,0.014215393199252453,0.25213987744927896,0.016567023530093917,0.017415753488415692,2.129326405316508,0.16320364671729742,0.3893552769154757,0.0,0.0,0.18745499828766604,0.18691700377689408,0.2355728539191851,0.2347241239608633,1.9661227585992107,1.7399711284010322,0.0,0.0,/Users/dawid/Library/Mobile Documents/com~apple~CloudDocs/Dokumenty/Publikacje własne/Manuscripts/Quantum_interference/data/P1-C45_frez_zgr.sur,0.251744092510755,810.0000000000001,809.0,532.0,655289.9999999508,Steel C45,C45,classical,256,256,3.0000000000000004,1,P1,P1-C45_frez_zgr,area,Milling (roughing),frez_zgr,simple
567.0431491617152,0.013677398688480481,0.014215393199252453,711.4233286065139,0.016567023530093917,0.017415753488415692,5961.811767494354,0.16320364671729742,0.3893552769154757,0.0,0.0,567.0294717630267,567.0289337685159,711.4067615829838,711.4059128530255,5961.648563847637,5961.422412217438,0.0,0.0,/Users/dawid/Library/Mobile Documents/com~apple~CloudDocs/Dokumenty/Publikacje własne/Manuscripts/Quantum_interference/data/P1-C45_frez_zgr.sur,711.4232618800282,810.0000000000001,809.0,532.0,655289.9999999508,Steel C45,C45,quantum_like,256,256,3.0000000000000004,1,P1,P1-C45_frez_zgr,area,Milling (roughing),frez_zgr,simple
138.5308817915105,0.013677398688480481,0.014215393199252453,157.15295925691967,0.016567023530093917,0.017415753488415692,1330.692684429324,0.16320364671729742,0.3893552769154757,0.0,0.0,138.517204392822,138.51666639831123,157.13639223338959,157.13554350343125,1330.5294807826065,1330.3033291524084,0.0,0.0,/Users/dawid/Library/Mobile Documents/com~apple~CloudDocs/Dokumenty/Publikacje własne/Manuscripts/Quantum_interference/data/P1-C45_frez_zgr.sur,157.1527563750699,810.0000000000001,809.0,532.0,655289.9999999508,Steel C45,C45,hybrid,256,256,3.0000000000000004,1,P1,P1-C45_frez_zgr,area,Milling (roughing),frez_zgr,simple
0.19739959315106223,0.013677398688480481,0.014215393199252453,0.24781597153802848,0.016567023530093917,0.017415753488415692,2.3155619878676004,0.16320364671729742,0.3893552769154757,0.0,0.0,0.18372219446258176,0.1831841999518098,0.23124894800793455,0.23040021804961278,2.152358341150303,1.9262067109521248,0.0,0.0,/Users/dawid/Library/Mobile Documents/com~apple~CloudDocs/Dokumenty/Publikacje własne/Manuscripts/Quantum_interference/data/P1-C45_frez_zgr.sur,0.2472631351907677,810.0000000000001,809.0,532.0,655289.9999999508,Steel C45,C45,classical,256,256,3.0000000000000004,2,P1,P1-C45_frez_zgr,area,Milling (roughing),frez_zgr,simple
569.4719061030814,0.013677398688480481,0.014215393199252453,713.8490347215353,0.016567023530093917,0.017415753488415692,5935.97508093153,0.16320364671729742,0.3893552769154757,0.0,0.0,569.4582287043929,569.4576907098822,713.8324676980052,713.8316189680469,5935.811877284813,5935.585725654614,0.0,0.0,/Users/dawid/Library/Mobile Documents/com~apple~CloudDocs/Dokumenty/Publikacje własne/Manuscripts/Quantum_interference/data/P1-C45_frez_zgr.sur,713.848989524085,810.0000000000001,809.0,532.0,655289.9999999508,Steel C45,C45,quantum_like,256,256,3.0000000000000004,2,P1,P1-C45_frez_zgr,area,Milling (roughing),frez_zgr,simple
143.33921158740335,0.013677398688480481,0.014215393199252453,155.44204750255616,0.016567023530093917,0.017415753488415692,1332.404461265743,0.16320364671729742,0.3893552769154757,0.0,0.0,143.32553418871487,143.3249961942041,155.42548047902608,155.42463174906774,1332.2412576190256,1332.0151059888276,0.0,0.0,/Users/dawid/Library/Mobile Documents/com~apple~CloudDocs/Dokumenty/Publikacje własne/Manuscripts/Quantum_interference/data/P1-C45_frez_zgr.sur,155.44179453425474,810.0000000000001,809.0,532.0,655289.9999999508,Steel C45,C45,hybrid,256,256,3.0000000000000004,2,P1,P1-C45_frez_zgr,area,Milling (roughing),frez_zgr,simple
0.2007719020376299,0.013677398688480481,0.014215393199252453,0.25162917303343896,0.016567023530093917,0.017415753488415692,2.0744536254843955,0.16320364671729742,0.3893552769154757,0.0,0.0,0.18709450334914943,0.18655650883837743,0.23506214950334506,0.2342134195450233,1.9112499787670985,1.68509834856892,0.0,0.0,/Users/dawid/Library/Mobile Documents/com~apple~CloudDocs/Dokumenty/Publikacje własne/Manuscripts/Quantum_interference/data/P1-C45_frez_zgr.sur,0.2510152140079479,810.0000000000001,809.0,532.0,655289.9999999508,Steel C45,C45,classical,256,256,3.0000000000000004,3,P1,P1-C45_frez_zgr,area,Milling (roughing),frez_zgr,simple
569.8213507125491,0.013677398688480481,0.014215393199252453,713.8493802349487,0.016567023530093917,0.017415753488415692,5970.756609270908,0.16320364671729742,0.3893552769154757,0.0,0.0,569.8076733138606,569.8071353193499,713.8328132114186,713.8319644814603,5970.59340562419,5970.367253993992,0.0,0.0,/Users/dawid/Library/Mobile Documents/com~apple~CloudDocs/Dokumenty/Publikacje własne/Manuscripts/Quantum_interference/data/P1-C45_frez_zgr.sur,713.849232383765,810.0000000000001,809.0,532.0,655289.9999999508,Steel C45,C45,quantum_like,256,256,3.0000000000000004,3,P1,P1-C45_frez_zgr,area,Milling (roughing),frez_zgr,simple
145.89980828715207,0.013677398688480481,0.014215393199252453,157.2196527461517,0.016567023530093917,0.017415753488415692,1346.0766687993262,0.16320364671729742,0.3893552769154757,0.0,0.0,145.88613088846358,145.8855928939528,157.2030857226216,157.20223699266327,1345.9134651526088,1345.6873135224107,0.0,0.0,/Users/dawid/Library/Mobile Documents/com~apple~CloudDocs/Dokumenty/Publikacje własne/Manuscripts/Quantum_interference/data/P1-C45_frez_zgr.sur,157.21920419897987,810.0000000000001,809.0,532.0,655289.9999999508,Steel C45,C45,hybrid,256,256,3.0000000000000004,3,P1,P1-C45_frez_zgr,area,Milling (roughing),frez_zgr,simple
396.5929219046551,170.69015003093372,209.73484587406048,534.8605530988739,520.4751383049718,1330.3937512601992,5879.736350703593,55011.498285111746,157120.78884941927,0.0,0.0,225.90277187372138,186.85807603059462,14.38541479390201,-795.5331981613255,-49131.761934408154,-151241.0524987157,0.0,0.0,/Users/dawid/Library/Mobile Documents/com~apple~CloudDocs/Dokumenty/Publikacje własne/Manuscripts/Quantum_interference/data/P1-C45_nagniat.sur,749.6589079892656,810.0000000000001,809.0,532.0,655289.9999999508,Steel C45,C45,classical,256,256,3.0000000000000004,0,P1,P1-C45_nagniat,area,Burnishing,nagniat,simple
607.7633093690312,170.69015003093372,209.73484587406048,875.4918237023184,520.4751383049718,1330.3937512601992,54322.92029079532,55011.498285111746,157120.78884941927,0.0,0.0,437.07315933809747,398.02846349497077,355.0166853973465,-454.901927557881,-688.577994316421,-102797.86855862396,0.0,0.0,/Users/dawid/Library/Mobile Documents/com~apple~CloudDocs/Dokumenty/Publikacje własne/Manuscripts/Quantum_interference/data/P1-C45_nagniat.sur,708.08084908545,810.0000000000001,809.0,532.0,655289.9999999508,Steel C45,C45,quantum_like,256,256,3.0000000000000004,0,P1,P1-C45_nagniat,area,Burnishing,nagniat,simple
194.7091210174333,170.69015003093372,209.73484587406048,308.028906966797,520.4751383049718,1330.3937512601992,13269.727884772698,55011.498285111746,157120.78884941927,0.0,0.0,24.018970986499564,-15.025724856627207,-212.44623133817478,-1022.3648442934021,-41741.770400339046,-143851.0609646466,0.0,0.0,/Users/dawid/Library/Mobile Documents/com~apple~CloudDocs/Dokumenty/Publikacje własne/Manuscripts/Quantum_interference/data/P1-C45_nagniat.sur,418.172085567706,810.0000000000001,809.0,532.0,655289.9999999508,Steel C45,C45,hybrid,256,256,3.0000000000000004,0,P1,P1-C45_nagniat,area,Burnishing,nagniat,simple
398.7663765222543,170.69015003093372,209.73484587406048,537.1939940959194,520.4751383049718,1330.3937512601992,5885.932010213109,55011.498285111746,157120.78884941927,0.0,0.0,228.0762264913206,189.03153064819384,16.718855790947597,-793.1997571642798,-49125.566274898636,-151234.8568392062,0.0,0.0,/Users/dawid/Library/Mobile Documents/com~apple~CloudDocs/Dokumenty/Publikacje własne/Manuscripts/Quantum_interference/data/P1-C45_nagniat.sur,751.3781604241543,810.0000000000001,809.0,532.0,655289.9999999508,Steel C45,C45,classical,256,256,3.0000000000000004,1,P1,P1-C45_nagniat,area,Burnishing,nagniat,simple
613.2579515453065,170.69015003093372,209.73484587406048,880.3666122437443,520.4751383049718,1330.3937512601992,54702.29715983307,55011.498285111746,157120.78884941927,0.0,0.0,442.5678015143727,403.52310567124596,359.89147393877244,-450.027139016455,-309.2011252786765,-102418.49168958621,0.0,0.0,/Users/dawid/Library/Mobile Documents/com~apple~CloudDocs/Dokumenty/Publikacje własne/Manuscripts/Quantum_interference/data/P1-C45_nagniat.sur,714.8625483278383,810.0000000000001,809.0,532.0,655289.9999999508,Steel C45,C45,quantum_like,256,256,3.0000000000000004,1,P1,P1-C45_nagniat,area,Burnishing,nagniat,simple
193.67346568348285,170.69015003093372,209.73484587406048,307.2608668377473,520.4751383049718,1330.3937512601992,13208.929964796136,55011.498285111746,157120.78884941927,0.0,0.0,22.98331565254912,-16.06138019057765,-213.2142714672245,-1023.132884422452,-41802.56832031561,-143911.85888462316,0.0,0.0,/Users/dawid/Library/Mobile Documents/com~apple~CloudDocs/Dokumenty/Publikacje własne/Manuscripts/Quantum_interference/data/P1-C45_nagniat.sur,418.8384033955449,810.0000000000001,809.0,532.0,655289.9999999508,Steel C45,C45,hybrid,256,256,3.0000000000000004,1,P1,P1-C45_nagniat,area,Burnishing,nagniat,simple
396.3361261389883,170.69015003093372,209.73484587406048,534.4000616234325,520.4751383049718,1330.3937512601992,6118.721326194086,55011.498285111746,157120.78884941927,0.0,0.0,225.64597610805458,186.60128026492782,13.924923318460644,-795.9936896367668,-48892.77695891766,-151002.0675232252,0.0,0.0,/Users/dawid/Library/Mobile Documents/com~apple~CloudDocs/Dokumenty/Publikacje własne/Manuscripts/Quantum_interference/data/P1-C45_nagniat.sur,749.3697250138382,810.0000000000001,809.0,532.0,655289.9999999508,Steel C45,C45,classical,256,256,3.0000000000000004,2,P1,P1-C45_nagniat,area,Burnishing,nagniat,simple
602.3415684823912,170.69015003093372,209.73484587406048,871.7764056397677,520.4751383049718,1330.3937512601992,52960.99024985362,55011.498285111746,157120.78884941927,0.0,0.0,431.6514184514574,392.6067226083307,351.30126733479585,-458.6173456204316,-2050.5080352581313,-104159.79859956568,0.0,0.0,/Users/dawid/Library/Mobile Documents/com~apple~CloudDocs/Dokumenty/Publikacje własne/Manuscripts/Quantum_interference/data/P1-C45_nagniat.sur,701.9806029350414,810.0000000000001,809.0,532.0,655289.9999999508,Steel C45,C45,quantum_like,256,256,3.0000000000000004,2,P1,P1-C45_nagniat,area,Burnishing,nagniat,simple
190.6593800108986,170.69015003093372,209.73484587406048,302.38873997764426,520.4751383049718,1330.3937512601992,13454.622002145108,55011.498285111746,157120.78884941927,0.0,0.0,19.969229979964865,-19.075465863161906,-218.0863983273276,-1028.0050112825552,-41556.87628296664,-143666.16684727417,0.0,0.0,/Users/dawid/Library/Mobile Documents/com~apple~CloudDocs/Dokumenty/Publikacje własne/Manuscripts/Quantum_interference/data/P1-C45_nagniat.sur,416.8876688336474,810.0000000000001,809.0,532.0,655289.9999999508,Steel C45,C45,hybrid,256,256,3.0000000000000004,2,P1,P1-C45_nagniat,area,Burnishing,nagniat,simple
397.49771180786854,170.69015003093372,209.73484587406048,537.2277003731895,520.4751383049718,1330.3937512601992,6146.630088188294,55011.498285111746,157120.78884941927,0.0,0.0,226.80756177693482,187.76286593380806,16.752562068217667,-793.1660508870098,-48864.86819692345,-150974.158761231,0.0,0.0,/Users/dawid/Library/Mobile Documents/com~apple~CloudDocs/Dokumenty/Publikacje własne/Manuscripts/Quantum_interference/data/P1-C45_nagniat.sur,752.2881023715393,810.0000000000001,809.0,532.0,655289.9999999508,Steel C45,C45,classical,256,256,3.0000000000000004,3,P1,P1-C45_nagniat,area,Burnishing,nagniat,simple
611.0456363428633,170.69015003093372,209.73484587406048,882.454979763411,520.4751383049718,1330.3937512601992,53734.36749924181,55011.498285111746,157120.78884941927,0.0,0.0,440.35548631192955,401.3107904688028,361.9798414584391,-447.9387714967883,-1277.1307858699352,-103386.42135017748,0.0,0.0,/Users/dawid/Library/Mobile Documents/com~apple~CloudDocs/Dokumenty/Publikacje własne/Manuscripts/Quantum_interference/data/P1-C45_nagniat.sur,711.6393095657206,810.0000000000001,809.0,532.0,655289.9999999508,Steel C45,C45,quantum_like,256,256,3.0000000000000004,3,P1,P1-C45_nagniat,area,Burnishing,nagniat,simple
196.04069043256297,170.69015003093372,209.73484587406048,310.276481246236,520.4751383049718,1330.3937512601992,13388.585156573217,55011.498285111746,157120.78884941927,0.0,0.0,25.350540401629246,-13.694155441497523,-210.19865705873582,-1020.1172700139633,-41622.91312853853,-143732.2036928461,0.0,0.0,/Users/dawid/Library/Mobile Documents/com~apple~CloudDocs/Dokumenty/Publikacje własne/Manuscripts/Quantum_interference/data/P1-C45_nagniat.sur,417.9928600800222,810.0000000000001,809.0,532.0,655289.9999999508,Steel C45,C45,hybrid,256,256,3.0000000000000004,3,P1,P1-C45_nagniat,area,Burnishing,nagniat,simple
690.7681853412472,5185.610777344909,5352.809007024925,916.8818934441999,7146.173032652967,7452.142131531978,7710.004758412774,83837.1018021227,131214.74393826575,0.0,0.0,-4494.8425920036625,-4662.040821683679,-6229.291139208766,-6535.260238087778,-76127.09704370995,-123504.73917985296,0.0,0.0,/Users/dawid/Library/Mobile Documents/com~apple~CloudDocs/Dokumenty/Publikacje własne/Manuscripts/Quantum_interference/data/P1-C45_t_zgrubne.sur,7166.229771789065,810.0000000000001,809.0,532.0,655289.9999999508,Steel C45,C45,classical,256,256,3.0000000000000004,0,P1,P1-C45_t_zgrubne,area,Turning (roughing),t_zgrubne,simple
5218.777188267158,5185.610777344909,5352.809007024925,7173.125717106555,7146.173032652967,7452.142131531978,83894.22213665333,83837.1018021227,131214.74393826575,0.0,0.0,33.16641092224764,-134.0318187577683,26.952684453588482,-279.01641442542297,57.120334530618834,-47320.52180161242,0.0,0.0,/Users/dawid/Library/Mobile Documents/com~apple~CloudDocs/Dokumenty/Publikacje własne/Manuscripts/Quantum_interference/data/P1-C45_t_zgrubne.sur,708.1481384087325,810.0000000000001,809.0,532.0,655289.9999999508,Steel C45,C45,quantum_like,256,256,3.0000000000000004,0,P1,P1-C45_t_zgrubne,area,Turning (roughing),t_zgrubne,simple
4591.934167534493,5185.610777344909,5352.809007024925,6420.87896697421,7146.173032652967,7452.142131531978,64143.21288496527,83837.1018021227,131214.74393826575,0.0,0.0,-593.6766098104166,-760.8748394904326,-725.2940656787567,-1031.2631645577683,-19693.88891715744,-67071.53105330048,0.0,0.0,/Users/dawid/Library/Mobile Documents/com~apple~CloudDocs/Dokumenty/Publikacje własne/Manuscripts/Quantum_interference/data/P1-C45_t_zgrubne.sur,1884.645936976196,810.0000000000001,809.0,532.0,655289.9999999508,Steel C45,C45,hybrid,256,256,3.0000000000000004,0,P1,P1-C45_t_zgrubne,area,Turning (roughing),t_zgrubne,simple
690.3118870888444,5185.610777344909,5352.809007024925,919.0217699055731,7146.173032652967,7452.142131531978,7719.250348376785,83837.1018021227,131214.74393826575,0.0,0.0,-4495.298890256065,-4662.497119936081,-6227.151262747394,-6533.120361626406,-76117.85145374593,-123495.49358988895,0.0,0.0,/Users/dawid/Library/Mobile Documents/com~apple~CloudDocs/Dokumenty/Publikacje własne/Manuscripts/Quantum_interference/data/P1-C45_t_zgrubne.sur,7167.745160597085,810.0000000000001,809.0,532.0,655289.9999999508,Steel C45,C45,classical,256,256,3.0000000000000004,1,P1,P1-C45_t_zgrubne,area,Turning (roughing),t_zgrubne,simple
5223.902306170076,5185.610777344909,5352.809007024925,7181.365151822582,7146.173032652967,7452.142131531978,84143.41085451952,83837.1018021227,131214.74393826575,0.0,0.0,38.29152882516668,-128.90670085484928,35.1921191696158,-270.7769797093956,306.30905239681306,-47071.33308374622,0.0,0.0,/Users/dawid/Library/Mobile Documents/com~apple~CloudDocs/Dokumenty/Publikacje własne/Manuscripts/Quantum_interference/data/P1-C45_t_zgrubne.sur,717.2560209108245,810.0000000000001,809.0,532.0,655289.9999999508,Steel C45,C45,quantum_like,256,256,3.0000000000000004,1,P1,P1-C45_t_zgrubne,area,Turning (roughing),t_zgrubne,simple
4591.555889060015,5185.610777344909,5352.809007024925,6423.391522589817,7146.173032652967,7452.142131531978,64152.12488255226,83837.1018021227,131214.74393826575,0.0,0.0,-594.0548882848942,-761.2531179649102,-722.781510063149,-1028.7506089421604,-19684.97691957045,-67062.61905571348,0.0,0.0,/Users/dawid/Library/Mobile Documents/com~apple~CloudDocs/Dokumenty/Publikacje własne/Manuscripts/Quantum_interference/data/P1-C45_t_zgrubne.sur,1879.2381175486275,810.0000000000001,809.0,532.0,655289.9999999508,Steel C45,C45,hybrid,256,256,3.0000000000000004,1,P1,P1-C45_t_zgrubne,area,Turning (roughing),t_zgrubne,simple
697.5430588297156,5185.610777344909,5352.809007024925,925.1811292829577,7146.173032652967,7452.142131531978,7273.531364218709,83837.1018021227,131214.74393826575,0.0,0.0,-4488.067718515194,-4655.2659481952105,-6220.991903370009,-6526.961002249021,-76563.57043790401,-123941.21257404704,0.0,0.0,/Users/dawid/Library/Mobile Documents/com~apple~CloudDocs/Dokumenty/Publikacje własne/Manuscripts/Quantum_interference/data/P1-C45_t_zgrubne.sur,7176.658356163954,810.0000000000001,809.0,532.0,655289.9999999508,Steel C45,C45,classical,256,256,3.0000000000000004,2,P1,P1-C45_t_zgrubne,area,Turning (roughing),t_zgrubne,simple
5223.772779832544,5185.610777344909,5352.809007024925,7183.420379787118,7146.173032652967,7452.142131531978,83746.82392976376,83837.1018021227,131214.74393826575,0.0,0.0,38.16200248763425,-129.0362271923817,37.247347134151546,-268.7217517448599,-90.2778723589463,-47467.920008501984,0.0,0.0,/Users/dawid/Library/Mobile Documents/com~apple~CloudDocs/Dokumenty/Publikacje własne/Manuscripts/Quantum_interference/data/P1-C45_t_zgrubne.sur,708.840337804379,810.0000000000001,809.0,532.0,655289.9999999508,Steel C45,C45,quantum_like,256,256,3.0000000000000004,2,P1,P1-C45_t_zgrubne,area,Turning (roughing),t_zgrubne,simple
4594.899732501209,5185.610777344909,5352.809007024925,6426.673062907965,7146.173032652967,7452.142131531978,64434.56963470552,83837.1018021227,131214.74393826575,0.0,0.0,-590.7110448437006,-757.9092745237166,-719.4999697450017,-1025.4690686240133,-19402.53216741719,-66780.17430356023,0.0,0.0,/Users/dawid/Library/Mobile Documents/com~apple~CloudDocs/Dokumenty/Publikacje własne/Manuscripts/Quantum_interference/data/P1-C45_t_zgrubne.sur,1877.405703734213,810.0000000000001,809.0,532.0,655289.9999999508,Steel C45,C45,hybrid,256,256,3.0000000000000004,2,P1,P1-C45_t_zgrubne,area,Turning (roughing),t_zgrubne,simple
698.7988012522816,5185.610777344909,5352.809007024925,925.3641287295023,7146.173032652967,7452.142131531978,7527.112504304442,83837.1018021227,131214.74393826575,0.0,0.0,-4486.811976092628,-4654.010205772644,-6220.808903923465,-6526.778002802476,-76309.98929781828,-123687.6314339613,0.0,0.0,/Users/dawid/Library/Mobile Documents/com~apple~CloudDocs/Dokumenty/Publikacje własne/Manuscripts/Quantum_interference/data/P1-C45_t_zgrubne.sur,7165.656716368398,810.0000000000001,809.0,532.0,655289.9999999508,Steel C45,C45,classical,256,256,3.0000000000000004,3,P1,P1-C45_t_zgrubne,area,Turning (roughing),t_zgrubne,simple
5216.810419011956,5185.610777344909,5352.809007024925,7168.665138446685,7146.173032652967,7452.142131531978,82840.53767346653,83837.1018021227,131214.74393826575,0.0,0.0,31.199641667045736,-135.9985880129702,22.49210579371884,-283.47699308529263,-996.5641286561848,-48374.20626479922,0.0,0.0,/Users/dawid/Library/Mobile Documents/com~apple~CloudDocs/Dokumenty/Publikacje własne/Manuscripts/Quantum_interference/data/P1-C45_t_zgrubne.sur,715.0834605203052,810.0000000000001,809.0,532.0,655289.9999999508,Steel C45,C45,quantum_like,256,256,3.0000000000000004,3,P1,P1-C45_t_zgrubne,area,Turning (roughing),t_zgrubne,simple
4589.404083172972,5185.610777344909,5352.809007024925,6416.046983892968,7146.173032652967,7452.142131531978,64538.80302722344,83837.1018021227,131214.74393826575,0.0,0.0,-596.2066941719378,-763.4049238519538,-730.1260487599991,-1036.0951476390105,-19298.298774899275,-66675.94091104231,0.0,0.0,/Users/dawid/Library/Mobile Documents/com~apple~CloudDocs/Dokumenty/Publikacje własne/Manuscripts/Quantum_interference/data/P1-C45_t_zgrubne.sur,1888.7097323803894,810.0000000000001,809.0,532.0,655289.9999999508,Steel C45,C45,hybrid,256,256,3.0000000000000004,3,P1,P1-C45_t_zgrubne,area,Turning (roughing),t_zgrubne,simple
698.9788469197288,81448.3135018408,164445.50446808158,926.9263645099165,112903.87193262373,259806.01315388278,9192.073091348444,4583764.4006710155,14845451.98272266,0.0,0.0,-80749.33465492108,-163746.52562116185,-111976.9455681138,-258879.0867893729,-4574572.327579666,-14836259.909631312,0.0,0.0,/Users/dawid/Library/Mobile Documents/com~apple~CloudDocs/Dokumenty/Publikacje własne/Manuscripts/Quantum_interference/data/P1-C45_wedm_wyk.sur,112796.47814577357,810.0000000000001,809.0,532.0,655289.9999999508,Steel C45,C45,classical,256,256,3.0000000000000004,0,P1,P1-C45_wedm_wyk,area,Wire EDM (finishing),wedm_wyk,simple
488128.01174841746,81448.3135018408,164445.50446808158,639093.8915938586,112903.87193262373,259806.01315388278,4887194.893155641,4583764.4006710155,14845451.98272266,0.0,0.0,406679.69824657665,323682.5072803358,526190.0196612348,379287.87843997584,303430.4924846255,-9958257.08956702,0.0,0.0,/Users/dawid/Library/Mobile Documents/com~apple~CloudDocs/Dokumenty/Publikacje własne/Manuscripts/Quantum_interference/data/P1-C45_wedm_wyk.sur,634343.7741278235,810.0000000000001,809.0,532.0,655289.9999999508,Steel C45,C45,quantum_like,256,256,3.0000000000000004,0,P1,P1-C45_wedm_wyk,area,Wire EDM (finishing),wedm_wyk,simple
295044.83765152836,81448.3135018408,164445.50446808158,359121.77966722706,112903.87193262373,259806.01315388278,2775816.186139782,4583764.4006710155,14845451.98272266,0.0,0.0,213596.52414968758,130599.3331834468,246217.90773460333,99315.76651334428,-1807948.2145312333,-12069635.796582878,0.0,0.0,/Users/dawid/Library/Mobile Documents/com~apple~CloudDocs/Dokumenty/Publikacje własne/Manuscripts/Quantum_interference/data/P1-C45_wedm_wyk.sur,359217.6771452402,810.0000000000001,809.0,532.0,655289.9999999508,Steel C45,C45,hybrid,256,256,3.0000000000000004,0,P1,P1-C45_wedm_wyk,area,Wire EDM (finishing),wedm_wyk,simple
697.2183445846176,81448.3135018408,164445.50446808158,923.0683990813402,112903.87193262373,259806.01315388278,9192.676136798878,4583764.4006710155,14845451.98272266,0.0,0.0,-80751.09515725618,-163748.28612349695,-111980.80353354239,-258882.94475480146,-4574571.724534216,-14836259.306585861,0.0,0.0,/Users/dawid/Library/Mobile Documents/com~apple~CloudDocs/Dokumenty/Publikacje własne/Manuscripts/Quantum_interference/data/P1-C45_wedm_wyk.sur,112795.84907402076,810.0000000000001,809.0,532.0,655289.9999999508,Steel C45,C45,classical,256,256,3.0000000000000004,1,P1,P1-C45_wedm_wyk,area,Wire EDM (finishing),wedm_wyk,simple
486091.3455215337,81448.3135018408,164445.50446808158,636054.5864783644,112903.87193262373,259806.01315388278,4908901.391893279,4583764.4006710155,14845451.98272266,0.0,0.0,404643.0320196929,321645.8410534521,523150.71454574075,376248.5733244816,325136.9912222633,-9936550.590829382,0.0,0.0,/Users/dawid/Library/Mobile Documents/com~apple~CloudDocs/Dokumenty/Publikacje własne/Manuscripts/Quantum_interference/data/P1-C45_wedm_wyk.sur,632558.9747543779,810.0000000000001,809.0,532.0,655289.9999999508,Steel C45,C45,quantum_like,256,256,3.0000000000000004,1,P1,P1-C45_wedm_wyk,area,Wire EDM (finishing),wedm_wyk,simple
287734.95424542594,81448.3135018408,164445.50446808158,350794.35361461155,112903.87193262373,259806.01315388278,2676181.964757666,4583764.4006710155,14845451.98272266,0.0,0.0,206286.64074358513,123289.44977734436,237890.4816819878,90988.34046072875,-1907582.4359133493,-12169270.017964995,0.0,0.0,/Users/dawid/Library/Mobile Documents/com~apple~CloudDocs/Dokumenty/Publikacje własne/Manuscripts/Quantum_interference/data/P1-C45_wedm_wyk.sur,353273.5894483249,810.0000000000001,809.0,532.0,655289.9999999508,Steel C45,C45,hybrid,256,256,3.0000000000000004,1,P1,P1-C45_wedm_wyk,area,Wire EDM (finishing),wedm_wyk,simple
696.9882019825035,81448.3135018408,164445.50446808158,923.8009586230471,112903.87193262373,259806.01315388278,8928.152431055241,4583764.4006710155,14845451.98272266,0.0,0.0,-80751.3252998583,-163748.5162660991,-111980.07097400069,-258882.21219525972,-4574836.2482399605,-14836523.830291605,0.0,0.0,/Users/dawid/Library/Mobile Documents/com~apple~CloudDocs/Dokumenty/Publikacje własne/Manuscripts/Quantum_interference/data/P1-C45_wedm_wyk.sur,112805.10806730198,810.0000000000001,809.0,532.0,655289.9999999508,Steel C45,C45,classical,256,256,3.0000000000000004,2,P1,P1-C45_wedm_wyk,area,Wire EDM (finishing),wedm_wyk,simple
482520.84032545023,81448.3135018408,164445.50446808158,632571.0180451972,112903.87193262373,259806.01315388278,4841780.23192558,4583764.4006710155,14845451.98272266,0.0,0.0,401072.5268236094,318075.33585736866,519667.14611257357,372765.0048913145,258015.83125456463,-10003671.750797082,0.0,0.0,/Users/dawid/Library/Mobile Documents/com~apple~CloudDocs/Dokumenty/Publikacje własne/Manuscripts/Quantum_interference/data/P1-C45_wedm_wyk.sur,634800.8621026376,810.0000000000001,809.0,532.0,655289.9999999508,Steel C45,C45,quantum_like,256,256,3.0000000000000004,2,P1,P1-C45_wedm_wyk,area,Wire EDM (finishing),wedm_wyk,simple
285517.1792944717,81448.3135018408,164445.50446808158,344006.1339652503,112903.87193262373,259806.01315388278,2509791.288554223,4583764.4006710155,14845451.98272266,0.0,0.0,204068.86579263088,121071.6748263901,231102.26203262658,84200.12081136751,-2073973.1121167922,-12335660.694168437,0.0,0.0,/Users/dawid/Library/Mobile Documents/com~apple~CloudDocs/Dokumenty/Publikacje własne/Manuscripts/Quantum_interference/data/P1-C45_wedm_wyk.sur,356821.1567302313,810.0000000000001,809.0,532.0,655289.9999999508,Steel C45,C45,hybrid,256,256,3.0000000000000004,2,P1,P1-C45_wedm_wyk,area,Wire EDM (finishing),wedm_wyk,simple
698.5294680782615,81448.3135018408,164445.50446808158,925.5419869083693,112903.87193262373,259806.01315388278,8923.256202272676,4583764.4006710155,14845451.98272266,0.0,0.0,-80749.78403376254,-163746.97500000332,-111978.32994571536,-258880.47116697443,-4574841.144468742,-14836528.72652039,0.0,0.0,/Users/dawid/Library/Mobile Documents/com~apple~CloudDocs/Dokumenty/Publikacje własne/Manuscripts/Quantum_interference/data/P1-C45_wedm_wyk.sur,112797.5025798621,810.0000000000001,809.0,532.0,655289.9999999508,Steel C45,C45,classical,256,256,3.0000000000000004,3,P1,P1-C45_wedm_wyk,area,Wire EDM (finishing),wedm_wyk,simple
486269.66698945774,81448.3135018408,164445.50446808158,633110.0019272933,112903.87193262373,259806.01315388278,5005403.945042572,4583764.4006710155,14845451.98272266,0.0,0.0,404821.353487617,321824.1625213762,520206.1299946696,373303.9887734105,421639.5443715571,-9840048.03768009,0.0,0.0,/Users/dawid/Library/Mobile Documents/com~apple~CloudDocs/Dokumenty/Publikacje własne/Manuscripts/Quantum_interference/data/P1-C45_wedm_wyk.sur,629859.0059804615,810.0000000000001,809.0,532.0,655289.9999999508,Steel C45,C45,quantum_like,256,256,3.0000000000000004,3,P1,P1-C45_wedm_wyk,area,Wire EDM (finishing),wedm_wyk,simple
289374.48877937463,81448.3135018408,164445.50446808158,352392.17496404174,112903.87193262373,259806.01315388278,2552040.665079476,4583764.4006710155,14845451.98272266,0.0,0.0,207926.17527753382,124928.98431129304,239488.30303141798,92586.16181015894,-2031723.7355915392,-12293411.317643184,0.0,0.0,/Users/dawid/Library/Mobile Documents/com~apple~CloudDocs/Dokumenty/Publikacje własne/Manuscripts/Quantum_interference/data/P1-C45_wedm_wyk.sur,355257.39058533474,810.0000000000001,809.0,532.0,655289.9999999508,Steel C45,C45,hybrid,256,256,3.0000000000000004,3,P1,P1-C45_wedm_wyk,area,Wire EDM (finishing),wedm_wyk,simple
727.92450377729,3569.9070838506477,4474.643435891885,959.9544597041103,5003.580066908198,6990.219229140815,8506.736553824676,155206.2258000693,233363.97390964086,0.0,0.0,-2841.9825800733574,-3746.7189321145947,-4043.6256072040874,-6030.264769436705,-146699.48924624463,-224857.23735581618,0.0,0.0,/Users/dawid/Library/Mobile Documents/com~apple~CloudDocs/Dokumenty/Publikacje własne/Manuscripts/Quantum_interference/data/P1-C45_wedm_zgru_1prz.sur,5133.606400266855,810.0000000000001,809.0,532.0,655289.9999999508,Steel C45,C45,classical,256,256,3.0000000000000004,0,P1,P1-C45_wedm_zgru_1prz,area,Wire EDM (roughing),wedm_zgru_1prz,simple
3629.1194981439385,3569.9070838506477,4474.643435891885,5066.545659594133,5003.580066908198,6990.219229140815,155914.35104632884,155206.2258000693,233363.97390964086,0.0,0.0,59.212414293290806,-845.5239377479463,62.96559268593468,-1923.6735695466818,708.1252462595245,-77449.62286331203,0.0,0.0,/Users/dawid/Library/Mobile Documents/com~apple~CloudDocs/Dokumenty/Publikacje własne/Manuscripts/Quantum_interference/data/P1-C45_wedm_zgru_1prz.sur,714.3801003185307,810.0000000000001,809.0,532.0,655289.9999999508,Steel C45,C45,quantum_like,256,256,3.0000000000000004,0,P1,P1-C45_wedm_zgru_1prz,area,Wire EDM (roughing),wedm_zgru_1prz,simple
1959.3537333925515,3569.9070838506477,4474.643435891885,2659.8246116040937,5003.580066908198,6990.219229140815,38368.91396055476,155206.2258000693,233363.97390964086,0.0,0.0,-1610.553350458096,-2515.289702499333,-2343.7554553041045,-4330.394617536721,-116837.31183951454,-194995.0599490861,0.0,0.0,/Users/dawid/Library/Mobile Documents/com~apple~CloudDocs/Dokumenty/Publikacje własne/Manuscripts/Quantum_interference/data/P1-C45_wedm_zgru_1prz.sur,3466.722803117882,810.0000000000001,809.0,532.0,655289.9999999508,Steel C45,C45,hybrid,256,256,3.0000000000000004,0,P1,P1-C45_wedm_zgru_1prz,area,Wire EDM (roughing),wedm_zgru_1prz,simple
734.3838882225757,3569.9070838506477,4474.643435891885,964.129218772747,5003.580066908198,6990.219229140815,8006.396919160746,155206.2258000693,233363.97390964086,0.0,0.0,-2835.523195628072,-3740.2595476693086,-4039.450848135451,-6026.090010368068,-147199.82888090855,-225357.5769904801,0.0,0.0,/Users/dawid/Library/Mobile Documents/com~apple~CloudDocs/Dokumenty/Publikacje własne/Manuscripts/Quantum_interference/data/P1-C45_wedm_zgru_1prz.sur,5135.327207013617,810.0000000000001,809.0,532.0,655289.9999999508,Steel C45,C45,classical,256,256,3.0000000000000004,1,P1,P1-C45_wedm_zgru_1prz,area,Wire EDM (roughing),wedm_zgru_1prz,simple
3607.755524844207,3569.9070838506477,4474.643435891885,5035.875475123619,5003.580066908198,6990.219229140815,156905.15733345013,155206.2258000693,233363.97390964086,0.0,0.0,37.848440993559315,-866.8879110476778,32.295408215420764,-1954.3437540171958,1698.9315333808242,-76458.81657619073,0.0,0.0,/Users/dawid/Library/Mobile Documents/com~apple~CloudDocs/Dokumenty/Publikacje własne/Manuscripts/Quantum_interference/data/P1-C45_wedm_zgru_1prz.sur,705.1805557970132,810.0000000000001,809.0,532.0,655289.9999999508,Steel C45,C45,quantum_like,256,256,3.0000000000000004,1,P1,P1-C45_wedm_zgru_1prz,area,Wire EDM (roughing),wedm_zgru_1prz,simple
1951.341043277056,3569.9070838506477,4474.643435891885,2645.693937302703,5003.580066908198,6990.219229140815,37835.39887881039,155206.2258000693,233363.97390964086,0.0,0.0,-1618.5660405735914,-2523.3023926148285,-2357.886129605495,-4344.525291838111,-117370.82692125892,-195528.57503083049,0.0,0.0,/Users/dawid/Library/Mobile Documents/com~apple~CloudDocs/Dokumenty/Publikacje własne/Manuscripts/Quantum_interference/data/P1-C45_wedm_zgru_1prz.sur,3471.927976016011,810.0000000000001,809.0,532.0,655289.9999999508,Steel C45,C45,hybrid,256,256,3.0000000000000004,1,P1,P1-C45_wedm_zgru_1prz,area,Wire EDM (roughing),wedm_zgru_1prz,simple
722.0381536852666,3569.9070838506477,4474.643435891885,947.2355111658418,5003.580066908198,6990.219229140815,7811.887660549272,155206.2258000693,233363.97390964086,0.0,0.0,-2847.8689301653812,-3752.605282206618,-4056.344555742356,-6042.983717974973,-147394.33813952003,-225552.0862490916,0.0,0.0,/Users/dawid/Library/Mobile Documents/com~apple~CloudDocs/Dokumenty/Publikacje własne/Manuscripts/Quantum_interference/data/P1-C45_wedm_zgru_1prz.sur,5128.332644223729,810.0000000000001,809.0,532.0,655289.9999999508,Steel C45,C45,classical,256,256,3.0000000000000004,2,P1,P1-C45_wedm_zgru_1prz,area,Wire EDM (roughing),wedm_zgru_1prz,simple
3623.582152888291,3569.9070838506477,4474.643435891885,5120.6491633198175,5003.580066908198,6990.219229140815,154706.30554303186,155206.2258000693,233363.97390964086,0.0,0.0,53.67506903764352,-851.0612830035935,117.06909641161971,-1869.570065820997,-499.92025703745344,-78657.66836660901,0.0,0.0,/Users/dawid/Library/Mobile Documents/com~apple~CloudDocs/Dokumenty/Publikacje własne/Manuscripts/Quantum_interference/data/P1-C45_wedm_zgru_1prz.sur,738.1084269499668,810.0000000000001,809.0,532.0,655289.9999999508,Steel C45,C45,quantum_like,256,256,3.0000000000000004,2,P1,P1-C45_wedm_zgru_1prz,area,Wire EDM (roughing),wedm_zgru_1prz,simple
1961.7937572805997,3569.9070838506477,4474.643435891885,2689.593600159238,5003.580066908198,6990.219229140815,39563.23970544833,155206.2258000693,233363.97390964086,0.0,0.0,-1608.1133265700478,-2512.849678611285,-2313.98646674896,-4300.6256289815765,-115642.98609462097,-193800.73420419253,0.0,0.0,/Users/dawid/Library/Mobile Documents/com~apple~CloudDocs/Dokumenty/Publikacje własne/Manuscripts/Quantum_interference/data/P1-C45_wedm_zgru_1prz.sur,3460.8818341892656,810.0000000000001,809.0,532.0,655289.9999999508,Steel C45,C45,hybrid,256,256,3.0000000000000004,2,P1,P1-C45_wedm_zgru_1prz,area,Wire EDM (roughing),wedm_zgru_1prz,simple
721.7504564529354,3569.9070838506477,4474.643435891885,952.9600953775196,5003.580066908198,6990.219229140815,8496.647677475883,155206.2258000693,233363.97390964086,0.0,0.0,-2848.156627397712,-3752.892979438949,-4050.6199715306784,-6037.259133763295,-146709.5781225934,-224867.32623216495,0.0,0.0,/Users/dawid/Library/Mobile Documents/com~apple~CloudDocs/Dokumenty/Publikacje własne/Manuscripts/Quantum_interference/data/P1-C45_wedm_zgru_1prz.sur,5132.049277129981,810.0000000000001,809.0,532.0,655289.9999999508,Steel C45,C45,classical,256,256,3.0000000000000004,3,P1,P1-C45_wedm_zgru_1prz,area,Wire EDM (roughing),wedm_zgru_1prz,simple
3615.4050129149296,3569.9070838506477,4474.643435891885,5050.281813019384,5003.580066908198,6990.219229140815,153721.73908333783,155206.2258000693,233363.97390964086,0.0,0.0,45.497929064282,-859.2384229769551,46.70174611118503,-1939.9374161214316,-1484.4867167314812,-79642.23482630304,0.0,0.0,/Users/dawid/Library/Mobile Documents/com~apple~CloudDocs/Dokumenty/Publikacje własne/Manuscripts/Quantum_interference/data/P1-C45_wedm_zgru_1prz.sur,704.9622191628247,810.0000000000001,809.0,532.0,655289.9999999508,Steel C45,C45,quantum_like,256,256,3.0000000000000004,3,P1,P1-C45_wedm_zgru_1prz,area,Wire EDM (roughing),wedm_zgru_1prz,simple
1950.7550068507749,3569.9070838506477,4474.643435891885,2649.164541322586,5003.580066908198,6990.219229140815,37839.68531278821,155206.2258000693,233363.97390964086,0.0,0.0,-1619.1520769998726,-2523.8884290411097,-2354.415525585612,-4341.054687818229,-117366.54048728109,-195524.28859685265,0.0,0.0,/Users/dawid/Library/Mobile Documents/com~apple~CloudDocs/Dokumenty/Publikacje własne/Manuscripts/Quantum_interference/data/P1-C45_wedm_zgru_1prz.sur,3469.2473148273584,810.0000000000001,809.0,532.0,655289.9999999508,Steel C45,C45,hybrid,256,256,3.0000000000000004,3,P1,P1-C45_wedm_zgru_1prz,area,Wire EDM (roughing),wedm_zgru_1prz,simple
137.6144485964953,20.57608432054199,27.297418640221498,192.51951877611688,31.732911762796896,52.32595042339795,1862.5347144653758,644.9031710672818,1708.9317205210828,0.0,0.0,117.03836427595331,110.3170299562738,160.78660701331998,140.19356835271893,1217.631543398094,153.60299394429313,0.0,0.0,/Users/dawid/Library/Mobile Documents/com~apple~CloudDocs/Dokumenty/Publikacje własne/Manuscripts/Quantum_interference/data/P1-ELLOR_frez_wyk.sur,191.85793992704674,810.0000000000001,809.0,532.0,655289.9999999508,Graphite,ELLOR,classical,256,256,3.0000000000000004,0,P1,P1-ELLOR_frez_wyk,area,Milling (finishing),frez_wyk,simple
569.2357150087029,20.57608432054199,27.297418640221498,713.4398572223627,31.732911762796896,52.32595042339795,6377.8261929929495,644.9031710672818,1708.9317205210828,0.0,0.0,548.659630688161,541.9382963684814,681.7069454595658,661.1139067989648,5732.923021925668,4668.894472471868,0.0,0.0,/Users/dawid/Library/Mobile Documents/com~apple~CloudDocs/Dokumenty/Publikacje własne/Manuscripts/Quantum_interference/data/P1-ELLOR_frez_wyk.sur,712.6719637611128,810.0000000000001,809.0,532.0,655289.9999999508,Graphite,ELLOR,quantum_like,256,256,3.0000000000000004,0,P1,P1-ELLOR_frez_wyk,area,Milling (finishing),frez_wyk,simple
133.50968939290087,20.57608432054199,27.297418640221498,155.29786768430242,31.732911762796896,52.32595042339795,1342.595164719022,644.9031710672818,1708.9317205210828,0.0,0.0,112.93360507235887,106.21227075267934,123.56495592150551,102.97191726090448,697.6919936517402,-366.33655580206073,0.0,0.0,/Users/dawid/Library/Mobile Documents/com~apple~CloudDocs/Dokumenty/Publikacje własne/Manuscripts/Quantum_interference/data/P1-ELLOR_frez_wyk.sur,156.56715921498252,810.0000000000001,809.0,532.0,655289.9999999508,Graphite,ELLOR,hybrid,256,256,3.0000000000000004,0,P1,P1-ELLOR_frez_wyk,area,Milling (finishing),frez_wyk,simple
152.14468931722357,20.57608432054199,27.297418640221498,203.83560685090123,31.732911762796896,52.32595042339795,1760.2561378234948,644.9031710672818,1708.9317205210828,0.0,0.0,131.5686049966816,124.84727067700207,172.10269508810433,151.50965642750327,1115.3529667562127,51.32441730241193,0.0,0.0,/Users/dawid/Library/Mobile Documents/com~apple~CloudDocs/Dokumenty/Publikacje własne/Manuscripts/Quantum_interference/data/P1-ELLOR_frez_wyk.sur,203.36775527584265,810.0000000000001,809.0,532.0,655289.9999999508,Graphite,ELLOR,classical,256,256,3.0000000000000004,1,P1,P1-ELLOR_frez_wyk,area,Milling (finishing),frez_wyk,simple
567.8357723310379,20.57608432054199,27.297418640221498,711.582754135183,31.732911762796896,52.32595042339795,6231.412231539646,644.9031710672818,1708.9317205210828,0.0,0.0,547.2596880104959,540.5383536908164,679.8498423723861,659.2568037117851,5586.509060472365,4522.480511018564,0.0,0.0,/Users/dawid/Library/Mobile Documents/com~apple~CloudDocs/Dokumenty/Publikacje własne/Manuscripts/Quantum_interference/data/P1-ELLOR_frez_wyk.sur,711.0548014457064,810.0000000000001,809.0,532.0,655289.9999999508,Graphite,ELLOR,quantum_like,256,256,3.0000000000000004,1,P1,P1-ELLOR_frez_wyk,area,Milling (finishing),frez_wyk,simple
135.4525343571655,20.57608432054199,27.297418640221498,156.7554940388869,31.732911762796896,52.32595042339795,1248.1673362301349,644.9031710672818,1708.9317205210828,0.0,0.0,114.8764500366235,108.15511571694398,125.02258227608998,104.42954361548894,603.264165162853,-460.7643842909479,0.0,0.0,/Users/dawid/Library/Mobile Documents/com~apple~CloudDocs/Dokumenty/Publikacje własne/Manuscripts/Quantum_interference/data/P1-ELLOR_frez_wyk.sur,158.30826321061366,810.0000000000001,809.0,532.0,655289.9999999508,Graphite,ELLOR,hybrid,256,256,3.0000000000000004,1,P1,P1-ELLOR_frez_wyk,area,Milling (finishing),frez_wyk,simple
153.24987066142586,20.57608432054199,27.297418640221498,203.2760296452733,31.732911762796896,52.32595042339795,1758.6038231861583,644.9031710672818,1708.9317205210828,0.0,0.0,132.67378634088385,125.95245202120435,171.5431178824764,150.95007922187534,1113.7006521188764,49.6721026650756,0.0,0.0,/Users/dawid/Library/Mobile Documents/com~apple~CloudDocs/Dokumenty/Publikacje własne/Manuscripts/Quantum_interference/data/P1-ELLOR_frez_wyk.sur,202.85743585957007,810.0000000000001,809.0,532.0,655289.9999999508,Graphite,ELLOR,classical,256,256,3.0000000000000004,2,P1,P1-ELLOR_frez_wyk,area,Milling (finishing),frez_wyk,simple
562.5039768837584,20.57608432054199,27.297418640221498,704.2501537218996,31.732911762796896,52.32595042339795,5946.767275152136,644.9031710672818,1708.9317205210828,0.0,0.0,541.9278925632163,535.2065582435368,672.5172419591026,651.9242032985017,5301.864104084854,4237.835554631053,0.0,0.0,/Users/dawid/Library/Mobile Documents/com~apple~CloudDocs/Dokumenty/Publikacje własne/Manuscripts/Quantum_interference/data/P1-ELLOR_frez_wyk.sur,703.6701432530144,810.0000000000001,809.0,532.0,655289.9999999508,Graphite,ELLOR,quantum_like,256,256,3.0000000000000004,2,P1,P1-ELLOR_frez_wyk,area,Milling (finishing),frez_wyk,simple
126.56631458097762,20.57608432054199,27.297418640221498,156.29077438257352,31.732911762796896,52.32595042339795,1411.3755948424366,644.9031710672818,1708.9317205210828,0.0,0.0,105.99023026043564,99.26889594075611,124.55786261977663,103.96482395917558,766.4724237751548,-297.5561256786461,0.0,0.0,/Users/dawid/Library/Mobile Documents/com~apple~CloudDocs/Dokumenty/Publikacje własne/Manuscripts/Quantum_interference/data/P1-ELLOR_frez_wyk.sur,157.72717552514257,810.0000000000001,809.0,532.0,655289.9999999508,Graphite,ELLOR,hybrid,256,256,3.0000000000000004,2,P1,P1-ELLOR_frez_wyk,area,Milling (finishing),frez_wyk,simple
152.48385155817624,20.57608432054199,27.297418640221498,203.5541280663335,31.732911762796896,52.32595042339795,1541.6870293209151,644.9031710672818,1708.9317205210828,0.0,0.0,131.90776723763423,125.18643291795472,171.8212163035366,151.22817764293555,896.7838582536334,-167.24469120016752,0.0,0.0,/Users/dawid/Library/Mobile Documents/com~apple~CloudDocs/Dokumenty/Publikacje własne/Manuscripts/Quantum_interference/data/P1-ELLOR_frez_wyk.sur,203.5669103023273,810.0000000000001,809.0,532.0,655289.9999999508,Graphite,ELLOR,classical,256,256,3.0000000000000004,3,P1,P1-ELLOR_frez_wyk,area,Milling (finishing),frez_wyk,simple
571.6318663914235,20.57608432054199,27.297418640221498,716.5023278273432,31.732911762796896,52.32595042339795,6250.626511734913,644.9031710672818,1708.9317205210828,0.0,0.0,551.0557820708815,544.334447751202,684.7694160645462,664.1763774039453,5605.723340667631,4541.69479121383,0.0,0.0,/Users/dawid/Library/Mobile Documents/com~apple~CloudDocs/Dokumenty/Publikacje własne/Manuscripts/Quantum_interference/data/P1-ELLOR_frez_wyk.sur,715.5623173274515,810.0000000000001,809.0,532.0,655289.9999999508,Graphite,ELLOR,quantum_like,256,256,3.0000000000000004,3,P1,P1-ELLOR_frez_wyk,area,Milling (finishing),frez_wyk,simple
143.0466858854334,20.57608432054199,27.297418640221498,157.19826166073938,31.732911762796896,52.32595042339795,1332.4025755952366,644.9031710672818,1708.9317205210828,0.0,0.0,122.4706015648914,115.74926724521188,125.46534989794247,104.87231123734144,687.4994045279548,-376.52914492584614,0.0,0.0,/Users/dawid/Library/Mobile Documents/com~apple~CloudDocs/Dokumenty/Publikacje własne/Manuscripts/Quantum_interference/data/P1-ELLOR_frez_wyk.sur,158.12191263898725,810.0000000000001,809.0,532.0,655289.9999999508,Graphite,ELLOR,hybrid,256,256,3.0000000000000004,3,P1,P1-ELLOR_frez_wyk,area,Milling (finishing),frez_wyk,simple
0.19834202497093162,0.01334088396177543,0.01663394778151025,0.24890971903156378,0.020928418299710188,0.02991984577749072,2.130595323799696,0.3789701745965676,0.8378487410273452,0.0,0.0,0.18500114100915618,0.18170807718942136,0.2279813007318536,0.21898987325407307,1.7516251492031283,1.2927465827723505,0.0,0.0,/Users/dawid/Library/Mobile Documents/com~apple~CloudDocs/Dokumenty/Publikacje własne/Manuscripts/Quantum_interference/data/P1-ELLOR_frez_zgr.sur,0.2480253377543832,810.0000000000001,809.0,532.0,655289.9999999508,Graphite,ELLOR,classical,256,256,3.0000000000000004,0,P1,P1-ELLOR_frez_zgr,area,Milling (roughing),frez_zgr,simple
561.6583402691454,0.01334088396177543,0.01663394778151025,705.043912319586,0.020928418299710188,0.02991984577749072,6232.9354746901,0.3789701745965676,0.8378487410273452,0.0,0.0,561.6449993851836,561.6417063213639,705.0229839012862,705.0139924738083,6232.556504515503,6232.097625949072,0.0,0.0,/Users/dawid/Library/Mobile Documents/com~apple~CloudDocs/Dokumenty/Publikacje własne/Manuscripts/Quantum_interference/data/P1-ELLOR_frez_zgr.sur,705.0439342973252,810.0000000000001,809.0,532.0,655289.9999999508,Graphite,ELLOR,quantum_like,256,256,3.0000000000000004,0,P1,P1-ELLOR_frez_zgr,area,Milling (roughing),frez_zgr,simple
116.57014275887664,0.01334088396177543,0.01663394778151025,154.1781935263097,0.020928418299710188,0.02991984577749072,1077.4865937751263,0.3789701745965676,0.8378487410273452,0.0,0.0,116.55680187491487,116.55350881109514,154.15726510801002,154.14827368053224,1077.1076236005297,1076.648745034099,0.0,0.0,/Users/dawid/Library/Mobile Documents/com~apple~CloudDocs/Dokumenty/Publikacje własne/Manuscripts/Quantum_interference/data/P1-ELLOR_frez_zgr.sur,154.17828980398403,810.0000000000001,809.0,532.0,655289.9999999508,Graphite,ELLOR,hybrid,256,256,3.0000000000000004,0,P1,P1-ELLOR_frez_zgr,area,Milling (roughing),frez_zgr,simple
0.19881869897330728,0.01334088396177543,0.01663394778151025,0.2490545989371759,0.020928418299710188,0.02991984577749072,1.9994716269502177,0.3789701745965676,0.8378487410273452,0.0,0.0,0.18547781501153185,0.18218475119179706,0.2281261806374657,0.21913475315968517,1.6205014523536503,1.1616228859228726,0.0,0.0,/Users/dawid/Library/Mobile Documents/com~apple~CloudDocs/Dokumenty/Publikacje własne/Manuscripts/Quantum_interference/data/P1-ELLOR_frez_zgr.sur,0.2481716165524294,810.0000000000001,809.0,532.0,655289.9999999508,Graphite,ELLOR,classical,256,256,3.0000000000000004,1,P1,P1-ELLOR_frez_zgr,area,Milling (roughing),frez_zgr,simple
564.8344353881813,0.01334088396177543,0.01663394778151025,706.0542896551137,0.020928418299710188,0.02991984577749072,6117.467144400931,0.3789701745965676,0.8378487410273452,0.0,0.0,564.8210945042194,564.8178014403998,706.033361236814,706.0243698093361,6117.088174226334,6116.629295659903,0.0,0.0,/Users/dawid/Library/Mobile Documents/com~apple~CloudDocs/Dokumenty/Publikacje własne/Manuscripts/Quantum_interference/data/P1-ELLOR_frez_zgr.sur,706.054397557953,810.0000000000001,809.0,532.0,655289.9999999508,Graphite,ELLOR,quantum_like,256,256,3.0000000000000004,1,P1,P1-ELLOR_frez_zgr,area,Milling (roughing),frez_zgr,simple
126.87559399176357,0.01334088396177543,0.01663394778151025,153.94570783096034,0.020928418299710188,0.02991984577749072,1070.293384884875,0.3789701745965676,0.8378487410273452,0.0,0.0,126.86225310780178,126.85896004398205,153.92477941266065,153.91578798518287,1069.9144147102786,1069.4555361438477,0.0,0.0,/Users/dawid/Library/Mobile Documents/com~apple~CloudDocs/Dokumenty/Publikacje własne/Manuscripts/Quantum_interference/data/P1-ELLOR_frez_zgr.sur,153.945886041206,810.0000000000001,809.0,532.0,655289.9999999508,Graphite,ELLOR,hybrid,256,256,3.0000000000000004,1,P1,P1-ELLOR_frez_zgr,area,Milling (roughing),frez_zgr,simple
0.1968727678485833,0.01334088396177543,0.01663394778151025,0.24718029980221548,0.020928418299710188,0.02991984577749072,2.2229303535742253,0.3789701745965676,0.8378487410273452,0.0,0.0,0.18353188388680786,0.18023882006707304,0.2262518815025053,0.21726045402472477,1.843960178977658,1.3850816125468803,0.0,0.0,/Users/dawid/Library/Mobile Documents/com~apple~CloudDocs/Dokumenty/Publikacje własne/Manuscripts/Quantum_interference/data/P1-ELLOR_frez_zgr.sur,0.24629576802553171,810.0000000000001,809.0,532.0,655289.9999999508,Graphite,ELLOR,classical,256,256,3.0000000000000004,2,P1,P1-ELLOR_frez_zgr,area,Milling (roughing),frez_zgr,simple
564.9656919860512,0.01334088396177543,0.01663394778151025,707.7153006011192,0.020928418299710188,0.02991984577749072,6437.507779630177,0.3789701745965676,0.8378487410273452,0.0,0.0,564.9523511020894,564.9490580382698,707.6943721828195,707.6853807553416,6437.128809455579,6436.669930889148,0.0,0.0,/Users/dawid/Library/Mobile Documents/com~apple~CloudDocs/Dokumenty/Publikacje własne/Manuscripts/Quantum_interference/data/P1-ELLOR_frez_zgr.sur,707.715297842925,810.0000000000001,809.0,532.0,655289.9999999508,Graphite,ELLOR,quantum_like,256,256,3.0000000000000004,2,P1,P1-ELLOR_frez_zgr,area,Milling (roughing),frez_zgr,simple
143.99522366277733,0.01334088396177543,0.01663394778151025,155.84695995117255,0.020928418299710188,0.02991984577749072,1331.2279905103474,0.3789701745965676,0.8378487410273452,0.0,0.0,143.98188277881556,143.97858971499582,155.82603153287283,155.81704010539505,1330.849020335751,1330.39014176932,0.0,0.0,/Users/dawid/Library/Mobile Documents/com~apple~CloudDocs/Dokumenty/Publikacje własne/Manuscripts/Quantum_interference/data/P1-ELLOR_frez_zgr.sur,155.84704495118172,810.0000000000001,809.0,532.0,655289.9999999508,Graphite,ELLOR,hybrid,256,256,3.0000000000000004,2,P1,P1-ELLOR_frez_zgr,area,Milling (roughing),frez_zgr,simple
0.20061382777030634,0.01334088396177543,0.01663394778151025,0.25115097280073934,0.020928418299710188,0.02991984577749072,2.196852543450552,0.3789701745965676,0.8378487410273452,0.0,0.0,0.1872729438085309,0.1839798799887961,0.23022255450102916,0.22123112702324862,1.8178823688539842,1.3590038024232065,0.0,0.0,/Users/dawid/Library/Mobile Documents/com~apple~CloudDocs/Dokumenty/Publikacje własne/Manuscripts/Quantum_interference/data/P1-ELLOR_frez_zgr.sur,0.2501692266938348,810.0000000000001,809.0,532.0,655289.9999999508,Graphite,ELLOR,classical,256,256,3.0000000000000004,3,P1,P1-ELLOR_frez_zgr,area,Milling (roughing),frez_zgr,simple
563.8820059889033,0.01334088396177543,0.01663394778151025,705.8167608239374,0.020928418299710188,0.02991984577749072,6220.955680188164,0.3789701745965676,0.8378487410273452,0.0,0.0,563.8686651049416,563.8653720411219,705.7958324056377,705.78684097816,6220.576710013566,6220.117831447136,0.0,0.0,/Users/dawid/Library/Mobile Documents/com~apple~CloudDocs/Dokumenty/Publikacje własne/Manuscripts/Quantum_interference/data/P1-ELLOR_frez_zgr.sur,705.8169037696107,810.0000000000001,809.0,532.0,655289.9999999508,Graphite,ELLOR,quantum_like,256,256,3.0000000000000004,3,P1,P1-ELLOR_frez_zgr,area,Milling (roughing),frez_zgr,simple
145.55542603770763,0.01334088396177543,0.01663394778151025,156.50265522833257,0.020928418299710188,0.02991984577749072,1329.594432927076,0.3789701745965676,0.8378487410273452,0.0,0.0,145.54208515374583,145.5387920899261,156.48172681003288,156.4727353825551,1329.2154627524794,1328.7565841860487,0.0,0.0,/Users/dawid/Library/Mobile Documents/com~apple~CloudDocs/Dokumenty/Publikacje własne/Manuscripts/Quantum_interference/data/P1-ELLOR_frez_zgr.sur,156.50272434787738,810.0000000000001,809.0,532.0,655289.9999999508,Graphite,ELLOR,hybrid,256,256,3.0000000000000004,3,P1,P1-ELLOR_frez_zgr,area,Milling (roughing),frez_zgr,simple
661.7661775105674,1787165.7870731056,2018004.8643047118,869.8219983707127,2641894.4982416346,3090351.901157858,8263.316320585796,36281268.04227555,61174725.89370246,0.0,0.0,-1786504.020895595,-2017343.0981272012,-2641024.676243264,-3089482.0791594875,-36273004.72595496,-61166462.57738188,0.0,0.0,/Users/dawid/Library/Mobile Documents/com~apple~CloudDocs/Dokumenty/Publikacje własne/Manuscripts/Quantum_interference/data/P1-ELLOR_t_zgrub.sur,2641900.012144187,810.0000000000001,809.0,532.0,655289.9999999508,Graphite,ELLOR,classical,256,256,3.0000000000000004,0,P1,P1-ELLOR_t_zgrub,area,Turning (roughing),t_zgrub,simple
891430.0975149834,1787165.7870731056,2018004.8643047118,1144378.966478065,2641894.4982416346,3090351.901157858,9662393.633939067,36281268.04227555,61174725.89370246,0.0,0.0,-895735.6895581221,-1126574.7667897285,-1497515.53176357,-1945972.934679793,-26618874.408336483,-51512332.2597634,0.0,0.0,/Users/dawid/Library/Mobile Documents/com~apple~CloudDocs/Dokumenty/Publikacje własne/Manuscripts/Quantum_interference/data/P1-ELLOR_t_zgrub.sur,2881172.6110015702,810.0000000000001,809.0,532.0,655289.9999999508,Graphite,ELLOR,quantum_like,256,256,3.0000000000000004,0,P1,P1-ELLOR_t_zgrub,area,Turning (roughing),t_zgrub,simple
516555.31137169775,1787165.7870731056,2018004.8643047118,652870.6877381351,2641894.4982416346,3090351.901157858,4895184.695070293,36281268.04227555,61174725.89370246,0.0,0.0,-1270610.4757014078,-1501449.5529330142,-1989023.8105034998,-2437481.213419723,-31386083.34720526,-56279541.19863217,0.0,0.0,/Users/dawid/Library/Mobile Documents/com~apple~CloudDocs/Dokumenty/Publikacje własne/Manuscripts/Quantum_interference/data/P1-ELLOR_t_zgrub.sur,2728398.2902008705,810.0000000000001,809.0,532.0,655289.9999999508,Graphite,ELLOR,hybrid,256,256,3.0000000000000004,0,P1,P1-ELLOR_t_zgrub,area,Turning (roughing),t_zgrub,simple
650.8411291021291,1787165.7870731056,2018004.8643047118,857.8365515845043,2641894.4982416346,3090351.901157858,8103.870871949997,36281268.04227555,61174725.89370246,0.0,0.0,-1786514.9459440033,-2017354.0231756098,-2641036.6616900503,-3089494.0646062735,-36273164.171403594,-61166622.02283051,0.0,0.0,/Users/dawid/Library/Mobile Documents/com~apple~CloudDocs/Dokumenty/Publikacje własne/Manuscripts/Quantum_interference/data/P1-ELLOR_t_zgrub.sur,2641898.535047118,810.0000000000001,809.0,532.0,655289.9999999508,Graphite,ELLOR,classical,256,256,3.0000000000000004,1,P1,P1-ELLOR_t_zgrub,area,Turning (roughing),t_zgrub,simple
910974.1470421589,1787165.7870731056,2018004.8643047118,1166073.8605318202,2641894.4982416346,3090351.901157858,9877645.8756907,36281268.04227555,61174725.89370246,0.0,0.0,-876191.6400309467,-1107030.7172625528,-1475820.6377098146,-1924278.0406260376,-26403622.16658485,-51297080.01801177,0.0,0.0,/Users/dawid/Library/Mobile Documents/com~apple~CloudDocs/Dokumenty/Publikacje własne/Manuscripts/Quantum_interference/data/P1-ELLOR_t_zgrub.sur,2890457.4231345323,810.0000000000001,809.0,532.0,655289.9999999508,Graphite,ELLOR,quantum_like,256,256,3.0000000000000004,1,P1,P1-ELLOR_t_zgrub,area,Turning (roughing),t_zgrub,simple
565106.2610653298,1787165.7870731056,2018004.8643047118,703513.2152279181,2641894.4982416346,3090351.901157858,5088804.427372944,36281268.04227555,61174725.89370246,0.0,0.0,-1222059.5260077757,-1452898.6032393822,-1938381.2830137166,-2386838.6859299396,-31192463.614902604,-56085921.46632952,0.0,0.0,/Users/dawid/Library/Mobile Documents/com~apple~CloudDocs/Dokumenty/Publikacje własne/Manuscripts/Quantum_interference/data/P1-ELLOR_t_zgrub.sur,2741739.527049836,810.0000000000001,809.0,532.0,655289.9999999508,Graphite,ELLOR,hybrid,256,256,3.0000000000000004,1,P1,P1-ELLOR_t_zgrub,area,Turning (roughing),t_zgrub,simple
655.2689365934338,1787165.7870731056,2018004.8643047118,864.9408758771815,2641894.4982416346,3090351.901157858,8376.654326043716,36281268.04227555,61174725.89370246,0.0,0.0,-1786510.518136512,-2017349.5953681185,-2641029.5573657574,-3089486.9602819807,-36272891.387949504,-61166349.239376426,0.0,0.0,/Users/dawid/Library/Mobile Documents/com~apple~CloudDocs/Dokumenty/Publikacje własne/Manuscripts/Quantum_interference/data/P1-ELLOR_t_zgrub.sur,2641898.970170672,810.0000000000001,809.0,532.0,655289.9999999508,Graphite,ELLOR,classical,256,256,3.0000000000000004,2,P1,P1-ELLOR_t_zgrub,area,Turning (roughing),t_zgrub,simple
887859.9881709235,1787165.7870731056,2018004.8643047118,1145393.1092951542,2641894.4982416346,3090351.901157858,9988251.472946165,36281268.04227555,61174725.89370246,0.0,0.0,-899305.798902182,-1130144.8761337884,-1496501.3889464804,-1944958.7918627036,-26293016.569329385,-51186474.4207563,0.0,0.0,/Users/dawid/Library/Mobile Documents/com~apple~CloudDocs/Dokumenty/Publikacje własne/Manuscripts/Quantum_interference/data/P1-ELLOR_t_zgrub.sur,2879445.6067951005,810.0000000000001,809.0,532.0,655289.9999999508,Graphite,ELLOR,quantum_like,256,256,3.0000000000000004,2,P1,P1-ELLOR_t_zgrub,area,Turning (roughing),t_zgrub,simple
519867.30600489373,1787165.7870731056,2018004.8643047118,656192.6441678497,2641894.4982416346,3090351.901157858,4742511.609049153,36281268.04227555,61174725.89370246,0.0,0.0,-1267298.4810682118,-1498137.558299818,-1985701.854073785,-2434159.256990008,-31538756.4332264,-56432214.284653306,0.0,0.0,/Users/dawid/Library/Mobile Documents/com~apple~CloudDocs/Dokumenty/Publikacje własne/Manuscripts/Quantum_interference/data/P1-ELLOR_t_zgrub.sur,2727870.9726871713,810.0000000000001,809.0,532.0,655289.9999999508,Graphite,ELLOR,hybrid,256,256,3.0000000000000004,2,P1,P1-ELLOR_t_zgrub,area,Turning (roughing),t_zgrub,simple
661.571051857799,1787165.7870731056,2018004.8643047118,869.9595897682417,2641894.4982416346,3090351.901157858,8004.816964844712,36281268.04227555,61174725.89370246,0.0,0.0,-1786504.2160212477,-2017343.2932528544,-2641024.5386518664,-3089481.941568089,-36273263.225310706,-61166721.07673762,0.0,0.0,/Users/dawid/Library/Mobile Documents/com~apple~CloudDocs/Dokumenty/Publikacje własne/Manuscripts/Quantum_interference/data/P1-ELLOR_t_zgrub.sur,2641899.907827429,810.0000000000001,809.0,532.0,655289.9999999508,Graphite,ELLOR,classical,256,256,3.0000000000000004,3,P1,P1-ELLOR_t_zgrub,area,Turning (roughing),t_zgrub,simple
895202.0053631034,1787165.7870731056,2018004.8643047118,1147529.5501055005,2641894.4982416346,3090351.901157858,9965200.96639305,36281268.04227555,61174725.89370246,0.0,0.0,-891963.7817100022,-1122802.8589416086,-1494364.9481361343,-1942822.3510523573,-26316067.075882502,-51209524.927309416,0.0,0.0,/Users/dawid/Library/Mobile Documents/com~apple~CloudDocs/Dokumenty/Publikacje własne/Manuscripts/Quantum_interference/data/P1-ELLOR_t_zgrub.sur,2882569.7048759093,810.0000000000001,809.0,532.0,655289.9999999508,Graphite,ELLOR,quantum_like,256,256,3.0000000000000004,3,P1,P1-ELLOR_t_zgrub,area,Turning (roughing),t_zgrub,simple
519915.2314948788,1787165.7870731056,2018004.8643047118,661757.486408077,2641894.4982416346,3090351.901157858,5079679.382065829,36281268.04227555,61174725.89370246,0.0,0.0,-1267250.5555782267,-1498089.632809833,-1980137.0118335579,-2428594.414749781,-31201588.660209723,-56095046.51163664,0.0,0.0,/Users/dawid/Library/Mobile Documents/com~apple~CloudDocs/Dokumenty/Publikacje własne/Manuscripts/Quantum_interference/data/P1-ELLOR_t_zgrub.sur,2730250.720512683,810.0000000000001,809.0,532.0,655289.9999999508,Graphite,ELLOR,hybrid,256,256,3.0000000000000004,3,P1,P1-ELLOR_t_zgrub,area,Turning (roughing),t_zgrub,simple
715.4904566421085,949.3128362506651,1288.9111898407098,950.7062701969576,1493.174789438539,2635.0106342366944,8105.413056944786,28667.810212091194,94762.18475820428,0.0,0.0,-233.8223796085567,-573.4207331986013,-542.4685192415814,-1684.304364039737,-20562.397155146406,-86656.7717012595,0.0,0.0,/Users/dawid/Library/Mobile Documents/com~apple~CloudDocs/Dokumenty/Publikacje własne/Manuscripts/Quantum_interference/data/P1-ELLOR_wedm_wyk.sur,1750.4421349739148,810.0000000000001,809.0,532.0,655289.9999999508,Graphite,ELLOR,classical,256,256,3.0000000000000004,0,P1,P1-ELLOR_wedm_wyk,area,Wire EDM (finishing),wedm_wyk,simple
1119.65199984285,949.3128362506651,1288.9111898407098,1654.4991284739797,1493.174789438539,2635.0106342366944,30256.16525927037,28667.810212091194,94762.18475820428,0.0,0.0,170.33916359218483,-169.25918999785975,161.32433903544086,-980.5115057627147,1588.3550471791762,-64506.019498933914,0.0,0.0,/Users/dawid/Library/Mobile Documents/com~apple~CloudDocs/Dokumenty/Publikacje własne/Manuscripts/Quantum_interference/data/P1-ELLOR_wedm_wyk.sur,703.8453794405683,810.0000000000001,809.0,532.0,655289.9999999508,Graphite,ELLOR,quantum_like,256,256,3.0000000000000004,0,P1,P1-ELLOR_wedm_wyk,area,Wire EDM (finishing),wedm_wyk,simple
503.0468172385632,949.3128362506651,1288.9111898407098,705.6777835477997,1493.174789438539,2635.0106342366944,12957.66631043302,28667.810212091194,94762.18475820428,0.0,0.0,-446.26601901210194,-785.8643726021465,-787.4970058907393,-1929.3328506888947,-15710.143901658172,-81804.51844777126,0.0,0.0,/Users/dawid/Library/Mobile Documents/com~apple~CloudDocs/Dokumenty/Publikacje własne/Manuscripts/Quantum_interference/data/P1-ELLOR_wedm_wyk.sur,1143.0496218230987,810.0000000000001,809.0,532.0,655289.9999999508,Graphite,ELLOR,hybrid,256,256,3.0000000000000004,0,P1,P1-ELLOR_wedm_wyk,area,Wire EDM (finishing),wedm_wyk,simple
718.6312494893599,949.3128362506651,1288.9111898407098,956.1143922388287,1493.174789438539,2635.0106342366944,8108.996674841339,28667.810212091194,94762.18475820428,0.0,0.0,-230.68158676130525,-570.2799403513499,-537.0603971997102,-1678.8962419978657,-20558.813537249855,-86653.18808336294,0.0,0.0,/Users/dawid/Library/Mobile Documents/com~apple~CloudDocs/Dokumenty/Publikacje własne/Manuscripts/Quantum_interference/data/P1-ELLOR_wedm_wyk.sur,1753.367968718089,810.0000000000001,809.0,532.0,655289.9999999508,Graphite,ELLOR,classical,256,256,3.0000000000000004,1,P1,P1-ELLOR_wedm_wyk,area,Wire EDM (finishing),wedm_wyk,simple
1128.1269692255787,949.3128362506651,1288.9111898407098,1668.532070288597,1493.174789438539,2635.0106342366944,31361.81444528585,28667.810212091194,94762.18475820428,0.0,0.0,178.81413297491363,-160.78422061513095,175.357280850058,-966.4785639480975,2694.004233194658,-63400.37031291843,0.0,0.0,/Users/dawid/Library/Mobile Documents/com~apple~CloudDocs/Dokumenty/Publikacje własne/Manuscripts/Quantum_interference/data/P1-ELLOR_wedm_wyk.sur,712.6712587373049,810.0000000000001,809.0,532.0,655289.9999999508,Graphite,ELLOR,quantum_like,256,256,3.0000000000000004,1,P1,P1-ELLOR_wedm_wyk,area,Wire EDM (finishing),wedm_wyk,simple
504.14614766183433,949.3128362506651,1288.9111898407098,706.1415522790157,1493.174789438539,2635.0106342366944,12842.097854100422,28667.810212091194,94762.18475820428,0.0,0.0,-445.16668858883077,-784.7650421788754,-787.0332371595231,-1928.8690819576786,-15825.71235799077,-81920.08690410387,0.0,0.0,/Users/dawid/Library/Mobile Documents/com~apple~CloudDocs/Dokumenty/Publikacje własne/Manuscripts/Quantum_interference/data/P1-ELLOR_wedm_wyk.sur,1141.7700920896632,810.0000000000001,809.0,532.0,655289.9999999508,Graphite,ELLOR,hybrid,256,256,3.0000000000000004,1,P1,P1-ELLOR_wedm_wyk,area,Wire EDM (finishing),wedm_wyk,simple
728.9523050619281,949.3128362506651,1288.9111898407098,967.5517001887242,1493.174789438539,2635.0106342366944,8162.1671622480035,28667.810212091194,94762.18475820428,0.0,0.0,-220.36053118873707,-559.9588847787817,-525.6230892498147,-1667.4589340479702,-20505.64304984319,-86600.01759595629,0.0,0.0,/Users/dawid/Library/Mobile Documents/com~apple~CloudDocs/Dokumenty/Publikacje własne/Manuscripts/Quantum_interference/data/P1-ELLOR_wedm_wyk.sur,1754.9617129437609,810.0000000000001,809.0,532.0,655289.9999999508,Graphite,ELLOR,classical,256,256,3.0000000000000004,2,P1,P1-ELLOR_wedm_wyk,area,Wire EDM (finishing),wedm_wyk,simple
1121.3287386150892,949.3128362506651,1288.9111898407098,1646.783409185606,1493.174789438539,2635.0106342366944,30748.068630903395,28667.810212091194,94762.18475820428,0.0,0.0,172.01590236442394,-167.58245122562064,153.6086197470671,-988.2272250510885,2080.2584188122014,-64014.11612730089,0.0,0.0,/Users/dawid/Library/Mobile Documents/com~apple~CloudDocs/Dokumenty/Publikacje własne/Manuscripts/Quantum_interference/data/P1-ELLOR_wedm_wyk.sur,705.8080145465234,810.0000000000001,809.0,532.0,655289.9999999508,Graphite,ELLOR,quantum_like,256,256,3.0000000000000004,2,P1,P1-ELLOR_wedm_wyk,area,Wire EDM (finishing),wedm_wyk,simple
503.5383135884594,949.3128362506651,1288.9111898407098,701.6507660638883,1493.174789438539,2635.0106342366944,12918.008157594677,28667.810212091194,94762.18475820428,0.0,0.0,-445.77452266220575,-785.3728762522503,-791.5240233746506,-1933.3598681728063,-15749.802054496517,-81844.17660060961,0.0,0.0,/Users/dawid/Library/Mobile Documents/com~apple~CloudDocs/Dokumenty/Publikacje własne/Manuscripts/Quantum_interference/data/P1-ELLOR_wedm_wyk.sur,1145.1048014233488,810.0000000000001,809.0,532.0,655289.9999999508,Graphite,ELLOR,hybrid,256,256,3.0000000000000004,2,P1,P1-ELLOR_wedm_wyk,area,Wire EDM (finishing),wedm_wyk,simple
719.3384733285155,949.3128362506651,1288.9111898407098,960.5816009742545,1493.174789438539,2635.0106342366944,8118.294472865221,28667.810212091194,94762.18475820428,0.0,0.0,-229.97436292214962,-569.5727165121942,-532.5931884642845,-1674.42903326244,-20549.51573922597,-86643.89028533906,0.0,0.0,/Users/dawid/Library/Mobile Documents/com~apple~CloudDocs/Dokumenty/Publikacje własne/Manuscripts/Quantum_interference/data/P1-ELLOR_wedm_wyk.sur,1756.2005513192773,810.0000000000001,809.0,532.0,655289.9999999508,Graphite,ELLOR,classical,256,256,3.0000000000000004,3,P1,P1-ELLOR_wedm_wyk,area,Wire EDM (finishing),wedm_wyk,simple
1124.2339336748612,949.3128362506651,1288.9111898407098,1644.6788106341778,1493.174789438539,2635.0106342366944,29796.02426984473,28667.810212091194,94762.18475820428,0.0,0.0,174.921097424196,-164.67725616584858,151.504021195639,-990.3318236025166,1128.2140577535376,-64966.16048835956,0.0,0.0,/Users/dawid/Library/Mobile Documents/com~apple~CloudDocs/Dokumenty/Publikacje własne/Manuscripts/Quantum_interference/data/P1-ELLOR_wedm_wyk.sur,719.8817138221135,810.0000000000001,809.0,532.0,655289.9999999508,Graphite,ELLOR,quantum_like,256,256,3.0000000000000004,3,P1,P1-ELLOR_wedm_wyk,area,Wire EDM (finishing),wedm_wyk,simple
500.9463525924457,949.3128362506651,1288.9111898407098,697.5729570936284,1493.174789438539,2635.0106342366944,12575.74247150074,28667.810212091194,94762.18475820428,0.0,0.0,-448.36648365821947,-787.9648372482641,-795.6018323449106,-1937.4376771430661,-16092.067740590455,-82186.44228670355,0.0,0.0,/Users/dawid/Library/Mobile Documents/com~apple~CloudDocs/Dokumenty/Publikacje własne/Manuscripts/Quantum_interference/data/P1-ELLOR_wedm_wyk.sur,1146.0276132488818,810.0000000000001,809.0,532.0,655289.9999999508,Graphite,ELLOR,hybrid,256,256,3.0000000000000004,3,P1,P1-ELLOR_wedm_wyk,area,Wire EDM (finishing),wedm_wyk,simple
780.3583012919104,1065.6324171939048,1449.8944742396523,1014.4405645508028,1565.3286439144156,2498.4242966125526,8468.696041663163,32513.359859253404,69211.50170978007,0.0,0.0,-285.2741159019942,-669.5361729477418,-550.8880793636127,-1483.9837320617496,-24044.66381759024,-60742.805668116904,0.0,0.0,/Users/dawid/Library/Mobile Documents/com~apple~CloudDocs/Dokumenty/Publikacje własne/Manuscripts/Quantum_interference/data/P1-ELLOR_wedm_zgru_1prz.sur,1865.7784863902857,810.0000000000001,809.0,532.0,655289.9999999508,Graphite,ELLOR,classical,256,256,3.0000000000000004,0,P1,P1-ELLOR_wedm_zgru_1prz,area,Wire EDM (roughing),wedm_zgru_1prz,simple
1216.327301749585,1065.6324171939048,1449.8944742396523,1709.5092508464147,1565.3286439144156,2498.4242966125526,32682.50496865814,32513.359859253404,69211.50170978007,0.0,0.0,150.69488455568046,-233.56717249006712,144.18060693199902,-788.9150457661377,169.14510940473505,-36528.99674112193,0.0,0.0,/Users/dawid/Library/Mobile Documents/com~apple~CloudDocs/Dokumenty/Publikacje własne/Manuscripts/Quantum_interference/data/P1-ELLOR_wedm_zgru_1prz.sur,710.9670457975667,810.0000000000001,809.0,532.0,655289.9999999508,Graphite,ELLOR,quantum_like,256,256,3.0000000000000004,0,P1,P1-ELLOR_wedm_zgru_1prz,area,Wire EDM (roughing),wedm_zgru_1prz,simple
579.1163451104607,1065.6324171939048,1449.8944742396523,773.0778784063093,1565.3286439144156,2498.4242966125526,14996.606951745713,32513.359859253404,69211.50170978007,0.0,0.0,-486.51607208344404,-870.7781291291916,-792.2507655081063,-1725.346418206243,-17516.752907507693,-54214.89475803435,0.0,0.0,/Users/dawid/Library/Mobile Documents/com~apple~CloudDocs/Dokumenty/Publikacje własne/Manuscripts/Quantum_interference/data/P1-ELLOR_wedm_zgru_1prz.sur,1167.3821071319123,810.0000000000001,809.0,532.0,655289.9999999508,Graphite,ELLOR,hybrid,256,256,3.0000000000000004,0,P1,P1-ELLOR_wedm_zgru_1prz,area,Wire EDM (roughing),wedm_zgru_1prz,simple
784.0877060458585,1065.6324171939048,1449.8944742396523,1020.6314833082336,1565.3286439144156,2498.4242966125526,8473.388255843127,32513.359859253404,69211.50170978007,0.0,0.0,-281.5447111480462,-665.8067681937938,-544.697160606182,-1477.7928133043188,-24039.97160341028,-60738.113453936945,0.0,0.0,/Users/dawid/Library/Mobile Documents/com~apple~CloudDocs/Dokumenty/Publikacje własne/Manuscripts/Quantum_interference/data/P1-ELLOR_wedm_zgru_1prz.sur,1868.7702331684702,810.0000000000001,809.0,532.0,655289.9999999508,Graphite,ELLOR,classical,256,256,3.0000000000000004,1,P1,P1-ELLOR_wedm_zgru_1prz,area,Wire EDM (roughing),wedm_zgru_1prz,simple
1221.5218452871395,1065.6324171939048,1449.8944742396523,1722.5859792321608,1565.3286439144156,2498.4242966125526,34724.808528378875,32513.359859253404,69211.50170978007,0.0,0.0,155.88942809323487,-228.3726289525127,157.25733531774523,-775.8383173803915,2211.448669125469,-34486.6931814012,0.0,0.0,/Users/dawid/Library/Mobile Documents/com~apple~CloudDocs/Dokumenty/Publikacje własne/Manuscripts/Quantum_interference/data/P1-ELLOR_wedm_zgru_1prz.sur,712.5099224346097,810.0000000000001,809.0,532.0,655289.9999999508,Graphite,ELLOR,quantum_like,256,256,3.0000000000000004,1,P1,P1-ELLOR_wedm_zgru_1prz,area,Wire EDM (roughing),wedm_zgru_1prz,simple
579.6501988522551,1065.6324171939048,1449.8944742396523,775.3358966773214,1565.3286439144156,2498.4242966125526,15012.715356001041,32513.359859253404,69211.50170978007,0.0,0.0,-485.9822183416495,-870.2442753873971,-789.9927472370941,-1723.0883999352309,-17500.644503252362,-54198.786353779025,0.0,0.0,/Users/dawid/Library/Mobile Documents/com~apple~CloudDocs/Dokumenty/Publikacje własne/Manuscripts/Quantum_interference/data/P1-ELLOR_wedm_zgru_1prz.sur,1166.332088377747,810.0000000000001,809.0,532.0,655289.9999999508,Graphite,ELLOR,hybrid,256,256,3.0000000000000004,1,P1,P1-ELLOR_wedm_zgru_1prz,area,Wire EDM (roughing),wedm_zgru_1prz,simple
778.6788166601028,1065.6324171939048,1449.8944742396523,1012.7356240947647,1565.3286439144156,2498.4242966125526,8472.721098325832,32513.359859253404,69211.50170978007,0.0,0.0,-286.9536005338019,-671.2156575795494,-552.5930198196509,-1485.6886725177876,-24040.63876092757,-60738.78061145423,0.0,0.0,/Users/dawid/Library/Mobile Documents/com~apple~CloudDocs/Dokumenty/Publikacje własne/Manuscripts/Quantum_interference/data/P1-ELLOR_wedm_zgru_1prz.sur,1864.3800960375631,810.0000000000001,809.0,532.0,655289.9999999508,Graphite,ELLOR,classical,256,256,3.0000000000000004,2,P1,P1-ELLOR_wedm_zgru_1prz,area,Wire EDM (roughing),wedm_zgru_1prz,simple
1216.8227091904105,1065.6324171939048,1449.8944742396523,1718.5111418771148,1565.3286439144156,2498.4242966125526,33619.00154939543,32513.359859253404,69211.50170978007,0.0,0.0,151.19029199650586,-233.07176504924175,153.18249796269933,-779.9131547354374,1105.6416901420257,-35592.50016038464,0.0,0.0,/Users/dawid/Library/Mobile Documents/com~apple~CloudDocs/Dokumenty/Publikacje własne/Manuscripts/Quantum_interference/data/P1-ELLOR_wedm_zgru_1prz.sur,707.3596282847806,810.0000000000001,809.0,532.0,655289.9999999508,Graphite,ELLOR,quantum_like,256,256,3.0000000000000004,2,P1,P1-ELLOR_wedm_zgru_1prz,area,Wire EDM (roughing),wedm_zgru_1prz,simple
580.5834980095185,1065.6324171939048,1449.8944742396523,777.2268851473202,1565.3286439144156,2498.4242966125526,15160.479991350885,32513.359859253404,69211.50170978007,0.0,0.0,-485.0489191843862,-869.3109762301337,-788.1017587670955,-1721.197411465232,-17352.87986790252,-54051.02171842919,0.0,0.0,/Users/dawid/Library/Mobile Documents/com~apple~CloudDocs/Dokumenty/Publikacje własne/Manuscripts/Quantum_interference/data/P1-ELLOR_wedm_zgru_1prz.sur,1165.6242168694537,810.0000000000001,809.0,532.0,655289.9999999508,Graphite,ELLOR,hybrid,256,256,3.0000000000000004,2,P1,P1-ELLOR_wedm_zgru_1prz,area,Wire EDM (roughing),wedm_zgru_1prz,simple
780.9883591077895,1065.6324171939048,1449.8944742396523,1018.3679274767098,1565.3286439144156,2498.4242966125526,8468.219891774392,32513.359859253404,69211.50170978007,0.0,0.0,-284.64405808611514,-668.9061151318627,-546.9607164377057,-1480.0563691358425,-24045.139967479012,-60743.28181800568,0.0,0.0,/Users/dawid/Library/Mobile Documents/com~apple~CloudDocs/Dokumenty/Publikacje własne/Manuscripts/Quantum_interference/data/P1-ELLOR_wedm_zgru_1prz.sur,1868.738300388107,810.0000000000001,809.0,532.0,655289.9999999508,Graphite,ELLOR,classical,256,256,3.0000000000000004,3,P1,P1-ELLOR_wedm_zgru_1prz,area,Wire EDM (roughing),wedm_zgru_1prz,simple
1218.0791051905915,1065.6324171939048,1449.8944742396523,1721.861496738684,1565.3286439144156,2498.4242966125526,34066.92619869479,32513.359859253404,69211.50170978007,0.0,0.0,152.4466879966868,-231.8153690490608,156.5328528242686,-776.5627998738681,1553.5663394413843,-35144.575511085284,0.0,0.0,/Users/dawid/Library/Mobile Documents/com~apple~CloudDocs/Dokumenty/Publikacje własne/Manuscripts/Quantum_interference/data/P1-ELLOR_wedm_zgru_1prz.sur,711.2441955619279,810.0000000000001,809.0,532.0,655289.9999999508,Graphite,ELLOR,quantum_like,256,256,3.0000000000000004,3,P1,P1-ELLOR_wedm_zgru_1prz,area,Wire EDM (roughing),wedm_zgru_1prz,simple
578.5481831823904,1065.6324171939048,1449.8944742396523,776.7454870910719,1565.3286439144156,2498.4242966125526,15163.62649706091,32513.359859253404,69211.50170978007,0.0,0.0,-487.0842340115143,-871.3462910572619,-788.5831568233436,-1721.6788095214804,-17349.73336219249,-54047.875212719155,0.0,0.0,/Users/dawid/Library/Mobile Documents/com~apple~CloudDocs/Dokumenty/Publikacje własne/Manuscripts/Quantum_interference/data/P1-ELLOR_wedm_zgru_1prz.sur,1165.4033599651284,810.0000000000001,809.0,532.0,655289.9999999508,Graphite,ELLOR,hybrid,256,256,3.0000000000000004,3,P1,P1-ELLOR_wedm_zgru_1prz,area,Wire EDM (roughing),wedm_zgru_1prz,simple
369.8811273375489,365.53903232290645,371.232885286238,477.1232237726354,419.12377625567063,433.87656132110186,4133.184744253566,3473.2955761941603,10944.451287199645,0.0,0.0,4.342095014642421,-1.3517579486891462,57.99944751696477,43.24666245153355,659.8891680594062,-6811.266542946079,0.0,0.0,/Users/dawid/Library/Mobile Documents/com~apple~CloudDocs/Dokumenty/Publikacje własne/Manuscripts/Quantum_interference/data/P1-MO58A_frez_wyk.sur,522.6569802640133,810.0000000000001,809.0,532.0,655289.9999999508,Brass,MO58A,classical,256,256,3.0000000000000004,0,P1,P1-MO58A_frez_wyk,area,Milling (finishing),frez_wyk,simple
652.821117147953,365.53903232290645,371.232885286238,815.3672978251494,419.12377625567063,433.87656132110186,6726.601068060964,3473.2955761941603,10944.451287199645,0.0,0.0,287.2820848250466,281.58823186171503,396.2435215694788,381.49073650404756,3253.3054918668045,-4217.8502191386815,0.0,0.0,/Users/dawid/Library/Mobile Documents/com~apple~CloudDocs/Dokumenty/Publikacje własne/Manuscripts/Quantum_interference/data/P1-MO58A_frez_wyk.sur,698.51614458939,810.0000000000001,809.0,532.0,655289.9999999508,Brass,MO58A,quantum_like,256,256,3.0000000000000004,0,P1,P1-MO58A_frez_wyk,area,Milling (finishing),frez_wyk,simple
375.91817521971603,365.53903232290645,371.232885286238,441.0850922889204,419.12377625567063,433.87656132110186,2393.4389596474616,3473.2955761941603,10944.451287199645,0.0,0.0,10.379142896809608,4.685289933478041,21.961316033249776,7.208530967818559,-1079.8566165466987,-8551.012327552184,0.0,0.0,/Users/dawid/Library/Mobile Documents/com~apple~CloudDocs/Dokumenty/Publikacje własne/Manuscripts/Quantum_interference/data/P1-MO58A_frez_wyk.sur,160.2828616489036,810.0000000000001,809.0,532.0,655289.9999999508,Brass,MO58A,hybrid,256,256,3.0000000000000004,0,P1,P1-MO58A_frez_wyk,area,Milling (finishing),frez_wyk,simple
371.10921513595304,365.53903232290645,371.232885286238,478.66780803942214,419.12377625567063,433.87656132110186,4132.095269283382,3473.2955761941603,10944.451287199645,0.0,0.0,5.570182813046586,-0.12367015028498181,59.544031783751514,44.791246718320295,658.7996930892218,-6812.356017916264,0.0,0.0,/Users/dawid/Library/Mobile Documents/com~apple~CloudDocs/Dokumenty/Publikacje własne/Manuscripts/Quantum_interference/data/P1-MO58A_frez_wyk.sur,523.9272774261855,810.0000000000001,809.0,532.0,655289.9999999508,Brass,MO58A,classical,256,256,3.0000000000000004,1,P1,P1-MO58A_frez_wyk,area,Milling (finishing),frez_wyk,simple
658.4904306638622,365.53903232290645,371.232885286238,823.2647551279088,419.12377625567063,433.87656132110186,6712.51380398222,3473.2955761941603,10944.451287199645,0.0,0.0,292.9513983409558,287.2575453776242,404.14097887223807,389.38819380680684,3239.21822778806,-4231.937483217425,0.0,0.0,/Users/dawid/Library/Mobile Documents/com~apple~CloudDocs/Dokumenty/Publikacje własne/Manuscripts/Quantum_interference/data/P1-MO58A_frez_wyk.sur,710.2515380455986,810.0000000000001,809.0,532.0,655289.9999999508,Brass,MO58A,quantum_like,256,256,3.0000000000000004,1,P1,P1-MO58A_frez_wyk,area,Milling (finishing),frez_wyk,simple
375.2663917931621,365.53903232290645,371.232885286238,439.06007158960875,419.12377625567063,433.87656132110186,2701.525939837032,3473.2955761941603,10944.451287199645,0.0,0.0,9.727359470255669,4.033506506924102,19.936295333938094,5.183510268506875,-771.7696363571281,-8242.925347362614,0.0,0.0,/Users/dawid/Library/Mobile Documents/com~apple~CloudDocs/Dokumenty/Publikacje własne/Manuscripts/Quantum_interference/data/P1-MO58A_frez_wyk.sur,163.9921566101433,810.0000000000001,809.0,532.0,655289.9999999508,Brass,MO58A,hybrid,256,256,3.0000000000000004,1,P1,P1-MO58A_frez_wyk,area,Milling (finishing),frez_wyk,simple
373.5654526786462,365.53903232290645,371.232885286238,480.62403236453093,419.12377625567063,433.87656132110186,4131.010410556116,3473.2955761941603,10944.451287199645,0.0,0.0,8.02642035573974,2.3325673924081722,61.50025610886029,46.74747104342907,657.7148343619562,-6813.440876643529,0.0,0.0,/Users/dawid/Library/Mobile Documents/com~apple~CloudDocs/Dokumenty/Publikacje własne/Manuscripts/Quantum_interference/data/P1-MO58A_frez_wyk.sur,526.096612221776,810.0000000000001,809.0,532.0,655289.9999999508,Brass,MO58A,classical,256,256,3.0000000000000004,2,P1,P1-MO58A_frez_wyk,area,Milling (finishing),frez_wyk,simple
659.5257989983422,365.53903232290645,371.232885286238,824.1850608001124,419.12377625567063,433.87656132110186,6467.948531535832,3473.2955761941603,10944.451287199645,0.0,0.0,293.9867666754358,288.2929137121042,405.0612845444418,390.30849947901055,2994.652955341672,-4476.502755663813,0.0,0.0,/Users/dawid/Library/Mobile Documents/com~apple~CloudDocs/Dokumenty/Publikacje własne/Manuscripts/Quantum_interference/data/P1-MO58A_frez_wyk.sur,709.7817235224271,810.0000000000001,809.0,532.0,655289.9999999508,Brass,MO58A,quantum_like,256,256,3.0000000000000004,2,P1,P1-MO58A_frez_wyk,area,Milling (finishing),frez_wyk,simple
375.96394172771375,365.53903232290645,371.232885286238,440.922403778036,419.12377625567063,433.87656132110186,2499.5452341721966,3473.2955761941603,10944.451287199645,0.0,0.0,10.424909404807293,4.731056441475725,21.79862752236537,7.045842456934151,-973.7503420219635,-8444.906053027447,0.0,0.0,/Users/dawid/Library/Mobile Documents/com~apple~CloudDocs/Dokumenty/Publikacje własne/Manuscripts/Quantum_interference/data/P1-MO58A_frez_wyk.sur,164.46159259111042,810.0000000000001,809.0,532.0,655289.9999999508,Brass,MO58A,hybrid,256,256,3.0000000000000004,2,P1,P1-MO58A_frez_wyk,area,Milling (finishing),frez_wyk,simple
366.4923668016023,365.53903232290645,371.232885286238,474.00829549580567,419.12377625567063,433.87656132110186,4130.694952125055,3473.2955761941603,10944.451287199645,0.0,0.0,0.9533344786958949,-4.740518484635673,54.88451924013501,40.131734174703794,657.3993759308953,-6813.75633507459,0.0,0.0,/Users/dawid/Library/Mobile Documents/com~apple~CloudDocs/Dokumenty/Publikacje własne/Manuscripts/Quantum_interference/data/P1-MO58A_frez_wyk.sur,520.6343681706949,810.0000000000001,809.0,532.0,655289.9999999508,Brass,MO58A,classical,256,256,3.0000000000000004,3,P1,P1-MO58A_frez_wyk,area,Milling (finishing),frez_wyk,simple
660.9005663306883,365.53903232290645,371.232885286238,825.2669185722056,419.12377625567063,433.87656132110186,6523.74445493284,3473.2955761941603,10944.451287199645,0.0,0.0,295.3615340077818,289.66768104445026,406.14314231653486,391.39035725110364,3050.4488787386804,-4420.706832266806,0.0,0.0,/Users/dawid/Library/Mobile Documents/com~apple~CloudDocs/Dokumenty/Publikacje własne/Manuscripts/Quantum_interference/data/P1-MO58A_frez_wyk.sur,709.0670085500192,810.0000000000001,809.0,532.0,655289.9999999508,Brass,MO58A,quantum_like,256,256,3.0000000000000004,3,P1,P1-MO58A_frez_wyk,area,Milling (finishing),frez_wyk,simple
377.85542690303436,365.53903232290645,371.232885286238,444.8922572296363,419.12377625567063,433.87656132110186,2731.5498726582528,3473.2955761941603,10944.451287199645,0.0,0.0,12.316394580127932,6.622541616796364,25.76848097396564,11.015695908534424,-741.7457035359075,-8212.901414541393,0.0,0.0,/Users/dawid/Library/Mobile Documents/com~apple~CloudDocs/Dokumenty/Publikacje własne/Manuscripts/Quantum_interference/data/P1-MO58A_frez_wyk.sur,165.16471116392177,810.0000000000001,809.0,532.0,655289.9999999508,Brass,MO58A,hybrid,256,256,3.0000000000000004,3,P1,P1-MO58A_frez_wyk,area,Milling (finishing),frez_wyk,simple
676.4484749313798,1551.2293906381824,1635.1765763826413,886.8691378522889,1921.0449903766198,2024.9415456585623,7409.711284490401,11473.279324183392,15746.571803058374,0.0,0.0,-874.7809157068025,-958.7281014512614,-1034.175852524331,-1138.0724078062735,-4063.5680396929906,-8336.860518567973,0.0,0.0,/Users/dawid/Library/Mobile Documents/com~apple~CloudDocs/Dokumenty/Publikacje własne/Manuscripts/Quantum_interference/data/P1-MO58A_frez_zgr.sur,2095.1966352451905,810.0000000000001,809.0,532.0,655289.9999999508,Brass,MO58A,classical,256,256,3.0000000000000004,0,P1,P1-MO58A_frez_zgr,area,Milling (roughing),frez_zgr,simple
1649.94779468522,1551.2293906381824,1635.1765763826413,2043.9636399769615,1921.0449903766198,2024.9415456585623,14553.361361214827,11473.279324183392,15746.571803058374,0.0,0.0,98.71840404703771,14.771218302578635,122.91864960034171,19.022094318399308,3080.0820370314354,-1193.2104418435474,0.0,0.0,/Users/dawid/Library/Mobile Documents/com~apple~CloudDocs/Dokumenty/Publikacje własne/Manuscripts/Quantum_interference/data/P1-MO58A_frez_zgr.sur,702.5467063203641,810.0000000000001,809.0,532.0,655289.9999999508,Brass,MO58A,quantum_like,256,256,3.0000000000000004,0,P1,P1-MO58A_frez_zgr,area,Milling (roughing),frez_zgr,simple
1257.0550470178664,1551.2293906381824,1635.1765763826413,1585.2011402178864,1921.0449903766198,2024.9415456585623,9060.877659627542,11473.279324183392,15746.571803058374,0.0,0.0,-294.174343620316,-378.12152936477503,-335.84385015873363,-439.740405440676,-2412.4016645558504,-6685.694143430833,0.0,0.0,/Users/dawid/Library/Mobile Documents/com~apple~CloudDocs/Dokumenty/Publikacje własne/Manuscripts/Quantum_interference/data/P1-MO58A_frez_zgr.sur,798.1437954801726,810.0000000000001,809.0,532.0,655289.9999999508,Brass,MO58A,hybrid,256,256,3.0000000000000004,0,P1,P1-MO58A_frez_zgr,area,Milling (roughing),frez_zgr,simple
664.5312365578341,1551.2293906381824,1635.1765763826413,871.8316447842864,1921.0449903766198,2024.9415456585623,7339.491431214593,11473.279324183392,15746.571803058374,0.0,0.0,-886.6981540803482,-970.6453398248074,-1049.2133455923336,-1153.109900874276,-4133.787892968799,-8407.080371843782,0.0,0.0,/Users/dawid/Library/Mobile Documents/com~apple~CloudDocs/Dokumenty/Publikacje własne/Manuscripts/Quantum_interference/data/P1-MO58A_frez_zgr.sur,2094.1717596988155,810.0000000000001,809.0,532.0,655289.9999999508,Brass,MO58A,classical,256,256,3.0000000000000004,1,P1,P1-MO58A_frez_zgr,area,Milling (roughing),frez_zgr,simple
1654.3941071118409,1551.2293906381824,1635.1765763826413,2052.7358829692303,1921.0449903766198,2024.9415456585623,14160.098820804018,11473.279324183392,15746.571803058374,0.0,0.0,103.16471647365853,19.217530729199463,131.69089259261045,27.794337310668045,2686.819496620626,-1586.4729822543568,0.0,0.0,/Users/dawid/Library/Mobile Documents/com~apple~CloudDocs/Dokumenty/Publikacje własne/Manuscripts/Quantum_interference/data/P1-MO58A_frez_zgr.sur,707.6872942085967,810.0000000000001,809.0,532.0,655289.9999999508,Brass,MO58A,quantum_like,256,256,3.0000000000000004,1,P1,P1-MO58A_frez_zgr,area,Milling (roughing),frez_zgr,simple
1263.6456827718741,1551.2293906381824,1635.1765763826413,1593.1979323223827,1921.0449903766198,2024.9415456585623,9286.587084776353,11473.279324183392,15746.571803058374,0.0,0.0,-287.58370786630815,-371.5308936107672,-327.8470580542373,-431.7436133361797,-2186.6922394070393,-6459.984718282022,0.0,0.0,/Users/dawid/Library/Mobile Documents/com~apple~CloudDocs/Dokumenty/Publikacje własne/Manuscripts/Quantum_interference/data/P1-MO58A_frez_zgr.sur,797.8929356827392,810.0000000000001,809.0,532.0,655289.9999999508,Brass,MO58A,hybrid,256,256,3.0000000000000004,1,P1,P1-MO58A_frez_zgr,area,Milling (roughing),frez_zgr,simple
667.1382648370208,1551.2293906381824,1635.1765763826413,870.1542859206363,1921.0449903766198,2024.9415456585623,7222.298925623386,11473.279324183392,15746.571803058374,0.0,0.0,-884.0911258011616,-968.0383115456206,-1050.8907044559835,-1154.787259737926,-4250.980398560006,-8524.272877434989,0.0,0.0,/Users/dawid/Library/Mobile Documents/com~apple~CloudDocs/Dokumenty/Publikacje własne/Manuscripts/Quantum_interference/data/P1-MO58A_frez_zgr.sur,2088.423928193359,810.0000000000001,809.0,532.0,655289.9999999508,Brass,MO58A,classical,256,256,3.0000000000000004,2,P1,P1-MO58A_frez_zgr,area,Milling (roughing),frez_zgr,simple
1655.5809787968374,1551.2293906381824,1635.1765763826413,2052.3340973224385,1921.0449903766198,2024.9415456585623,15306.286000089642,11473.279324183392,15746.571803058374,0.0,0.0,104.35158815865515,20.40440241419607,131.2891069458186,27.39255166387618,3833.0066759062493,-440.2858029687336,0.0,0.0,/Users/dawid/Library/Mobile Documents/com~apple~CloudDocs/Dokumenty/Publikacje własne/Manuscripts/Quantum_interference/data/P1-MO58A_frez_zgr.sur,716.4759837928474,810.0000000000001,809.0,532.0,655289.9999999508,Brass,MO58A,quantum_like,256,256,3.0000000000000004,2,P1,P1-MO58A_frez_zgr,area,Milling (roughing),frez_zgr,simple
1260.0483213927766,1551.2293906381824,1635.1765763826413,1590.3849147634783,1921.0449903766198,2024.9415456585623,9133.18188194584,11473.279324183392,15746.571803058374,0.0,0.0,-291.1810692454057,-375.12825498986473,-330.6600756131417,-434.55663089508414,-2340.0974422375516,-6613.3899211125345,0.0,0.0,/Users/dawid/Library/Mobile Documents/com~apple~CloudDocs/Dokumenty/Publikacje własne/Manuscripts/Quantum_interference/data/P1-MO58A_frez_zgr.sur,797.6844094787923,810.0000000000001,809.0,532.0,655289.9999999508,Brass,MO58A,hybrid,256,256,3.0000000000000004,2,P1,P1-MO58A_frez_zgr,area,Milling (roughing),frez_zgr,simple
663.8425796878165,1551.2293906381824,1635.1765763826413,866.8455680938131,1921.0449903766198,2024.9415456585623,7231.563926485224,11473.279324183392,15746.571803058374,0.0,0.0,-887.3868109503659,-971.3339966948249,-1054.1994222828068,-1158.095977564749,-4241.715397698167,-8515.00787657315,0.0,0.0,/Users/dawid/Library/Mobile Documents/com~apple~CloudDocs/Dokumenty/Publikacje własne/Manuscripts/Quantum_interference/data/P1-MO58A_frez_zgr.sur,2085.9503228384633,810.0000000000001,809.0,532.0,655289.9999999508,Brass,MO58A,classical,256,256,3.0000000000000004,3,P1,P1-MO58A_frez_zgr,area,Milling (roughing),frez_zgr,simple
1647.4621001461053,1551.2293906381824,1635.1765763826413,2044.5761602746036,1921.0449903766198,2024.9415456585623,14273.878789990758,11473.279324183392,15746.571803058374,0.0,0.0,96.23270950792288,12.285523763463802,123.53116989798373,19.634614616041326,2800.5994658073673,-1472.6930130676155,0.0,0.0,/Users/dawid/Library/Mobile Documents/com~apple~CloudDocs/Dokumenty/Publikacje własne/Manuscripts/Quantum_interference/data/P1-MO58A_frez_zgr.sur,708.4045795357794,810.0000000000001,809.0,532.0,655289.9999999508,Brass,MO58A,quantum_like,256,256,3.0000000000000004,3,P1,P1-MO58A_frez_zgr,area,Milling (roughing),frez_zgr,simple
1251.9511141666987,1551.2293906381824,1635.1765763826413,1581.7408054027444,1921.0449903766198,2024.9415456585623,9343.551813248481,11473.279324183392,15746.571803058374,0.0,0.0,-299.27827647148354,-383.2254622159426,-339.3041849738755,-443.2007402558179,-2129.7275109349102,-6403.019989809893,0.0,0.0,/Users/dawid/Library/Mobile Documents/com~apple~CloudDocs/Dokumenty/Publikacje własne/Manuscripts/Quantum_interference/data/P1-MO58A_frez_zgr.sur,797.5751523268171,810.0000000000001,809.0,532.0,655289.9999999508,Brass,MO58A,hybrid,256,256,3.0000000000000004,3,P1,P1-MO58A_frez_zgr,area,Milling (roughing),frez_zgr,simple
145.38039142864926,145.26033640365523,149.36655947912297,181.15025124952086,180.98995739306156,187.34316490288163,1037.6821574008666,1013.2719698546313,3484.618675857259,0.0,0.0,0.12005502499402793,-3.986168050473708,0.16029385645931243,-6.192913653360753,24.410187546235385,-2446.936518456392,0.0,0.0,/Users/dawid/Library/Mobile Documents/com~apple~CloudDocs/Dokumenty/Publikacje własne/Manuscripts/Quantum_interference/data/P1-MO58A_nagniat.sur,9.582619879486074,810.0000000000001,809.0,532.0,655289.9999999508,Brass,MO58A,classical,256,256,3.0000000000000004,0,P1,P1-MO58A_nagniat,area,Burnishing,nagniat,simple
579.1323568726832,145.26033640365523,149.36655947912297,726.5166445703449,180.98995739306156,187.34316490288163,5980.4568434687435,1013.2719698546313,3484.618675857259,0.0,0.0,433.8720204690279,429.7657973935602,545.5266871772833,539.1734796674632,4967.184873614113,2495.838167611485,0.0,0.0,/Users/dawid/Library/Mobile Documents/com~apple~CloudDocs/Dokumenty/Publikacje własne/Manuscripts/Quantum_interference/data/P1-MO58A_nagniat.sur,703.2334363016474,810.0000000000001,809.0,532.0,655289.9999999508,Brass,MO58A,quantum_like,256,256,3.0000000000000004,0,P1,P1-MO58A_nagniat,area,Burnishing,nagniat,simple
187.99198122074552,145.26033640365523,149.36655947912297,237.01839853222273,180.98995739306156,187.34316490288163,1707.478717767078,1013.2719698546313,3484.618675857259,0.0,0.0,42.73164481709027,38.62542174162254,56.028441139161174,49.67523362934111,694.2067479124469,-1777.139958090181,0.0,0.0,/Users/dawid/Library/Mobile Documents/com~apple~CloudDocs/Dokumenty/Publikacje własne/Manuscripts/Quantum_interference/data/P1-MO58A_nagniat.sur,154.698672801005,810.0000000000001,809.0,532.0,655289.9999999508,Brass,MO58A,hybrid,256,256,3.0000000000000004,0,P1,P1-MO58A_nagniat,area,Burnishing,nagniat,simple
145.3102476174721,145.26033640365523,149.36655947912297,181.11703705501606,180.98995739306156,187.34316490288163,1034.862952047765,1013.2719698546313,3484.618675857259,0.0,0.0,0.049911213816869526,-4.056311861650866,0.12707966195450834,-6.226127847865557,21.590982193133716,-2449.755723809494,0.0,0.0,/Users/dawid/Library/Mobile Documents/com~apple~CloudDocs/Dokumenty/Publikacje własne/Manuscripts/Quantum_interference/data/P1-MO58A_nagniat.sur,9.603662731366054,810.0000000000001,809.0,532.0,655289.9999999508,Brass,MO58A,classical,256,256,3.0000000000000004,1,P1,P1-MO58A_nagniat,area,Burnishing,nagniat,simple
583.1181870556888,145.26033640365523,149.36655947912297,731.4950373924954,180.98995739306156,187.34316490288163,5916.701491125958,1013.2719698546313,3484.618675857259,0.0,0.0,437.8578506520336,433.75162757656597,550.5050799994339,544.1518724896138,4903.429521271326,2432.082815268698,0.0,0.0,/Users/dawid/Library/Mobile Documents/com~apple~CloudDocs/Dokumenty/Publikacje własne/Manuscripts/Quantum_interference/data/P1-MO58A_nagniat.sur,708.7938399362122,810.0000000000001,809.0,532.0,655289.9999999508,Brass,MO58A,quantum_like,256,256,3.0000000000000004,1,P1,P1-MO58A_nagniat,area,Burnishing,nagniat,simple
188.44648562261045,145.26033640365523,149.36655947912297,236.57702363810063,180.98995739306156,187.34316490288163,1920.3420722881717,1013.2719698546313,3484.618675857259,0.0,0.0,43.18614921895522,39.079926143487484,55.58706624503907,49.233858735219,907.0701024335406,-1564.276603569087,0.0,0.0,/Users/dawid/Library/Mobile Documents/com~apple~CloudDocs/Dokumenty/Publikacje własne/Manuscripts/Quantum_interference/data/P1-MO58A_nagniat.sur,156.1351554941312,810.0000000000001,809.0,532.0,655289.9999999508,Brass,MO58A,hybrid,256,256,3.0000000000000004,1,P1,P1-MO58A_nagniat,area,Burnishing,nagniat,simple
145.36505539033007,145.26033640365523,149.36655947912297,181.13982656739154,180.98995739306156,187.34316490288163,1036.9686397068988,1013.2719698546313,3484.618675857259,0.0,0.0,0.10471898667482149,-4.001504088792914,0.14986917432998098,-6.203338335490084,23.69666985226758,-2447.65003615036,0.0,0.0,/Users/dawid/Library/Mobile Documents/com~apple~CloudDocs/Dokumenty/Publikacje własne/Manuscripts/Quantum_interference/data/P1-MO58A_nagniat.sur,9.56560416653075,810.0000000000001,809.0,532.0,655289.9999999508,Brass,MO58A,classical,256,256,3.0000000000000004,2,P1,P1-MO58A_nagniat,area,Burnishing,nagniat,simple
585.8427053665571,145.26033640365523,149.36655947912297,733.7015712339136,180.98995739306156,187.34316490288163,6283.571998170868,1013.2719698546313,3484.618675857259,0.0,0.0,440.5823689629018,436.47614588743414,552.711613840852,546.358406331032,5270.300028316237,2798.9533223136095,0.0,0.0,/Users/dawid/Library/Mobile Documents/com~apple~CloudDocs/Dokumenty/Publikacje własne/Manuscripts/Quantum_interference/data/P1-MO58A_nagniat.sur,709.7864681229695,810.0000000000001,809.0,532.0,655289.9999999508,Brass,MO58A,quantum_like,256,256,3.0000000000000004,2,P1,P1-MO58A_nagniat,area,Burnishing,nagniat,simple
189.32290061079783,145.26033640365523,149.36655947912297,240.0959336570586,180.98995739306156,187.34316490288163,1781.6007681277222,1013.2719698546313,3484.618675857259,0.0,0.0,44.06256420714259,39.956341131674854,59.10597626399706,52.75276875417699,768.328798273091,-1703.0179077295365,0.0,0.0,/Users/dawid/Library/Mobile Documents/com~apple~CloudDocs/Dokumenty/Publikacje własne/Manuscripts/Quantum_interference/data/P1-MO58A_nagniat.sur,154.85130098474178,810.0000000000001,809.0,532.0,655289.9999999508,Brass,MO58A,hybrid,256,256,3.0000000000000004,2,P1,P1-MO58A_nagniat,area,Burnishing,nagniat,simple
145.3469607199601,145.26033640365523,149.36655947912297,181.1309735484717,180.98995739306156,187.34316490288163,1036.8105822759626,1013.2719698546313,3484.618675857259,0.0,0.0,0.08662431630484531,-4.019598759162891,0.14101615541014378,-6.212191354409922,23.538612421331294,-2447.8080935812964,0.0,0.0,/Users/dawid/Library/Mobile Documents/com~apple~CloudDocs/Dokumenty/Publikacje własne/Manuscripts/Quantum_interference/data/P1-MO58A_nagniat.sur,9.564803321763664,810.0000000000001,809.0,532.0,655289.9999999508,Brass,MO58A,classical,256,256,3.0000000000000004,3,P1,P1-MO58A_nagniat,area,Burnishing,nagniat,simple
582.9297751406181,145.26033640365523,149.36655947912297,731.4851929955372,180.98995739306156,187.34316490288163,6318.201525114316,1013.2719698546313,3484.618675857259,0.0,0.0,437.6694387369628,433.56321566149506,550.4952356024756,544.1420280926556,5304.929555259685,2833.5828492570568,0.0,0.0,/Users/dawid/Library/Mobile Documents/com~apple~CloudDocs/Dokumenty/Publikacje własne/Manuscripts/Quantum_interference/data/P1-MO58A_nagniat.sur,708.2497122508137,810.0000000000001,809.0,532.0,655289.9999999508,Brass,MO58A,quantum_like,256,256,3.0000000000000004,3,P1,P1-MO58A_nagniat,area,Burnishing,nagniat,simple
193.73671130210002,145.26033640365523,149.36655947912297,238.25471953652007,180.98995739306156,187.34316490288163,1703.1107636196905,1013.2719698546313,3484.618675857259,0.0,0.0,48.476374898444774,44.370151822977036,57.26476214345852,50.91155463363845,689.8387937650592,-1781.5079122375685,0.0,0.0,/Users/dawid/Library/Mobile Documents/com~apple~CloudDocs/Dokumenty/Publikacje własne/Manuscripts/Quantum_interference/data/P1-MO58A_nagniat.sur,156.22597513664826,810.0000000000001,809.0,532.0,655289.9999999508,Brass,MO58A,hybrid,256,256,3.0000000000000004,3,P1,P1-MO58A_nagniat,area,Burnishing,nagniat,simple
693.8852407013657,1284.9933550707844,1386.8772375518495,889.2761697478305,1636.5550981867475,2154.5371115300177,6948.680481461649,22299.111784202174,97070.55657722981,0.0,0.0,-591.1081143694187,-692.9919968504838,-747.2789284389171,-1265.260941782187,-15350.431302740526,-90121.87609576815,0.0,0.0,/Users/dawid/Library/Mobile Documents/com~apple~CloudDocs/Dokumenty/Publikacje własne/Manuscripts/Quantum_interference/data/P1-MO58A_t_zgrub.sur,1845.7893908872563,810.0000000000001,809.0,532.0,655289.9999999508,Brass,MO58A,classical,256,256,3.0000000000000004,0,P1,P1-MO58A_t_zgrub,area,Turning (roughing),t_zgrub,simple
1403.6892956137276,1284.9933550707844,1386.8772375518495,1782.815264854741,1636.5550981867475,2154.5371115300177,25579.559349911826,22299.111784202174,97070.55657722981,0.0,0.0,118.69594054294336,16.812058061878197,146.2601666679934,-371.7218466752767,3280.447565709655,-71490.99722731799,0.0,0.0,/Users/dawid/Library/Mobile Documents/com~apple~CloudDocs/Dokumenty/Publikacje własne/Manuscripts/Quantum_interference/data/P1-MO58A_t_zgrub.sur,710.5860406518643,810.0000000000001,809.0,532.0,655289.9999999508,Brass,MO58A,quantum_like,256,256,3.0000000000000004,0,P1,P1-MO58A_t_zgrub,area,Turning (roughing),t_zgrub,simple
926.6784536580831,1284.9933550707844,1386.8772375518495,1168.3321928276648,1636.5550981867475,2154.5371115300177,13064.523408682264,22299.111784202174,97070.55657722981,0.0,0.0,-358.3149014127012,-460.1987838937664,-468.2229053590827,-986.2049187023528,-9234.588375519908,-84006.03316854755,0.0,0.0,/Users/dawid/Library/Mobile Documents/com~apple~CloudDocs/Dokumenty/Publikacje własne/Manuscripts/Quantum_interference/data/P1-MO58A_t_zgrub.sur,803.027346072759,810.0000000000001,809.0,532.0,655289.9999999508,Brass,MO58A,hybrid,256,256,3.0000000000000004,0,P1,P1-MO58A_t_zgrub,area,Turning (roughing),t_zgrub,simple
687.9972439759026,1284.9933550707844,1386.8772375518495,880.7894979493432,1636.5550981867475,2154.5371115300177,6903.892267189101,22299.111784202174,97070.55657722981,0.0,0.0,-596.9961110948817,-698.8799935759469,-755.7656002374043,-1273.7476135806746,-15395.21951701307,-90166.66431004071,0.0,0.0,/Users/dawid/Library/Mobile Documents/com~apple~CloudDocs/Dokumenty/Publikacje własne/Manuscripts/Quantum_interference/data/P1-MO58A_t_zgrub.sur,1843.9020687768427,810.0000000000001,809.0,532.0,655289.9999999508,Brass,MO58A,classical,256,256,3.0000000000000004,1,P1,P1-MO58A_t_zgrub,area,Turning (roughing),t_zgrub,simple
1408.3422955460642,1284.9933550707844,1386.8772375518495,1786.9997487678168,1636.5550981867475,2154.5371115300177,24040.177138498337,22299.111784202174,97070.55657722981,0.0,0.0,123.34894047527995,21.465057994214778,150.44465058106908,-367.537362762201,1741.0653542961657,-73030.37943873147,0.0,0.0,/Users/dawid/Library/Mobile Documents/com~apple~CloudDocs/Dokumenty/Publikacje własne/Manuscripts/Quantum_interference/data/P1-MO58A_t_zgrub.sur,710.6500284823546,810.0000000000001,809.0,532.0,655289.9999999508,Brass,MO58A,quantum_like,256,256,3.0000000000000004,1,P1,P1-MO58A_t_zgrub,area,Turning (roughing),t_zgrub,simple
931.5392221052405,1284.9933550707844,1386.8772375518495,1171.7055077372725,1636.5550981867475,2154.5371115300177,13218.29691414679,22299.111784202174,97070.55657722981,0.0,0.0,-353.4541329655439,-455.33801544660906,-464.84959044947516,-982.8316037927452,-9080.814870055383,-83852.25966308302,0.0,0.0,/Users/dawid/Library/Mobile Documents/com~apple~CloudDocs/Dokumenty/Publikacje własne/Manuscripts/Quantum_interference/data/P1-MO58A_t_zgrub.sur,800.5653873300708,810.0000000000001,809.0,532.0,655289.9999999508,Brass,MO58A,hybrid,256,256,3.0000000000000004,1,P1,P1-MO58A_t_zgrub,area,Turning (roughing),t_zgrub,simple
695.5949764068711,1284.9933550707844,1386.8772375518495,890.4708396097905,1636.5550981867475,2154.5371115300177,6967.535845552822,22299.111784202174,97070.55657722981,0.0,0.0,-589.3983786639133,-691.2822611449784,-746.0842585769572,-1264.0662719202273,-15331.575938649352,-90103.02073167698,0.0,0.0,/Users/dawid/Library/Mobile Documents/com~apple~CloudDocs/Dokumenty/Publikacje własne/Manuscripts/Quantum_interference/data/P1-MO58A_t_zgrub.sur,1848.6246611638708,810.0000000000001,809.0,532.0,655289.9999999508,Brass,MO58A,classical,256,256,3.0000000000000004,2,P1,P1-MO58A_t_zgrub,area,Turning (roughing),t_zgrub,simple
1404.082390593231,1284.9933550707844,1386.8772375518495,1783.6977271640242,1636.5550981867475,2154.5371115300177,24984.452222348704,22299.111784202174,97070.55657722981,0.0,0.0,119.08903552244652,17.205153041381344,147.14262897727664,-370.83938436599345,2685.3404381465307,-72086.10435488111,0.0,0.0,/Users/dawid/Library/Mobile Documents/com~apple~CloudDocs/Dokumenty/Publikacje własne/Manuscripts/Quantum_interference/data/P1-MO58A_t_zgrub.sur,706.8972353788591,810.0000000000001,809.0,532.0,655289.9999999508,Brass,MO58A,quantum_like,256,256,3.0000000000000004,2,P1,P1-MO58A_t_zgrub,area,Turning (roughing),t_zgrub,simple
930.0565382052176,1284.9933550707844,1386.8772375518495,1170.742867326433,1636.5550981867475,2154.5371115300177,13669.464786892531,22299.111784202174,97070.55657722981,0.0,0.0,-354.9368168655667,-456.82069934663184,-465.81223086031457,-983.7942442035846,-8629.646997309641,-83401.09179033728,0.0,0.0,/Users/dawid/Library/Mobile Documents/com~apple~CloudDocs/Dokumenty/Publikacje własne/Manuscripts/Quantum_interference/data/P1-MO58A_t_zgrub.sur,802.2927546642444,810.0000000000001,809.0,532.0,655289.9999999508,Brass,MO58A,hybrid,256,256,3.0000000000000004,2,P1,P1-MO58A_t_zgrub,area,Turning (roughing),t_zgrub,simple
687.1227450136286,1284.9933550707844,1386.8772375518495,885.1667585051463,1636.5550981867475,2154.5371115300177,7131.504172865766,22299.111784202174,97070.55657722981,0.0,0.0,-597.8706100571558,-699.754492538221,-751.3883396816012,-1269.3703530248715,-15167.607611336407,-89939.05240436405,0.0,0.0,/Users/dawid/Library/Mobile Documents/com~apple~CloudDocs/Dokumenty/Publikacje własne/Manuscripts/Quantum_interference/data/P1-MO58A_t_zgrub.sur,1849.6889226496019,810.0000000000001,809.0,532.0,655289.9999999508,Brass,MO58A,classical,256,256,3.0000000000000004,3,P1,P1-MO58A_t_zgrub,area,Turning (roughing),t_zgrub,simple
1409.5275130209534,1284.9933550707844,1386.8772375518495,1786.5331573762564,1636.5550981867475,2154.5371115300177,22809.190017328787,22299.111784202174,97070.55657722981,0.0,0.0,124.53415795016912,22.650275469103946,149.97805918950877,-368.0039541537613,510.07823312661503,-74261.36655990103,0.0,0.0,/Users/dawid/Library/Mobile Documents/com~apple~CloudDocs/Dokumenty/Publikacje własne/Manuscripts/Quantum_interference/data/P1-MO58A_t_zgrub.sur,716.7369970221631,810.0000000000001,809.0,532.0,655289.9999999508,Brass,MO58A,quantum_like,256,256,3.0000000000000004,3,P1,P1-MO58A_t_zgrub,area,Turning (roughing),t_zgrub,simple
929.4689257834833,1284.9933550707844,1386.8772375518495,1168.3985876204729,1636.5550981867475,2154.5371115300177,12934.57916525268,22299.111784202174,97070.55657722981,0.0,0.0,-355.524429287301,-457.40831176836616,-468.1565105662748,-986.1385239095449,-9364.532618949494,-84135.97741197713,0.0,0.0,/Users/dawid/Library/Mobile Documents/com~apple~CloudDocs/Dokumenty/Publikacje własne/Manuscripts/Quantum_interference/data/P1-MO58A_t_zgrub.sur,802.3310324703981,810.0000000000001,809.0,532.0,655289.9999999508,Brass,MO58A,hybrid,256,256,3.0000000000000004,3,P1,P1-MO58A_t_zgrub,area,Turning (roughing),t_zgrub,simple
700.0371580122437,340.25414805552055,623.3622952841346,913.9316776226411,610.8953384067628,1678.008257576369,6593.658076764369,23870.72325179736,119387.24119355052,0.0,0.0,359.7830099567232,76.67486272810912,303.0363392158783,-764.076579953728,-17277.065175032993,-112793.58311678616,0.0,0.0,/Users/dawid/Library/Mobile Documents/com~apple~CloudDocs/Dokumenty/Publikacje własne/Manuscripts/Quantum_interference/data/P1-MO58A_wedm_wyk.sur,1082.8716998007421,810.0000000000001,809.0,532.0,655289.9999999508,Brass,MO58A,classical,256,256,3.0000000000000004,0,P1,P1-MO58A_wedm_wyk,area,Wire EDM (finishing),wedm_wyk,simple
673.203252942785,340.25414805552055,623.3622952841346,940.2079975410048,610.8953384067628,1678.008257576369,24474.163305661004,23870.72325179736,119387.24119355052,0.0,0.0,332.9491048872644,49.84095765865034,329.31265913424204,-737.8002600353643,603.4400538636428,-94913.07788788952,0.0,0.0,/Users/dawid/Library/Mobile Documents/com~apple~CloudDocs/Dokumenty/Publikacje własne/Manuscripts/Quantum_interference/data/P1-MO58A_wedm_wyk.sur,714.0380848588002,810.0000000000001,809.0,532.0,655289.9999999508,Brass,MO58A,quantum_like,256,256,3.0000000000000004,0,P1,P1-MO58A_wedm_wyk,area,Wire EDM (finishing),wedm_wyk,simple
262.2536828284622,340.25414805552055,623.3622952841346,406.05429872051656,610.8953384067628,1678.008257576369,10427.783866535985,23870.72325179736,119387.24119355052,0.0,0.0,-78.00046522705833,-361.1086124556724,-204.84103968624623,-1271.9539588558525,-13442.939385261376,-108959.45732701453,0.0,0.0,/Users/dawid/Library/Mobile Documents/com~apple~CloudDocs/Dokumenty/Publikacje własne/Manuscripts/Quantum_interference/data/P1-MO58A_wedm_wyk.sur,432.36428381487565,810.0000000000001,809.0,532.0,655289.9999999508,Brass,MO58A,hybrid,256,256,3.0000000000000004,0,P1,P1-MO58A_wedm_wyk,area,Wire EDM (finishing),wedm_wyk,simple
706.2588698712768,340.25414805552055,623.3622952841346,922.6625662501551,610.8953384067628,1678.008257576369,6820.193334448922,23870.72325179736,119387.24119355052,0.0,0.0,366.0047218157563,82.89657458714221,311.76722784339233,-755.345691326214,-17050.52991734844,-112567.0478591016,0.0,0.0,/Users/dawid/Library/Mobile Documents/com~apple~CloudDocs/Dokumenty/Publikacje własne/Manuscripts/Quantum_interference/data/P1-MO58A_wedm_wyk.sur,1090.4444472546943,810.0000000000001,809.0,532.0,655289.9999999508,Brass,MO58A,classical,256,256,3.0000000000000004,1,P1,P1-MO58A_wedm_wyk,area,Wire EDM (finishing),wedm_wyk,simple
670.5172406135299,340.25414805552055,623.3622952841346,934.3426719727654,610.8953384067628,1678.008257576369,24102.109725043923,23870.72325179736,119387.24119355052,0.0,0.0,330.2630925580094,47.154945329395325,323.44733356600267,-743.6655856036036,231.38647324656154,-95285.1314685066,0.0,0.0,/Users/dawid/Library/Mobile Documents/com~apple~CloudDocs/Dokumenty/Publikacje własne/Manuscripts/Quantum_interference/data/P1-MO58A_wedm_wyk.sur,709.076612010327,810.0000000000001,809.0,532.0,655289.9999999508,Brass,MO58A,quantum_like,256,256,3.0000000000000004,1,P1,P1-MO58A_wedm_wyk,area,Wire EDM (finishing),wedm_wyk,simple
261.1980792599665,340.25414805552055,623.3622952841346,402.3310279518684,610.8953384067628,1678.008257576369,10309.160319205423,23870.72325179736,119387.24119355052,0.0,0.0,-79.05606879555404,-362.1642160241681,-208.56431045489435,-1275.6772296245006,-13561.562932591936,-109078.0808743451,0.0,0.0,/Users/dawid/Library/Mobile Documents/com~apple~CloudDocs/Dokumenty/Publikacje własne/Manuscripts/Quantum_interference/data/P1-MO58A_wedm_wyk.sur,432.36912791664054,810.0000000000001,809.0,532.0,655289.9999999508,Brass,MO58A,hybrid,256,256,3.0000000000000004,1,P1,P1-MO58A_wedm_wyk,area,Wire EDM (finishing),wedm_wyk,simple
697.3822534647986,340.25414805552055,623.3622952841346,912.781701343574,610.8953384067628,1678.008257576369,6808.462774277205,23870.72325179736,119387.24119355052,0.0,0.0,357.1281054092781,74.019958180664,301.8863629368112,-765.2265562327951,-17062.260477520154,-112578.77841927332,0.0,0.0,/Users/dawid/Library/Mobile Documents/com~apple~CloudDocs/Dokumenty/Publikacje własne/Manuscripts/Quantum_interference/data/P1-MO58A_wedm_wyk.sur,1081.6591523983764,810.0000000000001,809.0,532.0,655289.9999999508,Brass,MO58A,classical,256,256,3.0000000000000004,2,P1,P1-MO58A_wedm_wyk,area,Wire EDM (finishing),wedm_wyk,simple
673.8016277693727,340.25414805552055,623.3622952841346,937.9708931931706,610.8953384067628,1678.008257576369,23805.414573062022,23870.72325179736,119387.24119355052,0.0,0.0,333.54747971385206,50.439332485238,327.0755547864078,-740.0373643831986,-65.3086787353368,-95581.8266204885,0.0,0.0,/Users/dawid/Library/Mobile Documents/com~apple~CloudDocs/Dokumenty/Publikacje własne/Manuscripts/Quantum_interference/data/P1-MO58A_wedm_wyk.sur,712.8873865817625,810.0000000000001,809.0,532.0,655289.9999999508,Brass,MO58A,quantum_like,256,256,3.0000000000000004,2,P1,P1-MO58A_wedm_wyk,area,Wire EDM (finishing),wedm_wyk,simple
264.9733168858425,340.25414805552055,623.3622952841346,405.5422688086736,610.8953384067628,1678.008257576369,10201.754160131084,23870.72325179736,119387.24119355052,0.0,0.0,-75.28083116967802,-358.3889783982921,-205.35306959808915,-1272.4659887676955,-13668.969091666277,-109185.48703341944,0.0,0.0,/Users/dawid/Library/Mobile Documents/com~apple~CloudDocs/Dokumenty/Publikacje własne/Manuscripts/Quantum_interference/data/P1-MO58A_wedm_wyk.sur,432.15050962943957,810.0000000000001,809.0,532.0,655289.9999999508,Brass,MO58A,hybrid,256,256,3.0000000000000004,2,P1,P1-MO58A_wedm_wyk,area,Wire EDM (finishing),wedm_wyk,simple
698.6441961824885,340.25414805552055,623.3622952841346,914.9269850256757,610.8953384067628,1678.008257576369,6692.87189382357,23870.72325179736,119387.24119355052,0.0,0.0,358.39004812696794,75.28190089835385,304.0316466189129,-763.0812725506935,-17177.851357973792,-112694.36929972695,0.0,0.0,/Users/dawid/Library/Mobile Documents/com~apple~CloudDocs/Dokumenty/Publikacje własne/Manuscripts/Quantum_interference/data/P1-MO58A_wedm_wyk.sur,1083.999880761496,810.0000000000001,809.0,532.0,655289.9999999508,Brass,MO58A,classical,256,256,3.0000000000000004,3,P1,P1-MO58A_wedm_wyk,area,Wire EDM (finishing),wedm_wyk,simple
665.7448679658197,340.25414805552055,623.3622952841346,932.9140620457756,610.8953384067628,1678.008257576369,25091.185644901292,23870.72325179736,119387.24119355052,0.0,0.0,325.4907199102992,42.382572681685126,322.0187236390129,-745.0941955305935,1220.4623931039307,-94296.05554864924,0.0,0.0,/Users/dawid/Library/Mobile Documents/com~apple~CloudDocs/Dokumenty/Publikacje własne/Manuscripts/Quantum_interference/data/P1-MO58A_wedm_wyk.sur,703.755251673053,810.0000000000001,809.0,532.0,655289.9999999508,Brass,MO58A,quantum_like,256,256,3.0000000000000004,3,P1,P1-MO58A_wedm_wyk,area,Wire EDM (finishing),wedm_wyk,simple
259.9948376420157,340.25414805552055,623.3622952841346,402.02049515852053,610.8953384067628,1678.008257576369,10381.756333842995,23870.72325179736,119387.24119355052,0.0,0.0,-80.25931041350485,-363.36745764211895,-208.87484324824226,-1275.9877624178487,-13488.966917954365,-109005.48485970752,0.0,0.0,/Users/dawid/Library/Mobile Documents/com~apple~CloudDocs/Dokumenty/Publikacje własne/Manuscripts/Quantum_interference/data/P1-MO58A_wedm_wyk.sur,431.3492627138156,810.0000000000001,809.0,532.0,655289.9999999508,Brass,MO58A,hybrid,256,256,3.0000000000000004,3,P1,P1-MO58A_wedm_wyk,area,Wire EDM (finishing),wedm_wyk,simple
705.3733832222057,76181.75825171938,88536.39320245878,909.8000183042266,95543.18876467575,114712.78171870453,6252.711535240642,1160504.7392569627,2608601.8359336206,0.0,0.0,-75476.38486849717,-87831.01981923658,-94633.38874637154,-113802.98170040031,-1154252.027721722,-2602349.12439838,0.0,0.0,/Users/dawid/Library/Mobile Documents/com~apple~CloudDocs/Dokumenty/Publikacje własne/Manuscripts/Quantum_interference/data/P1-MO58A_wedm_zgru_1prz.sur,95554.65712911148,810.0000000000001,809.0,532.0,655289.9999999508,Brass,MO58A,classical,256,256,3.0000000000000004,0,P1,P1-MO58A_wedm_zgru_1prz,area,Wire EDM (roughing),wedm_zgru_1prz,simple
358743.77318419906,76181.75825171938,88536.39320245878,461723.7974808962,95543.18876467575,114712.78171870453,3662145.523256222,1160504.7392569627,2608601.8359336206,0.0,0.0,282562.0149324797,270207.3799817403,366180.6087162205,347011.0157621917,2501640.783999259,1053543.6873226012,0.0,0.0,/Users/dawid/Library/Mobile Documents/com~apple~CloudDocs/Dokumenty/Publikacje własne/Manuscripts/Quantum_interference/data/P1-MO58A_wedm_zgru_1prz.sur,454494.59662687796,810.0000000000001,809.0,532.0,655289.9999999508,Brass,MO58A,quantum_like,256,256,3.0000000000000004,0,P1,P1-MO58A_wedm_zgru_1prz,area,Wire EDM (roughing),wedm_zgru_1prz,simple
253258.57192671543,76181.75825171938,88536.39320245878,316504.8015862556,95543.18876467575,114712.78171870453,2417507.7897045966,1160504.7392569627,2608601.8359336206,0.0,0.0,177076.81367499605,164722.17872425666,220961.61282157985,201792.01986755108,1257003.050447634,-191094.0462290238,0.0,0.0,/Users/dawid/Library/Mobile Documents/com~apple~CloudDocs/Dokumenty/Publikacje własne/Manuscripts/Quantum_interference/data/P1-MO58A_wedm_zgru_1prz.sur,318767.86881771137,810.0000000000001,809.0,532.0,655289.9999999508,Brass,MO58A,hybrid,256,256,3.0000000000000004,0,P1,P1-MO58A_wedm_zgru_1prz,area,Wire EDM (roughing),wedm_zgru_1prz,simple
703.0385551960211,76181.75825171938,88536.39320245878,908.7390946095337,95543.18876467575,114712.78171870453,6608.794343542372,1160504.7392569627,2608601.8359336206,0.0,0.0,-75478.71969652336,-87833.35464726276,-94634.44967006623,-113804.042624095,-1153895.9449134204,-2601993.0415900783,0.0,0.0,/Users/dawid/Library/Mobile Documents/com~apple~CloudDocs/Dokumenty/Publikacje własne/Manuscripts/Quantum_interference/data/P1-MO58A_wedm_zgru_1prz.sur,95553.40083052959,810.0000000000001,809.0,532.0,655289.9999999508,Brass,MO58A,classical,256,256,3.0000000000000004,1,P1,P1-MO58A_wedm_zgru_1prz,area,Wire EDM (roughing),wedm_zgru_1prz,simple
357484.7125061535,76181.75825171938,88536.39320245878,459854.9231778672,95543.18876467575,114712.78171870453,3660461.1603262518,1160504.7392569627,2608601.8359336206,0.0,0.0,281302.95425443415,268948.3193036947,364311.7344131915,345142.1414591627,2499956.421069289,1051859.3243926312,0.0,0.0,/Users/dawid/Library/Mobile Documents/com~apple~CloudDocs/Dokumenty/Publikacje własne/Manuscripts/Quantum_interference/data/P1-MO58A_wedm_zgru_1prz.sur,452550.74121838587,810.0000000000001,809.0,532.0,655289.9999999508,Brass,MO58A,quantum_like,256,256,3.0000000000000004,1,P1,P1-MO58A_wedm_zgru_1prz,area,Wire EDM (roughing),wedm_zgru_1prz,simple
252003.00129941755,76181.75825171938,88536.39320245878,315614.7703294408,95543.18876467575,114712.78171870453,2412389.971032134,1160504.7392569627,2608601.8359336206,0.0,0.0,175821.24304769817,163466.60809695878,220071.58156476507,200901.98861073633,1251885.231775171,-196211.86490148676,0.0,0.0,/Users/dawid/Library/Mobile Documents/com~apple~CloudDocs/Dokumenty/Publikacje własne/Manuscripts/Quantum_interference/data/P1-MO58A_wedm_zgru_1prz.sur,317996.9835898243,810.0000000000001,809.0,532.0,655289.9999999508,Brass,MO58A,hybrid,256,256,3.0000000000000004,1,P1,P1-MO58A_wedm_zgru_1prz,area,Wire EDM (roughing),wedm_zgru_1prz,simple
705.4398816013913,76181.75825171938,88536.39320245878,911.5423866287607,95543.18876467575,114712.78171870453,6549.939246619694,1160504.7392569627,2608601.8359336206,0.0,0.0,-75476.318370118,-87830.9533208574,-94631.646378047,-113801.23933207577,-1153954.8000103428,-2602051.896687001,0.0,0.0,/Users/dawid/Library/Mobile Documents/com~apple~CloudDocs/Dokumenty/Publikacje własne/Manuscripts/Quantum_interference/data/P1-MO58A_wedm_zgru_1prz.sur,95552.59293331759,810.0000000000001,809.0,532.0,655289.9999999508,Brass,MO58A,classical,256,256,3.0000000000000004,2,P1,P1-MO58A_wedm_zgru_1prz,area,Wire EDM (roughing),wedm_zgru_1prz,simple
353593.7114329319,76181.75825171938,88536.39320245878,456081.04849862313,95543.18876467575,114712.78171870453,3661760.5974156046,1160504.7392569627,2608601.8359336206,0.0,0.0,277411.95318121254,265057.31823047315,360537.85973394744,341368.26677991863,2501255.858158642,1053158.761481984,0.0,0.0,/Users/dawid/Library/Mobile Documents/com~apple~CloudDocs/Dokumenty/Publikacje własne/Manuscripts/Quantum_interference/data/P1-MO58A_wedm_zgru_1prz.sur,448973.87679849385,810.0000000000001,809.0,532.0,655289.9999999508,Brass,MO58A,quantum_like,256,256,3.0000000000000004,2,P1,P1-MO58A_wedm_zgru_1prz,area,Wire EDM (roughing),wedm_zgru_1prz,simple
245960.46890375897,76181.75825171938,88536.39320245878,310577.1179839187,95543.18876467575,114712.78171870453,2361620.876886672,1160504.7392569627,2608601.8359336206,0.0,0.0,169778.7106520396,157424.07570130017,215033.9292192429,195864.33626521417,1201116.1376297092,-246980.95904694856,0.0,0.0,/Users/dawid/Library/Mobile Documents/com~apple~CloudDocs/Dokumenty/Publikacje własne/Manuscripts/Quantum_interference/data/P1-MO58A_wedm_zgru_1prz.sur,313063.91531572264,810.0000000000001,809.0,532.0,655289.9999999508,Brass,MO58A,hybrid,256,256,3.0000000000000004,2,P1,P1-MO58A_wedm_zgru_1prz,area,Wire EDM (roughing),wedm_zgru_1prz,simple
705.4935652004657,76181.75825171938,88536.39320245878,911.5239949989315,95543.18876467575,114712.78171870453,6511.248890911227,1160504.7392569627,2608601.8359336206,0.0,0.0,-75476.26468651892,-87830.89963725832,-94631.66476967683,-113801.25772370561,-1153993.4903660514,-2602090.5870427093,0.0,0.0,/Users/dawid/Library/Mobile Documents/com~apple~CloudDocs/Dokumenty/Publikacje własne/Manuscripts/Quantum_interference/data/P1-MO58A_wedm_zgru_1prz.sur,95552.92747226647,810.0000000000001,809.0,532.0,655289.9999999508,Brass,MO58A,classical,256,256,3.0000000000000004,3,P1,P1-MO58A_wedm_zgru_1prz,area,Wire EDM (roughing),wedm_zgru_1prz,simple
356739.0529738424,76181.75825171938,88536.39320245878,457653.75524702494,95543.18876467575,114712.78171870453,3803210.9074950195,1160504.7392569627,2608601.8359336206,0.0,0.0,280557.294722123,268202.6597713836,362110.56648234924,342940.97352832044,2642706.168238057,1194609.0715613994,0.0,0.0,/Users/dawid/Library/Mobile Documents/com~apple~CloudDocs/Dokumenty/Publikacje własne/Manuscripts/Quantum_interference/data/P1-MO58A_wedm_zgru_1prz.sur,450068.77241104754,810.0000000000001,809.0,532.0,655289.9999999508,Brass,MO58A,quantum_like,256,256,3.0000000000000004,3,P1,P1-MO58A_wedm_zgru_1prz,area,Wire EDM (roughing),wedm_zgru_1prz,simple
251983.11122552457,76181.75825171938,88536.39320245878,314155.5403247627,95543.18876467575,114712.78171870453,2379697.7098710644,1160504.7392569627,2608601.8359336206,0.0,0.0,175801.3529738052,163446.7180230658,218612.3515600869,199442.75860605817,1219192.9706141017,-228904.12606255605,0.0,0.0,/Users/dawid/Library/Mobile Documents/com~apple~CloudDocs/Dokumenty/Publikacje własne/Manuscripts/Quantum_interference/data/P1-MO58A_wedm_zgru_1prz.sur,316233.721355195,810.0000000000001,809.0,532.0,655289.9999999508,Brass,MO58A,hybrid,256,256,3.0000000000000004,3,P1,P1-MO58A_wedm_zgru_1prz,area,Wire EDM (roughing),wedm_zgru_1prz,simple
664.940669691304,469.42585056562103,548.7149225512189,883.0472166119246,610.3819266295891,713.3317760266872,7753.816259334241,5636.036789390006,8954.240732494147,0.0,0.0,195.514819125683,116.22574714008512,272.6652899823355,169.71544058523733,2117.779469944236,-1200.424473159906,0.0,0.0,/Users/dawid/Library/Mobile Documents/com~apple~CloudDocs/Dokumenty/Publikacje własne/Manuscripts/Quantum_interference/data/P1-Ti6A14V_frez_wyk.sur,1063.0668367567594,810.0000000000001,809.0,532.0,655289.9999999508,Titanium,Ti6A14V,classical,256,256,3.0000000000000004,0,P1,P1-Ti6A14V_frez_wyk,area,Milling (finishing),frez_wyk,simple
740.7828569717827,469.42585056562103,548.7149225512189,935.7880886369592,610.3819266295891,713.3317760266872,8531.344764749228,5636.036789390006,8954.240732494147,0.0,0.0,271.3570064061617,192.0679344205638,325.40616200737,222.4563126102719,2895.3079753592233,-422.895967744919,0.0,0.0,/Users/dawid/Library/Mobile Documents/com~apple~CloudDocs/Dokumenty/Publikacje własne/Manuscripts/Quantum_interference/data/P1-Ti6A14V_frez_wyk.sur,708.5622194615423,810.0000000000001,809.0,532.0,655289.9999999508,Titanium,Ti6A14V,quantum_like,256,256,3.0000000000000004,0,P1,P1-Ti6A14V_frez_wyk,area,Milling (finishing),frez_wyk,simple
315.609660315053,469.42585056562103,548.7149225512189,422.00862573704745,610.3819266295891,713.3317760266872,4301.059251608067,5636.036789390006,8954.240732494147,0.0,0.0,-153.81619025056804,-233.10526223616594,-188.37330089254164,-291.3231502896398,-1334.9775377819385,-4653.181480886081,0.0,0.0,/Users/dawid/Library/Mobile Documents/com~apple~CloudDocs/Dokumenty/Publikacje własne/Manuscripts/Quantum_interference/data/P1-Ti6A14V_frez_wyk.sur,431.15706039140275,810.0000000000001,809.0,532.0,655289.9999999508,Titanium,Ti6A14V,hybrid,256,256,3.0000000000000004,0,P1,P1-Ti6A14V_frez_wyk,area,Milling (finishing),frez_wyk,simple
664.2677055790059,469.42585056562103,548.7149225512189,884.3985070644414,610.3819266295891,713.3317760266872,7745.4906863903925,5636.036789390006,8954.240732494147,0.0,0.0,194.84185501338484,115.55278302778696,274.01658043485236,171.06673103775424,2109.453897000387,-1208.7500461037553,0.0,0.0,/Users/dawid/Library/Mobile Documents/com~apple~CloudDocs/Dokumenty/Publikacje własne/Manuscripts/Quantum_interference/data/P1-Ti6A14V_frez_wyk.sur,1063.403015765632,810.0000000000001,809.0,532.0,655289.9999999508,Titanium,Ti6A14V,classical,256,256,3.0000000000000004,1,P1,P1-Ti6A14V_frez_wyk,area,Milling (finishing),frez_wyk,simple
743.8444869358651,469.42585056562103,548.7149225512189,939.1387415434776,610.3819266295891,713.3317760266872,9281.015333822792,5636.036789390006,8954.240732494147,0.0,0.0,274.41863637024403,195.12956438464616,328.7568149138886,225.80696551679046,3644.9785444327863,326.7746013286442,0.0,0.0,/Users/dawid/Library/Mobile Documents/com~apple~CloudDocs/Dokumenty/Publikacje własne/Manuscripts/Quantum_interference/data/P1-Ti6A14V_frez_wyk.sur,710.3290547297082,810.0000000000001,809.0,532.0,655289.9999999508,Titanium,Ti6A14V,quantum_like,256,256,3.0000000000000004,1,P1,P1-Ti6A14V_frez_wyk,area,Milling (finishing),frez_wyk,simple
319.0118222633216,469.42585056562103,548.7149225512189,426.0675737462774,610.3819266295891,713.3317760266872,3917.347320795337,5636.036789390006,8954.240732494147,0.0,0.0,-150.4140283022994,-229.7031002878973,-184.31435288331167,-287.26420228040985,-1718.6894685946684,-5036.89341169881,0.0,0.0,/Users/dawid/Library/Mobile Documents/com~apple~CloudDocs/Dokumenty/Publikacje własne/Manuscripts/Quantum_interference/data/P1-Ti6A14V_frez_wyk.sur,430.8081663016966,810.0000000000001,809.0,532.0,655289.9999999508,Titanium,Ti6A14V,hybrid,256,256,3.0000000000000004,1,P1,P1-Ti6A14V_frez_wyk,area,Milling (finishing),frez_wyk,simple
664.2736744879777,469.42585056562103,548.7149225512189,880.7592327238549,610.3819266295891,713.3317760266872,8131.7028126978885,5636.036789390006,8954.240732494147,0.0,0.0,194.8478239223567,115.55875193675881,270.3773060942658,167.42745669716766,2495.666023307883,-822.5379197962594,0.0,0.0,/Users/dawid/Library/Mobile Documents/com~apple~CloudDocs/Dokumenty/Publikacje własne/Manuscripts/Quantum_interference/data/P1-Ti6A14V_frez_wyk.sur,1065.2279250431254,810.0000000000001,809.0,532.0,655289.9999999508,Titanium,Ti6A14V,classical,256,256,3.0000000000000004,2,P1,P1-Ti6A14V_frez_wyk,area,Milling (finishing),frez_wyk,simple
741.0907535717472,469.42585056562103,548.7149225512189,936.5365898718348,610.3819266295891,713.3317760266872,7905.368421823881,5636.036789390006,8954.240732494147,0.0,0.0,271.6649030061262,192.37583102052832,326.1546632422457,223.20481384514758,2269.3316324338757,-1048.8723106702664,0.0,0.0,/Users/dawid/Library/Mobile Documents/com~apple~CloudDocs/Dokumenty/Publikacje własne/Manuscripts/Quantum_interference/data/P1-Ti6A14V_frez_wyk.sur,707.2949829111893,810.0000000000001,809.0,532.0,655289.9999999508,Titanium,Ti6A14V,quantum_like,256,256,3.0000000000000004,2,P1,P1-Ti6A14V_frez_wyk,area,Milling (finishing),frez_wyk,simple
319.3719631522302,469.42585056562103,548.7149225512189,428.11386419306615,610.3819266295891,713.3317760266872,3963.2797287182443,5636.036789390006,8954.240732494147,0.0,0.0,-150.05388741339084,-229.34295939898874,-182.26806243652294,-285.2179118336211,-1672.7570606717616,-4990.961003775904,0.0,0.0,/Users/dawid/Library/Mobile Documents/com~apple~CloudDocs/Dokumenty/Publikacje własne/Manuscripts/Quantum_interference/data/P1-Ti6A14V_frez_wyk.sur,431.17465951014935,810.0000000000001,809.0,532.0,655289.9999999508,Titanium,Ti6A14V,hybrid,256,256,3.0000000000000004,2,P1,P1-Ti6A14V_frez_wyk,area,Milling (finishing),frez_wyk,simple
659.7221131029075,469.42585056562103,548.7149225512189,876.8062319516788,610.3819266295891,713.3317760266872,7867.83532930272,5636.036789390006,8954.240732494147,0.0,0.0,190.29626253728654,111.00719055168867,266.42430532208965,163.4744559249915,2231.7985399127147,-1086.4054031914275,0.0,0.0,/Users/dawid/Library/Mobile Documents/com~apple~CloudDocs/Dokumenty/Publikacje własne/Manuscripts/Quantum_interference/data/P1-Ti6A14V_frez_wyk.sur,1061.4057044069048,810.0000000000001,809.0,532.0,655289.9999999508,Titanium,Ti6A14V,classical,256,256,3.0000000000000004,3,P1,P1-Ti6A14V_frez_wyk,area,Milling (finishing),frez_wyk,simple
741.3770686071425,469.42585056562103,548.7149225512189,935.132051051996,610.3819266295891,713.3317760266872,8804.413062272002,5636.036789390006,8954.240732494147,0.0,0.0,271.95121804152154,192.66214605592364,324.75012442240694,221.8002750253088,3168.376272881997,-149.827670222145,0.0,0.0,/Users/dawid/Library/Mobile Documents/com~apple~CloudDocs/Dokumenty/Publikacje własne/Manuscripts/Quantum_interference/data/P1-Ti6A14V_frez_wyk.sur,708.5904646337136,810.0000000000001,809.0,532.0,655289.9999999508,Titanium,Ti6A14V,quantum_like,256,256,3.0000000000000004,3,P1,P1-Ti6A14V_frez_wyk,area,Milling (finishing),frez_wyk,simple
314.35445730062054,469.42585056562103,548.7149225512189,421.59312327906827,610.3819266295891,713.3317760266872,3920.376126744579,5636.036789390006,8954.240732494147,0.0,0.0,-155.0713932650005,-234.3604652505984,-188.78880335052085,-291.73865274761897,-1715.6606626454266,-5033.864605749569,0.0,0.0,/Users/dawid/Library/Mobile Documents/com~apple~CloudDocs/Dokumenty/Publikacje własne/Manuscripts/Quantum_interference/data/P1-Ti6A14V_frez_wyk.sur,430.92770115478595,810.0000000000001,809.0,532.0,655289.9999999508,Titanium,Ti6A14V,hybrid,256,256,3.0000000000000004,3,P1,P1-Ti6A14V_frez_wyk,area,Milling (finishing),frez_wyk,simple
760.6111430531143,641.8688484561754,683.9830450019091,988.9518192078962,822.469868351295,1071.5743326150443,8384.872981315704,21558.194735968656,70791.5363647731,0.0,0.0,118.74229459693888,76.62809805120526,166.4819508566012,-82.62251340714808,-13173.32175465295,-62406.66338345739,0.0,0.0,/Users/dawid/Library/Mobile Documents/com~apple~CloudDocs/Dokumenty/Publikacje własne/Manuscripts/Quantum_interference/data/P1-Ti6A14V_frez_zgr.sur,1189.6668783797754,810.0000000000001,809.0,532.0,655289.9999999508,Titanium,Ti6A14V,classical,256,256,3.0000000000000004,0,P1,P1-Ti6A14V_frez_zgr,area,Milling (roughing),frez_zgr,simple
863.8558444605014,641.8688484561754,683.9830450019091,1092.5076999470552,822.469868351295,1071.5743326150443,22200.15750801175,21558.194735968656,70791.5363647731,0.0,0.0,221.98699600432602,179.8727994585924,270.0378315957603,20.933367332010977,641.9627720430954,-48591.378856761345,0.0,0.0,/Users/dawid/Library/Mobile Documents/com~apple~CloudDocs/Dokumenty/Publikacje własne/Manuscripts/Quantum_interference/data/P1-Ti6A14V_frez_zgr.sur,718.1269878445263,810.0000000000001,809.0,532.0,655289.9999999508,Titanium,Ti6A14V,quantum_like,256,256,3.0000000000000004,0,P1,P1-Ti6A14V_frez_zgr,area,Milling (roughing),frez_zgr,simple
603.6030299691898,641.8688484561754,683.9830450019091,759.0382483604485,822.469868351295,1071.5743326150443,5734.440464337163,21558.194735968656,70791.5363647731,0.0,0.0,-38.265818486985616,-80.38001503271923,-63.431619990846464,-312.5360842545958,-15823.754271631493,-65057.09590043593,0.0,0.0,/Users/dawid/Library/Mobile Documents/com~apple~CloudDocs/Dokumenty/Publikacje własne/Manuscripts/Quantum_interference/data/P1-Ti6A14V_frez_zgr.sur,312.4341243030965,810.0000000000001,809.0,532.0,655289.9999999508,Titanium,Ti6A14V,hybrid,256,256,3.0000000000000004,0,P1,P1-Ti6A14V_frez_zgr,area,Milling (roughing),frez_zgr,simple
761.5479773153708,641.8688484561754,683.9830450019091,984.4825469524465,822.469868351295,1071.5743326150443,8132.569648556222,21558.194735968656,70791.5363647731,0.0,0.0,119.67912885919526,77.56493231346165,162.0126786011515,-87.0917856625978,-13425.625087412434,-62658.96671621686,0.0,0.0,/Users/dawid/Library/Mobile Documents/com~apple~CloudDocs/Dokumenty/Publikacje własne/Manuscripts/Quantum_interference/data/P1-Ti6A14V_frez_zgr.sur,1184.7480720794456,810.0000000000001,809.0,532.0,655289.9999999508,Titanium,Ti6A14V,classical,256,256,3.0000000000000004,1,P1,P1-Ti6A14V_frez_zgr,area,Milling (roughing),frez_zgr,simple
851.9713389530548,641.8688484561754,683.9830450019091,1081.1759255101822,822.469868351295,1071.5743326150443,23261.761231232176,21558.194735968656,70791.5363647731,0.0,0.0,210.1024904968793,167.9882939511457,258.7060571588873,9.601592895137998,1703.5664952635207,-47529.77513354092,0.0,0.0,/Users/dawid/Library/Mobile Documents/com~apple~CloudDocs/Dokumenty/Publikacje własne/Manuscripts/Quantum_interference/data/P1-Ti6A14V_frez_zgr.sur,705.0066363688746,810.0000000000001,809.0,532.0,655289.9999999508,Titanium,Ti6A14V,quantum_like,256,256,3.0000000000000004,1,P1,P1-Ti6A14V_frez_zgr,area,Milling (roughing),frez_zgr,simple
602.1603705607517,641.8688484561754,683.9830450019091,756.297971779573,822.469868351295,1071.5743326150443,5497.682400305999,21558.194735968656,70791.5363647731,0.0,0.0,-39.708477895423684,-81.8226744411573,-66.17189657172194,-315.2763608354712,-16060.512335662655,-65293.85396446709,0.0,0.0,/Users/dawid/Library/Mobile Documents/com~apple~CloudDocs/Dokumenty/Publikacje własne/Manuscripts/Quantum_interference/data/P1-Ti6A14V_frez_zgr.sur,314.70609932183,810.0000000000001,809.0,532.0,655289.9999999508,Titanium,Ti6A14V,hybrid,256,256,3.0000000000000004,1,P1,P1-Ti6A14V_frez_zgr,area,Milling (roughing),frez_zgr,simple
759.6692674644504,641.8688484561754,683.9830450019091,987.6346095466115,822.469868351295,1071.5743326150443,8391.20882408562,21558.194735968656,70791.5363647731,0.0,0.0,117.80041900827497,75.68622246254137,165.1647411953165,-83.9397230684328,-13166.985911883037,-62400.32754068747,0.0,0.0,/Users/dawid/Library/Mobile Documents/com~apple~CloudDocs/Dokumenty/Publikacje własne/Manuscripts/Quantum_interference/data/P1-Ti6A14V_frez_zgr.sur,1185.0585353521603,810.0000000000001,809.0,532.0,655289.9999999508,Titanium,Ti6A14V,classical,256,256,3.0000000000000004,2,P1,P1-Ti6A14V_frez_zgr,area,Milling (roughing),frez_zgr,simple
862.1230750580222,641.8688484561754,683.9830450019091,1090.0268407989045,822.469868351295,1071.5743326150443,20838.779121505773,21558.194735968656,70791.5363647731,0.0,0.0,220.25422660184677,178.14003005611318,267.55697244760944,18.45250818386015,-719.4156144628836,-49952.75724326732,0.0,0.0,/Users/dawid/Library/Mobile Documents/com~apple~CloudDocs/Dokumenty/Publikacje własne/Manuscripts/Quantum_interference/data/P1-Ti6A14V_frez_zgr.sur,709.9603614678281,810.0000000000001,809.0,532.0,655289.9999999508,Titanium,Ti6A14V,quantum_like,256,256,3.0000000000000004,2,P1,P1-Ti6A14V_frez_zgr,area,Milling (roughing),frez_zgr,simple
608.1642405605542,641.8688484561754,683.9830450019091,764.8751467324277,822.469868351295,1071.5743326150443,6000.085403347815,21558.194735968656,70791.5363647731,0.0,0.0,-33.70460789562127,-75.81880444135489,-57.59472161886737,-306.6991858826167,-15558.10933262084,-64791.450961425275,0.0,0.0,/Users/dawid/Library/Mobile Documents/com~apple~CloudDocs/Dokumenty/Publikacje własne/Manuscripts/Quantum_interference/data/P1-Ti6A14V_frez_zgr.sur,313.49071510701856,810.0000000000001,809.0,532.0,655289.9999999508,Titanium,Ti6A14V,hybrid,256,256,3.0000000000000004,2,P1,P1-Ti6A14V_frez_zgr,area,Milling (roughing),frez_zgr,simple
761.7669177191524,641.8688484561754,683.9830450019091,987.4311445373805,822.469868351295,1071.5743326150443,8129.466124682101,21558.194735968656,70791.5363647731,0.0,0.0,119.89806926297693,77.78387271724333,164.96127618608554,-84.14318807766375,-13428.728611286555,-62662.070240090994,0.0,0.0,/Users/dawid/Library/Mobile Documents/com~apple~CloudDocs/Dokumenty/Publikacje własne/Manuscripts/Quantum_interference/data/P1-Ti6A14V_frez_zgr.sur,1187.0281958877952,810.0000000000001,809.0,532.0,655289.9999999508,Titanium,Ti6A14V,classical,256,256,3.0000000000000004,3,P1,P1-Ti6A14V_frez_zgr,area,Milling (roughing),frez_zgr,simple
853.1805240733113,641.8688484561754,683.9830450019091,1080.3402564519515,822.469868351295,1071.5743326150443,21665.38572861717,21558.194735968656,70791.5363647731,0.0,0.0,211.31167561713582,169.1974790714022,257.87038810065656,8.765923836907277,107.19099264851293,-49126.15063615592,0.0,0.0,/Users/dawid/Library/Mobile Documents/com~apple~CloudDocs/Dokumenty/Publikacje własne/Manuscripts/Quantum_interference/data/P1-Ti6A14V_frez_zgr.sur,705.0736488689037,810.0000000000001,809.0,532.0,655289.9999999508,Titanium,Ti6A14V,quantum_like,256,256,3.0000000000000004,3,P1,P1-Ti6A14V_frez_zgr,area,Milling (roughing),frez_zgr,simple
604.3859338099779,641.8688484561754,683.9830450019091,754.8445542271528,822.469868351295,1071.5743326150443,5904.171026402785,21558.194735968656,70791.5363647731,0.0,0.0,-37.48291464619754,-79.59711119193115,-67.62531412414224,-316.72977838789154,-15654.023709565869,-64887.365338370306,0.0,0.0,/Users/dawid/Library/Mobile Documents/com~apple~CloudDocs/Dokumenty/Publikacje własne/Manuscripts/Quantum_interference/data/P1-Ti6A14V_frez_zgr.sur,313.78118866615705,810.0000000000001,809.0,532.0,655289.9999999508,Titanium,Ti6A14V,hybrid,256,256,3.0000000000000004,3,P1,P1-Ti6A14V_frez_zgr,area,Milling (roughing),frez_zgr,simple
628.3410638028786,289.77462995164757,347.8317815466067,825.8685270757845,410.8437237790098,803.7426150092576,6878.717595467782,10313.574305428681,44965.60414799983,0.0,0.0,338.56643385123095,280.5092822562719,415.02480329677473,22.125912066526862,-3434.856709960898,-38086.88655253204,0.0,0.0,/Users/dawid/Library/Mobile Documents/com~apple~CloudDocs/Dokumenty/Publikacje własne/Manuscripts/Quantum_interference/data/P1-Ti6A14V_nagniat.sur,912.4889245005302,810.0000000000001,809.0,532.0,655289.9999999508,Titanium,Ti6A14V,classical,256,256,3.0000000000000004,0,P1,P1-Ti6A14V_nagniat,area,Burnishing,nagniat,simple
640.2281105406504,289.77462995164757,347.8317815466067,817.7169919112429,410.8437237790098,803.7426150092576,12456.088489390895,10313.574305428681,44965.60414799983,0.0,0.0,350.45348058900277,292.3963289940437,406.8732681322331,13.974376901985167,2142.514183962214,-32509.515658608936,0.0,0.0,/Users/dawid/Library/Mobile Documents/com~apple~CloudDocs/Dokumenty/Publikacje własne/Manuscripts/Quantum_interference/data/P1-Ti6A14V_nagniat.sur,711.123735886256,810.0000000000001,809.0,532.0,655289.9999999508,Titanium,Ti6A14V,quantum_like,256,256,3.0000000000000004,0,P1,P1-Ti6A14V_nagniat,area,Burnishing,nagniat,simple
248.57179463796135,289.77462995164757,347.8317815466067,323.2966023276087,410.8437237790098,803.7426150092576,5469.489676231154,10313.574305428681,44965.60414799983,0.0,0.0,-41.20283531368625,-99.25998690864533,-87.54712145140111,-480.44601268164905,-4844.084629197528,-39496.11447176868,0.0,0.0,/Users/dawid/Library/Mobile Documents/com~apple~CloudDocs/Dokumenty/Publikacje własne/Manuscripts/Quantum_interference/data/P1-Ti6A14V_nagniat.sur,287.43959425818593,810.0000000000001,809.0,532.0,655289.9999999508,Titanium,Ti6A14V,hybrid,256,256,3.0000000000000004,0,P1,P1-Ti6A14V_nagniat,area,Burnishing,nagniat,simple
627.1346099761435,289.77462995164757,347.8317815466067,825.8846804702634,410.8437237790098,803.7426150092576,7370.072032814225,10313.574305428681,44965.60414799983,0.0,0.0,337.3599800244958,279.3028284295367,415.0409566912537,22.14206546100582,-2943.502272614456,-37595.53211518561,0.0,0.0,/Users/dawid/Library/Mobile Documents/com~apple~CloudDocs/Dokumenty/Publikacje własne/Manuscripts/Quantum_interference/data/P1-Ti6A14V_nagniat.sur,911.6771642898123,810.0000000000001,809.0,532.0,655289.9999999508,Titanium,Ti6A14V,classical,256,256,3.0000000000000004,1,P1,P1-Ti6A14V_nagniat,area,Burnishing,nagniat,simple
644.4304034605601,289.77462995164757,347.8317815466067,825.2468006614413,410.8437237790098,803.7426150092576,13297.346556524913,10313.574305428681,44965.60414799983,0.0,0.0,354.6557735089125,296.59862191395337,414.40307688243144,21.504185652183565,2983.7722510962326,-31668.25759147492,0.0,0.0,/Users/dawid/Library/Mobile Documents/com~apple~CloudDocs/Dokumenty/Publikacje własne/Manuscripts/Quantum_interference/data/P1-Ti6A14V_nagniat.sur,714.462420085088,810.0000000000001,809.0,532.0,655289.9999999508,Titanium,Ti6A14V,quantum_like,256,256,3.0000000000000004,1,P1,P1-Ti6A14V_nagniat,area,Burnishing,nagniat,simple
251.0265227484475,289.77462995164757,347.8317815466067,326.17079586133326,410.8437237790098,803.7426150092576,5816.985416097163,10313.574305428681,44965.60414799983,0.0,0.0,-38.74810720320009,-96.80525879815919,-84.67292791767656,-477.5718191479244,-4496.588889331519,-39148.618731902665,0.0,0.0,/Users/dawid/Library/Mobile Documents/com~apple~CloudDocs/Dokumenty/Publikacje własne/Manuscripts/Quantum_interference/data/P1-Ti6A14V_nagniat.sur,285.25400498621434,810.0000000000001,809.0,532.0,655289.9999999508,Titanium,Ti6A14V,hybrid,256,256,3.0000000000000004,1,P1,P1-Ti6A14V_nagniat,area,Burnishing,nagniat,simple
624.1873219514363,289.77462995164757,347.8317815466067,820.3281484129728,410.8437237790098,803.7426150092576,7140.183519796556,10313.574305428681,44965.60414799983,0.0,0.0,334.4126919997887,276.3555404048296,409.48442463396304,16.585533403715186,-3173.3907856321252,-37825.420628203276,0.0,0.0,/Users/dawid/Library/Mobile Documents/com~apple~CloudDocs/Dokumenty/Publikacje własne/Manuscripts/Quantum_interference/data/P1-Ti6A14V_nagniat.sur,907.8072550682939,810.0000000000001,809.0,532.0,655289.9999999508,Titanium,Ti6A14V,classical,256,256,3.0000000000000004,2,P1,P1-Ti6A14V_nagniat,area,Burnishing,nagniat,simple
641.4391851191193,289.77462995164757,347.8317815466067,821.214170550235,410.8437237790098,803.7426150092576,13666.227773616853,10313.574305428681,44965.60414799983,0.0,0.0,351.6645551674717,293.60740357251257,410.37044677122526,17.471555540977377,3352.653468188172,-31299.37637438298,0.0,0.0,/Users/dawid/Library/Mobile Documents/com~apple~CloudDocs/Dokumenty/Publikacje własne/Manuscripts/Quantum_interference/data/P1-Ti6A14V_nagniat.sur,710.5595555158861,810.0000000000001,809.0,532.0,655289.9999999508,Titanium,Ti6A14V,quantum_like,256,256,3.0000000000000004,2,P1,P1-Ti6A14V_nagniat,area,Burnishing,nagniat,simple
250.4227782550071,289.77462995164757,347.8317815466067,326.9598699406083,410.8437237790098,803.7426150092576,6114.07975502709,10313.574305428681,44965.60414799983,0.0,0.0,-39.35185169664048,-97.40900329159957,-83.8838538384015,-476.7827450686494,-4199.494550401591,-38851.524392972744,0.0,0.0,/Users/dawid/Library/Mobile Documents/com~apple~CloudDocs/Dokumenty/Publikacje własne/Manuscripts/Quantum_interference/data/P1-Ti6A14V_nagniat.sur,286.1447757947784,810.0000000000001,809.0,532.0,655289.9999999508,Titanium,Ti6A14V,hybrid,256,256,3.0000000000000004,2,P1,P1-Ti6A14V_nagniat,area,Burnishing,nagniat,simple
626.8531413768166,289.77462995164757,347.8317815466067,823.7330635187914,410.8437237790098,803.7426150092576,7138.421215836753,10313.574305428681,44965.60414799983,0.0,0.0,337.0785114251689,279.02135983020986,412.88933973978163,19.99044850953372,-3175.1530895919277,-37827.18293216308,0.0,0.0,/Users/dawid/Library/Mobile Documents/com~apple~CloudDocs/Dokumenty/Publikacje własne/Manuscripts/Quantum_interference/data/P1-Ti6A14V_nagniat.sur,911.0356110684222,810.0000000000001,809.0,532.0,655289.9999999508,Titanium,Ti6A14V,classical,256,256,3.0000000000000004,3,P1,P1-Ti6A14V_nagniat,area,Burnishing,nagniat,simple
646.6568410356859,289.77462995164757,347.8317815466067,826.882301872235,410.8437237790098,803.7426150092576,13625.252035347978,10313.574305428681,44965.60414799983,0.0,0.0,356.8822110840384,298.82505948907925,416.03857809322517,23.13968686297729,3311.677729919297,-31340.352112651857,0.0,0.0,/Users/dawid/Library/Mobile Documents/com~apple~CloudDocs/Dokumenty/Publikacje własne/Manuscripts/Quantum_interference/data/P1-Ti6A14V_nagniat.sur,717.8244451953254,810.0000000000001,809.0,532.0,655289.9999999508,Titanium,Ti6A14V,quantum_like,256,256,3.0000000000000004,3,P1,P1-Ti6A14V_nagniat,area,Burnishing,nagniat,simple
248.3210350497261,289.77462995164757,347.8317815466067,323.1177666798217,410.8437237790098,803.7426150092576,5514.932623263764,10313.574305428681,44965.60414799983,0.0,0.0,-41.453594901921484,-99.51074649688057,-87.7259570991881,-480.6248483294359,-4798.641682164916,-39450.67152473607,0.0,0.0,/Users/dawid/Library/Mobile Documents/com~apple~CloudDocs/Dokumenty/Publikacje własne/Manuscripts/Quantum_interference/data/P1-Ti6A14V_nagniat.sur,287.0402256973603,810.0000000000001,809.0,532.0,655289.9999999508,Titanium,Ti6A14V,hybrid,256,256,3.0000000000000004,3,P1,P1-Ti6A14V_nagniat,area,Burnishing,nagniat,simple
513.4000180467923,103.18491123593812,120.19932196150366,634.0101245851428,123.73059001201017,143.5085523769773,4571.967170376485,2667.2561281473622,3825.7073651355636,0.0,0.0,410.2151068108542,393.2006960852887,510.27953457313254,490.50157220816544,1904.7110422291234,746.2598052409221,0.0,0.0,/Users/dawid/Library/Mobile Documents/com~apple~CloudDocs/Dokumenty/Publikacje własne/Manuscripts/Quantum_interference/data/P1-Ti6A14V_t_wyk.sur,640.8112679051892,810.0000000000001,809.0,532.0,655289.9999999508,Titanium,Ti6A14V,classical,256,256,3.0000000000000004,0,P1,P1-Ti6A14V_t_wyk,area,Turning (finishing),t_wyk,simple
570.9702545666237,103.18491123593812,120.19932196150366,715.5336383889804,123.73059001201017,143.5085523769773,6510.7871047805875,2667.2561281473622,3825.7073651355636,0.0,0.0,467.7853433306856,450.77093260512004,591.8030483769702,572.0250860120032,3843.5309766332252,2685.0797396450243,0.0,0.0,/Users/dawid/Library/Mobile Documents/com~apple~CloudDocs/Dokumenty/Publikacje własne/Manuscripts/Quantum_interference/data/P1-Ti6A14V_t_wyk.sur,703.9093938548851,810.0000000000001,809.0,532.0,655289.9999999508,Titanium,Ti6A14V,quantum_like,256,256,3.0000000000000004,0,P1,P1-Ti6A14V_t_wyk,area,Turning (finishing),t_wyk,simple
134.23984945147703,103.18491123593812,120.19932196150366,167.3277993664881,123.73059001201017,143.5085523769773,1389.6215958435107,2667.2561281473622,3825.7073651355636,0.0,0.0,31.05493821553891,14.040527489973373,43.59720935447795,23.819246989510827,-1277.6345323038515,-2436.0857692920526,0.0,0.0,/Users/dawid/Library/Mobile Documents/com~apple~CloudDocs/Dokumenty/Publikacje własne/Manuscripts/Quantum_interference/data/P1-Ti6A14V_t_wyk.sur,187.21134726232262,810.0000000000001,809.0,532.0,655289.9999999508,Titanium,Ti6A14V,hybrid,256,256,3.0000000000000004,0,P1,P1-Ti6A14V_t_wyk,area,Turning (finishing),t_wyk,simple
518.148852783497,103.18491123593812,120.19932196150366,642.0597054223795,123.73059001201017,143.5085523769773,4482.565886465279,2667.2561281473622,3825.7073651355636,0.0,0.0,414.9639415475588,397.9495308219933,518.3291154103692,498.55115304540215,1815.3097583179167,656.8585213297154,0.0,0.0,/Users/dawid/Library/Mobile Documents/com~apple~CloudDocs/Dokumenty/Publikacje własne/Manuscripts/Quantum_interference/data/P1-Ti6A14V_t_wyk.sur,649.6296315056347,810.0000000000001,809.0,532.0,655289.9999999508,Titanium,Ti6A14V,classical,256,256,3.0000000000000004,1,P1,P1-Ti6A14V_t_wyk,area,Turning (finishing),t_wyk,simple
581.3130165256662,103.18491123593812,120.19932196150366,728.4729135303872,123.73059001201017,143.5085523769773,6233.925420243079,2667.2561281473622,3825.7073651355636,0.0,0.0,478.12810528972807,461.11369456416253,604.7423235183771,584.96436115341,3566.669292095717,2408.2180551075157,0.0,0.0,/Users/dawid/Library/Mobile Documents/com~apple~CloudDocs/Dokumenty/Publikacje własne/Manuscripts/Quantum_interference/data/P1-Ti6A14V_t_wyk.sur,717.9023696159541,810.0000000000001,809.0,532.0,655289.9999999508,Titanium,Ti6A14V,quantum_like,256,256,3.0000000000000004,1,P1,P1-Ti6A14V_t_wyk,area,Turning (finishing),t_wyk,simple
129.2954306662847,103.18491123593812,120.19932196150366,166.98381593661526,123.73059001201017,143.5085523769773,1434.3867671425237,2667.2561281473622,3825.7073651355636,0.0,0.0,26.110519430346567,9.09610870478103,43.25322592460509,23.47526355963797,-1232.8693610048385,-2391.32059799304,0.0,0.0,/Users/dawid/Library/Mobile Documents/com~apple~CloudDocs/Dokumenty/Publikacje własne/Manuscripts/Quantum_interference/data/P1-Ti6A14V_t_wyk.sur,187.0730638886963,810.0000000000001,809.0,532.0,655289.9999999508,Titanium,Ti6A14V,hybrid,256,256,3.0000000000000004,1,P1,P1-Ti6A14V_t_wyk,area,Turning (finishing),t_wyk,simple
518.4192755492506,103.18491123593812,120.19932196150366,641.8266895768173,123.73059001201017,143.5085523769773,4434.964373850281,2667.2561281473622,3825.7073651355636,0.0,0.0,415.2343643133125,398.21995358774694,518.0960995648072,498.31813719984007,1767.7082457029185,609.2570087147172,0.0,0.0,/Users/dawid/Library/Mobile Documents/com~apple~CloudDocs/Dokumenty/Publikacje własne/Manuscripts/Quantum_interference/data/P1-Ti6A14V_t_wyk.sur,649.547211122252,810.0000000000001,809.0,532.0,655289.9999999508,Titanium,Ti6A14V,classical,256,256,3.0000000000000004,2,P1,P1-Ti6A14V_t_wyk,area,Turning (finishing),t_wyk,simple
572.9514581924847,103.18491123593812,120.19932196150366,717.7243410763622,123.73059001201017,143.5085523769773,6593.911554337257,2667.2561281473622,3825.7073651355636,0.0,0.0,469.7665469565466,452.7521362309811,593.993751064352,574.2157886993849,3926.6554261898955,2768.2041892016937,0.0,0.0,/Users/dawid/Library/Mobile Documents/com~apple~CloudDocs/Dokumenty/Publikacje własne/Manuscripts/Quantum_interference/data/P1-Ti6A14V_t_wyk.sur,707.4673296097167,810.0000000000001,809.0,532.0,655289.9999999508,Titanium,Ti6A14V,quantum_like,256,256,3.0000000000000004,2,P1,P1-Ti6A14V_t_wyk,area,Turning (finishing),t_wyk,simple
133.71551467918445,103.18491123593812,120.19932196150366,164.1824324892427,123.73059001201017,143.5085523769773,1383.0618672920043,2667.2561281473622,3825.7073651355636,0.0,0.0,30.530603443246346,13.516192717680807,40.45184247723253,20.673880112265408,-1284.194260855358,-2442.645497843559,0.0,0.0,/Users/dawid/Library/Mobile Documents/com~apple~CloudDocs/Dokumenty/Publikacje własne/Manuscripts/Quantum_interference/data/P1-Ti6A14V_t_wyk.sur,186.99003605018166,810.0000000000001,809.0,532.0,655289.9999999508,Titanium,Ti6A14V,hybrid,256,256,3.0000000000000004,2,P1,P1-Ti6A14V_t_wyk,area,Turning (finishing),t_wyk,simple
514.7279375482818,103.18491123593812,120.19932196150366,636.6994893747956,123.73059001201017,143.5085523769773,4744.942966658473,2667.2561281473622,3825.7073651355636,0.0,0.0,411.5430263123437,394.5286155867782,512.9688993627855,493.1909369978183,2077.6868385111106,919.2356015229093,0.0,0.0,/Users/dawid/Library/Mobile Documents/com~apple~CloudDocs/Dokumenty/Publikacje własne/Manuscripts/Quantum_interference/data/P1-Ti6A14V_t_wyk.sur,643.6309481346154,810.0000000000001,809.0,532.0,655289.9999999508,Titanium,Ti6A14V,classical,256,256,3.0000000000000004,3,P1,P1-Ti6A14V_t_wyk,area,Turning (finishing),t_wyk,simple
576.7784537649853,103.18491123593812,120.19932196150366,723.7843213802929,123.73059001201017,143.5085523769773,6060.867150923502,2667.2561281473622,3825.7073651355636,0.0,0.0,473.5935425290472,456.5791318034817,600.0537313682828,580.2757690033156,3393.6110227761396,2235.1597857879383,0.0,0.0,/Users/dawid/Library/Mobile Documents/com~apple~CloudDocs/Dokumenty/Publikacje własne/Manuscripts/Quantum_interference/data/P1-Ti6A14V_t_wyk.sur,711.9260863060016,810.0000000000001,809.0,532.0,655289.9999999508,Titanium,Ti6A14V,quantum_like,256,256,3.0000000000000004,3,P1,P1-Ti6A14V_t_wyk,area,Turning (finishing),t_wyk,simple
129.60253485607922,103.18491123593812,120.19932196150366,167.07823851326378,123.73059001201017,143.5085523769773,1462.1397249288134,2667.2561281473622,3825.7073651355636,0.0,0.0,26.417623620141093,9.403212894575553,43.34764850125363,23.569686136286506,-1205.1164032185486,-2363.5676402067497,0.0,0.0,/Users/dawid/Library/Mobile Documents/com~apple~CloudDocs/Dokumenty/Publikacje własne/Manuscripts/Quantum_interference/data/P1-Ti6A14V_t_wyk.sur,186.6168181175476,810.0000000000001,809.0,532.0,655289.9999999508,Titanium,Ti6A14V,hybrid,256,256,3.0000000000000004,3,P1,P1-Ti6A14V_t_wyk,area,Turning (finishing),t_wyk,simple
694.9843337658793,2932.855047006961,3004.2986216553054,914.4781775702806,3378.02639502885,3551.4597919526173,7999.504605432789,35489.60649569244,70976.5955354702,0.0,0.0,-2237.870713241082,-2309.314287889426,-2463.5482174585695,-2636.981614382337,-27490.10189025965,-62977.09093003742,0.0,0.0,/Users/dawid/Library/Mobile Documents/com~apple~CloudDocs/Dokumenty/Publikacje własne/Manuscripts/Quantum_interference/data/P1-Ti6A14V_t_zgrub.sur,3532.0708589385968,810.0000000000001,809.0,532.0,655289.9999999508,Titanium,Ti6A14V,classical,256,256,3.0000000000000004,0,P1,P1-Ti6A14V_t_zgrub,area,Turning (roughing),t_zgrub,simple
2956.360148392404,2932.855047006961,3004.2986216553054,3432.458457031848,3378.02639502885,3551.4597919526173,36128.910652080864,35489.60649569244,70976.5955354702,0.0,0.0,23.505101385443236,-47.938473262901354,54.432062002997974,-119.00133492076972,639.3041563884216,-34847.68488338934,0.0,0.0,/Users/dawid/Library/Mobile Documents/com~apple~CloudDocs/Dokumenty/Publikacje własne/Manuscripts/Quantum_interference/data/P1-Ti6A14V_t_zgrub.sur,713.002091354903,810.0000000000001,809.0,532.0,655289.9999999508,Titanium,Ti6A14V,quantum_like,256,256,3.0000000000000004,0,P1,P1-Ti6A14V_t_zgrub,area,Turning (roughing),t_zgrub,simple
1832.0712819043765,2932.855047006961,3004.2986216553054,2121.2043963198234,3378.02639502885,3551.4597919526173,12395.901979619253,35489.60649569244,70976.5955354702,0.0,0.0,-1100.7837651025843,-1172.2273397509289,-1256.8219987090263,-1430.255395632794,-23093.704516073183,-58580.69355585094,0.0,0.0,/Users/dawid/Library/Mobile Documents/com~apple~CloudDocs/Dokumenty/Publikacje własne/Manuscripts/Quantum_interference/data/P1-Ti6A14V_t_zgrub.sur,1435.7719535090255,810.0000000000001,809.0,532.0,655289.9999999508,Titanium,Ti6A14V,hybrid,256,256,3.0000000000000004,0,P1,P1-Ti6A14V_t_zgrub,area,Turning (roughing),t_zgrub,simple
693.0615189072715,2932.855047006961,3004.2986216553054,914.3071069062556,3378.02639502885,3551.4597919526173,8539.99084966243,35489.60649569244,70976.5955354702,0.0,0.0,-2239.7935280996894,-2311.237102748034,-2463.7192881225938,-2637.1526850463615,-26949.615646030008,-62436.60468580777,0.0,0.0,/Users/dawid/Library/Mobile Documents/com~apple~CloudDocs/Dokumenty/Publikacje własne/Manuscripts/Quantum_interference/data/P1-Ti6A14V_t_zgrub.sur,3531.2675047022844,810.0000000000001,809.0,532.0,655289.9999999508,Titanium,Ti6A14V,classical,256,256,3.0000000000000004,1,P1,P1-Ti6A14V_t_zgrub,area,Turning (roughing),t_zgrub,simple
2963.7714808492087,2932.855047006961,3004.2986216553054,3446.0468746775873,3378.02639502885,3551.4597919526173,34837.43360644952,35489.60649569244,70976.5955354702,0.0,0.0,30.91643384224784,-40.52714080609675,68.02047964873734,-105.41291727503037,-652.1728892429203,-36139.16192902068,0.0,0.0,/Users/dawid/Library/Mobile Documents/com~apple~CloudDocs/Dokumenty/Publikacje własne/Manuscripts/Quantum_interference/data/P1-Ti6A14V_t_zgrub.sur,710.5274641828571,810.0000000000001,809.0,532.0,655289.9999999508,Titanium,Ti6A14V,quantum_like,256,256,3.0000000000000004,1,P1,P1-Ti6A14V_t_zgrub,area,Turning (roughing),t_zgrub,simple
1836.3340541934338,2932.855047006961,3004.2986216553054,2126.0577095366716,3378.02639502885,3551.4597919526173,12330.613484778192,35489.60649569244,70976.5955354702,0.0,0.0,-1096.5209928135273,-1167.9645674618719,-1251.968685492178,-1425.4020824159459,-23158.993010914248,-58645.98205069201,0.0,0.0,/Users/dawid/Library/Mobile Documents/com~apple~CloudDocs/Dokumenty/Publikacje własne/Manuscripts/Quantum_interference/data/P1-Ti6A14V_t_zgrub.sur,1429.7281883200562,810.0000000000001,809.0,532.0,655289.9999999508,Titanium,Ti6A14V,hybrid,256,256,3.0000000000000004,1,P1,P1-Ti6A14V_t_zgrub,area,Turning (roughing),t_zgrub,simple
696.7585305880569,2932.855047006961,3004.2986216553054,915.9535444285721,3378.02639502885,3551.4597919526173,8534.164117982244,35489.60649569244,70976.5955354702,0.0,0.0,-2236.0965164189042,-2307.540091067249,-2462.072850600278,-2635.5062475240456,-26955.4423777102,-62442.431417487955,0.0,0.0,/Users/dawid/Library/Mobile Documents/com~apple~CloudDocs/Dokumenty/Publikacje własne/Manuscripts/Quantum_interference/data/P1-Ti6A14V_t_zgrub.sur,3532.211672688208,810.0000000000001,809.0,532.0,655289.9999999508,Titanium,Ti6A14V,classical,256,256,3.0000000000000004,2,P1,P1-Ti6A14V_t_zgrub,area,Turning (roughing),t_zgrub,simple
2973.4287140049137,2932.855047006961,3004.2986216553054,3453.4236600420354,3378.02639502885,3551.4597919526173,36105.8068973668,35489.60649569244,70976.5955354702,0.0,0.0,40.57366699795268,-30.869907650391912,75.39726501318563,-98.03613191058206,616.2004016743562,-34870.788638103404,0.0,0.0,/Users/dawid/Library/Mobile Documents/com~apple~CloudDocs/Dokumenty/Publikacje własne/Manuscripts/Quantum_interference/data/P1-Ti6A14V_t_zgrub.sur,713.3407622888914,810.0000000000001,809.0,532.0,655289.9999999508,Titanium,Ti6A14V,quantum_like,256,256,3.0000000000000004,2,P1,P1-Ti6A14V_t_zgrub,area,Turning (roughing),t_zgrub,simple
1842.438656132636,2932.855047006961,3004.2986216553054,2132.1456295695793,3378.02639502885,3551.4597919526173,12929.815553630146,35489.60649569244,70976.5955354702,0.0,0.0,-1090.4163908743249,-1161.8599655226694,-1245.8807654592704,-1419.3141623830381,-22559.790942062293,-58046.77998184005,0.0,0.0,/Users/dawid/Library/Mobile Documents/com~apple~CloudDocs/Dokumenty/Publikacje własne/Manuscripts/Quantum_interference/data/P1-Ti6A14V_t_zgrub.sur,1423.840577570745,810.0000000000001,809.0,532.0,655289.9999999508,Titanium,Ti6A14V,hybrid,256,256,3.0000000000000004,2,P1,P1-Ti6A14V_t_zgrub,area,Turning (roughing),t_zgrub,simple
695.7413651845809,2932.855047006961,3004.2986216553054,914.7967700763212,3378.02639502885,3551.4597919526173,7999.67746115695,35489.60649569244,70976.5955354702,0.0,0.0,-2237.1136818223804,-2308.5572564707245,-2463.229624952529,-2636.663021876296,-27489.929034535486,-62976.91807431325,0.0,0.0,/Users/dawid/Library/Mobile Documents/com~apple~CloudDocs/Dokumenty/Publikacje własne/Manuscripts/Quantum_interference/data/P1-Ti6A14V_t_zgrub.sur,3533.3318470525483,810.0000000000001,809.0,532.0,655289.9999999508,Titanium,Ti6A14V,classical,256,256,3.0000000000000004,3,P1,P1-Ti6A14V_t_zgrub,area,Turning (roughing),t_zgrub,simple
2968.5772422285704,2932.855047006961,3004.2986216553054,3451.1671312649532,3378.02639502885,3551.4597919526173,36573.30398750642,35489.60649569244,70976.5955354702,0.0,0.0,35.72219522160931,-35.72137942673528,73.1407362361034,-100.2926606876643,1083.697491813983,-34403.29154796378,0.0,0.0,/Users/dawid/Library/Mobile Documents/com~apple~CloudDocs/Dokumenty/Publikacje własne/Manuscripts/Quantum_interference/data/P1-Ti6A14V_t_zgrub.sur,713.6639542452244,810.0000000000001,809.0,532.0,655289.9999999508,Titanium,Ti6A14V,quantum_like,256,256,3.0000000000000004,3,P1,P1-Ti6A14V_t_zgrub,area,Turning (roughing),t_zgrub,simple
1840.0932384598202,2932.855047006961,3004.2986216553054,2128.393058807372,3378.02639502885,3551.4597919526173,12927.232481642955,35489.60649569244,70976.5955354702,0.0,0.0,-1092.7618085471406,-1164.2053831954852,-1249.6333362214775,-1423.0667331452453,-22562.374014049485,-58049.36305382725,0.0,0.0,/Users/dawid/Library/Mobile Documents/com~apple~CloudDocs/Dokumenty/Publikacje własne/Manuscripts/Quantum_interference/data/P1-Ti6A14V_t_zgrub.sur,1426.188052445195,810.0000000000001,809.0,532.0,655289.9999999508,Titanium,Ti6A14V,hybrid,256,256,3.0000000000000004,3,P1,P1-Ti6A14V_t_zgrub,area,Turning (roughing),t_zgrub,simple
698.3669718681947,207.04189770573768,409.00644899786334,905.9928185890417,258.27993904413785,520.0834351728039,7072.762269638184,7062.439869683003,19334.36500722471,0.0,0.0,491.325074162457,289.36052287033135,647.7128795449039,385.90938341623786,10.322399955180602,-12261.602737586525,0.0,0.0,/Users/dawid/Library/Mobile Documents/com~apple~CloudDocs/Dokumenty/Publikacje własne/Manuscripts/Quantum_interference/data/P1-Ti6A14V_wedm_wyk.sur,948.5171526284336,810.0000000000001,809.0,532.0,655289.9999999508,Titanium,Ti6A14V,classical,256,256,3.0000000000000004,0,P1,P1-Ti6A14V_wedm_wyk,area,Wire EDM (finishing),wedm_wyk,simple
598.7968000439869,207.04189770573768,409.00644899786334,752.5479785601761,258.27993904413785,520.0834351728039,10186.662119919656,7062.439869683003,19334.36500722471,0.0,0.0,391.75490233824917,189.79035104612356,494.2680395160383,232.46454338737223,3124.222250236653,-9147.702887305053,0.0,0.0,/Users/dawid/Library/Mobile Documents/com~apple~CloudDocs/Dokumenty/Publikacje własne/Manuscripts/Quantum_interference/data/P1-Ti6A14V_wedm_wyk.sur,707.6128634968627,810.0000000000001,809.0,532.0,655289.9999999508,Titanium,Ti6A14V,quantum_like,256,256,3.0000000000000004,0,P1,P1-Ti6A14V_wedm_wyk,area,Wire EDM (finishing),wedm_wyk,simple
211.15630678966437,207.04189770573768,409.00644899786334,261.5728234433582,258.27993904413785,520.0834351728039,1980.1756916120653,7062.439869683003,19334.36500722471,0.0,0.0,4.114409083926679,-197.85014220819895,3.292884399220344,-258.5106117294457,-5082.264178070938,-17354.189315612646,0.0,0.0,/Users/dawid/Library/Mobile Documents/com~apple~CloudDocs/Dokumenty/Publikacje własne/Manuscripts/Quantum_interference/data/P1-Ti6A14V_wedm_wyk.sur,199.73103873104972,810.0000000000001,809.0,532.0,655289.9999999508,Titanium,Ti6A14V,hybrid,256,256,3.0000000000000004,0,P1,P1-Ti6A14V_wedm_wyk,area,Wire EDM (finishing),wedm_wyk,simple
703.3103764092184,207.04189770573768,409.00644899786334,915.5427632416097,258.27993904413785,520.0834351728039,7078.8136870454555,7062.439869683003,19334.36500722471,0.0,0.0,496.2684787034807,294.30392741135506,657.2628241974718,395.4593280688058,16.37381736245192,-12255.551320179255,0.0,0.0,/Users/dawid/Library/Mobile Documents/com~apple~CloudDocs/Dokumenty/Publikacje własne/Manuscripts/Quantum_interference/data/P1-Ti6A14V_wedm_wyk.sur,956.9286961786898,810.0000000000001,809.0,532.0,655289.9999999508,Titanium,Ti6A14V,classical,256,256,3.0000000000000004,1,P1,P1-Ti6A14V_wedm_wyk,area,Wire EDM (finishing),wedm_wyk,simple
610.3755050411913,207.04189770573768,409.00644899786334,765.0266970334569,258.27993904413785,520.0834351728039,10348.021047948534,7062.439869683003,19334.36500722471,0.0,0.0,403.33360733545356,201.369056043328,506.74675798931906,244.94326186065302,3285.58117826553,-8986.343959276177,0.0,0.0,/Users/dawid/Library/Mobile Documents/com~apple~CloudDocs/Dokumenty/Publikacje własne/Manuscripts/Quantum_interference/data/P1-Ti6A14V_wedm_wyk.sur,720.1172876484063,810.0000000000001,809.0,532.0,655289.9999999508,Titanium,Ti6A14V,quantum_like,256,256,3.0000000000000004,1,P1,P1-Ti6A14V_wedm_wyk,area,Wire EDM (finishing),wedm_wyk,simple
216.49144658185367,207.04189770573768,409.00644899786334,266.793152037411,258.27993904413785,520.0834351728039,2085.228980138712,7062.439869683003,19334.36500722471,0.0,0.0,9.44954887611598,-192.51500241600965,8.513212993273205,-253.29028313539285,-4977.210889544292,-17249.136027086,0.0,0.0,/Users/dawid/Library/Mobile Documents/com~apple~CloudDocs/Dokumenty/Publikacje własne/Manuscripts/Quantum_interference/data/P1-Ti6A14V_wedm_wyk.sur,204.63059830616263,810.0000000000001,809.0,532.0,655289.9999999508,Titanium,Ti6A14V,hybrid,256,256,3.0000000000000004,1,P1,P1-Ti6A14V_wedm_wyk,area,Wire EDM (finishing),wedm_wyk,simple
715.0487358060498,207.04189770573768,409.00644899786334,925.5244071423667,258.27993904413785,520.0834351728039,6732.849353558564,7062.439869683003,19334.36500722471,0.0,0.0,508.00683810031205,306.0422868081865,667.2444680982289,405.44097196956284,-329.59051612443943,-12601.515653666145,0.0,0.0,/Users/dawid/Library/Mobile Documents/com~apple~CloudDocs/Dokumenty/Publikacje własne/Manuscripts/Quantum_interference/data/P1-Ti6A14V_wedm_wyk.sur,976.3960206031232,810.0000000000001,809.0,532.0,655289.9999999508,Titanium,Ti6A14V,classical,256,256,3.0000000000000004,2,P1,P1-Ti6A14V_wedm_wyk,area,Wire EDM (finishing),wedm_wyk,simple
597.9234820387095,207.04189770573768,409.00644899786334,749.5134382925884,258.27993904413785,520.0834351728039,8730.345675932169,7062.439869683003,19334.36500722471,0.0,0.0,390.8815843329718,188.91703304084615,491.2334992484506,229.43000311978452,1667.9058062491665,-10604.01933129254,0.0,0.0,/Users/dawid/Library/Mobile Documents/com~apple~CloudDocs/Dokumenty/Publikacje własne/Manuscripts/Quantum_interference/data/P1-Ti6A14V_wedm_wyk.sur,706.1849566379763,810.0000000000001,809.0,532.0,655289.9999999508,Titanium,Ti6A14V,quantum_like,256,256,3.0000000000000004,2,P1,P1-Ti6A14V_wedm_wyk,area,Wire EDM (finishing),wedm_wyk,simple
211.13819738252934,207.04189770573768,409.00644899786334,259.00933179790513,258.27993904413785,520.0834351728039,1818.5190394421968,7062.439869683003,19334.36500722471,0.0,0.0,4.096299676791645,-197.86825161533397,0.7293927537673128,-261.07410337489875,-5243.920830240807,-17515.845967782516,0.0,0.0,/Users/dawid/Library/Mobile Documents/com~apple~CloudDocs/Dokumenty/Publikacje własne/Manuscripts/Quantum_interference/data/P1-Ti6A14V_wedm_wyk.sur,202.41369839383046,810.0000000000001,809.0,532.0,655289.9999999508,Titanium,Ti6A14V,hybrid,256,256,3.0000000000000004,2,P1,P1-Ti6A14V_wedm_wyk,area,Wire EDM (finishing),wedm_wyk,simple
703.583144510185,207.04189770573768,409.00644899786334,909.0767332418698,258.27993904413785,520.0834351728039,6994.828179245031,7062.439869683003,19334.36500722471,0.0,0.0,496.54124680444727,294.57669551232163,650.7967941977319,388.9932980690658,-67.61169043797263,-12339.536827979678,0.0,0.0,/Users/dawid/Library/Mobile Documents/com~apple~CloudDocs/Dokumenty/Publikacje własne/Manuscripts/Quantum_interference/data/P1-Ti6A14V_wedm_wyk.sur,960.2101587829504,810.0000000000001,809.0,532.0,655289.9999999508,Titanium,Ti6A14V,classical,256,256,3.0000000000000004,3,P1,P1-Ti6A14V_wedm_wyk,area,Wire EDM (finishing),wedm_wyk,simple
605.3188197701822,207.04189770573768,409.00644899786334,759.8219013255446,258.27993904413785,520.0834351728039,9782.03135690478,7062.439869683003,19334.36500722471,0.0,0.0,398.2769220644445,196.31237077231887,501.5419622814067,239.73846615274067,2719.5914872217763,-9552.33365031993,0.0,0.0,/Users/dawid/Library/Mobile Documents/com~apple~CloudDocs/Dokumenty/Publikacje własne/Manuscripts/Quantum_interference/data/P1-Ti6A14V_wedm_wyk.sur,713.4778013080941,810.0000000000001,809.0,532.0,655289.9999999508,Titanium,Ti6A14V,quantum_like,256,256,3.0000000000000004,3,P1,P1-Ti6A14V_wedm_wyk,area,Wire EDM (finishing),wedm_wyk,simple
218.2421022935731,207.04189770573768,409.00644899786334,268.55286010547525,258.27993904413785,520.0834351728039,1861.2480456343399,7062.439869683003,19334.36500722471,0.0,0.0,11.200204587835433,-190.7643467042902,10.27292106133742,-251.53057506732864,-5201.191824048663,-17473.11696159037,0.0,0.0,/Users/dawid/Library/Mobile Documents/com~apple~CloudDocs/Dokumenty/Publikacje własne/Manuscripts/Quantum_interference/data/P1-Ti6A14V_wedm_wyk.sur,202.86328953621995,810.0000000000001,809.0,532.0,655289.9999999508,Titanium,Ti6A14V,hybrid,256,256,3.0000000000000004,3,P1,P1-Ti6A14V_wedm_wyk,area,Wire EDM (finishing),wedm_wyk,simple
681.1324222480982,3566.8007954163995,4401.629858763449,900.7149141976821,4516.990717477603,5552.950033863544,7367.683942816723,47676.136952479326,73584.54434948617,0.0,0.0,-2885.6683731683015,-3720.497436515351,-3616.27580327992,-4652.235119665862,-40308.453009662604,-66216.86040666944,0.0,0.0,/Users/dawid/Library/Mobile Documents/com~apple~CloudDocs/Dokumenty/Publikacje własne/Manuscripts/Quantum_interference/data/P1-Ti6A14V_wedm_zgru_1prz.sur,4604.661316611235,810.0000000000001,809.0,532.0,655289.9999999508,Titanium,Ti6A14V,classical,256,256,3.0000000000000004,0,P1,P1-Ti6A14V_wedm_zgru_1prz,area,Wire EDM (roughing),wedm_zgru_1prz,simple
3607.3514261968367,3566.8007954163995,4401.629858763449,4568.762916681335,4516.990717477603,5552.950033863544,48019.355110141885,47676.136952479326,73584.54434948617,0.0,0.0,40.55063078043703,-794.2784325666128,51.77219920373231,-984.1871171822099,343.21815766255514,-25565.18923934429,0.0,0.0,/Users/dawid/Library/Mobile Documents/com~apple~CloudDocs/Dokumenty/Publikacje własne/Manuscripts/Quantum_interference/data/P1-Ti6A14V_wedm_zgru_1prz.sur,716.1927414231758,810.0000000000001,809.0,532.0,655289.9999999508,Titanium,Ti6A14V,quantum_like,256,256,3.0000000000000004,0,P1,P1-Ti6A14V_wedm_zgru_1prz,area,Wire EDM (roughing),wedm_zgru_1prz,simple
1698.7431811049646,3566.8007954163995,4401.629858763449,2149.239727955917,4516.990717477603,5552.950033863544,21093.31569373052,47676.136952479326,73584.54434948617,0.0,0.0,-1868.0576143114351,-2702.886677658485,-2367.7509895216854,-3403.7103059076276,-26582.821258748805,-52491.22865575565,0.0,0.0,/Users/dawid/Library/Mobile Documents/com~apple~CloudDocs/Dokumenty/Publikacje własne/Manuscripts/Quantum_interference/data/P1-Ti6A14V_wedm_zgru_1prz.sur,3268.0412108838023,810.0000000000001,809.0,532.0,655289.9999999508,Titanium,Ti6A14V,hybrid,256,256,3.0000000000000004,0,P1,P1-Ti6A14V_wedm_zgru_1prz,area,Wire EDM (roughing),wedm_zgru_1prz,simple
669.5781899285702,3566.8007954163995,4401.629858763449,888.6150363920882,4516.990717477603,5552.950033863544,7248.45276399444,47676.136952479326,73584.54434948617,0.0,0.0,-2897.2226054878297,-3732.0516688348794,-3628.375681085514,-4664.3349974714565,-40427.68418848489,-66336.09158549174,0.0,0.0,/Users/dawid/Library/Mobile Documents/com~apple~CloudDocs/Dokumenty/Publikacje własne/Manuscripts/Quantum_interference/data/P1-Ti6A14V_wedm_zgru_1prz.sur,4602.461577514665,810.0000000000001,809.0,532.0,655289.9999999508,Titanium,Ti6A14V,classical,256,256,3.0000000000000004,1,P1,P1-Ti6A14V_wedm_zgru_1prz,area,Wire EDM (roughing),wedm_zgru_1prz,simple
3604.161721760813,3566.8007954163995,4401.629858763449,4563.960275687764,4516.990717477603,5552.950033863544,46657.12375795806,47676.136952479326,73584.54434948617,0.0,0.0,37.36092634441353,-797.4681370026364,46.969558210161196,-988.989758175781,-1019.0131945212659,-26927.420591528113,0.0,0.0,/Users/dawid/Library/Mobile Documents/com~apple~CloudDocs/Dokumenty/Publikacje własne/Manuscripts/Quantum_interference/data/P1-Ti6A14V_wedm_zgru_1prz.sur,707.1305742867809,810.0000000000001,809.0,532.0,655289.9999999508,Titanium,Ti6A14V,quantum_like,256,256,3.0000000000000004,1,P1,P1-Ti6A14V_wedm_zgru_1prz,area,Wire EDM (roughing),wedm_zgru_1prz,simple
1699.9118032787817,3566.8007954163995,4401.629858763449,2151.147038299493,4516.990717477603,5552.950033863544,21094.727806407398,47676.136952479326,73584.54434948617,0.0,0.0,-1866.888992137618,-2701.7180554846677,-2365.8436791781096,-3401.802995564052,-26581.409146071932,-52489.81654307878,0.0,0.0,/Users/dawid/Library/Mobile Documents/com~apple~CloudDocs/Dokumenty/Publikacje własne/Manuscripts/Quantum_interference/data/P1-Ti6A14V_wedm_zgru_1prz.sur,3267.171068575707,810.0000000000001,809.0,532.0,655289.9999999508,Titanium,Ti6A14V,hybrid,256,256,3.0000000000000004,1,P1,P1-Ti6A14V_wedm_zgru_1prz,area,Wire EDM (roughing),wedm_zgru_1prz,simple
679.3385300663749,3566.8007954163995,4401.629858763449,897.6472460984534,4516.990717477603,5552.950033863544,7371.2075985982,47676.136952479326,73584.54434948617,0.0,0.0,-2887.4622653500246,-3722.2913286970743,-3619.343471379149,-4655.302787765091,-40304.92935388113,-66213.33675088797,0.0,0.0,/Users/dawid/Library/Mobile Documents/com~apple~CloudDocs/Dokumenty/Publikacje własne/Manuscripts/Quantum_interference/data/P1-Ti6A14V_wedm_zgru_1prz.sur,4603.014353078276,810.0000000000001,809.0,532.0,655289.9999999508,Titanium,Ti6A14V,classical,256,256,3.0000000000000004,2,P1,P1-Ti6A14V_wedm_zgru_1prz,area,Wire EDM (roughing),wedm_zgru_1prz,simple
3611.5313639152346,3566.8007954163995,4401.629858763449,4572.720449341961,4516.990717477603,5552.950033863544,47980.71230776321,47676.136952479326,73584.54434948617,0.0,0.0,44.730568498835176,-790.0984948482146,55.729731864358705,-980.2295845215835,304.5753552838857,-25603.83204172296,0.0,0.0,/Users/dawid/Library/Mobile Documents/com~apple~CloudDocs/Dokumenty/Publikacje własne/Manuscripts/Quantum_interference/data/P1-Ti6A14V_wedm_zgru_1prz.sur,702.2705716607393,810.0000000000001,809.0,532.0,655289.9999999508,Titanium,Ti6A14V,quantum_like,256,256,3.0000000000000004,2,P1,P1-Ti6A14V_wedm_zgru_1prz,area,Wire EDM (roughing),wedm_zgru_1prz,simple
1700.7787276081626,3566.8007954163995,4401.629858763449,2151.4163280245825,4516.990717477603,5552.950033863544,21097.322815050255,47676.136952479326,73584.54434948617,0.0,0.0,-1866.0220678082371,-2700.851131155287,-2365.57438945302,-3401.5337058389623,-26578.81413742907,-52487.22153443592,0.0,0.0,/Users/dawid/Library/Mobile Documents/com~apple~CloudDocs/Dokumenty/Publikacje własne/Manuscripts/Quantum_interference/data/P1-Ti6A14V_wedm_zgru_1prz.sur,3266.5284794466324,810.0000000000001,809.0,532.0,655289.9999999508,Titanium,Ti6A14V,hybrid,256,256,3.0000000000000004,2,P1,P1-Ti6A14V_wedm_zgru_1prz,area,Wire EDM (roughing),wedm_zgru_1prz,simple
671.1048440691166,3566.8007954163995,4401.629858763449,890.0222946854152,4516.990717477603,5552.950033863544,7256.906022642558,47676.136952479326,73584.54434948617,0.0,0.0,-2895.695951347283,-3730.5250146943326,-3626.968422792187,-4662.927739178129,-40419.23092983677,-66327.63832684362,0.0,0.0,/Users/dawid/Library/Mobile Documents/com~apple~CloudDocs/Dokumenty/Publikacje własne/Manuscripts/Quantum_interference/data/P1-Ti6A14V_wedm_zgru_1prz.sur,4602.057223146769,810.0000000000001,809.0,532.0,655289.9999999508,Titanium,Ti6A14V,classical,256,256,3.0000000000000004,3,P1,P1-Ti6A14V_wedm_zgru_1prz,area,Wire EDM (roughing),wedm_zgru_1prz,simple
3611.8683946713068,3566.8007954163995,4401.629858763449,4569.30542293583,4516.990717477603,5552.950033863544,48496.958520945176,47676.136952479326,73584.54434948617,0.0,0.0,45.06759925490704,-789.7614640921428,52.31470545822851,-983.6446109277138,820.8215684658488,-25087.585828540996,0.0,0.0,/Users/dawid/Library/Mobile Documents/com~apple~CloudDocs/Dokumenty/Publikacje własne/Manuscripts/Quantum_interference/data/P1-Ti6A14V_wedm_zgru_1prz.sur,707.7629012032851,810.0000000000001,809.0,532.0,655289.9999999508,Titanium,Ti6A14V,quantum_like,256,256,3.0000000000000004,3,P1,P1-Ti6A14V_wedm_zgru_1prz,area,Wire EDM (roughing),wedm_zgru_1prz,simple
1698.9334555216476,3566.8007954163995,4401.629858763449,2148.4403499269583,4516.990717477603,5552.950033863544,20559.346065954403,47676.136952479326,73584.54434948617,0.0,0.0,-1867.867339894752,-2702.696403241802,-2368.550367550644,-3404.509683936586,-27116.790886524923,-53025.19828353177,0.0,0.0,/Users/dawid/Library/Mobile Documents/com~apple~CloudDocs/Dokumenty/Publikacje własne/Manuscripts/Quantum_interference/data/P1-Ti6A14V_wedm_zgru_1prz.sur,3267.200486938127,810.0000000000001,809.0,532.0,655289.9999999508,Titanium,Ti6A14V,hybrid,256,256,3.0000000000000004,3,P1,P1-Ti6A14V_wedm_zgru_1prz,area,Wire EDM (roughing),wedm_zgru_1prz,simple
483.7785038666753,301.41656181188597,313.44194181447756,608.0810346848589,434.7065418322733,820.2161239650844,5598.927096690397,8952.504640216148,41617.377154131675,0.0,0.0,182.36194205478932,170.33656205219776,173.37449285258552,-212.13508928022557,-3353.5775435257515,-36018.45005744128,0.0,0.0,/Users/dawid/Library/Mobile Documents/com~apple~CloudDocs/Dokumenty/Publikacje własne/Manuscripts/Quantum_interference/data/Ti_oselkowane.sur,724.7811702584931,810.0000000000001,809.0,532.0,655289.9999999508,Titanium,Ti,classical,256,256,3.0000000000000004,0,,Ti_oselkowane,area,Honed,oselkowane,simple
645.9186346336405,301.41656181188597,313.44194181447756,831.5800401674477,434.7065418322733,820.2161239650844,11122.4586617499,8952.504640216148,41617.377154131675,0.0,0.0,344.50207282175455,332.476692819163,396.87349833517436,11.363916202363246,2169.9540215337515,-30494.918492381774,0.0,0.0,/Users/dawid/Library/Mobile Documents/com~apple~CloudDocs/Dokumenty/Publikacje własne/Manuscripts/Quantum_interference/data/Ti_oselkowane.sur,707.3214952801623,810.0000000000001,809.0,532.0,655289.9999999508,Titanium,Ti,quantum_like,256,256,3.0000000000000004,0,,Ti_oselkowane,area,Honed,oselkowane,simple
310.7192562373966,301.41656181188597,313.44194181447756,401.39783549445997,434.7065418322733,820.2161239650844,4412.696383750073,8952.504640216148,41617.377154131675,0.0,0.0,9.302694425510643,-2.7226855770809126,-33.308706337813355,-418.81828847062445,-4539.808256466075,-37204.6807703816,0.0,0.0,/Users/dawid/Library/Mobile Documents/com~apple~CloudDocs/Dokumenty/Publikacje własne/Manuscripts/Quantum_interference/data/Ti_oselkowane.sur,233.49388976799784,810.0000000000001,809.0,532.0,655289.9999999508,Titanium,Ti,hybrid,256,256,3.0000000000000004,0,,Ti_oselkowane,area,Honed,oselkowane,simple
480.3122933320325,301.41656181188597,313.44194181447756,604.4734920548492,434.7065418322733,820.2161239650844,5608.57872112406,8952.504640216148,41617.377154131675,0.0,0.0,178.89573152014648,166.87035151755492,169.76695022257587,-215.74263191023522,-3343.9259190920884,-36008.798433007614,0.0,0.0,/Users/dawid/Library/Mobile Documents/com~apple~CloudDocs/Dokumenty/Publikacje własne/Manuscripts/Quantum_interference/data/Ti_oselkowane.sur,723.588411241945,810.0000000000001,809.0,532.0,655289.9999999508,Titanium,Ti,classical,256,256,3.0000000000000004,1,,Ti_oselkowane,area,Honed,oselkowane,simple
642.596037666113,301.41656181188597,313.44194181447756,824.172571289364,434.7065418322733,820.2161239650844,9934.503011827355,8952.504640216148,41617.377154131675,0.0,0.0,341.1794758542271,329.15409585163553,389.46602945709077,3.956447324279648,981.9983716112073,-31682.874142304318,0.0,0.0,/Users/dawid/Library/Mobile Documents/com~apple~CloudDocs/Dokumenty/Publikacje własne/Manuscripts/Quantum_interference/data/Ti_oselkowane.sur,705.533460508862,810.0000000000001,809.0,532.0,655289.9999999508,Titanium,Ti,quantum_like,256,256,3.0000000000000004,1,,Ti_oselkowane,area,Honed,oselkowane,simple
305.99691093466964,301.41656181188597,313.44194181447756,396.9184694291835,434.7065418322733,820.2161239650844,4483.162491932395,8952.504640216148,41617.377154131675,0.0,0.0,4.580349122783673,-7.445030879807883,-37.788072403089764,-423.29765453590085,-4469.342148283754,-37134.21466219928,0.0,0.0,/Users/dawid/Library/Mobile Documents/com~apple~CloudDocs/Dokumenty/Publikacje własne/Manuscripts/Quantum_interference/data/Ti_oselkowane.sur,236.61663925681302,810.0000000000001,809.0,532.0,655289.9999999508,Titanium,Ti,hybrid,256,256,3.0000000000000004,1,,Ti_oselkowane,area,Honed,oselkowane,simple
450.44527936441693,301.41656181188597,313.44194181447756,574.1183734760824,434.7065418322733,820.2161239650844,5838.1966434214155,8952.504640216148,41617.377154131675,0.0,0.0,149.028717552531,137.00333754993943,139.41183164380908,-246.09775048900204,-3114.307996794733,-35779.180510710255,0.0,0.0,/Users/dawid/Library/Mobile Documents/com~apple~CloudDocs/Dokumenty/Publikacje własne/Manuscripts/Quantum_interference/data/Ti_oselkowane.sur,689.9957434426359,810.0000000000001,809.0,532.0,655289.9999999508,Titanium,Ti,classical,256,256,3.0000000000000004,2,,Ti_oselkowane,area,Honed,oselkowane,simple
647.5310771625753,301.41656181188597,313.44194181447756,829.8657980107845,434.7065418322733,820.2161239650844,10399.58513353433,8952.504640216148,41617.377154131675,0.0,0.0,346.1145153506893,334.0891353480977,395.1592561785112,9.649674045700147,1447.0804933181823,-31217.792020597342,0.0,0.0,/Users/dawid/Library/Mobile Documents/com~apple~CloudDocs/Dokumenty/Publikacje własne/Manuscripts/Quantum_interference/data/Ti_oselkowane.sur,709.6284626087182,810.0000000000001,809.0,532.0,655289.9999999508,Titanium,Ti,quantum_like,256,256,3.0000000000000004,2,,Ti_oselkowane,area,Honed,oselkowane,simple
307.54266180064604,301.41656181188597,313.44194181447756,398.9960147060267,434.7065418322733,820.2161239650844,4287.610078729055,8952.504640216148,41617.377154131675,0.0,0.0,6.126099988760088,-5.899280013831468,-35.71052712624661,-421.2201092590577,-4664.894561487094,-37329.76707540262,0.0,0.0,/Users/dawid/Library/Mobile Documents/com~apple~CloudDocs/Dokumenty/Publikacje własne/Manuscripts/Quantum_interference/data/Ti_oselkowane.sur,236.05187571952192,810.0000000000001,809.0,532.0,655289.9999999508,Titanium,Ti,hybrid,256,256,3.0000000000000004,2,,Ti_oselkowane,area,Honed,oselkowane,simple
481.1242066358066,301.41656181188597,313.44194181447756,607.4128062904331,434.7065418322733,820.2161239650844,5594.636659092661,8952.504640216148,41617.377154131675,0.0,0.0,179.70764482392065,167.68226482132908,172.70626445815978,-212.80331767465134,-3357.8679811234874,-36022.74049503901,0.0,0.0,/Users/dawid/Library/Mobile Documents/com~apple~CloudDocs/Dokumenty/Publikacje własne/Manuscripts/Quantum_interference/data/Ti_oselkowane.sur,724.6291982818484,810.0000000000001,809.0,532.0,655289.9999999508,Titanium,Ti,classical,256,256,3.0000000000000004,3,,Ti_oselkowane,area,Honed,oselkowane,simple
651.3701700446887,301.41656181188597,313.44194181447756,836.9760917286801,434.7065418322733,820.2161239650844,10481.81957691262,8952.504640216148,41617.377154131675,0.0,0.0,349.95360823280276,337.92822823021123,402.2695498964068,16.759967763595686,1529.314936696471,-31135.557577219053,0.0,0.0,/Users/dawid/Library/Mobile Documents/com~apple~CloudDocs/Dokumenty/Publikacje własne/Manuscripts/Quantum_interference/data/Ti_oselkowane.sur,716.058155633866,810.0000000000001,809.0,532.0,655289.9999999508,Titanium,Ti,quantum_like,256,256,3.0000000000000004,3,,Ti_oselkowane,area,Honed,oselkowane,simple
312.09445754228886,301.41656181188597,313.44194181447756,402.05239431298514,434.7065418322733,820.2161239650844,4683.051586430561,8952.504640216148,41617.377154131675,0.0,0.0,10.677895730402891,-1.347484272188665,-32.65414751928813,-418.1637296520992,-4269.453053785588,-36934.32556770112,0.0,0.0,/Users/dawid/Library/Mobile Documents/com~apple~CloudDocs/Dokumenty/Publikacje własne/Manuscripts/Quantum_interference/data/Ti_oselkowane.sur,236.6294171001129,810.0000000000001,809.0,532.0,655289.9999999508,Titanium,Ti,hybrid,256,256,3.0000000000000004,3,,Ti_oselkowane,area,Honed,oselkowane,simple
662.6212462871339,352.99595449299903,362.86787323690766,869.8959299858544,437.7957437668097,450.1454615793234,7661.160149689251,2797.1289201102377,5483.871984749424,0.0,0.0,309.62529179413485,299.75337305022623,432.1001862190447,419.750468406531,4864.031229579013,2177.2881649398264,0.0,0.0,/Users/dawid/Library/Mobile Documents/com~apple~CloudDocs/Dokumenty/Publikacje własne/Manuscripts/Quantum_interference/data/Ti_szkielkowane.sur,929.9021238750136,810.0000000000001,809.0,532.0,655289.9999999508,Titanium,Ti,classical,256,256,3.0000000000000004,0,,Ti_szkielkowane,area,Glass bead blasted,szkielkowane,simple
660.3219709929963,352.99595449299903,362.86787323690766,826.9753764958523,437.7957437668097,450.1454615793234,7450.929841917818,2797.1289201102377,5483.871984749424,0.0,0.0,307.3260164999973,297.45409775608863,389.1796327290425,376.8299149165289,4653.80092180758,1967.0578571683936,0.0,0.0,/Users/dawid/Library/Mobile Documents/com~apple~CloudDocs/Dokumenty/Publikacje własne/Manuscripts/Quantum_interference/data/Ti_szkielkowane.sur,704.0192359324969,810.0000000000001,809.0,532.0,655289.9999999508,Titanium,Ti,quantum_like,256,256,3.0000000000000004,0,,Ti_szkielkowane,area,Glass bead blasted,szkielkowane,simple
342.98751317089483,352.99595449299903,362.86787323690766,426.02254677420706,437.7957437668097,450.1454615793234,2943.958147024525,2797.1289201102377,5483.871984749424,0.0,0.0,-10.008441322104215,-19.88036006601285,-11.773196992602712,-24.122914805116373,146.82922691428732,-2539.9138377248996,0.0,0.0,/Users/dawid/Library/Mobile Documents/com~apple~CloudDocs/Dokumenty/Publikacje własne/Manuscripts/Quantum_interference/data/Ti_szkielkowane.sur,213.60574344851793,810.0000000000001,809.0,532.0,655289.9999999508,Titanium,Ti,hybrid,256,256,3.0000000000000004,0,,Ti_szkielkowane,area,Glass bead blasted,szkielkowane,simple
663.0435789881236,352.99595449299903,362.86787323690766,870.4499952529632,437.7957437668097,450.1454615793234,7660.178187903754,2797.1289201102377,5483.871984749424,0.0,0.0,310.0476244951245,300.1757057512159,432.6542514861534,420.30453367363975,4863.049267793516,2176.30620315433,0.0,0.0,/Users/dawid/Library/Mobile Documents/com~apple~CloudDocs/Dokumenty/Publikacje własne/Manuscripts/Quantum_interference/data/Ti_szkielkowane.sur,930.5772730975912,810.0000000000001,809.0,532.0,655289.9999999508,Titanium,Ti,classical,256,256,3.0000000000000004,1,,Ti_szkielkowane,area,Glass bead blasted,szkielkowane,simple
661.6763941337219,352.99595449299903,362.86787323690766,830.0760841521669,437.7957437668097,450.1454615793234,7364.115682094969,2797.1289201102377,5483.871984749424,0.0,0.0,308.68043964072285,298.80852089681423,392.28034038535714,379.9306225728435,4566.986761984731,1880.2436973455444,0.0,0.0,/Users/dawid/Library/Mobile Documents/com~apple~CloudDocs/Dokumenty/Publikacje własne/Manuscripts/Quantum_interference/data/Ti_szkielkowane.sur,704.7273460394282,810.0000000000001,809.0,532.0,655289.9999999508,Titanium,Ti,quantum_like,256,256,3.0000000000000004,1,,Ti_szkielkowane,area,Glass bead blasted,szkielkowane,simple
344.8304907757371,352.99595449299903,362.86787323690766,430.14025388674,437.7957437668097,450.1454615793234,2937.6920895716644,2797.1289201102377,5483.871984749424,0.0,0.0,-8.165463717262,-18.037382461170637,-7.655489880069719,-20.00520769258338,140.5631694614268,-2546.17989517776,0.0,0.0,/Users/dawid/Library/Mobile Documents/com~apple~CloudDocs/Dokumenty/Publikacje własne/Manuscripts/Quantum_interference/data/Ti_szkielkowane.sur,212.83388159573133,810.0000000000001,809.0,532.0,655289.9999999508,Titanium,Ti,hybrid,256,256,3.0000000000000004,1,,Ti_szkielkowane,area,Glass bead blasted,szkielkowane,simple
670.4646643499807,352.99595449299903,362.86787323690766,877.0798315322767,437.7957437668097,450.1454615793234,7659.413168693417,2797.1289201102377,5483.871984749424,0.0,0.0,317.46870985698166,307.596791113073,439.28408776546695,426.9343699529533,4862.284248583179,2175.5411839439926,0.0,0.0,/Users/dawid/Library/Mobile Documents/com~apple~CloudDocs/Dokumenty/Publikacje własne/Manuscripts/Quantum_interference/data/Ti_szkielkowane.sur,935.9273938892551,810.0000000000001,809.0,532.0,655289.9999999508,Titanium,Ti,classical,256,256,3.0000000000000004,2,,Ti_szkielkowane,area,Glass bead blasted,szkielkowane,simple
661.3004120241272,352.99595449299903,362.86787323690766,829.5173212922595,437.7957437668097,450.1454615793234,7665.743456467158,2797.1289201102377,5483.871984749424,0.0,0.0,308.3044575311282,298.4325387872196,391.7215775254497,379.371859712936,4868.614536356919,2181.871471717733,0.0,0.0,/Users/dawid/Library/Mobile Documents/com~apple~CloudDocs/Dokumenty/Publikacje własne/Manuscripts/Quantum_interference/data/Ti_szkielkowane.sur,705.555721792297,810.0000000000001,809.0,532.0,655289.9999999508,Titanium,Ti,quantum_like,256,256,3.0000000000000004,2,,Ti_szkielkowane,area,Glass bead blasted,szkielkowane,simple
347.6509464346963,352.99595449299903,362.86787323690766,429.2954802807562,437.7957437668097,450.1454615793234,2883.960693079239,2797.1289201102377,5483.871984749424,0.0,0.0,-5.345008058302735,-15.216926802211372,-8.500263486053555,-20.84998129856722,86.83177296900126,-2599.9112916701856,0.0,0.0,/Users/dawid/Library/Mobile Documents/com~apple~CloudDocs/Dokumenty/Publikacje własne/Manuscripts/Quantum_interference/data/Ti_szkielkowane.sur,213.83241736146994,810.0000000000001,809.0,532.0,655289.9999999508,Titanium,Ti,hybrid,256,256,3.0000000000000004,2,,Ti_szkielkowane,area,Glass bead blasted,szkielkowane,simple
667.8708425964078,352.99595449299903,362.86787323690766,872.440931290611,437.7957437668097,450.1454615793234,7659.8661526484575,2797.1289201102377,5483.871984749424,0.0,0.0,314.8748881034087,305.00296935950007,434.64518752380127,422.2954697112876,4862.737232538219,2175.994167899033,0.0,0.0,/Users/dawid/Library/Mobile Documents/com~apple~CloudDocs/Dokumenty/Publikacje własne/Manuscripts/Quantum_interference/data/Ti_szkielkowane.sur,932.3652065950382,810.0000000000001,809.0,532.0,655289.9999999508,Titanium,Ti,classical,256,256,3.0000000000000004,3,,Ti_szkielkowane,area,Glass bead blasted,szkielkowane,simple
661.0763923857288,352.99595449299903,362.86787323690766,828.5271601536674,437.7957437668097,450.1454615793234,6974.668626646518,2797.1289201102377,5483.871984749424,0.0,0.0,308.0804378927297,298.2085191488211,390.73141638685763,378.381698574344,4177.5397065362795,1490.7966418970927,0.0,0.0,/Users/dawid/Library/Mobile Documents/com~apple~CloudDocs/Dokumenty/Publikacje własne/Manuscripts/Quantum_interference/data/Ti_szkielkowane.sur,702.1381656356474,810.0000000000001,809.0,532.0,655289.9999999508,Titanium,Ti,quantum_like,256,256,3.0000000000000004,3,,Ti_szkielkowane,area,Glass bead blasted,szkielkowane,simple
346.2224327703572,352.99595449299903,362.86787323690766,431.6914901168298,437.7957437668097,450.1454615793234,3069.127907977097,2797.1289201102377,5483.871984749424,0.0,0.0,-6.773521722641832,-16.64544046655047,-6.104253649979948,-18.45397146249361,271.99898786685935,-2414.7440767723274,0.0,0.0,/Users/dawid/Library/Mobile Documents/com~apple~CloudDocs/Dokumenty/Publikacje własne/Manuscripts/Quantum_interference/data/Ti_szkielkowane.sur,213.09746770087003,810.0000000000001,809.0,532.0,655289.9999999508,Titanium,Ti,hybrid,256,256,3.0000000000000004,3,,Ti_szkielkowane,area,Glass bead blasted,szkielkowane,simple
663.4955887713392,260.9508386001499,269.0687259091993,876.1662136330564,320.8989163140508,332.064684239527,8058.644524961779,2168.8333199346725,3640.405667431295,0.0,0.0,402.5447501711893,394.42686286213984,555.2672973190056,544.1015293935293,5889.811205027107,4418.238857530484,0.0,0.0,/Users/dawid/Library/Mobile Documents/com~apple~CloudDocs/Dokumenty/Publikacje własne/Manuscripts/Quantum_interference/data/Ti_szlifowane.sur,890.9497451413458,810.0000000000001,809.0,532.0,655289.9999999508,Titanium,Ti,classical,256,256,3.0000000000000004,0,,Ti_szlifowane,area,Grinding,szlifowane,simple
620.7608712513719,260.9508386001499,269.0687259091993,778.3581447862927,320.8989163140508,332.064684239527,6699.942721688841,2168.8333199346725,3640.405667431295,0.0,0.0,359.81003265122195,351.6921453421725,457.45922847224193,446.29346054676563,4531.109401754168,3059.5370542575456,0.0,0.0,/Users/dawid/Library/Mobile Documents/com~apple~CloudDocs/Dokumenty/Publikacje własne/Manuscripts/Quantum_interference/data/Ti_szlifowane.sur,710.8686567808902,810.0000000000001,809.0,532.0,655289.9999999508,Titanium,Ti,quantum_like,256,256,3.0000000000000004,0,,Ti_szlifowane,area,Grinding,szlifowane,simple
267.44461094853085,260.9508386001499,269.0687259091993,330.51524775141866,320.8989163140508,332.064684239527,2425.36064490455,2168.8333199346725,3640.405667431295,0.0,0.0,6.49377234838097,-1.6241149606684837,9.61633143736788,-1.5494364881083769,256.5273249698773,-1215.045022526745,0.0,0.0,/Users/dawid/Library/Mobile Documents/com~apple~CloudDocs/Dokumenty/Publikacje własne/Manuscripts/Quantum_interference/data/Ti_szlifowane.sur,176.73964831396307,810.0000000000001,809.0,532.0,655289.9999999508,Titanium,Ti,hybrid,256,256,3.0000000000000004,0,,Ti_szlifowane,area,Grinding,szlifowane,simple
668.7075820657109,260.9508386001499,269.0687259091993,882.1352332671529,320.8989163140508,332.064684239527,8059.2351805346725,2168.8333199346725,3640.405667431295,0.0,0.0,407.75674346556104,399.6388561565116,561.2363169531021,550.0705490276259,5890.4018606,4418.829513103377,0.0,0.0,/Users/dawid/Library/Mobile Documents/com~apple~CloudDocs/Dokumenty/Publikacje własne/Manuscripts/Quantum_interference/data/Ti_szlifowane.sur,897.808131478429,810.0000000000001,809.0,532.0,655289.9999999508,Titanium,Ti,classical,256,256,3.0000000000000004,1,,Ti_szlifowane,area,Grinding,szlifowane,simple
627.7731800410991,260.9508386001499,269.0687259091993,787.8126093080048,320.8989163140508,332.064684239527,6624.896765814611,2168.8333199346725,3640.405667431295,0.0,0.0,366.8223414409492,358.7044541318997,466.91369299395404,455.7479250684778,4456.063445879939,2984.491098383316,0.0,0.0,/Users/dawid/Library/Mobile Documents/com~apple~CloudDocs/Dokumenty/Publikacje własne/Manuscripts/Quantum_interference/data/Ti_szlifowane.sur,718.6299638743922,810.0000000000001,809.0,532.0,655289.9999999508,Titanium,Ti,quantum_like,256,256,3.0000000000000004,1,,Ti_szlifowane,area,Grinding,szlifowane,simple
271.62520195717525,260.9508386001499,269.0687259091993,334.946396280386,320.8989163140508,332.064684239527,2516.20254689496,2168.8333199346725,3640.405667431295,0.0,0.0,10.674363357025367,2.5564760479759125,14.047479966335272,2.8817120408590164,347.3692269602874,-1124.203120536335,0.0,0.0,/Users/dawid/Library/Mobile Documents/com~apple~CloudDocs/Dokumenty/Publikacje własne/Manuscripts/Quantum_interference/data/Ti_szlifowane.sur,177.7011807356799,810.0000000000001,809.0,532.0,655289.9999999508,Titanium,Ti,hybrid,256,256,3.0000000000000004,1,,Ti_szlifowane,area,Grinding,szlifowane,simple
665.0835784685303,260.9508386001499,269.0687259091993,878.3101940414829,320.8989163140508,332.064684239527,8032.013860082964,2168.8333199346725,3640.405667431295,0.0,0.0,404.1327398683804,396.01485255933096,557.4112777274321,546.2455098019558,5863.180540148292,4391.60819265167,0.0,0.0,/Users/dawid/Library/Mobile Documents/com~apple~CloudDocs/Dokumenty/Publikacje własne/Manuscripts/Quantum_interference/data/Ti_szlifowane.sur,894.2252598776178,810.0000000000001,809.0,532.0,655289.9999999508,Titanium,Ti,classical,256,256,3.0000000000000004,2,,Ti_szlifowane,area,Grinding,szlifowane,simple
619.6745063163546,260.9508386001499,269.0687259091993,777.0718139630347,320.8989163140508,332.064684239527,6458.47354288034,2168.8333199346725,3640.405667431295,0.0,0.0,358.72366771620466,350.60578040715524,456.17289764898396,445.0071297235077,4289.640222945667,2818.067875449045,0.0,0.0,/Users/dawid/Library/Mobile Documents/com~apple~CloudDocs/Dokumenty/Publikacje własne/Manuscripts/Quantum_interference/data/Ti_szlifowane.sur,707.9845050722516,810.0000000000001,809.0,532.0,655289.9999999508,Titanium,Ti,quantum_like,256,256,3.0000000000000004,2,,Ti_szlifowane,area,Grinding,szlifowane,simple
267.3898784975723,260.9508386001499,269.0687259091993,332.90744592980843,320.8989163140508,332.064684239527,2430.7499510196058,2168.8333199346725,3640.405667431295,0.0,0.0,6.439039897422413,-1.6788474116270415,12.008529615757666,0.8427616902814101,261.9166310849331,-1209.6557164116894,0.0,0.0,/Users/dawid/Library/Mobile Documents/com~apple~CloudDocs/Dokumenty/Publikacje własne/Manuscripts/Quantum_interference/data/Ti_szlifowane.sur,176.86714258227374,810.0000000000001,809.0,532.0,655289.9999999508,Titanium,Ti,hybrid,256,256,3.0000000000000004,2,,Ti_szlifowane,area,Grinding,szlifowane,simple
663.3977220047143,260.9508386001499,269.0687259091993,877.338088296106,320.8989163140508,332.064684239527,8035.710772153802,2168.8333199346725,3640.405667431295,0.0,0.0,402.44688340456446,394.328996095515,556.4391719820552,545.2734040565789,5866.87745221913,4395.305104722507,0.0,0.0,/Users/dawid/Library/Mobile Documents/com~apple~CloudDocs/Dokumenty/Publikacje własne/Manuscripts/Quantum_interference/data/Ti_szlifowane.sur,892.4703365023287,810.0000000000001,809.0,532.0,655289.9999999508,Titanium,Ti,classical,256,256,3.0000000000000004,3,,Ti_szlifowane,area,Grinding,szlifowane,simple
621.9343254580685,260.9508386001499,269.0687259091993,778.8727341921164,320.8989163140508,332.064684239527,7237.951024671822,2168.8333199346725,3640.405667431295,0.0,0.0,360.9834868579187,352.8655995488692,457.9738178780656,446.80804995258933,5069.117704737149,3597.5453572405268,0.0,0.0,/Users/dawid/Library/Mobile Documents/com~apple~CloudDocs/Dokumenty/Publikacje własne/Manuscripts/Quantum_interference/data/Ti_szlifowane.sur,709.8646844484675,810.0000000000001,809.0,532.0,655289.9999999508,Titanium,Ti,quantum_like,256,256,3.0000000000000004,3,,Ti_szlifowane,area,Grinding,szlifowane,simple
270.92013091497154,260.9508386001499,269.0687259091993,334.50940526295506,320.8989163140508,332.064684239527,2335.725780655127,2168.8333199346725,3640.405667431295,0.0,0.0,9.969292314821661,1.8514050057722065,13.610488948904274,2.444721023428018,166.89246072045427,-1304.6798867761681,0.0,0.0,/Users/dawid/Library/Mobile Documents/com~apple~CloudDocs/Dokumenty/Publikacje własne/Manuscripts/Quantum_interference/data/Ti_szlifowane.sur,177.70122606692973,810.0000000000001,809.0,532.0,655289.9999999508,Titanium,Ti,hybrid,256,256,3.0000000000000004,3,,Ti_szlifowane,area,Grinding,szlifowane,simple
