Sa_est_nm,Sa_true_bw_nm,Sa_true_nm,Sq_est_nm,Sq_true_bw_nm,Sq_true_nm,Sz_est_nm,Sz_true_bw_nm,Sz_true_nm,bias_Sa_bw_nm,bias_Sa_nm,bias_Sq_bw_nm,bias_Sq_nm,bias_Sz_bw_nm,bias_Sz_nm,deadtime1_s,deadtime2_s,file,height_rmse_nm,lambda1_nm,lambda2_nm,lambda_class_nm,lambda_eff_nm,material,material_code,method,nx,ny,rep,sample_group,stem,sur_resample,treatment,treatment_code,unwrap_method
104.74468080396562,364.8550085944905,382.78488492918075,132.1718892727343,522.5751367826276,924.2360826616774,1024.9525733153275,12115.076009263661,44222.947324976805,-260.11032779052493,-278.04020412521515,-390.40324750989333,-792.0641933889431,-11090.123435948333,-43197.99475166148,0.0,0.0,/Users/dawid/Library/Mobile Documents/com~apple~CloudDocs/Dokumenty/Publikacje własne/Manuscripts/Quantum_interference/data/1.4301_oselkowane.sur,559.1310391868753,810.0000000000001,809.0,532.0,655289.9999999508,Stainless steel 1.4301 (AISI 304),1.4301,classical,256,256,0,,1.4301_oselkowane,area,Honed,oselkowane,least_squares
72142.89750040448,364.8550085944905,382.78488492918075,90544.40091011747,522.5751367826276,924.2360826616774,730209.2348811137,12115.076009263661,44222.947324976805,71778.04249180999,71760.1126154753,90021.82577333484,89620.1648274558,718094.1588718501,685986.287556137,0.0,0.0,/Users/dawid/Library/Mobile Documents/com~apple~CloudDocs/Dokumenty/Publikacje własne/Manuscripts/Quantum_interference/data/1.4301_oselkowane.sur,90634.17598227516,810.0000000000001,809.0,532.0,655289.9999999508,Stainless steel 1.4301 (AISI 304),1.4301,quantum_like,256,256,0,,1.4301_oselkowane,area,Honed,oselkowane,least_squares
56942.3430786191,364.8550085944905,382.78488492918075,71534.89089052645,522.5751367826276,924.2360826616774,514177.38706270384,12115.076009263661,44222.947324976805,56577.488070024614,56559.55819368992,71012.31575374382,70610.65480786478,502062.3110534401,469954.439737727,0.0,0.0,/Users/dawid/Library/Mobile Documents/com~apple~CloudDocs/Dokumenty/Publikacje własne/Manuscripts/Quantum_interference/data/1.4301_oselkowane.sur,71648.54218090087,810.0000000000001,809.0,532.0,655289.9999999508,Stainless steel 1.4301 (AISI 304),1.4301,hybrid,256,256,0,,1.4301_oselkowane,area,Honed,oselkowane,least_squares
86.4128484279227,357.6011094818264,453.17839917015544,106.39125432960988,439.57733820095774,539.7002414210604,788.2644164463421,2678.634068318592,4309.3120301784875,-271.1882610539037,-366.76555074223273,-333.1860838713478,-433.30898709145043,-1890.3696518722502,-3521.0476137321457,0.0,0.0,/Users/dawid/Library/Mobile Documents/com~apple~CloudDocs/Dokumenty/Publikacje własne/Manuscripts/Quantum_interference/data/1.4301_szkielkowane.sur,443.81661561519786,810.0000000000001,809.0,532.0,655289.9999999508,Stainless steel 1.4301 (AISI 304),1.4301,classical,256,256,0,,1.4301_szkielkowane,area,Glass bead blasted,szkielkowane,least_squares
68831.59079379271,357.6011094818264,453.17839917015544,87281.89700798786,439.57733820095774,539.7002414210604,883202.8243453193,2678.634068318592,4309.3120301784875,68473.98968431089,68378.41239462254,86842.3196697869,86742.1967665668,880524.1902770007,878893.5123151408,0.0,0.0,/Users/dawid/Library/Mobile Documents/com~apple~CloudDocs/Dokumenty/Publikacje własne/Manuscripts/Quantum_interference/data/1.4301_szkielkowane.sur,87288.9359799415,810.0000000000001,809.0,532.0,655289.9999999508,Stainless steel 1.4301 (AISI 304),1.4301,quantum_like,256,256,0,,1.4301_szkielkowane,area,Glass bead blasted,szkielkowane,least_squares
52074.33001271608,357.6011094818264,453.17839917015544,67122.67060538661,439.57733820095774,539.7002414210604,592734.4692004026,2678.634068318592,4309.3120301784875,51716.72890323425,51621.151613545924,66683.09326718566,66582.97036396555,590055.8351320841,588425.1571702241,0.0,0.0,/Users/dawid/Library/Mobile Documents/com~apple~CloudDocs/Dokumenty/Publikacje własne/Manuscripts/Quantum_interference/data/1.4301_szkielkowane.sur,67130.43857158929,810.0000000000001,809.0,532.0,655289.9999999508,Stainless steel 1.4301 (AISI 304),1.4301,hybrid,256,256,0,,1.4301_szkielkowane,area,Glass bead blasted,szkielkowane,least_squares
48.65217433270742,30.413699462010378,33.84118699522956,57.10116666952728,37.45328524655293,41.899689585882065,341.22632841029633,266.08343313585567,417.17396197934573,18.238474870697036,14.81098733747785,19.647881422974358,15.20147708364522,75.14289527444062,-75.94763356904942,0.0,0.0,/Users/dawid/Library/Mobile Documents/com~apple~CloudDocs/Dokumenty/Publikacje własne/Manuscripts/Quantum_interference/data/1.4301_szlifowane.sur,35.047276589730274,810.0000000000001,809.0,532.0,655289.9999999508,Stainless steel 1.4301 (AISI 304),1.4301,classical,256,256,0,,1.4301_szlifowane,area,Grinding,szlifowane,least_squares
85147.49000751288,30.413699462010378,33.84118699522956,109078.72097257676,37.45328524655293,41.899689585882065,985329.7064175777,266.08343313585567,417.17396197934573,85117.07630805086,85113.64882051766,109041.26768733021,109036.82128299087,985063.6229844418,984912.5324555984,0.0,0.0,/Users/dawid/Library/Mobile Documents/com~apple~CloudDocs/Dokumenty/Publikacje własne/Manuscripts/Quantum_interference/data/1.4301_szlifowane.sur,109070.98480070471,810.0000000000001,809.0,532.0,655289.9999999508,Stainless steel 1.4301 (AISI 304),1.4301,quantum_like,256,256,0,,1.4301_szlifowane,area,Grinding,szlifowane,least_squares
70354.07531190776,30.413699462010378,33.84118699522956,91997.7092935312,37.45328524655293,41.899689585882065,756299.1330282843,266.08343313585567,417.17396197934573,70323.66161244574,70320.23412491252,91960.25600828465,91955.80960394531,756033.0495951484,755881.9590663051,0.0,0.0,/Users/dawid/Library/Mobile Documents/com~apple~CloudDocs/Dokumenty/Publikacje własne/Manuscripts/Quantum_interference/data/1.4301_szlifowane.sur,91988.60313027594,810.0000000000001,809.0,532.0,655289.9999999508,Stainless steel 1.4301 (AISI 304),1.4301,hybrid,256,256,0,,1.4301_szlifowane,area,Grinding,szlifowane,least_squares
58.37478107701303,628.2335439287026,719.0243698335206,73.31502052337983,843.387722653666,1182.6790015108243,614.4155821544756,28422.32201382488,88645.45204885582,-569.8587628516896,-660.6495887565076,-770.0727021302862,-1109.3639809874444,-27807.906431670403,-88031.03646670133,0.0,0.0,/Users/dawid/Library/Mobile Documents/com~apple~CloudDocs/Dokumenty/Publikacje własne/Manuscripts/Quantum_interference/data/1.4301_t_wyk.sur,845.4909883686569,810.0000000000001,809.0,532.0,655289.9999999508,Stainless steel 1.4301 (AISI 304),1.4301,classical,256,256,0,,1.4301_t_wyk,area,Turning (finishing),t_wyk,least_squares
69557.77095932135,628.2335439287026,719.0243698335206,87237.80689828207,843.387722653666,1182.6790015108243,742364.2156629717,28422.32201382488,88645.45204885582,68929.53741539265,68838.74658948783,86394.4191756284,86055.12789677124,713941.8936491469,653718.7636141159,0.0,0.0,/Users/dawid/Library/Mobile Documents/com~apple~CloudDocs/Dokumenty/Publikacje własne/Manuscripts/Quantum_interference/data/1.4301_t_wyk.sur,87239.85653249743,810.0000000000001,809.0,532.0,655289.9999999508,Stainless steel 1.4301 (AISI 304),1.4301,quantum_like,256,256,0,,1.4301_t_wyk,area,Turning (finishing),t_wyk,least_squares
53951.399492978904,628.2335439287026,719.0243698335206,67841.7305089515,843.387722653666,1182.6790015108243,510729.6605789351,28422.32201382488,88645.45204885582,53323.1659490502,53232.375123145386,66998.34278629783,66659.05150744067,482307.3385651102,422084.2085300793,0.0,0.0,/Users/dawid/Library/Mobile Documents/com~apple~CloudDocs/Dokumenty/Publikacje własne/Manuscripts/Quantum_interference/data/1.4301_t_wyk.sur,67847.87081203847,810.0000000000001,809.0,532.0,655289.9999999508,Stainless steel 1.4301 (AISI 304),1.4301,hybrid,256,256,0,,1.4301_t_wyk,area,Turning (finishing),t_wyk,least_squares
132.29424338738758,408.0134970138842,467.573643958579,166.0878774364212,522.9588934926375,606.1052304901839,1149.2195384247245,3043.1017019360343,3779.3551222935625,-275.7192536264966,-335.27940057119145,-356.8710160562163,-440.01735305376275,-1893.8821635113097,-2630.135583868838,0.0,0.0,/Users/dawid/Library/Mobile Documents/com~apple~CloudDocs/Dokumenty/Publikacje własne/Manuscripts/Quantum_interference/data/AL_oselkowane.sur,507.082268564754,810.0000000000001,809.0,532.0,655289.9999999508,Aluminium 7075,AL,classical,256,256,0,,AL_oselkowane,area,Honed,oselkowane,least_squares
73611.40451621081,408.0134970138842,467.573643958579,91696.09463067904,522.9588934926375,606.1052304901839,710470.998451249,3043.1017019360343,3779.3551222935625,73203.39101919692,73143.83087225222,91173.1357371864,91089.98940018885,707427.896749313,706691.6433289555,0.0,0.0,/Users/dawid/Library/Mobile Documents/com~apple~CloudDocs/Dokumenty/Publikacje własne/Manuscripts/Quantum_interference/data/AL_oselkowane.sur,91627.31953423755,810.0000000000001,809.0,532.0,655289.9999999508,Aluminium 7075,AL,quantum_like,256,256,0,,AL_oselkowane,area,Honed,oselkowane,least_squares
59241.90608634177,408.0134970138842,467.573643958579,72998.32102908885,522.9588934926375,606.1052304901839,480669.62384084525,3043.1017019360343,3779.3551222935625,58833.89258932789,58774.33244238319,72475.36213559622,72392.21579859867,477626.52213890926,476890.26871855167,0.0,0.0,/Users/dawid/Library/Mobile Documents/com~apple~CloudDocs/Dokumenty/Publikacje własne/Manuscripts/Quantum_interference/data/AL_oselkowane.sur,72914.69357291001,810.0000000000001,809.0,532.0,655289.9999999508,Aluminium 7075,AL,hybrid,256,256,0,,AL_oselkowane,area,Honed,oselkowane,least_squares
114.31735093386806,524.5136807904041,546.3689426510782,140.01151455988162,687.0092608696518,922.2410215602662,905.7587205704281,31199.884564537664,85338.86653628112,-410.19632985653607,-432.0515917172101,-546.9977463097703,-782.2295070003846,-30294.125843967235,-84433.10781571068,0.0,0.0,/Users/dawid/Library/Mobile Documents/com~apple~CloudDocs/Dokumenty/Publikacje własne/Manuscripts/Quantum_interference/data/Al7075_t_wyk.sur,655.2947052613024,810.0000000000001,809.0,532.0,655289.9999999508,Aluminium 7075,Al7075,classical,256,256,0,,Al7075_t_wyk,area,Turning (finishing),t_wyk,least_squares
64467.79283704486,524.5136807904041,546.3689426510782,80801.36230185925,687.0092608696518,922.2410215602662,719460.048439386,31199.884564537664,85338.86653628112,63943.27915625445,63921.423894393774,80114.3530409896,79879.12128029898,688260.1638748483,634121.1819031049,0.0,0.0,/Users/dawid/Library/Mobile Documents/com~apple~CloudDocs/Dokumenty/Publikacje własne/Manuscripts/Quantum_interference/data/Al7075_t_wyk.sur,80863.09061446621,810.0000000000001,809.0,532.0,655289.9999999508,Aluminium 7075,Al7075,quantum_like,256,256,0,,Al7075_t_wyk,area,Turning (finishing),t_wyk,least_squares
49324.57417706022,524.5136807904041,546.3689426510782,60933.91251180918,687.0092608696518,922.2410215602662,457607.85348068527,31199.884564537664,85338.86653628112,48800.06049626981,48778.205234409135,60246.90325093953,60011.67149024892,426407.96891614766,372268.98694440414,0.0,0.0,/Users/dawid/Library/Mobile Documents/com~apple~CloudDocs/Dokumenty/Publikacje własne/Manuscripts/Quantum_interference/data/Al7075_t_wyk.sur,61015.454884752195,810.0000000000001,809.0,532.0,655289.9999999508,Aluminium 7075,Al7075,hybrid,256,256,0,,Al7075_t_wyk,area,Turning (finishing),t_wyk,least_squares
130.45652470982066,293.0939529305958,299.70349938185274,162.53130575829707,354.2118986734384,364.15267521941,1124.837012626219,2154.9281499577382,3032.6030471767835,-162.63742822077512,-169.24697467203208,-191.6805929151413,-201.62136946111295,-1030.0911373315193,-1907.7660345505647,0.0,0.0,/Users/dawid/Library/Mobile Documents/com~apple~CloudDocs/Dokumenty/Publikacje własne/Manuscripts/Quantum_interference/data/Al_szkielkowane.sur,284.965079797181,810.0000000000001,809.0,532.0,655289.9999999508,Aluminium 7075,Al,classical,256,256,0,,Al_szkielkowane,area,Glass bead blasted,szkielkowane,least_squares
69781.92092989062,293.0939529305958,299.70349938185274,87409.87259284672,354.2118986734384,364.15267521941,699273.043939669,2154.9281499577382,3032.6030471767835,69488.82697696003,69482.21743050877,87055.66069417328,87045.71991762731,697118.1157897114,696240.4408924922,0.0,0.0,/Users/dawid/Library/Mobile Documents/com~apple~CloudDocs/Dokumenty/Publikacje własne/Manuscripts/Quantum_interference/data/Al_szkielkowane.sur,87456.45964836463,810.0000000000001,809.0,532.0,655289.9999999508,Aluminium 7075,Al,quantum_like,256,256,0,,Al_szkielkowane,area,Glass bead blasted,szkielkowane,least_squares
52936.276099772105,293.0939529305958,299.70349938185274,66835.61885537376,354.2118986734384,364.15267521941,482986.6460984823,2154.9281499577382,3032.6030471767835,52643.18214684151,52636.572600390245,66481.40695670032,66471.46618015434,480831.7179485246,479954.0430513055,0.0,0.0,/Users/dawid/Library/Mobile Documents/com~apple~CloudDocs/Dokumenty/Publikacje własne/Manuscripts/Quantum_interference/data/Al_szkielkowane.sur,66896.93909968992,810.0000000000001,809.0,532.0,655289.9999999508,Aluminium 7075,Al,hybrid,256,256,0,,Al_szkielkowane,area,Glass bead blasted,szkielkowane,least_squares
68.01332717408766,63.67904400930688,66.55707432300152,84.10300202514668,81.49109450002742,84.85770719843457,485.8716707708795,473.8258971126187,638.6250286224301,4.334283164780782,1.456252851086143,2.6119075251192574,-0.7547051732878907,12.045773658260826,-152.75335785155065,0.0,0.0,/Users/dawid/Library/Mobile Documents/com~apple~CloudDocs/Dokumenty/Publikacje własne/Manuscripts/Quantum_interference/data/Al_szlifowane.sur,10.323205088200666,810.0000000000001,809.0,532.0,655289.9999999508,Aluminium 7075,Al,classical,256,256,0,,Al_szlifowane,area,Grinding,szlifowane,least_squares
73389.08083931563,63.67904400930688,66.55707432300152,91749.55924112136,81.49109450002742,84.85770719843457,835891.236250527,473.8258971126187,638.6250286224301,73325.40179530632,73322.52376499263,91668.06814662133,91664.70153392293,835417.4103534144,835252.6112219045,0.0,0.0,/Users/dawid/Library/Mobile Documents/com~apple~CloudDocs/Dokumenty/Publikacje własne/Manuscripts/Quantum_interference/data/Al_szlifowane.sur,91746.06239193991,810.0000000000001,809.0,532.0,655289.9999999508,Aluminium 7075,Al,quantum_like,256,256,0,,Al_szlifowane,area,Grinding,szlifowane,least_squares
56758.82173838353,63.67904400930688,66.55707432300152,70348.56791382765,81.49109450002742,84.85770719843457,555163.3396815445,473.8258971126187,638.6250286224301,56695.142694374226,56692.26466406053,70267.07681932762,70263.71020662921,554689.5137844319,554524.7146529219,0.0,0.0,/Users/dawid/Library/Mobile Documents/com~apple~CloudDocs/Dokumenty/Publikacje własne/Manuscripts/Quantum_interference/data/Al_szlifowane.sur,70343.90865571375,810.0000000000001,809.0,532.0,655289.9999999508,Aluminium 7075,Al,hybrid,256,256,0,,Al_szlifowane,area,Grinding,szlifowane,least_squares
80.70888575368997,223.31743222772795,297.16816890965,100.70527039130037,272.5381756206323,365.33382951310733,746.5221640831683,1738.0094316217455,2768.298898994887,-142.60854647403795,-216.45928315596,-171.8329052293319,-264.628559121807,-991.4872675385773,-2021.7767349117187,0.0,0.0,/Users/dawid/Library/Mobile Documents/com~apple~CloudDocs/Dokumenty/Publikacje własne/Manuscripts/Quantum_interference/data/C45_oselkowane.sur,253.9952652716134,810.0000000000001,809.0,532.0,655289.9999999508,Steel C45,C45,classical,256,256,0,,C45_oselkowane,area,Honed,oselkowane,least_squares
72915.27514728242,223.31743222772795,297.16816890965,91250.70364526947,272.5381756206323,365.33382951310733,799456.8136614067,1738.0094316217455,2768.298898994887,72691.9577150547,72618.10697837276,90978.16546964884,90885.36981575636,797718.804229785,796688.5147624118,0.0,0.0,/Users/dawid/Library/Mobile Documents/com~apple~CloudDocs/Dokumenty/Publikacje własne/Manuscripts/Quantum_interference/data/C45_oselkowane.sur,91254.32793835894,810.0000000000001,809.0,532.0,655289.9999999508,Steel C45,C45,quantum_like,256,256,0,,C45_oselkowane,area,Honed,oselkowane,least_squares
56311.78107464708,223.31743222772795,297.16816890965,70634.4777436148,272.5381756206323,365.33382951310733,481768.63153982465,1738.0094316217455,2768.298898994887,56088.46364241935,56014.61290573743,70361.93956799417,70269.14391410169,480030.6221082029,479000.3326408297,0.0,0.0,/Users/dawid/Library/Mobile Documents/com~apple~CloudDocs/Dokumenty/Publikacje własne/Manuscripts/Quantum_interference/data/C45_oselkowane.sur,70639.56563643312,810.0000000000001,809.0,532.0,655289.9999999508,Steel C45,C45,hybrid,256,256,0,,C45_oselkowane,area,Honed,oselkowane,least_squares
63.41575229303764,201.86236291841112,304.0087497191734,80.17027883043939,252.25718011110456,380.88187998390504,739.8535469115078,1739.620230782732,2637.5771352498405,-138.4466106253735,-240.59299742613578,-172.0869012806652,-300.71160115346566,-999.7666838712244,-1897.7235883383328,0.0,0.0,/Users/dawid/Library/Mobile Documents/com~apple~CloudDocs/Dokumenty/Publikacje własne/Manuscripts/Quantum_interference/data/C45_szkielkowane.sur,255.6798722521265,810.0000000000001,809.0,532.0,655289.9999999508,Steel C45,C45,classical,256,256,0,,C45_szkielkowane,area,Glass bead blasted,szkielkowane,least_squares
74463.91711524864,201.86236291841112,304.0087497191734,93656.298655806,252.25718011110456,380.88187998390504,769549.9330143385,1739.620230782732,2637.5771352498405,74262.05475233022,74159.90836552947,93404.04147569489,93275.41677582209,767810.3127835557,766912.3558790886,0.0,0.0,/Users/dawid/Library/Mobile Documents/com~apple~CloudDocs/Dokumenty/Publikacje własne/Manuscripts/Quantum_interference/data/C45_szkielkowane.sur,93670.09171588311,810.0000000000001,809.0,532.0,655289.9999999508,Steel C45,C45,quantum_like,256,256,0,,C45_szkielkowane,area,Glass bead blasted,szkielkowane,least_squares
58250.280275339785,201.86236291841112,304.0087497191734,73780.95772953775,252.25718011110456,380.88187998390504,550194.7906368374,1739.620230782732,2637.5771352498405,58048.41791242138,57946.271525620614,73528.70054942665,73400.07584955385,548455.1704060547,547557.2135015875,0.0,0.0,/Users/dawid/Library/Mobile Documents/com~apple~CloudDocs/Dokumenty/Publikacje własne/Manuscripts/Quantum_interference/data/C45_szkielkowane.sur,73798.97117842242,810.0000000000001,809.0,532.0,655289.9999999508,Steel C45,C45,hybrid,256,256,0,,C45_szkielkowane,area,Glass bead blasted,szkielkowane,least_squares
71.95651727603408,234.32438033986708,294.2677905732902,89.63607005952015,292.51105888481834,373.10076478927004,650.6995073953702,2256.4749962736864,4746.313267479542,-162.367863063833,-222.3112732972561,-202.8749888252982,-283.4646947297499,-1605.775488878316,-4095.6137600841726,0.0,0.0,/Users/dawid/Library/Mobile Documents/com~apple~CloudDocs/Dokumenty/Publikacje własne/Manuscripts/Quantum_interference/data/C45_szlifowane.sur,285.22050826108983,810.0000000000001,809.0,532.0,655289.9999999508,Steel C45,C45,classical,256,256,0,,C45_szlifowane,area,Grinding,szlifowane,least_squares
70194.43631131932,234.32438033986708,294.2677905732902,88096.65298665124,292.51105888481834,373.10076478927004,711294.8269276886,2256.4749962736864,4746.313267479542,69960.11193097946,69900.16852074603,87804.14192776642,87723.55222186197,709038.3519314148,706548.513660209,0.0,0.0,/Users/dawid/Library/Mobile Documents/com~apple~CloudDocs/Dokumenty/Publikacje własne/Manuscripts/Quantum_interference/data/C45_szlifowane.sur,88060.28141629689,810.0000000000001,809.0,532.0,655289.9999999508,Steel C45,C45,quantum_like,256,256,0,,C45_szlifowane,area,Grinding,szlifowane,least_squares
53075.577293438815,234.32438033986708,294.2677905732902,66769.65129085339,292.51105888481834,373.10076478927004,446500.82150327903,2256.4749962736864,4746.313267479542,52841.25291309895,52781.30950286552,66477.14023196857,66396.55052606411,444244.3465070054,441754.5082357995,0.0,0.0,/Users/dawid/Library/Mobile Documents/com~apple~CloudDocs/Dokumenty/Publikacje własne/Manuscripts/Quantum_interference/data/C45_szlifowane.sur,66721.33546704522,810.0000000000001,809.0,532.0,655289.9999999508,Steel C45,C45,hybrid,256,256,0,,C45_szlifowane,area,Grinding,szlifowane,least_squares
62.34510679258061,2732.958658307945,3227.486193601588,77.76033526980858,3775.7730527330605,4810.678022931261,719.9393290091441,91545.0493924157,102791.46656079737,-2670.613551515364,-3165.1410868090074,-3698.012717463252,-4732.917687661452,-90825.11006340657,-102071.52723178823,0.0,0.0,/Users/dawid/Library/Mobile Documents/com~apple~CloudDocs/Dokumenty/Publikacje własne/Manuscripts/Quantum_interference/data/C45_t_wyk.sur,3777.2452659001724,810.0000000000001,809.0,532.0,655289.9999999508,Steel C45,C45,classical,256,256,0,,C45_t_wyk,area,Turning (finishing),t_wyk,least_squares
59438.00038774144,2732.958658307945,3227.486193601588,75541.49740104415,3775.7730527330605,4810.678022931261,684316.1619078208,91545.0493924157,102791.46656079737,56705.0417294335,56210.514194139854,71765.7243483111,70730.8193781129,592771.1125154052,581524.6953470235,0.0,0.0,/Users/dawid/Library/Mobile Documents/com~apple~CloudDocs/Dokumenty/Publikacje własne/Manuscripts/Quantum_interference/data/C45_t_wyk.sur,75626.9331994519,810.0000000000001,809.0,532.0,655289.9999999508,Steel C45,C45,quantum_like,256,256,0,,C45_t_wyk,area,Turning (finishing),t_wyk,least_squares
44988.135715718156,2732.958658307945,3227.486193601588,56746.87135597421,3775.7730527330605,4810.678022931261,499903.1551593343,91545.0493924157,102791.46656079737,42255.17705741021,41760.64952211657,52971.098303241146,51936.193333042946,408358.1057669186,397111.68859853694,0.0,0.0,/Users/dawid/Library/Mobile Documents/com~apple~CloudDocs/Dokumenty/Publikacje własne/Manuscripts/Quantum_interference/data/C45_t_wyk.sur,56982.13170207227,810.0000000000001,809.0,532.0,655289.9999999508,Steel C45,C45,hybrid,256,256,0,,C45_t_wyk,area,Turning (finishing),t_wyk,least_squares
66.97168981881957,1234.8140560888633,1520.863677324698,84.49477420154832,1847.786756643374,2711.1025465307293,762.9120143840618,36468.104434120825,95448.76015739111,-1167.8423662700436,-1453.8919875058784,-1763.2919824418257,-2626.607772329181,-35705.19241973676,-94685.84814300704,0.0,0.0,/Users/dawid/Library/Mobile Documents/com~apple~CloudDocs/Dokumenty/Publikacje własne/Manuscripts/Quantum_interference/data/ELLOR_t_wyk.sur,1848.4753767773914,810.0000000000001,809.0,532.0,655289.9999999508,Graphite,ELLOR,classical,256,256,0,,ELLOR_t_wyk,area,Turning (finishing),t_wyk,least_squares
64119.37652054365,1234.8140560888633,1520.863677324698,80136.95272911615,1847.786756643374,2711.1025465307293,670272.2341196522,36468.104434120825,95448.76015739111,62884.562464454786,62598.51284321895,78289.16597247277,77425.85018258542,633804.1296855314,574823.4739622612,0.0,0.0,/Users/dawid/Library/Mobile Documents/com~apple~CloudDocs/Dokumenty/Publikacje własne/Manuscripts/Quantum_interference/data/ELLOR_t_wyk.sur,80255.68625625264,810.0000000000001,809.0,532.0,655289.9999999508,Graphite,ELLOR,quantum_like,256,256,0,,ELLOR_t_wyk,area,Turning (finishing),t_wyk,least_squares
49478.87435002367,1234.8140560888633,1520.863677324698,61220.737565316966,1847.786756643374,2711.1025465307293,419692.62448872783,36468.104434120825,95448.76015739111,48244.0602939348,47958.01067269897,59372.950808673595,58509.63501878624,383224.520054607,324243.8643313367,0.0,0.0,/Users/dawid/Library/Mobile Documents/com~apple~CloudDocs/Dokumenty/Publikacje własne/Manuscripts/Quantum_interference/data/ELLOR_t_wyk.sur,61395.812290913644,810.0000000000001,809.0,532.0,655289.9999999508,Graphite,ELLOR,hybrid,256,256,0,,ELLOR_t_wyk,area,Turning (finishing),t_wyk,least_squares
76.09213416161401,164.77047735641173,182.7126111276782,93.73598675529146,327.645724642529,690.4123953098978,659.2247945755759,24322.604544626112,72932.940179508,-88.67834319479773,-106.62047696606419,-233.9097378872375,-596.6764085546063,-23663.37975005054,-72273.71538493242,0.0,0.0,/Users/dawid/Library/Mobile Documents/com~apple~CloudDocs/Dokumenty/Publikacje własne/Manuscripts/Quantum_interference/data/Graphite_oselkowane.sur,300.7387624817127,810.0000000000001,809.0,532.0,655289.9999999508,Graphite,Graphite,classical,256,256,0,,Graphite_oselkowane,area,Honed,oselkowane,least_squares
77534.73586205405,164.77047735641173,182.7126111276782,97434.19039420226,327.645724642529,690.4123953098978,819378.0571049108,24322.604544626112,72932.940179508,77369.96538469763,77352.02325092637,97106.54466955973,96743.77799889237,795055.4525602848,746445.1169254028,0.0,0.0,/Users/dawid/Library/Mobile Documents/com~apple~CloudDocs/Dokumenty/Publikacje własne/Manuscripts/Quantum_interference/data/Graphite_oselkowane.sur,97420.53110790427,810.0000000000001,809.0,532.0,655289.9999999508,Graphite,Graphite,quantum_like,256,256,0,,Graphite_oselkowane,area,Honed,oselkowane,least_squares
61693.243016218155,164.77047735641173,182.7126111276782,78057.27275802632,327.645724642529,690.4123953098978,646102.4240554546,24322.604544626112,72932.940179508,61528.472538861744,61510.53040509048,77729.62703338379,77366.86036271641,621779.8195108285,573169.4838759466,0.0,0.0,/Users/dawid/Library/Mobile Documents/com~apple~CloudDocs/Dokumenty/Publikacje własne/Manuscripts/Quantum_interference/data/Graphite_oselkowane.sur,78040.66851194759,810.0000000000001,809.0,532.0,655289.9999999508,Graphite,Graphite,hybrid,256,256,0,,Graphite_oselkowane,area,Honed,oselkowane,least_squares
58.75124004802537,3829.3307503464025,4108.088201239449,74.26433500284415,4832.412944308994,5287.391144681693,691.524406153575,69264.72898160366,134314.12938102838,-3770.579510298377,-4049.3369611914236,-4758.148609306149,-5213.126809678848,-68573.2045754501,-133622.60497487482,0.0,0.0,/Users/dawid/Library/Mobile Documents/com~apple~CloudDocs/Dokumenty/Publikacje własne/Manuscripts/Quantum_interference/data/Graphite_szkielkowane.sur,4832.320654421754,810.0000000000001,809.0,532.0,655289.9999999508,Graphite,Graphite,classical,256,256,0,,Graphite_szkielkowane,area,Glass bead blasted,szkielkowane,least_squares
52376.83476229463,3829.3307503464025,4108.088201239449,66074.86384221776,4832.412944308994,5287.391144681693,555414.4083843506,69264.72898160366,134314.12938102838,48547.50401194823,48268.74656105518,61242.45089790877,60787.47269753607,486149.6794027469,421100.2790033222,0.0,0.0,/Users/dawid/Library/Mobile Documents/com~apple~CloudDocs/Dokumenty/Publikacje własne/Manuscripts/Quantum_interference/data/Graphite_szkielkowane.sur,65069.69668701068,810.0000000000001,809.0,532.0,655289.9999999508,Graphite,Graphite,quantum_like,256,256,0,,Graphite_szkielkowane,area,Glass bead blasted,szkielkowane,least_squares
40607.5054609336,3829.3307503464025,4108.088201239449,51310.47906013022,4832.412944308994,5287.391144681693,398605.2976378968,69264.72898160366,134314.12938102838,36778.1747105872,36499.41725969416,46478.06611582123,46023.08791544853,329340.5686562931,264291.1682568683,0.0,0.0,/Users/dawid/Library/Mobile Documents/com~apple~CloudDocs/Dokumenty/Publikacje własne/Manuscripts/Quantum_interference/data/Graphite_szkielkowane.sur,50589.54053917196,810.0000000000001,809.0,532.0,655289.9999999508,Graphite,Graphite,hybrid,256,256,0,,Graphite_szkielkowane,area,Glass bead blasted,szkielkowane,least_squares
62.76545571503237,675.9230923447734,734.1358655009894,79.2849057832327,895.8246310633954,988.924907794223,711.2723370372114,21297.018942900188,31332.969758396513,-613.157636629741,-671.370409785957,-816.5397252801627,-909.6400020109902,-20585.746605862976,-30621.697421359302,0.0,0.0,/Users/dawid/Library/Mobile Documents/com~apple~CloudDocs/Dokumenty/Publikacje własne/Manuscripts/Quantum_interference/data/Graphite_szlifowane.sur,914.280368770066,810.0000000000001,809.0,532.0,655289.9999999508,Graphite,Graphite,classical,256,256,0,,Graphite_szlifowane,area,Grinding,szlifowane,least_squares
57474.81464733477,675.9230923447734,734.1358655009894,73134.77831443274,895.8246310633954,988.924907794223,704143.3025186227,21297.018942900188,31332.969758396513,56798.89155499,56740.67878183378,72238.95368336934,72145.85340663852,682846.2835757226,672810.3327602262,0.0,0.0,/Users/dawid/Library/Mobile Documents/com~apple~CloudDocs/Dokumenty/Publikacje własne/Manuscripts/Quantum_interference/data/Graphite_szlifowane.sur,73073.82877578742,810.0000000000001,809.0,532.0,655289.9999999508,Graphite,Graphite,quantum_like,256,256,0,,Graphite_szlifowane,area,Grinding,szlifowane,least_squares
40861.63036061623,675.9230923447734,734.1358655009894,52476.50290752306,895.8246310633954,988.924907794223,474482.3000617975,21297.018942900188,31332.969758396513,40185.70726827146,40127.49449511524,51580.678276459665,51487.57799972884,453185.2811188973,443149.33030340093,0.0,0.0,/Users/dawid/Library/Mobile Documents/com~apple~CloudDocs/Dokumenty/Publikacje własne/Manuscripts/Quantum_interference/data/Graphite_szlifowane.sur,52394.01563271594,810.0000000000001,809.0,532.0,655289.9999999508,Graphite,Graphite,hybrid,256,256,0,,Graphite_szlifowane,area,Grinding,szlifowane,least_squares
42.665795269041936,0.35947247736976634,0.38374216577089826,54.541594346591566,0.4394336278553746,0.49961149964288243,525.7383846862912,6.1562334806096946,14.90811096860517,42.30632279167217,42.28205310327103,54.102160718736194,54.041982846948684,519.5821512056815,510.830273717686,0.0,0.0,/Users/dawid/Library/Mobile Documents/com~apple~CloudDocs/Dokumenty/Publikacje własne/Manuscripts/Quantum_interference/data/MO58A_t_wyk.sur,54.51453526457668,810.0000000000001,809.0,532.0,655289.9999999508,Brass,MO58A,classical,256,256,0,,MO58A_t_wyk,area,Turning (finishing),t_wyk,least_squares
86857.58185521976,0.35947247736976634,0.38374216577089826,109926.18934110606,0.4394336278553746,0.49961149964288243,1006182.1862265603,6.1562334806096946,14.90811096860517,86857.2223827424,86857.198113054,109925.7499074782,109925.68972960641,1006176.0299930795,1006167.2781155916,0.0,0.0,/Users/dawid/Library/Mobile Documents/com~apple~CloudDocs/Dokumenty/Publikacje własne/Manuscripts/Quantum_interference/data/MO58A_t_wyk.sur,109926.21438227448,810.0000000000001,809.0,532.0,655289.9999999508,Brass,MO58A,quantum_like,256,256,0,,MO58A_t_wyk,area,Turning (finishing),t_wyk,least_squares
72333.11480943939,0.35947247736976634,0.38374216577089826,92707.21850555934,0.4394336278553746,0.49961149964288243,793731.3142852464,6.1562334806096946,14.90811096860517,72332.75533696201,72332.7310672736,92706.77907193148,92706.7188940597,793725.1580517658,793716.4061742778,0.0,0.0,/Users/dawid/Library/Mobile Documents/com~apple~CloudDocs/Dokumenty/Publikacje własne/Manuscripts/Quantum_interference/data/MO58A_t_wyk.sur,92707.24883969288,810.0000000000001,809.0,532.0,655289.9999999508,Brass,MO58A,hybrid,256,256,0,,MO58A_t_wyk,area,Turning (finishing),t_wyk,least_squares
160.75574311551708,688.6196300447552,792.9141407912094,194.25382233166854,904.1179706233471,1032.4920184592152,1245.6161590782247,9300.9527165155,23497.55744491682,-527.8638869292381,-632.1583976756924,-709.8641482916786,-838.2381961275466,-8055.336557437276,-22251.941285838595,0.0,0.0,/Users/dawid/Library/Mobile Documents/com~apple~CloudDocs/Dokumenty/Publikacje własne/Manuscripts/Quantum_interference/data/Mosiadz_oselkowane.sur,911.8546423313295,810.0000000000001,809.0,532.0,655289.9999999508,Brass,Mosiadz,classical,256,256,0,,Mosiadz_oselkowane,area,Honed,oselkowane,least_squares
65506.323863073965,688.6196300447552,792.9141407912094,82107.50391631995,904.1179706233471,1032.4920184592152,681742.8626266463,9300.9527165155,23497.55744491682,64817.7042330292,64713.409722282755,81203.38594569662,81075.01189786074,672441.9099101307,658245.3051817294,0.0,0.0,/Users/dawid/Library/Mobile Documents/com~apple~CloudDocs/Dokumenty/Publikacje własne/Manuscripts/Quantum_interference/data/Mosiadz_oselkowane.sur,82108.20589878505,810.0000000000001,809.0,532.0,655289.9999999508,Brass,Mosiadz,quantum_like,256,256,0,,Mosiadz_oselkowane,area,Honed,oselkowane,least_squares
50563.81778916688,688.6196300447552,792.9141407912094,63094.96810862082,904.1179706233471,1032.4920184592152,449527.13402540336,9300.9527165155,23497.55744491682,49875.19815912213,49770.90364837567,62190.85013799748,62062.4760901616,440226.1813088879,426029.57658048655,0.0,0.0,/Users/dawid/Library/Mobile Documents/com~apple~CloudDocs/Dokumenty/Publikacje własne/Manuscripts/Quantum_interference/data/Mosiadz_oselkowane.sur,63097.373544708265,810.0000000000001,809.0,532.0,655289.9999999508,Brass,Mosiadz,hybrid,256,256,0,,Mosiadz_oselkowane,area,Honed,oselkowane,least_squares
78.45652529557726,1960.2922291845982,2155.756816476956,100.05236160819108,2463.686862640799,2802.067527088578,886.6642534918316,25506.974684978308,82025.36716815887,-1881.835703889021,-2077.3002911813787,-2363.6345010326077,-2702.0151654803867,-24620.310431486472,-81138.70291466704,0.0,0.0,/Users/dawid/Library/Mobile Documents/com~apple~CloudDocs/Dokumenty/Publikacje własne/Manuscripts/Quantum_interference/data/Mosiadz_szkielkowane.sur,2462.8796350226107,810.0000000000001,809.0,532.0,655289.9999999508,Brass,Mosiadz,classical,256,256,0,,Mosiadz_szkielkowane,area,Glass bead blasted,szkielkowane,least_squares
61846.07083811703,1960.2922291845982,2155.756816476956,77189.46047056187,2463.686862640799,2802.067527088578,626229.8255474803,25506.974684978308,82025.36716815887,59885.778608932436,59690.31402164008,74725.77360792106,74387.39294347329,600722.8508625019,544204.4583793214,0.0,0.0,/Users/dawid/Library/Mobile Documents/com~apple~CloudDocs/Dokumenty/Publikacje własne/Manuscripts/Quantum_interference/data/Mosiadz_szkielkowane.sur,77166.64368029415,810.0000000000001,809.0,532.0,655289.9999999508,Brass,Mosiadz,quantum_like,256,256,0,,Mosiadz_szkielkowane,area,Glass bead blasted,szkielkowane,least_squares
49733.61298485588,1960.2922291845982,2155.756816476956,61742.467144798844,2463.686862640799,2802.067527088578,464224.76357371703,25506.974684978308,82025.36716815887,47773.32075567127,47577.856168378916,59278.78028215804,58940.39961771026,438717.7888887387,382199.3964055581,0.0,0.0,/Users/dawid/Library/Mobile Documents/com~apple~CloudDocs/Dokumenty/Publikacje własne/Manuscripts/Quantum_interference/data/Mosiadz_szkielkowane.sur,61768.19784489131,810.0000000000001,809.0,532.0,655289.9999999508,Brass,Mosiadz,hybrid,256,256,0,,Mosiadz_szkielkowane,area,Glass bead blasted,szkielkowane,least_squares
57.47419234598434,147625.37736720787,169535.81421614034,72.0016331039185,179484.55133750872,204695.70044101938,578.4266457662965,1012664.1213782984,1248162.7352467102,-147567.9031748619,-169478.34002379436,-179412.54970440478,-204623.69880791547,-1012085.6947325321,-1247584.308600944,0.0,0.0,/Users/dawid/Library/Mobile Documents/com~apple~CloudDocs/Dokumenty/Publikacje własne/Manuscripts/Quantum_interference/data/Mosiadz_szlifowane.sur,179487.24766414997,810.0000000000001,809.0,532.0,655289.9999999508,Brass,Mosiadz,classical,256,256,0,,Mosiadz_szlifowane,area,Grinding,szlifowane,least_squares
106396.49885678377,147625.37736720787,169535.81421614034,133345.97963961432,179484.55133750872,204695.70044101938,1086553.278404012,1012664.1213782984,1248162.7352467102,-41228.878510424096,-63139.315359356566,-46138.57169789438,-71349.72080140507,73889.15702571376,-161609.45684269807,0.0,0.0,/Users/dawid/Library/Mobile Documents/com~apple~CloudDocs/Dokumenty/Publikacje własne/Manuscripts/Quantum_interference/data/Mosiadz_szlifowane.sur,222241.37011973019,810.0000000000001,809.0,532.0,655289.9999999508,Brass,Mosiadz,quantum_like,256,256,0,,Mosiadz_szlifowane,area,Grinding,szlifowane,least_squares
94060.34886648992,147625.37736720787,169535.81421614034,117784.33711570792,179484.55133750872,204695.70044101938,932216.6536284551,1012664.1213782984,1248162.7352467102,-53565.02850071796,-75475.46534965043,-61700.21422180077,-86911.36332531145,-80447.46774984329,-315946.0816182551,0.0,0.0,/Users/dawid/Library/Mobile Documents/com~apple~CloudDocs/Dokumenty/Publikacje własne/Manuscripts/Quantum_interference/data/Mosiadz_szlifowane.sur,215530.1582587371,810.0000000000001,809.0,532.0,655289.9999999508,Brass,Mosiadz,hybrid,256,256,0,,Mosiadz_szlifowane,area,Grinding,szlifowane,least_squares
62.31868042559192,1814.9785180712133,1863.3965300423874,77.87641083807578,2162.205641859635,2274.685531479601,651.6868582084563,18381.20786678298,42456.7727785019,-1752.6598376456213,-1801.0778496167954,-2084.329231021559,-2196.809120641525,-17729.521008574528,-41805.085920293444,0.0,0.0,/Users/dawid/Library/Mobile Documents/com~apple~CloudDocs/Dokumenty/Publikacje własne/Manuscripts/Quantum_interference/data/P1-1.4301-t.zgrub.sur,2163.583631005744,810.0000000000001,809.0,532.0,655289.9999999508,Stainless steel 1.4301 (AISI 304),1.4301,classical,256,256,0,P1,P1-1.4301-t.zgrub,area,Turning (roughing),t.zgrub,least_squares
42870.17590269698,1814.9785180712133,1863.3965300423874,53942.9759281477,2162.205641859635,2274.685531479601,511811.56015695794,18381.20786678298,42456.7727785019,41055.19738462577,41006.779372654586,51780.77028628806,51668.2903966681,493430.352290175,469354.78737845604,0.0,0.0,/Users/dawid/Library/Mobile Documents/com~apple~CloudDocs/Dokumenty/Publikacje własne/Manuscripts/Quantum_interference/data/P1-1.4301-t.zgrub.sur,53816.67714540991,810.0000000000001,809.0,532.0,655289.9999999508,Stainless steel 1.4301 (AISI 304),1.4301,quantum_like,256,256,0,P1,P1-1.4301-t.zgrub,area,Turning (roughing),t.zgrub,least_squares
30037.361255677857,1814.9785180712133,1863.3965300423874,37787.90643560795,2162.205641859635,2274.685531479601,270035.123138887,18381.20786678298,42456.7727785019,28222.38273760664,28173.964725635466,35625.70079374831,35513.22090412834,251653.91527210406,227578.3503603851,0.0,0.0,/Users/dawid/Library/Mobile Documents/com~apple~CloudDocs/Dokumenty/Publikacje własne/Manuscripts/Quantum_interference/data/P1-1.4301-t.zgrub.sur,37696.86441613778,810.0000000000001,809.0,532.0,655289.9999999508,Stainless steel 1.4301 (AISI 304),1.4301,hybrid,256,256,0,P1,P1-1.4301-t.zgrub,area,Turning (roughing),t.zgrub,least_squares
259.2627105143784,305.23317869964404,347.6274194739767,316.26009583551354,413.1752042656368,601.8393081218546,1853.711131700347,18927.89092613333,78579.84712886067,-45.97046818526568,-88.36470895959835,-96.91510843012327,-285.57921228634115,-17074.17979443298,-76726.13599716032,0.0,0.0,/Users/dawid/Library/Mobile Documents/com~apple~CloudDocs/Dokumenty/Publikacje własne/Manuscripts/Quantum_interference/data/P1-1.4301_frez_wyk.sur,602.1548341172995,810.0000000000001,809.0,532.0,655289.9999999508,Stainless steel 1.4301 (AISI 304),1.4301,classical,256,256,0,P1,P1-1.4301_frez_wyk,area,Milling (finishing),frez_wyk,least_squares
67941.10639412841,305.23317869964404,347.6274194739767,84959.67988230103,413.1752042656368,601.8393081218546,721399.3848650361,18927.89092613333,78579.84712886067,67635.87321542876,67593.47897465443,84546.5046780354,84357.84057417918,702471.4939389027,642819.5377361755,0.0,0.0,/Users/dawid/Library/Mobile Documents/com~apple~CloudDocs/Dokumenty/Publikacje własne/Manuscripts/Quantum_interference/data/P1-1.4301_frez_wyk.sur,84989.56009654498,810.0000000000001,809.0,532.0,655289.9999999508,Stainless steel 1.4301 (AISI 304),1.4301,quantum_like,256,256,0,P1,P1-1.4301_frez_wyk,area,Milling (finishing),frez_wyk,least_squares
51023.75192843354,305.23317869964404,347.6274194739767,63623.38270041563,413.1752042656368,601.8393081218546,496493.12207126105,18927.89092613333,78579.84712886067,50718.51874973389,50676.12450895957,63210.20749615,63021.543392293774,477565.23114512773,417913.2749424004,0.0,0.0,/Users/dawid/Library/Mobile Documents/com~apple~CloudDocs/Dokumenty/Publikacje własne/Manuscripts/Quantum_interference/data/P1-1.4301_frez_wyk.sur,63664.34501320055,810.0000000000001,809.0,532.0,655289.9999999508,Stainless steel 1.4301 (AISI 304),1.4301,hybrid,256,256,0,P1,P1-1.4301_frez_wyk,area,Milling (finishing),frez_wyk,least_squares
152.7234913961486,764.4718619642408,779.0817824786186,186.01570022956804,887.9798147663537,914.4578575056264,1218.4493234862405,8664.031748120799,25224.51211973308,-611.7483705680922,-626.3582910824699,-701.9641145367856,-728.4421572760583,-7445.582424634558,-24006.06279624684,0.0,0.0,/Users/dawid/Library/Mobile Documents/com~apple~CloudDocs/Dokumenty/Publikacje własne/Manuscripts/Quantum_interference/data/P1-1.4301_frez_zgrub.sur,905.3103727672872,810.0000000000001,809.0,532.0,655289.9999999508,Stainless steel 1.4301 (AISI 304),1.4301,classical,256,256,0,P1,P1-1.4301_frez_zgrub,area,Milling (roughing),frez_zgrub,least_squares
54036.326788735685,764.4718619642408,779.0817824786186,68391.75078787537,887.9798147663537,914.4578575056264,634069.0374201327,8664.031748120799,25224.51211973308,53271.85492677144,53257.245006257064,67503.77097310901,67477.29293036975,625405.0056720119,608844.5253003996,0.0,0.0,/Users/dawid/Library/Mobile Documents/com~apple~CloudDocs/Dokumenty/Publikacje własne/Manuscripts/Quantum_interference/data/P1-1.4301_frez_zgrub.sur,68357.53050188796,810.0000000000001,809.0,532.0,655289.9999999508,Stainless steel 1.4301 (AISI 304),1.4301,quantum_like,256,256,0,P1,P1-1.4301_frez_zgrub,area,Milling (roughing),frez_zgrub,least_squares
38371.37826986704,764.4718619642408,779.0817824786186,48452.61587255529,887.9798147663537,914.4578575056264,394324.28287431353,8664.031748120799,25224.51211973308,37606.906407902796,37592.29648738842,47564.63605778893,47538.15801504967,385660.25112619274,369099.77075458044,0.0,0.0,/Users/dawid/Library/Mobile Documents/com~apple~CloudDocs/Dokumenty/Publikacje własne/Manuscripts/Quantum_interference/data/P1-1.4301_frez_zgrub.sur,48409.979064100895,810.0000000000001,809.0,532.0,655289.9999999508,Stainless steel 1.4301 (AISI 304),1.4301,hybrid,256,256,0,P1,P1-1.4301_frez_zgrub,area,Milling (roughing),frez_zgrub,least_squares
175.09285535290041,192.10411714460616,205.35721843028773,204.54899891217806,341.92217999220065,751.2053660424251,1041.1066516927126,36240.82265559685,70877.09415226404,-17.01126179170575,-30.26436307738732,-137.37318108002256,-546.656367130247,-35199.716003904134,-69835.98750057131,0.0,0.0,/Users/dawid/Library/Mobile Documents/com~apple~CloudDocs/Dokumenty/Publikacje własne/Manuscripts/Quantum_interference/data/P1-1.4301_nagniat.sur,283.71380356378774,810.0000000000001,809.0,532.0,655289.9999999508,Stainless steel 1.4301 (AISI 304),1.4301,classical,256,256,0,P1,P1-1.4301_nagniat,area,Burnishing,nagniat,least_squares
74276.25224465961,192.10411714460616,205.35721843028773,93084.48827820158,341.92217999220065,751.2053660424251,762088.1750088047,36240.82265559685,70877.09415226404,74084.148127515,74070.89502622932,92742.56609820938,92333.28291215915,725847.3523532078,691211.0808565406,0.0,0.0,/Users/dawid/Library/Mobile Documents/com~apple~CloudDocs/Dokumenty/Publikacje własne/Manuscripts/Quantum_interference/data/P1-1.4301_nagniat.sur,93082.15389288843,810.0000000000001,809.0,532.0,655289.9999999508,Stainless steel 1.4301 (AISI 304),1.4301,quantum_like,256,256,0,P1,P1-1.4301_nagniat,area,Burnishing,nagniat,least_squares
58070.417394068354,192.10411714460616,205.35721843028773,72478.78471152634,341.92217999220065,751.2053660424251,600637.9003287886,36240.82265559685,70877.09415226404,57878.31327692375,57865.06017563807,72136.86253153413,71727.57934548391,564397.0776731917,529760.8061765245,0.0,0.0,/Users/dawid/Library/Mobile Documents/com~apple~CloudDocs/Dokumenty/Publikacje własne/Manuscripts/Quantum_interference/data/P1-1.4301_nagniat.sur,72474.98691137544,810.0000000000001,809.0,532.0,655289.9999999508,Stainless steel 1.4301 (AISI 304),1.4301,hybrid,256,256,0,P1,P1-1.4301_nagniat,area,Burnishing,nagniat,least_squares
63.68594528937391,328.9596386783718,631.8049335855268,80.24683966740282,494.03734571699454,1158.9868653377114,742.6873564346031,28919.772544372994,76898.75565772936,-265.2736933889979,-568.1189882961529,-413.7905060495917,-1078.7400256703086,-28177.085187938395,-76156.06830129476,0.0,0.0,/Users/dawid/Library/Mobile Documents/com~apple~CloudDocs/Dokumenty/Publikacje własne/Manuscripts/Quantum_interference/data/P1-1.4301_wedm_wyk.sur,490.97695500954245,810.0000000000001,809.0,532.0,655289.9999999508,Stainless steel 1.4301 (AISI 304),1.4301,classical,256,256,0,P1,P1-1.4301_wedm_wyk,area,Wire EDM (finishing),wedm_wyk,least_squares
78625.02348041767,328.9596386783718,631.8049335855268,98023.98041778493,494.03734571699454,1158.9868653377114,802451.5163281554,28919.772544372994,76898.75565772936,78296.06384173929,77993.21854683214,97529.94307206792,96864.99355244721,773531.7437837825,725552.7606704261,0.0,0.0,/Users/dawid/Library/Mobile Documents/com~apple~CloudDocs/Dokumenty/Publikacje własne/Manuscripts/Quantum_interference/data/P1-1.4301_wedm_wyk.sur,97950.40521776413,810.0000000000001,809.0,532.0,655289.9999999508,Stainless steel 1.4301 (AISI 304),1.4301,quantum_like,256,256,0,P1,P1-1.4301_wedm_wyk,area,Wire EDM (finishing),wedm_wyk,least_squares
64291.76833927981,328.9596386783718,631.8049335855268,79730.2640585169,494.03734571699454,1158.9868653377114,551549.1554863192,28919.772544372994,76898.75565772936,63962.80870060143,63659.96340569429,79236.2267127999,78571.27719317918,522629.3829419462,474650.3998285898,0.0,0.0,/Users/dawid/Library/Mobile Documents/com~apple~CloudDocs/Dokumenty/Publikacje własne/Manuscripts/Quantum_interference/data/P1-1.4301_wedm_wyk.sur,79638.07813650863,810.0000000000001,809.0,532.0,655289.9999999508,Stainless steel 1.4301 (AISI 304),1.4301,hybrid,256,256,0,P1,P1-1.4301_wedm_wyk,area,Wire EDM (finishing),wedm_wyk,least_squares
59.544354594924215,0.04307600837950057,0.05372627427155684,74.90375080002163,0.05772079793605276,0.08613583044120729,612.3960481217543,1.9896324086203703,3.412098775156563,59.501278586544714,59.490628320652654,74.84603000208558,74.81761496958042,610.4064157131339,608.9839493465978,0.0,0.0,/Users/dawid/Library/Mobile Documents/com~apple~CloudDocs/Dokumenty/Publikacje własne/Manuscripts/Quantum_interference/data/P1-1.4301_wedm_zgru.sur,74.90355089853989,810.0000000000001,809.0,532.0,655289.9999999508,Stainless steel 1.4301 (AISI 304),1.4301,classical,256,256,0,P1,P1-1.4301_wedm_zgru,area,Wire EDM (roughing),wedm_zgru,least_squares
72327.29855361994,0.04307600837950057,0.05372627427155684,90548.80875852013,0.05772079793605276,0.08613583044120729,708902.7985187669,1.9896324086203703,3.412098775156563,72327.25547761156,72327.24482734567,90548.75103772219,90548.72262268969,708900.8088863583,708899.3864199917,0.0,0.0,/Users/dawid/Library/Mobile Documents/com~apple~CloudDocs/Dokumenty/Publikacje własne/Manuscripts/Quantum_interference/data/P1-1.4301_wedm_zgru.sur,90548.80869429663,810.0000000000001,809.0,532.0,655289.9999999508,Stainless steel 1.4301 (AISI 304),1.4301,quantum_like,256,256,0,P1,P1-1.4301_wedm_zgru,area,Wire EDM (roughing),wedm_zgru,least_squares
55073.34822907394,0.04307600837950057,0.05372627427155684,68918.06060066071,0.05772079793605276,0.08613583044120729,514746.1913395233,1.9896324086203703,3.412098775156563,55073.305153065565,55073.29450279967,68918.00287986278,68917.97446483027,514744.2017071147,514742.7792407481,0.0,0.0,/Users/dawid/Library/Mobile Documents/com~apple~CloudDocs/Dokumenty/Publikacje własne/Manuscripts/Quantum_interference/data/P1-1.4301_wedm_zgru.sur,68918.06055495908,810.0000000000001,809.0,532.0,655289.9999999508,Stainless steel 1.4301 (AISI 304),1.4301,hybrid,256,256,0,P1,P1-1.4301_wedm_zgru,area,Wire EDM (roughing),wedm_zgru,least_squares
311.1110450882629,327.133259114379,330.4382999039521,387.965479829697,405.6896736729729,411.1023927935191,2112.078955394486,2291.434062734852,5098.419384523485,-16.02221402611608,-19.327254815689173,-17.724193843275923,-23.136912963822063,-179.3551073403656,-2986.340429128999,0.0,0.0,/Users/dawid/Library/Mobile Documents/com~apple~CloudDocs/Dokumenty/Publikacje własne/Manuscripts/Quantum_interference/data/P1-AL70752_nagniat.sur,33.156985884792434,810.0000000000001,809.0,532.0,655289.9999999508,Aluminium 7075,AL70752,classical,256,256,0,P1,P1-AL70752_nagniat,area,Burnishing,nagniat,least_squares
66675.17937748948,327.133259114379,330.4382999039521,84326.26987513826,405.6896736729729,411.1023927935191,770528.6811041347,2291.434062734852,5098.419384523485,66348.04611837509,66344.74107758551,83920.58020146529,83915.16748234474,768237.2470413998,765430.2617196111,0.0,0.0,/Users/dawid/Library/Mobile Documents/com~apple~CloudDocs/Dokumenty/Publikacje własne/Manuscripts/Quantum_interference/data/P1-AL70752_nagniat.sur,84339.08604922482,810.0000000000001,809.0,532.0,655289.9999999508,Aluminium 7075,AL70752,quantum_like,256,256,0,P1,P1-AL70752_nagniat,area,Burnishing,nagniat,least_squares
48919.03287162575,327.133259114379,330.4382999039521,63014.77348949818,405.6896736729729,411.1023927935191,550832.6696128551,2291.434062734852,5098.419384523485,48591.89961251136,48588.5945717218,62609.08381582521,62603.67109670465,548541.2355501202,545734.2502283317,0.0,0.0,/Users/dawid/Library/Mobile Documents/com~apple~CloudDocs/Dokumenty/Publikacje własne/Manuscripts/Quantum_interference/data/P1-AL70752_nagniat.sur,63031.93568128518,810.0000000000001,809.0,532.0,655289.9999999508,Aluminium 7075,AL70752,hybrid,256,256,0,P1,P1-AL70752_nagniat,area,Burnishing,nagniat,least_squares
60.542278394739945,0.0003584054062409802,0.0007220720332325905,76.20704884071695,0.0005485641750130267,0.0014155996819883096,660.362004382808,0.023651161583801494,0.10982922986895624,60.541919989333714,60.54155632270672,76.20650027654195,76.20563324103497,660.3383532212241,660.252175152939,0.0,0.0,/Users/dawid/Library/Mobile Documents/com~apple~CloudDocs/Dokumenty/Publikacje własne/Manuscripts/Quantum_interference/data/P1-AL70752_wedm_wyk.sur,76.20700892773282,810.0000000000001,809.0,532.0,655289.9999999508,Aluminium 7075,AL70752,classical,256,256,0,P1,P1-AL70752_wedm_wyk,area,Wire EDM (finishing),wedm_wyk,least_squares
71121.07549083176,0.0003584054062409802,0.0007220720332325905,88882.23886771126,0.0005485641750130267,0.0014155996819883096,815023.1775852963,0.023651161583801494,0.10982922986895624,71121.07513242635,71121.07476875973,88882.23831914709,88882.23745211159,815023.1539341348,815023.0677560663,0.0,0.0,/Users/dawid/Library/Mobile Documents/com~apple~CloudDocs/Dokumenty/Publikacje własne/Manuscripts/Quantum_interference/data/P1-AL70752_wedm_wyk.sur,88882.23886520138,810.0000000000001,809.0,532.0,655289.9999999508,Aluminium 7075,AL70752,quantum_like,256,256,0,P1,P1-AL70752_wedm_wyk,area,Wire EDM (finishing),wedm_wyk,least_squares
53748.5662817735,0.0003584054062409802,0.0007220720332325905,66937.04410927072,0.0005485641750130267,0.0014155996819883096,490782.2440263436,0.023651161583801494,0.10982922986895624,53748.5659233681,53748.56555970147,66937.04356070654,66937.04269367104,490782.220375182,490782.1341971136,0.0,0.0,/Users/dawid/Library/Mobile Documents/com~apple~CloudDocs/Dokumenty/Publikacje własne/Manuscripts/Quantum_interference/data/P1-AL70752_wedm_wyk.sur,66937.04410424127,810.0000000000001,809.0,532.0,655289.9999999508,Aluminium 7075,AL70752,hybrid,256,256,0,P1,P1-AL70752_wedm_wyk,area,Wire EDM (finishing),wedm_wyk,least_squares
61.11117316958887,4536.588572664918,5090.885428896734,76.50877164642884,5657.7091276911,6421.666175283541,640.7679363741657,58187.247640672605,122915.12441126864,-4475.477399495329,-5029.774255727146,-5581.200356044671,-6345.157403637111,-57546.47970429844,-122274.35647489449,0.0,0.0,/Users/dawid/Library/Mobile Documents/com~apple~CloudDocs/Dokumenty/Publikacje własne/Manuscripts/Quantum_interference/data/P1-AL70752_wedm_zgru_1prz.sur,5657.514525695218,810.0000000000001,809.0,532.0,655289.9999999508,Aluminium 7075,AL70752,classical,256,256,0,P1,P1-AL70752_wedm_zgru_1prz,area,Wire EDM (roughing),wedm_zgru_1prz,least_squares
55520.35305046209,4536.588572664918,5090.885428896734,69444.75613521204,5657.7091276911,6421.666175283541,630749.6393826535,58187.247640672605,122915.12441126864,50983.76447779717,50429.46762156535,63787.04700752094,63023.0899599285,572562.3917419808,507834.51497138484,0.0,0.0,/Users/dawid/Library/Mobile Documents/com~apple~CloudDocs/Dokumenty/Publikacje własne/Manuscripts/Quantum_interference/data/P1-AL70752_wedm_zgru_1prz.sur,67974.17628468285,810.0000000000001,809.0,532.0,655289.9999999508,Aluminium 7075,AL70752,quantum_like,256,256,0,P1,P1-AL70752_wedm_zgru_1prz,area,Wire EDM (roughing),wedm_zgru_1prz,least_squares
41427.202400379974,4536.588572664918,5090.885428896734,52180.4543696242,5657.7091276911,6421.666175283541,412465.83099253126,58187.247640672605,122915.12441126864,36890.61382771506,36336.31697148324,46522.7452419331,45758.78819434067,354278.58335185866,289550.70658126264,0.0,0.0,/Users/dawid/Library/Mobile Documents/com~apple~CloudDocs/Dokumenty/Publikacje własne/Manuscripts/Quantum_interference/data/P1-AL70752_wedm_zgru_1prz.sur,51313.603255369206,810.0000000000001,809.0,532.0,655289.9999999508,Aluminium 7075,AL70752,hybrid,256,256,0,P1,P1-AL70752_wedm_zgru_1prz,area,Wire EDM (roughing),wedm_zgru_1prz,least_squares
58.56273000144703,374635.40711837687,386337.33015214914,73.92712125948742,468767.4817956795,687536.3225057478,669.5159765987929,7017210.988175499,37520538.8651078,-374576.84438837547,-386278.76742214774,-468693.55467442,-687462.3953844883,-7016541.4721989,-37519869.349131204,0.0,0.0,/Users/dawid/Library/Mobile Documents/com~apple~CloudDocs/Dokumenty/Publikacje własne/Manuscripts/Quantum_interference/data/P1-AL7075_frez_wyk.sur,468767.3231836151,810.0000000000001,809.0,532.0,655289.9999999508,Aluminium 7075,AL7075,classical,256,256,0,P1,P1-AL7075_frez_wyk,area,Milling (finishing),frez_wyk,least_squares
312244.8833668768,374635.40711837687,386337.33015214914,373160.9355175637,468767.4817956795,687536.3225057478,1709278.8916036964,7017210.988175499,37520538.8651078,-62390.52375150007,-74092.44678527235,-95606.54627811577,-314375.38698818407,-5307932.096571803,-35811259.9735041,0.0,0.0,/Users/dawid/Library/Mobile Documents/com~apple~CloudDocs/Dokumenty/Publikacje własne/Manuscripts/Quantum_interference/data/P1-AL7075_frez_wyk.sur,174537.34962736434,810.0000000000001,809.0,532.0,655289.9999999508,Aluminium 7075,AL7075,quantum_like,256,256,0,P1,P1-AL7075_frez_wyk,area,Milling (finishing),frez_wyk,least_squares
310921.0496418257,374635.40711837687,386337.33015214914,370648.1467289725,468767.4817956795,687536.3225057478,1546898.286198916,7017210.988175499,37520538.8651078,-63714.35747655116,-75416.28051032344,-98119.33506670699,-316888.1757767753,-5470312.701976583,-35973640.57890888,0.0,0.0,/Users/dawid/Library/Mobile Documents/com~apple~CloudDocs/Dokumenty/Publikacje własne/Manuscripts/Quantum_interference/data/P1-AL7075_frez_wyk.sur,175234.14619317977,810.0000000000001,809.0,532.0,655289.9999999508,Aluminium 7075,AL7075,hybrid,256,256,0,P1,P1-AL7075_frez_wyk,area,Milling (finishing),frez_wyk,least_squares
111.74064368358303,144.15207454052342,176.1165973340421,137.7334503234894,195.0547431686774,345.94806999303705,969.5082522982256,13395.505415319141,53690.94074605003,-32.411430856940385,-64.37595365045905,-57.32129284518799,-208.21461966954766,-12425.997163020915,-52721.43249375181,0.0,0.0,/Users/dawid/Library/Mobile Documents/com~apple~CloudDocs/Dokumenty/Publikacje własne/Manuscripts/Quantum_interference/data/P1-AL7075_frez_zgr.sur,124.48586224769141,810.0000000000001,809.0,532.0,655289.9999999508,Aluminium 7075,AL7075,classical,256,256,0,P1,P1-AL7075_frez_zgr,area,Milling (roughing),frez_zgr,least_squares
71904.4275427425,144.15207454052342,176.1165973340421,90445.54903362515,195.0547431686774,345.94806999303705,777219.68377627,13395.505415319141,53690.94074605003,71760.27546820197,71728.31094540845,90250.49429045648,90099.60096363213,763824.1783609509,723528.7430302199,0.0,0.0,/Users/dawid/Library/Mobile Documents/com~apple~CloudDocs/Dokumenty/Publikacje własne/Manuscripts/Quantum_interference/data/P1-AL7075_frez_zgr.sur,90451.43712655496,810.0000000000001,809.0,532.0,655289.9999999508,Aluminium 7075,AL7075,quantum_like,256,256,0,P1,P1-AL7075_frez_zgr,area,Milling (roughing),frez_zgr,least_squares
54563.176044613465,144.15207454052342,176.1165973340421,69330.08309872543,195.0547431686774,345.94806999303705,536566.1463895886,13395.505415319141,53690.94074605003,54419.023970072936,54387.05944727942,69135.02835555674,68984.13502873239,523170.64097426954,482875.2056435386,0.0,0.0,/Users/dawid/Library/Mobile Documents/com~apple~CloudDocs/Dokumenty/Publikacje własne/Manuscripts/Quantum_interference/data/P1-AL7075_frez_zgr.sur,69337.75352734038,810.0000000000001,809.0,532.0,655289.9999999508,Aluminium 7075,AL7075,hybrid,256,256,0,P1,P1-AL7075_frez_zgr,area,Milling (roughing),frez_zgr,least_squares
59.887344779254576,2781.705846909539,2851.069027265254,76.07231105469735,3200.986502044666,3375.9853169491635,780.1989611403638,15955.285939709558,59633.0796095711,-2721.8185021302847,-2791.1816824859993,-3124.914190989969,-3299.9130058944666,-15175.086978569196,-58852.88064843073,0.0,0.0,/Users/dawid/Library/Mobile Documents/com~apple~CloudDocs/Dokumenty/Publikacje własne/Manuscripts/Quantum_interference/data/P1-AL7075_t_zgrub.sur,3200.453077271177,810.0000000000001,809.0,532.0,655289.9999999508,Aluminium 7075,AL7075,classical,256,256,0,P1,P1-AL7075_t_zgrub,area,Turning (roughing),t_zgrub,least_squares
47388.63928757513,2781.705846909539,2851.069027265254,59300.96048260895,3200.986502044666,3375.9853169491635,533578.1246830168,15955.285939709558,59633.0796095711,44606.9334406656,44537.57026030988,56099.973980564275,55924.97516565978,517622.8387433073,473945.04507344565,0.0,0.0,/Users/dawid/Library/Mobile Documents/com~apple~CloudDocs/Dokumenty/Publikacje własne/Manuscripts/Quantum_interference/data/P1-AL7075_t_zgrub.sur,58924.647291014364,810.0000000000001,809.0,532.0,655289.9999999508,Aluminium 7075,AL7075,quantum_like,256,256,0,P1,P1-AL7075_t_zgrub,area,Turning (roughing),t_zgrub,least_squares
38017.66170642563,2781.705846909539,2851.069027265254,47478.15783983309,3200.986502044666,3375.9853169491635,365003.53691081307,15955.285939709558,59633.0796095711,35235.955859516085,35166.59267916038,44277.17133778842,44102.17252288392,349048.2509711035,305370.45730124204,0.0,0.0,/Users/dawid/Library/Mobile Documents/com~apple~CloudDocs/Dokumenty/Publikacje własne/Manuscripts/Quantum_interference/data/P1-AL7075_t_zgrub.sur,47221.66080411359,810.0000000000001,809.0,532.0,655289.9999999508,Aluminium 7075,AL7075,hybrid,256,256,0,P1,P1-AL7075_t_zgrub,area,Turning (roughing),t_zgrub,least_squares
96.7680770880258,130.73348608781825,168.57388938374433,123.10624505378247,177.0636983466566,322.9701285319562,1035.1152300191263,2362.6658188260194,15504.124678627684,-33.96540899979245,-71.80581229571854,-53.95745329287412,-199.86388347817373,-1327.5505888068933,-14469.009448608558,0.0,0.0,/Users/dawid/Library/Mobile Documents/com~apple~CloudDocs/Dokumenty/Publikacje własne/Manuscripts/Quantum_interference/data/P1-C45_frez_wyk.sur,214.27861274274645,810.0000000000001,809.0,532.0,655289.9999999508,Steel C45,C45,classical,256,256,0,P1,P1-C45_frez_wyk,area,Milling (finishing),frez_wyk,least_squares
78685.95590841302,130.73348608781825,168.57388938374433,98906.54882325597,177.0636983466566,322.9701285319562,849540.3924475312,2362.6658188260194,15504.124678627684,78555.22242232521,78517.38201902928,98729.48512490932,98583.57869472401,847177.7266287053,834036.2677689035,0.0,0.0,/Users/dawid/Library/Mobile Documents/com~apple~CloudDocs/Dokumenty/Publikacje własne/Manuscripts/Quantum_interference/data/P1-C45_frez_wyk.sur,98908.34530236764,810.0000000000001,809.0,532.0,655289.9999999508,Steel C45,C45,quantum_like,256,256,0,P1,P1-C45_frez_wyk,area,Milling (finishing),frez_wyk,least_squares
63369.667694340205,130.73348608781825,168.57388938374433,79601.18504358546,177.0636983466566,322.9701285319562,621267.4868970928,2362.6658188260194,15504.124678627684,63238.93420825239,63201.09380495646,79424.1213452388,79278.21491505351,618904.8210782668,605763.362218465,0.0,0.0,/Users/dawid/Library/Mobile Documents/com~apple~CloudDocs/Dokumenty/Publikacje własne/Manuscripts/Quantum_interference/data/P1-C45_frez_wyk.sur,79603.11463314529,810.0000000000001,809.0,532.0,655289.9999999508,Steel C45,C45,hybrid,256,256,0,P1,P1-C45_frez_wyk,area,Milling (finishing),frez_wyk,least_squares
67.61272604800622,0.013677398688480481,0.014215393199252453,86.43048710805593,0.016567023530093917,0.017415753488415692,878.8066487559091,0.16320364671729742,0.3893552769154757,67.59904864931775,67.59851065480697,86.41392008452584,86.41307135456752,878.6434451091917,878.4172934789937,0.0,0.0,/Users/dawid/Library/Mobile Documents/com~apple~CloudDocs/Dokumenty/Publikacje własne/Manuscripts/Quantum_interference/data/P1-C45_frez_zgr.sur,86.43035744540583,810.0000000000001,809.0,532.0,655289.9999999508,Steel C45,C45,classical,256,256,0,P1,P1-C45_frez_zgr,area,Milling (roughing),frez_zgr,least_squares
76669.48762607147,0.013677398688480481,0.014215393199252453,95508.48744488508,0.016567023530093917,0.017415753488415692,913991.4546212925,0.16320364671729742,0.3893552769154757,76669.47394867276,76669.47341067826,95508.47087786156,95508.4700291316,913991.2914176459,913991.0652660155,0.0,0.0,/Users/dawid/Library/Mobile Documents/com~apple~CloudDocs/Dokumenty/Publikacje własne/Manuscripts/Quantum_interference/data/P1-C45_frez_zgr.sur,95508.48741725358,810.0000000000001,809.0,532.0,655289.9999999508,Steel C45,C45,quantum_like,256,256,0,P1,P1-C45_frez_zgr,area,Milling (roughing),frez_zgr,least_squares
61152.68012154038,0.013677398688480481,0.014215393199252453,75079.98137455866,0.016567023530093917,0.017415753488415692,617617.8137847076,0.16320364671729742,0.3893552769154757,61152.666444141694,61152.66590614719,75079.96480753514,75079.96395880517,617617.6505810609,617617.4244294306,0.0,0.0,/Users/dawid/Library/Mobile Documents/com~apple~CloudDocs/Dokumenty/Publikacje własne/Manuscripts/Quantum_interference/data/P1-C45_frez_zgr.sur,75079.9813802596,810.0000000000001,809.0,532.0,655289.9999999508,Steel C45,C45,hybrid,256,256,0,P1,P1-C45_frez_zgr,area,Milling (roughing),frez_zgr,least_squares
102.0861937439889,170.69015003093372,209.73484587406048,128.81148001241561,520.4751383049718,1330.3937512601992,957.3303925871311,55011.498285111746,157120.78884941927,-68.60395628694481,-107.64865213007158,-391.6636582925562,-1201.5822712477836,-54054.16789252461,-156163.45845683216,0.0,0.0,/Users/dawid/Library/Mobile Documents/com~apple~CloudDocs/Dokumenty/Publikacje własne/Manuscripts/Quantum_interference/data/P1-C45_nagniat.sur,504.17974114127594,810.0000000000001,809.0,532.0,655289.9999999508,Steel C45,C45,classical,256,256,0,P1,P1-C45_nagniat,area,Burnishing,nagniat,least_squares
71743.8460690319,170.69015003093372,209.73484587406048,90199.87218865588,520.4751383049718,1330.3937512601992,735796.7466964836,55011.498285111746,157120.78884941927,71573.15591900096,71534.11122315783,89679.39705035089,88869.47843739568,680785.2484113718,578675.9578470644,0.0,0.0,/Users/dawid/Library/Mobile Documents/com~apple~CloudDocs/Dokumenty/Publikacje własne/Manuscripts/Quantum_interference/data/P1-C45_nagniat.sur,90190.51253851147,810.0000000000001,809.0,532.0,655289.9999999508,Steel C45,C45,quantum_like,256,256,0,P1,P1-C45_nagniat,area,Burnishing,nagniat,least_squares
54600.09694256011,170.69015003093372,209.73484587406048,69143.2451023972,520.4751383049718,1330.3937512601992,529949.0203431868,55011.498285111746,157120.78884941927,54429.40679252917,54390.36209668604,68622.76996409222,67812.851351137,474937.52205807506,372828.2314937675,0.0,0.0,/Users/dawid/Library/Mobile Documents/com~apple~CloudDocs/Dokumenty/Publikacje własne/Manuscripts/Quantum_interference/data/P1-C45_nagniat.sur,69126.6762728004,810.0000000000001,809.0,532.0,655289.9999999508,Steel C45,C45,hybrid,256,256,0,P1,P1-C45_nagniat,area,Burnishing,nagniat,least_squares
62.77542300507205,5185.610777344909,5352.809007024925,78.63955519821207,7146.173032652967,7452.142131531978,621.8960025846601,83837.1018021227,131214.74393826575,-5122.835354339838,-5290.033584019854,-7067.533477454754,-7373.502576333765,-83215.20579953805,-130592.8479356811,0.0,0.0,/Users/dawid/Library/Mobile Documents/com~apple~CloudDocs/Dokumenty/Publikacje własne/Manuscripts/Quantum_interference/data/P1-C45_t_zgrubne.sur,7140.313699267726,810.0000000000001,809.0,532.0,655289.9999999508,Steel C45,C45,classical,256,256,0,P1,P1-C45_t_zgrubne,area,Turning (roughing),t_zgrubne,least_squares
44491.53811055684,5185.610777344909,5352.809007024925,56021.44456290492,7146.173032652967,7452.142131531978,467384.5283485191,83837.1018021227,131214.74393826575,39305.92733321193,39138.729103531914,48875.27153025196,48569.30243137295,383547.42654639645,336169.7844102534,0.0,0.0,/Users/dawid/Library/Mobile Documents/com~apple~CloudDocs/Dokumenty/Publikacje własne/Manuscripts/Quantum_interference/data/P1-C45_t_zgrubne.sur,53221.020972404454,810.0000000000001,809.0,532.0,655289.9999999508,Steel C45,C45,quantum_like,256,256,0,P1,P1-C45_t_zgrubne,area,Turning (roughing),t_zgrubne,least_squares
34874.29353802637,5185.610777344909,5352.809007024925,44202.62668893484,7146.173032652967,7452.142131531978,296341.71018275316,83837.1018021227,131214.74393826575,29688.682760681466,29521.484531001453,37056.453656281876,36750.484557402866,212504.60838063044,165126.96624448738,0.0,0.0,/Users/dawid/Library/Mobile Documents/com~apple~CloudDocs/Dokumenty/Publikacje własne/Manuscripts/Quantum_interference/data/P1-C45_t_zgrubne.sur,41289.65154281875,810.0000000000001,809.0,532.0,655289.9999999508,Steel C45,C45,hybrid,256,256,0,P1,P1-C45_t_zgrubne,area,Turning (roughing),t_zgrubne,least_squares
61.70652433402745,81448.3135018408,164445.50446808158,77.46419396143436,112903.87193262373,259806.01315388278,737.5527199094846,4583764.4006710155,14845451.98272266,-81386.60697750677,-164383.79794374754,-112826.4077386623,-259728.54895992135,-4583026.847951106,-14844714.430002753,0.0,0.0,/Users/dawid/Library/Mobile Documents/com~apple~CloudDocs/Dokumenty/Publikacje własne/Manuscripts/Quantum_interference/data/P1-C45_wedm_wyk.sur,112910.38486834324,810.0000000000001,809.0,532.0,655289.9999999508,Steel C45,C45,classical,256,256,0,P1,P1-C45_wedm_wyk,area,Wire EDM (finishing),wedm_wyk,least_squares
63628.59971961804,81448.3135018408,164445.50446808158,79143.48713723851,112903.87193262373,259806.01315388278,638120.3186786219,4583764.4006710155,14845451.98272266,-17819.713782222767,-100816.90474846355,-33760.38479538523,-180662.5260166443,-3945644.081992394,-14207331.66404404,0.0,0.0,/Users/dawid/Library/Mobile Documents/com~apple~CloudDocs/Dokumenty/Publikacje własne/Manuscripts/Quantum_interference/data/P1-C45_wedm_wyk.sur,98562.30490308735,810.0000000000001,809.0,532.0,655289.9999999508,Steel C45,C45,quantum_like,256,256,0,P1,P1-C45_wedm_wyk,area,Wire EDM (finishing),wedm_wyk,least_squares
48515.77093657019,81448.3135018408,164445.50446808158,59902.703975189994,112903.87193262373,259806.01315388278,377399.5957476816,4583764.4006710155,14845451.98272266,-32932.54256527061,-115929.73353151139,-53001.16795743374,-199903.30917869278,-4206364.804923333,-14468052.386974981,0.0,0.0,/Users/dawid/Library/Mobile Documents/com~apple~CloudDocs/Dokumenty/Publikacje własne/Manuscripts/Quantum_interference/data/P1-C45_wedm_wyk.sur,102356.22805126767,810.0000000000001,809.0,532.0,655289.9999999508,Steel C45,C45,hybrid,256,256,0,P1,P1-C45_wedm_wyk,area,Wire EDM (finishing),wedm_wyk,least_squares
57.46318841638995,3569.9070838506477,4474.643435891885,71.79485711307007,5003.580066908198,6990.219229140815,599.6095809415651,155206.2258000693,233363.97390964086,-3512.4438954342572,-4417.180247475494,-4931.785209795128,-6918.424372027745,-154606.61621912773,-232764.36432869927,0.0,0.0,/Users/dawid/Library/Mobile Documents/com~apple~CloudDocs/Dokumenty/Publikacje własne/Manuscripts/Quantum_interference/data/P1-C45_wedm_zgru_1prz.sur,5001.29774687839,810.0000000000001,809.0,532.0,655289.9999999508,Steel C45,C45,classical,256,256,0,P1,P1-C45_wedm_zgru_1prz,area,Wire EDM (roughing),wedm_zgru_1prz,least_squares
55108.77182551147,3569.9070838506477,4474.643435891885,69308.69107887743,5003.580066908198,6990.219229140815,634519.298353599,155206.2258000693,233363.97390964086,51538.86474166082,50634.128389619575,64305.11101196923,62318.47184973662,479313.07255352975,401155.3244439582,0.0,0.0,/Users/dawid/Library/Mobile Documents/com~apple~CloudDocs/Dokumenty/Publikacje własne/Manuscripts/Quantum_interference/data/P1-C45_wedm_zgru_1prz.sur,68692.79263690462,810.0000000000001,809.0,532.0,655289.9999999508,Steel C45,C45,quantum_like,256,256,0,P1,P1-C45_wedm_zgru_1prz,area,Wire EDM (roughing),wedm_zgru_1prz,least_squares
39744.23229557771,3569.9070838506477,4474.643435891885,49640.76123617789,5003.580066908198,6990.219229140815,371730.402863646,155206.2258000693,233363.97390964086,36174.325211727075,35269.58885968583,44637.18116926969,42650.54200703707,216524.1770635767,138366.42895400512,0.0,0.0,/Users/dawid/Library/Mobile Documents/com~apple~CloudDocs/Dokumenty/Publikacje własne/Manuscripts/Quantum_interference/data/P1-C45_wedm_zgru_1prz.sur,49374.28831340369,810.0000000000001,809.0,532.0,655289.9999999508,Steel C45,C45,hybrid,256,256,0,P1,P1-C45_wedm_zgru_1prz,area,Wire EDM (roughing),wedm_zgru_1prz,least_squares
45.35503170317725,20.57608432054199,27.297418640221498,55.74586757228884,31.732911762796896,52.32595042339795,454.83556338942174,644.9031710672818,1708.9317205210828,24.778947382635252,18.057613062955745,24.012955809491945,3.4199171488908924,-190.06760767786014,-1254.0961571316611,0.0,0.0,/Users/dawid/Library/Mobile Documents/com~apple~CloudDocs/Dokumenty/Publikacje własne/Manuscripts/Quantum_interference/data/P1-ELLOR_frez_wyk.sur,48.961447553434574,810.0000000000001,809.0,532.0,655289.9999999508,Graphite,ELLOR,classical,256,256,0,P1,P1-ELLOR_frez_wyk,area,Milling (finishing),frez_wyk,least_squares
70305.64921365473,20.57608432054199,27.297418640221498,88652.87987498438,31.732911762796896,52.32595042339795,762633.5853317045,644.9031710672818,1708.9317205210828,70285.0731293342,70278.35179501452,88621.14696322159,88600.55392456098,761988.6821606371,760924.6536111834,0.0,0.0,/Users/dawid/Library/Mobile Documents/com~apple~CloudDocs/Dokumenty/Publikacje własne/Manuscripts/Quantum_interference/data/P1-ELLOR_frez_wyk.sur,88652.65591260587,810.0000000000001,809.0,532.0,655289.9999999508,Graphite,ELLOR,quantum_like,256,256,0,P1,P1-ELLOR_frez_wyk,area,Milling (finishing),frez_wyk,least_squares
52035.16903111311,20.57608432054199,27.297418640221498,66350.29023011666,31.732911762796896,52.32595042339795,527880.8469885928,644.9031710672818,1708.9317205210828,52014.59294679257,52007.87161247288,66318.55731835387,66297.96427969326,527235.9438175255,526171.9152680717,0.0,0.0,/Users/dawid/Library/Mobile Documents/com~apple~CloudDocs/Dokumenty/Publikacje własne/Manuscripts/Quantum_interference/data/P1-ELLOR_frez_wyk.sur,66349.96300102441,810.0000000000001,809.0,532.0,655289.9999999508,Graphite,ELLOR,hybrid,256,256,0,P1,P1-ELLOR_frez_wyk,area,Milling (finishing),frez_wyk,least_squares
55.87758765462975,0.01334088396177543,0.01663394778151025,70.28076732987958,0.020928418299710188,0.02991984577749072,640.4720350191399,0.3789701745965676,0.8378487410273452,55.864246770667975,55.860953706848235,70.25983891157988,70.2508474841021,640.0930648445434,639.6341862781126,0.0,0.0,/Users/dawid/Library/Mobile Documents/com~apple~CloudDocs/Dokumenty/Publikacje własne/Manuscripts/Quantum_interference/data/P1-ELLOR_frez_zgr.sur,70.28083268192297,810.0000000000001,809.0,532.0,655289.9999999508,Graphite,ELLOR,classical,256,256,0,P1,P1-ELLOR_frez_zgr,area,Milling (roughing),frez_zgr,least_squares
79544.06025477867,0.01334088396177543,0.01663394778151025,100432.78791046562,0.020928418299710188,0.02991984577749072,917290.0710509655,0.3789701745965676,0.8378487410273452,79544.04691389471,79544.04362083088,100432.76698204732,100432.75799061985,917289.6920807909,917289.2332022244,0.0,0.0,/Users/dawid/Library/Mobile Documents/com~apple~CloudDocs/Dokumenty/Publikacje własne/Manuscripts/Quantum_interference/data/P1-ELLOR_frez_zgr.sur,100432.78819235506,810.0000000000001,809.0,532.0,655289.9999999508,Graphite,ELLOR,quantum_like,256,256,0,P1,P1-ELLOR_frez_zgr,area,Milling (roughing),frez_zgr,least_squares
63810.337310590105,0.01334088396177543,0.01663394778151025,81255.89051734224,0.020928418299710188,0.02991984577749072,660932.4896734888,0.3789701745965676,0.8378487410273452,63810.323969706136,63810.32067664232,81255.86958892393,81255.86059749646,660932.1107033142,660931.6518247477,0.0,0.0,/Users/dawid/Library/Mobile Documents/com~apple~CloudDocs/Dokumenty/Publikacje własne/Manuscripts/Quantum_interference/data/P1-ELLOR_frez_zgr.sur,81255.8908336337,810.0000000000001,809.0,532.0,655289.9999999508,Graphite,ELLOR,hybrid,256,256,0,P1,P1-ELLOR_frez_zgr,area,Milling (roughing),frez_zgr,least_squares
62.75250546212623,1787165.7870731056,2018004.8643047118,78.43947878373503,2641894.4982416346,3090351.901157858,691.8395998483624,36281268.04227555,61174725.89370246,-1787103.0345676434,-2017942.11179925,-2641816.0587628507,-3090273.461679074,-36280576.20267571,-61174034.05410262,0.0,0.0,/Users/dawid/Library/Mobile Documents/com~apple~CloudDocs/Dokumenty/Publikacje własne/Manuscripts/Quantum_interference/data/P1-ELLOR_t_zgrub.sur,2641894.5695615713,810.0000000000001,809.0,532.0,655289.9999999508,Graphite,ELLOR,classical,256,256,0,P1,P1-ELLOR_t_zgrub,area,Turning (roughing),t_zgrub,least_squares
69813.45842120118,1787165.7870731056,2018004.8643047118,87558.833828405,2641894.4982416346,3090351.901157858,751640.7264653059,36281268.04227555,61174725.89370246,-1717352.3286519044,-1948191.4058835108,-2554335.6644132296,-3002793.067329453,-35529627.31581025,-60423085.167237155,0.0,0.0,/Users/dawid/Library/Mobile Documents/com~apple~CloudDocs/Dokumenty/Publikacje własne/Manuscripts/Quantum_interference/data/P1-ELLOR_t_zgrub.sur,2641405.3008714984,810.0000000000001,809.0,532.0,655289.9999999508,Graphite,ELLOR,quantum_like,256,256,0,P1,P1-ELLOR_t_zgrub,area,Turning (roughing),t_zgrub,least_squares
51418.24517190545,1787165.7870731056,2018004.8643047118,64944.43896469861,2641894.4982416346,3090351.901157858,469485.35817056714,36281268.04227555,61174725.89370246,-1735747.5419012,-1966586.6191328063,-2576950.059276936,-3025407.462193159,-35811782.68410498,-60705240.5355319,0.0,0.0,/Users/dawid/Library/Mobile Documents/com~apple~CloudDocs/Dokumenty/Publikacje własne/Manuscripts/Quantum_interference/data/P1-ELLOR_t_zgrub.sur,2640889.2576755444,810.0000000000001,809.0,532.0,655289.9999999508,Graphite,ELLOR,hybrid,256,256,0,P1,P1-ELLOR_t_zgrub,area,Turning (roughing),t_zgrub,least_squares
69.1269458365732,949.3128362506651,1288.9111898407098,86.17714596457671,1493.174789438539,2635.0106342366944,711.786125347134,28667.810212091194,94762.18475820428,-880.185890414092,-1219.7842440041366,-1406.9976434739622,-2548.833488272118,-27956.02408674406,-94050.39863285715,0.0,0.0,/Users/dawid/Library/Mobile Documents/com~apple~CloudDocs/Dokumenty/Publikacje własne/Manuscripts/Quantum_interference/data/P1-ELLOR_wedm_wyk.sur,1493.1510965703394,810.0000000000001,809.0,532.0,655289.9999999508,Graphite,ELLOR,classical,256,256,0,P1,P1-ELLOR_wedm_wyk,area,Wire EDM (finishing),wedm_wyk,least_squares
62080.16068862883,949.3128362506651,1288.9111898407098,78228.59556841628,1493.174789438539,2635.0106342366944,639352.4790336416,28667.810212091194,94762.18475820428,61130.84785237817,60791.24949878812,76735.42077897774,75593.58493417958,610684.6688215504,544590.2942754374,0.0,0.0,/Users/dawid/Library/Mobile Documents/com~apple~CloudDocs/Dokumenty/Publikacje własne/Manuscripts/Quantum_interference/data/P1-ELLOR_wedm_wyk.sur,78195.7377210548,810.0000000000001,809.0,532.0,655289.9999999508,Graphite,ELLOR,quantum_like,256,256,0,P1,P1-ELLOR_wedm_wyk,area,Wire EDM (finishing),wedm_wyk,least_squares
45350.71412603293,949.3128362506651,1288.9111898407098,57606.2595171858,1493.174789438539,2635.0106342366944,420779.77988061507,28667.810212091194,94762.18475820428,44401.40128978226,44061.80293619222,56113.08472774726,54971.2488829491,392111.96966852393,326017.59512241086,0.0,0.0,/Users/dawid/Library/Mobile Documents/com~apple~CloudDocs/Dokumenty/Publikacje własne/Manuscripts/Quantum_interference/data/P1-ELLOR_wedm_wyk.sur,57576.785879278235,810.0000000000001,809.0,532.0,655289.9999999508,Graphite,ELLOR,hybrid,256,256,0,P1,P1-ELLOR_wedm_wyk,area,Wire EDM (finishing),wedm_wyk,least_squares
60.28791314723075,1065.6324171939048,1449.8944742396523,75.47934926731286,1565.3286439144156,2498.4242966125526,713.3397926791826,32513.359859253404,69211.50170978007,-1005.3445040466738,-1389.6065610924215,-1489.8492946471026,-2422.9449473452396,-31800.020066574223,-68498.16191710088,0.0,0.0,/Users/dawid/Library/Mobile Documents/com~apple~CloudDocs/Dokumenty/Publikacje własne/Manuscripts/Quantum_interference/data/P1-ELLOR_wedm_zgru_1prz.sur,1567.0874698513344,810.0000000000001,809.0,532.0,655289.9999999508,Graphite,ELLOR,classical,256,256,0,P1,P1-ELLOR_wedm_zgru_1prz,area,Wire EDM (roughing),wedm_zgru_1prz,least_squares
62569.65592028696,1065.6324171939048,1449.8944742396523,79121.57966242435,1565.3286439144156,2498.4242966125526,747937.4438719111,32513.359859253404,69211.50170978007,61504.023503093056,61119.76144604731,77556.25101850994,76623.15536581179,715424.0840126579,678725.9421621311,0.0,0.0,/Users/dawid/Library/Mobile Documents/com~apple~CloudDocs/Dokumenty/Publikacje własne/Manuscripts/Quantum_interference/data/P1-ELLOR_wedm_zgru_1prz.sur,79106.82839634233,810.0000000000001,809.0,532.0,655289.9999999508,Graphite,ELLOR,quantum_like,256,256,0,P1,P1-ELLOR_wedm_zgru_1prz,area,Wire EDM (roughing),wedm_zgru_1prz,least_squares
46539.15008861535,1065.6324171939048,1449.8944742396523,59523.79481650846,1565.3286439144156,2498.4242966125526,534688.838377321,32513.359859253404,69211.50170978007,45473.51767142145,45089.2556143757,57958.466172594046,57025.37051989591,502175.4785180676,465477.3366675409,0.0,0.0,/Users/dawid/Library/Mobile Documents/com~apple~CloudDocs/Dokumenty/Publikacje własne/Manuscripts/Quantum_interference/data/P1-ELLOR_wedm_zgru_1prz.sur,59512.32470801619,810.0000000000001,809.0,532.0,655289.9999999508,Graphite,ELLOR,hybrid,256,256,0,P1,P1-ELLOR_wedm_zgru_1prz,area,Wire EDM (roughing),wedm_zgru_1prz,least_squares
141.16974955754222,365.53903232290645,371.232885286238,175.93201148626562,419.12377625567063,433.87656132110186,1044.3177133885629,3473.2955761941603,10944.451287199645,-224.36928276536423,-230.0631357286958,-243.191764769405,-257.9445498348362,-2428.9778628055974,-9900.133573811083,0.0,0.0,/Users/dawid/Library/Mobile Documents/com~apple~CloudDocs/Dokumenty/Publikacje własne/Manuscripts/Quantum_interference/data/P1-MO58A_frez_wyk.sur,279.96438401583526,810.0000000000001,809.0,532.0,655289.9999999508,Brass,MO58A,classical,256,256,0,P1,P1-MO58A_frez_wyk,area,Milling (finishing),frez_wyk,least_squares
70755.84263568453,365.53903232290645,371.232885286238,88777.7637588198,419.12377625567063,433.87656132110186,810485.9117255902,3473.2955761941603,10944.451287199645,70390.30360336164,70384.60975039829,88358.63998256413,88343.8871974987,807012.616149396,799541.4604383906,0.0,0.0,/Users/dawid/Library/Mobile Documents/com~apple~CloudDocs/Dokumenty/Publikacje własne/Manuscripts/Quantum_interference/data/P1-MO58A_frez_wyk.sur,88764.1835488583,810.0000000000001,809.0,532.0,655289.9999999508,Brass,MO58A,quantum_like,256,256,0,P1,P1-MO58A_frez_wyk,area,Milling (finishing),frez_wyk,least_squares
54990.243913247825,365.53903232290645,371.232885286238,69230.24707100874,419.12377625567063,433.87656132110186,518650.2583334771,3473.2955761941603,10944.451287199645,54624.70488092492,54619.011027961584,68811.12329475307,68796.37050968764,515176.96275728283,507705.80704627745,0.0,0.0,/Users/dawid/Library/Mobile Documents/com~apple~CloudDocs/Dokumenty/Publikacje własne/Manuscripts/Quantum_interference/data/P1-MO58A_frez_wyk.sur,69213.01408439568,810.0000000000001,809.0,532.0,655289.9999999508,Brass,MO58A,hybrid,256,256,0,P1,P1-MO58A_frez_wyk,area,Milling (finishing),frez_wyk,least_squares
63.04501775202006,1551.2293906381824,1635.1765763826413,79.59790319952256,1921.0449903766198,2024.9415456585623,675.6418780082389,11473.279324183392,15746.571803058374,-1488.1843728861622,-1572.1315586306214,-1841.4470871770973,-1945.3436424590398,-10797.637446175153,-15070.929925050135,0.0,0.0,/Users/dawid/Library/Mobile Documents/com~apple~CloudDocs/Dokumenty/Publikacje własne/Manuscripts/Quantum_interference/data/P1-MO58A_frez_zgr.sur,1923.4554939450254,810.0000000000001,809.0,532.0,655289.9999999508,Brass,MO58A,classical,256,256,0,P1,P1-MO58A_frez_zgr,area,Milling (roughing),frez_zgr,least_squares
52790.76940254651,1551.2293906381824,1635.1765763826413,67824.02956459885,1921.0449903766198,2024.9415456585623,745713.3422198622,11473.279324183392,15746.571803058374,51239.54001190833,51155.59282616387,65902.98457422224,65799.0880189403,734240.0628956787,729966.7704168038,0.0,0.0,/Users/dawid/Library/Mobile Documents/com~apple~CloudDocs/Dokumenty/Publikacje własne/Manuscripts/Quantum_interference/data/P1-MO58A_frez_zgr.sur,67828.87582451258,810.0000000000001,809.0,532.0,655289.9999999508,Brass,MO58A,quantum_like,256,256,0,P1,P1-MO58A_frez_zgr,area,Milling (roughing),frez_zgr,least_squares
41798.583701262825,1551.2293906381824,1635.1765763826413,53647.68902436879,1921.0449903766198,2024.9415456585623,537594.073035802,11473.279324183392,15746.571803058374,40247.354310624636,40163.407124880185,51726.64403399217,51622.747478710226,526120.7937116186,521847.50123274367,0.0,0.0,/Users/dawid/Library/Mobile Documents/com~apple~CloudDocs/Dokumenty/Publikacje własne/Manuscripts/Quantum_interference/data/P1-MO58A_frez_zgr.sur,53661.141065831,810.0000000000001,809.0,532.0,655289.9999999508,Brass,MO58A,hybrid,256,256,0,P1,P1-MO58A_frez_zgr,area,Milling (roughing),frez_zgr,least_squares
145.06516355639565,145.26033640365523,149.36655947912297,180.7195922763378,180.98995739306156,187.34316490288163,1012.4989933557065,1013.2719698546313,3484.618675857259,-0.19517284725960599,-4.301395922727342,-0.2703651167237497,-6.623572626543815,-0.7729764989247153,-2472.1196825015522,0.0,0.0,/Users/dawid/Library/Mobile Documents/com~apple~CloudDocs/Dokumenty/Publikacje własne/Manuscripts/Quantum_interference/data/P1-MO58A_nagniat.sur,1.9070978212529561,810.0000000000001,809.0,532.0,655289.9999999508,Brass,MO58A,classical,256,256,0,P1,P1-MO58A_nagniat,area,Burnishing,nagniat,least_squares
82804.5521745741,145.26033640365523,149.36655947912297,105084.65516350386,180.98995739306156,187.34316490288163,920051.8210250989,1013.2719698546313,3484.618675857259,82659.29183817044,82655.18561509496,104903.6652061108,104897.31199860098,919038.5490552443,916567.2023492416,0.0,0.0,/Users/dawid/Library/Mobile Documents/com~apple~CloudDocs/Dokumenty/Publikacje własne/Manuscripts/Quantum_interference/data/P1-MO58A_nagniat.sur,105065.12027706158,810.0000000000001,809.0,532.0,655289.9999999508,Brass,MO58A,quantum_like,256,256,0,P1,P1-MO58A_nagniat,area,Burnishing,nagniat,least_squares
68182.86735459755,145.26033640365523,149.36655947912297,87567.25074939363,180.98995739306156,187.34316490288163,663986.2053115402,1013.2719698546313,3484.618675857259,68037.60701819388,68033.50079511842,87386.26079200057,87379.90758449075,662972.9333416856,660501.586635683,0.0,0.0,/Users/dawid/Library/Mobile Documents/com~apple~CloudDocs/Dokumenty/Publikacje własne/Manuscripts/Quantum_interference/data/P1-MO58A_nagniat.sur,87543.90853274567,810.0000000000001,809.0,532.0,655289.9999999508,Brass,MO58A,hybrid,256,256,0,P1,P1-MO58A_nagniat,area,Burnishing,nagniat,least_squares
63.39043822477657,1284.9933550707844,1386.8772375518495,79.56473373370812,1636.5550981867475,2154.5371115300177,668.1836749888296,22299.111784202174,97070.55657722981,-1221.6029168460077,-1323.486799327073,-1556.9903644530395,-2074.9723777963095,-21630.928109213342,-96402.37290224098,0.0,0.0,/Users/dawid/Library/Mobile Documents/com~apple~CloudDocs/Dokumenty/Publikacje własne/Manuscripts/Quantum_interference/data/P1-MO58A_t_zgrub.sur,1634.7600076539484,810.0000000000001,809.0,532.0,655289.9999999508,Brass,MO58A,classical,256,256,0,P1,P1-MO58A_t_zgrub,area,Turning (roughing),t_zgrub,least_squares
54716.803169020466,1284.9933550707844,1386.8772375518495,69130.83929772605,1636.5550981867475,2154.5371115300177,574348.0737142791,22299.111784202174,97070.55657722981,53431.80981394968,53329.92593146861,67494.28419953931,66976.30218619603,552048.9619300769,477277.51713704923,0.0,0.0,/Users/dawid/Library/Mobile Documents/com~apple~CloudDocs/Dokumenty/Publikacje własne/Manuscripts/Quantum_interference/data/P1-MO58A_t_zgrub.sur,69031.50119795698,810.0000000000001,809.0,532.0,655289.9999999508,Brass,MO58A,quantum_like,256,256,0,P1,P1-MO58A_t_zgrub,area,Turning (roughing),t_zgrub,least_squares
41891.25344984971,1284.9933550707844,1386.8772375518495,52360.63837785526,1636.5550981867475,2154.5371115300177,372580.3406312198,22299.111784202174,97070.55657722981,40606.26009477893,40504.376212297866,50724.08327966852,50206.10126632525,350281.2288470176,275509.78405399,0.0,0.0,/Users/dawid/Library/Mobile Documents/com~apple~CloudDocs/Dokumenty/Publikacje własne/Manuscripts/Quantum_interference/data/P1-MO58A_t_zgrub.sur,52243.580804382196,810.0000000000001,809.0,532.0,655289.9999999508,Brass,MO58A,hybrid,256,256,0,P1,P1-MO58A_t_zgrub,area,Turning (roughing),t_zgrub,least_squares
65.10460543990472,340.25414805552055,623.3622952841346,82.31661031520396,610.8953384067628,1678.008257576369,693.4195898022158,23870.72325179736,119387.24119355052,-275.1495426156158,-558.2576898442298,-528.5787280915588,-1595.6916472611651,-23177.303661995145,-118693.8216037483,0.0,0.0,/Users/dawid/Library/Mobile Documents/com~apple~CloudDocs/Dokumenty/Publikacje własne/Manuscripts/Quantum_interference/data/P1-MO58A_wedm_wyk.sur,613.916759274225,810.0000000000001,809.0,532.0,655289.9999999508,Brass,MO58A,classical,256,256,0,P1,P1-MO58A_wedm_wyk,area,Wire EDM (finishing),wedm_wyk,least_squares
69470.3496646206,340.25414805552055,623.3622952841346,86930.48475996158,610.8953384067628,1678.008257576369,678013.1589524882,23870.72325179736,119387.24119355052,69130.09551656508,68846.98736933648,86319.58942155482,85252.47650238521,654142.4357006908,558625.9177589377,0.0,0.0,/Users/dawid/Library/Mobile Documents/com~apple~CloudDocs/Dokumenty/Publikacje własne/Manuscripts/Quantum_interference/data/P1-MO58A_wedm_wyk.sur,86924.27341080115,810.0000000000001,809.0,532.0,655289.9999999508,Brass,MO58A,quantum_like,256,256,0,P1,P1-MO58A_wedm_wyk,area,Wire EDM (finishing),wedm_wyk,least_squares
52360.88640922464,340.25414805552055,623.3622952841346,65638.90850590402,610.8953384067628,1678.008257576369,476665.46486090077,23870.72325179736,119387.24119355052,52020.63226116912,51737.524113940504,65028.01316749726,63960.900248327656,452794.7416091034,357278.22366735025,0.0,0.0,/Users/dawid/Library/Mobile Documents/com~apple~CloudDocs/Dokumenty/Publikacje własne/Manuscripts/Quantum_interference/data/P1-MO58A_wedm_wyk.sur,65630.56362707334,810.0000000000001,809.0,532.0,655289.9999999508,Brass,MO58A,hybrid,256,256,0,P1,P1-MO58A_wedm_wyk,area,Wire EDM (finishing),wedm_wyk,least_squares
62.95172592454582,76181.75825171938,88536.39320245878,79.12562740900829,95543.18876467575,114712.78171870453,728.9016233371613,1160504.7392569627,2608601.8359336206,-76118.80652579483,-88473.44147653424,-95464.06313726674,-114633.65609129552,-1159775.8376336254,-2607872.934310283,0.0,0.0,/Users/dawid/Library/Mobile Documents/com~apple~CloudDocs/Dokumenty/Publikacje własne/Manuscripts/Quantum_interference/data/P1-MO58A_wedm_zgru_1prz.sur,95543.55290584239,810.0000000000001,809.0,532.0,655289.9999999508,Brass,MO58A,classical,256,256,0,P1,P1-MO58A_wedm_zgru_1prz,area,Wire EDM (roughing),wedm_zgru_1prz,least_squares
68558.92222639061,76181.75825171938,88536.39320245878,85088.76026480309,95543.18876467575,114712.78171870453,746301.6886752638,1160504.7392569627,2608601.8359336206,-7622.836025328775,-19977.47097606818,-10454.428499872662,-29624.02145390144,-414203.0505816989,-1862300.1472583567,0.0,0.0,/Users/dawid/Library/Mobile Documents/com~apple~CloudDocs/Dokumenty/Publikacje własne/Manuscripts/Quantum_interference/data/P1-MO58A_wedm_zgru_1prz.sur,65722.81763492379,810.0000000000001,809.0,532.0,655289.9999999508,Brass,MO58A,quantum_like,256,256,0,P1,P1-MO58A_wedm_zgru_1prz,area,Wire EDM (roughing),wedm_zgru_1prz,least_squares
45421.71758457352,76181.75825171938,88536.39320245878,57172.07111577394,95543.18876467575,114712.78171870453,465058.46508870885,1160504.7392569627,2608601.8359336206,-30760.040667145862,-43114.67561788527,-38371.11764890181,-57540.710602930594,-695446.2741682538,-2143543.370844912,0.0,0.0,/Users/dawid/Library/Mobile Documents/com~apple~CloudDocs/Dokumenty/Publikacje własne/Manuscripts/Quantum_interference/data/P1-MO58A_wedm_zgru_1prz.sur,82432.42335517448,810.0000000000001,809.0,532.0,655289.9999999508,Brass,MO58A,hybrid,256,256,0,P1,P1-MO58A_wedm_zgru_1prz,area,Wire EDM (roughing),wedm_zgru_1prz,least_squares
68.72285835619114,469.42585056562103,548.7149225512189,86.56407201614725,610.3819266295891,713.3317760266872,716.0236570793007,5636.036789390006,8954.240732494147,-400.7029922094299,-479.9920641950278,-523.8178546134418,-626.76770401054,-4920.013132310704,-8238.217075414846,0.0,0.0,/Users/dawid/Library/Mobile Documents/com~apple~CloudDocs/Dokumenty/Publikacje własne/Manuscripts/Quantum_interference/data/P1-Ti6A14V_frez_wyk.sur,615.346671134293,810.0000000000001,809.0,532.0,655289.9999999508,Titanium,Ti6A14V,classical,256,256,0,P1,P1-Ti6A14V_frez_wyk,area,Milling (finishing),frez_wyk,least_squares
78036.8502703612,469.42585056562103,548.7149225512189,97209.74404808495,610.3819266295891,713.3317760266872,810535.1816627762,5636.036789390006,8954.240732494147,77567.42441979558,77488.13534780999,96599.36212145536,96496.41227205825,804899.1448733861,801580.940930282,0.0,0.0,/Users/dawid/Library/Mobile Documents/com~apple~CloudDocs/Dokumenty/Publikacje własne/Manuscripts/Quantum_interference/data/P1-Ti6A14V_frez_wyk.sur,97220.46321635452,810.0000000000001,809.0,532.0,655289.9999999508,Titanium,Ti6A14V,quantum_like,256,256,0,P1,P1-Ti6A14V_frez_wyk,area,Milling (finishing),frez_wyk,least_squares
64974.03285267637,469.42585056562103,548.7149225512189,80114.85162107945,610.3819266295891,713.3317760266872,526554.3963424122,5636.036789390006,8954.240732494147,64504.607002110744,64425.317930125144,79504.46969444987,79401.51984505277,520918.3595530222,517600.15560991806,0.0,0.0,/Users/dawid/Library/Mobile Documents/com~apple~CloudDocs/Dokumenty/Publikacje własne/Manuscripts/Quantum_interference/data/P1-Ti6A14V_frez_wyk.sur,80127.28135982213,810.0000000000001,809.0,532.0,655289.9999999508,Titanium,Ti6A14V,hybrid,256,256,0,P1,P1-Ti6A14V_frez_wyk,area,Milling (finishing),frez_wyk,least_squares
72.06782805922519,641.8688484561754,683.9830450019091,90.86964713857216,822.469868351295,1071.5743326150443,791.1216935024895,21558.194735968656,70791.5363647731,-569.8010203969503,-611.9152169426839,-731.6002212127228,-980.704685476472,-20767.073042466167,-70000.41467127061,0.0,0.0,/Users/dawid/Library/Mobile Documents/com~apple~CloudDocs/Dokumenty/Publikacje własne/Manuscripts/Quantum_interference/data/P1-Ti6A14V_frez_zgr.sur,801.1898031957285,810.0000000000001,809.0,532.0,655289.9999999508,Titanium,Ti6A14V,classical,256,256,0,P1,P1-Ti6A14V_frez_zgr,area,Milling (roughing),frez_zgr,least_squares
62382.446526297244,641.8688484561754,683.9830450019091,78826.53522841136,822.469868351295,1071.5743326150443,699236.9573490298,21558.194735968656,70791.5363647731,61740.57767784107,61698.46348129534,78004.06536006006,77754.96089579632,677678.7626130611,628445.4209842568,0.0,0.0,/Users/dawid/Library/Mobile Documents/com~apple~CloudDocs/Dokumenty/Publikacje własne/Manuscripts/Quantum_interference/data/P1-Ti6A14V_frez_zgr.sur,78845.9553805896,810.0000000000001,809.0,532.0,655289.9999999508,Titanium,Ti6A14V,quantum_like,256,256,0,P1,P1-Ti6A14V_frez_zgr,area,Milling (roughing),frez_zgr,least_squares
48159.67218236534,641.8688484561754,683.9830450019091,60170.575488865165,822.469868351295,1071.5743326150443,437475.4450919457,21558.194735968656,70791.5363647731,47517.80333390916,47475.689137363435,59348.10562051387,59099.00115625012,415917.2503559771,366683.90872717265,0.0,0.0,/Users/dawid/Library/Mobile Documents/com~apple~CloudDocs/Dokumenty/Publikacje własne/Manuscripts/Quantum_interference/data/P1-Ti6A14V_frez_zgr.sur,60198.045783385714,810.0000000000001,809.0,532.0,655289.9999999508,Titanium,Ti6A14V,hybrid,256,256,0,P1,P1-Ti6A14V_frez_zgr,area,Milling (roughing),frez_zgr,least_squares
156.14836155373885,289.77462995164757,347.8317815466067,183.4914905600101,410.8437237790098,803.7426150092576,1125.5811338652522,10313.574305428681,44965.60414799983,-133.62626839790875,-191.6834199928678,-227.3522332189997,-620.2511244492476,-9187.993171563428,-43840.023014134575,0.0,0.0,/Users/dawid/Library/Mobile Documents/com~apple~CloudDocs/Dokumenty/Publikacje własne/Manuscripts/Quantum_interference/data/P1-Ti6A14V_nagniat.sur,452.62661802792616,810.0000000000001,809.0,532.0,655289.9999999508,Titanium,Ti6A14V,classical,256,256,0,P1,P1-Ti6A14V_nagniat,area,Burnishing,nagniat,least_squares
72461.72411607078,289.77462995164757,347.8317815466067,91294.95738595065,410.8437237790098,803.7426150092576,762096.3235434189,10313.574305428681,44965.60414799983,72171.94948611913,72113.89233452418,90884.11366217164,90491.2147709414,751782.7492379902,717130.7193954191,0.0,0.0,/Users/dawid/Library/Mobile Documents/com~apple~CloudDocs/Dokumenty/Publikacje własne/Manuscripts/Quantum_interference/data/P1-Ti6A14V_nagniat.sur,91267.10200433995,810.0000000000001,809.0,532.0,655289.9999999508,Titanium,Ti6A14V,quantum_like,256,256,0,P1,P1-Ti6A14V_nagniat,area,Burnishing,nagniat,least_squares
55736.46733571288,289.77462995164757,347.8317815466067,71331.59536399273,410.8437237790098,803.7426150092576,574618.8753287974,10313.574305428681,44965.60414799983,55446.692705761234,55388.63555416626,70920.75164021373,70527.85274898348,564305.3010233686,529653.2711807975,0.0,0.0,/Users/dawid/Library/Mobile Documents/com~apple~CloudDocs/Dokumenty/Publikacje własne/Manuscripts/Quantum_interference/data/P1-Ti6A14V_nagniat.sur,71296.52215945537,810.0000000000001,809.0,532.0,655289.9999999508,Titanium,Ti6A14V,hybrid,256,256,0,P1,P1-Ti6A14V_nagniat,area,Burnishing,nagniat,least_squares
341.79760142299597,103.18491123593812,120.19932196150366,402.46797491946984,123.73059001201017,143.5085523769773,2158.1471821816244,2667.2561281473622,3825.7073651355636,238.6126901870578,221.5982794614923,278.73738490745967,258.9594225424925,-509.10894596573746,-1667.5601829539387,0.0,0.0,/Users/dawid/Library/Mobile Documents/com~apple~CloudDocs/Dokumenty/Publikacje własne/Manuscripts/Quantum_interference/data/P1-Ti6A14V_t_wyk.sur,426.10800661441067,810.0000000000001,809.0,532.0,655289.9999999508,Titanium,Ti6A14V,classical,256,256,0,P1,P1-Ti6A14V_t_wyk,area,Turning (finishing),t_wyk,least_squares
81919.96996228125,103.18491123593812,120.19932196150366,102075.24618912794,123.73059001201017,143.5085523769773,824674.663006795,2667.2561281473622,3825.7073651355636,81816.78505104531,81799.77064031974,101951.51559911593,101931.73763675096,822007.4068786476,820848.9556416594,0.0,0.0,/Users/dawid/Library/Mobile Documents/com~apple~CloudDocs/Dokumenty/Publikacje własne/Manuscripts/Quantum_interference/data/P1-Ti6A14V_t_wyk.sur,102082.1537426634,810.0000000000001,809.0,532.0,655289.9999999508,Titanium,Ti6A14V,quantum_like,256,256,0,P1,P1-Ti6A14V_t_wyk,area,Turning (finishing),t_wyk,least_squares
67708.38151515285,103.18491123593812,120.19932196150366,83494.7548369309,123.73059001201017,143.5085523769773,552870.1005207109,2667.2561281473622,3825.7073651355636,67605.19660391692,67588.18219319136,83371.02424691887,83351.2462845539,550202.8443925636,549044.3931555753,0.0,0.0,/Users/dawid/Library/Mobile Documents/com~apple~CloudDocs/Dokumenty/Publikacje własne/Manuscripts/Quantum_interference/data/P1-Ti6A14V_t_wyk.sur,83502.73128503811,810.0000000000001,809.0,532.0,655289.9999999508,Titanium,Ti6A14V,hybrid,256,256,0,P1,P1-Ti6A14V_t_wyk,area,Turning (finishing),t_wyk,least_squares
61.75080138596878,2932.855047006961,3004.2986216553054,77.55556070489463,3378.02639502885,3551.4597919526173,760.4787840616528,35489.60649569244,70976.5955354702,-2871.104245620992,-2942.5478202693366,-3300.4708343239554,-3473.904231247723,-34729.12771163079,-70216.11675140854,0.0,0.0,/Users/dawid/Library/Mobile Documents/com~apple~CloudDocs/Dokumenty/Publikacje własne/Manuscripts/Quantum_interference/data/P1-Ti6A14V_t_zgrub.sur,3381.3528152373706,810.0000000000001,809.0,532.0,655289.9999999508,Titanium,Ti6A14V,classical,256,256,0,P1,P1-Ti6A14V_t_zgrub,area,Turning (roughing),t_zgrub,least_squares
52588.48915501556,2932.855047006961,3004.2986216553054,65845.27966072195,3378.02639502885,3551.4597919526173,532954.9982599629,35489.60649569244,70976.5955354702,49655.6341080086,49584.190533360255,62467.25326569311,62293.81986876933,497465.39176427043,461978.40272449265,0.0,0.0,/Users/dawid/Library/Mobile Documents/com~apple~CloudDocs/Dokumenty/Publikacje własne/Manuscripts/Quantum_interference/data/P1-Ti6A14V_t_zgrub.sur,65518.132061379256,810.0000000000001,809.0,532.0,655289.9999999508,Titanium,Ti6A14V,quantum_like,256,256,0,P1,P1-Ti6A14V_t_zgrub,area,Turning (roughing),t_zgrub,least_squares
44134.365493163554,2932.855047006961,3004.2986216553054,55221.504325282585,3378.02639502885,3551.4597919526173,413194.3495780322,35489.60649569244,70976.5955354702,41201.51044615659,41130.06687150825,51843.477930253735,51670.044533329965,377704.74308233976,342217.754042562,0.0,0.0,/Users/dawid/Library/Mobile Documents/com~apple~CloudDocs/Dokumenty/Publikacje własne/Manuscripts/Quantum_interference/data/P1-Ti6A14V_t_zgrub.sur,55054.651586379376,810.0000000000001,809.0,532.0,655289.9999999508,Titanium,Ti6A14V,hybrid,256,256,0,P1,P1-Ti6A14V_t_zgrub,area,Turning (roughing),t_zgrub,least_squares
58.51492633267885,207.04189770573768,409.00644899786334,73.2276305079206,258.27993904413785,520.0834351728039,599.4945616234048,7062.439869683003,19334.36500722471,-148.52697137305884,-350.49152266518445,-185.05230853621723,-446.8558046648833,-6462.945308059598,-18734.870445601307,0.0,0.0,/Users/dawid/Library/Mobile Documents/com~apple~CloudDocs/Dokumenty/Publikacje własne/Manuscripts/Quantum_interference/data/P1-Ti6A14V_wedm_wyk.sur,261.25086327961884,810.0000000000001,809.0,532.0,655289.9999999508,Titanium,Ti6A14V,classical,256,256,0,P1,P1-Ti6A14V_wedm_wyk,area,Wire EDM (finishing),wedm_wyk,least_squares
71120.62061874683,207.04189770573768,409.00644899786334,89183.21085117804,258.27993904413785,520.0834351728039,719432.7086700354,7062.439869683003,19334.36500722471,70913.57872104109,70711.61416974898,88924.93091213389,88663.12741600523,712370.2688003524,700098.3436628106,0.0,0.0,/Users/dawid/Library/Mobile Documents/com~apple~CloudDocs/Dokumenty/Publikacje własne/Manuscripts/Quantum_interference/data/P1-Ti6A14V_wedm_wyk.sur,89209.03429249332,810.0000000000001,809.0,532.0,655289.9999999508,Titanium,Ti6A14V,quantum_like,256,256,0,P1,P1-Ti6A14V_wedm_wyk,area,Wire EDM (finishing),wedm_wyk,least_squares
53711.285501657956,207.04189770573768,409.00644899786334,67564.63029406304,258.27993904413785,520.0834351728039,476449.233619269,7062.439869683003,19334.36500722471,53504.243603952214,53302.27905266009,67306.3503550189,67044.54685889023,469386.793749586,457114.86861204426,0.0,0.0,/Users/dawid/Library/Mobile Documents/com~apple~CloudDocs/Dokumenty/Publikacje własne/Manuscripts/Quantum_interference/data/P1-Ti6A14V_wedm_wyk.sur,67598.68950142381,810.0000000000001,809.0,532.0,655289.9999999508,Titanium,Ti6A14V,hybrid,256,256,0,P1,P1-Ti6A14V_wedm_wyk,area,Wire EDM (finishing),wedm_wyk,least_squares
63.97583910161976,3566.8007954163995,4401.629858763449,80.61186124949167,4516.990717477603,5552.950033863544,745.5600808622316,47676.136952479326,73584.54434948617,-3502.82495631478,-4337.65401966183,-4436.378856228111,-5472.338172614053,-46930.5768716171,-72838.98426862394,0.0,0.0,/Users/dawid/Library/Mobile Documents/com~apple~CloudDocs/Dokumenty/Publikacje własne/Manuscripts/Quantum_interference/data/P1-Ti6A14V_wedm_zgru_1prz.sur,4519.957597761321,810.0000000000001,809.0,532.0,655289.9999999508,Titanium,Ti6A14V,classical,256,256,0,P1,P1-Ti6A14V_wedm_zgru_1prz,area,Wire EDM (roughing),wedm_zgru_1prz,least_squares
68136.7265768624,3566.8007954163995,4401.629858763449,85854.0345906307,4516.990717477603,5552.950033863544,727883.1249580166,47676.136952479326,73584.54434948617,64569.92578144601,63735.096718098954,81337.0438731531,80301.08455676716,680206.9880055372,654298.5806085304,0.0,0.0,/Users/dawid/Library/Mobile Documents/com~apple~CloudDocs/Dokumenty/Publikacje własne/Manuscripts/Quantum_interference/data/P1-Ti6A14V_wedm_zgru_1prz.sur,85397.89606108412,810.0000000000001,809.0,532.0,655289.9999999508,Titanium,Ti6A14V,quantum_like,256,256,0,P1,P1-Ti6A14V_wedm_zgru_1prz,area,Wire EDM (roughing),wedm_zgru_1prz,least_squares
54924.71903463624,3566.8007954163995,4401.629858763449,69594.83030848768,4516.990717477603,5552.950033863544,540491.3311026533,47676.136952479326,73584.54434948617,51357.91823921984,50523.089175872796,65077.83959101008,64041.88027462414,492815.194150174,466906.78675316705,0.0,0.0,/Users/dawid/Library/Mobile Documents/com~apple~CloudDocs/Dokumenty/Publikacje własne/Manuscripts/Quantum_interference/data/P1-Ti6A14V_wedm_zgru_1prz.sur,69425.14511825852,810.0000000000001,809.0,532.0,655289.9999999508,Titanium,Ti6A14V,hybrid,256,256,0,P1,P1-Ti6A14V_wedm_zgru_1prz,area,Wire EDM (roughing),wedm_zgru_1prz,least_squares
138.70455881469934,301.41656181188597,313.44194181447756,173.67974547832634,434.7065418322733,820.2161239650844,1273.0900466376127,8952.504640216148,41617.377154131675,-162.71200299718663,-174.7373829997782,-261.0267963539469,-646.536378486758,-7679.4145935785355,-40344.28710749406,0.0,0.0,/Users/dawid/Library/Mobile Documents/com~apple~CloudDocs/Dokumenty/Publikacje własne/Manuscripts/Quantum_interference/data/Ti_oselkowane.sur,410.1281477375316,810.0000000000001,809.0,532.0,655289.9999999508,Titanium,Ti,classical,256,256,0,,Ti_oselkowane,area,Honed,oselkowane,least_squares
75461.41311596995,301.41656181188597,313.44194181447756,95022.27920023892,434.7065418322733,820.2161239650844,785157.7386532049,8952.504640216148,41617.377154131675,75159.99655415806,75147.97117415546,94587.57265840664,94202.06307627383,776205.2340129887,743540.3614990732,0.0,0.0,/Users/dawid/Library/Mobile Documents/com~apple~CloudDocs/Dokumenty/Publikacje własne/Manuscripts/Quantum_interference/data/Ti_oselkowane.sur,95052.98029407783,810.0000000000001,809.0,532.0,655289.9999999508,Titanium,Ti,quantum_like,256,256,0,,Ti_oselkowane,area,Honed,oselkowane,least_squares
60740.55823505447,301.41656181188597,313.44194181447756,76645.88355105472,434.7065418322733,820.2161239650844,565408.2637986317,8952.504640216148,41617.377154131675,60439.141673242586,60427.11629324,76211.17700922245,75825.66742708963,556455.7591584156,523790.8866445,0.0,0.0,/Users/dawid/Library/Mobile Documents/com~apple~CloudDocs/Dokumenty/Publikacje własne/Manuscripts/Quantum_interference/data/Ti_oselkowane.sur,76683.12826598836,810.0000000000001,809.0,532.0,655289.9999999508,Titanium,Ti,hybrid,256,256,0,,Ti_oselkowane,area,Honed,oselkowane,least_squares
134.330792216006,352.99595449299903,362.86787323690766,163.32303870552926,437.7957437668097,450.1454615793234,1121.083354874429,2797.1289201102377,5483.871984749424,-218.66516227699304,-228.5370810209017,-274.47270506128046,-286.82242287379415,-1676.0455652358087,-4362.788629874995,0.0,0.0,/Users/dawid/Library/Mobile Documents/com~apple~CloudDocs/Dokumenty/Publikacje własne/Manuscripts/Quantum_interference/data/Ti_szkielkowane.sur,372.0118168058674,810.0000000000001,809.0,532.0,655289.9999999508,Titanium,Ti,classical,256,256,0,,Ti_szkielkowane,area,Glass bead blasted,szkielkowane,least_squares
63921.95681370204,352.99595449299903,362.86787323690766,80338.94411930277,437.7957437668097,450.1454615793234,700396.8522543554,2797.1289201102377,5483.871984749424,63568.96085920904,63559.08894046513,79901.14837553595,79888.79865772344,697599.7233342452,694912.9802696061,0.0,0.0,/Users/dawid/Library/Mobile Documents/com~apple~CloudDocs/Dokumenty/Publikacje własne/Manuscripts/Quantum_interference/data/Ti_szkielkowane.sur,80365.56476079432,810.0000000000001,809.0,532.0,655289.9999999508,Titanium,Ti,quantum_like,256,256,0,,Ti_szkielkowane,area,Glass bead blasted,szkielkowane,least_squares
46126.73048123155,352.99595449299903,362.86787323690766,57995.702453938575,437.7957437668097,450.1454615793234,462654.1306190378,2797.1289201102377,5483.871984749424,45773.734526738546,45763.86260799464,57557.90671017177,57545.55699235925,459857.00169892755,457170.2586342884,0.0,0.0,/Users/dawid/Library/Mobile Documents/com~apple~CloudDocs/Dokumenty/Publikacje własne/Manuscripts/Quantum_interference/data/Ti_szkielkowane.sur,58032.505488347924,810.0000000000001,809.0,532.0,655289.9999999508,Titanium,Ti,hybrid,256,256,0,,Ti_szkielkowane,area,Glass bead blasted,szkielkowane,least_squares
112.51434597823757,260.9508386001499,269.0687259091993,145.60162950787716,320.8989163140508,332.064684239527,1291.310736124442,2168.8333199346725,3640.405667431295,-148.4364926219123,-156.55437993096174,-175.29728680617362,-186.46305473164986,-877.5225838102306,-2349.094931306853,0.0,0.0,/Users/dawid/Library/Mobile Documents/com~apple~CloudDocs/Dokumenty/Publikacje własne/Manuscripts/Quantum_interference/data/Ti_szlifowane.sur,273.51615327784344,810.0000000000001,809.0,532.0,655289.9999999508,Titanium,Ti,classical,256,256,0,,Ti_szlifowane,area,Grinding,szlifowane,least_squares
71129.33984796373,260.9508386001499,269.0687259091993,89861.29286387083,320.8989163140508,332.064684239527,790648.9142051406,2168.8333199346725,3640.405667431295,70868.38900936359,70860.27112205453,89540.39394755677,89529.22817963129,788480.0808852059,787008.5085377092,0.0,0.0,/Users/dawid/Library/Mobile Documents/com~apple~CloudDocs/Dokumenty/Publikacje własne/Manuscripts/Quantum_interference/data/Ti_szlifowane.sur,89839.70879663147,810.0000000000001,809.0,532.0,655289.9999999508,Titanium,Ti,quantum_like,256,256,0,,Ti_szlifowane,area,Grinding,szlifowane,least_squares
53780.96854765597,260.9508386001499,269.0687259091993,69236.69361386163,320.8989163140508,332.064684239527,510957.49411985226,2168.8333199346725,3640.405667431295,53520.01770905581,53511.89982174677,68915.79469754758,68904.62892962211,508788.66079991765,507317.088452421,0.0,0.0,/Users/dawid/Library/Mobile Documents/com~apple~CloudDocs/Dokumenty/Publikacje własne/Manuscripts/Quantum_interference/data/Ti_szlifowane.sur,69208.57528590797,810.0000000000001,809.0,532.0,655289.9999999508,Titanium,Ti,hybrid,256,256,0,,Ti_szlifowane,area,Grinding,szlifowane,least_squares
