Sa_est_nm,Sa_true_bw_nm,Sa_true_nm,Sq_est_nm,Sq_true_bw_nm,Sq_true_nm,Sz_est_nm,Sz_true_bw_nm,Sz_true_nm,amplitude_drift_frac,background_drift_frac,bias_Sa_bw_nm,bias_Sa_nm,bias_Sq_bw_nm,bias_Sq_nm,bias_Sz_bw_nm,bias_Sz_nm,deadtime1_s,deadtime2_s,file,height_rmse_nm,lambda1_nm,lambda2_nm,lambda_class_nm,lambda_eff_nm,material,material_code,method,nx,ny,phase_step_sigma_deg,rep,sample_group,stem,sur_resample,treatment,treatment_code,unwrap_method
684.3722385329557,364.8550085944905,382.78488492918075,886.9159238589926,522.5751367826276,924.2360826616774,6997.013258322337,12115.076009263661,44222.947324976805,0.05,0.05,319.51722993846516,301.58735360377494,364.34078707636496,-37.320158802684745,-5118.062750941323,-37225.93406665447,0.0,0.0,/Users/dawid/Library/Mobile Documents/com~apple~CloudDocs/Dokumenty/Publikacje własne/Manuscripts/Quantum_interference/data/1.4301_oselkowane.sur,1037.1890070121715,810.0000000000001,809.0,532.0,655289.9999999508,Stainless steel 1.4301 (AISI 304),1.4301,classical,256,256,0.0,0,,1.4301_oselkowane,area,Honed,oselkowane,simple
753.5278743579146,364.8550085944905,382.78488492918075,976.645174640593,522.5751367826276,924.2360826616774,16054.62907143699,12115.076009263661,44222.947324976805,0.05,0.05,388.67286576342406,370.74298942873384,454.0700378579655,52.409091978915725,3939.5530621733296,-28168.318253539812,0.0,0.0,/Users/dawid/Library/Mobile Documents/com~apple~CloudDocs/Dokumenty/Publikacje własne/Manuscripts/Quantum_interference/data/1.4301_oselkowane.sur,786.3542100504346,810.0000000000001,809.0,532.0,655289.9999999508,Stainless steel 1.4301 (AISI 304),1.4301,quantum_like,256,256,0.0,0,,1.4301_oselkowane,area,Honed,oselkowane,simple
393.016184408461,364.8550085944905,382.78488492918075,513.1588143287573,522.5751367826276,924.2360826616774,7294.499049836444,12115.076009263661,44222.947324976805,0.05,0.05,28.16117581397048,10.23129947928026,-9.41632245387031,-411.07726833292,-4820.576959427216,-36928.448275140356,0.0,0.0,/Users/dawid/Library/Mobile Documents/com~apple~CloudDocs/Dokumenty/Publikacje własne/Manuscripts/Quantum_interference/data/1.4301_oselkowane.sur,278.50718846132827,810.0000000000001,809.0,532.0,655289.9999999508,Stainless steel 1.4301 (AISI 304),1.4301,hybrid,256,256,0.0,0,,1.4301_oselkowane,area,Honed,oselkowane,simple
659.6598411140656,364.8550085944905,382.78488492918075,868.5809031489937,522.5751367826276,924.2360826616774,9111.744763172543,12115.076009263661,44222.947324976805,0.05,0.05,294.804832519575,276.87495618488475,346.0057663663661,-55.655179512683624,-3003.3312460911166,-35111.20256180426,0.0,0.0,/Users/dawid/Library/Mobile Documents/com~apple~CloudDocs/Dokumenty/Publikacje własne/Manuscripts/Quantum_interference/data/1.4301_oselkowane.sur,1013.76154551299,810.0000000000001,809.0,532.0,655289.9999999508,Stainless steel 1.4301 (AISI 304),1.4301,classical,256,256,0.0,1,,1.4301_oselkowane,area,Honed,oselkowane,simple
633.2559690538807,364.8550085944905,382.78488492918075,822.1994038908008,522.5751367826276,924.2360826616774,14082.444666646243,12115.076009263661,44222.947324976805,0.05,0.05,268.40096045939015,250.47108412469993,299.6242671081732,-102.03667877087653,1967.3686573825821,-30140.50265833056,0.0,0.0,/Users/dawid/Library/Mobile Documents/com~apple~CloudDocs/Dokumenty/Publikacje własne/Manuscripts/Quantum_interference/data/1.4301_oselkowane.sur,657.3719399850057,810.0000000000001,809.0,532.0,655289.9999999508,Stainless steel 1.4301 (AISI 304),1.4301,quantum_like,256,256,0.0,1,,1.4301_oselkowane,area,Honed,oselkowane,simple
336.3129488714733,364.8550085944905,382.78488492918075,438.8714797753219,522.5751367826276,924.2360826616774,6664.395196132369,12115.076009263661,44222.947324976805,0.05,0.05,-28.542059723017285,-46.47193605770751,-83.70365700730574,-485.36460288635544,-5450.680813131291,-37558.55212884443,0.0,0.0,/Users/dawid/Library/Mobile Documents/com~apple~CloudDocs/Dokumenty/Publikacje własne/Manuscripts/Quantum_interference/data/1.4301_oselkowane.sur,272.4130461122871,810.0000000000001,809.0,532.0,655289.9999999508,Stainless steel 1.4301 (AISI 304),1.4301,hybrid,256,256,0.0,1,,1.4301_oselkowane,area,Honed,oselkowane,simple
666.9218799953518,364.8550085944905,382.78488492918075,869.0790915946088,522.5751367826276,924.2360826616774,7635.202746478774,12115.076009263661,44222.947324976805,0.05,0.05,302.06687140086126,284.13699506617104,346.50395481198115,-55.15699106706856,-4479.873262784886,-36587.74457849803,0.0,0.0,/Users/dawid/Library/Mobile Documents/com~apple~CloudDocs/Dokumenty/Publikacje własne/Manuscripts/Quantum_interference/data/1.4301_oselkowane.sur,1018.4583486168424,810.0000000000001,809.0,532.0,655289.9999999508,Stainless steel 1.4301 (AISI 304),1.4301,classical,256,256,0.0,2,,1.4301_oselkowane,area,Honed,oselkowane,simple
775.9456478293694,364.8550085944905,382.78488492918075,1006.3715239511585,522.5751367826276,924.2360826616774,17637.913777455742,12115.076009263661,44222.947324976805,0.05,0.05,411.09063923487884,393.1607629001886,483.7963871685308,82.13544128948108,5522.837768192081,-26585.03354752106,0.0,0.0,/Users/dawid/Library/Mobile Documents/com~apple~CloudDocs/Dokumenty/Publikacje własne/Manuscripts/Quantum_interference/data/1.4301_oselkowane.sur,811.3296547239556,810.0000000000001,809.0,532.0,655289.9999999508,Stainless steel 1.4301 (AISI 304),1.4301,quantum_like,256,256,0.0,2,,1.4301_oselkowane,area,Honed,oselkowane,simple
405.7806498414654,364.8550085944905,382.78488492918075,530.1153892316021,522.5751367826276,924.2360826616774,7440.562975788832,12115.076009263661,44222.947324976805,0.05,0.05,40.92564124697485,22.995764912284628,7.540252448974407,-394.12069343007533,-4674.513033474828,-36782.38434918797,0.0,0.0,/Users/dawid/Library/Mobile Documents/com~apple~CloudDocs/Dokumenty/Publikacje własne/Manuscripts/Quantum_interference/data/1.4301_oselkowane.sur,282.5794630820546,810.0000000000001,809.0,532.0,655289.9999999508,Stainless steel 1.4301 (AISI 304),1.4301,hybrid,256,256,0.0,2,,1.4301_oselkowane,area,Honed,oselkowane,simple
659.6326028046603,364.8550085944905,382.78488492918075,861.7455127959328,522.5751367826276,924.2360826616774,7855.329814486528,12115.076009263661,44222.947324976805,0.05,0.05,294.7775942101698,276.8477178754796,339.17037601330514,-62.49056986574457,-4259.746194777132,-36367.61751049028,0.0,0.0,/Users/dawid/Library/Mobile Documents/com~apple~CloudDocs/Dokumenty/Publikacje własne/Manuscripts/Quantum_interference/data/1.4301_oselkowane.sur,1014.1049908456555,810.0000000000001,809.0,532.0,655289.9999999508,Stainless steel 1.4301 (AISI 304),1.4301,classical,256,256,0.0,3,,1.4301_oselkowane,area,Honed,oselkowane,simple
675.935125177336,364.8550085944905,382.78488492918075,875.0742097246044,522.5751367826276,924.2360826616774,14387.486613359564,12115.076009263661,44222.947324976805,0.05,0.05,311.08011658284545,293.1502402481552,352.4990729419768,-49.161872937072935,2272.410604095905,-29835.460711617237,0.0,0.0,/Users/dawid/Library/Mobile Documents/com~apple~CloudDocs/Dokumenty/Publikacje własne/Manuscripts/Quantum_interference/data/1.4301_oselkowane.sur,705.8752727791848,810.0000000000001,809.0,532.0,655289.9999999508,Stainless steel 1.4301 (AISI 304),1.4301,quantum_like,256,256,0.0,3,,1.4301_oselkowane,area,Honed,oselkowane,simple
350.79235554614786,364.8550085944905,382.78488492918075,457.3435231402008,522.5751367826276,924.2360826616774,6613.561156141075,12115.076009263661,44222.947324976805,0.05,0.05,-14.062653048342709,-31.99252938303293,-65.23161364242688,-466.89255952147664,-5501.514853122585,-37609.38616883573,0.0,0.0,/Users/dawid/Library/Mobile Documents/com~apple~CloudDocs/Dokumenty/Publikacje własne/Manuscripts/Quantum_interference/data/1.4301_oselkowane.sur,274.6326497458471,810.0000000000001,809.0,532.0,655289.9999999508,Stainless steel 1.4301 (AISI 304),1.4301,hybrid,256,256,0.0,3,,1.4301_oselkowane,area,Honed,oselkowane,simple
664.6802811910812,357.6011094818264,453.17839917015544,852.800778608752,439.57733820095774,539.7002414210604,6170.774122989935,2678.634068318592,4309.3120301784875,0.05,0.05,307.0791717092548,211.5018820209258,413.22344040779427,313.10053718769166,3492.140054671342,1861.4620928114466,0.0,0.0,/Users/dawid/Library/Mobile Documents/com~apple~CloudDocs/Dokumenty/Publikacje własne/Manuscripts/Quantum_interference/data/1.4301_szkielkowane.sur,951.5763783046393,810.0000000000001,809.0,532.0,655289.9999999508,Stainless steel 1.4301 (AISI 304),1.4301,classical,256,256,0.0,0,,1.4301_szkielkowane,area,Glass bead blasted,szkielkowane,simple
628.6753818812398,357.6011094818264,453.17839917015544,787.3241207783838,439.57733820095774,539.7002414210604,6747.045505415671,2678.634068318592,4309.3120301784875,0.05,0.05,271.0742723994134,175.49698271108437,347.7467825774261,247.6238793573235,4068.4114370970783,2437.7334752371826,0.0,0.0,/Users/dawid/Library/Mobile Documents/com~apple~CloudDocs/Dokumenty/Publikacje własne/Manuscripts/Quantum_interference/data/1.4301_szkielkowane.sur,674.0545167700948,810.0000000000001,809.0,532.0,655289.9999999508,Stainless steel 1.4301 (AISI 304),1.4301,quantum_like,256,256,0.0,0,,1.4301_szkielkowane,area,Glass bead blasted,szkielkowane,simple
247.54328895766162,357.6011094818264,453.17839917015544,302.42380044091607,439.57733820095774,539.7002414210604,2108.584248621823,2678.634068318592,4309.3120301784875,0.05,0.05,-110.0578205241648,-205.6351102124938,-137.15353776004164,-237.27644098014426,-570.0498196967693,-2200.727781556665,0.0,0.0,/Users/dawid/Library/Mobile Documents/com~apple~CloudDocs/Dokumenty/Publikacje własne/Manuscripts/Quantum_interference/data/1.4301_szkielkowane.sur,345.22646595828024,810.0000000000001,809.0,532.0,655289.9999999508,Stainless steel 1.4301 (AISI 304),1.4301,hybrid,256,256,0.0,0,,1.4301_szkielkowane,area,Glass bead blasted,szkielkowane,simple
625.8041584772561,357.6011094818264,453.17839917015544,821.4789062867302,439.57733820095774,539.7002414210604,7018.00576177845,2678.634068318592,4309.3120301784875,0.05,0.05,268.2030489954297,172.62575930710068,381.9015680857725,281.7786648656699,4339.371693459858,2708.693731599962,0.0,0.0,/Users/dawid/Library/Mobile Documents/com~apple~CloudDocs/Dokumenty/Publikacje własne/Manuscripts/Quantum_interference/data/1.4301_szkielkowane.sur,930.397478916233,810.0000000000001,809.0,532.0,655289.9999999508,Stainless steel 1.4301 (AISI 304),1.4301,classical,256,256,0.0,1,,1.4301_szkielkowane,area,Glass bead blasted,szkielkowane,simple
747.0785384851035,357.6011094818264,453.17839917015544,934.9706062563373,439.57733820095774,539.7002414210604,7609.757133256364,2678.634068318592,4309.3120301784875,0.05,0.05,389.47742900327717,293.90013931494815,495.3932680553795,395.270364835277,4931.123064937771,3300.445103077876,0.0,0.0,/Users/dawid/Library/Mobile Documents/com~apple~CloudDocs/Dokumenty/Publikacje własne/Manuscripts/Quantum_interference/data/1.4301_szkielkowane.sur,783.1709972989316,810.0000000000001,809.0,532.0,655289.9999999508,Stainless steel 1.4301 (AISI 304),1.4301,quantum_like,256,256,0.0,1,,1.4301_szkielkowane,area,Glass bead blasted,szkielkowane,simple
308.76235807748026,357.6011094818264,453.17839917015544,376.4807398013039,439.57733820095774,539.7002414210604,2651.0835412198267,2678.634068318592,4309.3120301784875,0.05,0.05,-48.838751404346134,-144.41604109267516,-63.09659839965383,-163.21950161975641,-27.550527098765905,-1658.2284889586613,0.0,0.0,/Users/dawid/Library/Mobile Documents/com~apple~CloudDocs/Dokumenty/Publikacje własne/Manuscripts/Quantum_interference/data/1.4301_szkielkowane.sur,351.7639590400682,810.0000000000001,809.0,532.0,655289.9999999508,Stainless steel 1.4301 (AISI 304),1.4301,hybrid,256,256,0.0,1,,1.4301_szkielkowane,area,Glass bead blasted,szkielkowane,simple
676.1418374403448,357.6011094818264,453.17839917015544,869.1623823005896,439.57733820095774,539.7002414210604,6044.457077420072,2678.634068318592,4309.3120301784875,0.05,0.05,318.5407279585184,222.96343827018939,429.58504409963183,329.4621408795292,3365.82300910148,1735.145047241584,0.0,0.0,/Users/dawid/Library/Mobile Documents/com~apple~CloudDocs/Dokumenty/Publikacje własne/Manuscripts/Quantum_interference/data/1.4301_szkielkowane.sur,968.2996586436649,810.0000000000001,809.0,532.0,655289.9999999508,Stainless steel 1.4301 (AISI 304),1.4301,classical,256,256,0.0,2,,1.4301_szkielkowane,area,Glass bead blasted,szkielkowane,simple
644.5648977149814,357.6011094818264,453.17839917015544,805.7935514902373,439.57733820095774,539.7002414210604,6734.730115936339,2678.634068318592,4309.3120301784875,0.05,0.05,286.963788233155,191.38649854482603,366.2162132892796,266.09331006917705,4056.096047617747,2425.4180857578513,0.0,0.0,/Users/dawid/Library/Mobile Documents/com~apple~CloudDocs/Dokumenty/Publikacje własne/Manuscripts/Quantum_interference/data/1.4301_szkielkowane.sur,695.0996238624173,810.0000000000001,809.0,532.0,655289.9999999508,Stainless steel 1.4301 (AISI 304),1.4301,quantum_like,256,256,0.0,2,,1.4301_szkielkowane,area,Glass bead blasted,szkielkowane,simple
252.24972653296695,357.6011094818264,453.17839917015544,308.90002983275417,439.57733820095774,539.7002414210604,2341.8439206330363,2678.634068318592,4309.3120301784875,0.05,0.05,-105.35138294885945,-200.92867263718847,-130.67730836820357,-230.80021158830615,-336.7901476855561,-1967.4681095454516,0.0,0.0,/Users/dawid/Library/Mobile Documents/com~apple~CloudDocs/Dokumenty/Publikacje własne/Manuscripts/Quantum_interference/data/1.4301_szkielkowane.sur,347.72071736066397,810.0000000000001,809.0,532.0,655289.9999999508,Stainless steel 1.4301 (AISI 304),1.4301,hybrid,256,256,0.0,2,,1.4301_szkielkowane,area,Glass bead blasted,szkielkowane,simple
655.0442362938995,357.6011094818264,453.17839917015544,845.6558000658371,439.57733820095774,539.7002414210604,6059.598188212071,2678.634068318592,4309.3120301784875,0.05,0.05,297.4431268120731,201.8658371237441,406.0784618648794,305.9555586447768,3380.9641198934796,1750.286158033584,0.0,0.0,/Users/dawid/Library/Mobile Documents/com~apple~CloudDocs/Dokumenty/Publikacje własne/Manuscripts/Quantum_interference/data/1.4301_szkielkowane.sur,962.2940868181435,810.0000000000001,809.0,532.0,655289.9999999508,Stainless steel 1.4301 (AISI 304),1.4301,classical,256,256,0.0,3,,1.4301_szkielkowane,area,Glass bead blasted,szkielkowane,simple
648.4630132901032,357.6011094818264,453.17839917015544,812.6544080715878,439.57733820095774,539.7002414210604,7135.44399036502,2678.634068318592,4309.3120301784875,0.05,0.05,290.86190380827674,195.28461411994775,373.07706987063005,272.9541666505275,4456.809922046428,2826.1319601865325,0.0,0.0,/Users/dawid/Library/Mobile Documents/com~apple~CloudDocs/Dokumenty/Publikacje własne/Manuscripts/Quantum_interference/data/1.4301_szkielkowane.sur,707.0962970370123,810.0000000000001,809.0,532.0,655289.9999999508,Stainless steel 1.4301 (AISI 304),1.4301,quantum_like,256,256,0.0,3,,1.4301_szkielkowane,area,Glass bead blasted,szkielkowane,simple
247.2126974066408,357.6011094818264,453.17839917015544,302.67809693807646,439.57733820095774,539.7002414210604,2137.793030699128,2678.634068318592,4309.3120301784875,0.05,0.05,-110.38841207518558,-205.9657017635146,-136.89924126288125,-237.02214448298383,-540.8410376194645,-2171.51899947936,0.0,0.0,/Users/dawid/Library/Mobile Documents/com~apple~CloudDocs/Dokumenty/Publikacje własne/Manuscripts/Quantum_interference/data/1.4301_szkielkowane.sur,349.0246240832928,810.0000000000001,809.0,532.0,655289.9999999508,Stainless steel 1.4301 (AISI 304),1.4301,hybrid,256,256,0.0,3,,1.4301_szkielkowane,area,Glass bead blasted,szkielkowane,simple
27.884138900835083,30.413699462010378,33.84118699522956,35.02605752556117,37.45328524655293,41.899689585882065,266.5141046522703,266.08343313585567,417.17396197934573,0.05,0.05,-2.529560561175298,-5.957048094394484,-2.4272277209917537,-6.87363206032089,0.4306715164146103,-150.65985732707543,0.0,0.0,/Users/dawid/Library/Mobile Documents/com~apple~CloudDocs/Dokumenty/Publikacje własne/Manuscripts/Quantum_interference/data/1.4301_szlifowane.sur,3.1937163119278678,810.0000000000001,809.0,532.0,655289.9999999508,Stainless steel 1.4301 (AISI 304),1.4301,classical,256,256,0.0,0,,1.4301_szlifowane,area,Grinding,szlifowane,simple
741.0010780979776,30.413699462010378,33.84118699522956,928.2370125097287,37.45328524655293,41.899689585882065,7798.246581190385,266.08343313585567,417.17396197934573,0.05,0.05,710.5873786359672,707.159891102748,890.7837272631758,886.3373229238466,7532.163148054528,7381.072619211039,0.0,0.0,/Users/dawid/Library/Mobile Documents/com~apple~CloudDocs/Dokumenty/Publikacje własne/Manuscripts/Quantum_interference/data/1.4301_szlifowane.sur,927.1846199102848,810.0000000000001,809.0,532.0,655289.9999999508,Stainless steel 1.4301 (AISI 304),1.4301,quantum_like,256,256,0.0,0,,1.4301_szlifowane,area,Grinding,szlifowane,simple
165.29458012806467,30.413699462010378,33.84118699522956,198.96230659064406,37.45328524655293,41.899689585882065,1641.8736559575532,266.08343313585567,417.17396197934573,0.05,0.05,134.88088066605428,131.4533931328351,161.50902134409114,157.06261700476202,1375.7902228216974,1224.6996939782073,0.0,0.0,/Users/dawid/Library/Mobile Documents/com~apple~CloudDocs/Dokumenty/Publikacje własne/Manuscripts/Quantum_interference/data/1.4301_szlifowane.sur,197.54643405710198,810.0000000000001,809.0,532.0,655289.9999999508,Stainless steel 1.4301 (AISI 304),1.4301,hybrid,256,256,0.0,0,,1.4301_szlifowane,area,Grinding,szlifowane,simple
29.474407931684503,30.413699462010378,33.84118699522956,36.58930654111012,37.45328524655293,41.899689585882065,265.8044512290207,266.08343313585567,417.17396197934573,0.05,0.05,-0.9392915303258752,-4.366779063545061,-0.8639787054428072,-5.310383044771943,-0.2789819068350178,-151.36951075032505,0.0,0.0,/Users/dawid/Library/Mobile Documents/com~apple~CloudDocs/Dokumenty/Publikacje własne/Manuscripts/Quantum_interference/data/1.4301_szlifowane.sur,1.7382849781242766,810.0000000000001,809.0,532.0,655289.9999999508,Stainless steel 1.4301 (AISI 304),1.4301,classical,256,256,0.0,1,,1.4301_szlifowane,area,Grinding,szlifowane,simple
605.9177340941137,30.413699462010378,33.84118699522956,760.4494351825607,37.45328524655293,41.899689585882065,6367.570200854532,266.08343313585567,417.17396197934573,0.05,0.05,575.5040346321033,572.0765470988841,722.9961499360078,718.5497455966786,6101.486767718676,5950.396238875186,0.0,0.0,/Users/dawid/Library/Mobile Documents/com~apple~CloudDocs/Dokumenty/Publikacje własne/Manuscripts/Quantum_interference/data/1.4301_szlifowane.sur,759.5338997368751,810.0000000000001,809.0,532.0,655289.9999999508,Stainless steel 1.4301 (AISI 304),1.4301,quantum_like,256,256,0.0,1,,1.4301_szlifowane,area,Grinding,szlifowane,simple
113.14673127271293,30.413699462010378,33.84118699522956,163.551644696968,37.45328524655293,41.899689585882065,1434.4078039272983,266.08343313585567,417.17396197934573,0.05,0.05,82.73303181070256,79.30554427748336,126.09835945041506,121.65195511108594,1168.3243707914428,1017.2338419479527,0.0,0.0,/Users/dawid/Library/Mobile Documents/com~apple~CloudDocs/Dokumenty/Publikacje własne/Manuscripts/Quantum_interference/data/1.4301_szlifowane.sur,163.36432216076793,810.0000000000001,809.0,532.0,655289.9999999508,Stainless steel 1.4301 (AISI 304),1.4301,hybrid,256,256,0.0,1,,1.4301_szlifowane,area,Grinding,szlifowane,simple
28.953105919946083,30.413699462010378,33.84118699522956,36.113591767067845,37.45328524655293,41.899689585882065,266.57186854607824,266.08343313585567,417.17396197934573,0.05,0.05,-1.4605935420642948,-4.8880810752834805,-1.3396934794850843,-5.786097818814221,0.4884354102225699,-150.60209343326747,0.0,0.0,/Users/dawid/Library/Mobile Documents/com~apple~CloudDocs/Dokumenty/Publikacje własne/Manuscripts/Quantum_interference/data/1.4301_szlifowane.sur,1.652416863917482,810.0000000000001,809.0,532.0,655289.9999999508,Stainless steel 1.4301 (AISI 304),1.4301,classical,256,256,0.0,2,,1.4301_szlifowane,area,Grinding,szlifowane,simple
607.206734388978,30.413699462010378,33.84118699522956,760.8602959427262,37.45328524655293,41.899689585882065,6693.863426395072,266.08343313585567,417.17396197934573,0.05,0.05,576.7930349269676,573.3655473937486,723.4070106961734,718.9606063568441,6427.779993259216,6276.6894644157255,0.0,0.0,/Users/dawid/Library/Mobile Documents/com~apple~CloudDocs/Dokumenty/Publikacje własne/Manuscripts/Quantum_interference/data/1.4301_szlifowane.sur,759.6095646204232,810.0000000000001,809.0,532.0,655289.9999999508,Stainless steel 1.4301 (AISI 304),1.4301,quantum_like,256,256,0.0,2,,1.4301_szlifowane,area,Grinding,szlifowane,simple
147.20746365471942,30.413699462010378,33.84118699522956,166.9825935921392,37.45328524655293,41.899689585882065,1487.4468821425382,266.08343313585567,417.17396197934573,0.05,0.05,116.79376419270905,113.36627665948986,129.52930834558626,125.08290400625714,1221.3634490066827,1070.2729201631926,0.0,0.0,/Users/dawid/Library/Mobile Documents/com~apple~CloudDocs/Dokumenty/Publikacje własne/Manuscripts/Quantum_interference/data/1.4301_szlifowane.sur,166.35414003287954,810.0000000000001,809.0,532.0,655289.9999999508,Stainless steel 1.4301 (AISI 304),1.4301,hybrid,256,256,0.0,2,,1.4301_szlifowane,area,Grinding,szlifowane,simple
27.87014130654405,30.413699462010378,33.84118699522956,34.825860870188386,37.45328524655293,41.899689585882065,265.86353257114104,266.08343313585567,417.17396197934573,0.05,0.05,-2.5435581554663305,-5.971045688685517,-2.627424376364542,-7.073828715693678,-0.21990056471463507,-151.31042940820467,0.0,0.0,/Users/dawid/Library/Mobile Documents/com~apple~CloudDocs/Dokumenty/Publikacje własne/Manuscripts/Quantum_interference/data/1.4301_szlifowane.sur,2.850713768430059,810.0000000000001,809.0,532.0,655289.9999999508,Stainless steel 1.4301 (AISI 304),1.4301,classical,256,256,0.0,3,,1.4301_szlifowane,area,Grinding,szlifowane,simple
599.3094771073092,30.413699462010378,33.84118699522956,750.9060295342498,37.45328524655293,41.899689585882065,6435.05258003343,266.08343313585567,417.17396197934573,0.05,0.05,568.8957776452988,565.4682901120797,713.4527442876969,709.0063399483677,6168.969146897574,6017.878618054084,0.0,0.0,/Users/dawid/Library/Mobile Documents/com~apple~CloudDocs/Dokumenty/Publikacje własne/Manuscripts/Quantum_interference/data/1.4301_szlifowane.sur,749.7071135374557,810.0000000000001,809.0,532.0,655289.9999999508,Stainless steel 1.4301 (AISI 304),1.4301,quantum_like,256,256,0.0,3,,1.4301_szlifowane,area,Grinding,szlifowane,simple
117.19495257268329,30.413699462010378,33.84118699522956,163.822261601269,37.45328524655293,41.899689585882065,1239.3411664595635,266.08343313585567,417.17396197934573,0.05,0.05,86.7812531106729,83.35376557745371,126.36897635471607,121.92257201538695,973.2577333237077,822.1672044802177,0.0,0.0,/Users/dawid/Library/Mobile Documents/com~apple~CloudDocs/Dokumenty/Publikacje własne/Manuscripts/Quantum_interference/data/1.4301_szlifowane.sur,163.47536591427433,810.0000000000001,809.0,532.0,655289.9999999508,Stainless steel 1.4301 (AISI 304),1.4301,hybrid,256,256,0.0,3,,1.4301_szlifowane,area,Grinding,szlifowane,simple
693.2515053559227,628.2335439287026,719.0243698335206,894.7402776578568,843.387722653666,1182.6790015108243,7124.955849834791,28422.32201382488,88645.45204885582,0.05,0.05,65.01796142722017,-25.772864477597793,51.3525550041908,-287.9387238529675,-21297.36616399009,-81520.49619902101,0.0,0.0,/Users/dawid/Library/Mobile Documents/com~apple~CloudDocs/Dokumenty/Publikacje własne/Manuscripts/Quantum_interference/data/1.4301_t_wyk.sur,1226.1154900541148,810.0000000000001,809.0,532.0,655289.9999999508,Stainless steel 1.4301 (AISI 304),1.4301,classical,256,256,0.0,0,,1.4301_t_wyk,area,Turning (finishing),t_wyk,simple
786.2449682051507,628.2335439287026,719.0243698335206,1030.662604144355,843.387722653666,1182.6790015108243,27482.143343977263,28422.32201382488,88645.45204885582,0.05,0.05,158.0114242764481,67.22059837163013,187.27488149068918,-152.01639736646908,-940.1786698476186,-61163.30870487855,0.0,0.0,/Users/dawid/Library/Mobile Documents/com~apple~CloudDocs/Dokumenty/Publikacje własne/Manuscripts/Quantum_interference/data/1.4301_t_wyk.sur,669.8117042549329,810.0000000000001,809.0,532.0,655289.9999999508,Stainless steel 1.4301 (AISI 304),1.4301,quantum_like,256,256,0.0,0,,1.4301_t_wyk,area,Turning (finishing),t_wyk,simple
277.19557027145834,628.2335439287026,719.0243698335206,399.7271185795535,843.387722653666,1182.6790015108243,10798.656219765648,28422.32201382488,88645.45204885582,0.05,0.05,-351.03797365724427,-441.8287995620622,-443.6606040741125,-782.9518829312707,-17623.66579405923,-77846.79582909017,0.0,0.0,/Users/dawid/Library/Mobile Documents/com~apple~CloudDocs/Dokumenty/Publikacje własne/Manuscripts/Quantum_interference/data/1.4301_t_wyk.sur,682.307932138548,810.0000000000001,809.0,532.0,655289.9999999508,Stainless steel 1.4301 (AISI 304),1.4301,hybrid,256,256,0.0,0,,1.4301_t_wyk,area,Turning (finishing),t_wyk,simple
692.1136586452665,628.2335439287026,719.0243698335206,890.3746495331225,843.387722653666,1182.6790015108243,7375.678200874523,28422.32201382488,88645.45204885582,0.05,0.05,63.88011471656383,-26.910711188254137,46.98692687945646,-292.3043519777018,-21046.643812950355,-81269.7738479813,0.0,0.0,/Users/dawid/Library/Mobile Documents/com~apple~CloudDocs/Dokumenty/Publikacje własne/Manuscripts/Quantum_interference/data/1.4301_t_wyk.sur,1217.0754978823825,810.0000000000001,809.0,532.0,655289.9999999508,Stainless steel 1.4301 (AISI 304),1.4301,classical,256,256,0.0,1,,1.4301_t_wyk,area,Turning (finishing),t_wyk,simple
941.8439940014094,628.2335439287026,719.0243698335206,1238.0297255172834,843.387722653666,1182.6790015108243,33038.42689117415,28422.32201382488,88645.45204885582,0.05,0.05,313.61045007270684,222.81962416788886,394.64200286361745,55.35072400645917,4616.104877349275,-55607.02515768166,0.0,0.0,/Users/dawid/Library/Mobile Documents/com~apple~CloudDocs/Dokumenty/Publikacje własne/Manuscripts/Quantum_interference/data/1.4301_t_wyk.sur,800.3486877791906,810.0000000000001,809.0,532.0,655289.9999999508,Stainless steel 1.4301 (AISI 304),1.4301,quantum_like,256,256,0.0,1,,1.4301_t_wyk,area,Turning (finishing),t_wyk,simple
336.0480347975218,628.2335439287026,719.0243698335206,484.17450755274484,843.387722653666,1182.6790015108243,12616.73843498999,28422.32201382488,88645.45204885582,0.05,0.05,-292.1855091311808,-382.9763350359988,-359.21321510092116,-698.5044939580795,-15805.583578834889,-76028.71361386582,0.0,0.0,/Users/dawid/Library/Mobile Documents/com~apple~CloudDocs/Dokumenty/Publikacje własne/Manuscripts/Quantum_interference/data/1.4301_t_wyk.sur,673.2115807136695,810.0000000000001,809.0,532.0,655289.9999999508,Stainless steel 1.4301 (AISI 304),1.4301,hybrid,256,256,0.0,1,,1.4301_t_wyk,area,Turning (finishing),t_wyk,simple
710.851661363018,628.2335439287026,719.0243698335206,917.0138510057379,843.387722653666,1182.6790015108243,7089.88367609927,28422.32201382488,88645.45204885582,0.05,0.05,82.61811743431544,-8.172708470502531,73.62612835207193,-265.66515050508633,-21332.43833772561,-81555.56837275655,0.0,0.0,/Users/dawid/Library/Mobile Documents/com~apple~CloudDocs/Dokumenty/Publikacje własne/Manuscripts/Quantum_interference/data/1.4301_t_wyk.sur,1240.83420890102,810.0000000000001,809.0,532.0,655289.9999999508,Stainless steel 1.4301 (AISI 304),1.4301,classical,256,256,0.0,2,,1.4301_t_wyk,area,Turning (finishing),t_wyk,simple
795.0958259670346,628.2335439287026,719.0243698335206,1044.5043056775257,843.387722653666,1182.6790015108243,27832.808349598534,28422.32201382488,88645.45204885582,0.05,0.05,166.86228203833195,76.071456133514,201.11658302385973,-138.17469583329853,-589.5136642263446,-60812.64369925728,0.0,0.0,/Users/dawid/Library/Mobile Documents/com~apple~CloudDocs/Dokumenty/Publikacje własne/Manuscripts/Quantum_interference/data/1.4301_t_wyk.sur,660.9219872614715,810.0000000000001,809.0,532.0,655289.9999999508,Stainless steel 1.4301 (AISI 304),1.4301,quantum_like,256,256,0.0,2,,1.4301_t_wyk,area,Turning (finishing),t_wyk,simple
283.76427572227834,628.2335439287026,719.0243698335206,412.5763817734988,843.387722653666,1182.6790015108243,11328.146097366836,28422.32201382488,88645.45204885582,0.05,0.05,-344.46926820642426,-435.2600941112422,-430.8113408801672,-770.1026197373254,-17094.175916458044,-77317.30595148898,0.0,0.0,/Users/dawid/Library/Mobile Documents/com~apple~CloudDocs/Dokumenty/Publikacje własne/Manuscripts/Quantum_interference/data/1.4301_t_wyk.sur,679.8265788234443,810.0000000000001,809.0,532.0,655289.9999999508,Stainless steel 1.4301 (AISI 304),1.4301,hybrid,256,256,0.0,2,,1.4301_t_wyk,area,Turning (finishing),t_wyk,simple
683.610296722133,628.2335439287026,719.0243698335206,879.1478850809227,843.387722653666,1182.6790015108243,6685.53562240947,28422.32201382488,88645.45204885582,0.05,0.05,55.376752793430356,-35.414073111387616,35.76016242725671,-303.53111642990154,-21736.786391415408,-81959.91642644635,0.0,0.0,/Users/dawid/Library/Mobile Documents/com~apple~CloudDocs/Dokumenty/Publikacje własne/Manuscripts/Quantum_interference/data/1.4301_t_wyk.sur,1219.7720153131165,810.0000000000001,809.0,532.0,655289.9999999508,Stainless steel 1.4301 (AISI 304),1.4301,classical,256,256,0.0,3,,1.4301_t_wyk,area,Turning (finishing),t_wyk,simple
816.11690649272,628.2335439287026,719.0243698335206,1070.1808804244054,843.387722653666,1182.6790015108243,27733.077264955005,28422.32201382488,88645.45204885582,0.05,0.05,187.88336256401735,97.09253665919938,226.79315777073947,-112.49812108641879,-689.2447488698725,-60912.37478390081,0.0,0.0,/Users/dawid/Library/Mobile Documents/com~apple~CloudDocs/Dokumenty/Publikacje własne/Manuscripts/Quantum_interference/data/1.4301_t_wyk.sur,667.4525619892652,810.0000000000001,809.0,532.0,655289.9999999508,Stainless steel 1.4301 (AISI 304),1.4301,quantum_like,256,256,0.0,3,,1.4301_t_wyk,area,Turning (finishing),t_wyk,simple
293.9873286703064,628.2335439287026,719.0243698335206,423.6275022338116,843.387722653666,1182.6790015108243,11247.518383730812,28422.32201382488,88645.45204885582,0.05,0.05,-334.2462152583962,-425.03704116321416,-419.7602204198544,-759.0514992770127,-17174.803630094066,-77397.933665125,0.0,0.0,/Users/dawid/Library/Mobile Documents/com~apple~CloudDocs/Dokumenty/Publikacje własne/Manuscripts/Quantum_interference/data/1.4301_t_wyk.sur,677.0783377141992,810.0000000000001,809.0,532.0,655289.9999999508,Stainless steel 1.4301 (AISI 304),1.4301,hybrid,256,256,0.0,3,,1.4301_t_wyk,area,Turning (finishing),t_wyk,simple
524.652365139717,408.0134970138842,467.573643958579,672.2477091278681,522.9588934926375,606.1052304901839,5352.392640215977,3043.1017019360343,3779.3551222935625,0.05,0.05,116.63886812583277,57.078721181137944,149.28881563523063,66.14247863768422,2309.290938279942,1573.0375179224143,0.0,0.0,/Users/dawid/Library/Mobile Documents/com~apple~CloudDocs/Dokumenty/Publikacje własne/Manuscripts/Quantum_interference/data/AL_oselkowane.sur,776.6067703647202,810.0000000000001,809.0,532.0,655289.9999999508,Aluminium 7075,AL,classical,256,256,0.0,0,,AL_oselkowane,area,Honed,oselkowane,simple
628.3004379721103,408.0134970138842,467.573643958579,787.0257930805237,522.9588934926375,606.1052304901839,6455.441891716823,3043.1017019360343,3779.3551222935625,0.05,0.05,220.28694095822618,160.72679401353136,264.0668995878862,180.9205625903398,3412.340189780789,2676.086769423261,0.0,0.0,/Users/dawid/Library/Mobile Documents/com~apple~CloudDocs/Dokumenty/Publikacje własne/Manuscripts/Quantum_interference/data/AL_oselkowane.sur,639.2366515661081,810.0000000000001,809.0,532.0,655289.9999999508,Aluminium 7075,AL,quantum_like,256,256,0.0,0,,AL_oselkowane,area,Honed,oselkowane,simple
244.49475987821015,408.0134970138842,467.573643958579,296.8761645866395,522.9588934926375,606.1052304901839,2222.1413518328673,3043.1017019360343,3779.3551222935625,0.05,0.05,-163.51873713567403,-223.07888408036885,-226.082728905998,-309.22906590354444,-820.9603501031671,-1557.213770460695,0.0,0.0,/Users/dawid/Library/Mobile Documents/com~apple~CloudDocs/Dokumenty/Publikacje własne/Manuscripts/Quantum_interference/data/AL_oselkowane.sur,419.7268548064138,810.0000000000001,809.0,532.0,655289.9999999508,Aluminium 7075,AL,hybrid,256,256,0.0,0,,AL_oselkowane,area,Honed,oselkowane,simple
543.1698480713692,408.0134970138842,467.573643958579,697.4813826005594,522.9588934926375,606.1052304901839,5717.8865493935555,3043.1017019360343,3779.3551222935625,0.05,0.05,135.15635105748507,75.59620411279023,174.52248910792187,91.37615211037547,2674.784847457521,1938.531427099993,0.0,0.0,/Users/dawid/Library/Mobile Documents/com~apple~CloudDocs/Dokumenty/Publikacje własne/Manuscripts/Quantum_interference/data/AL_oselkowane.sur,754.750073933121,810.0000000000001,809.0,532.0,655289.9999999508,Aluminium 7075,AL,classical,256,256,0.0,1,,AL_oselkowane,area,Honed,oselkowane,simple
659.6921647905548,408.0134970138842,467.573643958579,827.8624309788626,522.9588934926375,606.1052304901839,6971.046674390761,3043.1017019360343,3779.3551222935625,0.05,0.05,251.67866777667058,192.11852083197576,304.90353748622505,221.75720048867862,3927.944972454727,3191.691552097199,0.0,0.0,/Users/dawid/Library/Mobile Documents/com~apple~CloudDocs/Dokumenty/Publikacje własne/Manuscripts/Quantum_interference/data/AL_oselkowane.sur,684.3599044663745,810.0000000000001,809.0,532.0,655289.9999999508,Aluminium 7075,AL,quantum_like,256,256,0.0,1,,AL_oselkowane,area,Honed,oselkowane,simple
250.00069611000472,408.0134970138842,467.573643958579,304.9319919176777,522.9588934926375,606.1052304901839,2408.885530759961,3043.1017019360343,3779.3551222935625,0.05,0.05,-158.01280090387945,-217.5729478485743,-218.0269015749598,-301.1732385725062,-634.2161711760733,-1370.4695915336013,0.0,0.0,/Users/dawid/Library/Mobile Documents/com~apple~CloudDocs/Dokumenty/Publikacje własne/Manuscripts/Quantum_interference/data/AL_oselkowane.sur,421.6064674580915,810.0000000000001,809.0,532.0,655289.9999999508,Aluminium 7075,AL,hybrid,256,256,0.0,1,,AL_oselkowane,area,Honed,oselkowane,simple
547.925658427414,408.0134970138842,467.573643958579,707.2010453247136,522.9588934926375,606.1052304901839,5125.857514903604,3043.1017019360343,3779.3551222935625,0.05,0.05,139.9121614135298,80.35201446883497,184.24215183207613,101.09581483452972,2082.7558129675695,1346.5023926100416,0.0,0.0,/Users/dawid/Library/Mobile Documents/com~apple~CloudDocs/Dokumenty/Publikacje własne/Manuscripts/Quantum_interference/data/AL_oselkowane.sur,801.2747906898778,810.0000000000001,809.0,532.0,655289.9999999508,Aluminium 7075,AL,classical,256,256,0.0,2,,AL_oselkowane,area,Honed,oselkowane,simple
611.1453321520285,408.0134970138842,467.573643958579,764.9630823272761,522.9588934926375,606.1052304901839,6623.095780603594,3043.1017019360343,3779.3551222935625,0.05,0.05,203.13183513814434,143.57168819344952,242.00418883463854,158.85785183709214,3579.9940786675593,2843.7406583100314,0.0,0.0,/Users/dawid/Library/Mobile Documents/com~apple~CloudDocs/Dokumenty/Publikacje własne/Manuscripts/Quantum_interference/data/AL_oselkowane.sur,620.6810267339396,810.0000000000001,809.0,532.0,655289.9999999508,Aluminium 7075,AL,quantum_like,256,256,0.0,2,,AL_oselkowane,area,Honed,oselkowane,simple
238.20771812701554,408.0134970138842,467.573643958579,289.22454670941835,522.9588934926375,606.1052304901839,2145.5822566460706,3043.1017019360343,3779.3551222935625,0.05,0.05,-169.80577888686864,-229.36592583156346,-233.7343467832192,-316.8806837807656,-897.5194452899635,-1633.7728656474915,0.0,0.0,/Users/dawid/Library/Mobile Documents/com~apple~CloudDocs/Dokumenty/Publikacje własne/Manuscripts/Quantum_interference/data/AL_oselkowane.sur,419.98348399867507,810.0000000000001,809.0,532.0,655289.9999999508,Aluminium 7075,AL,hybrid,256,256,0.0,2,,AL_oselkowane,area,Honed,oselkowane,simple
569.4038551053286,408.0134970138842,467.573643958579,728.6969181307958,522.9588934926375,606.1052304901839,5724.952419390064,3043.1017019360343,3779.3551222935625,0.05,0.05,161.39035809144437,101.83021114674955,205.7380246381583,122.59168764061188,2681.85071745403,1945.597297096502,0.0,0.0,/Users/dawid/Library/Mobile Documents/com~apple~CloudDocs/Dokumenty/Publikacje własne/Manuscripts/Quantum_interference/data/AL_oselkowane.sur,735.7106439963933,810.0000000000001,809.0,532.0,655289.9999999508,Aluminium 7075,AL,classical,256,256,0.0,3,,AL_oselkowane,area,Honed,oselkowane,simple
876.3251222585548,408.0134970138842,467.573643958579,1096.710365498649,522.9588934926375,606.1052304901839,8753.193876991805,3043.1017019360343,3779.3551222935625,0.05,0.05,468.31162524467055,408.75147829997576,573.7514720060115,490.605135008465,5710.09217505577,4973.838754698243,0.0,0.0,/Users/dawid/Library/Mobile Documents/com~apple~CloudDocs/Dokumenty/Publikacje własne/Manuscripts/Quantum_interference/data/AL_oselkowane.sur,886.6255749636925,810.0000000000001,809.0,532.0,655289.9999999508,Aluminium 7075,AL,quantum_like,256,256,0.0,3,,AL_oselkowane,area,Honed,oselkowane,simple
344.4914801227427,408.0134970138842,467.573643958579,416.7187361841054,522.9588934926375,606.1052304901839,3234.7083342407655,3043.1017019360343,3779.3551222935625,0.05,0.05,-63.52201689114148,-123.08216383583631,-106.24015730853209,-189.3864943060785,191.60663230473102,-544.646788052797,0.0,0.0,/Users/dawid/Library/Mobile Documents/com~apple~CloudDocs/Dokumenty/Publikacje własne/Manuscripts/Quantum_interference/data/AL_oselkowane.sur,424.3238076112346,810.0000000000001,809.0,532.0,655289.9999999508,Aluminium 7075,AL,hybrid,256,256,0.0,3,,AL_oselkowane,area,Honed,oselkowane,simple
714.1533441440317,524.5136807904041,546.3689426510782,927.7371715241309,687.0092608696518,922.2410215602662,8860.24774397883,31199.884564537664,85338.86653628112,0.05,0.05,189.6396633536276,167.78440149295355,240.72791065447896,5.496149963864622,-22339.63682055883,-76478.61879230228,0.0,0.0,/Users/dawid/Library/Mobile Documents/com~apple~CloudDocs/Dokumenty/Publikacje własne/Manuscripts/Quantum_interference/data/Al7075_t_wyk.sur,1103.574982216635,810.0000000000001,809.0,532.0,655289.9999999508,Aluminium 7075,Al7075,classical,256,256,0.0,0,,Al7075_t_wyk,area,Turning (finishing),t_wyk,simple
660.8699462247973,524.5136807904041,546.3689426510782,843.7491141953316,687.0092608696518,922.2410215602662,28180.08634617367,31199.884564537664,85338.86653628112,0.05,0.05,136.35626543439326,114.5010035737192,156.7398533256797,-78.49190736493466,-3019.7982183639915,-57158.78019010744,0.0,0.0,/Users/dawid/Library/Mobile Documents/com~apple~CloudDocs/Dokumenty/Publikacje własne/Manuscripts/Quantum_interference/data/Al7075_t_wyk.sur,615.1455585138672,810.0000000000001,809.0,532.0,655289.9999999508,Aluminium 7075,Al7075,quantum_like,256,256,0.0,0,,Al7075_t_wyk,area,Turning (finishing),t_wyk,simple
424.75270420480916,524.5136807904041,546.3689426510782,542.0557856493972,687.0092608696518,922.2410215602662,6728.899656768401,31199.884564537664,85338.86653628112,0.05,0.05,-99.76097658559493,-121.61623844626901,-144.95347522025472,-380.18523591086904,-24470.98490776926,-78609.9668795127,0.0,0.0,/Users/dawid/Library/Mobile Documents/com~apple~CloudDocs/Dokumenty/Publikacje własne/Manuscripts/Quantum_interference/data/Al7075_t_wyk.sur,302.12656186006853,810.0000000000001,809.0,532.0,655289.9999999508,Aluminium 7075,Al7075,hybrid,256,256,0.0,0,,Al7075_t_wyk,area,Turning (finishing),t_wyk,simple
689.1808420189805,524.5136807904041,546.3689426510782,898.2394144704873,687.0092608696518,922.2410215602662,7665.8011175645715,31199.884564537664,85338.86653628112,0.05,0.05,164.66716122857636,142.8118993679023,211.2301536008354,-24.001607089778936,-23534.08344697309,-77673.06541871655,0.0,0.0,/Users/dawid/Library/Mobile Documents/com~apple~CloudDocs/Dokumenty/Publikacje własne/Manuscripts/Quantum_interference/data/Al7075_t_wyk.sur,1107.313431924366,810.0000000000001,809.0,532.0,655289.9999999508,Aluminium 7075,Al7075,classical,256,256,0.0,1,,Al7075_t_wyk,area,Turning (finishing),t_wyk,simple
708.0050324955173,524.5136807904041,546.3689426510782,901.1473722598593,687.0092608696518,922.2410215602662,29378.19055407882,31199.884564537664,85338.86653628112,0.05,0.05,183.4913517051132,161.63608984443914,214.1381113902074,-21.093649300406945,-1821.6940104588411,-55960.67598220229,0.0,0.0,/Users/dawid/Library/Mobile Documents/com~apple~CloudDocs/Dokumenty/Publikacje własne/Manuscripts/Quantum_interference/data/Al7075_t_wyk.sur,645.7492815239269,810.0000000000001,809.0,532.0,655289.9999999508,Aluminium 7075,Al7075,quantum_like,256,256,0.0,1,,Al7075_t_wyk,area,Turning (finishing),t_wyk,simple
460.1860558598607,524.5136807904041,546.3689426510782,583.7967108588521,687.0092608696518,922.2410215602662,6742.140764061656,31199.884564537664,85338.86653628112,0.05,0.05,-64.32762493054341,-86.18288679121748,-103.2125500107998,-338.4443107014141,-24457.743800476008,-78596.72577221945,0.0,0.0,/Users/dawid/Library/Mobile Documents/com~apple~CloudDocs/Dokumenty/Publikacje własne/Manuscripts/Quantum_interference/data/Al7075_t_wyk.sur,291.54996742661785,810.0000000000001,809.0,532.0,655289.9999999508,Aluminium 7075,Al7075,hybrid,256,256,0.0,1,,Al7075_t_wyk,area,Turning (finishing),t_wyk,simple
693.2345213348956,524.5136807904041,546.3689426510782,897.0857971054469,687.0092608696518,922.2410215602662,7259.758349879415,31199.884564537664,85338.86653628112,0.05,0.05,168.7208405444915,146.86557868381743,210.07653623579503,-25.155224454819297,-23940.12621465825,-78079.1081864017,0.0,0.0,/Users/dawid/Library/Mobile Documents/com~apple~CloudDocs/Dokumenty/Publikacje własne/Manuscripts/Quantum_interference/data/Al7075_t_wyk.sur,1097.8178533273872,810.0000000000001,809.0,532.0,655289.9999999508,Aluminium 7075,Al7075,classical,256,256,0.0,2,,Al7075_t_wyk,area,Turning (finishing),t_wyk,simple
746.9110585681565,524.5136807904041,546.3689426510782,952.755070616167,687.0092608696518,922.2410215602662,30383.44385073734,31199.884564537664,85338.86653628112,0.05,0.05,222.39737777775233,200.54211591707823,265.74580974651514,30.514049055900784,-816.44071380032,-54955.422685543774,0.0,0.0,/Users/dawid/Library/Mobile Documents/com~apple~CloudDocs/Dokumenty/Publikacje własne/Manuscripts/Quantum_interference/data/Al7075_t_wyk.sur,687.2709170813425,810.0000000000001,809.0,532.0,655289.9999999508,Aluminium 7075,Al7075,quantum_like,256,256,0.0,2,,Al7075_t_wyk,area,Turning (finishing),t_wyk,simple
480.24451123825054,524.5136807904041,546.3689426510782,611.0430100270861,687.0092608696518,922.2410215602662,7036.664144250831,31199.884564537664,85338.86653628112,0.05,0.05,-44.269169552153585,-66.12443141282765,-75.96625084256576,-311.1980115331801,-24163.220420286834,-78302.20239203029,0.0,0.0,/Users/dawid/Library/Mobile Documents/com~apple~CloudDocs/Dokumenty/Publikacje własne/Manuscripts/Quantum_interference/data/Al7075_t_wyk.sur,290.3966923796655,810.0000000000001,809.0,532.0,655289.9999999508,Aluminium 7075,Al7075,hybrid,256,256,0.0,2,,Al7075_t_wyk,area,Turning (finishing),t_wyk,simple
693.2643124171451,524.5136807904041,546.3689426510782,913.1280532819726,687.0092608696518,922.2410215602662,9149.619853789709,31199.884564537664,85338.86653628112,0.05,0.05,168.750631626741,146.89536976606692,226.11879241232074,-9.112968278293602,-22050.264710747953,-76189.24668249142,0.0,0.0,/Users/dawid/Library/Mobile Documents/com~apple~CloudDocs/Dokumenty/Publikacje własne/Manuscripts/Quantum_interference/data/Al7075_t_wyk.sur,1098.492515971533,810.0000000000001,809.0,532.0,655289.9999999508,Aluminium 7075,Al7075,classical,256,256,0.0,3,,Al7075_t_wyk,area,Turning (finishing),t_wyk,simple
802.3285488541312,524.5136807904041,546.3689426510782,1021.9466291211443,687.0092608696518,922.2410215602662,31851.92701834783,31199.884564537664,85338.86653628112,0.05,0.05,277.8148680637271,255.95960620305303,334.93736825149244,99.7056075608781,652.042453810168,-53486.939517933286,0.0,0.0,/Users/dawid/Library/Mobile Documents/com~apple~CloudDocs/Dokumenty/Publikacje własne/Manuscripts/Quantum_interference/data/Al7075_t_wyk.sur,737.177625026951,810.0000000000001,809.0,532.0,655289.9999999508,Aluminium 7075,Al7075,quantum_like,256,256,0.0,3,,Al7075_t_wyk,area,Turning (finishing),t_wyk,simple
513.1810222572857,524.5136807904041,546.3689426510782,652.9051329804875,687.0092608696518,922.2410215602662,7276.721404879319,31199.884564537664,85338.86653628112,0.05,0.05,-11.332658533118398,-33.18792039379247,-34.10412788916443,-269.3358885797788,-23923.163159658347,-78062.14513140179,0.0,0.0,/Users/dawid/Library/Mobile Documents/com~apple~CloudDocs/Dokumenty/Publikacje własne/Manuscripts/Quantum_interference/data/Al7075_t_wyk.sur,288.64358793866063,810.0000000000001,809.0,532.0,655289.9999999508,Aluminium 7075,Al7075,hybrid,256,256,0.0,3,,Al7075_t_wyk,area,Turning (finishing),t_wyk,simple
687.2511742085713,293.0939529305958,299.70349938185274,874.3121241193883,354.2118986734384,364.15267521941,6863.509171707339,2154.9281499577382,3032.6030471767835,0.05,0.05,394.15722127797557,387.54767482671866,520.10022544595,510.1594488999783,4708.581021749601,3830.9061245305556,0.0,0.0,/Users/dawid/Library/Mobile Documents/com~apple~CloudDocs/Dokumenty/Publikacje własne/Manuscripts/Quantum_interference/data/Al_szkielkowane.sur,887.845417250786,810.0000000000001,809.0,532.0,655289.9999999508,Aluminium 7075,Al,classical,256,256,0.0,0,,Al_szkielkowane,area,Glass bead blasted,szkielkowane,simple
580.5174647598191,293.0939529305958,299.70349938185274,727.1954293935219,354.2118986734384,364.15267521941,6028.394738292371,2154.9281499577382,3032.6030471767835,0.05,0.05,287.4235118292233,280.8139653779663,372.9835307200834,363.0427541741118,3873.466588334632,2995.7916911155867,0.0,0.0,/Users/dawid/Library/Mobile Documents/com~apple~CloudDocs/Dokumenty/Publikacje własne/Manuscripts/Quantum_interference/data/Al_szkielkowane.sur,649.3143891471278,810.0000000000001,809.0,532.0,655289.9999999508,Aluminium 7075,Al,quantum_like,256,256,0.0,0,,Al_szkielkowane,area,Glass bead blasted,szkielkowane,simple
281.1529872024815,293.0939529305958,299.70349938185274,341.009099821505,354.2118986734384,364.15267521941,2243.9443227669567,2154.9281499577382,3032.6030471767835,0.05,0.05,-11.940965728114332,-18.550512179371264,-13.202798851933375,-23.143575397905035,89.01617280921856,-788.6587244098266,0.0,0.0,/Users/dawid/Library/Mobile Documents/com~apple~CloudDocs/Dokumenty/Publikacje własne/Manuscripts/Quantum_interference/data/Al_szkielkowane.sur,176.05452059102834,810.0000000000001,809.0,532.0,655289.9999999508,Aluminium 7075,Al,hybrid,256,256,0.0,0,,Al_szkielkowane,area,Glass bead blasted,szkielkowane,simple
672.0868742093081,293.0939529305958,299.70349938185274,862.8546746818569,354.2118986734384,364.15267521941,6111.586107339358,2154.9281499577382,3032.6030471767835,0.05,0.05,378.9929212787123,372.3833748274554,508.6427760084185,498.7019994624469,3956.6579573816202,3078.983060162575,0.0,0.0,/Users/dawid/Library/Mobile Documents/com~apple~CloudDocs/Dokumenty/Publikacje własne/Manuscripts/Quantum_interference/data/Al_szkielkowane.sur,876.8276946268392,810.0000000000001,809.0,532.0,655289.9999999508,Aluminium 7075,Al,classical,256,256,0.0,1,,Al_szkielkowane,area,Glass bead blasted,szkielkowane,simple
600.7884023572947,293.0939529305958,299.70349938185274,753.0411863515914,354.2118986734384,364.15267521941,6419.7306948083005,2154.9281499577382,3032.6030471767835,0.05,0.05,307.6944494266989,301.084902975442,398.829287678153,388.88851113218135,4264.802544850561,3387.1276476315165,0.0,0.0,/Users/dawid/Library/Mobile Documents/com~apple~CloudDocs/Dokumenty/Publikacje własne/Manuscripts/Quantum_interference/data/Al_szkielkowane.sur,666.1168789964424,810.0000000000001,809.0,532.0,655289.9999999508,Aluminium 7075,Al,quantum_like,256,256,0.0,1,,Al_szkielkowane,area,Glass bead blasted,szkielkowane,simple
296.2835282517999,293.0939529305958,299.70349938185274,360.69730413117844,354.2118986734384,364.15267521941,2508.441476354189,2154.9281499577382,3032.6030471767835,0.05,0.05,3.189575321204116,-3.4199711300528177,6.485405457740107,-3.4553710882315536,353.51332639645074,-524.1615708225945,0.0,0.0,/Users/dawid/Library/Mobile Documents/com~apple~CloudDocs/Dokumenty/Publikacje własne/Manuscripts/Quantum_interference/data/Al_szkielkowane.sur,176.7549487444382,810.0000000000001,809.0,532.0,655289.9999999508,Aluminium 7075,Al,hybrid,256,256,0.0,1,,Al_szkielkowane,area,Glass bead blasted,szkielkowane,simple
675.1230627767792,293.0939529305958,299.70349938185274,859.3288220871949,354.2118986734384,364.15267521941,6606.153262223906,2154.9281499577382,3032.6030471767835,0.05,0.05,382.0291098461834,375.41956339492646,505.11692341375647,495.17614686778484,4451.225112266166,3573.5502150471216,0.0,0.0,/Users/dawid/Library/Mobile Documents/com~apple~CloudDocs/Dokumenty/Publikacje własne/Manuscripts/Quantum_interference/data/Al_szkielkowane.sur,869.811044253438,810.0000000000001,809.0,532.0,655289.9999999508,Aluminium 7075,Al,classical,256,256,0.0,2,,Al_szkielkowane,area,Glass bead blasted,szkielkowane,simple
581.8504886035862,293.0939529305958,299.70349938185274,728.9322612065108,354.2118986734384,364.15267521941,6146.44851280778,2154.9281499577382,3032.6030471767835,0.05,0.05,288.7565356729904,282.14698922173346,374.72036253307243,364.7795859871008,3991.520362850042,3113.845465630997,0.0,0.0,/Users/dawid/Library/Mobile Documents/com~apple~CloudDocs/Dokumenty/Publikacje własne/Manuscripts/Quantum_interference/data/Al_szkielkowane.sur,653.624452653678,810.0000000000001,809.0,532.0,655289.9999999508,Aluminium 7075,Al,quantum_like,256,256,0.0,2,,Al_szkielkowane,area,Glass bead blasted,szkielkowane,simple
278.90414133487906,293.0939529305958,299.70349938185274,337.8392169657781,354.2118986734384,364.15267521941,2365.5570870652473,2154.9281499577382,3032.6030471767835,0.05,0.05,-14.189811595716735,-20.79935804697367,-16.37268170766026,-26.313458253631918,210.62893710750922,-667.045960111536,0.0,0.0,/Users/dawid/Library/Mobile Documents/com~apple~CloudDocs/Dokumenty/Publikacje własne/Manuscripts/Quantum_interference/data/Al_szkielkowane.sur,177.03785265668174,810.0000000000001,809.0,532.0,655289.9999999508,Aluminium 7075,Al,hybrid,256,256,0.0,2,,Al_szkielkowane,area,Glass bead blasted,szkielkowane,simple
665.4226441177168,293.0939529305958,299.70349938185274,860.3912108442478,354.2118986734384,364.15267521941,6485.2666475646065,2154.9281499577382,3032.6030471767835,0.05,0.05,372.328691187121,365.7191447358641,506.17931217080934,496.2385356248377,4330.338497606868,3452.6636003878225,0.0,0.0,/Users/dawid/Library/Mobile Documents/com~apple~CloudDocs/Dokumenty/Publikacje własne/Manuscripts/Quantum_interference/data/Al_szkielkowane.sur,872.2025089373049,810.0000000000001,809.0,532.0,655289.9999999508,Aluminium 7075,Al,classical,256,256,0.0,3,,Al_szkielkowane,area,Glass bead blasted,szkielkowane,simple
632.9430911331901,293.0939529305958,299.70349938185274,793.9032420137999,354.2118986734384,364.15267521941,6486.445278773021,2154.9281499577382,3032.6030471767835,0.05,0.05,339.84913820259436,333.2395917513374,439.6913433403615,429.7505667943899,4331.517128815282,3453.842231596237,0.0,0.0,/Users/dawid/Library/Mobile Documents/com~apple~CloudDocs/Dokumenty/Publikacje własne/Manuscripts/Quantum_interference/data/Al_szkielkowane.sur,711.6079226613331,810.0000000000001,809.0,532.0,655289.9999999508,Aluminium 7075,Al,quantum_like,256,256,0.0,3,,Al_szkielkowane,area,Glass bead blasted,szkielkowane,simple
299.6414658063797,293.0939529305958,299.70349938185274,364.17137702357485,354.2118986734384,364.15267521941,2533.3077828958685,2154.9281499577382,3032.6030471767835,0.05,0.05,6.547512875783883,-0.062033575473050884,9.959478350136504,0.01870180416484374,378.3796329381303,-499.29526428091486,0.0,0.0,/Users/dawid/Library/Mobile Documents/com~apple~CloudDocs/Dokumenty/Publikacje własne/Manuscripts/Quantum_interference/data/Al_szkielkowane.sur,181.3479979690589,810.0000000000001,809.0,532.0,655289.9999999508,Aluminium 7075,Al,hybrid,256,256,0.0,3,,Al_szkielkowane,area,Glass bead blasted,szkielkowane,simple
64.63565030429055,63.67904400930688,66.55707432300152,81.96434052604492,81.49109450002742,84.85770719843457,476.6117531668131,473.8258971126187,638.6250286224301,0.05,0.05,0.9566062949836709,-1.9214240187109684,0.47324602601750304,-2.893366672389645,2.7858560541944284,-162.01327545561705,0.0,0.0,/Users/dawid/Library/Mobile Documents/com~apple~CloudDocs/Dokumenty/Publikacje własne/Manuscripts/Quantum_interference/data/Al_szlifowane.sur,1.5735766582935689,810.0000000000001,809.0,532.0,655289.9999999508,Aluminium 7075,Al,classical,256,256,0.0,0,,Al_szlifowane,area,Grinding,szlifowane,simple
571.7191421271949,63.67904400930688,66.55707432300152,716.4281909438937,81.49109450002742,84.85770719843457,6479.007249741612,473.8258971126187,638.6250286224301,0.05,0.05,508.04009811788796,505.1620678041934,634.9370964438663,631.5704837454592,6005.181352628993,5840.382221119183,0.0,0.0,/Users/dawid/Library/Mobile Documents/com~apple~CloudDocs/Dokumenty/Publikacje własne/Manuscripts/Quantum_interference/data/Al_szlifowane.sur,711.8126377058703,810.0000000000001,809.0,532.0,655289.9999999508,Aluminium 7075,Al,quantum_like,256,256,0.0,0,,Al_szlifowane,area,Grinding,szlifowane,simple
128.27552598221763,63.67904400930688,66.55707432300152,170.9764354041714,81.49109450002742,84.85770719843457,1659.2228807045367,473.8258971126187,638.6250286224301,0.05,0.05,64.59648197291075,61.718451659216115,89.48534090414398,86.11872820573683,1185.396983591918,1020.5978520821066,0.0,0.0,/Users/dawid/Library/Mobile Documents/com~apple~CloudDocs/Dokumenty/Publikacje własne/Manuscripts/Quantum_interference/data/Al_szlifowane.sur,154.78807008559477,810.0000000000001,809.0,532.0,655289.9999999508,Aluminium 7075,Al,hybrid,256,256,0.0,0,,Al_szlifowane,area,Grinding,szlifowane,simple
63.17619240046335,63.67904400930688,66.55707432300152,80.97104299657833,81.49109450002742,84.85770719843457,472.7512480983379,473.8258971126187,638.6250286224301,0.05,0.05,-0.5028516088435272,-3.3808819225381663,-0.5200515034490872,-3.8866642018562354,-1.074649014280789,-165.87378052409227,0.0,0.0,/Users/dawid/Library/Mobile Documents/com~apple~CloudDocs/Dokumenty/Publikacje własne/Manuscripts/Quantum_interference/data/Al_szlifowane.sur,2.523319005331782,810.0000000000001,809.0,532.0,655289.9999999508,Aluminium 7075,Al,classical,256,256,0.0,1,,Al_szlifowane,area,Grinding,szlifowane,simple
500.3091270488834,63.67904400930688,66.55707432300152,627.131886359124,81.49109450002742,84.85770719843457,5077.75378580413,473.8258971126187,638.6250286224301,0.05,0.05,436.6300830395765,433.75205272588187,545.6407918590966,542.2741791606895,4603.927888691511,4439.128757181699,0.0,0.0,/Users/dawid/Library/Mobile Documents/com~apple~CloudDocs/Dokumenty/Publikacje własne/Manuscripts/Quantum_interference/data/Al_szlifowane.sur,623.6955039983088,810.0000000000001,809.0,532.0,655289.9999999508,Aluminium 7075,Al,quantum_like,256,256,0.0,1,,Al_szlifowane,area,Grinding,szlifowane,simple
109.70710378411228,63.67904400930688,66.55707432300152,148.46911776589857,81.49109450002742,84.85770719843457,1225.0438605123152,473.8258971126187,638.6250286224301,0.05,0.05,46.0280597748054,43.15002946111076,66.97802326587116,63.61141056746401,751.2179633996965,586.418831889885,0.0,0.0,/Users/dawid/Library/Mobile Documents/com~apple~CloudDocs/Dokumenty/Publikacje własne/Manuscripts/Quantum_interference/data/Al_szlifowane.sur,136.14154676774152,810.0000000000001,809.0,532.0,655289.9999999508,Aluminium 7075,Al,hybrid,256,256,0.0,1,,Al_szlifowane,area,Grinding,szlifowane,simple
61.54321214717045,63.67904400930688,66.55707432300152,81.11636222682594,81.49109450002742,84.85770719843457,594.4671208484518,473.8258971126187,638.6250286224301,0.05,0.05,-2.135831862136427,-5.013862175831067,-0.3747322732014731,-3.7413449716086213,120.64122373583318,-44.15790777397829,0.0,0.0,/Users/dawid/Library/Mobile Documents/com~apple~CloudDocs/Dokumenty/Publikacje własne/Manuscripts/Quantum_interference/data/Al_szlifowane.sur,18.113807653927832,810.0000000000001,809.0,532.0,655289.9999999508,Aluminium 7075,Al,classical,256,256,0.0,2,,Al_szlifowane,area,Grinding,szlifowane,simple
546.3157136496764,63.67904400930688,66.55707432300152,685.4433728745186,81.49109450002742,84.85770719843457,6083.538086481409,473.8258971126187,638.6250286224301,0.05,0.05,482.63666964036946,479.7586393266748,603.9522783744911,600.585665676084,5609.71218936879,5444.913057858978,0.0,0.0,/Users/dawid/Library/Mobile Documents/com~apple~CloudDocs/Dokumenty/Publikacje własne/Manuscripts/Quantum_interference/data/Al_szlifowane.sur,680.8851997317895,810.0000000000001,809.0,532.0,655289.9999999508,Aluminium 7075,Al,quantum_like,256,256,0.0,2,,Al_szlifowane,area,Grinding,szlifowane,simple
118.83025466003046,63.67904400930688,66.55707432300152,162.90844425233894,81.49109450002742,84.85770719843457,1293.0093407609936,473.8258971126187,638.6250286224301,0.05,0.05,55.151210650723584,52.27318033702894,81.41734975231152,78.05073705390437,819.1834436483749,654.3843121385635,0.0,0.0,/Users/dawid/Library/Mobile Documents/com~apple~CloudDocs/Dokumenty/Publikacje własne/Manuscripts/Quantum_interference/data/Al_szlifowane.sur,147.0941419387228,810.0000000000001,809.0,532.0,655289.9999999508,Aluminium 7075,Al,hybrid,256,256,0.0,2,,Al_szlifowane,area,Grinding,szlifowane,simple
64.58632658801832,63.67904400930688,66.55707432300152,82.1483608731621,81.49109450002742,84.85770719843457,472.27904468051184,473.8258971126187,638.6250286224301,0.05,0.05,0.9072825787114385,-1.9707477349832008,0.6572663731346918,-2.7093463252724566,-1.5468524321068433,-166.34598394191832,0.0,0.0,/Users/dawid/Library/Mobile Documents/com~apple~CloudDocs/Dokumenty/Publikacje własne/Manuscripts/Quantum_interference/data/Al_szlifowane.sur,1.4651574638210794,810.0000000000001,809.0,532.0,655289.9999999508,Aluminium 7075,Al,classical,256,256,0.0,3,,Al_szlifowane,area,Grinding,szlifowane,simple
601.2084620673917,63.67904400930688,66.55707432300152,754.2340421790365,81.49109450002742,84.85770719843457,6637.800831210057,473.8258971126187,638.6250286224301,0.05,0.05,537.5294180580847,534.6513877443903,672.742947679009,669.3763349806019,6163.974934097439,5999.175802587628,0.0,0.0,/Users/dawid/Library/Mobile Documents/com~apple~CloudDocs/Dokumenty/Publikacje własne/Manuscripts/Quantum_interference/data/Al_szlifowane.sur,749.3653330647059,810.0000000000001,809.0,532.0,655289.9999999508,Aluminium 7075,Al,quantum_like,256,256,0.0,3,,Al_szlifowane,area,Grinding,szlifowane,simple
151.0412082253504,63.67904400930688,66.55707432300152,179.0948648884092,81.49109450002742,84.85770719843457,1426.130463722857,473.8258971126187,638.6250286224301,0.05,0.05,87.36216421604354,84.48413390234889,97.60377038838178,94.23715768997462,952.3045666102382,787.5054351004268,0.0,0.0,/Users/dawid/Library/Mobile Documents/com~apple~CloudDocs/Dokumenty/Publikacje własne/Manuscripts/Quantum_interference/data/Al_szlifowane.sur,161.3490273728984,810.0000000000001,809.0,532.0,655289.9999999508,Aluminium 7075,Al,hybrid,256,256,0.0,3,,Al_szlifowane,area,Grinding,szlifowane,simple
477.29850971684976,223.31743222772795,297.16816890965,599.7271621329218,272.5381756206323,365.33382951310733,4138.975622701808,1738.0094316217455,2768.298898994887,0.05,0.05,253.98107748912182,180.13034080719976,327.18898651228943,234.39333261981437,2400.9661910800623,1370.6767237069207,0.0,0.0,/Users/dawid/Library/Mobile Documents/com~apple~CloudDocs/Dokumenty/Publikacje własne/Manuscripts/Quantum_interference/data/C45_oselkowane.sur,573.7185493208485,810.0000000000001,809.0,532.0,655289.9999999508,Steel C45,C45,classical,256,256,0.0,0,,C45_oselkowane,area,Honed,oselkowane,simple
494.9138258230103,223.31743222772795,297.16816890965,619.7097461959556,272.5381756206323,365.33382951310733,5032.05149333615,1738.0094316217455,2768.298898994887,0.05,0.05,271.5963935952824,197.74565691336034,347.17157057532336,254.3759166828483,3294.042061714404,2263.752594341263,0.0,0.0,/Users/dawid/Library/Mobile Documents/com~apple~CloudDocs/Dokumenty/Publikacje własne/Manuscripts/Quantum_interference/data/C45_oselkowane.sur,581.8086202550757,810.0000000000001,809.0,532.0,655289.9999999508,Steel C45,C45,quantum_like,256,256,0.0,0,,C45_oselkowane,area,Honed,oselkowane,simple
152.7491505855919,223.31743222772795,297.16816890965,191.0174361585856,272.5381756206323,365.33382951310733,1540.4220327016562,1738.0094316217455,2768.298898994887,0.05,0.05,-70.56828164213603,-144.41901832405807,-81.52073946204669,-174.31639335452172,-197.58739892008938,-1227.8768662932307,0.0,0.0,/Users/dawid/Library/Mobile Documents/com~apple~CloudDocs/Dokumenty/Publikacje własne/Manuscripts/Quantum_interference/data/C45_oselkowane.sur,249.63877389978802,810.0000000000001,809.0,532.0,655289.9999999508,Steel C45,C45,hybrid,256,256,0.0,0,,C45_oselkowane,area,Honed,oselkowane,simple
476.21230088892503,223.31743222772795,297.16816890965,597.5384330926154,272.5381756206323,365.33382951310733,4229.203044250404,1738.0094316217455,2768.298898994887,0.05,0.05,252.89486866119705,179.04413197927502,325.0002574719831,232.20460357950807,2491.1936126286582,1460.9041452555168,0.0,0.0,/Users/dawid/Library/Mobile Documents/com~apple~CloudDocs/Dokumenty/Publikacje własne/Manuscripts/Quantum_interference/data/C45_oselkowane.sur,568.5421460340533,810.0000000000001,809.0,532.0,655289.9999999508,Steel C45,C45,classical,256,256,0.0,1,,C45_oselkowane,area,Honed,oselkowane,simple
601.0835966109901,223.31743222772795,297.16816890965,752.9167977421171,272.5381756206323,365.33382951310733,6552.228885241346,1738.0094316217455,2768.298898994887,0.05,0.05,377.76616438326215,303.91542770134015,480.3786221214848,387.58296822900974,4814.2194536196,3783.929986246459,0.0,0.0,/Users/dawid/Library/Mobile Documents/com~apple~CloudDocs/Dokumenty/Publikacje własne/Manuscripts/Quantum_interference/data/C45_oselkowane.sur,702.606203277589,810.0000000000001,809.0,532.0,655289.9999999508,Steel C45,C45,quantum_like,256,256,0.0,1,,C45_oselkowane,area,Honed,oselkowane,simple
181.40875717224017,223.31743222772795,297.16816890965,226.55873831860166,272.5381756206323,365.33382951310733,1949.3180993268784,1738.0094316217455,2768.298898994887,0.05,0.05,-41.90867505548777,-115.75941173740982,-45.97943730203063,-138.77509119450568,211.30866770513268,-818.9807996680088,0.0,0.0,/Users/dawid/Library/Mobile Documents/com~apple~CloudDocs/Dokumenty/Publikacje własne/Manuscripts/Quantum_interference/data/C45_oselkowane.sur,257.81067330325413,810.0000000000001,809.0,532.0,655289.9999999508,Steel C45,C45,hybrid,256,256,0.0,1,,C45_oselkowane,area,Honed,oselkowane,simple
459.34721390307203,223.31743222772795,297.16816890965,580.2293793014637,272.5381756206323,365.33382951310733,4065.396543092341,1738.0094316217455,2768.298898994887,0.05,0.05,236.02978167534405,162.17904499342202,307.6912036808314,214.8955497883564,2327.3871114705953,1297.097644097454,0.0,0.0,/Users/dawid/Library/Mobile Documents/com~apple~CloudDocs/Dokumenty/Publikacje własne/Manuscripts/Quantum_interference/data/C45_oselkowane.sur,563.3519482103139,810.0000000000001,809.0,532.0,655289.9999999508,Steel C45,C45,classical,256,256,0.0,2,,C45_oselkowane,area,Honed,oselkowane,simple
637.7982408044201,223.31743222772795,297.16816890965,799.3506004205914,272.5381756206323,365.33382951310733,6308.21597645143,1738.0094316217455,2768.298898994887,0.05,0.05,414.4808085766921,340.63007189477,526.812424799959,434.016770907484,4570.206544829684,3539.9170774565428,0.0,0.0,/Users/dawid/Library/Mobile Documents/com~apple~CloudDocs/Dokumenty/Publikacje własne/Manuscripts/Quantum_interference/data/C45_oselkowane.sur,746.9925521761465,810.0000000000001,809.0,532.0,655289.9999999508,Steel C45,C45,quantum_like,256,256,0.0,2,,C45_oselkowane,area,Honed,oselkowane,simple
191.5817638401287,223.31743222772795,297.16816890965,240.21969532258103,272.5381756206323,365.33382951310733,1989.744007762714,1738.0094316217455,2768.298898994887,0.05,0.05,-31.735668387599258,-105.5864050695213,-32.31848029805126,-125.1141341905263,251.73457614096844,-778.554891232173,0.0,0.0,/Users/dawid/Library/Mobile Documents/com~apple~CloudDocs/Dokumenty/Publikacje własne/Manuscripts/Quantum_interference/data/C45_oselkowane.sur,261.61266010976203,810.0000000000001,809.0,532.0,655289.9999999508,Steel C45,C45,hybrid,256,256,0.0,2,,C45_oselkowane,area,Honed,oselkowane,simple
472.73948676295055,223.31743222772795,297.16816890965,596.9081212768244,272.5381756206323,365.33382951310733,4176.8758522777825,1738.0094316217455,2768.298898994887,0.05,0.05,249.4220545352226,175.57131785330057,324.36994565619216,231.5742917637171,2438.866420656037,1408.5769532828956,0.0,0.0,/Users/dawid/Library/Mobile Documents/com~apple~CloudDocs/Dokumenty/Publikacje własne/Manuscripts/Quantum_interference/data/C45_oselkowane.sur,566.1302471717976,810.0000000000001,809.0,532.0,655289.9999999508,Steel C45,C45,classical,256,256,0.0,3,,C45_oselkowane,area,Honed,oselkowane,simple
572.8709171057026,223.31743222772795,297.16816890965,717.7828828358323,272.5381756206323,365.33382951310733,6261.742185159823,1738.0094316217455,2768.298898994887,0.05,0.05,349.55348487797465,275.70274819605265,445.2447072152,352.449053322725,4523.732753538077,3493.443286164936,0.0,0.0,/Users/dawid/Library/Mobile Documents/com~apple~CloudDocs/Dokumenty/Publikacje własne/Manuscripts/Quantum_interference/data/C45_oselkowane.sur,673.8928698168585,810.0000000000001,809.0,532.0,655289.9999999508,Steel C45,C45,quantum_like,256,256,0.0,3,,C45_oselkowane,area,Honed,oselkowane,simple
167.26452254075045,223.31743222772795,297.16816890965,209.68402042168046,272.5381756206323,365.33382951310733,1731.669527493652,1738.0094316217455,2768.298898994887,0.05,0.05,-56.052909686977515,-129.90364636889956,-62.85415519895184,-155.64980909142687,-6.339904128093787,-1036.6293715012353,0.0,0.0,/Users/dawid/Library/Mobile Documents/com~apple~CloudDocs/Dokumenty/Publikacje własne/Manuscripts/Quantum_interference/data/C45_oselkowane.sur,256.09010145828603,810.0000000000001,809.0,532.0,655289.9999999508,Steel C45,C45,hybrid,256,256,0.0,3,,C45_oselkowane,area,Honed,oselkowane,simple
668.4951203973205,201.86236291841112,304.0087497191734,861.9117000346922,252.25718011110456,380.88187998390504,6134.466404726026,1739.620230782732,2637.5771352498405,0.05,0.05,466.6327574789094,364.48637067814707,609.6545199235876,481.0298200507871,4394.846173943293,3496.8892694761853,0.0,0.0,/Users/dawid/Library/Mobile Documents/com~apple~CloudDocs/Dokumenty/Publikacje własne/Manuscripts/Quantum_interference/data/C45_szkielkowane.sur,881.0515157449564,810.0000000000001,809.0,532.0,655289.9999999508,Steel C45,C45,classical,256,256,0.0,0,,C45_szkielkowane,area,Glass bead blasted,szkielkowane,simple
529.0316757700944,201.86236291841112,304.0087497191734,663.1105147468763,252.25718011110456,380.88187998390504,5516.622179678631,1739.620230782732,2637.5771352498405,0.05,0.05,327.16931285168323,225.02292605092094,410.8533346357718,282.2286347629713,3777.0019488958987,2879.0450444287903,0.0,0.0,/Users/dawid/Library/Mobile Documents/com~apple~CloudDocs/Dokumenty/Publikacje własne/Manuscripts/Quantum_interference/data/C45_szkielkowane.sur,625.3564871665229,810.0000000000001,809.0,532.0,655289.9999999508,Steel C45,C45,quantum_like,256,256,0.0,0,,C45_szkielkowane,area,Glass bead blasted,szkielkowane,simple
138.49609150388304,201.86236291841112,304.0087497191734,174.07456610257836,252.25718011110456,380.88187998390504,1585.8026116009098,1739.620230782732,2637.5771352498405,0.05,0.05,-63.36627141452809,-165.5126582152904,-78.18261400852622,-206.8073138813267,-153.81761918182238,-1051.7745236489309,0.0,0.0,/Users/dawid/Library/Mobile Documents/com~apple~CloudDocs/Dokumenty/Publikacje własne/Manuscripts/Quantum_interference/data/C45_szkielkowane.sur,258.2956710057736,810.0000000000001,809.0,532.0,655289.9999999508,Steel C45,C45,hybrid,256,256,0.0,0,,C45_szkielkowane,area,Glass bead blasted,szkielkowane,simple
692.0521603716986,201.86236291841112,304.0087497191734,893.3984845231287,252.25718011110456,380.88187998390504,6409.363249988258,1739.620230782732,2637.5771352498405,0.05,0.05,490.1897974532875,388.04341065252515,641.1413044120242,512.5166045392236,4669.743019205525,3771.7861147384174,0.0,0.0,/Users/dawid/Library/Mobile Documents/com~apple~CloudDocs/Dokumenty/Publikacje własne/Manuscripts/Quantum_interference/data/C45_szkielkowane.sur,910.3118216738604,810.0000000000001,809.0,532.0,655289.9999999508,Steel C45,C45,classical,256,256,0.0,1,,C45_szkielkowane,area,Glass bead blasted,szkielkowane,simple
605.7222295266457,201.86236291841112,304.0087497191734,758.6948627609407,252.25718011110456,380.88187998390504,6135.719829077126,1739.620230782732,2637.5771352498405,0.05,0.05,403.8598666082346,301.7134798074723,506.4376826498362,377.8129827770357,4396.099598294393,3498.1426938272853,0.0,0.0,/Users/dawid/Library/Mobile Documents/com~apple~CloudDocs/Dokumenty/Publikacje własne/Manuscripts/Quantum_interference/data/C45_szkielkowane.sur,712.2306042520975,810.0000000000001,809.0,532.0,655289.9999999508,Steel C45,C45,quantum_like,256,256,0.0,1,,C45_szkielkowane,area,Glass bead blasted,szkielkowane,simple
157.61949449524948,201.86236291841112,304.0087497191734,196.331281696024,252.25718011110456,380.88187998390504,1738.693649906496,1739.620230782732,2637.5771352498405,0.05,0.05,-44.242868423161624,-146.38925522392393,-55.925898415080546,-184.55059828788103,-0.9265808762362385,-898.8834853433447,0.0,0.0,/Users/dawid/Library/Mobile Documents/com~apple~CloudDocs/Dokumenty/Publikacje własne/Manuscripts/Quantum_interference/data/C45_szkielkowane.sur,264.34481316691574,810.0000000000001,809.0,532.0,655289.9999999508,Steel C45,C45,hybrid,256,256,0.0,1,,C45_szkielkowane,area,Glass bead blasted,szkielkowane,simple
655.9847198802876,201.86236291841112,304.0087497191734,849.2230297667429,252.25718011110456,380.88187998390504,6388.756678036281,1739.620230782732,2637.5771352498405,0.05,0.05,454.12235696187645,351.97597016111416,596.9658496556383,468.3411497828378,4649.136447253549,3751.179542786441,0.0,0.0,/Users/dawid/Library/Mobile Documents/com~apple~CloudDocs/Dokumenty/Publikacje własne/Manuscripts/Quantum_interference/data/C45_szkielkowane.sur,866.9511475694701,810.0000000000001,809.0,532.0,655289.9999999508,Steel C45,C45,classical,256,256,0.0,2,,C45_szkielkowane,area,Glass bead blasted,szkielkowane,simple
518.4572150263017,201.86236291841112,304.0087497191734,649.5102961346495,252.25718011110456,380.88187998390504,5593.730011363828,1739.620230782732,2637.5771352498405,0.05,0.05,316.5948521078905,214.44846530712823,397.2531160235449,268.62841615074444,3854.1097805810964,2956.152876113988,0.0,0.0,/Users/dawid/Library/Mobile Documents/com~apple~CloudDocs/Dokumenty/Publikacje własne/Manuscripts/Quantum_interference/data/C45_szkielkowane.sur,610.3265253518648,810.0000000000001,809.0,532.0,655289.9999999508,Steel C45,C45,quantum_like,256,256,0.0,2,,C45_szkielkowane,area,Glass bead blasted,szkielkowane,simple
136.63783877020973,201.86236291841112,304.0087497191734,172.74887084227169,252.25718011110456,380.88187998390504,1499.0466772802945,1739.620230782732,2637.5771352498405,0.05,0.05,-65.22452414820138,-167.37091094896368,-79.50830926883289,-208.13300914163338,-240.57355350243768,-1138.5304579695462,0.0,0.0,/Users/dawid/Library/Mobile Documents/com~apple~CloudDocs/Dokumenty/Publikacje własne/Manuscripts/Quantum_interference/data/C45_szkielkowane.sur,256.7553484195459,810.0000000000001,809.0,532.0,655289.9999999508,Steel C45,C45,hybrid,256,256,0.0,2,,C45_szkielkowane,area,Glass bead blasted,szkielkowane,simple
656.5886255786285,201.86236291841112,304.0087497191734,853.3195360524833,252.25718011110456,380.88187998390504,6036.020651778632,1739.620230782732,2637.5771352498405,0.05,0.05,454.72626266021734,352.579875859455,601.0623559413788,472.43765606857824,4296.400420995899,3398.443516528791,0.0,0.0,/Users/dawid/Library/Mobile Documents/com~apple~CloudDocs/Dokumenty/Publikacje własne/Manuscripts/Quantum_interference/data/C45_szkielkowane.sur,871.7564772752357,810.0000000000001,809.0,532.0,655289.9999999508,Steel C45,C45,classical,256,256,0.0,3,,C45_szkielkowane,area,Glass bead blasted,szkielkowane,simple
650.423875647529,201.86236291841112,304.0087497191734,814.0437509961354,252.25718011110456,380.88187998390504,7263.058897308397,1739.620230782732,2637.5771352498405,0.05,0.05,448.5615127291179,346.41512592835556,561.7865708850308,433.16187101223034,5523.438666525664,4625.481762058556,0.0,0.0,/Users/dawid/Library/Mobile Documents/com~apple~CloudDocs/Dokumenty/Publikacje własne/Manuscripts/Quantum_interference/data/C45_szkielkowane.sur,766.9810285349063,810.0000000000001,809.0,532.0,655289.9999999508,Steel C45,C45,quantum_like,256,256,0.0,3,,C45_szkielkowane,area,Glass bead blasted,szkielkowane,simple
165.718091185208,201.86236291841112,304.0087497191734,208.1851791470547,252.25718011110456,380.88187998390504,2055.114629047017,1739.620230782732,2637.5771352498405,0.05,0.05,-36.14427173320311,-138.29065853396543,-44.07200096404986,-172.69670083685034,315.49439826428505,-582.4625062028234,0.0,0.0,/Users/dawid/Library/Mobile Documents/com~apple~CloudDocs/Dokumenty/Publikacje własne/Manuscripts/Quantum_interference/data/C45_szkielkowane.sur,270.1872751587967,810.0000000000001,809.0,532.0,655289.9999999508,Steel C45,C45,hybrid,256,256,0.0,3,,C45_szkielkowane,area,Glass bead blasted,szkielkowane,simple
606.6486688740297,234.32438033986708,294.2677905732902,796.4058831546536,292.51105888481834,373.10076478927004,6461.866005758575,2256.4749962736864,4746.313267479542,0.05,0.05,372.32428853416263,312.3808783007395,503.8948242698353,423.3051183653835,4205.391009484889,1715.5527382790326,0.0,0.0,/Users/dawid/Library/Mobile Documents/com~apple~CloudDocs/Dokumenty/Publikacje własne/Manuscripts/Quantum_interference/data/C45_szlifowane.sur,827.0107364046723,810.0000000000001,809.0,532.0,655289.9999999508,Steel C45,C45,classical,256,256,0.0,0,,C45_szlifowane,area,Grinding,szlifowane,simple
536.5335864820245,234.32438033986708,294.2677905732902,672.6968297814303,292.51105888481834,373.10076478927004,6028.60369571983,2256.4749962736864,4746.313267479542,0.05,0.05,302.2092061421574,242.26579590873428,380.185770896612,299.5960649921603,3772.128699446144,1282.290428240288,0.0,0.0,/Users/dawid/Library/Mobile Documents/com~apple~CloudDocs/Dokumenty/Publikacje własne/Manuscripts/Quantum_interference/data/C45_szlifowane.sur,624.6638378509391,810.0000000000001,809.0,532.0,655289.9999999508,Steel C45,C45,quantum_like,256,256,0.0,0,,C45_szlifowane,area,Grinding,szlifowane,simple
181.61135906722737,234.32438033986708,294.2677905732902,225.45120731228678,292.51105888481834,373.10076478927004,1661.4278711889076,2256.4749962736864,4746.313267479542,0.05,0.05,-52.71302127263971,-112.65643150606283,-67.05985157253154,-147.64955747698326,-595.0471250847786,-3084.8853962906346,0.0,0.0,/Users/dawid/Library/Mobile Documents/com~apple~CloudDocs/Dokumenty/Publikacje własne/Manuscripts/Quantum_interference/data/C45_szlifowane.sur,240.67148518015279,810.0000000000001,809.0,532.0,655289.9999999508,Steel C45,C45,hybrid,256,256,0.0,0,,C45_szlifowane,area,Grinding,szlifowane,simple
611.4051580046786,234.32438033986708,294.2677905732902,797.4350397514066,292.51105888481834,373.10076478927004,6454.000100351613,2256.4749962736864,4746.313267479542,0.05,0.05,377.0807776648115,317.1373674313883,504.92398086658835,424.3342749621366,4197.525104077927,1707.6868328720707,0.0,0.0,/Users/dawid/Library/Mobile Documents/com~apple~CloudDocs/Dokumenty/Publikacje własne/Manuscripts/Quantum_interference/data/C45_szlifowane.sur,833.4724400733677,810.0000000000001,809.0,532.0,655289.9999999508,Steel C45,C45,classical,256,256,0.0,1,,C45_szlifowane,area,Grinding,szlifowane,simple
582.5736324625808,234.32438033986708,294.2677905732902,729.8866997871602,292.51105888481834,373.10076478927004,6093.805599377921,2256.4749962736864,4746.313267479542,0.05,0.05,348.24925212271376,288.3058418892906,437.3756409023418,356.7859349978901,3837.330603104234,1347.492331898378,0.0,0.0,/Users/dawid/Library/Mobile Documents/com~apple~CloudDocs/Dokumenty/Publikacje własne/Manuscripts/Quantum_interference/data/C45_szlifowane.sur,677.9822638747638,810.0000000000001,809.0,532.0,655289.9999999508,Steel C45,C45,quantum_like,256,256,0.0,1,,C45_szlifowane,area,Grinding,szlifowane,simple
195.02283593968548,234.32438033986708,294.2677905732902,240.89571067286366,292.51105888481834,373.10076478927004,1826.8722585412788,2256.4749962736864,4746.313267479542,0.05,0.05,-39.30154440018159,-99.2449546336047,-51.61534821195469,-132.20505411640642,-429.60273773240755,-2919.4410089382636,0.0,0.0,/Users/dawid/Library/Mobile Documents/com~apple~CloudDocs/Dokumenty/Publikacje własne/Manuscripts/Quantum_interference/data/C45_szlifowane.sur,244.86207845798796,810.0000000000001,809.0,532.0,655289.9999999508,Steel C45,C45,hybrid,256,256,0.0,1,,C45_szlifowane,area,Grinding,szlifowane,simple
614.7552501245937,234.32438033986708,294.2677905732902,809.3011676134572,292.51105888481834,373.10076478927004,6525.747149629392,2256.4749962736864,4746.313267479542,0.05,0.05,380.4308697847266,320.4874595513035,516.7901087286389,436.2004028241871,4269.272153355706,1779.4338821498495,0.0,0.0,/Users/dawid/Library/Mobile Documents/com~apple~CloudDocs/Dokumenty/Publikacje własne/Manuscripts/Quantum_interference/data/C45_szlifowane.sur,848.6290306025198,810.0000000000001,809.0,532.0,655289.9999999508,Steel C45,C45,classical,256,256,0.0,2,,C45_szlifowane,area,Grinding,szlifowane,simple
566.9340580280376,234.32438033986708,294.2677905732902,709.410524518083,292.51105888481834,373.10076478927004,6552.753485130861,2256.4749962736864,4746.313267479542,0.05,0.05,332.6096776881706,272.66626745474747,416.8994656332647,336.309759728813,4296.278488857174,1806.440217651318,0.0,0.0,/Users/dawid/Library/Mobile Documents/com~apple~CloudDocs/Dokumenty/Publikacje własne/Manuscripts/Quantum_interference/data/C45_szlifowane.sur,656.2638902202544,810.0000000000001,809.0,532.0,655289.9999999508,Steel C45,C45,quantum_like,256,256,0.0,2,,C45_szlifowane,area,Grinding,szlifowane,simple
196.88712410696115,234.32438033986708,294.2677905732902,244.19040112382217,292.51105888481834,373.10076478927004,1947.074775246944,2256.4749962736864,4746.313267479542,0.05,0.05,-37.437256232905916,-97.38066646632903,-48.320657760996156,-128.91036366544787,-309.4002210267423,-2799.238492232598,0.0,0.0,/Users/dawid/Library/Mobile Documents/com~apple~CloudDocs/Dokumenty/Publikacje własne/Manuscripts/Quantum_interference/data/C45_szlifowane.sur,242.32488276021687,810.0000000000001,809.0,532.0,655289.9999999508,Steel C45,C45,hybrid,256,256,0.0,2,,C45_szlifowane,area,Grinding,szlifowane,simple
614.8548360267234,234.32438033986708,294.2677905732902,790.912672980827,292.51105888481834,373.10076478927004,6213.710894408984,2256.4749962736864,4746.313267479542,0.05,0.05,380.5304556868564,320.5870454534333,498.40161409600876,417.811908191557,3957.2358981352977,1467.397626929442,0.0,0.0,/Users/dawid/Library/Mobile Documents/com~apple~CloudDocs/Dokumenty/Publikacje własne/Manuscripts/Quantum_interference/data/C45_szlifowane.sur,824.7459427280985,810.0000000000001,809.0,532.0,655289.9999999508,Steel C45,C45,classical,256,256,0.0,3,,C45_szlifowane,area,Grinding,szlifowane,simple
609.6099501246073,234.32438033986708,294.2677905732902,763.2958469328669,292.51105888481834,373.10076478927004,6380.363427492687,2256.4749962736864,4746.313267479542,0.05,0.05,375.28556978474023,315.3421595513171,470.78478804804854,390.1950821435968,4123.888431219001,1634.050160013145,0.0,0.0,/Users/dawid/Library/Mobile Documents/com~apple~CloudDocs/Dokumenty/Publikacje własne/Manuscripts/Quantum_interference/data/C45_szlifowane.sur,709.9774551929097,810.0000000000001,809.0,532.0,655289.9999999508,Steel C45,C45,quantum_like,256,256,0.0,3,,C45_szlifowane,area,Grinding,szlifowane,simple
201.96350599763474,234.32438033986708,294.2677905732902,251.72516019135406,292.51105888481834,373.10076478927004,1982.8293671567776,2256.4749962736864,4746.313267479542,0.05,0.05,-32.360874342232336,-92.30428457565544,-40.78589869346427,-121.37560459791598,-273.6456291169088,-2763.483900322765,0.0,0.0,/Users/dawid/Library/Mobile Documents/com~apple~CloudDocs/Dokumenty/Publikacje własne/Manuscripts/Quantum_interference/data/C45_szlifowane.sur,246.36333880880633,810.0000000000001,809.0,532.0,655289.9999999508,Steel C45,C45,hybrid,256,256,0.0,3,,C45_szlifowane,area,Grinding,szlifowane,simple
712.5256538742565,2732.958658307945,3227.486193601588,924.4912521746447,3775.7730527330605,4810.678022931261,8295.782262362001,91545.0493924157,102791.46656079737,0.05,0.05,-2020.4330044336884,-2514.9605397273317,-2851.281800558416,-3886.1867707566157,-83249.2671300537,-94495.68429843537,0.0,0.0,/Users/dawid/Library/Mobile Documents/com~apple~CloudDocs/Dokumenty/Publikacje własne/Manuscripts/Quantum_interference/data/C45_t_wyk.sur,3901.9306821504024,810.0000000000001,809.0,532.0,655289.9999999508,Steel C45,C45,classical,256,256,0.0,0,,C45_t_wyk,area,Turning (finishing),t_wyk,simple
3159.8952597452844,2732.958658307945,3227.486193601588,4333.213529138324,3775.7730527330605,4810.678022931261,101604.90638692146,91545.0493924157,102791.46656079737,0.05,0.05,426.9366014373394,-67.59093385630376,557.4404764052631,-477.4644937929371,10059.856994505762,-1186.5601738759117,0.0,0.0,/Users/dawid/Library/Mobile Documents/com~apple~CloudDocs/Dokumenty/Publikacje własne/Manuscripts/Quantum_interference/data/C45_t_wyk.sur,946.0393603090484,810.0000000000001,809.0,532.0,655289.9999999508,Steel C45,C45,quantum_like,256,256,0.0,0,,C45_t_wyk,area,Turning (finishing),t_wyk,simple
1906.9413339074024,2732.958658307945,3227.486193601588,2496.9821554444343,3775.7730527330605,4810.678022931261,32435.786630275237,91545.0493924157,102791.46656079737,0.05,0.05,-826.0173244005424,-1320.5448596941856,-1278.7908972886264,-2313.6958674868265,-59109.26276214046,-70355.67993052214,0.0,0.0,/Users/dawid/Library/Mobile Documents/com~apple~CloudDocs/Dokumenty/Publikacje własne/Manuscripts/Quantum_interference/data/C45_t_wyk.sur,2618.1165927859265,810.0000000000001,809.0,532.0,655289.9999999508,Steel C45,C45,hybrid,256,256,0.0,0,,C45_t_wyk,area,Turning (finishing),t_wyk,simple
714.4175326014562,2732.958658307945,3227.486193601588,932.0260540065797,3775.7730527330605,4810.678022931261,9895.174799226907,91545.0493924157,102791.46656079737,0.05,0.05,-2018.5411257064889,-2513.068661000132,-2843.746998726481,-3878.6519689246816,-81649.8745931888,-92896.29176157046,0.0,0.0,/Users/dawid/Library/Mobile Documents/com~apple~CloudDocs/Dokumenty/Publikacje własne/Manuscripts/Quantum_interference/data/C45_t_wyk.sur,3911.591557468746,810.0000000000001,809.0,532.0,655289.9999999508,Steel C45,C45,classical,256,256,0.0,1,,C45_t_wyk,area,Turning (finishing),t_wyk,simple
3027.3546329814385,2732.958658307945,3227.486193601588,4145.281303958316,3775.7730527330605,4810.678022931261,94576.72945841988,91545.0493924157,102791.46656079737,0.05,0.05,294.3959746734938,-200.13156062014937,369.5082512252561,-665.3967189729442,3031.6800660041804,-8214.737102377494,0.0,0.0,/Users/dawid/Library/Mobile Documents/com~apple~CloudDocs/Dokumenty/Publikacje własne/Manuscripts/Quantum_interference/data/C45_t_wyk.sur,795.8589582981267,810.0000000000001,809.0,532.0,655289.9999999508,Steel C45,C45,quantum_like,256,256,0.0,1,,C45_t_wyk,area,Turning (finishing),t_wyk,simple
1828.151984587891,2732.958658307945,3227.486193601588,2395.5659806592926,3775.7730527330605,4810.678022931261,31377.429297511204,91545.0493924157,102791.46656079737,0.05,0.05,-904.8066737200538,-1399.3342090136969,-1380.207072073768,-2415.112042271968,-60167.620094904494,-71414.03726328617,0.0,0.0,/Users/dawid/Library/Mobile Documents/com~apple~CloudDocs/Dokumenty/Publikacje własne/Manuscripts/Quantum_interference/data/C45_t_wyk.sur,2630.5306690344773,810.0000000000001,809.0,532.0,655289.9999999508,Steel C45,C45,hybrid,256,256,0.0,1,,C45_t_wyk,area,Turning (finishing),t_wyk,simple
695.9725228391154,2732.958658307945,3227.486193601588,904.285575096348,3775.7730527330605,4810.678022931261,7983.928463024916,91545.0493924157,102791.46656079737,0.05,0.05,-2036.9861354688294,-2531.5136707624724,-2871.4874776367124,-3906.3924478349127,-83561.12092939077,-94807.53809777246,0.0,0.0,/Users/dawid/Library/Mobile Documents/com~apple~CloudDocs/Dokumenty/Publikacje własne/Manuscripts/Quantum_interference/data/C45_t_wyk.sur,3898.444874785893,810.0000000000001,809.0,532.0,655289.9999999508,Steel C45,C45,classical,256,256,0.0,2,,C45_t_wyk,area,Turning (finishing),t_wyk,simple
2772.4529330451724,2732.958658307945,3227.486193601588,3803.848829934441,3775.7730527330605,4810.678022931261,88533.20612840093,91545.0493924157,102791.46656079737,0.05,0.05,39.49427473722739,-455.03326055641577,28.075777201380287,-1006.82919299682,-3011.8432640147703,-14258.260432396444,0.0,0.0,/Users/dawid/Library/Mobile Documents/com~apple~CloudDocs/Dokumenty/Publikacje własne/Manuscripts/Quantum_interference/data/C45_t_wyk.sur,702.7096164620525,810.0000000000001,809.0,532.0,655289.9999999508,Steel C45,C45,quantum_like,256,256,0.0,2,,C45_t_wyk,area,Turning (finishing),t_wyk,simple
1675.6437706229294,2732.958658307945,3227.486193601588,2192.9759149059664,3775.7730527330605,4810.678022931261,28733.275179065397,91545.0493924157,102791.46656079737,0.05,0.05,-1057.3148876850153,-1551.8424229786585,-1582.7971378270943,-2617.7021080252944,-62811.7742133503,-74058.19138173197,0.0,0.0,/Users/dawid/Library/Mobile Documents/com~apple~CloudDocs/Dokumenty/Publikacje własne/Manuscripts/Quantum_interference/data/C45_t_wyk.sur,2663.0217980923117,810.0000000000001,809.0,532.0,655289.9999999508,Steel C45,C45,hybrid,256,256,0.0,2,,C45_t_wyk,area,Turning (finishing),t_wyk,simple
706.5246594706575,2732.958658307945,3227.486193601588,916.5157436970107,3775.7730527330605,4810.678022931261,8474.329192636998,91545.0493924157,102791.46656079737,0.05,0.05,-2026.4339988372874,-2520.9615341309304,-2859.2573090360497,-3894.1622792342505,-83070.72019977869,-94317.13736816037,0.0,0.0,/Users/dawid/Library/Mobile Documents/com~apple~CloudDocs/Dokumenty/Publikacje własne/Manuscripts/Quantum_interference/data/C45_t_wyk.sur,3899.430569274717,810.0000000000001,809.0,532.0,655289.9999999508,Steel C45,C45,classical,256,256,0.0,3,,C45_t_wyk,area,Turning (finishing),t_wyk,simple
3026.949692636108,2732.958658307945,3227.486193601588,4151.465187951834,3775.7730527330605,4810.678022931261,95608.77244566822,91545.0493924157,102791.46656079737,0.05,0.05,293.9910343281634,-200.53650096547977,375.69213521877424,-659.212834979426,4063.723053252517,-7182.694115129157,0.0,0.0,/Users/dawid/Library/Mobile Documents/com~apple~CloudDocs/Dokumenty/Publikacje własne/Manuscripts/Quantum_interference/data/C45_t_wyk.sur,813.82034971934,810.0000000000001,809.0,532.0,655289.9999999508,Steel C45,C45,quantum_like,256,256,0.0,3,,C45_t_wyk,area,Turning (finishing),t_wyk,simple
1827.8943962495566,2732.958658307945,3227.486193601588,2394.6084745928874,3775.7730527330605,4810.678022931261,31368.16001750729,91545.0493924157,102791.46656079737,0.05,0.05,-905.0642620583883,-1399.5917973520316,-1381.164578140173,-2416.0695483383734,-60176.88937490841,-71423.30654329009,0.0,0.0,/Users/dawid/Library/Mobile Documents/com~apple~CloudDocs/Dokumenty/Publikacje własne/Manuscripts/Quantum_interference/data/C45_t_wyk.sur,2629.89246311329,810.0000000000001,809.0,532.0,655289.9999999508,Steel C45,C45,hybrid,256,256,0.0,3,,C45_t_wyk,area,Turning (finishing),t_wyk,simple
716.3589343703055,1234.8140560888633,1520.863677324698,935.3729181102722,1847.786756643374,2711.1025465307293,7261.274696864814,36468.104434120825,95448.76015739111,0.05,0.05,-518.4551217185577,-804.5047429543926,-912.4138385331019,-1775.7296284204572,-29206.829737256012,-88187.48546052628,0.0,0.0,/Users/dawid/Library/Mobile Documents/com~apple~CloudDocs/Dokumenty/Publikacje własne/Manuscripts/Quantum_interference/data/ELLOR_t_wyk.sur,2054.559348159916,810.0000000000001,809.0,532.0,655289.9999999508,Graphite,ELLOR,classical,256,256,0.0,0,,ELLOR_t_wyk,area,Turning (finishing),t_wyk,simple
1242.9654180370912,1234.8140560888633,1520.863677324698,1790.187701407724,1847.786756643374,2711.1025465307293,32920.94972131603,36468.104434120825,95448.76015739111,0.05,0.05,8.151361948228017,-277.8982592876067,-57.59905523565002,-920.9148451230052,-3547.1547128048014,-62527.81043607508,0.0,0.0,/Users/dawid/Library/Mobile Documents/com~apple~CloudDocs/Dokumenty/Publikacje własne/Manuscripts/Quantum_interference/data/ELLOR_t_wyk.sur,666.5830187364387,810.0000000000001,809.0,532.0,655289.9999999508,Graphite,ELLOR,quantum_like,256,256,0.0,0,,ELLOR_t_wyk,area,Turning (finishing),t_wyk,simple
609.6543404157751,1234.8140560888633,1520.863677324698,813.9198671131895,1847.786756643374,2711.1025465307293,11047.67539293307,36468.104434120825,95448.76015739111,0.05,0.05,-625.1597156730882,-911.209336908923,-1033.8668895301844,-1897.1826794175395,-25420.429041187756,-84401.08476445804,0.0,0.0,/Users/dawid/Library/Mobile Documents/com~apple~CloudDocs/Dokumenty/Publikacje własne/Manuscripts/Quantum_interference/data/ELLOR_t_wyk.sur,1433.7708179132765,810.0000000000001,809.0,532.0,655289.9999999508,Graphite,ELLOR,hybrid,256,256,0.0,0,,ELLOR_t_wyk,area,Turning (finishing),t_wyk,simple
706.306861413981,1234.8140560888633,1520.863677324698,912.8232560412234,1847.786756643374,2711.1025465307293,6919.466018603739,36468.104434120825,95448.76015739111,0.05,0.05,-528.5071946748823,-814.556815910717,-934.9635006021505,-1798.2792904895057,-29548.63841551709,-88529.29413878736,0.0,0.0,/Users/dawid/Library/Mobile Documents/com~apple~CloudDocs/Dokumenty/Publikacje własne/Manuscripts/Quantum_interference/data/ELLOR_t_wyk.sur,2046.793580587471,810.0000000000001,809.0,532.0,655289.9999999508,Graphite,ELLOR,classical,256,256,0.0,1,,ELLOR_t_wyk,area,Turning (finishing),t_wyk,simple
1597.4711859194254,1234.8140560888633,1520.863677324698,2278.809396419412,1847.786756643374,2711.1025465307293,41754.35231668686,36468.104434120825,95448.76015739111,0.05,0.05,362.65712983056216,76.6075085947274,431.0226397760381,-432.29315011131706,5286.247882566033,-53694.40784070425,0.0,0.0,/Users/dawid/Library/Mobile Documents/com~apple~CloudDocs/Dokumenty/Publikacje własne/Manuscripts/Quantum_interference/data/ELLOR_t_wyk.sur,859.9359596326392,810.0000000000001,809.0,532.0,655289.9999999508,Graphite,ELLOR,quantum_like,256,256,0.0,1,,ELLOR_t_wyk,area,Turning (finishing),t_wyk,simple
781.4768153781181,1234.8140560888633,1520.863677324698,1041.18735146226,1847.786756643374,2711.1025465307293,13308.278181210315,36468.104434120825,95448.76015739111,0.05,0.05,-453.33724071074516,-739.3868619465799,-806.599405181114,-1669.915195068469,-23159.826252910512,-82140.48197618079,0.0,0.0,/Users/dawid/Library/Mobile Documents/com~apple~CloudDocs/Dokumenty/Publikacje własne/Manuscripts/Quantum_interference/data/ELLOR_t_wyk.sur,1384.6889363183118,810.0000000000001,809.0,532.0,655289.9999999508,Graphite,ELLOR,hybrid,256,256,0.0,1,,ELLOR_t_wyk,area,Turning (finishing),t_wyk,simple
697.5719615344173,1234.8140560888633,1520.863677324698,906.4617176984216,1847.786756643374,2711.1025465307293,7528.03780149404,36468.104434120825,95448.76015739111,0.05,0.05,-537.242094554446,-823.2917157902807,-941.3250389449523,-1804.6408288323075,-28940.06663262679,-87920.72235589706,0.0,0.0,/Users/dawid/Library/Mobile Documents/com~apple~CloudDocs/Dokumenty/Publikacje własne/Manuscripts/Quantum_interference/data/ELLOR_t_wyk.sur,2035.9271391937048,810.0000000000001,809.0,532.0,655289.9999999508,Graphite,ELLOR,classical,256,256,0.0,2,,ELLOR_t_wyk,area,Turning (finishing),t_wyk,simple
1324.5026701262482,1234.8140560888633,1520.863677324698,1908.1333204342977,1847.786756643374,2711.1025465307293,37778.411159422525,36468.104434120825,95448.76015739111,0.05,0.05,89.68861403738481,-196.36100719844993,60.34656379092369,-802.9692260964315,1310.3067253016984,-57670.348997968584,0.0,0.0,/Users/dawid/Library/Mobile Documents/com~apple~CloudDocs/Dokumenty/Publikacje własne/Manuscripts/Quantum_interference/data/ELLOR_t_wyk.sur,716.932374882523,810.0000000000001,809.0,532.0,655289.9999999508,Graphite,ELLOR,quantum_like,256,256,0.0,2,,ELLOR_t_wyk,area,Turning (finishing),t_wyk,simple
641.7347344476146,1234.8140560888633,1520.863677324698,861.9500290660691,1847.786756643374,2711.1025465307293,11554.543170188146,36468.104434120825,95448.76015739111,0.05,0.05,-593.0793216412486,-879.1289428770834,-985.8367275773049,-1849.1525174646601,-24913.56126393268,-83894.21698720296,0.0,0.0,/Users/dawid/Library/Mobile Documents/com~apple~CloudDocs/Dokumenty/Publikacje własne/Manuscripts/Quantum_interference/data/ELLOR_t_wyk.sur,1420.9893975128925,810.0000000000001,809.0,532.0,655289.9999999508,Graphite,ELLOR,hybrid,256,256,0.0,2,,ELLOR_t_wyk,area,Turning (finishing),t_wyk,simple
707.4397626681093,1234.8140560888633,1520.863677324698,910.3681689301645,1847.786756643374,2711.1025465307293,6706.634842702858,36468.104434120825,95448.76015739111,0.05,0.05,-527.3742934207539,-813.4239146565886,-937.4185877132095,-1800.7343776005646,-29761.46959141797,-88742.12531468824,0.0,0.0,/Users/dawid/Library/Mobile Documents/com~apple~CloudDocs/Dokumenty/Publikacje własne/Manuscripts/Quantum_interference/data/ELLOR_t_wyk.sur,2053.1136139270216,810.0000000000001,809.0,532.0,655289.9999999508,Graphite,ELLOR,classical,256,256,0.0,3,,ELLOR_t_wyk,area,Turning (finishing),t_wyk,simple
1433.5062924266588,1234.8140560888633,1520.863677324698,2063.46818117848,1847.786756643374,2711.1025465307293,37783.20325509165,36468.104434120825,95448.76015739111,0.05,0.05,198.69223633779558,-87.35738489803914,215.68142453510592,-647.6343653522492,1315.0988209708191,-57665.55690229946,0.0,0.0,/Users/dawid/Library/Mobile Documents/com~apple~CloudDocs/Dokumenty/Publikacje własne/Manuscripts/Quantum_interference/data/ELLOR_t_wyk.sur,729.3868865984695,810.0000000000001,809.0,532.0,655289.9999999508,Graphite,ELLOR,quantum_like,256,256,0.0,3,,ELLOR_t_wyk,area,Turning (finishing),t_wyk,simple
705.0161798568907,1234.8140560888633,1520.863677324698,941.751515838772,1847.786756643374,2711.1025465307293,12296.404018860427,36468.104434120825,95448.76015739111,0.05,0.05,-529.7978762319725,-815.8474974678072,-906.035240804602,-1769.3510306919572,-24171.700415260402,-83152.35613853067,0.0,0.0,/Users/dawid/Library/Mobile Documents/com~apple~CloudDocs/Dokumenty/Publikacje własne/Manuscripts/Quantum_interference/data/ELLOR_t_wyk.sur,1400.8814801883002,810.0000000000001,809.0,532.0,655289.9999999508,Graphite,ELLOR,hybrid,256,256,0.0,3,,ELLOR_t_wyk,area,Turning (finishing),t_wyk,simple
539.1589525560531,164.77047735641173,182.7126111276782,703.0947774220175,327.645724642529,690.4123953098978,5662.757600616548,24322.604544626112,72932.940179508,0.05,0.05,374.3884751996414,356.4463414283749,375.44905277948857,12.682382112119782,-18659.846944009565,-67270.18257889146,0.0,0.0,/Users/dawid/Library/Mobile Documents/com~apple~CloudDocs/Dokumenty/Publikacje własne/Manuscripts/Quantum_interference/data/Graphite_oselkowane.sur,776.5439757339534,810.0000000000001,809.0,532.0,655289.9999999508,Graphite,Graphite,classical,256,256,0.0,0,,Graphite_oselkowane,area,Honed,oselkowane,simple
631.1948706650721,164.77047735641173,182.7126111276782,824.1197564293683,327.645724642529,690.4123953098978,25796.792617712934,24322.604544626112,72932.940179508,0.05,0.05,466.42439330866046,448.48225953739393,496.47403178683936,133.7073611194705,1474.1880730868213,-47136.14756179507,0.0,0.0,/Users/dawid/Library/Mobile Documents/com~apple~CloudDocs/Dokumenty/Publikacje własne/Manuscripts/Quantum_interference/data/Graphite_oselkowane.sur,745.5350873721308,810.0000000000001,809.0,532.0,655289.9999999508,Graphite,Graphite,quantum_like,256,256,0.0,0,,Graphite_oselkowane,area,Honed,oselkowane,simple
202.62542694459458,164.77047735641173,182.7126111276782,278.3133920001414,327.645724642529,690.4123953098978,6839.051004907143,24322.604544626112,72932.940179508,0.05,0.05,37.85494958818285,19.912815816916392,-49.332332642387584,-412.09900330975637,-17483.55353971897,-66093.88917460086,0.0,0.0,/Users/dawid/Library/Mobile Documents/com~apple~CloudDocs/Dokumenty/Publikacje własne/Manuscripts/Quantum_interference/data/Graphite_oselkowane.sur,262.09244331676706,810.0000000000001,809.0,532.0,655289.9999999508,Graphite,Graphite,hybrid,256,256,0.0,0,,Graphite_oselkowane,area,Honed,oselkowane,simple
535.9379815995911,164.77047735641173,182.7126111276782,694.8149514270197,327.645724642529,690.4123953098978,5656.553684098292,24322.604544626112,72932.940179508,0.05,0.05,371.16750424317945,353.2253704719129,367.16922678449066,4.40255611712186,-18666.05086052782,-67276.38649540972,0.0,0.0,/Users/dawid/Library/Mobile Documents/com~apple~CloudDocs/Dokumenty/Publikacje własne/Manuscripts/Quantum_interference/data/Graphite_oselkowane.sur,767.5582377900378,810.0000000000001,809.0,532.0,655289.9999999508,Graphite,Graphite,classical,256,256,0.0,1,,Graphite_oselkowane,area,Honed,oselkowane,simple
557.6217554385013,164.77047735641173,182.7126111276782,727.0620946541762,327.645724642529,690.4123953098978,24388.30000376311,24322.604544626112,72932.940179508,0.05,0.05,392.8512780820895,374.909144310823,399.4163700116473,36.649699344278524,65.6954591369989,-48544.6401757449,0.0,0.0,/Users/dawid/Library/Mobile Documents/com~apple~CloudDocs/Dokumenty/Publikacje własne/Manuscripts/Quantum_interference/data/Graphite_oselkowane.sur,664.2818371799498,810.0000000000001,809.0,532.0,655289.9999999508,Graphite,Graphite,quantum_like,256,256,0.0,1,,Graphite_oselkowane,area,Honed,oselkowane,simple
178.4914322773372,164.77047735641173,182.7126111276782,242.6779136197156,327.645724642529,690.4123953098978,6171.083445964844,24322.604544626112,72932.940179508,0.05,0.05,13.720954920925466,-4.221178850340987,-84.96781102281335,-447.7344816901821,-18151.52109866127,-66761.85673354316,0.0,0.0,/Users/dawid/Library/Mobile Documents/com~apple~CloudDocs/Dokumenty/Publikacje własne/Manuscripts/Quantum_interference/data/Graphite_oselkowane.sur,260.5671187422202,810.0000000000001,809.0,532.0,655289.9999999508,Graphite,Graphite,hybrid,256,256,0.0,1,,Graphite_oselkowane,area,Honed,oselkowane,simple
528.1295004259033,164.77047735641173,182.7126111276782,692.4196275445355,327.645724642529,690.4123953098978,5869.530648373212,24322.604544626112,72932.940179508,0.05,0.05,363.3590230694916,345.41688929822516,364.77390290200657,2.0072322346377818,-18453.0738962529,-67063.40953113479,0.0,0.0,/Users/dawid/Library/Mobile Documents/com~apple~CloudDocs/Dokumenty/Publikacje własne/Manuscripts/Quantum_interference/data/Graphite_oselkowane.sur,767.6255886442842,810.0000000000001,809.0,532.0,655289.9999999508,Graphite,Graphite,classical,256,256,0.0,2,,Graphite_oselkowane,area,Honed,oselkowane,simple
578.1351879606276,164.77047735641173,182.7126111276782,756.2408447343151,327.645724642529,690.4123953098978,25464.262401116317,24322.604544626112,72932.940179508,0.05,0.05,413.3647106042158,395.42257683294935,428.5951200917862,65.82844942441744,1141.6578564902043,-47468.677778391684,0.0,0.0,/Users/dawid/Library/Mobile Documents/com~apple~CloudDocs/Dokumenty/Publikacje własne/Manuscripts/Quantum_interference/data/Graphite_oselkowane.sur,683.4002330356143,810.0000000000001,809.0,532.0,655289.9999999508,Graphite,Graphite,quantum_like,256,256,0.0,2,,Graphite_oselkowane,area,Honed,oselkowane,simple
189.17540781459584,164.77047735641173,182.7126111276782,259.1664997242127,327.645724642529,690.4123953098978,6458.111579928596,24322.604544626112,72932.940179508,0.05,0.05,24.4049304581841,6.462796686917645,-68.47922491831625,-431.24589558568505,-17864.492964697514,-66474.82859957941,0.0,0.0,/Users/dawid/Library/Mobile Documents/com~apple~CloudDocs/Dokumenty/Publikacje własne/Manuscripts/Quantum_interference/data/Graphite_oselkowane.sur,259.4955023050678,810.0000000000001,809.0,532.0,655289.9999999508,Graphite,Graphite,hybrid,256,256,0.0,2,,Graphite_oselkowane,area,Honed,oselkowane,simple
549.785673195529,164.77047735641173,182.7126111276782,708.3438348932009,327.645724642529,690.4123953098978,5544.871003711931,24322.604544626112,72932.940179508,0.05,0.05,385.0151958391172,367.0730620678507,380.69811025067185,17.931439583303078,-18777.73354091418,-67388.06917579607,0.0,0.0,/Users/dawid/Library/Mobile Documents/com~apple~CloudDocs/Dokumenty/Publikacje własne/Manuscripts/Quantum_interference/data/Graphite_oselkowane.sur,782.4109789625826,810.0000000000001,809.0,532.0,655289.9999999508,Graphite,Graphite,classical,256,256,0.0,3,,Graphite_oselkowane,area,Honed,oselkowane,simple
489.7776012982221,164.77047735641173,182.7126111276782,637.6623293585714,327.645724642529,690.4123953098978,19411.99950762821,24322.604544626112,72932.940179508,0.05,0.05,325.0071239418104,307.06499017054387,310.0166047160424,-52.750065951326384,-4910.605036997901,-53520.94067187979,0.0,0.0,/Users/dawid/Library/Mobile Documents/com~apple~CloudDocs/Dokumenty/Publikacje własne/Manuscripts/Quantum_interference/data/Graphite_oselkowane.sur,584.0626718843715,810.0000000000001,809.0,532.0,655289.9999999508,Graphite,Graphite,quantum_like,256,256,0.0,3,,Graphite_oselkowane,area,Honed,oselkowane,simple
161.87174713530356,164.77047735641173,182.7126111276782,219.65950325413087,327.645724642529,690.4123953098978,4864.056513633082,24322.604544626112,72932.940179508,0.05,0.05,-2.898730221108162,-20.840863992374615,-107.98622138839809,-470.75289205576684,-19458.54803099303,-68068.88366587492,0.0,0.0,/Users/dawid/Library/Mobile Documents/com~apple~CloudDocs/Dokumenty/Publikacje własne/Manuscripts/Quantum_interference/data/Graphite_oselkowane.sur,257.59160041145793,810.0000000000001,809.0,532.0,655289.9999999508,Graphite,Graphite,hybrid,256,256,0.0,3,,Graphite_oselkowane,area,Honed,oselkowane,simple
694.2465338558059,3829.3307503464025,4108.088201239449,915.3620532118229,4832.412944308994,5287.391144681693,6814.665547946068,69264.72898160366,134314.12938102838,0.05,0.05,-3135.0842164905966,-3413.841667383643,-3917.0508910971716,-4372.02909146987,-62450.063433657604,-127499.46383308232,0.0,0.0,/Users/dawid/Library/Mobile Documents/com~apple~CloudDocs/Dokumenty/Publikacje własne/Manuscripts/Quantum_interference/data/Graphite_szkielkowane.sur,4901.5407631616235,810.0000000000001,809.0,532.0,655289.9999999508,Graphite,Graphite,classical,256,256,0.0,0,,Graphite_szkielkowane,area,Glass bead blasted,szkielkowane,simple
3892.6354659557596,3829.3307503464025,4108.088201239449,4914.154268811755,4832.412944308994,5287.391144681693,71130.43936373052,69264.72898160366,134314.12938102838,0.05,0.05,63.30471560935735,-215.45273528368918,81.74132450276062,-373.2368758699377,1865.7103821268445,-63183.69001729788,0.0,0.0,/Users/dawid/Library/Mobile Documents/com~apple~CloudDocs/Dokumenty/Publikacje własne/Manuscripts/Quantum_interference/data/Graphite_szkielkowane.sur,726.5508687933325,810.0000000000001,809.0,532.0,655289.9999999508,Graphite,Graphite,quantum_like,256,256,0.0,0,,Graphite_szkielkowane,area,Glass bead blasted,szkielkowane,simple
2641.0010671919085,3829.3307503464025,4108.088201239449,3364.474113163494,4832.412944308994,5287.391144681693,26009.81729266384,69264.72898160366,134314.12938102838,0.05,0.05,-1188.329683154494,-1467.0871340475405,-1467.9388311455002,-1922.9170315181987,-43254.911688939836,-108304.31208836455,0.0,0.0,/Users/dawid/Library/Mobile Documents/com~apple~CloudDocs/Dokumenty/Publikacje własne/Manuscripts/Quantum_interference/data/Graphite_szkielkowane.sur,2417.126091555824,810.0000000000001,809.0,532.0,655289.9999999508,Graphite,Graphite,hybrid,256,256,0.0,0,,Graphite_szkielkowane,area,Glass bead blasted,szkielkowane,simple
700.0753852491367,3829.3307503464025,4108.088201239449,921.4084566357288,4832.412944308994,5287.391144681693,7175.458759109215,69264.72898160366,134314.12938102838,0.05,0.05,-3129.2553650972654,-3408.012815990312,-3911.004487673265,-4365.982688045963,-62089.27022249445,-127138.67062191918,0.0,0.0,/Users/dawid/Library/Mobile Documents/com~apple~CloudDocs/Dokumenty/Publikacje własne/Manuscripts/Quantum_interference/data/Graphite_szkielkowane.sur,4896.81214642651,810.0000000000001,809.0,532.0,655289.9999999508,Graphite,Graphite,classical,256,256,0.0,1,,Graphite_szkielkowane,area,Glass bead blasted,szkielkowane,simple
4285.951083098219,3829.3307503464025,4108.088201239449,5409.4489131780065,4832.412944308994,5287.391144681693,75228.32488163169,69264.72898160366,134314.12938102838,0.05,0.05,456.62033275181676,177.86288185877024,577.0359688690123,122.05776849631405,5963.595900028023,-59085.8044993967,0.0,0.0,/Users/dawid/Library/Mobile Documents/com~apple~CloudDocs/Dokumenty/Publikacje własne/Manuscripts/Quantum_interference/data/Graphite_szkielkowane.sur,907.952669517573,810.0000000000001,809.0,532.0,655289.9999999508,Graphite,Graphite,quantum_like,256,256,0.0,1,,Graphite_szkielkowane,area,Glass bead blasted,szkielkowane,simple
2911.375037259156,3829.3307503464025,4108.088201239449,3708.381739699394,4832.412944308994,5287.391144681693,28123.299287013335,69264.72898160366,134314.12938102838,0.05,0.05,-917.9557130872462,-1196.7131639802928,-1124.0312046096,-1579.0094049822985,-41141.42969459034,-106190.83009401507,0.0,0.0,/Users/dawid/Library/Mobile Documents/com~apple~CloudDocs/Dokumenty/Publikacje własne/Manuscripts/Quantum_interference/data/Graphite_szkielkowane.sur,2307.1298450034506,810.0000000000001,809.0,532.0,655289.9999999508,Graphite,Graphite,hybrid,256,256,0.0,1,,Graphite_szkielkowane,area,Glass bead blasted,szkielkowane,simple
696.3504353744239,3829.3307503464025,4108.088201239449,899.6931126908707,4832.412944308994,5287.391144681693,6801.849167658927,69264.72898160366,134314.12938102838,0.05,0.05,-3132.9803149719787,-3411.7377658650253,-3932.7198316181234,-4387.698031990822,-62462.879813944746,-127512.28021336946,0.0,0.0,/Users/dawid/Library/Mobile Documents/com~apple~CloudDocs/Dokumenty/Publikacje własne/Manuscripts/Quantum_interference/data/Graphite_szkielkowane.sur,4888.132889389356,810.0000000000001,809.0,532.0,655289.9999999508,Graphite,Graphite,classical,256,256,0.0,2,,Graphite_szkielkowane,area,Glass bead blasted,szkielkowane,simple
3922.072662737966,3829.3307503464025,4108.088201239449,4958.873018206135,4832.412944308994,5287.391144681693,70162.45347389688,69264.72898160366,134314.12938102838,0.05,0.05,92.74191239156339,-186.01553850148315,126.46007389714075,-328.51812647555755,897.7244922932134,-64151.67590713151,0.0,0.0,/Users/dawid/Library/Mobile Documents/com~apple~CloudDocs/Dokumenty/Publikacje własne/Manuscripts/Quantum_interference/data/Graphite_szkielkowane.sur,684.1167853229632,810.0000000000001,809.0,532.0,655289.9999999508,Graphite,Graphite,quantum_like,256,256,0.0,2,,Graphite_szkielkowane,area,Glass bead blasted,szkielkowane,simple
2664.0052267178394,3829.3307503464025,4108.088201239449,3397.6245630402886,4832.412944308994,5287.391144681693,26101.015730635398,69264.72898160366,134314.12938102838,0.05,0.05,-1165.3255236285634,-1444.08297452161,-1434.788381268706,-1889.7665816414042,-43163.71325096828,-108213.113650393,0.0,0.0,/Users/dawid/Library/Mobile Documents/com~apple~CloudDocs/Dokumenty/Publikacje własne/Manuscripts/Quantum_interference/data/Graphite_szkielkowane.sur,2402.0893170868017,810.0000000000001,809.0,532.0,655289.9999999508,Graphite,Graphite,hybrid,256,256,0.0,2,,Graphite_szkielkowane,area,Glass bead blasted,szkielkowane,simple
689.4039806081985,3829.3307503464025,4108.088201239449,903.8323912819591,4832.412944308994,5287.391144681693,6559.473761691375,69264.72898160366,134314.12938102838,0.05,0.05,-3139.926769738204,-3418.6842206312504,-3928.5805530270354,-4383.558753399733,-62705.255219912295,-127754.65561933703,0.0,0.0,/Users/dawid/Library/Mobile Documents/com~apple~CloudDocs/Dokumenty/Publikacje własne/Manuscripts/Quantum_interference/data/Graphite_szkielkowane.sur,4899.868062851722,810.0000000000001,809.0,532.0,655289.9999999508,Graphite,Graphite,classical,256,256,0.0,3,,Graphite_szkielkowane,area,Glass bead blasted,szkielkowane,simple
3631.1547290041335,3829.3307503464025,4108.088201239449,4580.291440743764,4832.412944308994,5287.391144681693,65116.585971286906,69264.72898160366,134314.12938102838,0.05,0.05,-198.17602134226888,-476.9334722353154,-252.12150356523046,-707.0997039379288,-4148.143010316766,-69197.54340974148,0.0,0.0,/Users/dawid/Library/Mobile Documents/com~apple~CloudDocs/Dokumenty/Publikacje własne/Manuscripts/Quantum_interference/data/Graphite_szkielkowane.sur,723.404509006629,810.0000000000001,809.0,532.0,655289.9999999508,Graphite,Graphite,quantum_like,256,256,0.0,3,,Graphite_szkielkowane,area,Glass bead blasted,szkielkowane,simple
2465.1619508077447,3829.3307503464025,4108.088201239449,3138.3576413463807,4832.412944308994,5287.391144681693,24091.984764978097,69264.72898160366,134314.12938102838,0.05,0.05,-1364.1687995386578,-1642.9262504317044,-1694.0553029626135,-2149.0335033353117,-45172.74421662558,-110222.1446160503,0.0,0.0,/Users/dawid/Library/Mobile Documents/com~apple~CloudDocs/Dokumenty/Publikacje własne/Manuscripts/Quantum_interference/data/Graphite_szkielkowane.sur,2512.109466034146,810.0000000000001,809.0,532.0,655289.9999999508,Graphite,Graphite,hybrid,256,256,0.0,3,,Graphite_szkielkowane,area,Glass bead blasted,szkielkowane,simple
734.1815155258146,675.9230923447734,734.1358655009894,958.8853139467309,895.8246310633954,988.924907794223,8238.518041166246,21297.018942900188,31332.969758396513,0.05,0.05,58.258423181041216,0.0456500248251594,63.06068288333548,-30.03959384749212,-13058.500901733943,-23094.45171723027,0.0,0.0,/Users/dawid/Library/Mobile Documents/com~apple~CloudDocs/Dokumenty/Publikacje własne/Manuscripts/Quantum_interference/data/Graphite_szlifowane.sur,1344.068560089962,810.0000000000001,809.0,532.0,655289.9999999508,Graphite,Graphite,classical,256,256,0.0,0,,Graphite_szlifowane,area,Grinding,szlifowane,simple
923.2466590070472,675.9230923447734,734.1358655009894,1196.587929685158,895.8246310633954,988.924907794223,24499.89869576183,21297.018942900188,31332.969758396513,0.05,0.05,247.32356666227386,189.11079350605783,300.7632986217626,207.66302189093503,3202.8797528616387,-6833.071062634686,0.0,0.0,/Users/dawid/Library/Mobile Documents/com~apple~CloudDocs/Dokumenty/Publikacje własne/Manuscripts/Quantum_interference/data/Graphite_szlifowane.sur,728.2194093119613,810.0000000000001,809.0,532.0,655289.9999999508,Graphite,Graphite,quantum_like,256,256,0.0,0,,Graphite_szlifowane,area,Grinding,szlifowane,simple
639.9179837712145,675.9230923447734,734.1358655009894,810.2690406535418,895.8246310633954,988.924907794223,11050.278759589522,21297.018942900188,31332.969758396513,0.05,0.05,-36.00510857355889,-94.21788172977494,-85.55559040985365,-178.65586714068124,-10246.740183310667,-20282.690998806993,0.0,0.0,/Users/dawid/Library/Mobile Documents/com~apple~CloudDocs/Dokumenty/Publikacje własne/Manuscripts/Quantum_interference/data/Graphite_szlifowane.sur,433.7641695614844,810.0000000000001,809.0,532.0,655289.9999999508,Graphite,Graphite,hybrid,256,256,0.0,0,,Graphite_szlifowane,area,Grinding,szlifowane,simple
677.4696298439562,675.9230923447734,734.1358655009894,891.3753405004704,895.8246310633954,988.924907794223,7691.568871533132,21297.018942900188,31332.969758396513,0.05,0.05,1.546537499182822,-56.66623565703323,-4.44929056292495,-97.54956729375255,-13605.450071367059,-23641.400886863383,0.0,0.0,/Users/dawid/Library/Mobile Documents/com~apple~CloudDocs/Dokumenty/Publikacje własne/Manuscripts/Quantum_interference/data/Graphite_szlifowane.sur,1274.8542888435375,810.0000000000001,809.0,532.0,655289.9999999508,Graphite,Graphite,classical,256,256,0.0,1,,Graphite_szlifowane,area,Grinding,szlifowane,simple
911.6647778081385,675.9230923447734,734.1358655009894,1179.5506269104749,895.8246310633954,988.924907794223,21925.921992207295,21297.018942900188,31332.969758396513,0.05,0.05,235.7416854633651,177.52891230714903,283.72599584707945,190.62571911625182,628.9030493071074,-9407.047766189218,0.0,0.0,/Users/dawid/Library/Mobile Documents/com~apple~CloudDocs/Dokumenty/Publikacje własne/Manuscripts/Quantum_interference/data/Graphite_szlifowane.sur,723.9180986719617,810.0000000000001,809.0,532.0,655289.9999999508,Graphite,Graphite,quantum_like,256,256,0.0,1,,Graphite_szlifowane,area,Grinding,szlifowane,simple
628.634996681226,675.9230923447734,734.1358655009894,794.7007711839688,895.8246310633954,988.924907794223,10636.24883548691,21297.018942900188,31332.969758396513,0.05,0.05,-47.28809566354747,-105.50086881976353,-101.12385987942667,-194.22413661025428,-10660.77010741328,-20696.720922909604,0.0,0.0,/Users/dawid/Library/Mobile Documents/com~apple~CloudDocs/Dokumenty/Publikacje własne/Manuscripts/Quantum_interference/data/Graphite_szlifowane.sur,435.8382708493447,810.0000000000001,809.0,532.0,655289.9999999508,Graphite,Graphite,hybrid,256,256,0.0,1,,Graphite_szlifowane,area,Grinding,szlifowane,simple
696.5996753658367,675.9230923447734,734.1358655009894,914.5333787625717,895.8246310633954,988.924907794223,7768.555705215574,21297.018942900188,31332.969758396513,0.05,0.05,20.676583021063315,-37.53619013515274,18.708747699176353,-74.39152903165125,-13528.463237684617,-23564.414053180943,0.0,0.0,/Users/dawid/Library/Mobile Documents/com~apple~CloudDocs/Dokumenty/Publikacje własne/Manuscripts/Quantum_interference/data/Graphite_szlifowane.sur,1290.2259593327267,810.0000000000001,809.0,532.0,655289.9999999508,Graphite,Graphite,classical,256,256,0.0,2,,Graphite_szlifowane,area,Grinding,szlifowane,simple
909.5257722843991,675.9230923447734,734.1358655009894,1178.6371194837513,895.8246310633954,988.924907794223,21563.096563920633,21297.018942900188,31332.969758396513,0.05,0.05,233.60267993962566,175.38990678340963,282.81248842035603,189.71221168952843,266.0776210204447,-9769.87319447588,0.0,0.0,/Users/dawid/Library/Mobile Documents/com~apple~CloudDocs/Dokumenty/Publikacje własne/Manuscripts/Quantum_interference/data/Graphite_szlifowane.sur,720.5419036454316,810.0000000000001,809.0,532.0,655289.9999999508,Graphite,Graphite,quantum_like,256,256,0.0,2,,Graphite_szlifowane,area,Grinding,szlifowane,simple
627.0854879144497,675.9230923447734,734.1358655009894,794.4144615463399,895.8246310633954,988.924907794223,10740.560429891553,21297.018942900188,31332.969758396513,0.05,0.05,-48.83760443032376,-107.05037758653981,-101.41016951705552,-194.51044624788312,-10556.458513008636,-20592.40932850496,0.0,0.0,/Users/dawid/Library/Mobile Documents/com~apple~CloudDocs/Dokumenty/Publikacje własne/Manuscripts/Quantum_interference/data/Graphite_szlifowane.sur,433.4709377569673,810.0000000000001,809.0,532.0,655289.9999999508,Graphite,Graphite,hybrid,256,256,0.0,2,,Graphite_szlifowane,area,Grinding,szlifowane,simple
692.664417426308,675.9230923447734,734.1358655009894,912.7443687019659,895.8246310633954,988.924907794223,8034.641435641877,21297.018942900188,31332.969758396513,0.05,0.05,16.741325081534615,-41.47144807468144,16.91973763857043,-76.18053909225716,-13262.377507258312,-23298.328322754638,0.0,0.0,/Users/dawid/Library/Mobile Documents/com~apple~CloudDocs/Dokumenty/Publikacje własne/Manuscripts/Quantum_interference/data/Graphite_szlifowane.sur,1297.434692905591,810.0000000000001,809.0,532.0,655289.9999999508,Graphite,Graphite,classical,256,256,0.0,3,,Graphite_szlifowane,area,Grinding,szlifowane,simple
878.3273428025602,675.9230923447734,734.1358655009894,1138.6509907389882,895.8246310633954,988.924907794223,21868.18030593712,21297.018942900188,31332.969758396513,0.05,0.05,202.40425045778682,144.19147730157076,242.82635967559287,149.7260829447653,571.1613630369309,-9464.789452459394,0.0,0.0,/Users/dawid/Library/Mobile Documents/com~apple~CloudDocs/Dokumenty/Publikacje własne/Manuscripts/Quantum_interference/data/Graphite_szlifowane.sur,694.0561273985658,810.0000000000001,809.0,532.0,655289.9999999508,Graphite,Graphite,quantum_like,256,256,0.0,3,,Graphite_szlifowane,area,Grinding,szlifowane,simple
605.9206596708308,675.9230923447734,734.1358655009894,767.6335493235059,895.8246310633954,988.924907794223,10481.795389511835,21297.018942900188,31332.969758396513,0.05,0.05,-70.00243267394261,-128.21520583015865,-128.19108173988946,-221.29135847071706,-10815.223553388354,-20851.17436888468,0.0,0.0,/Users/dawid/Library/Mobile Documents/com~apple~CloudDocs/Dokumenty/Publikacje własne/Manuscripts/Quantum_interference/data/Graphite_szlifowane.sur,433.17252677924944,810.0000000000001,809.0,532.0,655289.9999999508,Graphite,Graphite,hybrid,256,256,0.0,3,,Graphite_szlifowane,area,Grinding,szlifowane,simple
0.36944585667518715,0.35947247736976634,0.38374216577089826,0.45708938573620017,0.4394336278553746,0.49961149964288243,5.680814362446639,6.1562334806096946,14.90811096860517,0.05,0.05,0.009973379305420813,-0.014296309095711104,0.01765575788082557,-0.04252211390668223,-0.47541911816305543,-9.22729660615853,0.0,0.0,/Users/dawid/Library/Mobile Documents/com~apple~CloudDocs/Dokumenty/Publikacje własne/Manuscripts/Quantum_interference/data/MO58A_t_wyk.sur,0.24001883150702777,810.0000000000001,809.0,532.0,655289.9999999508,Brass,MO58A,classical,256,256,0.0,0,,MO58A_t_wyk,area,Turning (finishing),t_wyk,simple
615.8045645502539,0.35947247736976634,0.38374216577089826,771.3944254607025,0.4394336278553746,0.49961149964288243,6186.794316642673,6.1562334806096946,14.90811096860517,0.05,0.05,615.4450920728842,615.420822384483,770.9549918328471,770.8948139610595,6180.638083162064,6171.886205674068,0.0,0.0,/Users/dawid/Library/Mobile Documents/com~apple~CloudDocs/Dokumenty/Publikacje własne/Manuscripts/Quantum_interference/data/MO58A_t_wyk.sur,771.3942173932544,810.0000000000001,809.0,532.0,655289.9999999508,Brass,MO58A,quantum_like,256,256,0.0,0,,MO58A_t_wyk,area,Turning (finishing),t_wyk,simple
107.82074079489631,0.35947247736976634,0.38374216577089826,165.60050290359675,0.4394336278553746,0.49961149964288243,1337.736814605523,6.1562334806096946,14.90811096860517,0.05,0.05,107.46126831752655,107.43699862912541,165.16106927574137,165.10089140395388,1331.5805811249134,1322.828703636918,0.0,0.0,/Users/dawid/Library/Mobile Documents/com~apple~CloudDocs/Dokumenty/Publikacje własne/Manuscripts/Quantum_interference/data/MO58A_t_wyk.sur,165.59711104868103,810.0000000000001,809.0,532.0,655289.9999999508,Brass,MO58A,hybrid,256,256,0.0,0,,MO58A_t_wyk,area,Turning (finishing),t_wyk,simple
0.39797839641610594,0.35947247736976634,0.38374216577089826,0.4914275706518035,0.4394336278553746,0.49961149964288243,6.377959842180345,6.1562334806096946,14.90811096860517,0.05,0.05,0.03850591904633962,0.014236230645207704,0.05199394279642889,-0.008183928991078913,0.2217263615706503,-8.530151126424824,0.0,0.0,/Users/dawid/Library/Mobile Documents/com~apple~CloudDocs/Dokumenty/Publikacje własne/Manuscripts/Quantum_interference/data/MO58A_t_wyk.sur,0.23529543293517918,810.0000000000001,809.0,532.0,655289.9999999508,Brass,MO58A,classical,256,256,0.0,1,,MO58A_t_wyk,area,Turning (finishing),t_wyk,simple
526.5854085748829,0.35947247736976634,0.38374216577089826,661.6442363694704,0.4394336278553746,0.49961149964288243,6001.067724412763,6.1562334806096946,14.90811096860517,0.05,0.05,526.2259360975131,526.2016664091119,661.204802741615,661.1446248698275,5994.911490932153,5986.159613444157,0.0,0.0,/Users/dawid/Library/Mobile Documents/com~apple~CloudDocs/Dokumenty/Publikacje własne/Manuscripts/Quantum_interference/data/MO58A_t_wyk.sur,661.645721427631,810.0000000000001,809.0,532.0,655289.9999999508,Brass,MO58A,quantum_like,256,256,0.0,1,,MO58A_t_wyk,area,Turning (finishing),t_wyk,simple
81.98713119858712,0.35947247736976634,0.38374216577089826,143.83958255281945,0.4394336278553746,0.49961149964288243,1070.6007440491148,6.1562334806096946,14.90811096860517,0.05,0.05,81.62765872121734,81.60338903281621,143.4001489249641,143.33997105317658,1064.4445105685052,1055.6926330805097,0.0,0.0,/Users/dawid/Library/Mobile Documents/com~apple~CloudDocs/Dokumenty/Publikacje własne/Manuscripts/Quantum_interference/data/MO58A_t_wyk.sur,143.8411352618517,810.0000000000001,809.0,532.0,655289.9999999508,Brass,MO58A,hybrid,256,256,0.0,1,,MO58A_t_wyk,area,Turning (finishing),t_wyk,simple
0.4214564748993276,0.35947247736976634,0.38374216577089826,0.521050572195658,0.4394336278553746,0.49961149964288243,6.780328754663527,6.1562334806096946,14.90811096860517,0.05,0.05,0.06198399752956126,0.037714309128429345,0.08161694434028341,0.021439072552775607,0.6240952740538332,-8.127782213941641,0.0,0.0,/Users/dawid/Library/Mobile Documents/com~apple~CloudDocs/Dokumenty/Publikacje własne/Manuscripts/Quantum_interference/data/MO58A_t_wyk.sur,0.25974462807460824,810.0000000000001,809.0,532.0,655289.9999999508,Brass,MO58A,classical,256,256,0.0,2,,MO58A_t_wyk,area,Turning (finishing),t_wyk,simple
555.4687059555372,0.35947247736976634,0.38374216577089826,697.6866154965983,0.4394336278553746,0.49961149964288243,6425.459915801251,6.1562334806096946,14.90811096860517,0.05,0.05,555.1092334781675,555.0849637897663,697.2471818687429,697.1870039969554,6419.303682320641,6410.551804832646,0.0,0.0,/Users/dawid/Library/Mobile Documents/com~apple~CloudDocs/Dokumenty/Publikacje własne/Manuscripts/Quantum_interference/data/MO58A_t_wyk.sur,697.6855740266072,810.0000000000001,809.0,532.0,655289.9999999508,Brass,MO58A,quantum_like,256,256,0.0,2,,MO58A_t_wyk,area,Turning (finishing),t_wyk,simple
115.79479774784721,0.35947247736976634,0.38374216577089826,152.37961347801374,0.4394336278553746,0.49961149964288243,1080.6575527893738,6.1562334806096946,14.90811096860517,0.05,0.05,115.43532527047743,115.4110555820763,151.9401798501584,151.88000197837087,1074.501319308764,1065.7494418207687,0.0,0.0,/Users/dawid/Library/Mobile Documents/com~apple~CloudDocs/Dokumenty/Publikacje własne/Manuscripts/Quantum_interference/data/MO58A_t_wyk.sur,152.37305183584587,810.0000000000001,809.0,532.0,655289.9999999508,Brass,MO58A,hybrid,256,256,0.0,2,,MO58A_t_wyk,area,Turning (finishing),t_wyk,simple
0.44619440195532806,0.35947247736976634,0.38374216577089826,0.55243192316987,0.4394336278553746,0.49961149964288243,6.751725051855866,6.1562334806096946,14.90811096860517,0.05,0.05,0.08672192458556172,0.06245223618442979,0.11299829531449544,0.05282042352698764,0.5954915712461714,-8.156385916749304,0.0,0.0,/Users/dawid/Library/Mobile Documents/com~apple~CloudDocs/Dokumenty/Publikacje własne/Manuscripts/Quantum_interference/data/MO58A_t_wyk.sur,0.2797037495479109,810.0000000000001,809.0,532.0,655289.9999999508,Brass,MO58A,classical,256,256,0.0,3,,MO58A_t_wyk,area,Turning (finishing),t_wyk,simple
620.0957511991406,0.35947247736976634,0.38374216577089826,776.9328718520433,0.4394336278553746,0.49961149964288243,6920.52858732032,6.1562334806096946,14.90811096860517,0.05,0.05,619.7362787217709,619.7120090333698,776.4934382241879,776.4332603524003,6914.372353839711,6905.620476351715,0.0,0.0,/Users/dawid/Library/Mobile Documents/com~apple~CloudDocs/Dokumenty/Publikacje własne/Manuscripts/Quantum_interference/data/MO58A_t_wyk.sur,776.9334446488045,810.0000000000001,809.0,532.0,655289.9999999508,Brass,MO58A,quantum_like,256,256,0.0,3,,MO58A_t_wyk,area,Turning (finishing),t_wyk,simple
150.7955163442387,0.35947247736976634,0.38374216577089826,165.07686233094165,0.4394336278553746,0.49961149964288243,1331.4195084543617,6.1562334806096946,14.90811096860517,0.05,0.05,150.43604386686894,150.41177417846782,164.63742870308627,164.57725083129876,1325.263274973752,1316.5113974857566,0.0,0.0,/Users/dawid/Library/Mobile Documents/com~apple~CloudDocs/Dokumenty/Publikacje własne/Manuscripts/Quantum_interference/data/MO58A_t_wyk.sur,165.07520174626708,810.0000000000001,809.0,532.0,655289.9999999508,Brass,MO58A,hybrid,256,256,0.0,3,,MO58A_t_wyk,area,Turning (finishing),t_wyk,simple
736.8158210625642,688.6196300447552,792.9141407912094,953.0943686121418,904.1179706233471,1032.4920184592152,8944.357256120538,9300.9527165155,23497.55744491682,0.05,0.05,48.19619101780894,-56.09831972864529,48.97639798879472,-79.39764984707337,-356.5954603949623,-14553.200188796283,0.0,0.0,/Users/dawid/Library/Mobile Documents/com~apple~CloudDocs/Dokumenty/Publikacje własne/Manuscripts/Quantum_interference/data/Mosiadz_oselkowane.sur,1243.8879937909767,810.0000000000001,809.0,532.0,655289.9999999508,Brass,Mosiadz,classical,256,256,0.0,0,,Mosiadz_oselkowane,area,Honed,oselkowane,simple
1020.7905210198353,688.6196300447552,792.9141407912094,1314.3668439908352,904.1179706233471,1032.4920184592152,12842.3721877872,9300.9527165155,23497.55744491682,0.05,0.05,332.17089097508,227.87638022862578,410.24887336748805,281.87482553161993,3541.419471271698,-10655.185257129622,0.0,0.0,/Users/dawid/Library/Mobile Documents/com~apple~CloudDocs/Dokumenty/Publikacje własne/Manuscripts/Quantum_interference/data/Mosiadz_oselkowane.sur,820.5872453470994,810.0000000000001,809.0,532.0,655289.9999999508,Brass,Mosiadz,quantum_like,256,256,0.0,0,,Mosiadz_oselkowane,area,Honed,oselkowane,simple
440.60415024029294,688.6196300447552,792.9141407912094,603.4958013183162,904.1179706233471,1032.4920184592152,5222.536535507024,9300.9527165155,23497.55744491682,0.05,0.05,-248.01547980446227,-352.3099905509165,-300.62216930503087,-428.9962171408989,-4078.416181008476,-18275.020909409795,0.0,0.0,/Users/dawid/Library/Mobile Documents/com~apple~CloudDocs/Dokumenty/Publikacje własne/Manuscripts/Quantum_interference/data/Mosiadz_oselkowane.sur,657.3536042298513,810.0000000000001,809.0,532.0,655289.9999999508,Brass,Mosiadz,hybrid,256,256,0.0,0,,Mosiadz_oselkowane,area,Honed,oselkowane,simple
727.8362889290945,688.6196300447552,792.9141407912094,940.179598721228,904.1179706233471,1032.4920184592152,8575.491615875768,9300.9527165155,23497.55744491682,0.05,0.05,39.216658884339296,-65.07785186211494,36.0616280978809,-92.3124197379872,-725.4611006397334,-14922.065829041054,0.0,0.0,/Users/dawid/Library/Mobile Documents/com~apple~CloudDocs/Dokumenty/Publikacje własne/Manuscripts/Quantum_interference/data/Mosiadz_oselkowane.sur,1236.3218841290736,810.0000000000001,809.0,532.0,655289.9999999508,Brass,Mosiadz,classical,256,256,0.0,1,,Mosiadz_oselkowane,area,Honed,oselkowane,simple
814.9822725524355,688.6196300447552,792.9141407912094,1046.0825915078015,904.1179706233471,1032.4920184592152,9907.913738466792,9300.9527165155,23497.55744491682,0.05,0.05,126.36264250768029,22.068131761226056,141.9646208844543,13.590573048586199,606.961021951292,-13589.64370645003,0.0,0.0,/Users/dawid/Library/Mobile Documents/com~apple~CloudDocs/Dokumenty/Publikacje własne/Manuscripts/Quantum_interference/data/Mosiadz_oselkowane.sur,666.8431017489813,810.0000000000001,809.0,532.0,655289.9999999508,Brass,Mosiadz,quantum_like,256,256,0.0,1,,Mosiadz_oselkowane,area,Honed,oselkowane,simple
343.4126387242605,688.6196300447552,792.9141407912094,472.38427859950946,904.1179706233471,1032.4920184592152,4246.0489874602845,9300.9527165155,23497.55744491682,0.05,0.05,-345.2069913204947,-449.50150206694894,-431.7336920238377,-560.1077398597058,-5054.903729055216,-19251.508457456537,0.0,0.0,/Users/dawid/Library/Mobile Documents/com~apple~CloudDocs/Dokumenty/Publikacje własne/Manuscripts/Quantum_interference/data/Mosiadz_oselkowane.sur,676.8135876554172,810.0000000000001,809.0,532.0,655289.9999999508,Brass,Mosiadz,hybrid,256,256,0.0,1,,Mosiadz_oselkowane,area,Honed,oselkowane,simple
740.2501029037678,688.6196300447552,792.9141407912094,953.8737556458024,904.1179706233471,1032.4920184592152,9240.605974349413,9300.9527165155,23497.55744491682,0.05,0.05,51.6304728590126,-52.66403788744164,49.755785022455214,-78.61826281341288,-60.34674216608666,-14256.951470567408,0.0,0.0,/Users/dawid/Library/Mobile Documents/com~apple~CloudDocs/Dokumenty/Publikacje własne/Manuscripts/Quantum_interference/data/Mosiadz_oselkowane.sur,1260.1344242136943,810.0000000000001,809.0,532.0,655289.9999999508,Brass,Mosiadz,classical,256,256,0.0,2,,Mosiadz_oselkowane,area,Honed,oselkowane,simple
864.5838266224778,688.6196300447552,792.9141407912094,1112.2218875129238,904.1179706233471,1032.4920184592152,10948.74265513823,9300.9527165155,23497.55744491682,0.05,0.05,175.96419657772256,71.66968583126831,208.10391688957665,79.72986905370854,1647.7899386227296,-12548.814789778591,0.0,0.0,/Users/dawid/Library/Mobile Documents/com~apple~CloudDocs/Dokumenty/Publikacje własne/Manuscripts/Quantum_interference/data/Mosiadz_oselkowane.sur,689.966626003596,810.0000000000001,809.0,532.0,655289.9999999508,Brass,Mosiadz,quantum_like,256,256,0.0,2,,Mosiadz_oselkowane,area,Honed,oselkowane,simple
366.98844897079766,688.6196300447552,792.9141407912094,505.1915579342724,904.1179706233471,1032.4920184592152,4348.78743733091,9300.9527165155,23497.55744491682,0.05,0.05,-321.6311810739576,-425.9256918204118,-398.92641268907477,-527.3004605249429,-4952.165279184591,-19148.77000758591,0.0,0.0,/Users/dawid/Library/Mobile Documents/com~apple~CloudDocs/Dokumenty/Publikacje własne/Manuscripts/Quantum_interference/data/Mosiadz_oselkowane.sur,668.3600440523,810.0000000000001,809.0,532.0,655289.9999999508,Brass,Mosiadz,hybrid,256,256,0.0,2,,Mosiadz_oselkowane,area,Honed,oselkowane,simple
744.2181431922621,688.6196300447552,792.9141407912094,967.3280305676261,904.1179706233471,1032.4920184592152,9128.301979277248,9300.9527165155,23497.55744491682,0.05,0.05,55.59851314750692,-48.69599759894731,63.210059944278946,-65.16398789158914,-172.65073723825213,-14369.255465639573,0.0,0.0,/Users/dawid/Library/Mobile Documents/com~apple~CloudDocs/Dokumenty/Publikacje własne/Manuscripts/Quantum_interference/data/Mosiadz_oselkowane.sur,1275.7996911751657,810.0000000000001,809.0,532.0,655289.9999999508,Brass,Mosiadz,classical,256,256,0.0,3,,Mosiadz_oselkowane,area,Honed,oselkowane,simple
874.3244370742069,688.6196300447552,792.9141407912094,1123.5916713438407,904.1179706233471,1032.4920184592152,9742.72128591341,9300.9527165155,23497.55744491682,0.05,0.05,185.7048070294517,81.41029628299746,219.4737007204937,91.09965288462561,441.76856939790935,-13754.836159003411,0.0,0.0,/Users/dawid/Library/Mobile Documents/com~apple~CloudDocs/Dokumenty/Publikacje własne/Manuscripts/Quantum_interference/data/Mosiadz_oselkowane.sur,699.1074588859638,810.0000000000001,809.0,532.0,655289.9999999508,Brass,Mosiadz,quantum_like,256,256,0.0,3,,Mosiadz_oselkowane,area,Honed,oselkowane,simple
370.7902868684319,688.6196300447552,792.9141407912094,510.2306950386322,904.1179706233471,1032.4920184592152,4574.557811359844,9300.9527165155,23497.55744491682,0.05,0.05,-317.82934317632333,-422.1238539227776,-393.8872755847149,-522.261323420583,-4726.3949051556565,-18922.999633556978,0.0,0.0,/Users/dawid/Library/Mobile Documents/com~apple~CloudDocs/Dokumenty/Publikacje własne/Manuscripts/Quantum_interference/data/Mosiadz_oselkowane.sur,667.8999175940419,810.0000000000001,809.0,532.0,655289.9999999508,Brass,Mosiadz,hybrid,256,256,0.0,3,,Mosiadz_oselkowane,area,Honed,oselkowane,simple
765.6188996566549,1960.2922291845982,2155.756816476956,1013.8570953752371,2463.686862640799,2802.067527088578,9020.862722104523,25506.974684978308,82025.36716815887,0.05,0.05,-1194.6733295279435,-1390.1379168203011,-1449.8297672655617,-1788.2104317133408,-16486.111962873783,-73004.50444605436,0.0,0.0,/Users/dawid/Library/Mobile Documents/com~apple~CloudDocs/Dokumenty/Publikacje własne/Manuscripts/Quantum_interference/data/Mosiadz_szkielkowane.sur,2628.2699142385777,810.0000000000001,809.0,532.0,655289.9999999508,Brass,Mosiadz,classical,256,256,0.0,0,,Mosiadz_szkielkowane,area,Glass bead blasted,szkielkowane,simple
2050.8041976302147,1960.2922291845982,2155.756816476956,2582.3635965246867,2463.686862640799,2802.067527088578,26366.05192027085,25506.974684978308,82025.36716815887,0.05,0.05,90.51196844561643,-104.95261884674127,118.67673388388778,-219.70393056389128,859.0772352925428,-55659.31524788803,0.0,0.0,/Users/dawid/Library/Mobile Documents/com~apple~CloudDocs/Dokumenty/Publikacje własne/Manuscripts/Quantum_interference/data/Mosiadz_szkielkowane.sur,715.9639190235296,810.0000000000001,809.0,532.0,655289.9999999508,Brass,Mosiadz,quantum_like,256,256,0.0,0,,Mosiadz_szkielkowane,area,Glass bead blasted,szkielkowane,simple
749.4674979310913,1960.2922291845982,2155.756816476956,924.4544490149322,2463.686862640799,2802.067527088578,7420.34996870337,25506.974684978308,82025.36716815887,0.05,0.05,-1210.824731253507,-1406.2893185458647,-1539.2324136258667,-1877.6130780736457,-18086.624716274935,-74605.0171994555,0.0,0.0,/Users/dawid/Library/Mobile Documents/com~apple~CloudDocs/Dokumenty/Publikacje własne/Manuscripts/Quantum_interference/data/Mosiadz_szkielkowane.sur,1998.4666969938817,810.0000000000001,809.0,532.0,655289.9999999508,Brass,Mosiadz,hybrid,256,256,0.0,0,,Mosiadz_szkielkowane,area,Glass bead blasted,szkielkowane,simple
796.2251834177057,1960.2922291845982,2155.756816476956,1036.2013963288935,2463.686862640799,2802.067527088578,7882.076354766087,25506.974684978308,82025.36716815887,0.05,0.05,-1164.0670457668925,-1359.5316330592502,-1427.4854663119054,-1765.8661307596844,-17624.898330212218,-74143.29081339278,0.0,0.0,/Users/dawid/Library/Mobile Documents/com~apple~CloudDocs/Dokumenty/Publikacje własne/Manuscripts/Quantum_interference/data/Mosiadz_szkielkowane.sur,2619.1683539715023,810.0000000000001,809.0,532.0,655289.9999999508,Brass,Mosiadz,classical,256,256,0.0,1,,Mosiadz_szkielkowane,area,Glass bead blasted,szkielkowane,simple
1571.1249470484368,1960.2922291845982,2155.756816476956,1978.8286857457233,2463.686862640799,2802.067527088578,20194.466707282856,25506.974684978308,82025.36716815887,0.05,0.05,-389.16728213616153,-584.6318694285193,-484.85817689507553,-823.2388413428546,-5312.50797769545,-61830.90046087602,0.0,0.0,/Users/dawid/Library/Mobile Documents/com~apple~CloudDocs/Dokumenty/Publikacje własne/Manuscripts/Quantum_interference/data/Mosiadz_szkielkowane.sur,798.4001082293396,810.0000000000001,809.0,532.0,655289.9999999508,Brass,Mosiadz,quantum_like,256,256,0.0,1,,Mosiadz_szkielkowane,area,Glass bead blasted,szkielkowane,simple
576.1142476181981,1960.2922291845982,2155.756816476956,710.0715461977912,2463.686862640799,2802.067527088578,6096.549941515032,25506.974684978308,82025.36716815887,0.05,0.05,-1384.1779815664001,-1579.6425688587578,-1753.6153164430077,-2091.9959808907865,-19410.424743463274,-75928.81722664385,0.0,0.0,/Users/dawid/Library/Mobile Documents/com~apple~CloudDocs/Dokumenty/Publikacje własne/Manuscripts/Quantum_interference/data/Mosiadz_szkielkowane.sur,2082.645700551764,810.0000000000001,809.0,532.0,655289.9999999508,Brass,Mosiadz,hybrid,256,256,0.0,1,,Mosiadz_szkielkowane,area,Glass bead blasted,szkielkowane,simple
766.3180691587304,1960.2922291845982,2155.756816476956,1019.4081958058097,2463.686862640799,2802.067527088578,8139.560819308624,25506.974684978308,82025.36716815887,0.05,0.05,-1193.974160025868,-1389.4387473182258,-1444.2786668349893,-1782.6593312827683,-17367.41386566968,-73885.80634885025,0.0,0.0,/Users/dawid/Library/Mobile Documents/com~apple~CloudDocs/Dokumenty/Publikacje własne/Manuscripts/Quantum_interference/data/Mosiadz_szkielkowane.sur,2620.093933935518,810.0000000000001,809.0,532.0,655289.9999999508,Brass,Mosiadz,classical,256,256,0.0,2,,Mosiadz_szkielkowane,area,Glass bead blasted,szkielkowane,simple
2302.9770556281537,1960.2922291845982,2155.756816476956,2905.44085229836,2463.686862640799,2802.067527088578,29314.657777776247,25506.974684978308,82025.36716815887,0.05,0.05,342.6848264435555,147.2202391511978,441.753989657561,103.37332520978195,3807.683092797942,-52710.709390382624,0.0,0.0,/Users/dawid/Library/Mobile Documents/com~apple~CloudDocs/Dokumenty/Publikacje własne/Manuscripts/Quantum_interference/data/Mosiadz_szkielkowane.sur,871.190813740554,810.0000000000001,809.0,532.0,655289.9999999508,Brass,Mosiadz,quantum_like,256,256,0.0,2,,Mosiadz_szkielkowane,area,Glass bead blasted,szkielkowane,simple
841.882300107092,1960.2922291845982,2155.756816476956,1038.9040443587696,2463.686862640799,2802.067527088578,8223.876183265758,25506.974684978308,82025.36716815887,0.05,0.05,-1118.4099290775064,-1313.874516369864,-1424.7828182820292,-1763.1634827298083,-17283.09850171255,-73801.49098489311,0.0,0.0,/Users/dawid/Library/Mobile Documents/com~apple~CloudDocs/Dokumenty/Publikacje własne/Manuscripts/Quantum_interference/data/Mosiadz_szkielkowane.sur,1963.4548460391666,810.0000000000001,809.0,532.0,655289.9999999508,Brass,Mosiadz,hybrid,256,256,0.0,2,,Mosiadz_szkielkowane,area,Glass bead blasted,szkielkowane,simple
751.8552772459138,1960.2922291845982,2155.756816476956,992.9930689219532,2463.686862640799,2802.067527088578,8059.289195907466,25506.974684978308,82025.36716815887,0.05,0.05,-1208.4369519386844,-1403.9015392310423,-1470.6937937188457,-1809.0744581666247,-17447.68548907084,-73966.07797225141,0.0,0.0,/Users/dawid/Library/Mobile Documents/com~apple~CloudDocs/Dokumenty/Publikacje własne/Manuscripts/Quantum_interference/data/Mosiadz_szkielkowane.sur,2604.293206070068,810.0000000000001,809.0,532.0,655289.9999999508,Brass,Mosiadz,classical,256,256,0.0,3,,Mosiadz_szkielkowane,area,Glass bead blasted,szkielkowane,simple
2129.3606219415547,1960.2922291845982,2155.756816476956,2684.9476502489088,2463.686862640799,2802.067527088578,27431.422344473245,25506.974684978308,82025.36716815887,0.05,0.05,169.0683927569564,-26.396194535401303,221.26078760811,-117.11987683966906,1924.44765949494,-54593.944823685626,0.0,0.0,/Users/dawid/Library/Mobile Documents/com~apple~CloudDocs/Dokumenty/Publikacje własne/Manuscripts/Quantum_interference/data/Mosiadz_szkielkowane.sur,760.1829990256,810.0000000000001,809.0,532.0,655289.9999999508,Brass,Mosiadz,quantum_like,256,256,0.0,3,,Mosiadz_szkielkowane,area,Glass bead blasted,szkielkowane,simple
779.0369943237503,1960.2922291845982,2155.756816476956,959.1819126832493,2463.686862640799,2802.067527088578,7723.268634505394,25506.974684978308,82025.36716815887,0.05,0.05,-1181.255234860848,-1376.7198221532058,-1504.5049499575496,-1842.8856144053286,-17783.706050472912,-74302.09853365348,0.0,0.0,/Users/dawid/Library/Mobile Documents/com~apple~CloudDocs/Dokumenty/Publikacje własne/Manuscripts/Quantum_interference/data/Mosiadz_szkielkowane.sur,1987.7897197292923,810.0000000000001,809.0,532.0,655289.9999999508,Brass,Mosiadz,hybrid,256,256,0.0,3,,Mosiadz_szkielkowane,area,Glass bead blasted,szkielkowane,simple
651.4288897950865,147625.37736720787,169535.81421614034,855.2525323290655,179484.55133750872,204695.70044101938,7055.710994125294,1012664.1213782984,1248162.7352467102,0.05,0.05,-146973.9484774128,-168884.38532634528,-178629.29880517963,-203840.44790869032,-1005608.4103841732,-1241107.024252585,0.0,0.0,/Users/dawid/Library/Mobile Documents/com~apple~CloudDocs/Dokumenty/Publikacje własne/Manuscripts/Quantum_interference/data/Mosiadz_szlifowane.sur,179488.2536150495,810.0000000000001,809.0,532.0,655289.9999999508,Brass,Mosiadz,classical,256,256,0.0,0,,Mosiadz_szlifowane,area,Grinding,szlifowane,simple
473933.37243754975,147625.37736720787,169535.81421614034,593743.592200619,179484.55133750872,204695.70044101938,4038643.82258987,1012664.1213782984,1248162.7352467102,0.05,0.05,326307.9950703419,304397.5582214094,414259.04086311033,389047.8917595997,3025979.7012115717,2790481.0873431596,0.0,0.0,/Users/dawid/Library/Mobile Documents/com~apple~CloudDocs/Dokumenty/Publikacje własne/Manuscripts/Quantum_interference/data/Mosiadz_szlifowane.sur,574708.2018290609,810.0000000000001,809.0,532.0,655289.9999999508,Brass,Mosiadz,quantum_like,256,256,0.0,0,,Mosiadz_szlifowane,area,Grinding,szlifowane,simple
396771.13713857456,147625.37736720787,169535.81421614034,495664.26043542847,179484.55133750872,204695.70044101938,2572704.328838303,1012664.1213782984,1248162.7352467102,0.05,0.05,249145.7597713667,227235.32292243422,316179.7090979198,290968.5599944091,1560040.2074600048,1324541.593591593,0.0,0.0,/Users/dawid/Library/Mobile Documents/com~apple~CloudDocs/Dokumenty/Publikacje własne/Manuscripts/Quantum_interference/data/Mosiadz_szlifowane.sur,513917.9325055542,810.0000000000001,809.0,532.0,655289.9999999508,Brass,Mosiadz,hybrid,256,256,0.0,0,,Mosiadz_szlifowane,area,Grinding,szlifowane,simple
691.2681672205198,147625.37736720787,169535.81421614034,899.8668147350241,179484.55133750872,204695.70044101938,7495.4365927011895,1012664.1213782984,1248162.7352467102,0.05,0.05,-146934.10919998738,-168844.54604891984,-178584.6845227737,-203795.83362628438,-1005168.6847855973,-1240667.2986540091,0.0,0.0,/Users/dawid/Library/Mobile Documents/com~apple~CloudDocs/Dokumenty/Publikacje własne/Manuscripts/Quantum_interference/data/Mosiadz_szlifowane.sur,179496.51829804791,810.0000000000001,809.0,532.0,655289.9999999508,Brass,Mosiadz,classical,256,256,0.0,1,,Mosiadz_szlifowane,area,Grinding,szlifowane,simple
470796.72077220865,147625.37736720787,169535.81421614034,590440.6300138839,179484.55133750872,204695.70044101938,4031888.9301420473,1012664.1213782984,1248162.7352467102,0.05,0.05,323171.34340500075,301260.9065560683,410956.07867637527,385744.92957286455,3019224.808763749,2783726.1948953373,0.0,0.0,/Users/dawid/Library/Mobile Documents/com~apple~CloudDocs/Dokumenty/Publikacje własne/Manuscripts/Quantum_interference/data/Mosiadz_szlifowane.sur,571162.1777908539,810.0000000000001,809.0,532.0,655289.9999999508,Brass,Mosiadz,quantum_like,256,256,0.0,1,,Mosiadz_szlifowane,area,Grinding,szlifowane,simple
390957.47202779906,147625.37736720787,169535.81421614034,492914.4218429693,179484.55133750872,204695.70044101938,2521191.366520471,1012664.1213782984,1248162.7352467102,0.05,0.05,243332.0946605912,221421.65781165872,313429.87050546065,288218.72140194994,1508527.2451421726,1273028.6312737607,0.0,0.0,/Users/dawid/Library/Mobile Documents/com~apple~CloudDocs/Dokumenty/Publikacje własne/Manuscripts/Quantum_interference/data/Mosiadz_szlifowane.sur,511141.612320046,810.0000000000001,809.0,532.0,655289.9999999508,Brass,Mosiadz,hybrid,256,256,0.0,1,,Mosiadz_szlifowane,area,Grinding,szlifowane,simple
659.5781021474544,147625.37736720787,169535.81421614034,862.0631559344196,179484.55133750872,204695.70044101938,6852.026550205032,1012664.1213782984,1248162.7352467102,0.05,0.05,-146965.79926506043,-168876.2361139929,-178622.4881815743,-203833.63728508496,-1005812.0948280933,-1241310.708696505,0.0,0.0,/Users/dawid/Library/Mobile Documents/com~apple~CloudDocs/Dokumenty/Publikacje własne/Manuscripts/Quantum_interference/data/Mosiadz_szlifowane.sur,179487.2937064472,810.0000000000001,809.0,532.0,655289.9999999508,Brass,Mosiadz,classical,256,256,0.0,2,,Mosiadz_szlifowane,area,Grinding,szlifowane,simple
518811.9116206246,147625.37736720787,169535.81421614034,635459.7955922666,179484.55133750872,204695.70044101938,3877566.163715651,1012664.1213782984,1248162.7352467102,0.05,0.05,371186.5342534167,349276.09740448423,455975.244254758,430764.0951512473,2864902.0423373524,2629403.428468941,0.0,0.0,/Users/dawid/Library/Mobile Documents/com~apple~CloudDocs/Dokumenty/Publikacje własne/Manuscripts/Quantum_interference/data/Mosiadz_szlifowane.sur,616243.6130816726,810.0000000000001,809.0,532.0,655289.9999999508,Brass,Mosiadz,quantum_like,256,256,0.0,2,,Mosiadz_szlifowane,area,Grinding,szlifowane,simple
456834.1624285709,147625.37736720787,169535.81421614034,544764.5039926791,179484.55133750872,204695.70044101938,2569642.5119573455,1012664.1213782984,1248162.7352467102,0.05,0.05,309208.785061363,287298.34821243054,365279.9526551704,340068.8035516597,1556978.3905790471,1321479.7767106353,0.0,0.0,/Users/dawid/Library/Mobile Documents/com~apple~CloudDocs/Dokumenty/Publikacje własne/Manuscripts/Quantum_interference/data/Mosiadz_szlifowane.sur,559826.9043355419,810.0000000000001,809.0,532.0,655289.9999999508,Brass,Mosiadz,hybrid,256,256,0.0,2,,Mosiadz_szlifowane,area,Grinding,szlifowane,simple
670.3184840096953,147625.37736720787,169535.81421614034,866.7158667689571,179484.55133750872,204695.70044101938,6851.91282424277,1012664.1213782984,1248162.7352467102,0.05,0.05,-146955.05888319816,-168865.49573213063,-178617.83547073975,-203828.9845742504,-1005812.2085540555,-1241310.8224224674,0.0,0.0,/Users/dawid/Library/Mobile Documents/com~apple~CloudDocs/Dokumenty/Publikacje własne/Manuscripts/Quantum_interference/data/Mosiadz_szlifowane.sur,179493.99250902433,810.0000000000001,809.0,532.0,655289.9999999508,Brass,Mosiadz,classical,256,256,0.0,3,,Mosiadz_szlifowane,area,Grinding,szlifowane,simple
452557.56149079645,147625.37736720787,169535.81421614034,576585.3578628487,179484.55133750872,204695.70044101938,3953256.483583037,1012664.1213782984,1248162.7352467102,0.05,0.05,304932.18412358855,283021.7472746561,397100.80652533995,371889.65742182924,2940592.3622047384,2705093.7483363263,0.0,0.0,/Users/dawid/Library/Mobile Documents/com~apple~CloudDocs/Dokumenty/Publikacje własne/Manuscripts/Quantum_interference/data/Mosiadz_szlifowane.sur,557493.2196076202,810.0000000000001,809.0,532.0,655289.9999999508,Brass,Mosiadz,quantum_like,256,256,0.0,3,,Mosiadz_szlifowane,area,Grinding,szlifowane,simple
365650.4008605744,147625.37736720787,169535.81421614034,475263.9248115204,179484.55133750872,204695.70044101938,2532999.723218678,1012664.1213782984,1248162.7352467102,0.05,0.05,218025.0234933665,196114.58664443402,295779.3734740117,270568.224370501,1520335.6018403794,1284836.9879719676,0.0,0.0,/Users/dawid/Library/Mobile Documents/com~apple~CloudDocs/Dokumenty/Publikacje własne/Manuscripts/Quantum_interference/data/Mosiadz_szlifowane.sur,494906.3430705822,810.0000000000001,809.0,532.0,655289.9999999508,Brass,Mosiadz,hybrid,256,256,0.0,3,,Mosiadz_szlifowane,area,Grinding,szlifowane,simple
706.8778643683427,1814.9785180712133,1863.3965300423874,909.7158559829198,2162.205641859635,2274.685531479601,6567.52850567948,18381.20786678298,42456.7727785019,0.05,0.05,-1108.1006537028707,-1156.5186656740448,-1252.4897858767151,-1364.9696754966812,-11813.679361103503,-35889.24427282242,0.0,0.0,/Users/dawid/Library/Mobile Documents/com~apple~CloudDocs/Dokumenty/Publikacje własne/Manuscripts/Quantum_interference/data/P1-1.4301-t.zgrub.sur,2369.816209243211,810.0000000000001,809.0,532.0,655289.9999999508,Stainless steel 1.4301 (AISI 304),1.4301,classical,256,256,0.0,0,P1,P1-1.4301-t.zgrub,area,Turning (roughing),t.zgrub,simple
1851.2004775708863,1814.9785180712133,1863.3965300423874,2239.646848706088,2162.205641859635,2274.685531479601,19141.193778909477,18381.20786678298,42456.7727785019,0.05,0.05,36.221959499673105,-12.196052471501037,77.4412068464528,-35.038682773513464,759.9859121264959,-23315.578999592424,0.0,0.0,/Users/dawid/Library/Mobile Documents/com~apple~CloudDocs/Dokumenty/Publikacje własne/Manuscripts/Quantum_interference/data/P1-1.4301-t.zgrub.sur,701.3002459423119,810.0000000000001,809.0,532.0,655289.9999999508,Stainless steel 1.4301 (AISI 304),1.4301,quantum_like,256,256,0.0,0,P1,P1-1.4301-t.zgrub,area,Turning (roughing),t.zgrub,simple
1123.2486017796102,1814.9785180712133,1863.3965300423874,1324.4042103152178,2162.205641859635,2274.685531479601,12059.779161674564,18381.20786678298,42456.7727785019,0.05,0.05,-691.7299162916029,-740.1479282627771,-837.8014315444171,-950.2813211643834,-6321.42870510842,-30396.99361682734,0.0,0.0,/Users/dawid/Library/Mobile Documents/com~apple~CloudDocs/Dokumenty/Publikacje własne/Manuscripts/Quantum_interference/data/P1-1.4301-t.zgrub.sur,1044.8952073006667,810.0000000000001,809.0,532.0,655289.9999999508,Stainless steel 1.4301 (AISI 304),1.4301,hybrid,256,256,0.0,0,P1,P1-1.4301-t.zgrub,area,Turning (roughing),t.zgrub,simple
709.6897714151787,1814.9785180712133,1863.3965300423874,912.9573488602208,2162.205641859635,2274.685531479601,6691.856577003129,18381.20786678298,42456.7727785019,0.05,0.05,-1105.2887466560346,-1153.7067586272087,-1249.2482929994142,-1361.7281826193805,-11689.351289779854,-35764.916201498774,0.0,0.0,/Users/dawid/Library/Mobile Documents/com~apple~CloudDocs/Dokumenty/Publikacje własne/Manuscripts/Quantum_interference/data/P1-1.4301-t.zgrub.sur,2370.9260934808663,810.0000000000001,809.0,532.0,655289.9999999508,Stainless steel 1.4301 (AISI 304),1.4301,classical,256,256,0.0,1,P1,P1-1.4301-t.zgrub,area,Turning (roughing),t.zgrub,simple
1818.1814577763876,1814.9785180712133,1863.3965300423874,2202.4363288444783,2162.205641859635,2274.685531479601,19422.553977642776,18381.20786678298,42456.7727785019,0.05,0.05,3.2029397051744066,-45.21507226599973,40.23068698484329,-72.24920263512298,1041.346110859793,-23034.21880085913,0.0,0.0,/Users/dawid/Library/Mobile Documents/com~apple~CloudDocs/Dokumenty/Publikacje własne/Manuscripts/Quantum_interference/data/P1-1.4301-t.zgrub.sur,712.0969258294308,810.0000000000001,809.0,532.0,655289.9999999508,Stainless steel 1.4301 (AISI 304),1.4301,quantum_like,256,256,0.0,1,P1,P1-1.4301-t.zgrub,area,Turning (roughing),t.zgrub,simple
1101.641712805252,1814.9785180712133,1863.3965300423874,1298.7415359530517,2162.205641859635,2274.685531479601,12062.901697018568,18381.20786678298,42456.7727785019,0.05,0.05,-713.3368052659614,-761.7548172371355,-863.4641059065834,-975.9439955265497,-6318.306169764415,-30393.871081483336,0.0,0.0,/Users/dawid/Library/Mobile Documents/com~apple~CloudDocs/Dokumenty/Publikacje własne/Manuscripts/Quantum_interference/data/P1-1.4301-t.zgrub.sur,1062.546114344129,810.0000000000001,809.0,532.0,655289.9999999508,Stainless steel 1.4301 (AISI 304),1.4301,hybrid,256,256,0.0,1,P1,P1-1.4301-t.zgrub,area,Turning (roughing),t.zgrub,simple
699.6347099492524,1814.9785180712133,1863.3965300423874,906.8065354640611,2162.205641859635,2274.685531479601,7036.760656218272,18381.20786678298,42456.7727785019,0.05,0.05,-1115.3438081219606,-1163.761820093135,-1255.3991063955739,-1367.8789960155402,-11344.447210564711,-35420.01212228363,0.0,0.0,/Users/dawid/Library/Mobile Documents/com~apple~CloudDocs/Dokumenty/Publikacje własne/Manuscripts/Quantum_interference/data/P1-1.4301-t.zgrub.sur,2358.6417223683166,810.0000000000001,809.0,532.0,655289.9999999508,Stainless steel 1.4301 (AISI 304),1.4301,classical,256,256,0.0,2,P1,P1-1.4301-t.zgrub,area,Turning (roughing),t.zgrub,simple
1728.3360618818324,1814.9785180712133,1863.3965300423874,2092.2708709433864,2162.205641859635,2274.685531479601,18329.377412235055,18381.20786678298,42456.7727785019,0.05,0.05,-86.6424561893809,-135.06046816055505,-69.93477091624875,-182.41466053621502,-51.83045454792593,-24127.395366266846,0.0,0.0,/Users/dawid/Library/Mobile Documents/com~apple~CloudDocs/Dokumenty/Publikacje własne/Manuscripts/Quantum_interference/data/P1-1.4301-t.zgrub.sur,680.1076767144549,810.0000000000001,809.0,532.0,655289.9999999508,Stainless steel 1.4301 (AISI 304),1.4301,quantum_like,256,256,0.0,2,P1,P1-1.4301-t.zgrub,area,Turning (roughing),t.zgrub,simple
1048.14271079723,1814.9785180712133,1863.3965300423874,1235.283874015402,2162.205641859635,2274.685531479601,11663.230120727307,18381.20786678298,42456.7727785019,0.05,0.05,-766.8358072739834,-815.2538192451575,-926.9217678442329,-1039.4016574641992,-6717.977746055676,-30793.542657774593,0.0,0.0,/Users/dawid/Library/Mobile Documents/com~apple~CloudDocs/Dokumenty/Publikacje własne/Manuscripts/Quantum_interference/data/P1-1.4301-t.zgrub.sur,1104.5250839812215,810.0000000000001,809.0,532.0,655289.9999999508,Stainless steel 1.4301 (AISI 304),1.4301,hybrid,256,256,0.0,2,P1,P1-1.4301-t.zgrub,area,Turning (roughing),t.zgrub,simple
702.4456909065392,1814.9785180712133,1863.3965300423874,916.1809050929209,2162.205641859635,2274.685531479601,7610.235310708241,18381.20786678298,42456.7727785019,0.05,0.05,-1112.532827164674,-1160.9508391358481,-1246.024736766714,-1358.5046263866802,-10770.972556074743,-34846.53746779366,0.0,0.0,/Users/dawid/Library/Mobile Documents/com~apple~CloudDocs/Dokumenty/Publikacje własne/Manuscripts/Quantum_interference/data/P1-1.4301-t.zgrub.sur,2360.175724960671,810.0000000000001,809.0,532.0,655289.9999999508,Stainless steel 1.4301 (AISI 304),1.4301,classical,256,256,0.0,3,P1,P1-1.4301-t.zgrub,area,Turning (roughing),t.zgrub,simple
1789.164677248495,1814.9785180712133,1863.3965300423874,2164.1769755827463,2162.205641859635,2274.685531479601,19284.205742120408,18381.20786678298,42456.7727785019,0.05,0.05,-25.81384082271807,-74.23185279389222,1.97133372311142,-110.50855589685484,902.9978753374271,-23172.567036381493,0.0,0.0,/Users/dawid/Library/Mobile Documents/com~apple~CloudDocs/Dokumenty/Publikacje własne/Manuscripts/Quantum_interference/data/P1-1.4301-t.zgrub.sur,672.9952786167805,810.0000000000001,809.0,532.0,655289.9999999508,Stainless steel 1.4301 (AISI 304),1.4301,quantum_like,256,256,0.0,3,P1,P1-1.4301-t.zgrub,area,Turning (roughing),t.zgrub,simple
1086.8419683504655,1814.9785180712133,1863.3965300423874,1280.819263007921,2162.205641859635,2274.685531479601,11785.54268388489,18381.20786678298,42456.7727785019,0.05,0.05,-728.1365497207478,-776.5545616919219,-881.386378851714,-993.8662684716802,-6595.665182898092,-30671.230094617018,0.0,0.0,/Users/dawid/Library/Mobile Documents/com~apple~CloudDocs/Dokumenty/Publikacje własne/Manuscripts/Quantum_interference/data/P1-1.4301-t.zgrub.sur,1073.2887127545614,810.0000000000001,809.0,532.0,655289.9999999508,Stainless steel 1.4301 (AISI 304),1.4301,hybrid,256,256,0.0,3,P1,P1-1.4301-t.zgrub,area,Turning (roughing),t.zgrub,simple
723.0720313271504,305.23317869964404,347.6274194739767,912.9404378111318,413.1752042656368,601.8393081218546,6802.521984965905,18927.89092613333,78579.84712886067,0.05,0.05,417.8388526275063,375.4446118531736,499.765233545495,311.1011296892771,-12125.368941167422,-71777.32514389476,0.0,0.0,/Users/dawid/Library/Mobile Documents/com~apple~CloudDocs/Dokumenty/Publikacje własne/Manuscripts/Quantum_interference/data/P1-1.4301_frez_wyk.sur,1019.4333349260356,810.0000000000001,809.0,532.0,655289.9999999508,Stainless steel 1.4301 (AISI 304),1.4301,classical,256,256,0.0,0,P1,P1-1.4301_frez_wyk,area,Milling (finishing),frez_wyk,simple
646.6431261269906,305.23317869964404,347.6274194739767,817.0549839423197,413.1752042656368,601.8393081218546,19520.25184077673,18927.89092613333,78579.84712886067,0.05,0.05,341.40994742734654,299.01570665301386,403.879779676683,215.2156758204651,592.3609146434036,-59059.59528808393,0.0,0.0,/Users/dawid/Library/Mobile Documents/com~apple~CloudDocs/Dokumenty/Publikacje własne/Manuscripts/Quantum_interference/data/P1-1.4301_frez_wyk.sur,705.9840434548606,810.0000000000001,809.0,532.0,655289.9999999508,Stainless steel 1.4301 (AISI 304),1.4301,quantum_like,256,256,0.0,0,P1,P1-1.4301_frez_wyk,area,Milling (finishing),frez_wyk,simple
279.35210987503746,305.23317869964404,347.6274194739767,349.3976173072287,413.1752042656368,601.8393081218546,4158.964476882461,18927.89092613333,78579.84712886067,0.05,0.05,-25.88106882460661,-68.27530959893927,-63.77758695840813,-252.44169081462599,-14768.926449250866,-74420.8826519782,0.0,0.0,/Users/dawid/Library/Mobile Documents/com~apple~CloudDocs/Dokumenty/Publikacje własne/Manuscripts/Quantum_interference/data/P1-1.4301_frez_wyk.sur,268.79649455027817,810.0000000000001,809.0,532.0,655289.9999999508,Stainless steel 1.4301 (AISI 304),1.4301,hybrid,256,256,0.0,0,P1,P1-1.4301_frez_wyk,area,Milling (finishing),frez_wyk,simple
717.9829559335155,305.23317869964404,347.6274194739767,902.4148495123103,413.1752042656368,601.8393081218546,7085.637191473187,18927.89092613333,78579.84712886067,0.05,0.05,412.74977723387155,370.3555364595389,489.2396452466735,300.57554139045567,-11842.25373466014,-71494.20993738748,0.0,0.0,/Users/dawid/Library/Mobile Documents/com~apple~CloudDocs/Dokumenty/Publikacje własne/Manuscripts/Quantum_interference/data/P1-1.4301_frez_wyk.sur,1009.1498172316994,810.0000000000001,809.0,532.0,655289.9999999508,Stainless steel 1.4301 (AISI 304),1.4301,classical,256,256,0.0,1,P1,P1-1.4301_frez_wyk,area,Milling (finishing),frez_wyk,simple
665.6762578028015,305.23317869964404,347.6274194739767,843.5069595579708,413.1752042656368,601.8393081218546,19735.27138106208,18927.89092613333,78579.84712886067,0.05,0.05,360.44307910315746,318.0488383288248,430.3317552923341,241.66765143611622,807.3804549287519,-58844.57574779858,0.0,0.0,/Users/dawid/Library/Mobile Documents/com~apple~CloudDocs/Dokumenty/Publikacje własne/Manuscripts/Quantum_interference/data/P1-1.4301_frez_wyk.sur,726.1685347066073,810.0000000000001,809.0,532.0,655289.9999999508,Stainless steel 1.4301 (AISI 304),1.4301,quantum_like,256,256,0.0,1,P1,P1-1.4301_frez_wyk,area,Milling (finishing),frez_wyk,simple
288.644763793915,305.23317869964404,347.6274194739767,363.72024771248994,413.1752042656368,601.8393081218546,4766.013926687858,18927.89092613333,78579.84712886067,0.05,0.05,-16.588414905729085,-58.98265568006175,-49.45495655314686,-238.11906040936472,-14161.876999445469,-73813.8332021728,0.0,0.0,/Users/dawid/Library/Mobile Documents/com~apple~CloudDocs/Dokumenty/Publikacje własne/Manuscripts/Quantum_interference/data/P1-1.4301_frez_wyk.sur,269.8782815227595,810.0000000000001,809.0,532.0,655289.9999999508,Stainless steel 1.4301 (AISI 304),1.4301,hybrid,256,256,0.0,1,P1,P1-1.4301_frez_wyk,area,Milling (finishing),frez_wyk,simple
713.3264187829336,305.23317869964404,347.6274194739767,909.916069129355,413.1752042656368,601.8393081218546,6563.667687739343,18927.89092613333,78579.84712886067,0.05,0.05,408.0932400832896,365.69899930895696,496.7408648637183,308.0767610075004,-12364.223238393985,-72016.17944112133,0.0,0.0,/Users/dawid/Library/Mobile Documents/com~apple~CloudDocs/Dokumenty/Publikacje własne/Manuscripts/Quantum_interference/data/P1-1.4301_frez_wyk.sur,1019.5673930166416,810.0000000000001,809.0,532.0,655289.9999999508,Stainless steel 1.4301 (AISI 304),1.4301,classical,256,256,0.0,2,P1,P1-1.4301_frez_wyk,area,Milling (finishing),frez_wyk,simple
702.9139938393072,305.23317869964404,347.6274194739767,891.5642717369443,413.1752042656368,601.8393081218546,21733.546746696687,18927.89092613333,78579.84712886067,0.05,0.05,397.68081513966314,355.28657436533047,478.38906747130756,289.7249636150897,2805.65582056336,-56846.30038216398,0.0,0.0,/Users/dawid/Library/Mobile Documents/com~apple~CloudDocs/Dokumenty/Publikacje własne/Manuscripts/Quantum_interference/data/P1-1.4301_frez_wyk.sur,770.2514541727123,810.0000000000001,809.0,532.0,655289.9999999508,Stainless steel 1.4301 (AISI 304),1.4301,quantum_like,256,256,0.0,2,P1,P1-1.4301_frez_wyk,area,Milling (finishing),frez_wyk,simple
305.66185802256535,305.23317869964404,347.6274194739767,380.6433696718971,413.1752042656368,601.8393081218546,4769.833238602415,18927.89092613333,78579.84712886067,0.05,0.05,0.42867932292128935,-41.965561451411375,-32.53183459373968,-221.19593844995754,-14158.057687530913,-73810.01389025824,0.0,0.0,/Users/dawid/Library/Mobile Documents/com~apple~CloudDocs/Dokumenty/Publikacje własne/Manuscripts/Quantum_interference/data/P1-1.4301_frez_wyk.sur,273.0548680789332,810.0000000000001,809.0,532.0,655289.9999999508,Stainless steel 1.4301 (AISI 304),1.4301,hybrid,256,256,0.0,2,P1,P1-1.4301_frez_wyk,area,Milling (finishing),frez_wyk,simple
713.9389630604693,305.23317869964404,347.6274194739767,907.8601469890374,413.1752042656368,601.8393081218546,7143.972593700515,18927.89092613333,78579.84712886067,0.05,0.05,408.70578436082525,366.3115435864926,494.6849427234006,306.0208388671827,-11783.918332432811,-71435.87453516014,0.0,0.0,/Users/dawid/Library/Mobile Documents/com~apple~CloudDocs/Dokumenty/Publikacje własne/Manuscripts/Quantum_interference/data/P1-1.4301_frez_wyk.sur,1012.8308195389334,810.0000000000001,809.0,532.0,655289.9999999508,Stainless steel 1.4301 (AISI 304),1.4301,classical,256,256,0.0,3,P1,P1-1.4301_frez_wyk,area,Milling (finishing),frez_wyk,simple
657.2277467799479,305.23317869964404,347.6274194739767,833.1661204885485,413.1752042656368,601.8393081218546,21178.164483801735,18927.89092613333,78579.84712886067,0.05,0.05,351.99456808030385,309.60032730597123,419.9909162229116,231.32681236669376,2250.273557668407,-57401.68264505893,0.0,0.0,/Users/dawid/Library/Mobile Documents/com~apple~CloudDocs/Dokumenty/Publikacje własne/Manuscripts/Quantum_interference/data/P1-1.4301_frez_wyk.sur,718.2494236105692,810.0000000000001,809.0,532.0,655289.9999999508,Stainless steel 1.4301 (AISI 304),1.4301,quantum_like,256,256,0.0,3,P1,P1-1.4301_frez_wyk,area,Milling (finishing),frez_wyk,simple
286.5568724805655,305.23317869964404,347.6274194739767,359.49300913501867,413.1752042656368,601.8393081218546,4797.672587024323,18927.89092613333,78579.84712886067,0.05,0.05,-18.67630621907856,-61.07054699341123,-53.682195130618155,-242.34629898683602,-14130.218339109006,-73782.17454183634,0.0,0.0,/Users/dawid/Library/Mobile Documents/com~apple~CloudDocs/Dokumenty/Publikacje własne/Manuscripts/Quantum_interference/data/P1-1.4301_frez_wyk.sur,269.4623162128308,810.0000000000001,809.0,532.0,655289.9999999508,Stainless steel 1.4301 (AISI 304),1.4301,hybrid,256,256,0.0,3,P1,P1-1.4301_frez_wyk,area,Milling (finishing),frez_wyk,simple
837.3776988857193,764.4718619642408,779.0817824786186,1098.7914445886222,887.9798147663537,914.4578575056264,7701.561055651804,8664.031748120799,25224.51211973308,0.05,0.05,72.90583692147842,58.295916407100705,210.81162982226866,184.33358708299593,-962.470692468995,-17522.95106408128,0.0,0.0,/Users/dawid/Library/Mobile Documents/com~apple~CloudDocs/Dokumenty/Publikacje własne/Manuscripts/Quantum_interference/data/P1-1.4301_frez_zgrub.sur,1080.222815331541,810.0000000000001,809.0,532.0,655289.9999999508,Stainless steel 1.4301 (AISI 304),1.4301,classical,256,256,0.0,0,P1,P1-1.4301_frez_zgrub,area,Milling (roughing),frez_zgrub,simple
1100.3139840952588,764.4718619642408,779.0817824786186,1346.849863810612,887.9798147663537,914.4578575056264,14068.715384758865,8664.031748120799,25224.51211973308,0.05,0.05,335.84212213101796,321.2322016166402,458.87004904425845,432.3920063049857,5404.683636638067,-11155.796734974218,0.0,0.0,/Users/dawid/Library/Mobile Documents/com~apple~CloudDocs/Dokumenty/Publikacje własne/Manuscripts/Quantum_interference/data/P1-1.4301_frez_zgrub.sur,845.1753930805953,810.0000000000001,809.0,532.0,655289.9999999508,Stainless steel 1.4301 (AISI 304),1.4301,quantum_like,256,256,0.0,0,P1,P1-1.4301_frez_zgrub,area,Milling (roughing),frez_zgrub,simple
814.5238087047795,764.4718619642408,779.0817824786186,936.6096594045084,887.9798147663537,914.4578575056264,5354.218376507158,8664.031748120799,25224.51211973308,0.05,0.05,50.05194674053869,35.44202622616097,48.62984463815472,22.151801898881995,-3309.813371613641,-19870.293743225924,0.0,0.0,/Users/dawid/Library/Mobile Documents/com~apple~CloudDocs/Dokumenty/Publikacje własne/Manuscripts/Quantum_interference/data/P1-1.4301_frez_zgrub.sur,275.4819898226397,810.0000000000001,809.0,532.0,655289.9999999508,Stainless steel 1.4301 (AISI 304),1.4301,hybrid,256,256,0.0,0,P1,P1-1.4301_frez_zgrub,area,Milling (roughing),frez_zgrub,simple
799.8064306545849,764.4718619642408,779.0817824786186,1064.173361672884,887.9798147663537,914.4578575056264,7591.30096609665,8664.031748120799,25224.51211973308,0.05,0.05,35.33456869034407,20.724648175966347,176.19354690653034,149.7155041672576,-1072.730782024149,-17633.211153636432,0.0,0.0,/Users/dawid/Library/Mobile Documents/com~apple~CloudDocs/Dokumenty/Publikacje własne/Manuscripts/Quantum_interference/data/P1-1.4301_frez_zgrub.sur,1049.353519145438,810.0000000000001,809.0,532.0,655289.9999999508,Stainless steel 1.4301 (AISI 304),1.4301,classical,256,256,0.0,1,P1,P1-1.4301_frez_zgrub,area,Milling (roughing),frez_zgrub,simple
901.8633504239257,764.4718619642408,779.0817824786186,1104.9416923459564,887.9798147663537,914.4578575056264,10582.699814319312,8664.031748120799,25224.51211973308,0.05,0.05,137.39148845968487,122.78156794530715,216.96187757960283,190.4838348403301,1918.668066198513,-14641.81230541377,0.0,0.0,/Users/dawid/Library/Mobile Documents/com~apple~CloudDocs/Dokumenty/Publikacje własne/Manuscripts/Quantum_interference/data/P1-1.4301_frez_zgrub.sur,698.7718395274882,810.0000000000001,809.0,532.0,655289.9999999508,Stainless steel 1.4301 (AISI 304),1.4301,quantum_like,256,256,0.0,1,P1,P1-1.4301_frez_zgrub,area,Milling (roughing),frez_zgrub,simple
656.9106909408803,764.4718619642408,779.0817824786186,755.7286687092063,887.9798147663537,914.4578575056264,4361.114391847073,8664.031748120799,25224.51211973308,0.05,0.05,-107.56117102336054,-122.17109153773826,-132.2511460571473,-158.72918879642003,-4302.917356273725,-20863.397727886007,0.0,0.0,/Users/dawid/Library/Mobile Documents/com~apple~CloudDocs/Dokumenty/Publikacje własne/Manuscripts/Quantum_interference/data/P1-1.4301_frez_zgrub.sur,283.2722451429376,810.0000000000001,809.0,532.0,655289.9999999508,Stainless steel 1.4301 (AISI 304),1.4301,hybrid,256,256,0.0,1,P1,P1-1.4301_frez_zgrub,area,Milling (roughing),frez_zgrub,simple
822.4543215094964,764.4718619642408,779.0817824786186,1084.032743223401,887.9798147663537,914.4578575056264,7720.540114029084,8664.031748120799,25224.51211973308,0.05,0.05,57.98245954525546,43.37253903087773,196.05292845704727,169.57488571777455,-943.4916340917144,-17503.972005704,0.0,0.0,/Users/dawid/Library/Mobile Documents/com~apple~CloudDocs/Dokumenty/Publikacje własne/Manuscripts/Quantum_interference/data/P1-1.4301_frez_zgrub.sur,1068.6982057654757,810.0000000000001,809.0,532.0,655289.9999999508,Stainless steel 1.4301 (AISI 304),1.4301,classical,256,256,0.0,2,P1,P1-1.4301_frez_zgrub,area,Milling (roughing),frez_zgrub,simple
967.3929212710785,764.4718619642408,779.0817824786186,1185.7309353348621,887.9798147663537,914.4578575056264,11920.700889611593,8664.031748120799,25224.51211973308,0.05,0.05,202.92105930683775,188.31113879246,297.75112056850855,271.27307782923583,3256.669141490795,-13303.81123012149,0.0,0.0,/Users/dawid/Library/Mobile Documents/com~apple~CloudDocs/Dokumenty/Publikacje własne/Manuscripts/Quantum_interference/data/P1-1.4301_frez_zgrub.sur,737.5657639774394,810.0000000000001,809.0,532.0,655289.9999999508,Stainless steel 1.4301 (AISI 304),1.4301,quantum_like,256,256,0.0,2,P1,P1-1.4301_frez_zgrub,area,Milling (roughing),frez_zgrub,simple
713.0158770912952,764.4718619642408,779.0817824786186,819.2483297804969,887.9798147663537,914.4578575056264,4900.623037373133,8664.031748120799,25224.51211973308,0.05,0.05,-51.45598487294565,-66.06590538732337,-68.73148498585671,-95.20952772512945,-3763.4087107476657,-20323.889082359947,0.0,0.0,/Users/dawid/Library/Mobile Documents/com~apple~CloudDocs/Dokumenty/Publikacje własne/Manuscripts/Quantum_interference/data/P1-1.4301_frez_zgrub.sur,265.80432455018945,810.0000000000001,809.0,532.0,655289.9999999508,Stainless steel 1.4301 (AISI 304),1.4301,hybrid,256,256,0.0,2,P1,P1-1.4301_frez_zgrub,area,Milling (roughing),frez_zgrub,simple
835.9942043374019,764.4718619642408,779.0817824786186,1094.9327323712514,887.9798147663537,914.4578575056264,7697.350479901152,8664.031748120799,25224.51211973308,0.05,0.05,71.52234237316102,56.9124218587833,206.95291760489775,180.47487486562503,-966.6812682196473,-17527.16163983193,0.0,0.0,/Users/dawid/Library/Mobile Documents/com~apple~CloudDocs/Dokumenty/Publikacje własne/Manuscripts/Quantum_interference/data/P1-1.4301_frez_zgrub.sur,1076.4425796205778,810.0000000000001,809.0,532.0,655289.9999999508,Stainless steel 1.4301 (AISI 304),1.4301,classical,256,256,0.0,3,P1,P1-1.4301_frez_zgrub,area,Milling (roughing),frez_zgrub,simple
908.1092752181377,764.4718619642408,779.0817824786186,1111.7961321309413,887.9798147663537,914.4578575056264,10457.136946945691,8664.031748120799,25224.51211973308,0.05,0.05,143.63741325389682,129.0274927395191,223.81631736458752,197.3382746253148,1793.1051988248926,-14767.375172787391,0.0,0.0,/Users/dawid/Library/Mobile Documents/com~apple~CloudDocs/Dokumenty/Publikacje własne/Manuscripts/Quantum_interference/data/P1-1.4301_frez_zgrub.sur,688.2786809896917,810.0000000000001,809.0,532.0,655289.9999999508,Stainless steel 1.4301 (AISI 304),1.4301,quantum_like,256,256,0.0,3,P1,P1-1.4301_frez_zgrub,area,Milling (roughing),frez_zgrub,simple
667.9017173036893,764.4718619642408,779.0817824786186,768.6533586024144,887.9798147663537,914.4578575056264,4491.563147112334,8664.031748120799,25224.51211973308,0.05,0.05,-96.57014466055152,-111.18006517492924,-119.32645616393921,-145.80449890321194,-4172.468601008464,-20732.948972620747,0.0,0.0,/Users/dawid/Library/Mobile Documents/com~apple~CloudDocs/Dokumenty/Publikacje własne/Manuscripts/Quantum_interference/data/P1-1.4301_frez_zgrub.sur,274.3971126422088,810.0000000000001,809.0,532.0,655289.9999999508,Stainless steel 1.4301 (AISI 304),1.4301,hybrid,256,256,0.0,3,P1,P1-1.4301_frez_zgrub,area,Milling (roughing),frez_zgrub,simple
207.5139707333132,192.10411714460616,205.35721843028773,268.3042271865868,341.92217999220065,751.2053660424251,4028.5505290220713,36240.82265559685,70877.09415226404,0.05,0.05,15.409853588707035,2.1567523030254656,-73.61795280561385,-482.9011388558383,-32212.272126574775,-66848.54362324196,0.0,0.0,/Users/dawid/Library/Mobile Documents/com~apple~CloudDocs/Dokumenty/Publikacje własne/Manuscripts/Quantum_interference/data/P1-1.4301_nagniat.sur,349.42153604801484,810.0000000000001,809.0,532.0,655289.9999999508,Stainless steel 1.4301 (AISI 304),1.4301,classical,256,256,0.0,0,P1,P1-1.4301_nagniat,area,Burnishing,nagniat,simple
635.1843461624424,192.10411714460616,205.35721843028773,832.5036690531649,341.92217999220065,751.2053660424251,37971.16382258299,36240.82265559685,70877.09415226404,0.05,0.05,443.0802290178362,429.82712773215457,490.58148906096426,81.2983030107398,1730.34116698614,-32905.93032968105,0.0,0.0,/Users/dawid/Library/Mobile Documents/com~apple~CloudDocs/Dokumenty/Publikacje własne/Manuscripts/Quantum_interference/data/P1-1.4301_nagniat.sur,749.3173013026861,810.0000000000001,809.0,532.0,655289.9999999508,Stainless steel 1.4301 (AISI 304),1.4301,quantum_like,256,256,0.0,0,P1,P1-1.4301_nagniat,area,Burnishing,nagniat,simple
224.4952152096513,192.10411714460616,205.35721843028773,290.8047965912869,341.92217999220065,751.2053660424251,7044.000272260476,36240.82265559685,70877.09415226404,0.05,0.05,32.391098065045114,19.137996779363547,-51.117383400913695,-460.4005694511382,-29196.822383336374,-63833.09388000355,0.0,0.0,/Users/dawid/Library/Mobile Documents/com~apple~CloudDocs/Dokumenty/Publikacje własne/Manuscripts/Quantum_interference/data/P1-1.4301_nagniat.sur,269.8701345104212,810.0000000000001,809.0,532.0,655289.9999999508,Stainless steel 1.4301 (AISI 304),1.4301,hybrid,256,256,0.0,0,P1,P1-1.4301_nagniat,area,Burnishing,nagniat,simple
207.9151149117899,192.10411714460616,205.35721843028773,269.24715954673644,341.92217999220065,751.2053660424251,4023.4532837513407,36240.82265559685,70877.09415226404,0.05,0.05,15.810997767183757,2.5578964815021874,-72.67502044546418,-481.95820649568867,-32217.369371845507,-66853.6408685127,0.0,0.0,/Users/dawid/Library/Mobile Documents/com~apple~CloudDocs/Dokumenty/Publikacje własne/Manuscripts/Quantum_interference/data/P1-1.4301_nagniat.sur,350.2237596073784,810.0000000000001,809.0,532.0,655289.9999999508,Stainless steel 1.4301 (AISI 304),1.4301,classical,256,256,0.0,1,P1,P1-1.4301_nagniat,area,Burnishing,nagniat,simple
589.9798554799897,192.10411714460616,205.35721843028773,777.0124671045786,341.92217999220065,751.2053660424251,37260.25655436652,36240.82265559685,70877.09415226404,0.05,0.05,397.8757383353836,384.62263704970195,435.0902871123779,25.807101062153436,1019.4338987696682,-33616.83759789752,0.0,0.0,/Users/dawid/Library/Mobile Documents/com~apple~CloudDocs/Dokumenty/Publikacje własne/Manuscripts/Quantum_interference/data/P1-1.4301_nagniat.sur,694.3675553694053,810.0000000000001,809.0,532.0,655289.9999999508,Stainless steel 1.4301 (AISI 304),1.4301,quantum_like,256,256,0.0,1,P1,P1-1.4301_nagniat,area,Burnishing,nagniat,simple
216.31087155239445,192.10411714460616,205.35721843028773,280.9873674692724,341.92217999220065,751.2053660424251,7391.504964960685,36240.82265559685,70877.09415226404,0.05,0.05,24.20675440778827,10.953653122106699,-60.93481252292822,-470.2179985731527,-28849.317690636162,-63485.58918730335,0.0,0.0,/Users/dawid/Library/Mobile Documents/com~apple~CloudDocs/Dokumenty/Publikacje własne/Manuscripts/Quantum_interference/data/P1-1.4301_nagniat.sur,266.469372567844,810.0000000000001,809.0,532.0,655289.9999999508,Stainless steel 1.4301 (AISI 304),1.4301,hybrid,256,256,0.0,1,P1,P1-1.4301_nagniat,area,Burnishing,nagniat,simple
208.2788091294376,192.10411714460616,205.35721843028773,271.02774834737664,341.92217999220065,751.2053660424251,4293.425972488906,36240.82265559685,70877.09415226404,0.05,0.05,16.174691984831433,2.9215906991498617,-70.894431644824,-480.1776176950484,-31947.39668310794,-66583.66817977512,0.0,0.0,/Users/dawid/Library/Mobile Documents/com~apple~CloudDocs/Dokumenty/Publikacje własne/Manuscripts/Quantum_interference/data/P1-1.4301_nagniat.sur,353.10182514852704,810.0000000000001,809.0,532.0,655289.9999999508,Stainless steel 1.4301 (AISI 304),1.4301,classical,256,256,0.0,2,P1,P1-1.4301_nagniat,area,Burnishing,nagniat,simple
591.9524740855369,192.10411714460616,205.35721843028773,776.1777323371892,341.92217999220065,751.2053660424251,36391.19643571075,36240.82265559685,70877.09415226404,0.05,0.05,399.8483569409307,386.5952556552491,434.25555234498864,24.972366294764182,150.3737801138993,-34485.897716553285,0.0,0.0,/Users/dawid/Library/Mobile Documents/com~apple~CloudDocs/Dokumenty/Publikacje własne/Manuscripts/Quantum_interference/data/P1-1.4301_nagniat.sur,699.3428944426142,810.0000000000001,809.0,532.0,655289.9999999508,Stainless steel 1.4301 (AISI 304),1.4301,quantum_like,256,256,0.0,2,P1,P1-1.4301_nagniat,area,Burnishing,nagniat,simple
212.25024595641653,192.10411714460616,205.35721843028773,275.93208981108825,341.92217999220065,751.2053660424251,6550.027754096205,36240.82265559685,70877.09415226404,0.05,0.05,20.146128811810367,6.893027526128797,-65.99009018111241,-475.27327623133687,-29690.79490150064,-64327.06639816783,0.0,0.0,/Users/dawid/Library/Mobile Documents/com~apple~CloudDocs/Dokumenty/Publikacje własne/Manuscripts/Quantum_interference/data/P1-1.4301_nagniat.sur,270.0327679980119,810.0000000000001,809.0,532.0,655289.9999999508,Stainless steel 1.4301 (AISI 304),1.4301,hybrid,256,256,0.0,2,P1,P1-1.4301_nagniat,area,Burnishing,nagniat,simple
207.95443059887464,192.10411714460616,205.35721843028773,268.89633246065034,341.92217999220065,751.2053660424251,4027.250105236323,36240.82265559685,70877.09415226404,0.05,0.05,15.850313454268479,2.597212168586908,-73.02584753155027,-482.3090335817747,-32213.572550360528,-66849.84404702771,0.0,0.0,/Users/dawid/Library/Mobile Documents/com~apple~CloudDocs/Dokumenty/Publikacje własne/Manuscripts/Quantum_interference/data/P1-1.4301_nagniat.sur,349.5740618733145,810.0000000000001,809.0,532.0,655289.9999999508,Stainless steel 1.4301 (AISI 304),1.4301,classical,256,256,0.0,3,P1,P1-1.4301_nagniat,area,Burnishing,nagniat,simple
571.8923196282774,192.10411714460616,205.35721843028773,754.342490583046,341.92217999220065,751.2053660424251,36311.96711719526,36240.82265559685,70877.09415226404,0.05,0.05,379.7882024836713,366.53510119798966,412.4203105908454,3.1371245406209063,71.14446159841128,-34565.12703506878,0.0,0.0,/Users/dawid/Library/Mobile Documents/com~apple~CloudDocs/Dokumenty/Publikacje własne/Manuscripts/Quantum_interference/data/P1-1.4301_nagniat.sur,671.474059193912,810.0000000000001,809.0,532.0,655289.9999999508,Stainless steel 1.4301 (AISI 304),1.4301,quantum_like,256,256,0.0,3,P1,P1-1.4301_nagniat,area,Burnishing,nagniat,simple
213.04181461642025,192.10411714460616,205.35721843028773,273.71558681456594,341.92217999220065,751.2053660424251,6485.732984889217,36240.82265559685,70877.09415226404,0.05,0.05,20.93769747181409,7.684596186132522,-68.2065931776347,-477.48977922785923,-29755.089670707628,-64391.36116737482,0.0,0.0,/Users/dawid/Library/Mobile Documents/com~apple~CloudDocs/Dokumenty/Publikacje własne/Manuscripts/Quantum_interference/data/P1-1.4301_nagniat.sur,262.8520005795253,810.0000000000001,809.0,532.0,655289.9999999508,Stainless steel 1.4301 (AISI 304),1.4301,hybrid,256,256,0.0,3,P1,P1-1.4301_nagniat,area,Burnishing,nagniat,simple
711.2699413370764,328.9596386783718,631.8049335855268,930.8508708110307,494.03734571699454,1158.9868653377114,7163.900616826625,28919.772544372994,76898.75565772936,0.05,0.05,382.31030265870453,79.46500775154952,436.81352509403627,-228.13599452668055,-21755.87192754637,-69734.85504090274,0.0,0.0,/Users/dawid/Library/Mobile Documents/com~apple~CloudDocs/Dokumenty/Publikacje własne/Manuscripts/Quantum_interference/data/P1-1.4301_wedm_wyk.sur,1022.947518650304,810.0000000000001,809.0,532.0,655289.9999999508,Stainless steel 1.4301 (AISI 304),1.4301,classical,256,256,0.0,0,P1,P1-1.4301_wedm_wyk,area,Wire EDM (finishing),wedm_wyk,simple
633.179692347544,328.9596386783718,631.8049335855268,829.3543542068319,494.03734571699454,1158.9868653377114,28409.4999569053,28919.772544372994,76898.75565772936,0.05,0.05,304.2200536691722,1.3747587620172228,335.3170084898373,-329.6325111308795,-510.2725874676941,-48489.25570082406,0.0,0.0,/Users/dawid/Library/Mobile Documents/com~apple~CloudDocs/Dokumenty/Publikacje własne/Manuscripts/Quantum_interference/data/P1-1.4301_wedm_wyk.sur,676.6599514664349,810.0000000000001,809.0,532.0,655289.9999999508,Stainless steel 1.4301 (AISI 304),1.4301,quantum_like,256,256,0.0,0,P1,P1-1.4301_wedm_wyk,area,Wire EDM (finishing),wedm_wyk,simple
253.00547218226322,328.9596386783718,631.8049335855268,337.1555090462382,494.03734571699454,1158.9868653377114,9546.306988361772,28919.772544372994,76898.75565772936,0.05,0.05,-75.95416649610858,-378.7994614032636,-156.88183667075634,-821.8313562914731,-19373.465556011222,-67352.4486693676,0.0,0.0,/Users/dawid/Library/Mobile Documents/com~apple~CloudDocs/Dokumenty/Publikacje własne/Manuscripts/Quantum_interference/data/P1-1.4301_wedm_wyk.sur,370.34712605818237,810.0000000000001,809.0,532.0,655289.9999999508,Stainless steel 1.4301 (AISI 304),1.4301,hybrid,256,256,0.0,0,P1,P1-1.4301_wedm_wyk,area,Wire EDM (finishing),wedm_wyk,simple
734.170605528065,328.9596386783718,631.8049335855268,948.2166820336088,494.03734571699454,1158.9868653377114,7307.4721415034155,28919.772544372994,76898.75565772936,0.05,0.05,405.2109668496932,102.36567194253819,454.1793363166143,-210.77018330410252,-21612.30040286958,-69591.28351622594,0.0,0.0,/Users/dawid/Library/Mobile Documents/com~apple~CloudDocs/Dokumenty/Publikacje własne/Manuscripts/Quantum_interference/data/P1-1.4301_wedm_wyk.sur,1066.3303629408751,810.0000000000001,809.0,532.0,655289.9999999508,Stainless steel 1.4301 (AISI 304),1.4301,classical,256,256,0.0,1,P1,P1-1.4301_wedm_wyk,area,Wire EDM (finishing),wedm_wyk,simple
587.2395194190062,328.9596386783718,631.8049335855268,771.2069379856177,494.03734571699454,1158.9868653377114,27186.14763678997,28919.772544372994,76898.75565772936,0.05,0.05,258.2798807406344,-44.56541416652061,277.16959226862315,-387.77992735209364,-1733.624907583025,-49712.6080209394,0.0,0.0,/Users/dawid/Library/Mobile Documents/com~apple~CloudDocs/Dokumenty/Publikacje własne/Manuscripts/Quantum_interference/data/P1-1.4301_wedm_wyk.sur,629.5085717357456,810.0000000000001,809.0,532.0,655289.9999999508,Stainless steel 1.4301 (AISI 304),1.4301,quantum_like,256,256,0.0,1,P1,P1-1.4301_wedm_wyk,area,Wire EDM (finishing),wedm_wyk,simple
237.12449731068676,328.9596386783718,631.8049335855268,315.7413164994981,494.03734571699454,1158.9868653377114,9022.506953577378,28919.772544372994,76898.75565772936,0.05,0.05,-91.83514136768505,-394.68043627484,-178.29602921749645,-843.2455488382133,-19897.265590795614,-67876.24870415198,0.0,0.0,/Users/dawid/Library/Mobile Documents/com~apple~CloudDocs/Dokumenty/Publikacje własne/Manuscripts/Quantum_interference/data/P1-1.4301_wedm_wyk.sur,369.9030809415012,810.0000000000001,809.0,532.0,655289.9999999508,Stainless steel 1.4301 (AISI 304),1.4301,hybrid,256,256,0.0,1,P1,P1-1.4301_wedm_wyk,area,Wire EDM (finishing),wedm_wyk,simple
768.46095904165,328.9596386783718,631.8049335855268,988.9694168673412,494.03734571699454,1158.9868653377114,7585.018292446224,28919.772544372994,76898.75565772936,0.05,0.05,439.5013203632781,136.65602545612316,494.93207115034664,-170.01744847037014,-21334.75425192677,-69313.73736528313,0.0,0.0,/Users/dawid/Library/Mobile Documents/com~apple~CloudDocs/Dokumenty/Publikacje własne/Manuscripts/Quantum_interference/data/P1-1.4301_wedm_wyk.sur,1094.2222359883317,810.0000000000001,809.0,532.0,655289.9999999508,Stainless steel 1.4301 (AISI 304),1.4301,classical,256,256,0.0,2,P1,P1-1.4301_wedm_wyk,area,Wire EDM (finishing),wedm_wyk,simple
661.7635913228106,328.9596386783718,631.8049335855268,868.2410432144866,494.03734571699454,1158.9868653377114,29806.414130471632,28919.772544372994,76898.75565772936,0.05,0.05,332.8039526444388,29.958657737283826,374.203697497492,-290.7458221232248,886.6415860986386,-47092.34152725773,0.0,0.0,/Users/dawid/Library/Mobile Documents/com~apple~CloudDocs/Dokumenty/Publikacje własne/Manuscripts/Quantum_interference/data/P1-1.4301_wedm_wyk.sur,707.1769497944412,810.0000000000001,809.0,532.0,655289.9999999508,Stainless steel 1.4301 (AISI 304),1.4301,quantum_like,256,256,0.0,2,P1,P1-1.4301_wedm_wyk,area,Wire EDM (finishing),wedm_wyk,simple
268.11763837346444,328.9596386783718,631.8049335855268,356.2456697211736,494.03734571699454,1158.9868653377114,9726.757562045943,28919.772544372994,76898.75565772936,0.05,0.05,-60.84200030490736,-363.68729521206234,-137.7916759958209,-802.7411956165377,-19193.01498232705,-67171.99809568342,0.0,0.0,/Users/dawid/Library/Mobile Documents/com~apple~CloudDocs/Dokumenty/Publikacje własne/Manuscripts/Quantum_interference/data/P1-1.4301_wedm_wyk.sur,370.1897400678688,810.0000000000001,809.0,532.0,655289.9999999508,Stainless steel 1.4301 (AISI 304),1.4301,hybrid,256,256,0.0,2,P1,P1-1.4301_wedm_wyk,area,Wire EDM (finishing),wedm_wyk,simple
814.172073483512,328.9596386783718,631.8049335855268,1036.0637220408678,494.03734571699454,1158.9868653377114,7646.579740351886,28919.772544372994,76898.75565772936,0.05,0.05,485.2124348051402,182.36713989798523,542.0263763238731,-122.92314329684366,-21273.19280402111,-69252.17591737748,0.0,0.0,/Users/dawid/Library/Mobile Documents/com~apple~CloudDocs/Dokumenty/Publikacje własne/Manuscripts/Quantum_interference/data/P1-1.4301_wedm_wyk.sur,1136.986764380208,810.0000000000001,809.0,532.0,655289.9999999508,Stainless steel 1.4301 (AISI 304),1.4301,classical,256,256,0.0,3,P1,P1-1.4301_wedm_wyk,area,Wire EDM (finishing),wedm_wyk,simple
670.6651697949414,328.9596386783718,631.8049335855268,879.893800745145,494.03734571699454,1158.9868653377114,31480.91842691345,28919.772544372994,76898.75565772936,0.05,0.05,341.7055311165696,38.86023620941463,385.8564550281504,-279.0930645925664,2561.1458825404547,-45417.837230815916,0.0,0.0,/Users/dawid/Library/Mobile Documents/com~apple~CloudDocs/Dokumenty/Publikacje własne/Manuscripts/Quantum_interference/data/P1-1.4301_wedm_wyk.sur,711.2595829485158,810.0000000000001,809.0,532.0,655289.9999999508,Stainless steel 1.4301 (AISI 304),1.4301,quantum_like,256,256,0.0,3,P1,P1-1.4301_wedm_wyk,area,Wire EDM (finishing),wedm_wyk,simple
272.8868584767631,328.9596386783718,631.8049335855268,363.6698636109822,494.03734571699454,1158.9868653377114,10344.725880987427,28919.772544372994,76898.75565772936,0.05,0.05,-56.07278020160869,-358.9180751087637,-130.36748210601237,-795.3170017267291,-18575.04666338557,-66554.02977674193,0.0,0.0,/Users/dawid/Library/Mobile Documents/com~apple~CloudDocs/Dokumenty/Publikacje własne/Manuscripts/Quantum_interference/data/P1-1.4301_wedm_wyk.sur,369.90577448724616,810.0000000000001,809.0,532.0,655289.9999999508,Stainless steel 1.4301 (AISI 304),1.4301,hybrid,256,256,0.0,3,P1,P1-1.4301_wedm_wyk,area,Wire EDM (finishing),wedm_wyk,simple
0.2358569344404467,0.04307600837950057,0.05372627427155684,0.2961479547391478,0.05772079793605276,0.08613583044120729,3.6427153033892576,1.9896324086203703,3.412098775156563,0.05,0.05,0.1927809260609461,0.18213066016888985,0.23842715680309504,0.21001212429794053,1.6530828947688874,0.23061652823269493,0.0,0.0,/Users/dawid/Library/Mobile Documents/com~apple~CloudDocs/Dokumenty/Publikacje własne/Manuscripts/Quantum_interference/data/P1-1.4301_wedm_zgru.sur,0.2880928156748067,810.0000000000001,809.0,532.0,655289.9999999508,Stainless steel 1.4301 (AISI 304),1.4301,classical,256,256,0.0,0,P1,P1-1.4301_wedm_zgru,area,Wire EDM (roughing),wedm_zgru,simple
545.5485616564523,0.04307600837950057,0.05372627427155684,682.5047006262589,0.05772079793605276,0.08613583044120729,6281.459935472081,1.9896324086203703,3.412098775156563,0.05,0.05,545.5054856480729,545.4948353821808,682.4469798283229,682.4185647958178,6279.470303063461,6278.047836696925,0.0,0.0,/Users/dawid/Library/Mobile Documents/com~apple~CloudDocs/Dokumenty/Publikacje własne/Manuscripts/Quantum_interference/data/P1-1.4301_wedm_zgru.sur,682.5048860640735,810.0000000000001,809.0,532.0,655289.9999999508,Stainless steel 1.4301 (AISI 304),1.4301,quantum_like,256,256,0.0,0,P1,P1-1.4301_wedm_zgru,area,Wire EDM (roughing),wedm_zgru,simple
123.59719994208447,0.04307600837950057,0.05372627427155684,150.1483096685834,0.05772079793605276,0.08613583044120729,1070.4101710375096,1.9896324086203703,3.412098775156563,0.05,0.05,123.55412393370497,123.5434736678129,150.09058887064737,150.0621738381422,1068.4205386288893,1066.9980722623532,0.0,0.0,/Users/dawid/Library/Mobile Documents/com~apple~CloudDocs/Dokumenty/Publikacje własne/Manuscripts/Quantum_interference/data/P1-1.4301_wedm_zgru.sur,150.14901596230914,810.0000000000001,809.0,532.0,655289.9999999508,Stainless steel 1.4301 (AISI 304),1.4301,hybrid,256,256,0.0,0,P1,P1-1.4301_wedm_zgru,area,Wire EDM (roughing),wedm_zgru,simple
0.20687395371921627,0.04307600837950057,0.05372627427155684,0.2598055782484136,0.05772079793605276,0.08613583044120729,3.0666033897268212,1.9896324086203703,3.412098775156563,0.05,0.05,0.16379794533971573,0.15314767944765945,0.20208478031236082,0.1736697478072063,1.076970981106451,-0.34549538542974156,0.0,0.0,/Users/dawid/Library/Mobile Documents/com~apple~CloudDocs/Dokumenty/Publikacje własne/Manuscripts/Quantum_interference/data/P1-1.4301_wedm_zgru.sur,0.25258614573050203,810.0000000000001,809.0,532.0,655289.9999999508,Stainless steel 1.4301 (AISI 304),1.4301,classical,256,256,0.0,1,P1,P1-1.4301_wedm_zgru,area,Wire EDM (roughing),wedm_zgru,simple
570.2244083890911,0.04307600837950057,0.05372627427155684,714.429432354128,0.05772079793605276,0.08613583044120729,6288.608335630249,1.9896324086203703,3.412098775156563,0.05,0.05,570.1813323807116,570.1706821148196,714.371711556192,714.343296523687,6286.6187032216285,6285.196236855092,0.0,0.0,/Users/dawid/Library/Mobile Documents/com~apple~CloudDocs/Dokumenty/Publikacje własne/Manuscripts/Quantum_interference/data/P1-1.4301_wedm_zgru.sur,714.4291892176421,810.0000000000001,809.0,532.0,655289.9999999508,Stainless steel 1.4301 (AISI 304),1.4301,quantum_like,256,256,0.0,1,P1,P1-1.4301_wedm_zgru,area,Wire EDM (roughing),wedm_zgru,simple
109.77171524547327,0.04307600837950057,0.05372627427155684,156.13084326386755,0.05772079793605276,0.08613583044120729,1333.949380780734,1.9896324086203703,3.412098775156563,0.05,0.05,109.72863923709376,109.71798897120172,156.07312246593148,156.0447074334263,1331.9597483721136,1330.5372820055775,0.0,0.0,/Users/dawid/Library/Mobile Documents/com~apple~CloudDocs/Dokumenty/Publikacje własne/Manuscripts/Quantum_interference/data/P1-1.4301_wedm_zgru.sur,156.1307152749758,810.0000000000001,809.0,532.0,655289.9999999508,Stainless steel 1.4301 (AISI 304),1.4301,hybrid,256,256,0.0,1,P1,P1-1.4301_wedm_zgru,area,Wire EDM (roughing),wedm_zgru,simple
0.17479490437807046,0.04307600837950057,0.05372627427155684,0.2192788980267506,0.05772079793605276,0.08613583044120729,2.3903559829159344,1.9896324086203703,3.412098775156563,0.05,0.05,0.13171889599856987,0.12106863010651361,0.16155810009069785,0.1331430675855433,0.40072357429556404,-1.0217427922406284,0.0,0.0,/Users/dawid/Library/Mobile Documents/com~apple~CloudDocs/Dokumenty/Publikacje własne/Manuscripts/Quantum_interference/data/P1-1.4301_wedm_zgru.sur,0.21430027719125969,810.0000000000001,809.0,532.0,655289.9999999508,Stainless steel 1.4301 (AISI 304),1.4301,classical,256,256,0.0,2,P1,P1-1.4301_wedm_zgru,area,Wire EDM (roughing),wedm_zgru,simple
485.4821730864401,0.04307600837950057,0.05372627427155684,608.2635749950973,0.05772079793605276,0.08613583044120729,5392.184207707906,1.9896324086203703,3.412098775156563,0.05,0.05,485.4390970780606,485.42844681216854,608.2058541971613,608.1774391646562,5390.194575299286,5388.772108932751,0.0,0.0,/Users/dawid/Library/Mobile Documents/com~apple~CloudDocs/Dokumenty/Publikacje własne/Manuscripts/Quantum_interference/data/P1-1.4301_wedm_zgru.sur,608.2636646989951,810.0000000000001,809.0,532.0,655289.9999999508,Stainless steel 1.4301 (AISI 304),1.4301,quantum_like,256,256,0.0,2,P1,P1-1.4301_wedm_zgru,area,Wire EDM (roughing),wedm_zgru,simple
96.26296211620506,0.04307600837950057,0.05372627427155684,137.32114148310615,0.05772079793605276,0.08613583044120729,1327.8906607405245,1.9896324086203703,3.412098775156563,0.05,0.05,96.21988610782556,96.2092358419335,137.26342068517008,137.2350056526649,1325.9010283319042,1324.4785619653678,0.0,0.0,/Users/dawid/Library/Mobile Documents/com~apple~CloudDocs/Dokumenty/Publikacje własne/Manuscripts/Quantum_interference/data/P1-1.4301_wedm_zgru.sur,137.32120189656,810.0000000000001,809.0,532.0,655289.9999999508,Stainless steel 1.4301 (AISI 304),1.4301,hybrid,256,256,0.0,2,P1,P1-1.4301_wedm_zgru,area,Wire EDM (roughing),wedm_zgru,simple
0.19483550129774174,0.04307600837950057,0.05372627427155684,0.24479842607417399,0.05772079793605276,0.08613583044120729,2.5983993364201217,1.9896324086203703,3.412098775156563,0.05,0.05,0.1517594929182412,0.14110922702618492,0.18707762813812123,0.1586625956329667,0.6087669277997512,-0.8136994387364412,0.0,0.0,/Users/dawid/Library/Mobile Documents/com~apple~CloudDocs/Dokumenty/Publikacje własne/Manuscripts/Quantum_interference/data/P1-1.4301_wedm_zgru.sur,0.2388766176452224,810.0000000000001,809.0,532.0,655289.9999999508,Stainless steel 1.4301 (AISI 304),1.4301,classical,256,256,0.0,3,P1,P1-1.4301_wedm_zgru,area,Wire EDM (roughing),wedm_zgru,simple
565.6033136156998,0.04307600837950057,0.05372627427155684,708.3793619382847,0.05772079793605276,0.08613583044120729,6121.884490920826,1.9896324086203703,3.412098775156563,0.05,0.05,565.5602376073203,565.5495873414282,708.3216411403486,708.2932261078435,6119.894858512205,6118.472392145669,0.0,0.0,/Users/dawid/Library/Mobile Documents/com~apple~CloudDocs/Dokumenty/Publikacje własne/Manuscripts/Quantum_interference/data/P1-1.4301_wedm_zgru.sur,708.3792204109235,810.0000000000001,809.0,532.0,655289.9999999508,Stainless steel 1.4301 (AISI 304),1.4301,quantum_like,256,256,0.0,3,P1,P1-1.4301_wedm_zgru,area,Wire EDM (roughing),wedm_zgru,simple
143.79569199293311,0.04307600837950057,0.05372627427155684,154.41411203297096,0.05772079793605276,0.08613583044120729,1330.3559637025405,1.9896324086203703,3.412098775156563,0.05,0.05,143.75261598455361,143.74196571866156,154.35639123503492,154.32797620252975,1328.3663312939202,1326.943864927384,0.0,0.0,/Users/dawid/Library/Mobile Documents/com~apple~CloudDocs/Dokumenty/Publikacje własne/Manuscripts/Quantum_interference/data/P1-1.4301_wedm_zgru.sur,154.41396659096853,810.0000000000001,809.0,532.0,655289.9999999508,Stainless steel 1.4301 (AISI 304),1.4301,hybrid,256,256,0.0,3,P1,P1-1.4301_wedm_zgru,area,Wire EDM (roughing),wedm_zgru,simple
337.3314300146618,327.133259114379,330.4382999039521,419.03142531101463,405.6896736729729,411.1023927935191,2533.543791406722,2291.434062734852,5098.419384523485,0.05,0.05,10.19817090028279,6.893130110709697,13.341751638041687,7.929032517495548,242.10972867187024,-2564.875593116763,0.0,0.0,/Users/dawid/Library/Mobile Documents/com~apple~CloudDocs/Dokumenty/Publikacje własne/Manuscripts/Quantum_interference/data/P1-AL70752_nagniat.sur,160.32242452621776,810.0000000000001,809.0,532.0,655289.9999999508,Aluminium 7075,AL70752,classical,256,256,0.0,0,P1,P1-AL70752_nagniat,area,Burnishing,nagniat,simple
697.9811598704352,327.133259114379,330.4382999039521,873.2515617788457,405.6896736729729,411.1023927935191,7202.589676110754,2291.434062734852,5098.419384523485,0.05,0.05,370.8479007560563,367.5428599664832,467.5618881058728,462.1491689853267,4911.155613375902,2104.1702915872693,0.0,0.0,/Users/dawid/Library/Mobile Documents/com~apple~CloudDocs/Dokumenty/Publikacje własne/Manuscripts/Quantum_interference/data/P1-AL70752_nagniat.sur,765.6096996672782,810.0000000000001,809.0,532.0,655289.9999999508,Aluminium 7075,AL70752,quantum_like,256,256,0.0,0,P1,P1-AL70752_nagniat,area,Burnishing,nagniat,simple
359.895401914985,327.133259114379,330.4382999039521,448.78816258254477,405.6896736729729,411.1023927935191,2946.964408785937,2291.434062734852,5098.419384523485,0.05,0.05,32.762142800605986,29.45710201103289,43.098488909571856,37.68576978902571,655.5303460510851,-2151.4549757375485,0.0,0.0,/Users/dawid/Library/Mobile Documents/com~apple~CloudDocs/Dokumenty/Publikacje własne/Manuscripts/Quantum_interference/data/P1-AL70752_nagniat.sur,166.9119962765453,810.0000000000001,809.0,532.0,655289.9999999508,Aluminium 7075,AL70752,hybrid,256,256,0.0,0,P1,P1-AL70752_nagniat,area,Burnishing,nagniat,simple
337.737176163003,327.133259114379,330.4382999039521,418.72627056126015,405.6896736729729,411.1023927935191,2535.9982642385094,2291.434062734852,5098.419384523485,0.05,0.05,10.603917048624055,7.298876259050963,13.036596888287214,7.6238777677410745,244.56420150365744,-2562.421120284976,0.0,0.0,/Users/dawid/Library/Mobile Documents/com~apple~CloudDocs/Dokumenty/Publikacje własne/Manuscripts/Quantum_interference/data/P1-AL70752_nagniat.sur,161.91424866388323,810.0000000000001,809.0,532.0,655289.9999999508,Aluminium 7075,AL70752,classical,256,256,0.0,1,P1,P1-AL70752_nagniat,area,Burnishing,nagniat,simple
751.0022268821203,327.133259114379,330.4382999039521,940.8184211828094,405.6896736729729,411.1023927935191,7594.046309659321,2291.434062734852,5098.419384523485,0.05,0.05,423.86896776774137,420.56392697816824,535.1287475098364,529.7160283892903,5302.612246924469,2495.626925135836,0.0,0.0,/Users/dawid/Library/Mobile Documents/com~apple~CloudDocs/Dokumenty/Publikacje własne/Manuscripts/Quantum_interference/data/P1-AL70752_nagniat.sur,806.0660753234214,810.0000000000001,809.0,532.0,655289.9999999508,Aluminium 7075,AL70752,quantum_like,256,256,0.0,1,P1,P1-AL70752_nagniat,area,Burnishing,nagniat,simple
415.2850328400764,327.133259114379,330.4382999039521,517.6703630263974,405.6896736729729,411.1023927935191,3387.2825964352533,2291.434062734852,5098.419384523485,0.05,0.05,88.15177372569737,84.84673293612427,111.98068935342442,106.5679702328783,1095.8485337004013,-1711.1367880882322,0.0,0.0,/Users/dawid/Library/Mobile Documents/com~apple~CloudDocs/Dokumenty/Publikacje własne/Manuscripts/Quantum_interference/data/P1-AL70752_nagniat.sur,190.12946835955435,810.0000000000001,809.0,532.0,655289.9999999508,Aluminium 7075,AL70752,hybrid,256,256,0.0,1,P1,P1-AL70752_nagniat,area,Burnishing,nagniat,simple
338.7356404563028,327.133259114379,330.4382999039521,419.67565398326343,405.6896736729729,411.1023927935191,2346.681099206981,2291.434062734852,5098.419384523485,0.05,0.05,11.602381341923834,8.297340552350741,13.98598031029052,8.57326118974438,55.247036472129246,-2751.738285316504,0.0,0.0,/Users/dawid/Library/Mobile Documents/com~apple~CloudDocs/Dokumenty/Publikacje własne/Manuscripts/Quantum_interference/data/P1-AL70752_nagniat.sur,166.8632124851327,810.0000000000001,809.0,532.0,655289.9999999508,Aluminium 7075,AL70752,classical,256,256,0.0,2,P1,P1-AL70752_nagniat,area,Burnishing,nagniat,simple
682.8510600637185,327.133259114379,330.4382999039521,855.9865668840873,405.6896736729729,411.1023927935191,7314.864390903929,2291.434062734852,5098.419384523485,0.05,0.05,355.71780094933945,352.4127601597664,450.2968932111144,444.8841740905683,5023.430328169077,2216.445006380444,0.0,0.0,/Users/dawid/Library/Mobile Documents/com~apple~CloudDocs/Dokumenty/Publikacje własne/Manuscripts/Quantum_interference/data/P1-AL70752_nagniat.sur,743.9584665678483,810.0000000000001,809.0,532.0,655289.9999999508,Aluminium 7075,AL70752,quantum_like,256,256,0.0,2,P1,P1-AL70752_nagniat,area,Burnishing,nagniat,simple
361.882233181328,327.133259114379,330.4382999039521,450.82480521138234,405.6896736729729,411.1023927935191,2858.903610804722,2291.434062734852,5098.419384523485,0.05,0.05,34.74897406694901,31.443933277375915,45.13513153840941,39.722412417863275,567.4695480698701,-2239.5157737187633,0.0,0.0,/Users/dawid/Library/Mobile Documents/com~apple~CloudDocs/Dokumenty/Publikacje własne/Manuscripts/Quantum_interference/data/P1-AL70752_nagniat.sur,162.45349756145873,810.0000000000001,809.0,532.0,655289.9999999508,Aluminium 7075,AL70752,hybrid,256,256,0.0,2,P1,P1-AL70752_nagniat,area,Burnishing,nagniat,simple
341.5647700363034,327.133259114379,330.4382999039521,422.54128512868857,405.6896736729729,411.1023927935191,2356.1376571969204,2291.434062734852,5098.419384523485,0.05,0.05,14.4315109219244,11.126470132351308,16.851611455715652,11.438892335169514,64.70359446206844,-2742.281727326565,0.0,0.0,/Users/dawid/Library/Mobile Documents/com~apple~CloudDocs/Dokumenty/Publikacje własne/Manuscripts/Quantum_interference/data/P1-AL70752_nagniat.sur,169.7886171716837,810.0000000000001,809.0,532.0,655289.9999999508,Aluminium 7075,AL70752,classical,256,256,0.0,3,P1,P1-AL70752_nagniat,area,Burnishing,nagniat,simple
644.1492591387894,327.133259114379,330.4382999039521,807.6054777773228,405.6896736729729,411.1023927935191,7206.68865642178,2291.434062734852,5098.419384523485,0.05,0.05,317.0160000244104,313.7109592348373,401.91580410434983,396.50308498380366,4915.254593686928,2108.2692718982953,0.0,0.0,/Users/dawid/Library/Mobile Documents/com~apple~CloudDocs/Dokumenty/Publikacje własne/Manuscripts/Quantum_interference/data/P1-AL70752_nagniat.sur,704.2626126444087,810.0000000000001,809.0,532.0,655289.9999999508,Aluminium 7075,AL70752,quantum_like,256,256,0.0,3,P1,P1-AL70752_nagniat,area,Burnishing,nagniat,simple
337.01802860083507,327.133259114379,330.4382999039521,421.84895785606795,405.6896736729729,411.1023927935191,2845.9556253199216,2291.434062734852,5098.419384523485,0.05,0.05,9.884769486456072,6.579728696882979,16.159284183095018,10.746565062548877,554.5215625850698,-2252.4637592035638,0.0,0.0,/Users/dawid/Library/Mobile Documents/com~apple~CloudDocs/Dokumenty/Publikacje własne/Manuscripts/Quantum_interference/data/P1-AL70752_nagniat.sur,156.52002175131744,810.0000000000001,809.0,532.0,655289.9999999508,Aluminium 7075,AL70752,hybrid,256,256,0.0,3,P1,P1-AL70752_nagniat,area,Burnishing,nagniat,simple
0.17926307859349444,0.0003584054062409802,0.0007220720332325905,0.22450162187508588,0.0005485641750130267,0.0014155996819883096,1.8750265730798574,0.023651161583801494,0.10982922986895624,0.05,0.05,0.17890467318725348,0.17854100656026187,0.22395305770007284,0.22308602219309756,1.851375411496056,1.7651973432109012,0.0,0.0,/Users/dawid/Library/Mobile Documents/com~apple~CloudDocs/Dokumenty/Publikacje własne/Manuscripts/Quantum_interference/data/P1-AL70752_wedm_wyk.sur,0.2245029671380822,810.0000000000001,809.0,532.0,655289.9999999508,Aluminium 7075,AL70752,classical,256,256,0.0,0,P1,P1-AL70752_wedm_wyk,area,Wire EDM (finishing),wedm_wyk,simple
650.988470512895,0.0003584054062409802,0.0007220720332325905,814.2781655210324,0.0005485641750130267,0.0014155996819883096,7286.028919985555,0.023651161583801494,0.10982922986895624,0.05,0.05,650.9881121074887,650.9877484408618,814.2776169568573,814.2767499213504,7286.005268823971,7285.919090755686,0.0,0.0,/Users/dawid/Library/Mobile Documents/com~apple~CloudDocs/Dokumenty/Publikacje własne/Manuscripts/Quantum_interference/data/P1-AL70752_wedm_wyk.sur,814.2781654806593,810.0000000000001,809.0,532.0,655289.9999999508,Aluminium 7075,AL70752,quantum_like,256,256,0.0,0,P1,P1-AL70752_wedm_wyk,area,Wire EDM (finishing),wedm_wyk,simple
109.08250681546524,0.0003584054062409802,0.0007220720332325905,168.04581544266986,0.0005485641750130267,0.0014155996819883096,1090.9857620964824,0.023651161583801494,0.10982922986895624,0.05,0.05,109.082148410059,109.08178474343201,168.04526687849486,168.04439984298787,1090.9621109348986,1090.8759328666133,0.0,0.0,/Users/dawid/Library/Mobile Documents/com~apple~CloudDocs/Dokumenty/Publikacje własne/Manuscripts/Quantum_interference/data/P1-AL70752_wedm_wyk.sur,168.04581573145765,810.0000000000001,809.0,532.0,655289.9999999508,Aluminium 7075,AL70752,hybrid,256,256,0.0,0,P1,P1-AL70752_wedm_wyk,area,Wire EDM (finishing),wedm_wyk,simple
0.22744678815992878,0.0003584054062409802,0.0007220720332325905,0.28466314965968487,0.0005485641750130267,0.0014155996819883096,2.7051941861105893,0.023651161583801494,0.10982922986895624,0.05,0.05,0.2270883827536878,0.2267247161266962,0.28411458548467183,0.2832475499776965,2.681543024526788,2.595364956241633,0.0,0.0,/Users/dawid/Library/Mobile Documents/com~apple~CloudDocs/Dokumenty/Publikacje własne/Manuscripts/Quantum_interference/data/P1-AL70752_wedm_wyk.sur,0.2846621407491161,810.0000000000001,809.0,532.0,655289.9999999508,Aluminium 7075,AL70752,classical,256,256,0.0,1,P1,P1-AL70752_wedm_wyk,area,Wire EDM (finishing),wedm_wyk,simple
652.6033690561486,0.0003584054062409802,0.0007220720332325905,817.6097234265201,0.0005485641750130267,0.0014155996819883096,6829.427896293891,0.023651161583801494,0.10982922986895624,0.05,0.05,652.6030106507424,652.6026469841154,817.6091748623451,817.6083078268381,6829.404245132307,6829.318067064021,0.0,0.0,/Users/dawid/Library/Mobile Documents/com~apple~CloudDocs/Dokumenty/Publikacje własne/Manuscripts/Quantum_interference/data/P1-AL70752_wedm_wyk.sur,817.6097247971136,810.0000000000001,809.0,532.0,655289.9999999508,Aluminium 7075,AL70752,quantum_like,256,256,0.0,1,P1,P1-AL70752_wedm_wyk,area,Wire EDM (finishing),wedm_wyk,simple
149.0945095660938,0.0003584054062409802,0.0007220720332325905,175.8147474105981,0.0005485641750130267,0.0014155996819883096,1333.9794188022206,0.023651161583801494,0.10982922986895624,0.05,0.05,149.09415116068755,149.09378749406054,175.8141988464231,175.8133318109161,1333.9557676406369,1333.8695895723515,0.0,0.0,/Users/dawid/Library/Mobile Documents/com~apple~CloudDocs/Dokumenty/Publikacje własne/Manuscripts/Quantum_interference/data/P1-AL70752_wedm_wyk.sur,175.81474661869467,810.0000000000001,809.0,532.0,655289.9999999508,Aluminium 7075,AL70752,hybrid,256,256,0.0,1,P1,P1-AL70752_wedm_wyk,area,Wire EDM (finishing),wedm_wyk,simple
0.1957195938986206,0.0003584054062409802,0.0007220720332325905,0.24496224244322806,0.0005485641750130267,0.0014155996819883096,2.2525705157696514,0.023651161583801494,0.10982922986895624,0.05,0.05,0.19536118849237963,0.19499752186538802,0.24441367826821503,0.24354664276123975,2.2289193541858503,2.142741285900695,0.0,0.0,/Users/dawid/Library/Mobile Documents/com~apple~CloudDocs/Dokumenty/Publikacje własne/Manuscripts/Quantum_interference/data/P1-AL70752_wedm_wyk.sur,0.24496497715430662,810.0000000000001,809.0,532.0,655289.9999999508,Aluminium 7075,AL70752,classical,256,256,0.0,2,P1,P1-AL70752_wedm_wyk,area,Wire EDM (finishing),wedm_wyk,simple
530.377636171278,0.0003584054062409802,0.0007220720332325905,664.3013266304453,0.0005485641750130267,0.0014155996819883096,5469.104657311639,0.023651161583801494,0.10982922986895624,0.05,0.05,530.3772777658718,530.3769140992448,664.3007780662701,664.2999110307632,5469.081006150055,5468.99482808177,0.0,0.0,/Users/dawid/Library/Mobile Documents/com~apple~CloudDocs/Dokumenty/Publikacje własne/Manuscripts/Quantum_interference/data/P1-AL70752_wedm_wyk.sur,664.3013255771917,810.0000000000001,809.0,532.0,655289.9999999508,Aluminium 7075,AL70752,quantum_like,256,256,0.0,2,P1,P1-AL70752_wedm_wyk,area,Wire EDM (finishing),wedm_wyk,simple
141.16585187438193,0.0003584054062409802,0.0007220720332325905,149.2885529282988,0.0005485641750130267,0.0014155996819883096,1345.2794686696323,0.023651161583801494,0.10982922986895624,0.05,0.05,141.16549346897565,141.16512980234867,149.2880043641238,149.2871373286168,1345.2558175080485,1345.1696394397632,0.0,0.0,/Users/dawid/Library/Mobile Documents/com~apple~CloudDocs/Dokumenty/Publikacje własne/Manuscripts/Quantum_interference/data/P1-AL70752_wedm_wyk.sur,149.28855194999,810.0000000000001,809.0,532.0,655289.9999999508,Aluminium 7075,AL70752,hybrid,256,256,0.0,2,P1,P1-AL70752_wedm_wyk,area,Wire EDM (finishing),wedm_wyk,simple
0.17984491490964968,0.0003584054062409802,0.0007220720332325905,0.22531911965353205,0.0005485641750130267,0.0014155996819883096,1.923035033898675,0.023651161583801494,0.10982922986895624,0.05,0.05,0.17948650950340872,0.1791228428764171,0.22477055547851904,0.22390351997154373,1.8993838723148737,1.8132058040297188,0.0,0.0,/Users/dawid/Library/Mobile Documents/com~apple~CloudDocs/Dokumenty/Publikacje własne/Manuscripts/Quantum_interference/data/P1-AL70752_wedm_wyk.sur,0.2253175222664508,810.0000000000001,809.0,532.0,655289.9999999508,Aluminium 7075,AL70752,classical,256,256,0.0,3,P1,P1-AL70752_wedm_wyk,area,Wire EDM (finishing),wedm_wyk,simple
522.1108395983865,0.0003584054062409802,0.0007220720332325905,654.6125745143682,0.0005485641750130267,0.0014155996819883096,5685.191090278727,0.023651161583801494,0.10982922986895624,0.05,0.05,522.1104811929803,522.1101175263533,654.6120259501931,654.6111589146861,5685.167439117144,5685.081261048858,0.0,0.0,/Users/dawid/Library/Mobile Documents/com~apple~CloudDocs/Dokumenty/Publikacje własne/Manuscripts/Quantum_interference/data/P1-AL70752_wedm_wyk.sur,654.6125795183923,810.0000000000001,809.0,532.0,655289.9999999508,Aluminium 7075,AL70752,quantum_like,256,256,0.0,3,P1,P1-AL70752_wedm_wyk,area,Wire EDM (finishing),wedm_wyk,simple
130.43883038144426,0.0003584054062409802,0.0007220720332325905,146.35957582262094,0.0005485641750130267,0.0014155996819883096,803.1340471032321,0.023651161583801494,0.10982922986895624,0.05,0.05,130.43847197603802,130.438108309411,146.35902725844593,146.35816022293895,803.1103959416482,803.0242178733631,0.0,0.0,/Users/dawid/Library/Mobile Documents/com~apple~CloudDocs/Dokumenty/Publikacje własne/Manuscripts/Quantum_interference/data/P1-AL70752_wedm_wyk.sur,146.35958744313126,810.0000000000001,809.0,532.0,655289.9999999508,Aluminium 7075,AL70752,hybrid,256,256,0.0,3,P1,P1-AL70752_wedm_wyk,area,Wire EDM (finishing),wedm_wyk,simple
747.245686197291,4536.588572664918,5090.885428896734,952.8300714705214,5657.7091276911,6421.666175283541,6932.509604429238,58187.247640672605,122915.12441126864,0.05,0.05,-3789.3428864676266,-4343.639742699444,-4704.879056220579,-5468.836103813019,-51254.73803624337,-115982.61480683941,0.0,0.0,/Users/dawid/Library/Mobile Documents/com~apple~CloudDocs/Dokumenty/Publikacje własne/Manuscripts/Quantum_interference/data/P1-AL70752_wedm_zgru_1prz.sur,5749.85136196195,810.0000000000001,809.0,532.0,655289.9999999508,Aluminium 7075,AL70752,classical,256,256,0.0,0,P1,P1-AL70752_wedm_zgru_1prz,area,Wire EDM (roughing),wedm_zgru_1prz,simple
4523.891119123853,4536.588572664918,5090.885428896734,5648.968402759294,5657.7091276911,6421.666175283541,59261.01055913981,58187.247640672605,122915.12441126864,0.05,0.05,-12.697453541065032,-566.9943097728814,-8.74072493180606,-772.6977725242467,1073.7629184672057,-63654.11385212882,0.0,0.0,/Users/dawid/Library/Mobile Documents/com~apple~CloudDocs/Dokumenty/Publikacje własne/Manuscripts/Quantum_interference/data/P1-AL70752_wedm_zgru_1prz.sur,715.3509240753514,810.0000000000001,809.0,532.0,655289.9999999508,Aluminium 7075,AL70752,quantum_like,256,256,0.0,0,P1,P1-AL70752_wedm_zgru_1prz,area,Wire EDM (roughing),wedm_zgru_1prz,simple
2670.147315706226,4536.588572664918,5090.885428896734,3336.103160673431,5657.7091276911,6421.666175283541,28248.438514817888,58187.247640672605,122915.12441126864,0.05,0.05,-1866.441256958692,-2420.7381131905086,-2321.605967017669,-3085.56301461011,-29938.80912585472,-94666.68589645076,0.0,0.0,/Users/dawid/Library/Mobile Documents/com~apple~CloudDocs/Dokumenty/Publikacje własne/Manuscripts/Quantum_interference/data/P1-AL70752_wedm_zgru_1prz.sur,3383.4369743655475,810.0000000000001,809.0,532.0,655289.9999999508,Aluminium 7075,AL70752,hybrid,256,256,0.0,0,P1,P1-AL70752_wedm_zgru_1prz,area,Wire EDM (roughing),wedm_zgru_1prz,simple
740.9258013022899,4536.588572664918,5090.885428896734,948.8212706535485,5657.7091276911,6421.666175283541,7226.888135083914,58187.247640672605,122915.12441126864,0.05,0.05,-3795.662771362628,-4349.959627594444,-4708.887857037552,-5472.844904629992,-50960.3595055887,-115688.23627618473,0.0,0.0,/Users/dawid/Library/Mobile Documents/com~apple~CloudDocs/Dokumenty/Publikacje własne/Manuscripts/Quantum_interference/data/P1-AL70752_wedm_zgru_1prz.sur,5746.474874247516,810.0000000000001,809.0,532.0,655289.9999999508,Aluminium 7075,AL70752,classical,256,256,0.0,1,P1,P1-AL70752_wedm_zgru_1prz,area,Wire EDM (roughing),wedm_zgru_1prz,simple
4972.248111087905,4536.588572664918,5090.885428896734,6200.152045661363,5657.7091276911,6421.666175283541,61935.489014713225,58187.247640672605,122915.12441126864,0.05,0.05,435.6595384229874,-118.63731780882897,542.4429179702634,-221.51412962217728,3748.2413740406196,-60979.635396555415,0.0,0.0,/Users/dawid/Library/Mobile Documents/com~apple~CloudDocs/Dokumenty/Publikacje własne/Manuscripts/Quantum_interference/data/P1-AL70752_wedm_zgru_1prz.sur,895.1588668579972,810.0000000000001,809.0,532.0,655289.9999999508,Aluminium 7075,AL70752,quantum_like,256,256,0.0,1,P1,P1-AL70752_wedm_zgru_1prz,area,Wire EDM (roughing),wedm_zgru_1prz,simple
2937.8844313871336,4536.588572664918,5090.885428896734,3671.80082209402,5657.7091276911,6421.666175283541,30908.57485869394,58187.247640672605,122915.12441126864,0.05,0.05,-1598.7041412777842,-2153.0009975096004,-1985.9083055970798,-2749.86535318952,-27278.672781978665,-92006.5495525747,0.0,0.0,/Users/dawid/Library/Mobile Documents/com~apple~CloudDocs/Dokumenty/Publikacje własne/Manuscripts/Quantum_interference/data/P1-AL70752_wedm_zgru_1prz.sur,3257.173092145302,810.0000000000001,809.0,532.0,655289.9999999508,Aluminium 7075,AL70752,hybrid,256,256,0.0,1,P1,P1-AL70752_wedm_zgru_1prz,area,Wire EDM (roughing),wedm_zgru_1prz,simple
755.6002266347269,4536.588572664918,5090.885428896734,962.4328972880936,5657.7091276911,6421.666175283541,7485.839847422515,58187.247640672605,122915.12441126864,0.05,0.05,-3780.9883460301908,-4335.285202262008,-4695.276230403007,-5459.233277995447,-50701.40779325009,-115429.28456384613,0.0,0.0,/Users/dawid/Library/Mobile Documents/com~apple~CloudDocs/Dokumenty/Publikacje własne/Manuscripts/Quantum_interference/data/P1-AL70752_wedm_zgru_1prz.sur,5746.332590741585,810.0000000000001,809.0,532.0,655289.9999999508,Aluminium 7075,AL70752,classical,256,256,0.0,2,P1,P1-AL70752_wedm_zgru_1prz,area,Wire EDM (roughing),wedm_zgru_1prz,simple
4699.671462257758,4536.588572664918,5090.885428896734,5863.366353176506,5657.7091276911,6421.666175283541,62521.51047107389,58187.247640672605,122915.12441126864,0.05,0.05,163.08288959284033,-391.21396663897605,205.65722548540637,-558.2998221070343,4334.262830401285,-60393.613940194744,0.0,0.0,/Users/dawid/Library/Mobile Documents/com~apple~CloudDocs/Dokumenty/Publikacje własne/Manuscripts/Quantum_interference/data/P1-AL70752_wedm_zgru_1prz.sur,777.954672842842,810.0000000000001,809.0,532.0,655289.9999999508,Aluminium 7075,AL70752,quantum_like,256,256,0.0,2,P1,P1-AL70752_wedm_zgru_1prz,area,Wire EDM (roughing),wedm_zgru_1prz,simple
2770.126145560857,4536.588572664918,5090.885428896734,3457.7671318727307,5657.7091276911,6421.666175283541,29570.438971834614,58187.247640672605,122915.12441126864,0.05,0.05,-1766.4624271040611,-2320.7592833358776,-2199.9419958183694,-2963.89904341081,-28616.80866883799,-93344.68543943403,0.0,0.0,/Users/dawid/Library/Mobile Documents/com~apple~CloudDocs/Dokumenty/Publikacje własne/Manuscripts/Quantum_interference/data/P1-AL70752_wedm_zgru_1prz.sur,3333.675366005162,810.0000000000001,809.0,532.0,655289.9999999508,Aluminium 7075,AL70752,hybrid,256,256,0.0,2,P1,P1-AL70752_wedm_zgru_1prz,area,Wire EDM (roughing),wedm_zgru_1prz,simple
736.2286551758159,4536.588572664918,5090.885428896734,944.4576520562256,5657.7091276911,6421.666175283541,7719.215258476938,58187.247640672605,122915.12441126864,0.05,0.05,-3800.359917489102,-4354.656773720918,-4713.251475634875,-5477.208523227315,-50468.03238219567,-115195.9091527917,0.0,0.0,/Users/dawid/Library/Mobile Documents/com~apple~CloudDocs/Dokumenty/Publikacje własne/Manuscripts/Quantum_interference/data/P1-AL70752_wedm_zgru_1prz.sur,5749.346173662656,810.0000000000001,809.0,532.0,655289.9999999508,Aluminium 7075,AL70752,classical,256,256,0.0,3,P1,P1-AL70752_wedm_zgru_1prz,area,Wire EDM (roughing),wedm_zgru_1prz,simple
4188.993880874653,4536.588572664918,5090.885428896734,5227.738773835179,5657.7091276911,6421.666175283541,55531.687525851725,58187.247640672605,122915.12441126864,0.05,0.05,-347.59469179026496,-901.8915480220813,-429.9703538559213,-1193.927401448362,-2655.560114820879,-67383.43688541692,0.0,0.0,/Users/dawid/Library/Mobile Documents/com~apple~CloudDocs/Dokumenty/Publikacje własne/Manuscripts/Quantum_interference/data/P1-AL70752_wedm_zgru_1prz.sur,795.5856900147562,810.0000000000001,809.0,532.0,655289.9999999508,Aluminium 7075,AL70752,quantum_like,256,256,0.0,3,P1,P1-AL70752_wedm_zgru_1prz,area,Wire EDM (roughing),wedm_zgru_1prz,simple
2473.036946819418,4536.588572664918,5090.885428896734,3090.5814813972497,5657.7091276911,6421.666175283541,26115.740685250963,58187.247640672605,122915.12441126864,0.05,0.05,-2063.5516258454995,-2617.848482077316,-2567.1276462938504,-3331.084693886291,-32071.506955421642,-96799.38372601768,0.0,0.0,/Users/dawid/Library/Mobile Documents/com~apple~CloudDocs/Dokumenty/Publikacje własne/Manuscripts/Quantum_interference/data/P1-AL70752_wedm_zgru_1prz.sur,3493.9064735688567,810.0000000000001,809.0,532.0,655289.9999999508,Aluminium 7075,AL70752,hybrid,256,256,0.0,3,P1,P1-AL70752_wedm_zgru_1prz,area,Wire EDM (roughing),wedm_zgru_1prz,simple
705.2479302300977,374635.40711837687,386337.33015214914,924.5392946443174,468767.4817956795,687536.3225057478,6549.814469469053,7017210.988175499,37520538.8651078,0.05,0.05,-373930.15918814676,-385632.0822219191,-467842.94250103517,-686611.7832111034,-7010661.1737060305,-37513989.05063833,0.0,0.0,/Users/dawid/Library/Mobile Documents/com~apple~CloudDocs/Dokumenty/Publikacje własne/Manuscripts/Quantum_interference/data/P1-AL7075_frez_wyk.sur,468787.5994244101,810.0000000000001,809.0,532.0,655289.9999999508,Aluminium 7075,AL7075,classical,256,256,0.0,0,P1,P1-AL7075_frez_wyk,area,Milling (finishing),frez_wyk,simple
381393.23933975,374635.40711837687,386337.33015214914,464356.44034819497,468767.4817956795,687536.3225057478,3595222.348692392,7017210.988175499,37520538.8651078,0.05,0.05,6757.832221373117,-4944.090812399158,-4411.041447484559,-223179.88215755284,-3421988.6394831073,-33925316.51641541,0.0,0.0,/Users/dawid/Library/Mobile Documents/com~apple~CloudDocs/Dokumenty/Publikacje własne/Manuscripts/Quantum_interference/data/P1-AL7075_frez_wyk.sur,340310.6926313132,810.0000000000001,809.0,532.0,655289.9999999508,Aluminium 7075,AL7075,quantum_like,256,256,0.0,0,P1,P1-AL7075_frez_wyk,area,Milling (finishing),frez_wyk,simple
334501.31658685784,374635.40711837687,386337.33015214914,408664.5531193686,468767.4817956795,687536.3225057478,2257306.8583372664,7017210.988175499,37520538.8651078,0.05,0.05,-40134.09053151907,-51836.013565291345,-60102.928676310905,-278871.76938637916,-4759904.129838233,-35263232.00677054,0.0,0.0,/Users/dawid/Library/Mobile Documents/com~apple~CloudDocs/Dokumenty/Publikacje własne/Manuscripts/Quantum_interference/data/P1-AL7075_frez_wyk.sur,257212.18191079432,810.0000000000001,809.0,532.0,655289.9999999508,Aluminium 7075,AL7075,hybrid,256,256,0.0,0,P1,P1-AL7075_frez_wyk,area,Milling (finishing),frez_wyk,simple
710.7589508768248,374635.40711837687,386337.33015214914,932.3381879313145,468767.4817956795,687536.3225057478,6332.815366089997,7017210.988175499,37520538.8651078,0.05,0.05,-373924.64816750004,-385626.57120127237,-467835.1436077482,-686603.9843178164,-7010878.172809409,-37514206.04974171,0.0,0.0,/Users/dawid/Library/Mobile Documents/com~apple~CloudDocs/Dokumenty/Publikacje własne/Manuscripts/Quantum_interference/data/P1-AL7075_frez_wyk.sur,468790.34533486905,810.0000000000001,809.0,532.0,655289.9999999508,Aluminium 7075,AL7075,classical,256,256,0.0,1,P1,P1-AL7075_frez_wyk,area,Milling (finishing),frez_wyk,simple
380615.29735948367,374635.40711837687,386337.33015214914,463349.78541740775,468767.4817956795,687536.3225057478,3424077.2230382096,7017210.988175499,37520538.8651078,0.05,0.05,5979.890241106776,-5722.032792665498,-5417.696378271744,-224186.53708834003,-3593133.7651372897,-34096461.642069586,0.0,0.0,/Users/dawid/Library/Mobile Documents/com~apple~CloudDocs/Dokumenty/Publikacje własne/Manuscripts/Quantum_interference/data/P1-AL7075_frez_wyk.sur,341719.2839868382,810.0000000000001,809.0,532.0,655289.9999999508,Aluminium 7075,AL7075,quantum_like,256,256,0.0,1,P1,P1-AL7075_frez_wyk,area,Milling (finishing),frez_wyk,simple
333027.2083799825,374635.40711837687,386337.33015214914,404971.0094864596,468767.4817956795,687536.3225057478,2230140.2481602505,7017210.988175499,37520538.8651078,0.05,0.05,-41608.19873839439,-53310.12177216667,-63796.47230921991,-282565.3130192882,-4787070.740015249,-35290398.61694755,0.0,0.0,/Users/dawid/Library/Mobile Documents/com~apple~CloudDocs/Dokumenty/Publikacje własne/Manuscripts/Quantum_interference/data/P1-AL7075_frez_wyk.sur,255082.95374773958,810.0000000000001,809.0,532.0,655289.9999999508,Aluminium 7075,AL7075,hybrid,256,256,0.0,1,P1,P1-AL7075_frez_wyk,area,Milling (finishing),frez_wyk,simple
708.0985245910795,374635.40711837687,386337.33015214914,924.1051151507627,468767.4817956795,687536.3225057478,6769.529226093075,7017210.988175499,37520538.8651078,0.05,0.05,-373927.3085937858,-385629.23162755807,-467843.37668052875,-686612.217390597,-7010441.458949407,-37513769.33588171,0.0,0.0,/Users/dawid/Library/Mobile Documents/com~apple~CloudDocs/Dokumenty/Publikacje własne/Manuscripts/Quantum_interference/data/P1-AL7075_frez_wyk.sur,468789.6157551838,810.0000000000001,809.0,532.0,655289.9999999508,Aluminium 7075,AL7075,classical,256,256,0.0,2,P1,P1-AL7075_frez_wyk,area,Milling (finishing),frez_wyk,simple
383656.71142969833,374635.40711837687,386337.33015214914,467530.69182816596,468767.4817956795,687536.3225057478,3599109.793425828,7017210.988175499,37520538.8651078,0.05,0.05,9021.30431132143,-2680.6187224508453,-1236.7899675135495,-220005.63067758182,-3418101.194749671,-33921429.07168197,0.0,0.0,/Users/dawid/Library/Mobile Documents/com~apple~CloudDocs/Dokumenty/Publikacje własne/Manuscripts/Quantum_interference/data/P1-AL7075_frez_wyk.sur,342774.4311434878,810.0000000000001,809.0,532.0,655289.9999999508,Aluminium 7075,AL7075,quantum_like,256,256,0.0,2,P1,P1-AL7075_frez_wyk,area,Milling (finishing),frez_wyk,simple
334024.6761379485,374635.40711837687,386337.33015214914,409015.7551233504,468767.4817956795,687536.3225057478,2256416.2984396624,7017210.988175499,37520538.8651078,0.05,0.05,-40610.73098042837,-52312.65401420065,-59751.72667232911,-278520.5673823974,-4760794.689735836,-35264122.56666814,0.0,0.0,/Users/dawid/Library/Mobile Documents/com~apple~CloudDocs/Dokumenty/Publikacje własne/Manuscripts/Quantum_interference/data/P1-AL7075_frez_wyk.sur,255287.0300126918,810.0000000000001,809.0,532.0,655289.9999999508,Aluminium 7075,AL7075,hybrid,256,256,0.0,2,P1,P1-AL7075_frez_wyk,area,Milling (finishing),frez_wyk,simple
696.3801520404705,374635.40711837687,386337.33015214914,919.1671904288185,468767.4817956795,687536.3225057478,7330.598465370064,7017210.988175499,37520538.8651078,0.05,0.05,-373939.0269663364,-385640.9500001087,-467848.31460525066,-686617.155315319,-7009880.389710129,-37513208.26664243,0.0,0.0,/Users/dawid/Library/Mobile Documents/com~apple~CloudDocs/Dokumenty/Publikacje własne/Manuscripts/Quantum_interference/data/P1-AL7075_frez_wyk.sur,468795.99748446647,810.0000000000001,809.0,532.0,655289.9999999508,Aluminium 7075,AL7075,classical,256,256,0.0,3,P1,P1-AL7075_frez_wyk,area,Milling (finishing),frez_wyk,simple
378904.32131799805,374635.40711837687,386337.33015214914,463076.03144097276,468767.4817956795,687536.3225057478,3568760.8126695575,7017210.988175499,37520538.8651078,0.05,0.05,4268.91419962115,-7433.008834151125,-5691.450354706757,-224460.29106477505,-3448450.1755059417,-33951778.05243824,0.0,0.0,/Users/dawid/Library/Mobile Documents/com~apple~CloudDocs/Dokumenty/Publikacje własne/Manuscripts/Quantum_interference/data/P1-AL7075_frez_wyk.sur,338800.63141850784,810.0000000000001,809.0,532.0,655289.9999999508,Aluminium 7075,AL7075,quantum_like,256,256,0.0,3,P1,P1-AL7075_frez_wyk,area,Milling (finishing),frez_wyk,simple
333227.8414809814,374635.40711837687,386337.33015214914,407321.5111899316,468767.4817956795,687536.3225057478,2204349.734861674,7017210.988175499,37520538.8651078,0.05,0.05,-41407.56563739551,-53109.48867116779,-61445.970605747934,-280214.81131581625,-4812861.2533138255,-35316189.130246125,0.0,0.0,/Users/dawid/Library/Mobile Documents/com~apple~CloudDocs/Dokumenty/Publikacje własne/Manuscripts/Quantum_interference/data/P1-AL7075_frez_wyk.sur,255255.32115461986,810.0000000000001,809.0,532.0,655289.9999999508,Aluminium 7075,AL7075,hybrid,256,256,0.0,3,P1,P1-AL7075_frez_wyk,area,Milling (finishing),frez_wyk,simple
314.00935611237264,144.15207454052342,176.1165973340421,389.06602087804333,195.0547431686774,345.94806999303705,2807.2918432746533,13395.505415319141,53690.94074605003,0.05,0.05,169.8572815718492,137.89275877833052,194.01127770936594,43.11795088500629,-10588.213572044488,-50883.64890277538,0.0,0.0,/Users/dawid/Library/Mobile Documents/com~apple~CloudDocs/Dokumenty/Publikacje własne/Manuscripts/Quantum_interference/data/P1-AL7075_frez_zgr.sur,329.8558651636824,810.0000000000001,809.0,532.0,655289.9999999508,Aluminium 7075,AL7075,classical,256,256,0.0,0,P1,P1-AL7075_frez_zgr,area,Milling (roughing),frez_zgr,simple
585.5339851896914,144.15207454052342,176.1165973340421,735.816480356528,195.0547431686774,345.94806999303705,14031.333241947228,13395.505415319141,53690.94074605003,0.05,0.05,441.381910649168,409.4173878556493,540.7617371878506,389.86841036349097,635.8278266280884,-39659.6075041028,0.0,0.0,/Users/dawid/Library/Mobile Documents/com~apple~CloudDocs/Dokumenty/Publikacje własne/Manuscripts/Quantum_interference/data/P1-AL7075_frez_zgr.sur,710.1781460251119,810.0000000000001,809.0,532.0,655289.9999999508,Aluminium 7075,AL7075,quantum_like,256,256,0.0,0,P1,P1-AL7075_frez_zgr,area,Milling (roughing),frez_zgr,simple
182.54240253635516,144.15207454052342,176.1165973340421,228.44379820505048,195.0547431686774,345.94806999303705,2956.5010100694526,13395.505415319141,53690.94074605003,0.05,0.05,38.39032799583174,6.425805202313066,33.3890550363731,-117.50427178798657,-10439.004405249689,-50734.43973598058,0.0,0.0,/Users/dawid/Library/Mobile Documents/com~apple~CloudDocs/Dokumenty/Publikacje własne/Manuscripts/Quantum_interference/data/P1-AL7075_frez_zgr.sur,178.6341992560613,810.0000000000001,809.0,532.0,655289.9999999508,Aluminium 7075,AL7075,hybrid,256,256,0.0,0,P1,P1-AL7075_frez_zgr,area,Milling (roughing),frez_zgr,simple
303.25749714554587,144.15207454052342,176.1165973340421,380.1559355777032,195.0547431686774,345.94806999303705,2544.536962103921,13395.505415319141,53690.94074605003,0.05,0.05,159.10542260502248,127.1408998115038,185.10119240902583,34.20786558466616,-10850.96845321522,-51146.403783946116,0.0,0.0,/Users/dawid/Library/Mobile Documents/com~apple~CloudDocs/Dokumenty/Publikacje własne/Manuscripts/Quantum_interference/data/P1-AL7075_frez_zgr.sur,320.4375147689933,810.0000000000001,809.0,532.0,655289.9999999508,Aluminium 7075,AL7075,classical,256,256,0.0,1,P1,P1-AL7075_frez_zgr,area,Milling (roughing),frez_zgr,simple
537.3538101649516,144.15207454052342,176.1165973340421,675.9433722729755,195.0547431686774,345.94806999303705,12743.053011075712,13395.505415319141,53690.94074605003,0.05,0.05,393.2017356244282,361.23721283090947,480.8886291042981,329.9953022799384,-652.4524042434294,-40947.88773497432,0.0,0.0,/Users/dawid/Library/Mobile Documents/com~apple~CloudDocs/Dokumenty/Publikacje własne/Manuscripts/Quantum_interference/data/P1-AL7075_frez_zgr.sur,654.0250231755474,810.0000000000001,809.0,532.0,655289.9999999508,Aluminium 7075,AL7075,quantum_like,256,256,0.0,1,P1,P1-AL7075_frez_zgr,area,Milling (roughing),frez_zgr,simple
165.88064719872,144.15207454052342,176.1165973340421,207.96472959639638,195.0547431686774,345.94806999303705,2845.691946619901,13395.505415319141,53690.94074605003,0.05,0.05,21.72857265819659,-10.23595013532208,12.909986427719005,-137.98334039664067,-10549.81346869924,-50845.248799430134,0.0,0.0,/Users/dawid/Library/Mobile Documents/com~apple~CloudDocs/Dokumenty/Publikacje własne/Manuscripts/Quantum_interference/data/P1-AL7075_frez_zgr.sur,170.15254606988685,810.0000000000001,809.0,532.0,655289.9999999508,Aluminium 7075,AL7075,hybrid,256,256,0.0,1,P1,P1-AL7075_frez_zgr,area,Milling (roughing),frez_zgr,simple
347.3069700600786,144.15207454052342,176.1165973340421,427.8117593277287,195.0547431686774,345.94806999303705,3283.296291150402,13395.505415319141,53690.94074605003,0.05,0.05,203.15489551955517,171.1903727260365,232.7570161590513,81.86368933469163,-10112.20912416874,-50407.64445489963,0.0,0.0,/Users/dawid/Library/Mobile Documents/com~apple~CloudDocs/Dokumenty/Publikacje własne/Manuscripts/Quantum_interference/data/P1-AL7075_frez_zgr.sur,364.99053544563924,810.0000000000001,809.0,532.0,655289.9999999508,Aluminium 7075,AL7075,classical,256,256,0.0,2,P1,P1-AL7075_frez_zgr,area,Milling (roughing),frez_zgr,simple
520.6729064251261,144.15207454052342,176.1165973340421,654.4485926716025,195.0547431686774,345.94806999303705,12236.461919239991,13395.505415319141,53690.94074605003,0.05,0.05,376.5208318846028,344.5563090910841,459.3938495029251,308.5005226785654,-1159.0434960791497,-41454.478826810046,0.0,0.0,/Users/dawid/Library/Mobile Documents/com~apple~CloudDocs/Dokumenty/Publikacje własne/Manuscripts/Quantum_interference/data/P1-AL7075_frez_zgr.sur,629.6214057345024,810.0000000000001,809.0,532.0,655289.9999999508,Aluminium 7075,AL7075,quantum_like,256,256,0.0,2,P1,P1-AL7075_frez_zgr,area,Milling (roughing),frez_zgr,simple
165.3774273576603,144.15207454052342,176.1165973340421,208.17813967216824,195.0547431686774,345.94806999303705,2763.128606871914,13395.505415319141,53690.94074605003,0.05,0.05,21.22535281713688,-10.739169976381792,13.123396503490849,-137.7699303208688,-10632.376808447227,-50927.81213917812,0.0,0.0,/Users/dawid/Library/Mobile Documents/com~apple~CloudDocs/Dokumenty/Publikacje własne/Manuscripts/Quantum_interference/data/P1-AL7075_frez_zgr.sur,164.42637186273328,810.0000000000001,809.0,532.0,655289.9999999508,Aluminium 7075,AL7075,hybrid,256,256,0.0,2,P1,P1-AL7075_frez_zgr,area,Milling (roughing),frez_zgr,simple
318.2587175877435,144.15207454052342,176.1165973340421,391.4306894686238,195.0547431686774,345.94806999303705,3059.0572937545535,13395.505415319141,53690.94074605003,0.05,0.05,174.10664304722008,142.14212025370142,196.37594629994646,45.482619475586795,-10336.448121564588,-50631.88345229548,0.0,0.0,/Users/dawid/Library/Mobile Documents/com~apple~CloudDocs/Dokumenty/Publikacje własne/Manuscripts/Quantum_interference/data/P1-AL7075_frez_zgr.sur,332.55803504350206,810.0000000000001,809.0,532.0,655289.9999999508,Aluminium 7075,AL7075,classical,256,256,0.0,3,P1,P1-AL7075_frez_zgr,area,Milling (roughing),frez_zgr,simple
532.8515719230675,144.15207454052342,176.1165973340421,670.6689157610269,195.0547431686774,345.94806999303705,13768.714625073724,13395.505415319141,53690.94074605003,0.05,0.05,388.69949738254405,356.7349745890254,475.6141725923495,324.72084576798983,373.20920975458347,-39922.22612097631,0.0,0.0,/Users/dawid/Library/Mobile Documents/com~apple~CloudDocs/Dokumenty/Publikacje własne/Manuscripts/Quantum_interference/data/P1-AL7075_frez_zgr.sur,646.4686059626891,810.0000000000001,809.0,532.0,655289.9999999508,Aluminium 7075,AL7075,quantum_like,256,256,0.0,3,P1,P1-AL7075_frez_zgr,area,Milling (roughing),frez_zgr,simple
165.82350750181138,144.15207454052342,176.1165973340421,210.0597972357062,195.0547431686774,345.94806999303705,3022.5460209454063,13395.505415319141,53690.94074605003,0.05,0.05,21.671432961287966,-10.293089832230706,15.00505406702882,-135.88827275733084,-10372.959394373735,-50668.39472510462,0.0,0.0,/Users/dawid/Library/Mobile Documents/com~apple~CloudDocs/Dokumenty/Publikacje własne/Manuscripts/Quantum_interference/data/P1-AL7075_frez_zgr.sur,166.3285372069917,810.0000000000001,809.0,532.0,655289.9999999508,Aluminium 7075,AL7075,hybrid,256,256,0.0,3,P1,P1-AL7075_frez_zgr,area,Milling (roughing),frez_zgr,simple
783.5452531799432,2781.705846909539,2851.069027265254,1002.6725070610325,3200.986502044666,3375.9853169491635,7967.158604978953,15955.285939709558,59633.0796095711,0.05,0.05,-1998.160593729596,-2067.523774085311,-2198.3139949836336,-2373.312809888131,-7988.127334730605,-51665.92100459214,0.0,0.0,/Users/dawid/Library/Mobile Documents/com~apple~CloudDocs/Dokumenty/Publikacje własne/Manuscripts/Quantum_interference/data/P1-AL7075_t_zgrub.sur,3330.3530354941026,810.0000000000001,809.0,532.0,655289.9999999508,Aluminium 7075,AL7075,classical,256,256,0.0,0,P1,P1-AL7075_t_zgrub,area,Turning (roughing),t_zgrub,simple
2955.8312642897276,2781.705846909539,2851.069027265254,3428.1305151551765,3200.986502044666,3375.9853169491635,17904.799006844325,15955.285939709558,59633.0796095711,0.05,0.05,174.12541738018854,104.7622370244737,227.14401311051049,52.14519820601297,1949.5130671347654,-41728.280602726765,0.0,0.0,/Users/dawid/Library/Mobile Documents/com~apple~CloudDocs/Dokumenty/Publikacje własne/Manuscripts/Quantum_interference/data/P1-AL7075_t_zgrub.sur,765.1266386116675,810.0000000000001,809.0,532.0,655289.9999999508,Aluminium 7075,AL7075,quantum_like,256,256,0.0,0,P1,P1-AL7075_t_zgrub,area,Turning (roughing),t_zgrub,simple
1830.9847217501647,2781.705846909539,2851.069027265254,2093.8545178344857,3200.986502044666,3375.9853169491635,11580.032339414878,15955.285939709558,59633.0796095711,0.05,0.05,-950.7211251593744,-1020.0843055150893,-1107.1319842101802,-1282.1307991146778,-4375.253600294681,-48053.04727015622,0.0,0.0,/Users/dawid/Library/Mobile Documents/com~apple~CloudDocs/Dokumenty/Publikacje własne/Manuscripts/Quantum_interference/data/P1-AL7075_t_zgrub.sur,1275.1362535312633,810.0000000000001,809.0,532.0,655289.9999999508,Aluminium 7075,AL7075,hybrid,256,256,0.0,0,P1,P1-AL7075_t_zgrub,area,Turning (roughing),t_zgrub,simple
842.528486138726,2781.705846909539,2851.069027265254,1071.03476441134,3200.986502044666,3375.9853169491635,8458.892432016708,15955.285939709558,59633.0796095711,0.05,0.05,-1939.177360770813,-2008.540541126528,-2129.951737633326,-2304.9505525378236,-7496.39350769285,-51174.18717755439,0.0,0.0,/Users/dawid/Library/Mobile Documents/com~apple~CloudDocs/Dokumenty/Publikacje własne/Manuscripts/Quantum_interference/data/P1-AL7075_t_zgrub.sur,3346.9030248875256,810.0000000000001,809.0,532.0,655289.9999999508,Aluminium 7075,AL7075,classical,256,256,0.0,1,P1,P1-AL7075_t_zgrub,area,Turning (roughing),t_zgrub,simple
3022.209571448164,2781.705846909539,2851.069027265254,3507.2318763906283,3200.986502044666,3375.9853169491635,19623.302127603565,15955.285939709558,59633.0796095711,0.05,0.05,240.50372453862488,171.14054418291005,306.2453743459623,131.2465594414648,3668.0161878940085,-40009.777481967525,0.0,0.0,/Users/dawid/Library/Mobile Documents/com~apple~CloudDocs/Dokumenty/Publikacje własne/Manuscripts/Quantum_interference/data/P1-AL7075_t_zgrub.sur,831.5047187771003,810.0000000000001,809.0,532.0,655289.9999999508,Aluminium 7075,AL7075,quantum_like,256,256,0.0,1,P1,P1-AL7075_t_zgrub,area,Turning (roughing),t_zgrub,simple
1870.1908247052904,2781.705846909539,2851.069027265254,2137.7052765710564,3200.986502044666,3375.9853169491635,11143.84989444003,15955.285939709558,59633.0796095711,0.05,0.05,-911.5150222042488,-980.8782025599637,-1063.2812254736095,-1238.280040378107,-4811.436045269528,-48489.22971513106,0.0,0.0,/Users/dawid/Library/Mobile Documents/com~apple~CloudDocs/Dokumenty/Publikacje własne/Manuscripts/Quantum_interference/data/P1-AL7075_t_zgrub.sur,1240.4180538749265,810.0000000000001,809.0,532.0,655289.9999999508,Aluminium 7075,AL7075,hybrid,256,256,0.0,1,P1,P1-AL7075_t_zgrub,area,Turning (roughing),t_zgrub,simple
774.2563302185456,2781.705846909539,2851.069027265254,986.5054340669298,3200.986502044666,3375.9853169491635,7659.978241134981,15955.285939709558,59633.0796095711,0.05,0.05,-2007.4495166909935,-2076.8126970467083,-2214.481067977736,-2389.4798828822336,-8295.307698574577,-51973.10136843612,0.0,0.0,/Users/dawid/Library/Mobile Documents/com~apple~CloudDocs/Dokumenty/Publikacje własne/Manuscripts/Quantum_interference/data/P1-AL7075_t_zgrub.sur,3330.9170157466506,810.0000000000001,809.0,532.0,655289.9999999508,Aluminium 7075,AL7075,classical,256,256,0.0,2,P1,P1-AL7075_t_zgrub,area,Turning (roughing),t_zgrub,simple
2310.5881543683,2781.705846909539,2851.069027265254,2681.4457033239055,3200.986502044666,3375.9853169491635,14908.748910853383,15955.285939709558,59633.0796095711,0.05,0.05,-471.1176925412391,-540.4808728969539,-519.5407987207604,-694.539613625258,-1046.537028856175,-44724.33069871771,0.0,0.0,/Users/dawid/Library/Mobile Documents/com~apple~CloudDocs/Dokumenty/Publikacje własne/Manuscripts/Quantum_interference/data/P1-AL7075_t_zgrub.sur,850.8002160336792,810.0000000000001,809.0,532.0,655289.9999999508,Aluminium 7075,AL7075,quantum_like,256,256,0.0,2,P1,P1-AL7075_t_zgrub,area,Turning (roughing),t_zgrub,simple
1429.820068877483,2781.705846909539,2851.069027265254,1635.8772036599473,3200.986502044666,3375.9853169491635,8994.03384433247,15955.285939709558,59633.0796095711,0.05,0.05,-1351.8857780320561,-1421.248958387771,-1565.1092983847186,-1740.1081132892161,-6961.252095377086,-50639.045765238625,0.0,0.0,/Users/dawid/Library/Mobile Documents/com~apple~CloudDocs/Dokumenty/Publikacje własne/Manuscripts/Quantum_interference/data/P1-AL7075_t_zgrub.sur,1664.1487219050716,810.0000000000001,809.0,532.0,655289.9999999508,Aluminium 7075,AL7075,hybrid,256,256,0.0,2,P1,P1-AL7075_t_zgrub,area,Turning (roughing),t_zgrub,simple
692.6460090672502,2781.705846909539,2851.069027265254,897.5421840435728,3200.986502044666,3375.9853169491635,7477.188791690061,15955.285939709558,59633.0796095711,0.05,0.05,-2089.0598378422887,-2158.423018198004,-2303.4443180010935,-2478.443132905591,-8478.097148019497,-52155.89081788103,0.0,0.0,/Users/dawid/Library/Mobile Documents/com~apple~CloudDocs/Dokumenty/Publikacje własne/Manuscripts/Quantum_interference/data/P1-AL7075_t_zgrub.sur,3304.2460856884827,810.0000000000001,809.0,532.0,655289.9999999508,Aluminium 7075,AL7075,classical,256,256,0.0,3,P1,P1-AL7075_t_zgrub,area,Turning (roughing),t_zgrub,simple
2814.9169842770098,2781.705846909539,2851.069027265254,3267.504631153641,3200.986502044666,3375.9853169491635,17266.33867364489,15955.285939709558,59633.0796095711,0.05,0.05,33.211137367470855,-36.15204298824399,66.51812910897516,-108.48068579552236,1311.0527339353298,-42366.74093592621,0.0,0.0,/Users/dawid/Library/Mobile Documents/com~apple~CloudDocs/Dokumenty/Publikacje własne/Manuscripts/Quantum_interference/data/P1-AL7075_t_zgrub.sur,714.38764930466,810.0000000000001,809.0,532.0,655289.9999999508,Aluminium 7075,AL7075,quantum_like,256,256,0.0,3,P1,P1-AL7075_t_zgrub,area,Turning (roughing),t_zgrub,simple
1745.494312502297,2781.705846909539,2851.069027265254,1996.1552533450238,3200.986502044666,3375.9853169491635,10853.309731123178,15955.285939709558,59633.0796095711,0.05,0.05,-1036.2115344072422,-1105.574714762957,-1204.8312486996422,-1379.8300636041397,-5101.97620858638,-48779.769878447914,0.0,0.0,/Users/dawid/Library/Mobile Documents/com~apple~CloudDocs/Dokumenty/Publikacje własne/Manuscripts/Quantum_interference/data/P1-AL7075_t_zgrub.sur,1354.087953632804,810.0000000000001,809.0,532.0,655289.9999999508,Aluminium 7075,AL7075,hybrid,256,256,0.0,3,P1,P1-AL7075_t_zgrub,area,Turning (roughing),t_zgrub,simple
918.7084455028166,130.73348608781825,168.57388938374433,1198.5480025853942,177.0636983466566,322.9701285319562,9897.86695047922,2362.6658188260194,15504.124678627684,0.05,0.05,787.9749594149985,750.1345561190723,1021.4843042387376,875.5778740534382,7535.201131653201,-5606.257728148465,0.0,0.0,/Users/dawid/Library/Mobile Documents/com~apple~CloudDocs/Dokumenty/Publikacje własne/Manuscripts/Quantum_interference/data/P1-C45_frez_wyk.sur,1216.0545264702037,810.0000000000001,809.0,532.0,655289.9999999508,Steel C45,C45,classical,256,256,0.0,0,P1,P1-C45_frez_wyk,area,Milling (finishing),frez_wyk,simple
516.7903322211155,130.73348608781825,168.57388938374433,648.0385723384549,177.0636983466566,322.9701285319562,5483.606498525563,2362.6658188260194,15504.124678627684,0.05,0.05,386.0568461332972,348.2164428373711,470.97487399179823,325.06844380649864,3120.940679699544,-10020.51818010212,0.0,0.0,/Users/dawid/Library/Mobile Documents/com~apple~CloudDocs/Dokumenty/Publikacje własne/Manuscripts/Quantum_interference/data/P1-C45_frez_wyk.sur,627.5483715767402,810.0000000000001,809.0,532.0,655289.9999999508,Steel C45,C45,quantum_like,256,256,0.0,0,P1,P1-C45_frez_wyk,area,Milling (finishing),frez_wyk,simple
131.98566639730123,130.73348608781825,168.57388938374433,165.60187098523346,177.0636983466566,322.9701285319562,1619.2026039210407,2362.6658188260194,15504.124678627684,0.05,0.05,1.252180309482977,-36.58822298644311,-11.461827361423117,-157.36825754672273,-743.4632149049788,-13884.922074706645,0.0,0.0,/Users/dawid/Library/Mobile Documents/com~apple~CloudDocs/Dokumenty/Publikacje własne/Manuscripts/Quantum_interference/data/P1-C45_frez_wyk.sur,192.75120634618156,810.0000000000001,809.0,532.0,655289.9999999508,Steel C45,C45,hybrid,256,256,0.0,0,P1,P1-C45_frez_wyk,area,Milling (finishing),frez_wyk,simple
841.7075543186784,130.73348608781825,168.57388938374433,1124.8411744083514,177.0636983466566,322.9701285319562,9872.747458429883,2362.6658188260194,15504.124678627684,0.05,0.05,710.9740682308601,673.133664934934,947.7774760616949,801.8710458763953,7510.0816396038645,-5631.377220197801,0.0,0.0,/Users/dawid/Library/Mobile Documents/com~apple~CloudDocs/Dokumenty/Publikacje własne/Manuscripts/Quantum_interference/data/P1-C45_frez_wyk.sur,1141.3882538141931,810.0000000000001,809.0,532.0,655289.9999999508,Steel C45,C45,classical,256,256,0.0,1,P1,P1-C45_frez_wyk,area,Milling (finishing),frez_wyk,simple
576.4490891002364,130.73348608781825,168.57388938374433,724.6244284450031,177.0636983466566,322.9701285319562,6568.704607572204,2362.6658188260194,15504.124678627684,0.05,0.05,445.7156030124181,407.87519971649203,547.5607300983464,401.6542999130469,4206.038788746184,-8935.42007105548,0.0,0.0,/Users/dawid/Library/Mobile Documents/com~apple~CloudDocs/Dokumenty/Publikacje własne/Manuscripts/Quantum_interference/data/P1-C45_frez_wyk.sur,700.1494012325403,810.0000000000001,809.0,532.0,655289.9999999508,Steel C45,C45,quantum_like,256,256,0.0,1,P1,P1-C45_frez_wyk,area,Milling (finishing),frez_wyk,simple
147.60012947471324,130.73348608781825,168.57388938374433,185.83177887347347,177.0636983466566,322.9701285319562,1935.6337032981164,2362.6658188260194,15504.124678627684,0.05,0.05,16.866643386894996,-20.973759909031084,8.768080526816869,-137.13834965848275,-427.03211552790316,-13568.490975329569,0.0,0.0,/Users/dawid/Library/Mobile Documents/com~apple~CloudDocs/Dokumenty/Publikacje własne/Manuscripts/Quantum_interference/data/P1-C45_frez_wyk.sur,201.03880046236688,810.0000000000001,809.0,532.0,655289.9999999508,Steel C45,C45,hybrid,256,256,0.0,1,P1,P1-C45_frez_wyk,area,Milling (finishing),frez_wyk,simple
852.8948429015019,130.73348608781825,168.57388938374433,1145.1306396970222,177.0636983466566,322.9701285319562,10135.091353133232,2362.6658188260194,15504.124678627684,0.05,0.05,722.1613568136836,684.3209535177575,968.0669413503654,822.1605111650659,7772.425534307213,-5369.033325494453,0.0,0.0,/Users/dawid/Library/Mobile Documents/com~apple~CloudDocs/Dokumenty/Publikacje własne/Manuscripts/Quantum_interference/data/P1-C45_frez_wyk.sur,1161.4486985833432,810.0000000000001,809.0,532.0,655289.9999999508,Steel C45,C45,classical,256,256,0.0,2,P1,P1-C45_frez_wyk,area,Milling (finishing),frez_wyk,simple
591.8995299478178,130.73348608781825,168.57388938374433,743.1725366115828,177.0636983466566,322.9701285319562,6968.318596128464,2362.6658188260194,15504.124678627684,0.05,0.05,461.16604385999955,423.3256405640734,566.1088382649262,420.2024080796266,4605.6527773024445,-8535.80608249922,0.0,0.0,/Users/dawid/Library/Mobile Documents/com~apple~CloudDocs/Dokumenty/Publikacje własne/Manuscripts/Quantum_interference/data/P1-C45_frez_wyk.sur,722.0110517742615,810.0000000000001,809.0,532.0,655289.9999999508,Steel C45,C45,quantum_like,256,256,0.0,2,P1,P1-C45_frez_wyk,area,Milling (finishing),frez_wyk,simple
144.28647392373549,130.73348608781825,168.57388938374433,183.33572231901735,177.0636983466566,322.9701285319562,1756.3457837411052,2362.6658188260194,15504.124678627684,0.05,0.05,13.552987835917223,-24.28741546000886,6.272023972360758,-139.63440621293884,-606.3200350849144,-13747.778894886578,0.0,0.0,/Users/dawid/Library/Mobile Documents/com~apple~CloudDocs/Dokumenty/Publikacje własne/Manuscripts/Quantum_interference/data/P1-C45_frez_wyk.sur,203.8872080390603,810.0000000000001,809.0,532.0,655289.9999999508,Steel C45,C45,hybrid,256,256,0.0,2,P1,P1-C45_frez_wyk,area,Milling (finishing),frez_wyk,simple
841.7372746559921,130.73348608781825,168.57388938374433,1110.9666560332403,177.0636983466566,322.9701285319562,9518.999561440025,2362.6658188260194,15504.124678627684,0.05,0.05,711.0037885681738,673.1633852722478,933.9029576865837,787.9965275012842,7156.333742614005,-5985.12511718766,0.0,0.0,/Users/dawid/Library/Mobile Documents/com~apple~CloudDocs/Dokumenty/Publikacje własne/Manuscripts/Quantum_interference/data/P1-C45_frez_wyk.sur,1130.8211426770577,810.0000000000001,809.0,532.0,655289.9999999508,Steel C45,C45,classical,256,256,0.0,3,P1,P1-C45_frez_wyk,area,Milling (finishing),frez_wyk,simple
710.1502832372662,130.73348608781825,168.57388938374433,890.3395866092004,177.0636983466566,322.9701285319562,7170.99962086124,2362.6658188260194,15504.124678627684,0.05,0.05,579.4167971494479,541.5763938535218,713.2758882625438,567.3694580772442,4808.333802035221,-8333.125057766445,0.0,0.0,/Users/dawid/Library/Mobile Documents/com~apple~CloudDocs/Dokumenty/Publikacje własne/Manuscripts/Quantum_interference/data/P1-C45_frez_wyk.sur,861.2081290042337,810.0000000000001,809.0,532.0,655289.9999999508,Steel C45,C45,quantum_like,256,256,0.0,3,P1,P1-C45_frez_wyk,area,Milling (finishing),frez_wyk,simple
171.45886965070827,130.73348608781825,168.57388938374433,216.6821285583332,177.0636983466566,322.9701285319562,2125.1666956633053,2362.6658188260194,15504.124678627684,0.05,0.05,40.72538356289,2.8849802669639226,39.6184302116766,-106.287999973623,-237.49912316271434,-13378.957982964379,0.0,0.0,/Users/dawid/Library/Mobile Documents/com~apple~CloudDocs/Dokumenty/Publikacje własne/Manuscripts/Quantum_interference/data/P1-C45_frez_wyk.sur,220.11949083528006,810.0000000000001,809.0,532.0,655289.9999999508,Steel C45,C45,hybrid,256,256,0.0,3,P1,P1-C45_frez_wyk,area,Milling (finishing),frez_wyk,simple
0.19244365257593424,0.013677398688480481,0.014215393199252453,0.2412078228765713,0.016567023530093917,0.017415753488415692,2.3867461424658982,0.16320364671729742,0.3893552769154757,0.05,0.05,0.17876625388745376,0.1782282593766818,0.22464079934647738,0.2237920693881556,2.223542495748601,1.9973908655504224,0.0,0.0,/Users/dawid/Library/Mobile Documents/com~apple~CloudDocs/Dokumenty/Publikacje własne/Manuscripts/Quantum_interference/data/P1-C45_frez_zgr.sur,0.24076991107744763,810.0000000000001,809.0,532.0,655289.9999999508,Steel C45,C45,classical,256,256,0.0,0,P1,P1-C45_frez_zgr,area,Milling (roughing),frez_zgr,simple
536.0502419722068,0.013677398688480481,0.014215393199252453,671.7799608462199,0.016567023530093917,0.017415753488415692,5759.362620798941,0.16320364671729742,0.3893552769154757,0.05,0.05,536.0365645735183,536.0360265790075,671.7633938226897,671.7625450927316,5759.199417152224,5758.973265522025,0.0,0.0,/Users/dawid/Library/Mobile Documents/com~apple~CloudDocs/Dokumenty/Publikacje własne/Manuscripts/Quantum_interference/data/P1-C45_frez_zgr.sur,671.7800267935457,810.0000000000001,809.0,532.0,655289.9999999508,Steel C45,C45,quantum_like,256,256,0.0,0,P1,P1-C45_frez_zgr,area,Milling (roughing),frez_zgr,simple
142.73151433585457,0.013677398688480481,0.014215393199252453,152.32602691020938,0.016567023530093917,0.017415753488415692,1340.7393651692992,0.16320364671729742,0.3893552769154757,0.05,0.05,142.71783693716608,142.7172989426553,152.3094598866793,152.30861115672096,1340.5761615225817,1340.3500098923837,0.0,0.0,/Users/dawid/Library/Mobile Documents/com~apple~CloudDocs/Dokumenty/Publikacje własne/Manuscripts/Quantum_interference/data/P1-C45_frez_zgr.sur,152.32629084369177,810.0000000000001,809.0,532.0,655289.9999999508,Steel C45,C45,hybrid,256,256,0.0,0,P1,P1-C45_frez_zgr,area,Milling (roughing),frez_zgr,simple
0.20890675995122363,0.013677398688480481,0.014215393199252453,0.2618563330752999,0.016567023530093917,0.017415753488415692,2.3315277505552303,0.16320364671729742,0.3893552769154757,0.05,0.05,0.19522936126274315,0.19469136675197118,0.24528930954520597,0.24444057958688423,2.168324103837933,1.9421724736397545,0.0,0.0,/Users/dawid/Library/Mobile Documents/com~apple~CloudDocs/Dokumenty/Publikacje własne/Manuscripts/Quantum_interference/data/P1-C45_frez_zgr.sur,0.2611737442533949,810.0000000000001,809.0,532.0,655289.9999999508,Steel C45,C45,classical,256,256,0.0,1,P1,P1-C45_frez_zgr,area,Milling (roughing),frez_zgr,simple
519.9408640515226,0.013677398688480481,0.014215393199252453,651.5629027501928,0.016567023530093917,0.017415753488415692,5712.087607883205,0.16320364671729742,0.3893552769154757,0.05,0.05,519.927186652834,519.9266486583233,651.5463357266627,651.5454869967044,5711.924404236488,5711.698252606289,0.0,0.0,/Users/dawid/Library/Mobile Documents/com~apple~CloudDocs/Dokumenty/Publikacje własne/Manuscripts/Quantum_interference/data/P1-C45_frez_zgr.sur,651.5628987287256,810.0000000000001,809.0,532.0,655289.9999999508,Steel C45,C45,quantum_like,256,256,0.0,1,P1,P1-C45_frez_zgr,area,Milling (roughing),frez_zgr,simple
139.04718776765446,0.013677398688480481,0.014215393199252453,149.72164427091286,0.016567023530093917,0.017415753488415692,1070.0519736430056,0.16320364671729742,0.3893552769154757,0.05,0.05,139.03351036896595,139.0329723744552,149.7050772473828,149.70422851742447,1069.8887699962884,1069.66261836609,0.0,0.0,/Users/dawid/Library/Mobile Documents/com~apple~CloudDocs/Dokumenty/Publikacje własne/Manuscripts/Quantum_interference/data/P1-C45_frez_zgr.sur,149.72158847379382,810.0000000000001,809.0,532.0,655289.9999999508,Steel C45,C45,hybrid,256,256,0.0,1,P1,P1-C45_frez_zgr,area,Milling (roughing),frez_zgr,simple
0.197922724509582,0.013677398688480481,0.014215393199252453,0.24814788931179527,0.016567023530093917,0.017415753488415692,2.120700650055586,0.16320364671729742,0.3893552769154757,0.05,0.05,0.18424532582110154,0.18370733131032954,0.23158086578170137,0.23073213582337956,1.9574970033382886,1.73134537314011,0.0,0.0,/Users/dawid/Library/Mobile Documents/com~apple~CloudDocs/Dokumenty/Publikacje własne/Manuscripts/Quantum_interference/data/P1-C45_frez_zgr.sur,0.24755124223153066,810.0000000000001,809.0,532.0,655289.9999999508,Steel C45,C45,classical,256,256,0.0,2,P1,P1-C45_frez_zgr,area,Milling (roughing),frez_zgr,simple
561.51949671476,0.013677398688480481,0.014215393199252453,703.6830782501617,0.016567023530093917,0.017415753488415692,5728.273833148678,0.16320364671729742,0.3893552769154757,0.05,0.05,561.5058193160713,561.5052813215607,703.6665112266317,703.6656624966733,5728.110629501961,5727.884477871762,0.0,0.0,/Users/dawid/Library/Mobile Documents/com~apple~CloudDocs/Dokumenty/Publikacje własne/Manuscripts/Quantum_interference/data/P1-C45_frez_zgr.sur,703.683091230364,810.0000000000001,809.0,532.0,655289.9999999508,Steel C45,C45,quantum_like,256,256,0.0,2,P1,P1-C45_frez_zgr,area,Milling (roughing),frez_zgr,simple
85.95393343021372,0.013677398688480481,0.014215393199252453,148.66262126975872,0.016567023530093917,0.017415753488415692,1332.1914395355973,0.16320364671729742,0.3893552769154757,0.05,0.05,85.94025603152525,85.93971803701447,148.64605424622863,148.6452055162703,1332.0282358888799,1331.8020842586818,0.0,0.0,/Users/dawid/Library/Mobile Documents/com~apple~CloudDocs/Dokumenty/Publikacje własne/Manuscripts/Quantum_interference/data/P1-C45_frez_zgr.sur,148.66275564141827,810.0000000000001,809.0,532.0,655289.9999999508,Steel C45,C45,hybrid,256,256,0.0,2,P1,P1-C45_frez_zgr,area,Milling (roughing),frez_zgr,simple
0.1798304965230244,0.013677398688480481,0.014215393199252453,0.22543822205492506,0.016567023530093917,0.017415753488415692,1.978000721726915,0.16320364671729742,0.3893552769154757,0.05,0.05,0.16615309783454393,0.16561510332377194,0.20887119852483113,0.20802246856650936,1.8147970750096176,1.5886454448114393,0.0,0.0,/Users/dawid/Library/Mobile Documents/com~apple~CloudDocs/Dokumenty/Publikacje własne/Manuscripts/Quantum_interference/data/P1-C45_frez_zgr.sur,0.2249266837205422,810.0000000000001,809.0,532.0,655289.9999999508,Steel C45,C45,classical,256,256,0.0,3,P1,P1-C45_frez_zgr,area,Milling (roughing),frez_zgr,simple
498.4949062752348,0.013677398688480481,0.014215393199252453,624.421986665382,0.016567023530093917,0.017415753488415692,5188.5208790451115,0.16320364671729742,0.3893552769154757,0.05,0.05,498.4812288765463,498.48069088203556,624.4054196418518,624.4045709118936,5188.357675398394,5188.131523768196,0.0,0.0,/Users/dawid/Library/Mobile Documents/com~apple~CloudDocs/Dokumenty/Publikacje własne/Manuscripts/Quantum_interference/data/P1-C45_frez_zgr.sur,624.4220278356089,810.0000000000001,809.0,532.0,655289.9999999508,Steel C45,C45,quantum_like,256,256,0.0,3,P1,P1-C45_frez_zgr,area,Milling (roughing),frez_zgr,simple
74.84921389627486,0.013677398688480481,0.014215393199252453,136.96413573804787,0.016567023530093917,0.017415753488415692,1072.9531755336,0.16320364671729742,0.3893552769154757,0.05,0.05,74.83553649758639,74.83499850307562,136.9475687145178,136.94671998455945,1072.7899718868828,1072.5638202566845,0.0,0.0,/Users/dawid/Library/Mobile Documents/com~apple~CloudDocs/Dokumenty/Publikacje własne/Manuscripts/Quantum_interference/data/P1-C45_frez_zgr.sur,136.9641276240003,810.0000000000001,809.0,532.0,655289.9999999508,Steel C45,C45,hybrid,256,256,0.0,3,P1,P1-C45_frez_zgr,area,Milling (roughing),frez_zgr,simple
382.6888736476883,170.69015003093372,209.73484587406048,509.8818171230775,520.4751383049718,1330.3937512601992,5551.394352513059,55011.498285111746,157120.78884941927,0.05,0.05,211.99872361675457,172.9540277736278,-10.593321181894364,-820.5119341371218,-49460.103932598686,-151569.39449690623,0.0,0.0,/Users/dawid/Library/Mobile Documents/com~apple~CloudDocs/Dokumenty/Publikacje własne/Manuscripts/Quantum_interference/data/P1-C45_nagniat.sur,724.792547096011,810.0000000000001,809.0,532.0,655289.9999999508,Steel C45,C45,classical,256,256,0.0,0,P1,P1-C45_nagniat,area,Burnishing,nagniat,simple
553.785399676652,170.69015003093372,209.73484587406048,799.781813848423,520.4751383049718,1330.3937512601992,48602.11232567049,55011.498285111746,157120.78884941927,0.05,0.05,383.0952496457183,344.0505538025916,279.30667554345115,-530.6119374117764,-6409.385959441259,-108518.6765237488,0.0,0.0,/Users/dawid/Library/Mobile Documents/com~apple~CloudDocs/Dokumenty/Publikacje własne/Manuscripts/Quantum_interference/data/P1-C45_nagniat.sur,648.3997729904816,810.0000000000001,809.0,532.0,655289.9999999508,Steel C45,C45,quantum_like,256,256,0.0,0,P1,P1-C45_nagniat,area,Burnishing,nagniat,simple
175.72176767420635,170.69015003093372,209.73484587406048,279.27561939854814,520.4751383049718,1330.3937512601992,12405.401049757491,55011.498285111746,157120.78884941927,0.05,0.05,5.031617643272636,-34.013078199854135,-241.1995189064237,-1051.1181318616514,-42606.09723535425,-144715.3877996618,0.0,0.0,/Users/dawid/Library/Mobile Documents/com~apple~CloudDocs/Dokumenty/Publikacje własne/Manuscripts/Quantum_interference/data/P1-C45_nagniat.sur,418.6851173769725,810.0000000000001,809.0,532.0,655289.9999999508,Steel C45,C45,hybrid,256,256,0.0,0,P1,P1-C45_nagniat,area,Burnishing,nagniat,simple
389.69592783369967,170.69015003093372,209.73484587406048,524.8765152299289,520.4751383049718,1330.3937512601992,5403.055984540844,55011.498285111746,157120.78884941927,0.05,0.05,219.00577780276598,179.96108195963922,4.401376924957147,-805.5172360302703,-49608.4423005709,-151717.73286487843,0.0,0.0,/Users/dawid/Library/Mobile Documents/com~apple~CloudDocs/Dokumenty/Publikacje własne/Manuscripts/Quantum_interference/data/P1-C45_nagniat.sur,738.6854373109103,810.0000000000001,809.0,532.0,655289.9999999508,Steel C45,C45,classical,256,256,0.0,1,P1,P1-C45_nagniat,area,Burnishing,nagniat,simple
530.6741633932821,170.69015003093372,209.73484587406048,758.026497711164,520.4751383049718,1330.3937512601992,46580.443737249436,55011.498285111746,157120.78884941927,0.05,0.05,359.9840133623484,320.9393175192216,237.55135940619212,-572.3672535490354,-8431.054547862308,-110540.34511216985,0.0,0.0,/Users/dawid/Library/Mobile Documents/com~apple~CloudDocs/Dokumenty/Publikacje własne/Manuscripts/Quantum_interference/data/P1-C45_nagniat.sur,625.7314619946964,810.0000000000001,809.0,532.0,655289.9999999508,Steel C45,C45,quantum_like,256,256,0.0,1,P1,P1-C45_nagniat,area,Burnishing,nagniat,simple
166.4218682546662,170.69015003093372,209.73484587406048,261.47414531808255,520.4751383049718,1330.3937512601992,11301.3353836682,55011.498285111746,157120.78884941927,0.05,0.05,-4.268281776267509,-43.31297761939428,-259.0009929868893,-1068.9196059421167,-43710.16290144354,-145819.45346575108,0.0,0.0,/Users/dawid/Library/Mobile Documents/com~apple~CloudDocs/Dokumenty/Publikacje własne/Manuscripts/Quantum_interference/data/P1-C45_nagniat.sur,424.00994452149075,810.0000000000001,809.0,532.0,655289.9999999508,Steel C45,C45,hybrid,256,256,0.0,1,P1,P1-C45_nagniat,area,Burnishing,nagniat,simple
389.8640485490927,170.69015003093372,209.73484587406048,514.7131741524522,520.4751383049718,1330.3937512601992,5816.749463156784,55011.498285111746,157120.78884941927,0.05,0.05,219.17389851815898,180.12920267503222,-5.761964152519608,-815.6805771077471,-49194.74882195496,-151304.0393862625,0.0,0.0,/Users/dawid/Library/Mobile Documents/com~apple~CloudDocs/Dokumenty/Publikacje własne/Manuscripts/Quantum_interference/data/P1-C45_nagniat.sur,728.1110413801425,810.0000000000001,809.0,532.0,655289.9999999508,Steel C45,C45,classical,256,256,0.0,2,P1,P1-C45_nagniat,area,Burnishing,nagniat,simple
625.0814802688975,170.69015003093372,209.73484587406048,904.9747980856107,520.4751383049718,1330.3937512601992,57062.81437035678,55011.498285111746,157120.78884941927,0.05,0.05,454.39133023796376,415.34663439483705,384.4996597806388,-425.41895317458864,2051.3160852450324,-100057.97447906251,0.0,0.0,/Users/dawid/Library/Mobile Documents/com~apple~CloudDocs/Dokumenty/Publikacje własne/Manuscripts/Quantum_interference/data/P1-C45_nagniat.sur,727.0081024202989,810.0000000000001,809.0,532.0,655289.9999999508,Steel C45,C45,quantum_like,256,256,0.0,2,P1,P1-C45_nagniat,area,Burnishing,nagniat,simple
195.61713704411252,170.69015003093372,209.73484587406048,316.0180037412576,520.4751383049718,1330.3937512601992,14167.32203033103,55011.498285111746,157120.78884941927,0.05,0.05,24.926987013178802,-14.117708829947968,-204.45713456371425,-1014.3757475189417,-40844.176254780716,-142953.46681908827,0.0,0.0,/Users/dawid/Library/Mobile Documents/com~apple~CloudDocs/Dokumenty/Publikacje własne/Manuscripts/Quantum_interference/data/P1-C45_nagniat.sur,416.24556578424205,810.0000000000001,809.0,532.0,655289.9999999508,Steel C45,C45,hybrid,256,256,0.0,2,P1,P1-C45_nagniat,area,Burnishing,nagniat,simple
397.78390119577017,170.69015003093372,209.73484587406048,537.4855115477812,520.4751383049718,1330.3937512601992,6146.981709790419,55011.498285111746,157120.78884941927,0.05,0.05,227.09375116483648,188.04905532170972,17.010373242809454,-792.908239712418,-48864.51657532133,-150973.80713962886,0.0,0.0,/Users/dawid/Library/Mobile Documents/com~apple~CloudDocs/Dokumenty/Publikacje własne/Manuscripts/Quantum_interference/data/P1-C45_nagniat.sur,751.717833860971,810.0000000000001,809.0,532.0,655289.9999999508,Steel C45,C45,classical,256,256,0.0,3,P1,P1-C45_nagniat,area,Burnishing,nagniat,simple
603.7791299035059,170.69015003093372,209.73484587406048,875.5151518564552,520.4751383049718,1330.3937512601992,55722.61418939573,55011.498285111746,157120.78884941927,0.05,0.05,433.0889798725722,394.04428402944546,355.04001355148336,-454.87859940374415,711.1159042839872,-101398.17466002355,0.0,0.0,/Users/dawid/Library/Mobile Documents/com~apple~CloudDocs/Dokumenty/Publikacje własne/Manuscripts/Quantum_interference/data/P1-C45_nagniat.sur,701.1461978970082,810.0000000000001,809.0,532.0,655289.9999999508,Steel C45,C45,quantum_like,256,256,0.0,3,P1,P1-C45_nagniat,area,Burnishing,nagniat,simple
193.49885015217248,170.69015003093372,209.73484587406048,307.9714277050057,520.4751383049718,1330.3937512601992,13723.506814375209,55011.498285111746,157120.78884941927,0.05,0.05,22.808700121238765,-16.235995721888006,-212.50371059996613,-1022.4223235551935,-41287.99147073654,-143397.28203504407,0.0,0.0,/Users/dawid/Library/Mobile Documents/com~apple~CloudDocs/Dokumenty/Publikacje własne/Manuscripts/Quantum_interference/data/P1-C45_nagniat.sur,416.4852658000066,810.0000000000001,809.0,532.0,655289.9999999508,Steel C45,C45,hybrid,256,256,0.0,3,P1,P1-C45_nagniat,area,Burnishing,nagniat,simple
661.3921679812265,5185.610777344909,5352.809007024925,879.7183565776708,7146.173032652967,7452.142131531978,7378.954430858983,83837.1018021227,131214.74393826575,0.05,0.05,-4524.218609363684,-4691.4168390437,-6266.4546760752955,-6572.423774954307,-76458.14737126372,-123835.78950740675,0.0,0.0,/Users/dawid/Library/Mobile Documents/com~apple~CloudDocs/Dokumenty/Publikacje własne/Manuscripts/Quantum_interference/data/P1-C45_t_zgrubne.sur,7190.93687750579,810.0000000000001,809.0,532.0,655289.9999999508,Steel C45,C45,classical,256,256,0.0,0,P1,P1-C45_t_zgrubne,area,Turning (roughing),t_zgrubne,simple
4340.201595323858,5185.610777344909,5352.809007024925,5979.956580003551,7146.173032652967,7452.142131531978,71484.60932318603,83837.1018021227,131214.74393826575,0.05,0.05,-845.4091820210522,-1012.6074117010681,-1166.216452649416,-1472.1855515284274,-12352.49247893668,-59730.13461507972,0.0,0.0,/Users/dawid/Library/Mobile Documents/com~apple~CloudDocs/Dokumenty/Publikacje własne/Manuscripts/Quantum_interference/data/P1-C45_t_zgrubne.sur,1351.12189189558,810.0000000000001,809.0,532.0,655289.9999999508,Steel C45,C45,quantum_like,256,256,0.0,0,P1,P1-C45_t_zgrubne,area,Turning (roughing),t_zgrubne,simple
3816.7281148844754,5185.610777344909,5352.809007024925,5349.470102284317,7146.173032652967,7452.142131531978,54334.30041196215,83837.1018021227,131214.74393826575,0.05,0.05,-1368.8826624604342,-1536.08089214045,-1796.7029303686495,-2102.6720292476607,-29502.801390160566,-76880.44352630361,0.0,0.0,/Users/dawid/Library/Mobile Documents/com~apple~CloudDocs/Dokumenty/Publikacje własne/Manuscripts/Quantum_interference/data/P1-C45_t_zgrubne.sur,2396.954323165364,810.0000000000001,809.0,532.0,655289.9999999508,Steel C45,C45,hybrid,256,256,0.0,0,P1,P1-C45_t_zgrubne,area,Turning (roughing),t_zgrubne,simple
690.083944781874,5185.610777344909,5352.809007024925,918.3716112127631,7146.173032652967,7452.142131531978,7234.806203332439,83837.1018021227,131214.74393826575,0.05,0.05,-4495.526832563036,-4662.725062243052,-6227.801421440204,-6533.770520319215,-76602.29559879027,-123979.9377349333,0.0,0.0,/Users/dawid/Library/Mobile Documents/com~apple~CloudDocs/Dokumenty/Publikacje własne/Manuscripts/Quantum_interference/data/P1-C45_t_zgrubne.sur,7182.9200383075695,810.0000000000001,809.0,532.0,655289.9999999508,Steel C45,C45,classical,256,256,0.0,1,P1,P1-C45_t_zgrubne,area,Turning (roughing),t_zgrubne,simple
5787.127767875789,5185.610777344909,5352.809007024925,7956.424547716288,7146.173032652967,7452.142131531978,91604.4382974651,83837.1018021227,131214.74393826575,0.05,0.05,601.5169905308788,434.31876085086293,810.2515150633209,504.28241618430945,7767.336495342382,-39610.30564080065,0.0,0.0,/Users/dawid/Library/Mobile Documents/com~apple~CloudDocs/Dokumenty/Publikacje własne/Manuscripts/Quantum_interference/data/P1-C45_t_zgrubne.sur,1122.0086852850911,810.0000000000001,809.0,532.0,655289.9999999508,Steel C45,C45,quantum_like,256,256,0.0,1,P1,P1-C45_t_zgrubne,area,Turning (roughing),t_zgrubne,simple
5086.171034285913,5185.610777344909,5352.809007024925,7113.192085237609,7146.173032652967,7452.142131531978,70842.50359947955,83837.1018021227,131214.74393826575,0.05,0.05,-99.43974305899597,-266.6379727390119,-32.98094741535782,-338.95004629436926,-12994.59820264316,-60372.2403387862,0.0,0.0,/Users/dawid/Library/Mobile Documents/com~apple~CloudDocs/Dokumenty/Publikacje własne/Manuscripts/Quantum_interference/data/P1-C45_t_zgrubne.sur,1823.8127041848993,810.0000000000001,809.0,532.0,655289.9999999508,Steel C45,C45,hybrid,256,256,0.0,1,P1,P1-C45_t_zgrubne,area,Turning (roughing),t_zgrubne,simple
680.5610768184451,5185.610777344909,5352.809007024925,908.0733516395834,7146.173032652967,7452.142131531978,7399.908978280875,83837.1018021227,131214.74393826575,0.05,0.05,-4505.049700526464,-4672.24793020648,-6238.099681013383,-6544.068779892395,-76437.19282384185,-123814.83495998486,0.0,0.0,/Users/dawid/Library/Mobile Documents/com~apple~CloudDocs/Dokumenty/Publikacje własne/Manuscripts/Quantum_interference/data/P1-C45_t_zgrubne.sur,7164.886084270209,810.0000000000001,809.0,532.0,655289.9999999508,Steel C45,C45,classical,256,256,0.0,2,P1,P1-C45_t_zgrubne,area,Turning (roughing),t_zgrubne,simple
4950.805529089605,5185.610777344909,5352.809007024925,6810.911314299242,7146.173032652967,7452.142131531978,80398.92264106273,83837.1018021227,131214.74393826575,0.05,0.05,-234.80524825530446,-402.0034779353204,-335.2617183537246,-641.2308172327361,-3438.1791610599876,-50815.82129720302,0.0,0.0,/Users/dawid/Library/Mobile Documents/com~apple~CloudDocs/Dokumenty/Publikacje własne/Manuscripts/Quantum_interference/data/P1-C45_t_zgrubne.sur,776.5983435412294,810.0000000000001,809.0,532.0,655289.9999999508,Steel C45,C45,quantum_like,256,256,0.0,2,P1,P1-C45_t_zgrubne,area,Turning (roughing),t_zgrubne,simple
4351.231829443685,5185.610777344909,5352.809007024925,6091.985923241641,7146.173032652967,7452.142131531978,61449.80016097002,83837.1018021227,131214.74393826575,0.05,0.05,-834.3789479012253,-1001.5771775812411,-1054.1871094113258,-1360.1562082903372,-22387.30164115269,-69764.94377729573,0.0,0.0,/Users/dawid/Library/Mobile Documents/com~apple~CloudDocs/Dokumenty/Publikacje własne/Manuscripts/Quantum_interference/data/P1-C45_t_zgrubne.sur,1991.5187696026348,810.0000000000001,809.0,532.0,655289.9999999508,Steel C45,C45,hybrid,256,256,0.0,2,P1,P1-C45_t_zgrubne,area,Turning (roughing),t_zgrubne,simple
686.8618784792523,5185.610777344909,5352.809007024925,922.7036313868495,7146.173032652967,7452.142131531978,7294.9186478212205,83837.1018021227,131214.74393826575,0.05,0.05,-4498.748898865658,-4665.947128545673,-6223.469401266117,-6529.438500145128,-76542.18315430149,-123919.82529044453,0.0,0.0,/Users/dawid/Library/Mobile Documents/com~apple~CloudDocs/Dokumenty/Publikacje własne/Manuscripts/Quantum_interference/data/P1-C45_t_zgrubne.sur,7165.813044426665,810.0000000000001,809.0,532.0,655289.9999999508,Steel C45,C45,classical,256,256,0.0,3,P1,P1-C45_t_zgrubne,area,Turning (roughing),t_zgrubne,simple
5370.155483607737,5185.610777344909,5352.809007024925,7379.48663012535,7146.173032652967,7452.142131531978,85935.55248587173,83837.1018021227,131214.74393826575,0.05,0.05,184.5447062628274,17.346476582811455,233.3135974723827,-72.65550140662876,2098.4506837490203,-45279.191452394014,0.0,0.0,/Users/dawid/Library/Mobile Documents/com~apple~CloudDocs/Dokumenty/Publikacje własne/Manuscripts/Quantum_interference/data/P1-C45_t_zgrubne.sur,801.4661987206737,810.0000000000001,809.0,532.0,655289.9999999508,Steel C45,C45,quantum_like,256,256,0.0,3,P1,P1-C45_t_zgrubne,area,Turning (roughing),t_zgrubne,simple
4721.551004387944,5185.610777344909,5352.809007024925,6604.255756441718,7146.173032652967,7452.142131531978,67264.25114879785,83837.1018021227,131214.74393826575,0.05,0.05,-464.0597729569657,-631.2580026369816,-541.9172762112486,-847.88637509026,-16572.85065332487,-63950.492789467906,0.0,0.0,/Users/dawid/Library/Mobile Documents/com~apple~CloudDocs/Dokumenty/Publikacje własne/Manuscripts/Quantum_interference/data/P1-C45_t_zgrubne.sur,1853.871370665436,810.0000000000001,809.0,532.0,655289.9999999508,Steel C45,C45,hybrid,256,256,0.0,3,P1,P1-C45_t_zgrubne,area,Turning (roughing),t_zgrubne,simple
690.312836345012,81448.3135018408,164445.50446808158,909.0615181352097,112903.87193262373,259806.01315388278,8306.205014286876,4583764.4006710155,14845451.98272266,0.05,0.05,-80758.00066549578,-163755.19163173655,-111994.81041448853,-258896.95163574757,-4575458.195656728,-14837145.777708374,0.0,0.0,/Users/dawid/Library/Mobile Documents/com~apple~CloudDocs/Dokumenty/Publikacje własne/Manuscripts/Quantum_interference/data/P1-C45_wedm_wyk.sur,112820.07532844218,810.0000000000001,809.0,532.0,655289.9999999508,Steel C45,C45,classical,256,256,0.0,0,P1,P1-C45_wedm_wyk,area,Wire EDM (finishing),wedm_wyk,simple
467056.5597837253,81448.3135018408,164445.50446808158,611278.9803351742,112903.87193262373,259806.01315388278,5039617.9424682325,4583764.4006710155,14845451.98272266,0.05,0.05,385608.2462818845,302611.0553156437,498375.1084025505,351472.9671812915,455853.54179721733,-9805834.040254427,0.0,0.0,/Users/dawid/Library/Mobile Documents/com~apple~CloudDocs/Dokumenty/Publikacje własne/Manuscripts/Quantum_interference/data/P1-C45_wedm_wyk.sur,609105.7170480272,810.0000000000001,809.0,532.0,655289.9999999508,Steel C45,C45,quantum_like,256,256,0.0,0,P1,P1-C45_wedm_wyk,area,Wire EDM (finishing),wedm_wyk,simple
272363.4002862295,81448.3135018408,164445.50446808158,334382.9601604707,112903.87193262373,259806.01315388278,2137293.547872851,4583764.4006710155,14845451.98272266,0.05,0.05,190915.08678438867,107917.8958181479,221479.08822784698,74576.94700658791,-2446470.8527981644,-12708158.43484981,0.0,0.0,/Users/dawid/Library/Mobile Documents/com~apple~CloudDocs/Dokumenty/Publikacje własne/Manuscripts/Quantum_interference/data/P1-C45_wedm_wyk.sur,338586.18797499384,810.0000000000001,809.0,532.0,655289.9999999508,Steel C45,C45,hybrid,256,256,0.0,0,P1,P1-C45_wedm_wyk,area,Wire EDM (finishing),wedm_wyk,simple
677.4023551545106,81448.3135018408,164445.50446808158,889.1263693795166,112903.87193262373,259806.01315388278,8844.219047687797,4583764.4006710155,14845451.98272266,0.05,0.05,-80770.9111466863,-163768.10211292707,-112014.74556324421,-258916.8867845033,-4574920.181623328,-14836607.763674974,0.0,0.0,/Users/dawid/Library/Mobile Documents/com~apple~CloudDocs/Dokumenty/Publikacje własne/Manuscripts/Quantum_interference/data/P1-C45_wedm_wyk.sur,112842.70975209166,810.0000000000001,809.0,532.0,655289.9999999508,Steel C45,C45,classical,256,256,0.0,1,P1,P1-C45_wedm_wyk,area,Wire EDM (finishing),wedm_wyk,simple
476437.4639868509,81448.3135018408,164445.50446808158,637447.0094231603,112903.87193262373,259806.01315388278,5518364.146878485,4583764.4006710155,14845451.98272266,0.05,0.05,394989.15048501006,311991.9595187693,524543.1374905367,377640.9962692776,934599.7462074695,-9327087.835844176,0.0,0.0,/Users/dawid/Library/Mobile Documents/com~apple~CloudDocs/Dokumenty/Publikacje własne/Manuscripts/Quantum_interference/data/P1-C45_wedm_wyk.sur,642401.8059999655,810.0000000000001,809.0,532.0,655289.9999999508,Steel C45,C45,quantum_like,256,256,0.0,1,P1,P1-C45_wedm_wyk,area,Wire EDM (finishing),wedm_wyk,simple
249141.6890114275,81448.3135018408,164445.50446808158,318909.2003595756,112903.87193262373,259806.01315388278,2411664.446581652,4583764.4006710155,14845451.98272266,0.05,0.05,167693.37550958668,84696.1845433459,206005.32842695192,59103.18720569286,-2172099.954089363,-12433787.536141008,0.0,0.0,/Users/dawid/Library/Mobile Documents/com~apple~CloudDocs/Dokumenty/Publikacje własne/Manuscripts/Quantum_interference/data/P1-C45_wedm_wyk.sur,336452.69820419,810.0000000000001,809.0,532.0,655289.9999999508,Steel C45,C45,hybrid,256,256,0.0,1,P1,P1-C45_wedm_wyk,area,Wire EDM (finishing),wedm_wyk,simple
686.7846594074988,81448.3135018408,164445.50446808158,913.4928739525017,112903.87193262373,259806.01315388278,8559.206605166059,4583764.4006710155,14845451.98272266,0.05,0.05,-80761.5288424333,-163758.71980867407,-111990.37905867123,-258892.5202799303,-4575205.194065849,-14836892.776117496,0.0,0.0,/Users/dawid/Library/Mobile Documents/com~apple~CloudDocs/Dokumenty/Publikacje własne/Manuscripts/Quantum_interference/data/P1-C45_wedm_wyk.sur,112833.14718298045,810.0000000000001,809.0,532.0,655289.9999999508,Steel C45,C45,classical,256,256,0.0,2,P1,P1-C45_wedm_wyk,area,Wire EDM (finishing),wedm_wyk,simple
474926.5217181451,81448.3135018408,164445.50446808158,627522.4234275026,112903.87193262373,259806.01315388278,5693577.037289836,4583764.4006710155,14845451.98272266,0.05,0.05,393478.2082163043,310481.0172500635,514618.55149487895,367716.41027361987,1109812.636618821,-9151874.945432825,0.0,0.0,/Users/dawid/Library/Mobile Documents/com~apple~CloudDocs/Dokumenty/Publikacje własne/Manuscripts/Quantum_interference/data/P1-C45_wedm_wyk.sur,625983.8541858849,810.0000000000001,809.0,532.0,655289.9999999508,Steel C45,C45,quantum_like,256,256,0.0,2,P1,P1-C45_wedm_wyk,area,Wire EDM (finishing),wedm_wyk,simple
262144.10839523154,81448.3135018408,164445.50446808158,327143.499197445,112903.87193262373,259806.01315388278,2642986.5911071417,4583764.4006710155,14845451.98272266,0.05,0.05,180695.79489339076,97698.60392714998,214239.62726482126,67337.48604356222,-1940777.8095638733,-12202465.39161552,0.0,0.0,/Users/dawid/Library/Mobile Documents/com~apple~CloudDocs/Dokumenty/Publikacje własne/Manuscripts/Quantum_interference/data/P1-C45_wedm_wyk.sur,333447.2470719301,810.0000000000001,809.0,532.0,655289.9999999508,Steel C45,C45,hybrid,256,256,0.0,2,P1,P1-C45_wedm_wyk,area,Wire EDM (finishing),wedm_wyk,simple
701.499103502479,81448.3135018408,164445.50446808158,929.783426782214,112903.87193262373,259806.01315388278,9194.402425664011,4583764.4006710155,14845451.98272266,0.05,0.05,-80746.81439833832,-163744.0053645791,-111974.08850584152,-258876.22972710058,-4574569.998245352,-14836257.580296997,0.0,0.0,/Users/dawid/Library/Mobile Documents/com~apple~CloudDocs/Dokumenty/Publikacje własne/Manuscripts/Quantum_interference/data/P1-C45_wedm_wyk.sur,112790.99548729947,810.0000000000001,809.0,532.0,655289.9999999508,Steel C45,C45,classical,256,256,0.0,3,P1,P1-C45_wedm_wyk,area,Wire EDM (finishing),wedm_wyk,simple
504121.2172619474,81448.3135018408,164445.50446808158,658119.5611109067,112903.87193262373,259806.01315388278,5501301.35800393,4583764.4006710155,14845451.98272266,0.05,0.05,422672.9037601066,339675.7127938658,545215.689178283,398313.54795702384,917536.9573329153,-9344150.624718731,0.0,0.0,/Users/dawid/Library/Mobile Documents/com~apple~CloudDocs/Dokumenty/Publikacje własne/Manuscripts/Quantum_interference/data/P1-C45_wedm_wyk.sur,668454.3069853792,810.0000000000001,809.0,532.0,655289.9999999508,Steel C45,C45,quantum_like,256,256,0.0,3,P1,P1-C45_wedm_wyk,area,Wire EDM (finishing),wedm_wyk,simple
283637.36084488785,81448.3135018408,164445.50446808158,352374.9257415832,112903.87193262373,259806.01315388278,2194851.7366810897,4583764.4006710155,14845451.98272266,0.05,0.05,202189.04734304707,119191.85637680629,239471.05380895952,92568.91258770046,-2388912.6639899253,-12650600.24604157,0.0,0.0,/Users/dawid/Library/Mobile Documents/com~apple~CloudDocs/Dokumenty/Publikacje własne/Manuscripts/Quantum_interference/data/P1-C45_wedm_wyk.sur,378367.5626246354,810.0000000000001,809.0,532.0,655289.9999999508,Steel C45,C45,hybrid,256,256,0.0,3,P1,P1-C45_wedm_wyk,area,Wire EDM (finishing),wedm_wyk,simple
697.5115940045034,3569.9070838506477,4474.643435891885,917.0082083200231,5003.580066908198,6990.219229140815,8091.650018671035,155206.2258000693,233363.97390964086,0.05,0.05,-2872.3954898461443,-3777.131841887381,-4086.5718585881746,-6073.211020820791,-147114.57578139828,-225272.32389096983,0.0,0.0,/Users/dawid/Library/Mobile Documents/com~apple~CloudDocs/Dokumenty/Publikacje własne/Manuscripts/Quantum_interference/data/P1-C45_wedm_zgru_1prz.sur,5110.847096407942,810.0000000000001,809.0,532.0,655289.9999999508,Steel C45,C45,classical,256,256,0.0,0,P1,P1-C45_wedm_zgru_1prz,area,Wire EDM (roughing),wedm_zgru_1prz,simple
3581.293606208124,3569.9070838506477,4474.643435891885,5008.052761642194,5003.580066908198,6990.219229140815,155683.26797964136,155206.2258000693,233363.97390964086,0.05,0.05,11.386522357476313,-893.3498296837607,4.472694733996366,-1982.1664674986202,477.0421795720391,-77680.70592999952,0.0,0.0,/Users/dawid/Library/Mobile Documents/com~apple~CloudDocs/Dokumenty/Publikacje własne/Manuscripts/Quantum_interference/data/P1-C45_wedm_zgru_1prz.sur,731.119008407723,810.0000000000001,809.0,532.0,655289.9999999508,Steel C45,C45,quantum_like,256,256,0.0,0,P1,P1-C45_wedm_zgru_1prz,area,Wire EDM (roughing),wedm_zgru_1prz,simple
1934.1071180871793,3569.9070838506477,4474.643435891885,2628.2159970388334,5003.580066908198,6990.219229140815,38107.26950691984,155206.2258000693,233363.97390964086,0.05,0.05,-1635.7999657634684,-2540.5363178047055,-2375.364069869365,-4362.003232101981,-117098.95629314947,-195256.70440272105,0.0,0.0,/Users/dawid/Library/Mobile Documents/com~apple~CloudDocs/Dokumenty/Publikacje własne/Manuscripts/Quantum_interference/data/P1-C45_wedm_zgru_1prz.sur,3478.2896147476354,810.0000000000001,809.0,532.0,655289.9999999508,Steel C45,C45,hybrid,256,256,0.0,0,P1,P1-C45_wedm_zgru_1prz,area,Wire EDM (roughing),wedm_zgru_1prz,simple
693.9257592897874,3569.9070838506477,4474.643435891885,911.8339830059991,5003.580066908198,6990.219229140815,7310.741456277977,155206.2258000693,233363.97390964086,0.05,0.05,-2875.98132456086,-3780.717676602097,-4091.746083902199,-6078.385246134816,-147895.48434379132,-226053.2324533629,0.0,0.0,/Users/dawid/Library/Mobile Documents/com~apple~CloudDocs/Dokumenty/Publikacje własne/Manuscripts/Quantum_interference/data/P1-C45_wedm_zgru_1prz.sur,5112.519003039443,810.0000000000001,809.0,532.0,655289.9999999508,Steel C45,C45,classical,256,256,0.0,1,P1,P1-C45_wedm_zgru_1prz,area,Wire EDM (roughing),wedm_zgru_1prz,simple
4204.990510192119,3569.9070838506477,4474.643435891885,5920.7441765462745,5003.580066908198,6990.219229140815,173660.5595379902,155206.2258000693,233363.97390964086,0.05,0.05,635.0834263414706,-269.65292569976646,917.1641096380763,-1069.4750525945403,18454.333737920893,-59703.41437165066,0.0,0.0,/Users/dawid/Library/Mobile Documents/com~apple~CloudDocs/Dokumenty/Publikacje własne/Manuscripts/Quantum_interference/data/P1-C45_wedm_zgru_1prz.sur,1202.4540015704438,810.0000000000001,809.0,532.0,655289.9999999508,Steel C45,C45,quantum_like,256,256,0.0,1,P1,P1-C45_wedm_zgru_1prz,area,Wire EDM (roughing),wedm_zgru_1prz,simple
2277.69506125774,3569.9070838506477,4474.643435891885,3112.9489466662753,5003.580066908198,6990.219229140815,44031.339687996166,155206.2258000693,233363.97390964086,0.05,0.05,-1292.2120225929077,-2196.948374634145,-1890.6311202419226,-3877.2702824745397,-111174.88611207315,-189332.6342216447,0.0,0.0,/Users/dawid/Library/Mobile Documents/com~apple~CloudDocs/Dokumenty/Publikacje własne/Manuscripts/Quantum_interference/data/P1-C45_wedm_zgru_1prz.sur,3350.7862232213824,810.0000000000001,809.0,532.0,655289.9999999508,Steel C45,C45,hybrid,256,256,0.0,1,P1,P1-C45_wedm_zgru_1prz,area,Wire EDM (roughing),wedm_zgru_1prz,simple
720.7807943567417,3569.9070838506477,4474.643435891885,950.9638888434444,5003.580066908198,6990.219229140815,7950.9560818875825,155206.2258000693,233363.97390964086,0.05,0.05,-2849.1262894939055,-3753.8626415351428,-4052.616178064754,-6039.255340297371,-147255.26971818172,-225413.0178277533,0.0,0.0,/Users/dawid/Library/Mobile Documents/com~apple~CloudDocs/Dokumenty/Publikacje własne/Manuscripts/Quantum_interference/data/P1-C45_wedm_zgru_1prz.sur,5123.132729890688,810.0000000000001,809.0,532.0,655289.9999999508,Steel C45,C45,classical,256,256,0.0,2,P1,P1-C45_wedm_zgru_1prz,area,Wire EDM (roughing),wedm_zgru_1prz,simple
4308.5175306140145,3569.9070838506477,4474.643435891885,5991.921988357939,5003.580066908198,6990.219229140815,169765.59850000808,155206.2258000693,233363.97390964086,0.05,0.05,738.6104467633669,-166.12590527787026,988.3419214497409,-998.2972407828756,14559.372699938762,-63598.37540963279,0.0,0.0,/Users/dawid/Library/Mobile Documents/com~apple~CloudDocs/Dokumenty/Publikacje własne/Manuscripts/Quantum_interference/data/P1-C45_wedm_zgru_1prz.sur,1246.0943179906005,810.0000000000001,809.0,532.0,655289.9999999508,Steel C45,C45,quantum_like,256,256,0.0,2,P1,P1-C45_wedm_zgru_1prz,area,Wire EDM (roughing),wedm_zgru_1prz,simple
2319.0700461761935,3569.9070838506477,4474.643435891885,3141.382547621889,5003.580066908198,6990.219229140815,43140.78297272007,155206.2258000693,233363.97390964086,0.05,0.05,-1250.8370376744542,-2155.573389715691,-1862.1975192863092,-3848.836681518926,-112065.44282734924,-190223.1909369208,0.0,0.0,/Users/dawid/Library/Mobile Documents/com~apple~CloudDocs/Dokumenty/Publikacje własne/Manuscripts/Quantum_interference/data/P1-C45_wedm_zgru_1prz.sur,3340.113443848871,810.0000000000001,809.0,532.0,655289.9999999508,Steel C45,C45,hybrid,256,256,0.0,2,P1,P1-C45_wedm_zgru_1prz,area,Wire EDM (roughing),wedm_zgru_1prz,simple
726.2549125747482,3569.9070838506477,4474.643435891885,961.8915005247358,5003.580066908198,6990.219229140815,7974.959493319944,155206.2258000693,233363.97390964086,0.05,0.05,-2843.652171275899,-3748.3885233171363,-4041.688566383462,-6028.327728616079,-147231.26630674937,-225389.01441632092,0.0,0.0,/Users/dawid/Library/Mobile Documents/com~apple~CloudDocs/Dokumenty/Publikacje własne/Manuscripts/Quantum_interference/data/P1-C45_wedm_zgru_1prz.sur,5126.945270560423,810.0000000000001,809.0,532.0,655289.9999999508,Steel C45,C45,classical,256,256,0.0,3,P1,P1-C45_wedm_zgru_1prz,area,Wire EDM (roughing),wedm_zgru_1prz,simple
3958.408142416959,3569.9070838506477,4474.643435891885,5483.031797227997,5003.580066908198,6990.219229140815,165268.21109365497,155206.2258000693,233363.97390964086,0.05,0.05,388.50105856631137,-516.2352934749257,479.45173031979925,-1507.1874319128174,10061.985293585663,-68095.76281598589,0.0,0.0,/Users/dawid/Library/Mobile Documents/com~apple~CloudDocs/Dokumenty/Publikacje własne/Manuscripts/Quantum_interference/data/P1-C45_wedm_zgru_1prz.sur,913.1197394627915,810.0000000000001,809.0,532.0,655289.9999999508,Steel C45,C45,quantum_like,256,256,0.0,3,P1,P1-C45_wedm_zgru_1prz,area,Wire EDM (roughing),wedm_zgru_1prz,simple
2125.843191664824,3569.9070838506477,4474.643435891885,2870.932586398424,5003.580066908198,6990.219229140815,41221.64988526873,155206.2258000693,233363.97390964086,0.05,0.05,-1444.0638921858235,-2348.800244227061,-2132.647480509774,-4119.2866427423905,-113984.57591480057,-192142.32402437212,0.0,0.0,/Users/dawid/Library/Mobile Documents/com~apple~CloudDocs/Dokumenty/Publikacje własne/Manuscripts/Quantum_interference/data/P1-C45_wedm_zgru_1prz.sur,3403.123415921332,810.0000000000001,809.0,532.0,655289.9999999508,Steel C45,C45,hybrid,256,256,0.0,3,P1,P1-C45_wedm_zgru_1prz,area,Wire EDM (roughing),wedm_zgru_1prz,simple
179.7338171248548,20.57608432054199,27.297418640221498,226.46344127128032,31.732911762796896,52.32595042339795,1731.2839850074176,644.9031710672818,1708.9317205210828,0.05,0.05,159.1577328043128,152.4363984846333,194.73052950848341,174.13749084788236,1086.3808139401358,22.35226448633481,0.0,0.0,/Users/dawid/Library/Mobile Documents/com~apple~CloudDocs/Dokumenty/Publikacje własne/Manuscripts/Quantum_interference/data/P1-ELLOR_frez_wyk.sur,226.86958715733263,810.0000000000001,809.0,532.0,655289.9999999508,Graphite,ELLOR,classical,256,256,0.0,0,P1,P1-ELLOR_frez_wyk,area,Milling (finishing),frez_wyk,simple
589.0690459445677,20.57608432054199,27.297418640221498,738.048033339716,31.732911762796896,52.32595042339795,6236.648040264699,644.9031710672818,1708.9317205210828,0.05,0.05,568.4929616240258,561.7716273043463,706.3151215769191,685.7220829163181,5591.744869197418,4527.716319743617,0.0,0.0,/Users/dawid/Library/Mobile Documents/com~apple~CloudDocs/Dokumenty/Publikacje własne/Manuscripts/Quantum_interference/data/P1-ELLOR_frez_wyk.sur,737.2609463753973,810.0000000000001,809.0,532.0,655289.9999999508,Graphite,ELLOR,quantum_like,256,256,0.0,0,P1,P1-ELLOR_frez_wyk,area,Milling (finishing),frez_wyk,simple
142.2830491790926,20.57608432054199,27.297418640221498,159.63053466554877,31.732911762796896,52.32595042339795,1352.5717494161806,644.9031710672818,1708.9317205210828,0.05,0.05,121.7069648585506,114.98563053887109,127.89762290275186,107.30458424215082,707.6685783488988,-356.3599711049021,0.0,0.0,/Users/dawid/Library/Mobile Documents/com~apple~CloudDocs/Dokumenty/Publikacje własne/Manuscripts/Quantum_interference/data/P1-ELLOR_frez_wyk.sur,160.6879328356089,810.0000000000001,809.0,532.0,655289.9999999508,Graphite,ELLOR,hybrid,256,256,0.0,0,P1,P1-ELLOR_frez_wyk,area,Milling (finishing),frez_wyk,simple
136.2730547549777,20.57608432054199,27.297418640221498,192.0689437948287,31.732911762796896,52.32595042339795,1868.5386715397683,644.9031710672818,1708.9317205210828,0.05,0.05,115.69697043443571,108.9756361147562,160.3360320320318,139.74299337143074,1223.6355004724865,159.60695101868558,0.0,0.0,/Users/dawid/Library/Mobile Documents/com~apple~CloudDocs/Dokumenty/Publikacje własne/Manuscripts/Quantum_interference/data/P1-ELLOR_frez_wyk.sur,191.1941337489282,810.0000000000001,809.0,532.0,655289.9999999508,Graphite,ELLOR,classical,256,256,0.0,1,P1,P1-ELLOR_frez_wyk,area,Milling (finishing),frez_wyk,simple
563.9251077365008,20.57608432054199,27.297418640221498,706.3739693706608,31.732911762796896,52.32595042339795,5517.924556587511,644.9031710672818,1708.9317205210828,0.05,0.05,543.3490234159589,536.6276890962794,674.6410576078639,654.0480189472629,4873.021385520229,3808.9928360664285,0.0,0.0,/Users/dawid/Library/Mobile Documents/com~apple~CloudDocs/Dokumenty/Publikacje własne/Manuscripts/Quantum_interference/data/P1-ELLOR_frez_wyk.sur,705.7549358070936,810.0000000000001,809.0,532.0,655289.9999999508,Graphite,ELLOR,quantum_like,256,256,0.0,1,P1,P1-ELLOR_frez_wyk,area,Milling (finishing),frez_wyk,simple
107.36059740882712,20.57608432054199,27.297418640221498,152.73003472033002,31.732911762796896,52.32595042339795,1599.544968430687,644.9031710672818,1708.9317205210828,0.05,0.05,86.78451308828514,80.06317876860561,120.99712295753314,100.40408429693208,954.6417973634051,-109.38675209039575,0.0,0.0,/Users/dawid/Library/Mobile Documents/com~apple~CloudDocs/Dokumenty/Publikacje własne/Manuscripts/Quantum_interference/data/P1-ELLOR_frez_wyk.sur,153.94184813454933,810.0000000000001,809.0,532.0,655289.9999999508,Graphite,ELLOR,hybrid,256,256,0.0,1,P1,P1-ELLOR_frez_wyk,area,Milling (finishing),frez_wyk,simple
159.99754138523264,20.57608432054199,27.297418640221498,210.29931126103708,31.732911762796896,52.32595042339795,1753.1733464216413,644.9031710672818,1708.9317205210828,0.05,0.05,139.42145706469063,132.70012274501113,178.56639949824017,157.97336083763912,1108.2701753543595,44.24162590055849,0.0,0.0,/Users/dawid/Library/Mobile Documents/com~apple~CloudDocs/Dokumenty/Publikacje własne/Manuscripts/Quantum_interference/data/P1-ELLOR_frez_wyk.sur,210.30634556433105,810.0000000000001,809.0,532.0,655289.9999999508,Graphite,ELLOR,classical,256,256,0.0,2,P1,P1-ELLOR_frez_wyk,area,Milling (finishing),frez_wyk,simple
542.9306013529201,20.57608432054199,27.297418640221498,680.9707167768343,31.732911762796896,52.32595042339795,6035.881174450671,644.9031710672818,1708.9317205210828,0.05,0.05,522.3545170323782,515.6331827126987,649.2378050140373,628.6447663534364,5390.9780033833895,4326.949453929588,0.0,0.0,/Users/dawid/Library/Mobile Documents/com~apple~CloudDocs/Dokumenty/Publikacje własne/Manuscripts/Quantum_interference/data/P1-ELLOR_frez_wyk.sur,680.2948601824901,810.0000000000001,809.0,532.0,655289.9999999508,Graphite,ELLOR,quantum_like,256,256,0.0,2,P1,P1-ELLOR_frez_wyk,area,Milling (finishing),frez_wyk,simple
142.71392108002001,20.57608432054199,27.297418640221498,155.75200162069805,31.732911762796896,52.32595042339795,1316.877599215253,644.9031710672818,1708.9317205210828,0.05,0.05,122.13783675947803,115.4165024397985,124.01908985790115,103.4260511973001,671.974428147971,-392.0541213058299,0.0,0.0,/Users/dawid/Library/Mobile Documents/com~apple~CloudDocs/Dokumenty/Publikacje własne/Manuscripts/Quantum_interference/data/P1-ELLOR_frez_wyk.sur,157.11620099455175,810.0000000000001,809.0,532.0,655289.9999999508,Graphite,ELLOR,hybrid,256,256,0.0,2,P1,P1-ELLOR_frez_wyk,area,Milling (finishing),frez_wyk,simple
161.49134354019884,20.57608432054199,27.297418640221498,211.6642627556538,31.732911762796896,52.32595042339795,1757.6702745928835,644.9031710672818,1708.9317205210828,0.05,0.05,140.91525921965686,134.19392489997733,179.9313509928569,159.33831233225584,1112.7671035256017,48.738554071800806,0.0,0.0,/Users/dawid/Library/Mobile Documents/com~apple~CloudDocs/Dokumenty/Publikacje własne/Manuscripts/Quantum_interference/data/P1-ELLOR_frez_wyk.sur,211.57601789222036,810.0000000000001,809.0,532.0,655289.9999999508,Graphite,ELLOR,classical,256,256,0.0,3,P1,P1-ELLOR_frez_wyk,area,Milling (finishing),frez_wyk,simple
540.390789637832,20.57608432054199,27.297418640221498,676.0790256598005,31.732911762796896,52.32595042339795,5563.723232424117,644.9031710672818,1708.9317205210828,0.05,0.05,519.8147053172901,513.0933709976105,644.3461138970036,623.7530752364027,4918.820061356835,3854.7915119030345,0.0,0.0,/Users/dawid/Library/Mobile Documents/com~apple~CloudDocs/Dokumenty/Publikacje własne/Manuscripts/Quantum_interference/data/P1-ELLOR_frez_wyk.sur,675.434177229614,810.0000000000001,809.0,532.0,655289.9999999508,Graphite,ELLOR,quantum_like,256,256,0.0,3,P1,P1-ELLOR_frez_wyk,area,Milling (finishing),frez_wyk,simple
138.27516189857116,20.57608432054199,27.297418640221498,152.06010511952957,31.732911762796896,52.32595042339795,1142.1945846429037,644.9031710672818,1708.9317205210828,0.05,0.05,117.69907757802918,110.97774325834965,120.32719335673266,99.73415469613163,497.29141357562173,-566.7371358781792,0.0,0.0,/Users/dawid/Library/Mobile Documents/com~apple~CloudDocs/Dokumenty/Publikacje własne/Manuscripts/Quantum_interference/data/P1-ELLOR_frez_wyk.sur,153.69555900237492,810.0000000000001,809.0,532.0,655289.9999999508,Graphite,ELLOR,hybrid,256,256,0.0,3,P1,P1-ELLOR_frez_wyk,area,Milling (finishing),frez_wyk,simple
0.1988337697431455,0.01334088396177543,0.01663394778151025,0.2494215558311285,0.020928418299710188,0.02991984577749072,2.1722478737148045,0.3789701745965676,0.8378487410273452,0.05,0.05,0.18549288578137008,0.18219982196163528,0.2284931375314183,0.21950171005363775,1.7932776991182369,1.3343991326874594,0.0,0.0,/Users/dawid/Library/Mobile Documents/com~apple~CloudDocs/Dokumenty/Publikacje własne/Manuscripts/Quantum_interference/data/P1-ELLOR_frez_zgr.sur,0.24851032530032732,810.0000000000001,809.0,532.0,655289.9999999508,Graphite,ELLOR,classical,256,256,0.0,0,P1,P1-ELLOR_frez_zgr,area,Milling (roughing),frez_zgr,simple
603.4650282015629,0.01334088396177543,0.01663394778151025,755.9283901521806,0.020928418299710188,0.02991984577749072,6424.744094659993,0.3789701745965676,0.8378487410273452,0.05,0.05,603.451687317601,603.4483942537813,755.9074617338808,755.898470306403,6424.365124485395,6423.9062459189645,0.0,0.0,/Users/dawid/Library/Mobile Documents/com~apple~CloudDocs/Dokumenty/Publikacje własne/Manuscripts/Quantum_interference/data/P1-ELLOR_frez_zgr.sur,755.928467619364,810.0000000000001,809.0,532.0,655289.9999999508,Graphite,ELLOR,quantum_like,256,256,0.0,0,P1,P1-ELLOR_frez_zgr,area,Milling (roughing),frez_zgr,simple
149.50006506836533,0.01334088396177543,0.01663394778151025,163.5205139811638,0.020928418299710188,0.02991984577749072,1347.2726255163905,0.3789701745965676,0.8378487410273452,0.05,0.05,149.48672418440356,149.48343112058382,163.4995855628641,163.49059413538632,1346.8936553417939,1346.434776775363,0.0,0.0,/Users/dawid/Library/Mobile Documents/com~apple~CloudDocs/Dokumenty/Publikacje własne/Manuscripts/Quantum_interference/data/P1-ELLOR_frez_zgr.sur,163.52076225864047,810.0000000000001,809.0,532.0,655289.9999999508,Graphite,ELLOR,hybrid,256,256,0.0,0,P1,P1-ELLOR_frez_zgr,area,Milling (roughing),frez_zgr,simple
0.20045959214974948,0.01334088396177543,0.01663394778151025,0.25163183006334305,0.020928418299710188,0.02991984577749072,2.2337940323176118,0.3789701745965676,0.8378487410273452,0.05,0.05,0.18711870818797405,0.18382564436823925,0.23070341176363285,0.22171198428585231,1.854823857721044,1.3959452912902663,0.0,0.0,/Users/dawid/Library/Mobile Documents/com~apple~CloudDocs/Dokumenty/Publikacje własne/Manuscripts/Quantum_interference/data/P1-ELLOR_frez_zgr.sur,0.2505859719400798,810.0000000000001,809.0,532.0,655289.9999999508,Graphite,ELLOR,classical,256,256,0.0,1,P1,P1-ELLOR_frez_zgr,area,Milling (roughing),frez_zgr,simple
533.1377129980448,0.01334088396177543,0.01663394778151025,669.2690343033956,0.020928418299710188,0.02991984577749072,5824.137849642695,0.3789701745965676,0.8378487410273452,0.05,0.05,533.124372114083,533.1210790502633,669.2481058850959,669.2391144576181,5823.758879468098,5823.300000901667,0.0,0.0,/Users/dawid/Library/Mobile Documents/com~apple~CloudDocs/Dokumenty/Publikacje własne/Manuscripts/Quantum_interference/data/P1-ELLOR_frez_zgr.sur,669.269125907609,810.0000000000001,809.0,532.0,655289.9999999508,Graphite,ELLOR,quantum_like,256,256,0.0,1,P1,P1-ELLOR_frez_zgr,area,Milling (roughing),frez_zgr,simple
101.52592275217694,0.01334088396177543,0.01663394778151025,147.7936769460375,0.020928418299710188,0.02991984577749072,1069.1304008955267,0.3789701745965676,0.8378487410273452,0.05,0.05,101.51258186821516,101.50928880439544,147.77274852773778,147.76375710026,1068.75143072093,1068.2925521544994,0.0,0.0,/Users/dawid/Library/Mobile Documents/com~apple~CloudDocs/Dokumenty/Publikacje własne/Manuscripts/Quantum_interference/data/P1-ELLOR_frez_zgr.sur,147.79374481397454,810.0000000000001,809.0,532.0,655289.9999999508,Graphite,ELLOR,hybrid,256,256,0.0,1,P1,P1-ELLOR_frez_zgr,area,Milling (roughing),frez_zgr,simple
0.21153605928902808,0.01334088396177543,0.01663394778151025,0.2650703494932716,0.020928418299710188,0.02991984577749072,2.222488230424363,0.3789701745965676,0.8378487410273452,0.05,0.05,0.19819517532725264,0.19490211150751782,0.2441419311935614,0.2351505037157809,1.8435180558277957,1.384639489397018,0.0,0.0,/Users/dawid/Library/Mobile Documents/com~apple~CloudDocs/Dokumenty/Publikacje własne/Manuscripts/Quantum_interference/data/P1-ELLOR_frez_zgr.sur,0.26425471708481957,810.0000000000001,809.0,532.0,655289.9999999508,Graphite,ELLOR,classical,256,256,0.0,2,P1,P1-ELLOR_frez_zgr,area,Milling (roughing),frez_zgr,simple
540.0694635633564,0.01334088396177543,0.01663394778151025,677.8832126591388,0.020928418299710188,0.02991984577749072,5724.048293096149,0.3789701745965676,0.8378487410273452,0.05,0.05,540.0561226793947,540.052829615575,677.8622842408392,677.8532928133613,5723.669322921552,5723.210444355121,0.0,0.0,/Users/dawid/Library/Mobile Documents/com~apple~CloudDocs/Dokumenty/Publikacje własne/Manuscripts/Quantum_interference/data/P1-ELLOR_frez_zgr.sur,677.8831493591945,810.0000000000001,809.0,532.0,655289.9999999508,Graphite,ELLOR,quantum_like,256,256,0.0,2,P1,P1-ELLOR_frez_zgr,area,Milling (roughing),frez_zgr,simple
122.59547370920447,0.01334088396177543,0.01663394778151025,149.39884492338084,0.020928418299710188,0.02991984577749072,1074.159473277203,0.3789701745965676,0.8378487410273452,0.05,0.05,122.5821328252427,122.57883976142296,149.37791650508112,149.36892507760334,1073.7805031026064,1073.3216245361757,0.0,0.0,/Users/dawid/Library/Mobile Documents/com~apple~CloudDocs/Dokumenty/Publikacje własne/Manuscripts/Quantum_interference/data/P1-ELLOR_frez_zgr.sur,149.3986974247143,810.0000000000001,809.0,532.0,655289.9999999508,Graphite,ELLOR,hybrid,256,256,0.0,2,P1,P1-ELLOR_frez_zgr,area,Milling (roughing),frez_zgr,simple
0.20813812352314887,0.01334088396177543,0.01663394778151025,0.2606640187095781,0.020928418299710188,0.02991984577749072,2.0961217588764223,0.3789701745965676,0.8378487410273452,0.05,0.05,0.1947972395613734,0.1915041757416386,0.23973560040986794,0.23074417293208738,1.7171515842798548,1.258273017849077,0.0,0.0,/Users/dawid/Library/Mobile Documents/com~apple~CloudDocs/Dokumenty/Publikacje własne/Manuscripts/Quantum_interference/data/P1-ELLOR_frez_zgr.sur,0.2597516080355414,810.0000000000001,809.0,532.0,655289.9999999508,Graphite,ELLOR,classical,256,256,0.0,3,P1,P1-ELLOR_frez_zgr,area,Milling (roughing),frez_zgr,simple
570.7084424383022,0.01334088396177543,0.01663394778151025,715.6937574215503,0.020928418299710188,0.02991984577749072,6334.901868788809,0.3789701745965676,0.8378487410273452,0.05,0.05,570.6951015543405,570.6918084905208,715.6728290032506,715.6638375757727,6334.522898614212,6334.064020047782,0.0,0.0,/Users/dawid/Library/Mobile Documents/com~apple~CloudDocs/Dokumenty/Publikacje własne/Manuscripts/Quantum_interference/data/P1-ELLOR_frez_zgr.sur,715.6937574040167,810.0000000000001,809.0,532.0,655289.9999999508,Graphite,ELLOR,quantum_like,256,256,0.0,3,P1,P1-ELLOR_frez_zgr,area,Milling (roughing),frez_zgr,simple
135.5674672918136,0.01334088396177543,0.01663394778151025,155.64235181980564,0.020928418299710188,0.02991984577749072,1089.2173878128392,0.3789701745965676,0.8378487410273452,0.05,0.05,135.5541264078518,135.5508333440321,155.62142340150595,155.61243197402814,1088.8384176382426,1088.379539071812,0.0,0.0,/Users/dawid/Library/Mobile Documents/com~apple~CloudDocs/Dokumenty/Publikacje własne/Manuscripts/Quantum_interference/data/P1-ELLOR_frez_zgr.sur,155.6423886272305,810.0000000000001,809.0,532.0,655289.9999999508,Graphite,ELLOR,hybrid,256,256,0.0,3,P1,P1-ELLOR_frez_zgr,area,Milling (roughing),frez_zgr,simple
659.4765140256129,1787165.7870731056,2018004.8643047118,867.054131270596,2641894.4982416346,3090351.901157858,7833.692078003971,36281268.04227555,61174725.89370246,0.05,0.05,-1786506.31055908,-2017345.387790686,-2641027.444110364,-3089484.8470265875,-36273434.350197546,-61166892.20162446,0.0,0.0,/Users/dawid/Library/Mobile Documents/com~apple~CloudDocs/Dokumenty/Publikacje własne/Manuscripts/Quantum_interference/data/P1-ELLOR_t_zgrub.sur,2641896.240196369,810.0000000000001,809.0,532.0,655289.9999999508,Graphite,ELLOR,classical,256,256,0.0,0,P1,P1-ELLOR_t_zgrub,area,Turning (roughing),t_zgrub,simple
938576.2899267813,1787165.7870731056,2018004.8643047118,1209976.381842434,2641894.4982416346,3090351.901157858,9828472.631792901,36281268.04227555,61174725.89370246,0.05,0.05,-848589.4971463241,-1079428.5743779305,-1431918.1163992006,-1880375.519315424,-26452795.41048265,-51346253.26190957,0.0,0.0,/Users/dawid/Library/Mobile Documents/com~apple~CloudDocs/Dokumenty/Publikacje własne/Manuscripts/Quantum_interference/data/P1-ELLOR_t_zgrub.sur,2908086.2629773733,810.0000000000001,809.0,532.0,655289.9999999508,Graphite,ELLOR,quantum_like,256,256,0.0,0,P1,P1-ELLOR_t_zgrub,area,Turning (roughing),t_zgrub,simple
556205.2260550525,1787165.7870731056,2018004.8643047118,719061.6315220839,2641894.4982416346,3090351.901157858,5340429.99025946,36281268.04227555,61174725.89370246,0.05,0.05,-1230960.5610180532,-1461799.6382496594,-1922832.866719551,-2371290.269635774,-30940838.05201609,-55834295.90344301,0.0,0.0,/Users/dawid/Library/Mobile Documents/com~apple~CloudDocs/Dokumenty/Publikacje własne/Manuscripts/Quantum_interference/data/P1-ELLOR_t_zgrub.sur,2744312.153552749,810.0000000000001,809.0,532.0,655289.9999999508,Graphite,ELLOR,hybrid,256,256,0.0,0,P1,P1-ELLOR_t_zgrub,area,Turning (roughing),t_zgrub,simple
677.6491644561297,1787165.7870731056,2018004.8643047118,884.1142921056604,2641894.4982416346,3090351.901157858,8466.216025366459,36281268.04227555,61174725.89370246,0.05,0.05,-1786488.1379086494,-2017327.2151402556,-2641010.383949529,-3089467.786865752,-36272801.82625018,-61166259.677677095,0.0,0.0,/Users/dawid/Library/Mobile Documents/com~apple~CloudDocs/Dokumenty/Publikacje własne/Manuscripts/Quantum_interference/data/P1-ELLOR_t_zgrub.sur,2641897.6255408735,810.0000000000001,809.0,532.0,655289.9999999508,Graphite,ELLOR,classical,256,256,0.0,1,P1,P1-ELLOR_t_zgrub,area,Turning (roughing),t_zgrub,simple
956421.00508041,1787165.7870731056,2018004.8643047118,1225572.7500421307,2641894.4982416346,3090351.901157858,11177727.86446123,36281268.04227555,61174725.89370246,0.05,0.05,-830744.7819926954,-1061583.8592243018,-1416321.748199504,-1864779.1511157271,-25103540.17781432,-49996998.029241234,0.0,0.0,/Users/dawid/Library/Mobile Documents/com~apple~CloudDocs/Dokumenty/Publikacje własne/Manuscripts/Quantum_interference/data/P1-ELLOR_t_zgrub.sur,2913526.5799360066,810.0000000000001,809.0,532.0,655289.9999999508,Graphite,ELLOR,quantum_like,256,256,0.0,1,P1,P1-ELLOR_t_zgrub,area,Turning (roughing),t_zgrub,simple
599920.6072933634,1787165.7870731056,2018004.8643047118,763204.0082796604,2641894.4982416346,3090351.901157858,5476298.991611934,36281268.04227555,61174725.89370246,0.05,0.05,-1187245.1797797421,-1418084.2570113484,-1878690.4899619743,-2327147.8928781976,-30804969.050663613,-55698426.90209053,0.0,0.0,/Users/dawid/Library/Mobile Documents/com~apple~CloudDocs/Dokumenty/Publikacje własne/Manuscripts/Quantum_interference/data/P1-ELLOR_t_zgrub.sur,2757033.8808272528,810.0000000000001,809.0,532.0,655289.9999999508,Graphite,ELLOR,hybrid,256,256,0.0,1,P1,P1-ELLOR_t_zgrub,area,Turning (roughing),t_zgrub,simple
661.1756984441699,1787165.7870731056,2018004.8643047118,867.062624405482,2641894.4982416346,3090351.901157858,8387.304608198605,36281268.04227555,61174725.89370246,0.05,0.05,-1786504.6113746613,-2017343.688606268,-2641027.435617229,-3089484.8385334522,-36272880.73766735,-61166338.58909427,0.0,0.0,/Users/dawid/Library/Mobile Documents/com~apple~CloudDocs/Dokumenty/Publikacje własne/Manuscripts/Quantum_interference/data/P1-ELLOR_t_zgrub.sur,2641897.444244819,810.0000000000001,809.0,532.0,655289.9999999508,Graphite,ELLOR,classical,256,256,0.0,2,P1,P1-ELLOR_t_zgrub,area,Turning (roughing),t_zgrub,simple
916894.6990592198,1787165.7870731056,2018004.8643047118,1174144.9255961145,2641894.4982416346,3090351.901157858,10191845.013857268,36281268.04227555,61174725.89370246,0.05,0.05,-870271.0880138858,-1101110.165245492,-1467749.57264552,-1916206.9755617434,-26089423.028418284,-50982880.879845195,0.0,0.0,/Users/dawid/Library/Mobile Documents/com~apple~CloudDocs/Dokumenty/Publikacje własne/Manuscripts/Quantum_interference/data/P1-ELLOR_t_zgrub.sur,2892696.556389852,810.0000000000001,809.0,532.0,655289.9999999508,Graphite,ELLOR,quantum_like,256,256,0.0,2,P1,P1-ELLOR_t_zgrub,area,Turning (roughing),t_zgrub,simple
552167.1466316625,1787165.7870731056,2018004.8643047118,705556.3651461252,2641894.4982416346,3090351.901157858,5341784.956609617,36281268.04227555,61174725.89370246,0.05,0.05,-1234998.640441443,-1465837.7176730493,-1936338.1330955096,-2384795.5360117326,-30939483.085665934,-55832940.93709285,0.0,0.0,/Users/dawid/Library/Mobile Documents/com~apple~CloudDocs/Dokumenty/Publikacje własne/Manuscripts/Quantum_interference/data/P1-ELLOR_t_zgrub.sur,2741825.0499594854,810.0000000000001,809.0,532.0,655289.9999999508,Graphite,ELLOR,hybrid,256,256,0.0,2,P1,P1-ELLOR_t_zgrub,area,Turning (roughing),t_zgrub,simple
645.4799422901028,1787165.7870731056,2018004.8643047118,857.7215138075628,2641894.4982416346,3090351.901157858,8009.568466963834,36281268.04227555,61174725.89370246,0.05,0.05,-1786520.3071308155,-2017359.384362422,-2641036.7767278273,-3089494.1796440505,-36273258.47380859,-61166716.3252355,0.0,0.0,/Users/dawid/Library/Mobile Documents/com~apple~CloudDocs/Dokumenty/Publikacje własne/Manuscripts/Quantum_interference/data/P1-ELLOR_t_zgrub.sur,2641899.989113783,810.0000000000001,809.0,532.0,655289.9999999508,Graphite,ELLOR,classical,256,256,0.0,3,P1,P1-ELLOR_t_zgrub,area,Turning (roughing),t_zgrub,simple
926317.8303612842,1787165.7870731056,2018004.8643047118,1182826.6644067846,2641894.4982416346,3090351.901157858,11176723.354270605,36281268.04227555,61174725.89370246,0.05,0.05,-860847.9567118214,-1091687.0339434277,-1459067.8338348502,-1907525.2367510733,-25104544.688004944,-49998002.53943186,0.0,0.0,/Users/dawid/Library/Mobile Documents/com~apple~CloudDocs/Dokumenty/Publikacje własne/Manuscripts/Quantum_interference/data/P1-ELLOR_t_zgrub.sur,2896749.721489006,810.0000000000001,809.0,532.0,655289.9999999508,Graphite,ELLOR,quantum_like,256,256,0.0,3,P1,P1-ELLOR_t_zgrub,area,Turning (roughing),t_zgrub,simple
548179.2393066947,1787165.7870731056,2018004.8643047118,699429.1054841358,2641894.4982416346,3090351.901157858,5508879.626750944,36281268.04227555,61174725.89370246,0.05,0.05,-1238986.547766411,-1469825.6249980172,-1942465.392757499,-2390922.795673722,-30772388.415524606,-55665846.26695152,0.0,0.0,/Users/dawid/Library/Mobile Documents/com~apple~CloudDocs/Dokumenty/Publikacje własne/Manuscripts/Quantum_interference/data/P1-ELLOR_t_zgrub.sur,2741862.772499296,810.0000000000001,809.0,532.0,655289.9999999508,Graphite,ELLOR,hybrid,256,256,0.0,3,P1,P1-ELLOR_t_zgrub,area,Turning (roughing),t_zgrub,simple
715.2791518062263,949.3128362506651,1288.9111898407098,961.9011311005984,1493.174789438539,2635.0106342366944,8346.95634543812,28667.810212091194,94762.18475820428,0.05,0.05,-234.03368444443882,-573.6320380344835,-531.2736583379406,-1673.1095031360962,-20320.853866653073,-86415.22841276617,0.0,0.0,/Users/dawid/Library/Mobile Documents/com~apple~CloudDocs/Dokumenty/Publikacje własne/Manuscripts/Quantum_interference/data/P1-ELLOR_wedm_wyk.sur,1758.7822592887376,810.0000000000001,809.0,532.0,655289.9999999508,Graphite,ELLOR,classical,256,256,0.0,0,P1,P1-ELLOR_wedm_wyk,area,Wire EDM (finishing),wedm_wyk,simple
929.3731372872619,949.3128362506651,1288.9111898407098,1365.967031898094,1493.174789438539,2635.0106342366944,24969.80080884302,28667.810212091194,94762.18475820428,0.05,0.05,-19.939698963403224,-359.5380525534478,-127.20775754044482,-1269.0436023386003,-3698.00940324817,-69792.38394936126,0.0,0.0,/Users/dawid/Library/Mobile Documents/com~apple~CloudDocs/Dokumenty/Publikacje własne/Manuscripts/Quantum_interference/data/P1-ELLOR_wedm_wyk.sur,655.9876819831347,810.0000000000001,809.0,532.0,655289.9999999508,Graphite,ELLOR,quantum_like,256,256,0.0,0,P1,P1-ELLOR_wedm_wyk,area,Wire EDM (finishing),wedm_wyk,simple
415.38654953622057,949.3128362506651,1288.9111898407098,581.3680462528812,1493.174789438539,2635.0106342366944,10691.36563084682,28667.810212091194,94762.18475820428,0.05,0.05,-533.9262867144446,-873.5246403044891,-911.8067431856578,-2053.6425879838134,-17976.444581244374,-84070.81912735746,0.0,0.0,/Users/dawid/Library/Mobile Documents/com~apple~CloudDocs/Dokumenty/Publikacje własne/Manuscripts/Quantum_interference/data/P1-ELLOR_wedm_wyk.sur,1183.8600288400612,810.0000000000001,809.0,532.0,655289.9999999508,Graphite,ELLOR,hybrid,256,256,0.0,0,P1,P1-ELLOR_wedm_wyk,area,Wire EDM (finishing),wedm_wyk,simple
712.8478116581057,949.3128362506651,1288.9111898407098,953.6077045335861,1493.174789438539,2635.0106342366944,8441.591629134378,28667.810212091194,94762.18475820428,0.05,0.05,-236.46502459255942,-576.063378182604,-539.5670849049527,-1681.4029297031084,-20226.218582956815,-86320.59312906991,0.0,0.0,/Users/dawid/Library/Mobile Documents/com~apple~CloudDocs/Dokumenty/Publikacje własne/Manuscripts/Quantum_interference/data/P1-ELLOR_wedm_wyk.sur,1746.2079055488985,810.0000000000001,809.0,532.0,655289.9999999508,Graphite,ELLOR,classical,256,256,0.0,1,P1,P1-ELLOR_wedm_wyk,area,Wire EDM (finishing),wedm_wyk,simple
1110.364300972967,949.3128362506651,1288.9111898407098,1631.355636218397,1493.174789438539,2635.0106342366944,28658.8495177174,28667.810212091194,94762.18475820428,0.05,0.05,161.05146472230177,-178.5468888677428,138.18084677985814,-1003.6549980182974,-8.960694373791588,-66103.3352404869,0.0,0.0,/Users/dawid/Library/Mobile Documents/com~apple~CloudDocs/Dokumenty/Publikacje własne/Manuscripts/Quantum_interference/data/P1-ELLOR_wedm_wyk.sur,709.1156704853864,810.0000000000001,809.0,532.0,655289.9999999508,Graphite,ELLOR,quantum_like,256,256,0.0,1,P1,P1-ELLOR_wedm_wyk,area,Wire EDM (finishing),wedm_wyk,simple
495.09203859394177,949.3128362506651,1288.9111898407098,691.9807314349675,1493.174789438539,2635.0106342366944,12813.951111859746,28667.810212091194,94762.18475820428,0.05,0.05,-454.2207976567234,-793.819151246768,-801.1940580035714,-1943.029902801727,-15853.859100231446,-81948.23364634454,0.0,0.0,/Users/dawid/Library/Mobile Documents/com~apple~CloudDocs/Dokumenty/Publikacje własne/Manuscripts/Quantum_interference/data/P1-ELLOR_wedm_wyk.sur,1147.030048417979,810.0000000000001,809.0,532.0,655289.9999999508,Graphite,ELLOR,hybrid,256,256,0.0,1,P1,P1-ELLOR_wedm_wyk,area,Wire EDM (finishing),wedm_wyk,simple
732.9411127568657,949.3128362506651,1288.9111898407098,972.1107784862227,1493.174789438539,2635.0106342366944,8016.084928478762,28667.810212091194,94762.18475820428,0.05,0.05,-216.37172349379955,-555.9700770838441,-521.0640109523163,-1662.8998557504717,-20651.72528361243,-86746.09982972553,0.0,0.0,/Users/dawid/Library/Mobile Documents/com~apple~CloudDocs/Dokumenty/Publikacje własne/Manuscripts/Quantum_interference/data/P1-ELLOR_wedm_wyk.sur,1751.0992560522818,810.0000000000001,809.0,532.0,655289.9999999508,Graphite,ELLOR,classical,256,256,0.0,2,P1,P1-ELLOR_wedm_wyk,area,Wire EDM (finishing),wedm_wyk,simple
1190.602668807763,949.3128362506651,1288.9111898407098,1751.3905433410755,1493.174789438539,2635.0106342366944,32612.739117108704,28667.810212091194,94762.18475820428,0.05,0.05,241.2898325570977,-98.3085210329469,258.2157539025367,-883.6200908956189,3944.9289050175094,-62149.44564109559,0.0,0.0,/Users/dawid/Library/Mobile Documents/com~apple~CloudDocs/Dokumenty/Publikacje własne/Manuscripts/Quantum_interference/data/P1-ELLOR_wedm_wyk.sur,750.2357178408134,810.0000000000001,809.0,532.0,655289.9999999508,Graphite,ELLOR,quantum_like,256,256,0.0,2,P1,P1-ELLOR_wedm_wyk,area,Wire EDM (finishing),wedm_wyk,simple
532.3347674435148,949.3128362506651,1288.9111898407098,743.3801787129624,1493.174789438539,2635.0106342366944,13502.273581742238,28667.810212091194,94762.18475820428,0.05,0.05,-416.97806880715035,-756.576422397195,-749.7946107255764,-1891.630455523732,-15165.536630348955,-81259.91117646205,0.0,0.0,/Users/dawid/Library/Mobile Documents/com~apple~CloudDocs/Dokumenty/Publikacje własne/Manuscripts/Quantum_interference/data/P1-ELLOR_wedm_wyk.sur,1132.0521619275285,810.0000000000001,809.0,532.0,655289.9999999508,Graphite,ELLOR,hybrid,256,256,0.0,2,P1,P1-ELLOR_wedm_wyk,area,Wire EDM (finishing),wedm_wyk,simple
737.2103297125053,949.3128362506651,1288.9111898407098,974.6486008694724,1493.174789438539,2635.0106342366944,8610.2996242272,28667.810212091194,94762.18475820428,0.05,0.05,-212.10250653815987,-551.7008601282045,-518.5261885690664,-1660.362033367222,-20057.51058786399,-86151.88513397708,0.0,0.0,/Users/dawid/Library/Mobile Documents/com~apple~CloudDocs/Dokumenty/Publikacje własne/Manuscripts/Quantum_interference/data/P1-ELLOR_wedm_wyk.sur,1763.1089143118752,810.0000000000001,809.0,532.0,655289.9999999508,Graphite,ELLOR,classical,256,256,0.0,3,P1,P1-ELLOR_wedm_wyk,area,Wire EDM (finishing),wedm_wyk,simple
1266.3283005337723,949.3128362506651,1288.9111898407098,1864.145450822697,1493.174789438539,2635.0106342366944,34874.32361728178,28667.810212091194,94762.18475820428,0.05,0.05,317.01546428310706,-22.58288930693751,370.9706613841581,-770.8651834139974,6206.513405190582,-59887.86114092251,0.0,0.0,/Users/dawid/Library/Mobile Documents/com~apple~CloudDocs/Dokumenty/Publikacje własne/Manuscripts/Quantum_interference/data/P1-ELLOR_wedm_wyk.sur,825.834247723168,810.0000000000001,809.0,532.0,655289.9999999508,Graphite,ELLOR,quantum_like,256,256,0.0,3,P1,P1-ELLOR_wedm_wyk,area,Wire EDM (finishing),wedm_wyk,simple
566.8657250138376,949.3128362506651,1288.9111898407098,791.5786881623609,1493.174789438539,2635.0106342366944,15108.692333829697,28667.810212091194,94762.18475820428,0.05,0.05,-382.4471112368275,-722.045464826872,-701.5961012761779,-1843.4319460743336,-13559.117878261497,-79653.49242437458,0.0,0.0,/Users/dawid/Library/Mobile Documents/com~apple~CloudDocs/Dokumenty/Publikacje własne/Manuscripts/Quantum_interference/data/P1-ELLOR_wedm_wyk.sur,1123.0042631690185,810.0000000000001,809.0,532.0,655289.9999999508,Graphite,ELLOR,hybrid,256,256,0.0,3,P1,P1-ELLOR_wedm_wyk,area,Wire EDM (finishing),wedm_wyk,simple
784.6181302358244,1065.6324171939048,1449.8944742396523,1020.216744174605,1565.3286439144156,2498.4242966125526,8885.13989228604,32513.359859253404,69211.50170978007,0.05,0.05,-281.0142869580802,-665.2763440038278,-545.1118997398106,-1478.2075524379472,-23628.21996696736,-60326.36181749403,0.0,0.0,/Users/dawid/Library/Mobile Documents/com~apple~CloudDocs/Dokumenty/Publikacje własne/Manuscripts/Quantum_interference/data/P1-ELLOR_wedm_zgru_1prz.sur,1871.6535165277364,810.0000000000001,809.0,532.0,655289.9999999508,Graphite,ELLOR,classical,256,256,0.0,0,P1,P1-ELLOR_wedm_zgru_1prz,area,Wire EDM (roughing),wedm_zgru_1prz,simple
1132.659594438071,1065.6324171939048,1449.8944742396523,1601.3573346265973,1565.3286439144156,2498.4242966125526,34331.721999586975,32513.359859253404,69211.50170978007,0.05,0.05,67.02717724416631,-317.23487980158126,36.028690712181756,-897.066961985955,1818.3621403335715,-34879.77971019309,0.0,0.0,/Users/dawid/Library/Mobile Documents/com~apple~CloudDocs/Dokumenty/Publikacje własne/Manuscripts/Quantum_interference/data/P1-ELLOR_wedm_zgru_1prz.sur,687.4736573621872,810.0000000000001,809.0,532.0,655289.9999999508,Graphite,ELLOR,quantum_like,256,256,0.0,0,P1,P1-ELLOR_wedm_zgru_1prz,area,Wire EDM (roughing),wedm_zgru_1prz,simple
534.5474355174586,1065.6324171939048,1449.8944742396523,718.379003696987,1565.3286439144156,2498.4242966125526,14627.58375968723,32513.359859253404,69211.50170978007,0.05,0.05,-531.0849816764462,-915.3470387221937,-846.9496402174286,-1780.0452929155654,-17885.776099566174,-54583.91795009284,0.0,0.0,/Users/dawid/Library/Mobile Documents/com~apple~CloudDocs/Dokumenty/Publikacje własne/Manuscripts/Quantum_interference/data/P1-ELLOR_wedm_zgru_1prz.sur,1183.6697569790497,810.0000000000001,809.0,532.0,655289.9999999508,Graphite,ELLOR,hybrid,256,256,0.0,0,P1,P1-ELLOR_wedm_zgru_1prz,area,Wire EDM (roughing),wedm_zgru_1prz,simple
792.105234430103,1065.6324171939048,1449.8944742396523,1027.688831620321,1565.3286439144156,2498.4242966125526,8605.058431519876,32513.359859253404,69211.50170978007,0.05,0.05,-273.52718276380165,-657.7892398095493,-537.6398122940947,-1470.7354649922313,-23908.301427733528,-60606.44327826019,0.0,0.0,/Users/dawid/Library/Mobile Documents/com~apple~CloudDocs/Dokumenty/Publikacje własne/Manuscripts/Quantum_interference/data/P1-ELLOR_wedm_zgru_1prz.sur,1870.8740141439264,810.0000000000001,809.0,532.0,655289.9999999508,Graphite,ELLOR,classical,256,256,0.0,1,P1,P1-ELLOR_wedm_zgru_1prz,area,Wire EDM (roughing),wedm_zgru_1prz,simple
1188.2900162220894,1065.6324171939048,1449.8944742396523,1677.5641425972447,1565.3286439144156,2498.4242966125526,32708.619700836774,32513.359859253404,69211.50170978007,0.05,0.05,122.65759902818475,-261.6044580175628,112.23549868282902,-820.8601540153077,195.2598415833702,-36502.88200894329,0.0,0.0,/Users/dawid/Library/Mobile Documents/com~apple~CloudDocs/Dokumenty/Publikacje własne/Manuscripts/Quantum_interference/data/P1-ELLOR_wedm_zgru_1prz.sur,680.4089016440229,810.0000000000001,809.0,532.0,655289.9999999508,Graphite,ELLOR,quantum_like,256,256,0.0,1,P1,P1-ELLOR_wedm_zgru_1prz,area,Wire EDM (roughing),wedm_zgru_1prz,simple
567.2539494874122,1065.6324171939048,1449.8944742396523,758.6310319760963,1565.3286439144156,2498.4242966125526,14908.504990324907,32513.359859253404,69211.50170978007,0.05,0.05,-498.37846770649236,-882.64052475224,-806.6976119383193,-1739.793264636456,-17604.854868928498,-54302.996719455165,0.0,0.0,/Users/dawid/Library/Mobile Documents/com~apple~CloudDocs/Dokumenty/Publikacje własne/Manuscripts/Quantum_interference/data/P1-ELLOR_wedm_zgru_1prz.sur,1170.8003881966172,810.0000000000001,809.0,532.0,655289.9999999508,Graphite,ELLOR,hybrid,256,256,0.0,1,P1,P1-ELLOR_wedm_zgru_1prz,area,Wire EDM (roughing),wedm_zgru_1prz,simple
770.0879534379293,1065.6324171939048,1449.8944742396523,1010.9596154543161,1565.3286439144156,2498.4242966125526,8563.919434970252,32513.359859253404,69211.50170978007,0.05,0.05,-295.5444637559753,-679.8065208017229,-554.3690284600995,-1487.464681158236,-23949.44042428315,-60647.58227480982,0.0,0.0,/Users/dawid/Library/Mobile Documents/com~apple~CloudDocs/Dokumenty/Publikacje własne/Manuscripts/Quantum_interference/data/P1-ELLOR_wedm_zgru_1prz.sur,1864.3727535009414,810.0000000000001,809.0,532.0,655289.9999999508,Graphite,ELLOR,classical,256,256,0.0,2,P1,P1-ELLOR_wedm_zgru_1prz,area,Wire EDM (roughing),wedm_zgru_1prz,simple
1305.0242208756144,1065.6324171939048,1449.8944742396523,1848.6825663984275,1565.3286439144156,2498.4242966125526,36423.09144684225,32513.359859253404,69211.50170978007,0.05,0.05,239.3918036817097,-144.8702533640379,283.35392248401206,-649.7417302141247,3909.7315875888485,-32788.41026293782,0.0,0.0,/Users/dawid/Library/Mobile Documents/com~apple~CloudDocs/Dokumenty/Publikacje własne/Manuscripts/Quantum_interference/data/P1-ELLOR_wedm_zgru_1prz.sur,754.016124277691,810.0000000000001,809.0,532.0,655289.9999999508,Graphite,ELLOR,quantum_like,256,256,0.0,2,P1,P1-ELLOR_wedm_zgru_1prz,area,Wire EDM (roughing),wedm_zgru_1prz,simple
626.3760865406871,1065.6324171939048,1449.8944742396523,839.7095427368466,1565.3286439144156,2498.4242966125526,16489.851410424308,32513.359859253404,69211.50170978007,0.05,0.05,-439.25633065321756,-823.5183876989652,-725.619101177569,-1658.7147538757058,-16023.508448829096,-52721.65029935576,0.0,0.0,/Users/dawid/Library/Mobile Documents/com~apple~CloudDocs/Dokumenty/Publikacje własne/Manuscripts/Quantum_interference/data/P1-ELLOR_wedm_zgru_1prz.sur,1149.9987482302731,810.0000000000001,809.0,532.0,655289.9999999508,Graphite,ELLOR,hybrid,256,256,0.0,2,P1,P1-ELLOR_wedm_zgru_1prz,area,Wire EDM (roughing),wedm_zgru_1prz,simple
772.9087921177379,1065.6324171939048,1449.8944742396523,1007.190371158317,1565.3286439144156,2498.4242966125526,7476.420976614823,32513.359859253404,69211.50170978007,0.05,0.05,-292.7236250761668,-676.9856821219144,-558.1382727560986,-1491.2339254542353,-25036.93888263858,-61735.08073316525,0.0,0.0,/Users/dawid/Library/Mobile Documents/com~apple~CloudDocs/Dokumenty/Publikacje własne/Manuscripts/Quantum_interference/data/P1-ELLOR_wedm_zgru_1prz.sur,1869.1582877260973,810.0000000000001,809.0,532.0,655289.9999999508,Graphite,ELLOR,classical,256,256,0.0,3,P1,P1-ELLOR_wedm_zgru_1prz,area,Wire EDM (roughing),wedm_zgru_1prz,simple
1307.0212099330188,1065.6324171939048,1449.8944742396523,1846.2166885699935,1565.3286439144156,2498.4242966125526,36609.65857042258,32513.359859253404,69211.50170978007,0.05,0.05,241.3887927391141,-142.87326430663347,280.88804465557786,-652.207608042559,4096.298711169179,-32601.843139357487,0.0,0.0,/Users/dawid/Library/Mobile Documents/com~apple~CloudDocs/Dokumenty/Publikacje własne/Manuscripts/Quantum_interference/data/P1-ELLOR_wedm_zgru_1prz.sur,774.5133284322775,810.0000000000001,809.0,532.0,655289.9999999508,Graphite,ELLOR,quantum_like,256,256,0.0,3,P1,P1-ELLOR_wedm_zgru_1prz,area,Wire EDM (roughing),wedm_zgru_1prz,simple
621.0837820588534,1065.6324171939048,1449.8944742396523,831.8289878867611,1565.3286439144156,2498.4242966125526,16227.404330265086,32513.359859253404,69211.50170978007,0.05,0.05,-444.5486351350512,-828.8106921807988,-733.4996560276545,-1666.5953087257915,-16285.955528988317,-52984.097379514984,0.0,0.0,/Users/dawid/Library/Mobile Documents/com~apple~CloudDocs/Dokumenty/Publikacje własne/Manuscripts/Quantum_interference/data/P1-ELLOR_wedm_zgru_1prz.sur,1152.0660254562647,810.0000000000001,809.0,532.0,655289.9999999508,Graphite,ELLOR,hybrid,256,256,0.0,3,P1,P1-ELLOR_wedm_zgru_1prz,area,Wire EDM (roughing),wedm_zgru_1prz,simple
363.5483865048728,365.53903232290645,371.232885286238,469.7493367589033,419.12377625567063,433.87656132110186,4168.177363803285,3473.2955761941603,10944.451287199645,0.05,0.05,-1.990645818033653,-7.68449878136522,50.62556050323266,35.872775437801444,694.8817876091247,-6776.273923396361,0.0,0.0,/Users/dawid/Library/Mobile Documents/com~apple~CloudDocs/Dokumenty/Publikacje własne/Manuscripts/Quantum_interference/data/P1-MO58A_frez_wyk.sur,508.16275976645454,810.0000000000001,809.0,532.0,655289.9999999508,Brass,MO58A,classical,256,256,0.0,0,P1,P1-MO58A_frez_wyk,area,Milling (finishing),frez_wyk,simple
690.7522849185352,365.53903232290645,371.232885286238,862.0981033884501,419.12377625567063,433.87656132110186,6710.161998284257,3473.2955761941603,10944.451287199645,0.05,0.05,325.2132525956287,319.51939963229717,442.9743271327795,428.22154206734825,3236.8664220900964,-4234.289288915389,0.0,0.0,/Users/dawid/Library/Mobile Documents/com~apple~CloudDocs/Dokumenty/Publikacje własne/Manuscripts/Quantum_interference/data/P1-MO58A_frez_wyk.sur,742.9978727291812,810.0000000000001,809.0,532.0,655289.9999999508,Brass,MO58A,quantum_like,256,256,0.0,0,P1,P1-MO58A_frez_wyk,area,Milling (finishing),frez_wyk,simple
391.7421626614522,365.53903232290645,371.232885286238,459.28116398347987,419.12377625567063,433.87656132110186,2465.9759053830403,3473.2955761941603,10944.451287199645,0.05,0.05,26.203130338545762,20.509277375214197,40.1573877278092,25.404602662377986,-1007.3196708111196,-8478.475381816605,0.0,0.0,/Users/dawid/Library/Mobile Documents/com~apple~CloudDocs/Dokumenty/Publikacje własne/Manuscripts/Quantum_interference/data/P1-MO58A_frez_wyk.sur,167.52456083672428,810.0000000000001,809.0,532.0,655289.9999999508,Brass,MO58A,hybrid,256,256,0.0,0,P1,P1-MO58A_frez_wyk,area,Milling (finishing),frez_wyk,simple
365.8241437257194,365.53903232290645,371.232885286238,473.0000257084073,419.12377625567063,433.87656132110186,3917.4823203410565,3473.2955761941603,10944.451287199645,0.05,0.05,0.2851114028129878,-5.408741560518579,53.87624945273662,39.123464387305404,444.1867441468964,-7026.968966858589,0.0,0.0,/Users/dawid/Library/Mobile Documents/com~apple~CloudDocs/Dokumenty/Publikacje własne/Manuscripts/Quantum_interference/data/P1-MO58A_frez_wyk.sur,514.8948318510427,810.0000000000001,809.0,532.0,655289.9999999508,Brass,MO58A,classical,256,256,0.0,1,P1,P1-MO58A_frez_wyk,area,Milling (finishing),frez_wyk,simple
660.9597561433973,365.53903232290645,371.232885286238,826.5002873760477,419.12377625567063,433.87656132110186,7220.367558408493,3473.2955761941603,10944.451287199645,0.05,0.05,295.4207238204909,289.72687085715927,407.3765111203771,392.62372605494585,3747.0719822143333,-3724.083728791152,0.0,0.0,/Users/dawid/Library/Mobile Documents/com~apple~CloudDocs/Dokumenty/Publikacje własne/Manuscripts/Quantum_interference/data/P1-MO58A_frez_wyk.sur,715.7434087363658,810.0000000000001,809.0,532.0,655289.9999999508,Brass,MO58A,quantum_like,256,256,0.0,1,P1,P1-MO58A_frez_wyk,area,Milling (finishing),frez_wyk,simple
372.9746726041703,365.53903232290645,371.232885286238,436.61062514221646,419.12377625567063,433.87656132110186,2611.2014901726006,3473.2955761941603,10944.451287199645,0.05,0.05,7.435640281263834,1.7417873179322665,17.486848886545797,2.73406382111458,-862.0940860215596,-8333.249797027045,0.0,0.0,/Users/dawid/Library/Mobile Documents/com~apple~CloudDocs/Dokumenty/Publikacje własne/Manuscripts/Quantum_interference/data/P1-MO58A_frez_wyk.sur,165.59321136272388,810.0000000000001,809.0,532.0,655289.9999999508,Brass,MO58A,hybrid,256,256,0.0,1,P1,P1-MO58A_frez_wyk,area,Milling (finishing),frez_wyk,simple
366.69470583251416,365.53903232290645,371.232885286238,477.56202316937186,419.12377625567063,433.87656132110186,4361.161179216693,3473.2955761941603,10944.451287199645,0.05,0.05,1.1556735096077035,-4.538179453723863,58.43824691370119,43.68546184826997,887.8656030225326,-6583.290107982953,0.0,0.0,/Users/dawid/Library/Mobile Documents/com~apple~CloudDocs/Dokumenty/Publikacje własne/Manuscripts/Quantum_interference/data/P1-MO58A_frez_wyk.sur,521.9261801605389,810.0000000000001,809.0,532.0,655289.9999999508,Brass,MO58A,classical,256,256,0.0,2,P1,P1-MO58A_frez_wyk,area,Milling (finishing),frez_wyk,simple
776.0777042544773,365.53903232290645,371.232885286238,969.261926975529,419.12377625567063,433.87656132110186,7703.5364752327005,3473.2955761941603,10944.451287199645,0.05,0.05,410.53867193157095,404.84481896823934,550.1381507198585,535.3853656544271,4230.240899038541,-3240.9148119669453,0.0,0.0,/Users/dawid/Library/Mobile Documents/com~apple~CloudDocs/Dokumenty/Publikacje własne/Manuscripts/Quantum_interference/data/P1-MO58A_frez_wyk.sur,836.0900470188518,810.0000000000001,809.0,532.0,655289.9999999508,Brass,MO58A,quantum_like,256,256,0.0,2,P1,P1-MO58A_frez_wyk,area,Milling (finishing),frez_wyk,simple
443.3104043806123,365.53903232290645,371.232885286238,519.7845224818036,419.12377625567063,433.87656132110186,2970.2043149144383,3473.2955761941603,10944.451287199645,0.05,0.05,77.77137205770586,72.07751909437428,100.66074622613297,85.90796116070176,-503.0912612797219,-7974.246972285208,0.0,0.0,/Users/dawid/Library/Mobile Documents/com~apple~CloudDocs/Dokumenty/Publikacje własne/Manuscripts/Quantum_interference/data/P1-MO58A_frez_wyk.sur,196.67814842766802,810.0000000000001,809.0,532.0,655289.9999999508,Brass,MO58A,hybrid,256,256,0.0,2,P1,P1-MO58A_frez_wyk,area,Milling (finishing),frez_wyk,simple
370.10850348880695,365.53903232290645,371.232885286238,480.1940481305644,419.12377625567063,433.87656132110186,4625.229368518215,3473.2955761941603,10944.451287199645,0.05,0.05,4.569471165900489,-1.1243817974310781,61.07027187489375,46.31748680946253,1151.9337923240546,-6319.221918681431,0.0,0.0,/Users/dawid/Library/Mobile Documents/com~apple~CloudDocs/Dokumenty/Publikacje własne/Manuscripts/Quantum_interference/data/P1-MO58A_frez_wyk.sur,525.5807925348877,810.0000000000001,809.0,532.0,655289.9999999508,Brass,MO58A,classical,256,256,0.0,3,P1,P1-MO58A_frez_wyk,area,Milling (finishing),frez_wyk,simple
684.3389866963975,365.53903232290645,371.232885286238,855.3879151700133,419.12377625567063,433.87656132110186,6631.318384922522,3473.2955761941603,10944.451287199645,0.05,0.05,318.79995437349106,313.10610141015945,436.2641389143427,421.51135384891154,3158.0228087283613,-4313.132902277124,0.0,0.0,/Users/dawid/Library/Mobile Documents/com~apple~CloudDocs/Dokumenty/Publikacje własne/Manuscripts/Quantum_interference/data/P1-MO58A_frez_wyk.sur,738.4283144000465,810.0000000000001,809.0,532.0,655289.9999999508,Brass,MO58A,quantum_like,256,256,0.0,3,P1,P1-MO58A_frez_wyk,area,Milling (finishing),frez_wyk,simple
386.96038036471555,365.53903232290645,371.232885286238,455.59546450944964,419.12377625567063,433.87656132110186,2609.2867036154908,3473.2955761941603,10944.451287199645,0.05,0.05,21.42134804180908,15.727495078477512,36.471688253779,21.718903188347785,-864.0088725786693,-8335.164583584155,0.0,0.0,/Users/dawid/Library/Mobile Documents/com~apple~CloudDocs/Dokumenty/Publikacje własne/Manuscripts/Quantum_interference/data/P1-MO58A_frez_wyk.sur,171.20872856979952,810.0000000000001,809.0,532.0,655289.9999999508,Brass,MO58A,hybrid,256,256,0.0,3,P1,P1-MO58A_frez_wyk,area,Milling (finishing),frez_wyk,simple
685.8358279950033,1551.2293906381824,1635.1765763826413,905.5030076633664,1921.0449903766198,2024.9415456585623,8234.614621734429,11473.279324183392,15746.571803058374,0.05,0.05,-865.3935626431789,-949.340748387638,-1015.5419827132536,-1119.438537995196,-3238.664702448963,-7511.957181323946,0.0,0.0,/Users/dawid/Library/Mobile Documents/com~apple~CloudDocs/Dokumenty/Publikacje własne/Manuscripts/Quantum_interference/data/P1-MO58A_frez_zgr.sur,2112.3282550765766,810.0000000000001,809.0,532.0,655289.9999999508,Brass,MO58A,classical,256,256,0.0,0,P1,P1-MO58A_frez_zgr,area,Milling (roughing),frez_zgr,simple
2085.2337696308855,1551.2293906381824,1635.1765763826413,2584.1868133445496,1921.0449903766198,2024.9415456585623,18197.774512779888,11473.279324183392,15746.571803058374,0.05,0.05,534.004378992703,450.05719324824395,663.1418229679294,559.2452676859871,6724.4951885964965,2451.2027097215137,0.0,0.0,/Users/dawid/Library/Mobile Documents/com~apple~CloudDocs/Dokumenty/Publikacje własne/Manuscripts/Quantum_interference/data/P1-MO58A_frez_zgr.sur,1029.7237449782951,810.0000000000001,809.0,532.0,655289.9999999508,Brass,MO58A,quantum_like,256,256,0.0,0,P1,P1-MO58A_frez_zgr,area,Milling (roughing),frez_zgr,simple
1586.365924705395,1551.2293906381824,1635.1765763826413,2000.4995473099877,1921.0449903766198,2024.9415456585623,11621.493954839903,11473.279324183392,15746.571803058374,0.05,0.05,35.13653406721255,-48.81065167724652,79.45455693336778,-24.441998348574618,148.21463065651199,-4125.0778482184705,0.0,0.0,/Users/dawid/Library/Mobile Documents/com~apple~CloudDocs/Dokumenty/Publikacje własne/Manuscripts/Quantum_interference/data/P1-MO58A_frez_zgr.sur,816.3729004811202,810.0000000000001,809.0,532.0,655289.9999999508,Brass,MO58A,hybrid,256,256,0.0,0,P1,P1-MO58A_frez_zgr,area,Milling (roughing),frez_zgr,simple
673.1807321895375,1551.2293906381824,1635.1765763826413,874.6008560588331,1921.0449903766198,2024.9415456585623,6950.24913173021,11473.279324183392,15746.571803058374,0.05,0.05,-878.0486584486449,-961.9958441931041,-1046.4441343177868,-1150.3406895997293,-4523.030192453181,-8796.322671328164,0.0,0.0,/Users/dawid/Library/Mobile Documents/com~apple~CloudDocs/Dokumenty/Publikacje własne/Manuscripts/Quantum_interference/data/P1-MO58A_frez_zgr.sur,2059.729168590485,810.0000000000001,809.0,532.0,655289.9999999508,Brass,MO58A,classical,256,256,0.0,1,P1,P1-MO58A_frez_zgr,area,Milling (roughing),frez_zgr,simple
1562.3460703682836,1551.2293906381824,1635.1765763826413,1937.4147429668274,1921.0449903766198,2024.9415456585623,13543.920866841308,11473.279324183392,15746.571803058374,0.05,0.05,11.11667973010114,-72.83050601435794,16.369752590207405,-87.526802691735,2070.641542657916,-2202.6509362170664,0.0,0.0,/Users/dawid/Library/Mobile Documents/com~apple~CloudDocs/Dokumenty/Publikacje własne/Manuscripts/Quantum_interference/data/P1-MO58A_frez_zgr.sur,687.4992377310687,810.0000000000001,809.0,532.0,655289.9999999508,Brass,MO58A,quantum_like,256,256,0.0,1,P1,P1-MO58A_frez_zgr,area,Milling (roughing),frez_zgr,simple
1186.5983818087136,1551.2293906381824,1635.1765763826413,1498.4559270493958,1921.0449903766198,2024.9415456585623,8715.834313982365,11473.279324183392,15746.571803058374,0.05,0.05,-364.6310088294688,-448.5781945739278,-422.5890633272241,-526.4856186091665,-2757.445010201028,-7030.73748907601,0.0,0.0,/Users/dawid/Library/Mobile Documents/com~apple~CloudDocs/Dokumenty/Publikacje własne/Manuscripts/Quantum_interference/data/P1-MO58A_frez_zgr.sur,822.1553741830443,810.0000000000001,809.0,532.0,655289.9999999508,Brass,MO58A,hybrid,256,256,0.0,1,P1,P1-MO58A_frez_zgr,area,Milling (roughing),frez_zgr,simple
702.5280839774599,1551.2293906381824,1635.1765763826413,922.7146393760589,1921.0449903766198,2024.9415456585623,8161.246967161201,11473.279324183392,15746.571803058374,0.05,0.05,-848.7013066607225,-932.6484924051815,-998.3303510005611,-1102.2269062825035,-3312.032357022191,-7585.324835897173,0.0,0.0,/Users/dawid/Library/Mobile Documents/com~apple~CloudDocs/Dokumenty/Publikacje własne/Manuscripts/Quantum_interference/data/P1-MO58A_frez_zgr.sur,2108.1583992124606,810.0000000000001,809.0,532.0,655289.9999999508,Brass,MO58A,classical,256,256,0.0,2,P1,P1-MO58A_frez_zgr,area,Milling (roughing),frez_zgr,simple
1932.389132026816,1551.2293906381824,1635.1765763826413,2394.8081145715446,1921.0449903766198,2024.9415456585623,16498.440723584874,11473.279324183392,15746.571803058374,0.05,0.05,381.1597413886338,297.2125556441747,473.7631241949248,369.8665689129824,5025.161399401483,751.8689205265007,0.0,0.0,/Users/dawid/Library/Mobile Documents/com~apple~CloudDocs/Dokumenty/Publikacje własne/Manuscripts/Quantum_interference/data/P1-MO58A_frez_zgr.sur,886.8692158249335,810.0000000000001,809.0,532.0,655289.9999999508,Brass,MO58A,quantum_like,256,256,0.0,2,P1,P1-MO58A_frez_zgr,area,Milling (roughing),frez_zgr,simple
1472.4460735942446,1551.2293906381824,1635.1765763826413,1855.4606878397465,1921.0449903766198,2024.9415456585623,10758.794535812212,11473.279324183392,15746.571803058374,0.05,0.05,-78.78331704393764,-162.7305027883967,-65.5843025368735,-169.48085781881588,-714.48478837118,-4987.777267246162,0.0,0.0,/Users/dawid/Library/Mobile Documents/com~apple~CloudDocs/Dokumenty/Publikacje własne/Manuscripts/Quantum_interference/data/P1-MO58A_frez_zgr.sur,784.4839212892205,810.0000000000001,809.0,532.0,655289.9999999508,Brass,MO58A,hybrid,256,256,0.0,2,P1,P1-MO58A_frez_zgr,area,Milling (roughing),frez_zgr,simple
677.1211854670108,1551.2293906381824,1635.1765763826413,882.3360609327309,1921.0449903766198,2024.9415456585623,7855.63991165102,11473.279324183392,15746.571803058374,0.05,0.05,-874.1082051711716,-958.0553909156307,-1038.7089294438888,-1142.6054847258313,-3617.6394125323714,-7890.931891407354,0.0,0.0,/Users/dawid/Library/Mobile Documents/com~apple~CloudDocs/Dokumenty/Publikacje własne/Manuscripts/Quantum_interference/data/P1-MO58A_frez_zgr.sur,2099.3298012447485,810.0000000000001,809.0,532.0,655289.9999999508,Brass,MO58A,classical,256,256,0.0,3,P1,P1-MO58A_frez_zgr,area,Milling (roughing),frez_zgr,simple
1712.7474202197104,1551.2293906381824,1635.1765763826413,2121.5065433344203,1921.0449903766198,2024.9415456585623,15217.235221934952,11473.279324183392,15746.571803058374,0.05,0.05,161.51802958152805,77.57084383706899,200.4615529578002,96.56499767585778,3743.9558977515608,-529.3365811234218,0.0,0.0,/Users/dawid/Library/Mobile Documents/com~apple~CloudDocs/Dokumenty/Publikacje własne/Manuscripts/Quantum_interference/data/P1-MO58A_frez_zgr.sur,736.8735862092816,810.0000000000001,809.0,532.0,655289.9999999508,Brass,MO58A,quantum_like,256,256,0.0,3,P1,P1-MO58A_frez_zgr,area,Milling (roughing),frez_zgr,simple
1302.3044870080046,1551.2293906381824,1635.1765763826413,1643.0390681439576,1921.0449903766198,2024.9415456585623,9604.803305661277,11473.279324183392,15746.571803058374,0.05,0.05,-248.92490363017777,-332.87208937463686,-278.0059222326624,-381.9024775146048,-1868.4760185221153,-6141.768497397098,0.0,0.0,/Users/dawid/Library/Mobile Documents/com~apple~CloudDocs/Dokumenty/Publikacje własne/Manuscripts/Quantum_interference/data/P1-MO58A_frez_zgr.sur,786.9478613230854,810.0000000000001,809.0,532.0,655289.9999999508,Brass,MO58A,hybrid,256,256,0.0,3,P1,P1-MO58A_frez_zgr,area,Milling (roughing),frez_zgr,simple
145.64248211986862,145.26033640365523,149.36655947912297,181.1624141800307,180.98995739306156,187.34316490288163,1035.035185133246,1013.2719698546313,3484.618675857259,0.05,0.05,0.38214571621337345,-3.7240773592543626,0.17245678696914904,-6.180750722850917,21.76321527861478,-2449.583490724013,0.0,0.0,/Users/dawid/Library/Mobile Documents/com~apple~CloudDocs/Dokumenty/Publikacje własne/Manuscripts/Quantum_interference/data/P1-MO58A_nagniat.sur,9.679041112997607,810.0000000000001,809.0,532.0,655289.9999999508,Brass,MO58A,classical,256,256,0.0,0,P1,P1-MO58A_nagniat,area,Burnishing,nagniat,simple
522.6454070175281,145.26033640365523,149.36655947912297,653.8002048665473,180.98995739306156,187.34316490288163,5482.9823804356265,1013.2719698546313,3484.618675857259,0.05,0.05,377.38507061387287,373.27884753840516,472.81024747348573,466.4570399636657,4469.710410580995,1998.3637045783676,0.0,0.0,/Users/dawid/Library/Mobile Documents/com~apple~CloudDocs/Dokumenty/Publikacje własne/Manuscripts/Quantum_interference/data/P1-MO58A_nagniat.sur,632.4968348884033,810.0000000000001,809.0,532.0,655289.9999999508,Brass,MO58A,quantum_like,256,256,0.0,0,P1,P1-MO58A_nagniat,area,Burnishing,nagniat,simple
173.9010025695755,145.26033640365523,149.36655947912297,215.64991958261672,180.98995739306156,187.34316490288163,1625.69532199654,1013.2719698546313,3484.618675857259,0.05,0.05,28.64066616592026,24.534443090452523,34.65996218955516,28.306754679735096,612.4233521419088,-1858.9233538607189,0.0,0.0,/Users/dawid/Library/Mobile Documents/com~apple~CloudDocs/Dokumenty/Publikacje własne/Manuscripts/Quantum_interference/data/P1-MO58A_nagniat.sur,141.6883835133876,810.0000000000001,809.0,532.0,655289.9999999508,Brass,MO58A,hybrid,256,256,0.0,0,P1,P1-MO58A_nagniat,area,Burnishing,nagniat,simple
145.02088257177135,145.26033640365523,149.36655947912297,181.12265941086704,180.98995739306156,187.34316490288163,1036.2538089330935,1013.2719698546313,3484.618675857259,0.05,0.05,-0.2394538318838773,-4.3456769073516135,0.1327020178055023,-6.2205054920145635,22.98183907846226,-2448.364866924165,0.0,0.0,/Users/dawid/Library/Mobile Documents/com~apple~CloudDocs/Dokumenty/Publikacje własne/Manuscripts/Quantum_interference/data/P1-MO58A_nagniat.sur,9.661870325850334,810.0000000000001,809.0,532.0,655289.9999999508,Brass,MO58A,classical,256,256,0.0,1,P1,P1-MO58A_nagniat,area,Burnishing,nagniat,simple
495.5298343652225,145.26033640365523,149.36655947912297,621.4703632158581,180.98995739306156,187.34316490288163,5369.9893366948145,1013.2719698546313,3484.618675857259,0.05,0.05,350.2694979615672,346.16327488609954,440.4804058227966,434.12719831297653,4356.717366840183,1885.370660837555,0.0,0.0,/Users/dawid/Library/Mobile Documents/com~apple~CloudDocs/Dokumenty/Publikacje własne/Manuscripts/Quantum_interference/data/P1-MO58A_nagniat.sur,602.0969739054287,810.0000000000001,809.0,532.0,655289.9999999508,Brass,MO58A,quantum_like,256,256,0.0,1,P1,P1-MO58A_nagniat,area,Burnishing,nagniat,simple
167.26638968804838,145.26033640365523,149.36655947912297,208.44222362762557,180.98995739306156,187.34316490288163,1640.9589968576875,1013.2719698546313,3484.618675857259,0.05,0.05,22.006053284393136,17.8998302089254,27.45226623456403,21.099058724743962,627.6870270030563,-1843.6596789995713,0.0,0.0,/Users/dawid/Library/Mobile Documents/com~apple~CloudDocs/Dokumenty/Publikacje własne/Manuscripts/Quantum_interference/data/P1-MO58A_nagniat.sur,145.14854706632167,810.0000000000001,809.0,532.0,655289.9999999508,Brass,MO58A,hybrid,256,256,0.0,1,P1,P1-MO58A_nagniat,area,Burnishing,nagniat,simple
144.38570796454468,145.26033640365523,149.36655947912297,180.93130998024077,180.98995739306156,187.34316490288163,1038.371246345527,1013.2719698546313,3484.618675857259,0.05,0.05,-0.8746284391105488,-4.980851514578284,-0.05864741282078085,-6.411854922640846,25.099276490895722,-2446.2474295117318,0.0,0.0,/Users/dawid/Library/Mobile Documents/com~apple~CloudDocs/Dokumenty/Publikacje własne/Manuscripts/Quantum_interference/data/P1-MO58A_nagniat.sur,14.41942001421333,810.0000000000001,809.0,532.0,655289.9999999508,Brass,MO58A,classical,256,256,0.0,2,P1,P1-MO58A_nagniat,area,Burnishing,nagniat,simple
627.7219256122559,145.26033640365523,149.36655947912297,787.7323265511378,180.98995739306156,187.34316490288163,6696.5245356068845,1013.2719698546313,3484.618675857259,0.05,0.05,482.4615892086006,478.355366133133,606.7423691580763,600.3891616482562,5683.252565752254,3211.9058597496255,0.0,0.0,/Users/dawid/Library/Mobile Documents/com~apple~CloudDocs/Dokumenty/Publikacje własne/Manuscripts/Quantum_interference/data/P1-MO58A_nagniat.sur,762.0698598468134,810.0000000000001,809.0,532.0,655289.9999999508,Brass,MO58A,quantum_like,256,256,0.0,2,P1,P1-MO58A_nagniat,area,Burnishing,nagniat,simple
209.1286065905619,145.26033640365523,149.36655947912297,258.15625555470353,180.98995739306156,187.34316490288163,1974.9105058452583,1013.2719698546313,3484.618675857259,0.05,0.05,63.86827018690666,59.762047111438925,77.166298161642,70.81309065182195,961.638535990627,-1509.7081700120007,0.0,0.0,/Users/dawid/Library/Mobile Documents/com~apple~CloudDocs/Dokumenty/Publikacje własne/Manuscripts/Quantum_interference/data/P1-MO58A_nagniat.sur,167.05934094950314,810.0000000000001,809.0,532.0,655289.9999999508,Brass,MO58A,hybrid,256,256,0.0,2,P1,P1-MO58A_nagniat,area,Burnishing,nagniat,simple
145.60758048229914,145.26033640365523,149.36655947912297,181.1560734475518,180.98995739306156,187.34316490288163,1035.26859302096,1013.2719698546313,3484.618675857259,0.05,0.05,0.3472440786438937,-3.758978996823842,0.16611605449023853,-6.187091455329827,21.99662316632878,-2449.350082836299,0.0,0.0,/Users/dawid/Library/Mobile Documents/com~apple~CloudDocs/Dokumenty/Publikacje własne/Manuscripts/Quantum_interference/data/P1-MO58A_nagniat.sur,9.647440312817945,810.0000000000001,809.0,532.0,655289.9999999508,Brass,MO58A,classical,256,256,0.0,3,P1,P1-MO58A_nagniat,area,Burnishing,nagniat,simple
526.791284856251,145.26033640365523,149.36655947912297,660.0198477986171,180.98995739306156,187.34316490288163,5966.384949670017,1013.2719698546313,3484.618675857259,0.05,0.05,381.53094845259574,377.4247253771281,479.02989040555553,472.6766828957355,4953.112979815386,2481.7662738127583,0.0,0.0,/Users/dawid/Library/Mobile Documents/com~apple~CloudDocs/Dokumenty/Publikacje własne/Manuscripts/Quantum_interference/data/P1-MO58A_nagniat.sur,639.6566320591161,810.0000000000001,809.0,532.0,655289.9999999508,Brass,MO58A,quantum_like,256,256,0.0,3,P1,P1-MO58A_nagniat,area,Burnishing,nagniat,simple
176.67939146891976,145.26033640365523,149.36655947912297,217.02213022258962,180.98995739306156,187.34316490288163,1558.7287779469336,1013.2719698546313,3484.618675857259,0.05,0.05,31.41905506526451,27.312831989796774,36.032172829528086,29.678965319708023,545.4568080923024,-1925.8898979103255,0.0,0.0,/Users/dawid/Library/Mobile Documents/com~apple~CloudDocs/Dokumenty/Publikacje własne/Manuscripts/Quantum_interference/data/P1-MO58A_nagniat.sur,147.22868025158698,810.0000000000001,809.0,532.0,655289.9999999508,Brass,MO58A,hybrid,256,256,0.0,3,P1,P1-MO58A_nagniat,area,Burnishing,nagniat,simple
700.9074423412048,1284.9933550707844,1386.8772375518495,907.3057284693402,1636.5550981867475,2154.5371115300177,7330.534236023601,22299.111784202174,97070.55657722981,0.05,0.05,-584.0859127295795,-685.9697952106447,-729.2493697174074,-1247.2313830606772,-14968.577548178573,-89740.02234120622,0.0,0.0,/Users/dawid/Library/Mobile Documents/com~apple~CloudDocs/Dokumenty/Publikacje własne/Manuscripts/Quantum_interference/data/P1-MO58A_t_zgrub.sur,1868.7970416202759,810.0000000000001,809.0,532.0,655289.9999999508,Brass,MO58A,classical,256,256,0.0,0,P1,P1-MO58A_t_zgrub,area,Turning (roughing),t_zgrub,simple
1307.1773194768716,1284.9933550707844,1386.8772375518495,1660.4804517320101,1636.5550981867475,2154.5371115300177,23285.235472791243,22299.111784202174,97070.55657722981,0.05,0.05,22.183964406087327,-79.69991807497784,23.925353545262485,-494.0566597980076,986.1236885890718,-73785.32110443857,0.0,0.0,/Users/dawid/Library/Mobile Documents/com~apple~CloudDocs/Dokumenty/Publikacje własne/Manuscripts/Quantum_interference/data/P1-MO58A_t_zgrub.sur,659.5193533829856,810.0000000000001,809.0,532.0,655289.9999999508,Brass,MO58A,quantum_like,256,256,0.0,0,P1,P1-MO58A_t_zgrub,area,Turning (roughing),t_zgrub,simple
865.7769101351187,1284.9933550707844,1386.8772375518495,1090.1854257883267,1636.5550981867475,2154.5371115300177,12607.286837081654,22299.111784202174,97070.55657722981,0.05,0.05,-419.2164449356656,-521.1003274167308,-546.3696723984209,-1064.351685741691,-9691.824947120518,-84463.26974014816,0.0,0.0,/Users/dawid/Library/Mobile Documents/com~apple~CloudDocs/Dokumenty/Publikacje własne/Manuscripts/Quantum_interference/data/P1-MO58A_t_zgrub.sur,833.9719981864323,810.0000000000001,809.0,532.0,655289.9999999508,Brass,MO58A,hybrid,256,256,0.0,0,P1,P1-MO58A_t_zgrub,area,Turning (roughing),t_zgrub,simple
707.8604515974079,1284.9933550707844,1386.8772375518495,910.2535009772344,1636.5550981867475,2154.5371115300177,6354.780300864747,22299.111784202174,97070.55657722981,0.05,0.05,-577.1329034733765,-679.0167859544417,-726.3015972095131,-1244.283610552783,-15944.331483337424,-90715.77627636507,0.0,0.0,/Users/dawid/Library/Mobile Documents/com~apple~CloudDocs/Dokumenty/Publikacje własne/Manuscripts/Quantum_interference/data/P1-MO58A_t_zgrub.sur,1859.3802911147002,810.0000000000001,809.0,532.0,655289.9999999508,Brass,MO58A,classical,256,256,0.0,1,P1,P1-MO58A_t_zgrub,area,Turning (roughing),t_zgrub,simple
1250.8786236820547,1284.9933550707844,1386.8772375518495,1589.5828612977052,1636.5550981867475,2154.5371115300177,22103.50801136964,22299.111784202174,97070.55657722981,0.05,0.05,-34.114731388729666,-135.99861386979484,-46.97223688904241,-564.9542502323125,-195.6037728325326,-74967.04856586017,0.0,0.0,/Users/dawid/Library/Mobile Documents/com~apple~CloudDocs/Dokumenty/Publikacje własne/Manuscripts/Quantum_interference/data/P1-MO58A_t_zgrub.sur,670.9241060064193,810.0000000000001,809.0,532.0,655289.9999999508,Brass,MO58A,quantum_like,256,256,0.0,1,P1,P1-MO58A_t_zgrub,area,Turning (roughing),t_zgrub,simple
825.7747163273191,1284.9933550707844,1386.8772375518495,1037.8594378387113,1636.5550981867475,2154.5371115300177,11386.76310034218,22299.111784202174,97070.55657722981,0.05,0.05,-459.2186387434652,-561.1025212245304,-598.6956603480363,-1116.6776736913064,-10912.348683859993,-85683.79347688763,0.0,0.0,/Users/dawid/Library/Mobile Documents/com~apple~CloudDocs/Dokumenty/Publikacje własne/Manuscripts/Quantum_interference/data/P1-MO58A_t_zgrub.sur,858.137448721347,810.0000000000001,809.0,532.0,655289.9999999508,Brass,MO58A,hybrid,256,256,0.0,1,P1,P1-MO58A_t_zgrub,area,Turning (roughing),t_zgrub,simple
675.9226604723708,1284.9933550707844,1386.8772375518495,871.417408764401,1636.5550981867475,2154.5371115300177,6465.87378577761,22299.111784202174,97070.55657722981,0.05,0.05,-609.0706945984135,-710.9545770794787,-765.1376894223466,-1283.1197027656167,-15833.237998424564,-90604.6827914522,0.0,0.0,/Users/dawid/Library/Mobile Documents/com~apple~CloudDocs/Dokumenty/Publikacje własne/Manuscripts/Quantum_interference/data/P1-MO58A_t_zgrub.sur,1842.0019930873289,810.0000000000001,809.0,532.0,655289.9999999508,Brass,MO58A,classical,256,256,0.0,2,P1,P1-MO58A_t_zgrub,area,Turning (roughing),t_zgrub,simple
1431.254407201004,1284.9933550707844,1386.8772375518495,1816.061686418411,1636.5550981867475,2154.5371115300177,24130.46981464279,22299.111784202174,97070.55657722981,0.05,0.05,146.2610521302196,44.37716964915444,179.50658823166341,-338.4754251116067,1831.3580304406184,-72940.08676258702,0.0,0.0,/Users/dawid/Library/Mobile Documents/com~apple~CloudDocs/Dokumenty/Publikacje własne/Manuscripts/Quantum_interference/data/P1-MO58A_t_zgrub.sur,726.2741726649829,810.0000000000001,809.0,532.0,655289.9999999508,Brass,MO58A,quantum_like,256,256,0.0,2,P1,P1-MO58A_t_zgrub,area,Turning (roughing),t_zgrub,simple
946.7527110677089,1284.9933550707844,1386.8772375518495,1189.1907149656226,1636.5550981867475,2154.5371115300177,13221.584221096244,22299.111784202174,97070.55657722981,0.05,0.05,-338.24064400307543,-440.1245264841406,-447.36438322112497,-965.346396564395,-9077.527563105928,-83848.97235613357,0.0,0.0,/Users/dawid/Library/Mobile Documents/com~apple~CloudDocs/Dokumenty/Publikacje własne/Manuscripts/Quantum_interference/data/P1-MO58A_t_zgrub.sur,795.0060963203755,810.0000000000001,809.0,532.0,655289.9999999508,Brass,MO58A,hybrid,256,256,0.0,2,P1,P1-MO58A_t_zgrub,area,Turning (roughing),t_zgrub,simple
664.2941782400994,1284.9933550707844,1386.8772375518495,858.8772762914236,1636.5550981867475,2154.5371115300177,6753.137552421667,22299.111784202174,97070.55657722981,0.05,0.05,-620.6991768306849,-722.58305931175,-777.6778218953239,-1295.659835238594,-15545.974231780505,-90317.41902480814,0.0,0.0,/Users/dawid/Library/Mobile Documents/com~apple~CloudDocs/Dokumenty/Publikacje własne/Manuscripts/Quantum_interference/data/P1-MO58A_t_zgrub.sur,1825.2876010621371,810.0000000000001,809.0,532.0,655289.9999999508,Brass,MO58A,classical,256,256,0.0,3,P1,P1-MO58A_t_zgrub,area,Turning (roughing),t_zgrub,simple
1288.5314722214237,1284.9933550707844,1386.8772375518495,1637.669016700024,1636.5550981867475,2154.5371115300177,23135.347343811085,22299.111784202174,97070.55657722981,0.05,0.05,3.5381171506392404,-98.34576533042593,1.113918513276515,-516.8680948299935,836.2355596089113,-73935.20923341872,0.0,0.0,/Users/dawid/Library/Mobile Documents/com~apple~CloudDocs/Dokumenty/Publikacje własne/Manuscripts/Quantum_interference/data/P1-MO58A_t_zgrub.sur,683.2409537398081,810.0000000000001,809.0,532.0,655289.9999999508,Brass,MO58A,quantum_like,256,256,0.0,3,P1,P1-MO58A_t_zgrub,area,Turning (roughing),t_zgrub,simple
846.6382172923877,1284.9933550707844,1386.8772375518495,1067.5726260020374,1636.5550981867475,2154.5371115300177,12260.4153115396,22299.111784202174,97070.55657722981,0.05,0.05,-438.3551377783966,-540.2390202594618,-568.9824721847101,-1086.96448552798,-10038.696472662572,-84810.14126569021,0.0,0.0,/Users/dawid/Library/Mobile Documents/com~apple~CloudDocs/Dokumenty/Publikacje własne/Manuscripts/Quantum_interference/data/P1-MO58A_t_zgrub.sur,845.0193922156253,810.0000000000001,809.0,532.0,655289.9999999508,Brass,MO58A,hybrid,256,256,0.0,3,P1,P1-MO58A_t_zgrub,area,Turning (roughing),t_zgrub,simple
701.6235994885772,340.25414805552055,623.3622952841346,911.1958174950896,610.8953384067628,1678.008257576369,6657.288972497449,23870.72325179736,119387.24119355052,0.05,0.05,361.3694514330566,78.2613042044425,300.3004790883268,-766.8124400812795,-17213.434279299912,-112729.95222105307,0.0,0.0,/Users/dawid/Library/Mobile Documents/com~apple~CloudDocs/Dokumenty/Publikacje własne/Manuscripts/Quantum_interference/data/P1-MO58A_wedm_wyk.sur,1082.6969302845657,810.0000000000001,809.0,532.0,655289.9999999508,Brass,MO58A,classical,256,256,0.0,0,P1,P1-MO58A_wedm_wyk,area,Wire EDM (finishing),wedm_wyk,simple
608.2235714501712,340.25414805552055,623.3622952841346,848.8889021412656,610.8953384067628,1678.008257576369,22872.44054535574,23870.72325179736,119387.24119355052,0.05,0.05,267.96942339465073,-15.138723833963375,237.99356373450286,-829.1193554351036,-998.2827064416201,-96514.80064819478,0.0,0.0,/Users/dawid/Library/Mobile Documents/com~apple~CloudDocs/Dokumenty/Publikacje własne/Manuscripts/Quantum_interference/data/P1-MO58A_wedm_wyk.sur,645.3872602321774,810.0000000000001,809.0,532.0,655289.9999999508,Brass,MO58A,quantum_like,256,256,0.0,0,P1,P1-MO58A_wedm_wyk,area,Wire EDM (finishing),wedm_wyk,simple
238.51503044043227,340.25414805552055,623.3622952841346,367.39496628158975,610.8953384067628,1678.008257576369,9425.80208229281,23870.72325179736,119387.24119355052,0.05,0.05,-101.73911761508826,-384.84726484370236,-243.50037212517304,-1310.6132912947794,-14444.92116950455,-109961.43911125771,0.0,0.0,/Users/dawid/Library/Mobile Documents/com~apple~CloudDocs/Dokumenty/Publikacje własne/Manuscripts/Quantum_interference/data/P1-MO58A_wedm_wyk.sur,437.0773152336433,810.0000000000001,809.0,532.0,655289.9999999508,Brass,MO58A,hybrid,256,256,0.0,0,P1,P1-MO58A_wedm_wyk,area,Wire EDM (finishing),wedm_wyk,simple
709.2871188561489,340.25414805552055,623.3622952841346,938.0618248437312,610.8953384067628,1678.008257576369,8326.740726066933,23870.72325179736,119387.24119355052,0.05,0.05,369.0329708006284,85.9248235720143,327.1664864369684,-739.946432732638,-15543.98252573043,-111060.50046748358,0.0,0.0,/Users/dawid/Library/Mobile Documents/com~apple~CloudDocs/Dokumenty/Publikacje własne/Manuscripts/Quantum_interference/data/P1-MO58A_wedm_wyk.sur,1106.3915842044698,810.0000000000001,809.0,532.0,655289.9999999508,Brass,MO58A,classical,256,256,0.0,1,P1,P1-MO58A_wedm_wyk,area,Wire EDM (finishing),wedm_wyk,simple
666.2330513871053,340.25414805552055,623.3622952841346,934.055573576481,610.8953384067628,1678.008257576369,24436.939942620513,23870.72325179736,119387.24119355052,0.05,0.05,325.9789033315848,42.870756102970674,323.1602351697183,-743.9526839998881,566.2166908231534,-94950.30125093,0.0,0.0,/Users/dawid/Library/Mobile Documents/com~apple~CloudDocs/Dokumenty/Publikacje własne/Manuscripts/Quantum_interference/data/P1-MO58A_wedm_wyk.sur,696.2753154728524,810.0000000000001,809.0,532.0,655289.9999999508,Brass,MO58A,quantum_like,256,256,0.0,1,P1,P1-MO58A_wedm_wyk,area,Wire EDM (finishing),wedm_wyk,simple
262.5111275978703,340.25414805552055,623.3622952841346,408.2577843808415,610.8953384067628,1678.008257576369,10379.947343943337,23870.72325179736,119387.24119355052,0.05,0.05,-77.7430204576502,-360.8511676862643,-202.6375540259213,-1269.7504731955278,-13490.775907854024,-109007.29384960719,0.0,0.0,/Users/dawid/Library/Mobile Documents/com~apple~CloudDocs/Dokumenty/Publikacje własne/Manuscripts/Quantum_interference/data/P1-MO58A_wedm_wyk.sur,429.2828610334727,810.0000000000001,809.0,532.0,655289.9999999508,Brass,MO58A,hybrid,256,256,0.0,1,P1,P1-MO58A_wedm_wyk,area,Wire EDM (finishing),wedm_wyk,simple
676.8712487286655,340.25414805552055,623.3622952841346,875.4874466791849,610.8953384067628,1678.008257576369,7135.694819397947,23870.72325179736,119387.24119355052,0.05,0.05,336.617100673145,53.5089534445309,264.59210827242214,-802.5208108971842,-16735.028432399413,-112251.54637415257,0.0,0.0,/Users/dawid/Library/Mobile Documents/com~apple~CloudDocs/Dokumenty/Publikacje własne/Manuscripts/Quantum_interference/data/P1-MO58A_wedm_wyk.sur,1045.38659812538,810.0000000000001,809.0,532.0,655289.9999999508,Brass,MO58A,classical,256,256,0.0,2,P1,P1-MO58A_wedm_wyk,area,Wire EDM (finishing),wedm_wyk,simple
737.6972154701334,340.25414805552055,623.3622952841346,1018.0390190085576,610.8953384067628,1678.008257576369,25718.927453997534,23870.72325179736,119387.24119355052,0.05,0.05,397.4430674146128,114.33492018599874,407.1436806017948,-659.9692385678115,1848.2042022001726,-93668.31373955299,0.0,0.0,/Users/dawid/Library/Mobile Documents/com~apple~CloudDocs/Dokumenty/Publikacje własne/Manuscripts/Quantum_interference/data/P1-MO58A_wedm_wyk.sur,789.8304252238989,810.0000000000001,809.0,532.0,655289.9999999508,Brass,MO58A,quantum_like,256,256,0.0,2,P1,P1-MO58A_wedm_wyk,area,Wire EDM (finishing),wedm_wyk,simple
286.2401556169111,340.25414805552055,623.3622952841346,431.7781794554058,610.8953384067628,1678.008257576369,10743.917769554806,23870.72325179736,119387.24119355052,0.05,0.05,-54.01399243860941,-337.1221396672235,-179.11715895135697,-1246.2300781209633,-13126.805482242553,-108643.32342399571,0.0,0.0,/Users/dawid/Library/Mobile Documents/com~apple~CloudDocs/Dokumenty/Publikacje własne/Manuscripts/Quantum_interference/data/P1-MO58A_wedm_wyk.sur,434.8641932452674,810.0000000000001,809.0,532.0,655289.9999999508,Brass,MO58A,hybrid,256,256,0.0,2,P1,P1-MO58A_wedm_wyk,area,Wire EDM (finishing),wedm_wyk,simple
687.9512384050846,340.25414805552055,623.3622952841346,887.319504278071,610.8953384067628,1678.008257576369,6857.4079566665805,23870.72325179736,119387.24119355052,0.05,0.05,347.69709034956406,64.58894312094995,276.4241658713083,-790.6887532982981,-17013.31529513078,-112529.83323688395,0.0,0.0,/Users/dawid/Library/Mobile Documents/com~apple~CloudDocs/Dokumenty/Publikacje własne/Manuscripts/Quantum_interference/data/P1-MO58A_wedm_wyk.sur,1061.40921552724,810.0000000000001,809.0,532.0,655289.9999999508,Brass,MO58A,classical,256,256,0.0,3,P1,P1-MO58A_wedm_wyk,area,Wire EDM (finishing),wedm_wyk,simple
774.46576636691,340.25414805552055,623.3622952841346,1080.3977703246564,610.8953384067628,1678.008257576369,27131.321638862682,23870.72325179736,119387.24119355052,0.05,0.05,434.21161831138943,151.10347108277534,469.5024319178938,-597.6104872517126,3260.5983870653204,-92255.91955468783,0.0,0.0,/Users/dawid/Library/Mobile Documents/com~apple~CloudDocs/Dokumenty/Publikacje własne/Manuscripts/Quantum_interference/data/P1-MO58A_wedm_wyk.sur,825.6696891338867,810.0000000000001,809.0,532.0,655289.9999999508,Brass,MO58A,quantum_like,256,256,0.0,3,P1,P1-MO58A_wedm_wyk,area,Wire EDM (finishing),wedm_wyk,simple
296.7946774097582,340.25414805552055,623.3622952841346,461.13369018016414,610.8953384067628,1678.008257576369,12174.603803386526,23870.72325179736,119387.24119355052,0.05,0.05,-43.45947064576233,-326.5676178743764,-149.7616482265986,-1216.874567396205,-11696.119448410835,-107212.63739016399,0.0,0.0,/Users/dawid/Library/Mobile Documents/com~apple~CloudDocs/Dokumenty/Publikacje własne/Manuscripts/Quantum_interference/data/P1-MO58A_wedm_wyk.sur,429.89606907978833,810.0000000000001,809.0,532.0,655289.9999999508,Brass,MO58A,hybrid,256,256,0.0,3,P1,P1-MO58A_wedm_wyk,area,Wire EDM (finishing),wedm_wyk,simple
708.3154010643111,76181.75825171938,88536.39320245878,916.8344800278506,95543.18876467575,114712.78171870453,6879.389500777522,1160504.7392569627,2608601.8359336206,0.05,0.05,-75473.44285065508,-87828.07780139448,-94626.35428464791,-113795.94723867669,-1153625.3497561852,-2601722.446432843,0.0,0.0,/Users/dawid/Library/Mobile Documents/com~apple~CloudDocs/Dokumenty/Publikacje własne/Manuscripts/Quantum_interference/data/P1-MO58A_wedm_zgru_1prz.sur,95547.51828229407,810.0000000000001,809.0,532.0,655289.9999999508,Brass,MO58A,classical,256,256,0.0,0,P1,P1-MO58A_wedm_zgru_1prz,area,Wire EDM (roughing),wedm_zgru_1prz,simple
357604.46343559667,76181.75825171938,88536.39320245878,458587.676357085,95543.18876467575,114712.78171870453,3647658.1983996127,1160504.7392569627,2608601.8359336206,0.05,0.05,281422.7051838773,269068.0702331379,363044.48759240925,343874.8946383805,2487153.45914265,1039056.3624659921,0.0,0.0,/Users/dawid/Library/Mobile Documents/com~apple~CloudDocs/Dokumenty/Publikacje własne/Manuscripts/Quantum_interference/data/P1-MO58A_wedm_zgru_1prz.sur,451300.99314437935,810.0000000000001,809.0,532.0,655289.9999999508,Brass,MO58A,quantum_like,256,256,0.0,0,P1,P1-MO58A_wedm_zgru_1prz,area,Wire EDM (roughing),wedm_zgru_1prz,simple
244998.26078453547,76181.75825171938,88536.39320245878,303623.03408441256,95543.18876467575,114712.78171870453,2330548.796450049,1160504.7392569627,2608601.8359336206,0.05,0.05,168816.5025328161,156461.8675820767,208079.84531973684,188910.25236570806,1170044.0571930865,-278053.03948357125,0.0,0.0,/Users/dawid/Library/Mobile Documents/com~apple~CloudDocs/Dokumenty/Publikacje własne/Manuscripts/Quantum_interference/data/P1-MO58A_wedm_zgru_1prz.sur,306069.3937735528,810.0000000000001,809.0,532.0,655289.9999999508,Brass,MO58A,hybrid,256,256,0.0,0,P1,P1-MO58A_wedm_zgru_1prz,area,Wire EDM (roughing),wedm_zgru_1prz,simple
700.5290010905068,76181.75825171938,88536.39320245878,916.2232142005499,95543.18876467575,114712.78171870453,6873.023163898976,1160504.7392569627,2608601.8359336206,0.05,0.05,-75481.22925062888,-87835.86420136828,-94626.96555047522,-113796.55850450399,-1153631.7160930638,-2601728.8127697217,0.0,0.0,/Users/dawid/Library/Mobile Documents/com~apple~CloudDocs/Dokumenty/Publikacje własne/Manuscripts/Quantum_interference/data/P1-MO58A_wedm_zgru_1prz.sur,95551.26615746469,810.0000000000001,809.0,532.0,655289.9999999508,Brass,MO58A,classical,256,256,0.0,1,P1,P1-MO58A_wedm_zgru_1prz,area,Wire EDM (roughing),wedm_zgru_1prz,simple
345209.7344768079,76181.75825171938,88536.39320245878,443470.95611619914,95543.18876467575,114712.78171870453,3799081.437267205,1160504.7392569627,2608601.8359336206,0.05,0.05,269027.9762250885,256673.34127434914,347927.7673515234,328758.1743974946,2638576.6980102425,1190479.6013335849,0.0,0.0,/Users/dawid/Library/Mobile Documents/com~apple~CloudDocs/Dokumenty/Publikacje własne/Manuscripts/Quantum_interference/data/P1-MO58A_wedm_zgru_1prz.sur,435841.97665597976,810.0000000000001,809.0,532.0,655289.9999999508,Brass,MO58A,quantum_like,256,256,0.0,1,P1,P1-MO58A_wedm_zgru_1prz,area,Wire EDM (roughing),wedm_zgru_1prz,simple
247809.8810468636,76181.75825171938,88536.39320245878,310227.780627037,95543.18876467575,114712.78171870453,2253848.1437961385,1160504.7392569627,2608601.8359336206,0.05,0.05,171628.12279514424,159273.48784440482,214684.5918623612,195514.99890833243,1093343.4045391758,-354753.69213748205,0.0,0.0,/Users/dawid/Library/Mobile Documents/com~apple~CloudDocs/Dokumenty/Publikacje własne/Manuscripts/Quantum_interference/data/P1-MO58A_wedm_zgru_1prz.sur,312579.97893706604,810.0000000000001,809.0,532.0,655289.9999999508,Brass,MO58A,hybrid,256,256,0.0,1,P1,P1-MO58A_wedm_zgru_1prz,area,Wire EDM (roughing),wedm_zgru_1prz,simple
715.0190275736361,76181.75825171938,88536.39320245878,918.4580318657057,95543.18876467575,114712.78171870453,6862.498299133983,1160504.7392569627,2608601.8359336206,0.05,0.05,-75466.73922414574,-87821.37417488515,-94624.73073281004,-113794.32368683882,-1153642.2409578287,-2601739.3376344866,0.0,0.0,/Users/dawid/Library/Mobile Documents/com~apple~CloudDocs/Dokumenty/Publikacje własne/Manuscripts/Quantum_interference/data/P1-MO58A_wedm_zgru_1prz.sur,95546.70247334617,810.0000000000001,809.0,532.0,655289.9999999508,Brass,MO58A,classical,256,256,0.0,2,P1,P1-MO58A_wedm_zgru_1prz,area,Wire EDM (roughing),wedm_zgru_1prz,simple
377447.1139766777,76181.75825171938,88536.39320245878,470790.7892948376,95543.18876467575,114712.78171870453,3793976.861724664,1160504.7392569627,2608601.8359336206,0.05,0.05,301265.35572495835,288910.7207742189,375247.6005301618,356078.00757613307,2633472.1224677013,1185375.0257910436,0.0,0.0,/Users/dawid/Library/Mobile Documents/com~apple~CloudDocs/Dokumenty/Publikacje własne/Manuscripts/Quantum_interference/data/P1-MO58A_wedm_zgru_1prz.sur,464477.92951193266,810.0000000000001,809.0,532.0,655289.9999999508,Brass,MO58A,quantum_like,256,256,0.0,2,P1,P1-MO58A_wedm_zgru_1prz,area,Wire EDM (roughing),wedm_zgru_1prz,simple
290802.45528892125,76181.75825171938,88536.39320245878,350844.50500660716,95543.18876467575,114712.78171870453,2242297.5006129304,1160504.7392569627,2608601.8359336206,0.05,0.05,214620.6970372019,202266.06208646248,255301.3162419314,236131.72328790266,1081792.7613559677,-366304.33532069006,0.0,0.0,/Users/dawid/Library/Mobile Documents/com~apple~CloudDocs/Dokumenty/Publikacje własne/Manuscripts/Quantum_interference/data/P1-MO58A_wedm_zgru_1prz.sur,353768.36459482927,810.0000000000001,809.0,532.0,655289.9999999508,Brass,MO58A,hybrid,256,256,0.0,2,P1,P1-MO58A_wedm_zgru_1prz,area,Wire EDM (roughing),wedm_zgru_1prz,simple
696.0628377405379,76181.75825171938,88536.39320245878,897.8498342895147,95543.18876467575,114712.78171870453,6968.221357094767,1160504.7392569627,2608601.8359336206,0.05,0.05,-75485.69541397884,-87840.33036471825,-94645.33893038624,-113814.93188441501,-1153536.5178998678,-2601633.6145765255,0.0,0.0,/Users/dawid/Library/Mobile Documents/com~apple~CloudDocs/Dokumenty/Publikacje własne/Manuscripts/Quantum_interference/data/P1-MO58A_wedm_zgru_1prz.sur,95547.88346311833,810.0000000000001,809.0,532.0,655289.9999999508,Brass,MO58A,classical,256,256,0.0,3,P1,P1-MO58A_wedm_zgru_1prz,area,Wire EDM (roughing),wedm_zgru_1prz,simple
367657.2591762048,76181.75825171938,88536.39320245878,478020.04648062156,95543.18876467575,114712.78171870453,3837353.759985617,1160504.7392569627,2608601.8359336206,0.05,0.05,291475.5009244854,279120.865973746,382476.85771594575,363307.264761917,2676849.020728654,1228751.9240519966,0.0,0.0,/Users/dawid/Library/Mobile Documents/com~apple~CloudDocs/Dokumenty/Publikacje własne/Manuscripts/Quantum_interference/data/P1-MO58A_wedm_zgru_1prz.sur,471993.1969453693,810.0000000000001,809.0,532.0,655289.9999999508,Brass,MO58A,quantum_like,256,256,0.0,3,P1,P1-MO58A_wedm_zgru_1prz,area,Wire EDM (roughing),wedm_zgru_1prz,simple
215620.99263610507,76181.75825171938,88536.39320245878,282690.6551152007,95543.18876467575,114712.78171870453,2430931.0587361488,1160504.7392569627,2608601.8359336206,0.05,0.05,139439.2343843857,127084.59943364629,187147.46635052492,167977.87339649617,1270426.319479186,-177670.77719747173,0.0,0.0,/Users/dawid/Library/Mobile Documents/com~apple~CloudDocs/Dokumenty/Publikacje własne/Manuscripts/Quantum_interference/data/P1-MO58A_wedm_zgru_1prz.sur,286544.2252668016,810.0000000000001,809.0,532.0,655289.9999999508,Brass,MO58A,hybrid,256,256,0.0,3,P1,P1-MO58A_wedm_zgru_1prz,area,Wire EDM (roughing),wedm_zgru_1prz,simple
672.2155908559553,469.42585056562103,548.7149225512189,890.1808813271986,610.3819266295891,713.3317760266872,7693.515624511421,5636.036789390006,8954.240732494147,0.05,0.05,202.78974029033424,123.50066830473635,279.7989546976094,176.8491053005113,2057.478835121416,-1260.725107982726,0.0,0.0,/Users/dawid/Library/Mobile Documents/com~apple~CloudDocs/Dokumenty/Publikacje własne/Manuscripts/Quantum_interference/data/P1-Ti6A14V_frez_wyk.sur,1069.2377833526966,810.0000000000001,809.0,532.0,655289.9999999508,Titanium,Ti6A14V,classical,256,256,0.0,0,P1,P1-Ti6A14V_frez_wyk,area,Milling (finishing),frez_wyk,simple
703.2253734620311,469.42585056562103,548.7149225512189,886.048360830376,610.3819266295891,713.3317760266872,8219.380672951505,5636.036789390006,8954.240732494147,0.05,0.05,233.79952289641005,154.51045091081215,275.666434200787,172.71658480368887,2583.3438835614993,-734.8600595426427,0.0,0.0,/Users/dawid/Library/Mobile Documents/com~apple~CloudDocs/Dokumenty/Publikacje własne/Manuscripts/Quantum_interference/data/P1-Ti6A14V_frez_wyk.sur,677.7407301075853,810.0000000000001,809.0,532.0,655289.9999999508,Titanium,Ti6A14V,quantum_like,256,256,0.0,0,P1,P1-Ti6A14V_frez_wyk,area,Milling (finishing),frez_wyk,simple
298.7549083581309,469.42585056562103,548.7149225512189,397.33461722163077,610.3819266295891,713.3317760266872,3456.371897974429,5636.036789390006,8954.240732494147,0.05,0.05,-170.67094220749016,-249.96001419308803,-213.04730940795832,-315.9971588050565,-2179.6648914155767,-5497.868834519719,0.0,0.0,/Users/dawid/Library/Mobile Documents/com~apple~CloudDocs/Dokumenty/Publikacje własne/Manuscripts/Quantum_interference/data/P1-Ti6A14V_frez_wyk.sur,434.6398545989695,810.0000000000001,809.0,532.0,655289.9999999508,Titanium,Ti6A14V,hybrid,256,256,0.0,0,P1,P1-Ti6A14V_frez_wyk,area,Milling (finishing),frez_wyk,simple
691.2252636965219,469.42585056562103,548.7149225512189,911.9192853844523,610.3819266295891,713.3317760266872,7722.226569314069,5636.036789390006,8954.240732494147,0.05,0.05,221.79941313090083,142.51034114530293,301.53735875486325,198.58750935776513,2086.1897799240637,-1232.0141631800784,0.0,0.0,/Users/dawid/Library/Mobile Documents/com~apple~CloudDocs/Dokumenty/Publikacje własne/Manuscripts/Quantum_interference/data/P1-Ti6A14V_frez_wyk.sur,1089.088613225699,810.0000000000001,809.0,532.0,655289.9999999508,Titanium,Ti6A14V,classical,256,256,0.0,1,P1,P1-Ti6A14V_frez_wyk,area,Milling (finishing),frez_wyk,simple
798.1231338670536,469.42585056562103,548.7149225512189,1006.6519519570355,610.3819266295891,713.3317760266872,9567.310252586562,5636.036789390006,8954.240732494147,0.05,0.05,328.69728330143255,249.40821131583468,396.27002532744643,293.3201759303483,3931.2734631965554,613.0695200924135,0.0,0.0,/Users/dawid/Library/Mobile Documents/com~apple~CloudDocs/Dokumenty/Publikacje własne/Manuscripts/Quantum_interference/data/P1-Ti6A14V_frez_wyk.sur,751.8014951967514,810.0000000000001,809.0,532.0,655289.9999999508,Titanium,Ti6A14V,quantum_like,256,256,0.0,1,P1,P1-Ti6A14V_frez_wyk,area,Milling (finishing),frez_wyk,simple
347.7348899800715,469.42585056562103,548.7149225512189,465.757078970618,610.3819266295891,713.3317760266872,4509.705672385228,5636.036789390006,8954.240732494147,0.05,0.05,-121.69096058554955,-200.98003257114743,-144.62484765897108,-247.57469705606923,-1126.331117004777,-4444.535060108919,0.0,0.0,/Users/dawid/Library/Mobile Documents/com~apple~CloudDocs/Dokumenty/Publikacje własne/Manuscripts/Quantum_interference/data/P1-Ti6A14V_frez_wyk.sur,429.54819055031214,810.0000000000001,809.0,532.0,655289.9999999508,Titanium,Ti6A14V,hybrid,256,256,0.0,1,P1,P1-Ti6A14V_frez_wyk,area,Milling (finishing),frez_wyk,simple
657.2061081878101,469.42585056562103,548.7149225512189,866.2448979161838,610.3819266295891,713.3317760266872,7593.554094478415,5636.036789390006,8954.240732494147,0.05,0.05,187.780257622189,108.4911856365911,255.86297128659476,152.9131218894966,1957.5173050884098,-1360.6866380157323,0.0,0.0,/Users/dawid/Library/Mobile Documents/com~apple~CloudDocs/Dokumenty/Publikacje własne/Manuscripts/Quantum_interference/data/P1-Ti6A14V_frez_wyk.sur,1051.3765396443569,810.0000000000001,809.0,532.0,655289.9999999508,Titanium,Ti6A14V,classical,256,256,0.0,2,P1,P1-Ti6A14V_frez_wyk,area,Milling (finishing),frez_wyk,simple
674.9701622362495,469.42585056562103,548.7149225512189,851.6262599902338,610.3819266295891,713.3317760266872,7908.619822206364,5636.036789390006,8954.240732494147,0.05,0.05,205.54431167062847,126.2552396850306,241.2443333606447,138.29448396354658,2272.583032816358,-1045.6209102877842,0.0,0.0,/Users/dawid/Library/Mobile Documents/com~apple~CloudDocs/Dokumenty/Publikacje własne/Manuscripts/Quantum_interference/data/P1-Ti6A14V_frez_wyk.sur,658.0883771087686,810.0000000000001,809.0,532.0,655289.9999999508,Titanium,Ti6A14V,quantum_like,256,256,0.0,2,P1,P1-Ti6A14V_frez_wyk,area,Milling (finishing),frez_wyk,simple
285.94443178599215,469.42585056562103,548.7149225512189,381.3171837329336,610.3819266295891,713.3317760266872,3566.5165553995603,5636.036789390006,8954.240732494147,0.05,0.05,-183.48141877962888,-262.7704907652268,-229.06474289665547,-332.0145922937536,-2069.5202339904454,-5387.7241770945875,0.0,0.0,/Users/dawid/Library/Mobile Documents/com~apple~CloudDocs/Dokumenty/Publikacje własne/Manuscripts/Quantum_interference/data/P1-Ti6A14V_frez_wyk.sur,436.0998268085022,810.0000000000001,809.0,532.0,655289.9999999508,Titanium,Ti6A14V,hybrid,256,256,0.0,2,P1,P1-Ti6A14V_frez_wyk,area,Milling (finishing),frez_wyk,simple
658.5216314795945,469.42585056562103,548.7149225512189,871.7264371778944,610.3819266295891,713.3317760266872,7205.390528959858,5636.036789390006,8954.240732494147,0.05,0.05,189.09578091397339,109.8067089283755,261.3445105483052,158.3946611512071,1569.3537395698522,-1748.85020353429,0.0,0.0,/Users/dawid/Library/Mobile Documents/com~apple~CloudDocs/Dokumenty/Publikacje własne/Manuscripts/Quantum_interference/data/P1-Ti6A14V_frez_wyk.sur,1050.29297336446,810.0000000000001,809.0,532.0,655289.9999999508,Titanium,Ti6A14V,classical,256,256,0.0,3,P1,P1-Ti6A14V_frez_wyk,area,Milling (finishing),frez_wyk,simple
731.1573047748865,469.42585056562103,548.7149225512189,923.8699415150807,610.3819266295891,713.3317760266872,8588.362320548511,5636.036789390006,8954.240732494147,0.05,0.05,261.73145420926545,182.44238222366758,313.4880148854915,210.53816548839336,2952.3255311585053,-365.8784119456368,0.0,0.0,/Users/dawid/Library/Mobile Documents/com~apple~CloudDocs/Dokumenty/Publikacje własne/Manuscripts/Quantum_interference/data/P1-Ti6A14V_frez_wyk.sur,702.1332532009374,810.0000000000001,809.0,532.0,655289.9999999508,Titanium,Ti6A14V,quantum_like,256,256,0.0,3,P1,P1-Ti6A14V_frez_wyk,area,Milling (finishing),frez_wyk,simple
308.58096339522734,469.42585056562103,548.7149225512189,413.7899570331627,610.3819266295891,713.3317760266872,3665.058536733095,5636.036789390006,8954.240732494147,0.05,0.05,-160.8448871703937,-240.1339591559916,-196.59196959642642,-299.54181899352454,-1970.9782526569106,-5289.182195761053,0.0,0.0,/Users/dawid/Library/Mobile Documents/com~apple~CloudDocs/Dokumenty/Publikacje własne/Manuscripts/Quantum_interference/data/P1-Ti6A14V_frez_wyk.sur,431.198256577781,810.0000000000001,809.0,532.0,655289.9999999508,Titanium,Ti6A14V,hybrid,256,256,0.0,3,P1,P1-Ti6A14V_frez_wyk,area,Milling (finishing),frez_wyk,simple
777.02675973167,641.8688484561754,683.9830450019091,994.8090200354338,822.469868351295,1071.5743326150443,8003.7073913199165,21558.194735968656,70791.5363647731,0.05,0.05,135.1579112754946,93.04371472976099,172.33915168413884,-76.76531257961047,-13554.48734464874,-62787.82897345318,0.0,0.0,/Users/dawid/Library/Mobile Documents/com~apple~CloudDocs/Dokumenty/Publikacje własne/Manuscripts/Quantum_interference/data/P1-Ti6A14V_frez_zgr.sur,1166.8082715353505,810.0000000000001,809.0,532.0,655289.9999999508,Titanium,Ti6A14V,classical,256,256,0.0,0,P1,P1-Ti6A14V_frez_zgr,area,Milling (roughing),frez_zgr,simple
1020.8811357938381,641.8688484561754,683.9830450019091,1293.5399206344662,822.469868351295,1071.5743326150443,28032.82455524522,21558.194735968656,70791.5363647731,0.05,0.05,379.0122873376627,336.89809079192906,471.0700522831712,221.9655880194219,6474.629819276565,-42758.71180952787,0.0,0.0,/Users/dawid/Library/Mobile Documents/com~apple~CloudDocs/Dokumenty/Publikacje własne/Manuscripts/Quantum_interference/data/P1-Ti6A14V_frez_zgr.sur,834.2288166445871,810.0000000000001,809.0,532.0,655289.9999999508,Titanium,Ti6A14V,quantum_like,256,256,0.0,0,P1,P1-Ti6A14V_frez_zgr,area,Milling (roughing),frez_zgr,simple
735.758458663769,641.8688484561754,683.9830450019091,923.3302629966947,822.469868351295,1071.5743326150443,7325.006276350813,21558.194735968656,70791.5363647731,0.05,0.05,93.88961020759355,51.775413661859936,100.8603946453998,-148.2440696183495,-14233.188459617842,-63466.530088422274,0.0,0.0,/Users/dawid/Library/Mobile Documents/com~apple~CloudDocs/Dokumenty/Publikacje własne/Manuscripts/Quantum_interference/data/P1-Ti6A14V_frez_zgr.sur,344.8946193521418,810.0000000000001,809.0,532.0,655289.9999999508,Titanium,Ti6A14V,hybrid,256,256,0.0,0,P1,P1-Ti6A14V_frez_zgr,area,Milling (roughing),frez_zgr,simple
761.8668403638761,641.8688484561754,683.9830450019091,988.0153534999813,822.469868351295,1071.5743326150443,8132.079066549153,21558.194735968656,70791.5363647731,0.05,0.05,119.99799190770065,77.88379536196705,165.54548514868634,-83.55897911506295,-13426.115669419503,-62659.45729822394,0.0,0.0,/Users/dawid/Library/Mobile Documents/com~apple~CloudDocs/Dokumenty/Publikacje własne/Manuscripts/Quantum_interference/data/P1-Ti6A14V_frez_zgr.sur,1187.328796932846,810.0000000000001,809.0,532.0,655289.9999999508,Titanium,Ti6A14V,classical,256,256,0.0,1,P1,P1-Ti6A14V_frez_zgr,area,Milling (roughing),frez_zgr,simple
836.320616240647,641.8688484561754,683.9830450019091,1061.537748751365,822.469868351295,1071.5743326150443,21827.355548952823,21558.194735968656,70791.5363647731,0.05,0.05,194.45176778447157,152.33757123873795,239.0678804000699,-10.036583863679416,269.1608129841655,-48964.18081582027,0.0,0.0,/Users/dawid/Library/Mobile Documents/com~apple~CloudDocs/Dokumenty/Publikacje własne/Manuscripts/Quantum_interference/data/P1-Ti6A14V_frez_zgr.sur,682.5241496512516,810.0000000000001,809.0,532.0,655289.9999999508,Titanium,Ti6A14V,quantum_like,256,256,0.0,1,P1,P1-Ti6A14V_frez_zgr,area,Milling (roughing),frez_zgr,simple
596.5192084694817,641.8688484561754,683.9830450019091,748.3011865403289,822.469868351295,1071.5743326150443,5804.040909104973,21558.194735968656,70791.5363647731,0.05,0.05,-45.34963998669373,-87.46383653242734,-74.16868181096604,-323.2731460747153,-15754.15382686368,-64987.49545566812,0.0,0.0,/Users/dawid/Library/Mobile Documents/com~apple~CloudDocs/Dokumenty/Publikacje własne/Manuscripts/Quantum_interference/data/P1-Ti6A14V_frez_zgr.sur,312.8542040006516,810.0000000000001,809.0,532.0,655289.9999999508,Titanium,Ti6A14V,hybrid,256,256,0.0,1,P1,P1-Ti6A14V_frez_zgr,area,Milling (roughing),frez_zgr,simple
755.0318598161538,641.8688484561754,683.9830450019091,980.9144411676397,822.469868351295,1071.5743326150443,8391.560634275658,21558.194735968656,70791.5363647731,0.05,0.05,113.16301135997831,71.04881481424471,158.44457281634467,-90.65989144740462,-13166.634101692996,-62399.97573049744,0.0,0.0,/Users/dawid/Library/Mobile Documents/com~apple~CloudDocs/Dokumenty/Publikacje własne/Manuscripts/Quantum_interference/data/P1-Ti6A14V_frez_zgr.sur,1179.9876857295153,810.0000000000001,809.0,532.0,655289.9999999508,Titanium,Ti6A14V,classical,256,256,0.0,2,P1,P1-Ti6A14V_frez_zgr,area,Milling (roughing),frez_zgr,simple
882.5521298480274,641.8688484561754,683.9830450019091,1117.9398939484836,822.469868351295,1071.5743326150443,23213.890631572944,21558.194735968656,70791.5363647731,0.05,0.05,240.68328139185206,198.56908484611844,295.4700255971887,46.365561333439395,1655.695895604288,-47577.64573320015,0.0,0.0,/Users/dawid/Library/Mobile Documents/com~apple~CloudDocs/Dokumenty/Publikacje własne/Manuscripts/Quantum_interference/data/P1-Ti6A14V_frez_zgr.sur,730.4750204561952,810.0000000000001,809.0,532.0,655289.9999999508,Titanium,Ti6A14V,quantum_like,256,256,0.0,2,P1,P1-Ti6A14V_frez_zgr,area,Milling (roughing),frez_zgr,simple
623.0054064101304,641.8688484561754,683.9830450019091,780.1351292634574,822.469868351295,1071.5743326150443,5863.326986925956,21558.194735968656,70791.5363647731,0.05,0.05,-18.86344204604502,-60.97763859177863,-42.33473908783755,-291.43920335158685,-15694.867749042702,-64928.20937784713,0.0,0.0,/Users/dawid/Library/Mobile Documents/com~apple~CloudDocs/Dokumenty/Publikacje własne/Manuscripts/Quantum_interference/data/P1-Ti6A14V_frez_zgr.sur,314.2993577551722,810.0000000000001,809.0,532.0,655289.9999999508,Titanium,Ti6A14V,hybrid,256,256,0.0,2,P1,P1-Ti6A14V_frez_zgr,area,Milling (roughing),frez_zgr,simple
753.3529187946316,641.8688484561754,683.9830450019091,977.3483047084014,822.469868351295,1071.5743326150443,8128.50259990882,21558.194735968656,70791.5363647731,0.05,0.05,111.48407033845619,69.36987379272257,154.87843635710647,-94.22602790664284,-13429.692136059835,-62663.03376486427,0.0,0.0,/Users/dawid/Library/Mobile Documents/com~apple~CloudDocs/Dokumenty/Publikacje własne/Manuscripts/Quantum_interference/data/P1-Ti6A14V_frez_zgr.sur,1183.543255578935,810.0000000000001,809.0,532.0,655289.9999999508,Titanium,Ti6A14V,classical,256,256,0.0,3,P1,P1-Ti6A14V_frez_zgr,area,Milling (roughing),frez_zgr,simple
830.1071986804475,641.8688484561754,683.9830450019091,1052.2162937960431,822.469868351295,1071.5743326150443,22557.659719812695,21558.194735968656,70791.5363647731,0.05,0.05,188.23835022427204,146.12415367853842,229.74642544474827,-19.358038819001038,999.4649838440396,-48233.87664496039,0.0,0.0,/Users/dawid/Library/Mobile Documents/com~apple~CloudDocs/Dokumenty/Publikacje własne/Manuscripts/Quantum_interference/data/P1-Ti6A14V_frez_zgr.sur,686.1705380670899,810.0000000000001,809.0,532.0,655289.9999999508,Titanium,Ti6A14V,quantum_like,256,256,0.0,3,P1,P1-Ti6A14V_frez_zgr,area,Milling (roughing),frez_zgr,simple
587.1335885589248,641.8688484561754,683.9830450019091,736.5414821475629,822.469868351295,1071.5743326150443,5392.145549816308,21558.194735968656,70791.5363647731,0.05,0.05,-54.73525989725065,-96.84945644298426,-85.92838620373212,-335.0328504674814,-16166.049186152348,-65399.39081495679,0.0,0.0,/Users/dawid/Library/Mobile Documents/com~apple~CloudDocs/Dokumenty/Publikacje własne/Manuscripts/Quantum_interference/data/P1-Ti6A14V_frez_zgr.sur,315.56627633286917,810.0000000000001,809.0,532.0,655289.9999999508,Titanium,Ti6A14V,hybrid,256,256,0.0,3,P1,P1-Ti6A14V_frez_zgr,area,Milling (roughing),frez_zgr,simple
627.4846228674548,289.77462995164757,347.8317815466067,833.6280476579151,410.8437237790098,803.7426150092576,7491.385382237503,10313.574305428681,44965.60414799983,0.05,0.05,337.7099929158073,279.65284132084815,422.7843238789053,29.885432648657417,-2822.1889231911773,-37474.21876576233,0.0,0.0,/Users/dawid/Library/Mobile Documents/com~apple~CloudDocs/Dokumenty/Publikacje własne/Manuscripts/Quantum_interference/data/P1-Ti6A14V_nagniat.sur,911.4157342482989,810.0000000000001,809.0,532.0,655289.9999999508,Titanium,Ti6A14V,classical,256,256,0.0,0,P1,P1-Ti6A14V_nagniat,area,Burnishing,nagniat,simple
616.635827227298,289.77462995164757,347.8317815466067,790.4345225836039,410.8437237790098,803.7426150092576,12488.198223753501,10313.574305428681,44965.60414799983,0.05,0.05,326.8611972756504,268.80404568069133,379.59079880459404,-13.308092425653822,2174.6239183248213,-32477.40592424633,0.0,0.0,/Users/dawid/Library/Mobile Documents/com~apple~CloudDocs/Dokumenty/Publikacje własne/Manuscripts/Quantum_interference/data/P1-Ti6A14V_nagniat.sur,679.7486070079407,810.0000000000001,809.0,532.0,655289.9999999508,Titanium,Ti6A14V,quantum_like,256,256,0.0,0,P1,P1-Ti6A14V_nagniat,area,Burnishing,nagniat,simple
243.46542427405683,289.77462995164757,347.8317815466067,317.661597970799,410.8437237790098,803.7426150092576,5322.308712536015,10313.574305428681,44965.60414799983,0.05,0.05,-46.309205677590754,-104.36635727254983,-93.1821258082108,-486.08101703845864,-4991.265592892666,-39643.29543546381,0.0,0.0,/Users/dawid/Library/Mobile Documents/com~apple~CloudDocs/Dokumenty/Publikacje własne/Manuscripts/Quantum_interference/data/P1-Ti6A14V_nagniat.sur,283.80515923902084,810.0000000000001,809.0,532.0,655289.9999999508,Titanium,Ti6A14V,hybrid,256,256,0.0,0,P1,P1-Ti6A14V_nagniat,area,Burnishing,nagniat,simple
622.999833680035,289.77462995164757,347.8317815466067,821.7220196855425,410.8437237790098,803.7426150092576,7187.298978628188,10313.574305428681,44965.60414799983,0.05,0.05,333.2252037283873,275.16805213342826,410.8782959065327,17.97940467628478,-3126.275326800493,-37778.30516937164,0.0,0.0,/Users/dawid/Library/Mobile Documents/com~apple~CloudDocs/Dokumenty/Publikacje własne/Manuscripts/Quantum_interference/data/P1-Ti6A14V_nagniat.sur,899.0252933942747,810.0000000000001,809.0,532.0,655289.9999999508,Titanium,Ti6A14V,classical,256,256,0.0,1,P1,P1-Ti6A14V_nagniat,area,Burnishing,nagniat,simple
661.2871386335956,289.77462995164757,347.8317815466067,849.3499797732136,410.8437237790098,803.7426150092576,14675.608047599442,10313.574305428681,44965.60414799983,0.05,0.05,371.512508681948,313.45535708698895,438.5062559942038,45.60736476395592,4362.033742170762,-30289.996100400385,0.0,0.0,/Users/dawid/Library/Mobile Documents/com~apple~CloudDocs/Dokumenty/Publikacje własne/Manuscripts/Quantum_interference/data/P1-Ti6A14V_nagniat.sur,726.6675379867014,810.0000000000001,809.0,532.0,655289.9999999508,Titanium,Ti6A14V,quantum_like,256,256,0.0,1,P1,P1-Ti6A14V_nagniat,area,Burnishing,nagniat,simple
263.4522980136537,289.77462995164757,347.8317815466067,343.5333305071027,410.8437237790098,803.7426150092576,6050.316569418233,10313.574305428681,44965.60414799983,0.05,0.05,-26.322331937993884,-84.37948353295296,-67.31039327190715,-460.209284502155,-4263.257736010449,-38915.2875785816,0.0,0.0,/Users/dawid/Library/Mobile Documents/com~apple~CloudDocs/Dokumenty/Publikacje własne/Manuscripts/Quantum_interference/data/P1-Ti6A14V_nagniat.sur,283.8951965008816,810.0000000000001,809.0,532.0,655289.9999999508,Titanium,Ti6A14V,hybrid,256,256,0.0,1,P1,P1-Ti6A14V_nagniat,area,Burnishing,nagniat,simple
621.3764615896249,289.77462995164757,347.8317815466067,825.4425357278549,410.8437237790098,803.7426150092576,7635.227936049478,10313.574305428681,44965.60414799983,0.05,0.05,331.6018316379773,273.5446800430182,414.5988119488451,21.6999207185972,-2678.346369379203,-37330.37621195036,0.0,0.0,/Users/dawid/Library/Mobile Documents/com~apple~CloudDocs/Dokumenty/Publikacje własne/Manuscripts/Quantum_interference/data/P1-Ti6A14V_nagniat.sur,909.2102970819499,810.0000000000001,809.0,532.0,655289.9999999508,Titanium,Ti6A14V,classical,256,256,0.0,2,P1,P1-Ti6A14V_nagniat,area,Burnishing,nagniat,simple
579.3385352682628,289.77462995164757,347.8317815466067,741.728213602861,410.8437237790098,803.7426150092576,12212.377727423353,10313.574305428681,44965.60414799983,0.05,0.05,289.5639053166152,231.5067537216561,330.8844898238513,-62.0144014063966,1898.8034219946717,-32753.226420576477,0.0,0.0,/Users/dawid/Library/Mobile Documents/com~apple~CloudDocs/Dokumenty/Publikacje własne/Manuscripts/Quantum_interference/data/P1-Ti6A14V_nagniat.sur,642.2300852691191,810.0000000000001,809.0,532.0,655289.9999999508,Titanium,Ti6A14V,quantum_like,256,256,0.0,2,P1,P1-Ti6A14V_nagniat,area,Burnishing,nagniat,simple
229.9576757774762,289.77462995164757,347.8317815466067,298.81408859031154,410.8437237790098,803.7426150092576,5354.580154197618,10313.574305428681,44965.60414799983,0.05,0.05,-59.81695417417139,-117.87410576913048,-112.02963518869826,-504.92852641894615,-4958.9941512310625,-39611.023993802206,0.0,0.0,/Users/dawid/Library/Mobile Documents/com~apple~CloudDocs/Dokumenty/Publikacje własne/Manuscripts/Quantum_interference/data/P1-Ti6A14V_nagniat.sur,285.3282124235967,810.0000000000001,809.0,532.0,655289.9999999508,Titanium,Ti6A14V,hybrid,256,256,0.0,2,P1,P1-Ti6A14V_nagniat,area,Burnishing,nagniat,simple
616.2295900256863,289.77462995164757,347.8317815466067,818.3640339050752,410.8437237790098,803.7426150092576,7098.805990408286,10313.574305428681,44965.60414799983,0.05,0.05,326.4549600740387,268.3978084790796,407.5203101260654,14.62141889581751,-3214.768315020395,-37866.79815759155,0.0,0.0,/Users/dawid/Library/Mobile Documents/com~apple~CloudDocs/Dokumenty/Publikacje własne/Manuscripts/Quantum_interference/data/P1-Ti6A14V_nagniat.sur,905.9249677613551,810.0000000000001,809.0,532.0,655289.9999999508,Titanium,Ti6A14V,classical,256,256,0.0,3,P1,P1-Ti6A14V_nagniat,area,Burnishing,nagniat,simple
822.7438347233839,289.77462995164757,347.8317815466067,1055.7499668693495,410.8437237790098,803.7426150092576,17742.226944565267,10313.574305428681,44965.60414799983,0.05,0.05,532.9692047717363,474.9120531767772,644.9062430903396,252.00735186009172,7428.652639136585,-27223.377203434564,0.0,0.0,/Users/dawid/Library/Mobile Documents/com~apple~CloudDocs/Dokumenty/Publikacje własne/Manuscripts/Quantum_interference/data/P1-Ti6A14V_nagniat.sur,915.3328685616152,810.0000000000001,809.0,532.0,655289.9999999508,Titanium,Ti6A14V,quantum_like,256,256,0.0,3,P1,P1-Ti6A14V_nagniat,area,Burnishing,nagniat,simple
323.5840616869679,289.77462995164757,347.8317815466067,419.68143175707786,410.8437237790098,803.7426150092576,7274.116014500948,10313.574305428681,44965.60414799983,0.05,0.05,33.809431735320324,-24.247719859638764,8.837707978068057,-384.06118325217983,-3039.458290927733,-37691.48813349888,0.0,0.0,/Users/dawid/Library/Mobile Documents/com~apple~CloudDocs/Dokumenty/Publikacje własne/Manuscripts/Quantum_interference/data/P1-Ti6A14V_nagniat.sur,303.07456784093415,810.0000000000001,809.0,532.0,655289.9999999508,Titanium,Ti6A14V,hybrid,256,256,0.0,3,P1,P1-Ti6A14V_nagniat,area,Burnishing,nagniat,simple
521.7934544312918,103.18491123593812,120.19932196150366,639.2630414684481,123.73059001201017,143.5085523769773,4654.872896343755,2667.2561281473622,3825.7073651355636,0.05,0.05,418.6085431953537,401.5941324697882,515.5324514564379,495.7544890914708,1987.6167681963927,829.1655312081914,0.0,0.0,/Users/dawid/Library/Mobile Documents/com~apple~CloudDocs/Dokumenty/Publikacje własne/Manuscripts/Quantum_interference/data/P1-Ti6A14V_t_wyk.sur,645.763379505474,810.0000000000001,809.0,532.0,655289.9999999508,Titanium,Ti6A14V,classical,256,256,0.0,0,P1,P1-Ti6A14V_t_wyk,area,Turning (finishing),t_wyk,simple
665.1753830458788,103.18491123593812,120.19932196150366,834.5534745155102,123.73059001201017,143.5085523769773,7224.774253428128,2667.2561281473622,3825.7073651355636,0.05,0.05,561.9904718099407,544.9760610843751,710.8228845035001,691.0449221385329,4557.518125280766,3399.0668882925647,0.0,0.0,/Users/dawid/Library/Mobile Documents/com~apple~CloudDocs/Dokumenty/Publikacje własne/Manuscripts/Quantum_interference/data/P1-Ti6A14V_t_wyk.sur,822.653305762341,810.0000000000001,809.0,532.0,655289.9999999508,Titanium,Ti6A14V,quantum_like,256,256,0.0,0,P1,P1-Ti6A14V_t_wyk,area,Turning (finishing),t_wyk,simple
146.58353129439084,103.18491123593812,120.19932196150366,186.93745988165392,123.73059001201017,143.5085523769773,1802.1376105008158,2667.2561281473622,3825.7073651355636,0.05,0.05,43.398620058452714,26.384209332887174,63.20686986964375,43.42890750467662,-865.1185176465464,-2023.5697546347476,0.0,0.0,/Users/dawid/Library/Mobile Documents/com~apple~CloudDocs/Dokumenty/Publikacje własne/Manuscripts/Quantum_interference/data/P1-Ti6A14V_t_wyk.sur,202.58263399133642,810.0000000000001,809.0,532.0,655289.9999999508,Titanium,Ti6A14V,hybrid,256,256,0.0,0,P1,P1-Ti6A14V_t_wyk,area,Turning (finishing),t_wyk,simple
536.3628652623331,103.18491123593812,120.19932196150366,659.2190576199164,123.73059001201017,143.5085523769773,5374.81833665321,2667.2561281473622,3825.7073651355636,0.05,0.05,433.177954026395,416.1635433008295,535.4884676079062,515.7105052429391,2707.562208505848,1549.1109715176467,0.0,0.0,/Users/dawid/Library/Mobile Documents/com~apple~CloudDocs/Dokumenty/Publikacje własne/Manuscripts/Quantum_interference/data/P1-Ti6A14V_t_wyk.sur,664.4360267713738,810.0000000000001,809.0,532.0,655289.9999999508,Titanium,Ti6A14V,classical,256,256,0.0,1,P1,P1-Ti6A14V_t_wyk,area,Turning (finishing),t_wyk,simple
532.515106745496,103.18491123593812,120.19932196150366,669.2739253379891,123.73059001201017,143.5085523769773,6027.600021066229,2667.2561281473622,3825.7073651355636,0.05,0.05,429.330195509558,412.31578478399246,545.5433353259789,525.7653729610117,3360.343892918866,2201.892655930665,0.0,0.0,/Users/dawid/Library/Mobile Documents/com~apple~CloudDocs/Dokumenty/Publikacje własne/Manuscripts/Quantum_interference/data/P1-Ti6A14V_t_wyk.sur,659.3746376338821,810.0000000000001,809.0,532.0,655289.9999999508,Titanium,Ti6A14V,quantum_like,256,256,0.0,1,P1,P1-Ti6A14V_t_wyk,area,Turning (finishing),t_wyk,simple
121.78340779230652,103.18491123593812,120.19932196150366,156.24382259415304,123.73059001201017,143.5085523769773,1280.2976287425013,2667.2561281473622,3825.7073651355636,0.05,0.05,18.598496556368396,1.5840858308028565,32.51323258214289,12.735270217175769,-1386.958499404861,-2545.4097363930623,0.0,0.0,/Users/dawid/Library/Mobile Documents/com~apple~CloudDocs/Dokumenty/Publikacje własne/Manuscripts/Quantum_interference/data/P1-Ti6A14V_t_wyk.sur,179.55981767950632,810.0000000000001,809.0,532.0,655289.9999999508,Titanium,Ti6A14V,hybrid,256,256,0.0,1,P1,P1-Ti6A14V_t_wyk,area,Turning (finishing),t_wyk,simple
514.7720882607243,103.18491123593812,120.19932196150366,637.9159131509618,123.73059001201017,143.5085523769773,4471.244453630063,2667.2561281473622,3825.7073651355636,0.05,0.05,411.5871770247863,394.57276629922075,514.1853231389516,494.4073607739845,1803.9883254827007,645.5370884944994,0.0,0.0,/Users/dawid/Library/Mobile Documents/com~apple~CloudDocs/Dokumenty/Publikacje własne/Manuscripts/Quantum_interference/data/P1-Ti6A14V_t_wyk.sur,645.53785158454,810.0000000000001,809.0,532.0,655289.9999999508,Titanium,Ti6A14V,classical,256,256,0.0,2,P1,P1-Ti6A14V_t_wyk,area,Turning (finishing),t_wyk,simple
577.4881573298509,103.18491123593812,120.19932196150366,723.2912449267633,123.73059001201017,143.5085523769773,5958.592780498833,2667.2561281473622,3825.7073651355636,0.05,0.05,474.3032460939127,457.2888353683472,599.5606549147532,579.782692549786,3291.3366523514715,2132.88541536327,0.0,0.0,/Users/dawid/Library/Mobile Documents/com~apple~CloudDocs/Dokumenty/Publikacje własne/Manuscripts/Quantum_interference/data/P1-Ti6A14V_t_wyk.sur,713.196588443613,810.0000000000001,809.0,532.0,655289.9999999508,Titanium,Ti6A14V,quantum_like,256,256,0.0,2,P1,P1-Ti6A14V_t_wyk,area,Turning (finishing),t_wyk,simple
135.40578904936802,103.18491123593812,120.19932196150366,164.16657657804052,123.73059001201017,143.5085523769773,1236.3257502986332,2667.2561281473622,3825.7073651355636,0.05,0.05,32.220877813429915,15.206467087864379,40.43598656603036,20.658024201063235,-1430.9303778487288,-2589.38161483693,0.0,0.0,/Users/dawid/Library/Mobile Documents/com~apple~CloudDocs/Dokumenty/Publikacje własne/Manuscripts/Quantum_interference/data/P1-Ti6A14V_t_wyk.sur,186.77581409702066,810.0000000000001,809.0,532.0,655289.9999999508,Titanium,Ti6A14V,hybrid,256,256,0.0,2,P1,P1-Ti6A14V_t_wyk,area,Turning (finishing),t_wyk,simple
520.4056079180566,103.18491123593812,120.19932196150366,639.2487095748268,123.73059001201017,143.5085523769773,4655.46617304918,2667.2561281473622,3825.7073651355636,0.05,0.05,417.2206966821185,400.20628595655296,515.5181195628167,495.7401571978495,1988.210044901818,829.7588079136168,0.0,0.0,/Users/dawid/Library/Mobile Documents/com~apple~CloudDocs/Dokumenty/Publikacje własne/Manuscripts/Quantum_interference/data/P1-Ti6A14V_t_wyk.sur,645.8026161135413,810.0000000000001,809.0,532.0,655289.9999999508,Titanium,Ti6A14V,classical,256,256,0.0,3,P1,P1-Ti6A14V_t_wyk,area,Turning (finishing),t_wyk,simple
546.654327183237,103.18491123593812,120.19932196150366,684.8865194956173,123.73059001201017,143.5085523769773,5838.187098396821,2667.2561281473622,3825.7073651355636,0.05,0.05,443.46941594729884,426.4550052217333,561.1559294836071,541.3779671186401,3170.9309702494593,2012.479733261258,0.0,0.0,/Users/dawid/Library/Mobile Documents/com~apple~CloudDocs/Dokumenty/Publikacje własne/Manuscripts/Quantum_interference/data/P1-Ti6A14V_t_wyk.sur,674.9319976491374,810.0000000000001,809.0,532.0,655289.9999999508,Titanium,Ti6A14V,quantum_like,256,256,0.0,3,P1,P1-Ti6A14V_t_wyk,area,Turning (finishing),t_wyk,simple
128.80121051517835,103.18491123593812,120.19932196150366,159.53036843383296,123.73059001201017,143.5085523769773,1346.7507624722184,2667.2561281473622,3825.7073651355636,0.05,0.05,25.61629927924025,8.60188855367471,35.79977842182281,16.021816056855688,-1320.5053656751436,-2478.9566026633447,0.0,0.0,/Users/dawid/Library/Mobile Documents/com~apple~CloudDocs/Dokumenty/Publikacje własne/Manuscripts/Quantum_interference/data/P1-Ti6A14V_t_wyk.sur,181.29739117143092,810.0000000000001,809.0,532.0,655289.9999999508,Titanium,Ti6A14V,hybrid,256,256,0.0,3,P1,P1-Ti6A14V_t_wyk,area,Turning (finishing),t_wyk,simple
703.5402310336533,2932.855047006961,3004.2986216553054,915.3164571990242,3378.02639502885,3551.4597919526173,6913.693790693222,35489.60649569244,70976.5955354702,0.05,0.05,-2229.3148159733078,-2300.758390621652,-2462.709937829826,-2636.143334753593,-28575.912704999217,-64062.90174477698,0.0,0.0,/Users/dawid/Library/Mobile Documents/com~apple~CloudDocs/Dokumenty/Publikacje własne/Manuscripts/Quantum_interference/data/P1-Ti6A14V_t_zgrub.sur,3535.2140293169055,810.0000000000001,809.0,532.0,655289.9999999508,Titanium,Ti6A14V,classical,256,256,0.0,0,P1,P1-Ti6A14V_t_zgrub,area,Turning (roughing),t_zgrub,simple
3811.5096184025156,2932.855047006961,3004.2986216553054,4428.649369809112,3378.02639502885,3551.4597919526173,44828.12628553418,35489.60649569244,70976.5955354702,0.05,0.05,878.6545713955549,807.2109967472103,1050.6229747802615,877.1895778564939,9338.519789841741,-26148.46924993602,0.0,0.0,/Users/dawid/Library/Mobile Documents/com~apple~CloudDocs/Dokumenty/Publikacje własne/Manuscripts/Quantum_interference/data/P1-Ti6A14V_t_zgrub.sur,1313.5103759721867,810.0000000000001,809.0,532.0,655289.9999999508,Titanium,Ti6A14V,quantum_like,256,256,0.0,0,P1,P1-Ti6A14V_t_zgrub,area,Turning (roughing),t_zgrub,simple
2361.7114787988303,2932.855047006961,3004.2986216553054,2732.3019564077617,3378.02639502885,3551.4597919526173,15857.651123724756,35489.60649569244,70976.5955354702,0.05,0.05,-571.1435682081308,-642.5871428564755,-645.7244386210881,-819.1578355448559,-19631.955371967684,-55118.94441174545,0.0,0.0,/Users/dawid/Library/Mobile Documents/com~apple~CloudDocs/Dokumenty/Publikacje własne/Manuscripts/Quantum_interference/data/P1-Ti6A14V_t_zgrub.sur,1008.8449142539065,810.0000000000001,809.0,532.0,655289.9999999508,Titanium,Ti6A14V,hybrid,256,256,0.0,0,P1,P1-Ti6A14V_t_zgrub,area,Turning (roughing),t_zgrub,simple
699.1369153924305,2932.855047006961,3004.2986216553054,917.5925535848636,3378.02639502885,3551.4597919526173,7987.634125664691,35489.60649569244,70976.5955354702,0.05,0.05,-2233.71813161453,-2305.161706262875,-2460.4338414439862,-2633.867238367754,-27501.972370027746,-62988.96140980551,0.0,0.0,/Users/dawid/Library/Mobile Documents/com~apple~CloudDocs/Dokumenty/Publikacje własne/Manuscripts/Quantum_interference/data/P1-Ti6A14V_t_zgrub.sur,3539.0731970790293,810.0000000000001,809.0,532.0,655289.9999999508,Titanium,Ti6A14V,classical,256,256,0.0,1,P1,P1-Ti6A14V_t_zgrub,area,Turning (roughing),t_zgrub,simple
2961.1504258341974,2932.855047006961,3004.2986216553054,3438.1222840460277,3378.02639502885,3551.4597919526173,35837.10049390997,35489.60649569244,70976.5955354702,0.05,0.05,28.2953788272367,-43.14819582110789,60.09588901717812,-113.33750790658956,347.49399821753764,-35139.49504156022,0.0,0.0,/Users/dawid/Library/Mobile Documents/com~apple~CloudDocs/Dokumenty/Publikacje własne/Manuscripts/Quantum_interference/data/P1-Ti6A14V_t_zgrub.sur,694.1652912074768,810.0000000000001,809.0,532.0,655289.9999999508,Titanium,Ti6A14V,quantum_like,256,256,0.0,1,P1,P1-Ti6A14V_t_zgrub,area,Turning (roughing),t_zgrub,simple
1836.0182241231769,2932.855047006961,3004.2986216553054,2124.8791871434046,3378.02639502885,3551.4597919526173,12656.62297278927,35489.60649569244,70976.5955354702,0.05,0.05,-1096.836822883784,-1168.2803975321285,-1253.1472078854451,-1426.580604809213,-22832.98352290317,-58319.97256268093,0.0,0.0,/Users/dawid/Library/Mobile Documents/com~apple~CloudDocs/Dokumenty/Publikacje własne/Manuscripts/Quantum_interference/data/P1-Ti6A14V_t_zgrub.sur,1430.3076895359673,810.0000000000001,809.0,532.0,655289.9999999508,Titanium,Ti6A14V,hybrid,256,256,0.0,1,P1,P1-Ti6A14V_t_zgrub,area,Turning (roughing),t_zgrub,simple
711.8103774410537,2932.855047006961,3004.2986216553054,922.9097861868199,3378.02639502885,3551.4597919526173,7744.435360704223,35489.60649569244,70976.5955354702,0.05,0.05,-2221.044669565907,-2292.4882442142516,-2455.11660884203,-2628.550005765798,-27745.171134988217,-63232.16017476598,0.0,0.0,/Users/dawid/Library/Mobile Documents/com~apple~CloudDocs/Dokumenty/Publikacje własne/Manuscripts/Quantum_interference/data/P1-Ti6A14V_t_zgrub.sur,3520.8311379514444,810.0000000000001,809.0,532.0,655289.9999999508,Titanium,Ti6A14V,classical,256,256,0.0,2,P1,P1-Ti6A14V_t_zgrub,area,Turning (roughing),t_zgrub,simple
3191.350714712745,2932.855047006961,3004.2986216553054,3705.5406659842415,3378.02639502885,3551.4597919526173,40067.634318107026,35489.60649569244,70976.5955354702,0.05,0.05,258.49566770578366,187.05209305743904,327.5142709553919,154.0808740316242,4578.027822414589,-30908.961217363176,0.0,0.0,/Users/dawid/Library/Mobile Documents/com~apple~CloudDocs/Dokumenty/Publikacje własne/Manuscripts/Quantum_interference/data/P1-Ti6A14V_t_zgrub.sur,786.8547581060349,810.0000000000001,809.0,532.0,655289.9999999508,Titanium,Ti6A14V,quantum_like,256,256,0.0,2,P1,P1-Ti6A14V_t_zgrub,area,Turning (roughing),t_zgrub,simple
1978.2495100248047,2932.855047006961,3004.2986216553054,2288.827503748171,3378.02639502885,3551.4597919526173,13464.006257217006,35489.60649569244,70976.5955354702,0.05,0.05,-954.6055369821562,-1026.0491116305009,-1089.1988912806787,-1262.6322882044465,-22025.600238475432,-57512.589278253196,0.0,0.0,/Users/dawid/Library/Mobile Documents/com~apple~CloudDocs/Dokumenty/Publikacje własne/Manuscripts/Quantum_interference/data/P1-Ti6A14V_t_zgrub.sur,1301.7558344915105,810.0000000000001,809.0,532.0,655289.9999999508,Titanium,Ti6A14V,hybrid,256,256,0.0,2,P1,P1-Ti6A14V_t_zgrub,area,Turning (roughing),t_zgrub,simple
703.5447653386211,2932.855047006961,3004.2986216553054,920.3482209266754,3378.02639502885,3551.4597919526173,7818.684848422342,35489.60649569244,70976.5955354702,0.05,0.05,-2229.31028166834,-2300.7538563166845,-2457.678174102174,-2631.111571025942,-27670.921647270097,-63157.91068704786,0.0,0.0,/Users/dawid/Library/Mobile Documents/com~apple~CloudDocs/Dokumenty/Publikacje własne/Manuscripts/Quantum_interference/data/P1-Ti6A14V_t_zgrub.sur,3533.3580379775267,810.0000000000001,809.0,532.0,655289.9999999508,Titanium,Ti6A14V,classical,256,256,0.0,3,P1,P1-Ti6A14V_t_zgrub,area,Turning (roughing),t_zgrub,simple
2715.7900379722823,2932.855047006961,3004.2986216553054,3158.382231762479,3378.02639502885,3551.4597919526173,33121.05291637499,35489.60649569244,70976.5955354702,0.05,0.05,-217.0650090346784,-288.508583683023,-219.6441632663709,-393.07756019013857,-2368.5535793174517,-37855.54261909521,0.0,0.0,/Users/dawid/Library/Mobile Documents/com~apple~CloudDocs/Dokumenty/Publikacje własne/Manuscripts/Quantum_interference/data/P1-Ti6A14V_t_zgrub.sur,716.1699789600306,810.0000000000001,809.0,532.0,655289.9999999508,Titanium,Ti6A14V,quantum_like,256,256,0.0,3,P1,P1-Ti6A14V_t_zgrub,area,Turning (roughing),t_zgrub,simple
1684.1381003472848,2932.855047006961,3004.2986216553054,1948.467292370408,3378.02639502885,3551.4597919526173,11333.121750966051,35489.60649569244,70976.5955354702,0.05,0.05,-1248.716946659676,-1320.1605213080206,-1429.5591026584418,-1602.9924995822096,-24156.48474472639,-59643.47378450415,0.0,0.0,/Users/dawid/Library/Mobile Documents/com~apple~CloudDocs/Dokumenty/Publikacje własne/Manuscripts/Quantum_interference/data/P1-Ti6A14V_t_zgrub.sur,1574.120467881013,810.0000000000001,809.0,532.0,655289.9999999508,Titanium,Ti6A14V,hybrid,256,256,0.0,3,P1,P1-Ti6A14V_t_zgrub,area,Turning (roughing),t_zgrub,simple
697.1405988235977,207.04189770573768,409.00644899786334,919.4910330053838,258.27993904413785,520.0834351728039,7736.84558252026,7062.439869683003,19334.36500722471,0.05,0.05,490.0987011178599,288.1341498257343,661.211093961246,399.4075978325799,674.4057128372567,-11597.51942470445,0.0,0.0,/Users/dawid/Library/Mobile Documents/com~apple~CloudDocs/Dokumenty/Publikacje własne/Manuscripts/Quantum_interference/data/P1-Ti6A14V_wedm_wyk.sur,969.3301090304219,810.0000000000001,809.0,532.0,655289.9999999508,Titanium,Ti6A14V,classical,256,256,0.0,0,P1,P1-Ti6A14V_wedm_wyk,area,Wire EDM (finishing),wedm_wyk,simple
625.6668037696302,207.04189770573768,409.00644899786334,784.1337714688382,258.27993904413785,520.0834351728039,9846.083943063513,7062.439869683003,19334.36500722471,0.05,0.05,418.62490606389247,216.66035477176686,525.8538324247004,264.0503362960343,2783.6440733805093,-9488.281064161198,0.0,0.0,/Users/dawid/Library/Mobile Documents/com~apple~CloudDocs/Dokumenty/Publikacje własne/Manuscripts/Quantum_interference/data/P1-Ti6A14V_wedm_wyk.sur,738.4857799890957,810.0000000000001,809.0,532.0,655289.9999999508,Titanium,Ti6A14V,quantum_like,256,256,0.0,0,P1,P1-Ti6A14V_wedm_wyk,area,Wire EDM (finishing),wedm_wyk,simple
218.21023431551856,207.04189770573768,409.00644899786334,269.1740420704939,258.27993904413785,520.0834351728039,1982.1304178633347,7062.439869683003,19334.36500722471,0.05,0.05,11.168336609780857,-190.79621468234478,10.894103026356087,-250.90939310230996,-5080.3094518196685,-17352.23458936138,0.0,0.0,/Users/dawid/Library/Mobile Documents/com~apple~CloudDocs/Dokumenty/Publikacje własne/Manuscripts/Quantum_interference/data/P1-Ti6A14V_wedm_wyk.sur,204.41655144867053,810.0000000000001,809.0,532.0,655289.9999999508,Titanium,Ti6A14V,hybrid,256,256,0.0,0,P1,P1-Ti6A14V_wedm_wyk,area,Wire EDM (finishing),wedm_wyk,simple
689.4371755935196,207.04189770573768,409.00644899786334,898.2726971562028,258.27993904413785,520.0834351728039,7110.94356431645,7062.439869683003,19334.36500722471,0.05,0.05,482.39527788778184,280.43072659565627,639.9927581120648,378.18926198339886,48.50369463344649,-12223.421442908259,0.0,0.0,/Users/dawid/Library/Mobile Documents/com~apple~CloudDocs/Dokumenty/Publikacje własne/Manuscripts/Quantum_interference/data/P1-Ti6A14V_wedm_wyk.sur,932.0758839606327,810.0000000000001,809.0,532.0,655289.9999999508,Titanium,Ti6A14V,classical,256,256,0.0,1,P1,P1-Ti6A14V_wedm_wyk,area,Wire EDM (finishing),wedm_wyk,simple
600.6759209223862,207.04189770573768,409.00644899786334,754.716201363547,258.27993904413785,520.0834351728039,9314.510132063499,7062.439869683003,19334.36500722471,0.05,0.05,393.6340232166486,191.66947192452298,496.4362623194092,234.63276619074315,2252.0702623804946,-10019.854875161212,0.0,0.0,/Users/dawid/Library/Mobile Documents/com~apple~CloudDocs/Dokumenty/Publikacje własne/Manuscripts/Quantum_interference/data/P1-Ti6A14V_wedm_wyk.sur,711.579593190148,810.0000000000001,809.0,532.0,655289.9999999508,Titanium,Ti6A14V,quantum_like,256,256,0.0,1,P1,P1-Ti6A14V_wedm_wyk,area,Wire EDM (finishing),wedm_wyk,simple
211.47487981273187,207.04189770573768,409.00644899786334,259.24886614538923,258.27993904413785,520.0834351728039,1827.8799362406492,7062.439869683003,19334.36500722471,0.05,0.05,4.432982106994169,-197.53156918513147,0.9689271012514202,-260.83456902741466,-5234.559933442354,-17506.48507098406,0.0,0.0,/Users/dawid/Library/Mobile Documents/com~apple~CloudDocs/Dokumenty/Publikacje własne/Manuscripts/Quantum_interference/data/P1-Ti6A14V_wedm_wyk.sur,202.8182643243677,810.0000000000001,809.0,532.0,655289.9999999508,Titanium,Ti6A14V,hybrid,256,256,0.0,1,P1,P1-Ti6A14V_wedm_wyk,area,Wire EDM (finishing),wedm_wyk,simple
677.1410066353848,207.04189770573768,409.00644899786334,885.3407080593695,258.27993904413785,520.0834351728039,7312.760917421962,7062.439869683003,19334.36500722471,0.05,0.05,470.09910892964706,268.1345576375214,627.0607690152317,365.2572728865656,250.32104773895892,-12021.604089802748,0.0,0.0,/Users/dawid/Library/Mobile Documents/com~apple~CloudDocs/Dokumenty/Publikacje własne/Manuscripts/Quantum_interference/data/P1-Ti6A14V_wedm_wyk.sur,931.0881573979576,810.0000000000001,809.0,532.0,655289.9999999508,Titanium,Ti6A14V,classical,256,256,0.0,2,P1,P1-Ti6A14V_wedm_wyk,area,Wire EDM (finishing),wedm_wyk,simple
547.3378629095093,207.04189770573768,409.00644899786334,687.0621996797912,258.27993904413785,520.0834351728039,9239.41706411578,7062.439869683003,19334.36500722471,0.05,0.05,340.2959652037716,138.331413911646,428.78226063565336,166.97876450698732,2176.977194432776,-10094.947943108931,0.0,0.0,/Users/dawid/Library/Mobile Documents/com~apple~CloudDocs/Dokumenty/Publikacje własne/Manuscripts/Quantum_interference/data/P1-Ti6A14V_wedm_wyk.sur,643.540932120499,810.0000000000001,809.0,532.0,655289.9999999508,Titanium,Ti6A14V,quantum_like,256,256,0.0,2,P1,P1-Ti6A14V_wedm_wyk,area,Wire EDM (finishing),wedm_wyk,simple
200.29672544677786,207.04189770573768,409.00644899786334,246.12228452383746,258.27993904413785,520.0834351728039,1793.9085468453459,7062.439869683003,19334.36500722471,0.05,0.05,-6.7451722589598235,-208.70972355108546,-12.157654520300348,-273.9611506489664,-5268.531322837657,-17540.456460379362,0.0,0.0,/Users/dawid/Library/Mobile Documents/com~apple~CloudDocs/Dokumenty/Publikacje własne/Manuscripts/Quantum_interference/data/P1-Ti6A14V_wedm_wyk.sur,195.3646073490474,810.0000000000001,809.0,532.0,655289.9999999508,Titanium,Ti6A14V,hybrid,256,256,0.0,2,P1,P1-Ti6A14V_wedm_wyk,area,Wire EDM (finishing),wedm_wyk,simple
700.2538320584728,207.04189770573768,409.00644899786334,910.1783887698624,258.27993904413785,520.0834351728039,7312.704795372251,7062.439869683003,19334.36500722471,0.05,0.05,493.2119343527351,291.2473830606095,651.8984497257245,390.09495359705846,250.26492568924817,-12021.660211852459,0.0,0.0,/Users/dawid/Library/Mobile Documents/com~apple~CloudDocs/Dokumenty/Publikacje własne/Manuscripts/Quantum_interference/data/P1-Ti6A14V_wedm_wyk.sur,961.8396954984405,810.0000000000001,809.0,532.0,655289.9999999508,Titanium,Ti6A14V,classical,256,256,0.0,3,P1,P1-Ti6A14V_wedm_wyk,area,Wire EDM (finishing),wedm_wyk,simple
616.0431147958734,207.04189770573768,409.00644899786334,773.6464863562535,258.27993904413785,520.0834351728039,9029.672520907714,7062.439869683003,19334.36500722471,0.05,0.05,409.00121709013575,207.03666579801012,515.3665473121157,253.56305118344966,1967.2326512247114,-10304.692486316995,0.0,0.0,/Users/dawid/Library/Mobile Documents/com~apple~CloudDocs/Dokumenty/Publikacje własne/Manuscripts/Quantum_interference/data/P1-Ti6A14V_wedm_wyk.sur,727.4471675032675,810.0000000000001,809.0,532.0,655289.9999999508,Titanium,Ti6A14V,quantum_like,256,256,0.0,3,P1,P1-Ti6A14V_wedm_wyk,area,Wire EDM (finishing),wedm_wyk,simple
218.63350441425078,207.04189770573768,409.00644899786334,269.031105981039,258.27993904413785,520.0834351728039,2229.066480266424,7062.439869683003,19334.36500722471,0.05,0.05,11.591606708513085,-190.37294458361254,10.75116693690114,-251.05232919176493,-4833.37338941658,-17105.298526958286,0.0,0.0,/Users/dawid/Library/Mobile Documents/com~apple~CloudDocs/Dokumenty/Publikacje własne/Manuscripts/Quantum_interference/data/P1-Ti6A14V_wedm_wyk.sur,203.27218701955528,810.0000000000001,809.0,532.0,655289.9999999508,Titanium,Ti6A14V,hybrid,256,256,0.0,3,P1,P1-Ti6A14V_wedm_wyk,area,Wire EDM (finishing),wedm_wyk,simple
683.4093066259476,3566.8007954163995,4401.629858763449,904.8518448245449,4516.990717477603,5552.950033863544,6779.200323059294,47676.136952479326,73584.54434948617,0.05,0.05,-2883.3914887904516,-3718.2205521375017,-3612.138872653057,-4648.098189038999,-40896.93662942004,-66805.34402642687,0.0,0.0,/Users/dawid/Library/Mobile Documents/com~apple~CloudDocs/Dokumenty/Publikacje własne/Manuscripts/Quantum_interference/data/P1-Ti6A14V_wedm_zgru_1prz.sur,4603.306471398946,810.0000000000001,809.0,532.0,655289.9999999508,Titanium,Ti6A14V,classical,256,256,0.0,0,P1,P1-Ti6A14V_wedm_zgru_1prz,area,Wire EDM (roughing),wedm_zgru_1prz,simple
3378.740597184161,3566.8007954163995,4401.629858763449,4280.50121511944,4516.990717477603,5552.950033863544,45144.094878551696,47676.136952479326,73584.54434948617,0.05,0.05,-188.06019823223883,-1022.8892615792887,-236.48950235816238,-1272.4488187441045,-2532.04207392763,-28440.449470934476,0.0,0.0,/Users/dawid/Library/Mobile Documents/com~apple~CloudDocs/Dokumenty/Publikacje własne/Manuscripts/Quantum_interference/data/P1-Ti6A14V_wedm_zgru_1prz.sur,727.8282032171203,810.0000000000001,809.0,532.0,655289.9999999508,Titanium,Ti6A14V,quantum_like,256,256,0.0,0,P1,P1-Ti6A14V_wedm_zgru_1prz,area,Wire EDM (roughing),wedm_zgru_1prz,simple
1588.9768906249258,3566.8007954163995,4401.629858763449,2011.1905861138712,4516.990717477603,5552.950033863544,19755.633844173226,47676.136952479326,73584.54434948617,0.05,0.05,-1977.8239047914738,-2812.6529681385236,-2505.800131363731,-3541.759447749673,-27920.5031083061,-53828.91050531295,0.0,0.0,/Users/dawid/Library/Mobile Documents/com~apple~CloudDocs/Dokumenty/Publikacje własne/Manuscripts/Quantum_interference/data/P1-Ti6A14V_wedm_zgru_1prz.sur,3320.129293854373,810.0000000000001,809.0,532.0,655289.9999999508,Titanium,Ti6A14V,hybrid,256,256,0.0,0,P1,P1-Ti6A14V_wedm_zgru_1prz,area,Wire EDM (roughing),wedm_zgru_1prz,simple
675.5758421947247,3566.8007954163995,4401.629858763449,896.0035002889789,4516.990717477603,5552.950033863544,7809.938588693565,47676.136952479326,73584.54434948617,0.05,0.05,-2891.224953221675,-3726.054016568725,-3620.9872171886236,-4656.946533574565,-39866.19836378576,-65774.6057607926,0.0,0.0,/Users/dawid/Library/Mobile Documents/com~apple~CloudDocs/Dokumenty/Publikacje własne/Manuscripts/Quantum_interference/data/P1-Ti6A14V_wedm_zgru_1prz.sur,4602.281517837214,810.0000000000001,809.0,532.0,655289.9999999508,Titanium,Ti6A14V,classical,256,256,0.0,1,P1,P1-Ti6A14V_wedm_zgru_1prz,area,Wire EDM (roughing),wedm_zgru_1prz,simple
3315.3577263730103,3566.8007954163995,4401.629858763449,4199.3036458884,4516.990717477603,5552.950033863544,43147.45778415216,47676.136952479326,73584.54434948617,0.05,0.05,-251.44306904338936,-1086.2721323904393,-317.6870715892026,-1353.6463879751448,-4528.67916832717,-30437.086565334015,0.0,0.0,/Users/dawid/Library/Mobile Documents/com~apple~CloudDocs/Dokumenty/Publikacje własne/Manuscripts/Quantum_interference/data/P1-Ti6A14V_wedm_zgru_1prz.sur,744.2764246731407,810.0000000000001,809.0,532.0,655289.9999999508,Titanium,Ti6A14V,quantum_like,256,256,0.0,1,P1,P1-Ti6A14V_wedm_zgru_1prz,area,Wire EDM (roughing),wedm_zgru_1prz,simple
1560.8368669613824,3566.8007954163995,4401.629858763449,1975.826752759322,4516.990717477603,5552.950033863544,19229.09064504865,47676.136952479326,73584.54434948617,0.05,0.05,-2005.9639284550171,-2840.792991802067,-2541.16396471828,-3577.1232811042223,-28447.046307430675,-54355.453704437525,0.0,0.0,/Users/dawid/Library/Mobile Documents/com~apple~CloudDocs/Dokumenty/Publikacje własne/Manuscripts/Quantum_interference/data/P1-Ti6A14V_wedm_zgru_1prz.sur,3334.2421721757078,810.0000000000001,809.0,532.0,655289.9999999508,Titanium,Ti6A14V,hybrid,256,256,0.0,1,P1,P1-Ti6A14V_wedm_zgru_1prz,area,Wire EDM (roughing),wedm_zgru_1prz,simple
676.8464230748236,3566.8007954163995,4401.629858763449,893.0423649888961,4516.990717477603,5552.950033863544,7817.249567819081,47676.136952479326,73584.54434948617,0.05,0.05,-2889.9543723415763,-3724.783435688626,-3623.948352488706,-4659.907668874648,-39858.887384660244,-65767.2947816671,0.0,0.0,/Users/dawid/Library/Mobile Documents/com~apple~CloudDocs/Dokumenty/Publikacje własne/Manuscripts/Quantum_interference/data/P1-Ti6A14V_wedm_zgru_1prz.sur,4603.337312481784,810.0000000000001,809.0,532.0,655289.9999999508,Titanium,Ti6A14V,classical,256,256,0.0,2,P1,P1-Ti6A14V_wedm_zgru_1prz,area,Wire EDM (roughing),wedm_zgru_1prz,simple
3546.289290228596,3566.8007954163995,4401.629858763449,4488.561907597289,4516.990717477603,5552.950033863544,47368.900967470756,47676.136952479326,73584.54434948617,0.05,0.05,-20.51150518780348,-855.3405685348533,-28.4288098803131,-1064.3881262662553,-307.2359850085684,-26215.643382015416,0.0,0.0,/Users/dawid/Library/Mobile Documents/com~apple~CloudDocs/Dokumenty/Publikacje własne/Manuscripts/Quantum_interference/data/P1-Ti6A14V_wedm_zgru_1prz.sur,666.0310156824665,810.0000000000001,809.0,532.0,655289.9999999508,Titanium,Ti6A14V,quantum_like,256,256,0.0,2,P1,P1-Ti6A14V_wedm_zgru_1prz,area,Wire EDM (roughing),wedm_zgru_1prz,simple
1670.3857528004223,3566.8007954163995,4401.629858763449,2114.859174996181,4516.990717477603,5552.950033863544,21092.072063591702,47676.136952479326,73584.54434948617,0.05,0.05,-1896.4150426159772,-2731.244105963027,-2402.131542481421,-3438.0908588673633,-26584.064888887628,-52492.47228589447,0.0,0.0,/Users/dawid/Library/Mobile Documents/com~apple~CloudDocs/Dokumenty/Publikacje własne/Manuscripts/Quantum_interference/data/P1-Ti6A14V_wedm_zgru_1prz.sur,3280.0171198666426,810.0000000000001,809.0,532.0,655289.9999999508,Titanium,Ti6A14V,hybrid,256,256,0.0,2,P1,P1-Ti6A14V_wedm_zgru_1prz,area,Wire EDM (roughing),wedm_zgru_1prz,simple
671.3373075231452,3566.8007954163995,4401.629858763449,887.0961383035589,4516.990717477603,5552.950033863544,6975.644888147666,47676.136952479326,73584.54434948617,0.05,0.05,-2895.4634878932548,-3730.2925512403044,-3629.8945791740434,-4665.853895559986,-40700.492064331665,-66608.89946133851,0.0,0.0,/Users/dawid/Library/Mobile Documents/com~apple~CloudDocs/Dokumenty/Publikacje własne/Manuscripts/Quantum_interference/data/P1-Ti6A14V_wedm_zgru_1prz.sur,4601.33444979707,810.0000000000001,809.0,532.0,655289.9999999508,Titanium,Ti6A14V,classical,256,256,0.0,3,P1,P1-Ti6A14V_wedm_zgru_1prz,area,Wire EDM (roughing),wedm_zgru_1prz,simple
3009.5012533674285,3566.8007954163995,4401.629858763449,3808.397567503422,4516.990717477603,5552.950033863544,39496.25220582242,47676.136952479326,73584.54434948617,0.05,0.05,-557.2995420489711,-1392.128605396021,-708.5931499741802,-1744.5524663601223,-8179.88474665691,-34088.292143663755,0.0,0.0,/Users/dawid/Library/Mobile Documents/com~apple~CloudDocs/Dokumenty/Publikacje własne/Manuscripts/Quantum_interference/data/P1-Ti6A14V_wedm_zgru_1prz.sur,970.9527105753591,810.0000000000001,809.0,532.0,655289.9999999508,Titanium,Ti6A14V,quantum_like,256,256,0.0,3,P1,P1-Ti6A14V_wedm_zgru_1prz,area,Wire EDM (roughing),wedm_zgru_1prz,simple
1414.3974906587373,3566.8007954163995,4401.629858763449,1789.848457821451,4516.990717477603,5552.950033863544,17366.730190377086,47676.136952479326,73584.54434948617,0.05,0.05,-2152.4033047576627,-2987.2323681047124,-2727.1422596561515,-3763.1015760420937,-30309.406762102244,-56217.81415910909,0.0,0.0,/Users/dawid/Library/Mobile Documents/com~apple~CloudDocs/Dokumenty/Publikacje własne/Manuscripts/Quantum_interference/data/P1-Ti6A14V_wedm_zgru_1prz.sur,3414.866894047826,810.0000000000001,809.0,532.0,655289.9999999508,Titanium,Ti6A14V,hybrid,256,256,0.0,3,P1,P1-Ti6A14V_wedm_zgru_1prz,area,Wire EDM (roughing),wedm_zgru_1prz,simple
446.4054494260538,301.41656181188597,313.44194181447756,570.3218347106864,434.7065418322733,820.2161239650844,5889.479289167107,8952.504640216148,41617.377154131675,0.05,0.05,144.98888761416782,132.96350761157626,135.61529287841316,-249.89428925439793,-3063.025351049042,-35727.897864964565,0.0,0.0,/Users/dawid/Library/Mobile Documents/com~apple~CloudDocs/Dokumenty/Publikacje własne/Manuscripts/Quantum_interference/data/Ti_oselkowane.sur,690.5775188431876,810.0000000000001,809.0,532.0,655289.9999999508,Titanium,Ti,classical,256,256,0.0,0,,Ti_oselkowane,area,Honed,oselkowane,simple
592.0911836005408,301.41656181188597,313.44194181447756,761.7352522403123,434.7065418322733,820.2161239650844,10323.308753620817,8952.504640216148,41617.377154131675,0.05,0.05,290.67462178865486,278.6492417860633,327.028710408039,-58.48087172477212,1370.804113404669,-31294.068400510856,0.0,0.0,/Users/dawid/Library/Mobile Documents/com~apple~CloudDocs/Dokumenty/Publikacje własne/Manuscripts/Quantum_interference/data/Ti_oselkowane.sur,643.252244608354,810.0000000000001,809.0,532.0,655289.9999999508,Titanium,Ti,quantum_like,256,256,0.0,0,,Ti_oselkowane,area,Honed,oselkowane,simple
289.9613675926303,301.41656181188597,313.44194181447756,375.3100174299684,434.7065418322733,820.2161239650844,4417.346795362883,8952.504640216148,41617.377154131675,0.05,0.05,-11.45519421925565,-23.480574221847206,-59.39652440230487,-444.90610653511595,-4535.1578448532655,-37200.030358768796,0.0,0.0,/Users/dawid/Library/Mobile Documents/com~apple~CloudDocs/Dokumenty/Publikacje własne/Manuscripts/Quantum_interference/data/Ti_oselkowane.sur,231.80798030074095,810.0000000000001,809.0,532.0,655289.9999999508,Titanium,Ti,hybrid,256,256,0.0,0,,Ti_oselkowane,area,Honed,oselkowane,simple
467.56609525475085,301.41656181188597,313.44194181447756,590.7195542755773,434.7065418322733,820.2161239650844,5892.88029324806,8952.504640216148,41617.377154131675,0.05,0.05,166.14953344286488,154.12415344027332,156.0130124433039,-229.4965696895072,-3059.624346968088,-35724.49686088361,0.0,0.0,/Users/dawid/Library/Mobile Documents/com~apple~CloudDocs/Dokumenty/Publikacje własne/Manuscripts/Quantum_interference/data/Ti_oselkowane.sur,695.5148471204732,810.0000000000001,809.0,532.0,655289.9999999508,Titanium,Ti,classical,256,256,0.0,1,,Ti_oselkowane,area,Honed,oselkowane,simple
670.8863188766334,301.41656181188597,313.44194181447756,861.9310203525943,434.7065418322733,820.2161239650844,11324.634861966584,8952.504640216148,41617.377154131675,0.05,0.05,369.4697570647474,357.44437706215587,427.22447852032093,41.71489638750984,2372.1302217504362,-30292.74229216509,0.0,0.0,/Users/dawid/Library/Mobile Documents/com~apple~CloudDocs/Dokumenty/Publikacje własne/Manuscripts/Quantum_interference/data/Ti_oselkowane.sur,735.4028140443842,810.0000000000001,809.0,532.0,655289.9999999508,Titanium,Ti,quantum_like,256,256,0.0,1,,Ti_oselkowane,area,Honed,oselkowane,simple
321.100027490148,301.41656181188597,313.44194181447756,416.0269652296743,434.7065418322733,820.2161239650844,4544.441004489627,8952.504640216148,41617.377154131675,0.05,0.05,19.683465678262053,7.658085675670498,-18.67957660259899,-404.1891587354101,-4408.063635726522,-37072.936149642046,0.0,0.0,/Users/dawid/Library/Mobile Documents/com~apple~CloudDocs/Dokumenty/Publikacje własne/Manuscripts/Quantum_interference/data/Ti_oselkowane.sur,236.64532250403064,810.0000000000001,809.0,532.0,655289.9999999508,Titanium,Ti,hybrid,256,256,0.0,1,,Ti_oselkowane,area,Honed,oselkowane,simple
459.37178199524317,301.41656181188597,313.44194181447756,584.1004836827818,434.7065418322733,820.2161239650844,6007.388553661236,8952.504640216148,41617.377154131675,0.05,0.05,157.95522018335723,145.92984018076567,149.39394185050853,-236.11564028230256,-2945.1160865549127,-35609.98860047044,0.0,0.0,/Users/dawid/Library/Mobile Documents/com~apple~CloudDocs/Dokumenty/Publikacje własne/Manuscripts/Quantum_interference/data/Ti_oselkowane.sur,679.0662934177187,810.0000000000001,809.0,532.0,655289.9999999508,Titanium,Ti,classical,256,256,0.0,2,,Ti_oselkowane,area,Honed,oselkowane,simple
606.6772953848902,301.41656181188597,313.44194181447756,782.4897792570945,434.7065418322733,820.2161239650844,10818.689523399526,8952.504640216148,41617.377154131675,0.05,0.05,305.2607335730042,293.2353535704126,347.7832374248212,-37.726344707989874,1866.184883183377,-30798.68763073215,0.0,0.0,/Users/dawid/Library/Mobile Documents/com~apple~CloudDocs/Dokumenty/Publikacje własne/Manuscripts/Quantum_interference/data/Ti_oselkowane.sur,657.1264415139293,810.0000000000001,809.0,532.0,655289.9999999508,Titanium,Ti,quantum_like,256,256,0.0,2,,Ti_oselkowane,area,Honed,oselkowane,simple
302.575956993908,301.41656181188597,313.44194181447756,390.9700528004241,434.7065418322733,820.2161239650844,4344.914643671832,8952.504640216148,41617.377154131675,0.05,0.05,1.1593951820220012,-10.865984820569555,-43.736489031849196,-429.2460711646603,-4607.589996544316,-37272.46251045984,0.0,0.0,/Users/dawid/Library/Mobile Documents/com~apple~CloudDocs/Dokumenty/Publikacje własne/Manuscripts/Quantum_interference/data/Ti_oselkowane.sur,231.82595668543811,810.0000000000001,809.0,532.0,655289.9999999508,Titanium,Ti,hybrid,256,256,0.0,2,,Ti_oselkowane,area,Honed,oselkowane,simple
537.1028289813529,301.41656181188597,313.44194181447756,660.9332183528081,434.7065418322733,820.2161239650844,5681.669104935711,8952.504640216148,41617.377154131675,0.05,0.05,235.6862671694669,223.66088716687537,226.22667652053477,-159.28290561227632,-3270.8355352804374,-35935.708049195964,0.0,0.0,/Users/dawid/Library/Mobile Documents/com~apple~CloudDocs/Dokumenty/Publikacje własne/Manuscripts/Quantum_interference/data/Ti_oselkowane.sur,766.5441053840324,810.0000000000001,809.0,532.0,655289.9999999508,Titanium,Ti,classical,256,256,0.0,3,,Ti_oselkowane,area,Honed,oselkowane,simple
626.8572137671883,301.41656181188597,313.44194181447756,803.8538997876168,434.7065418322733,820.2161239650844,10208.236620918391,8952.504640216148,41617.377154131675,0.05,0.05,325.44065195530237,313.4152719527108,369.14735795534347,-16.362224177467635,1255.731980702243,-31409.140533213285,0.0,0.0,/Users/dawid/Library/Mobile Documents/com~apple~CloudDocs/Dokumenty/Publikacje własne/Manuscripts/Quantum_interference/data/Ti_oselkowane.sur,691.0982780331123,810.0000000000001,809.0,532.0,655289.9999999508,Titanium,Ti,quantum_like,256,256,0.0,3,,Ti_oselkowane,area,Honed,oselkowane,simple
297.1684333700378,301.41656181188597,313.44194181447756,382.2202718867993,434.7065418322733,820.2161239650844,4741.929656741521,8952.504640216148,41617.377154131675,0.05,0.05,-4.248128441848159,-16.273508444439717,-52.486269945473985,-437.99585207828505,-4210.5749834746275,-36875.44749739015,0.0,0.0,/Users/dawid/Library/Mobile Documents/com~apple~CloudDocs/Dokumenty/Publikacje własne/Manuscripts/Quantum_interference/data/Ti_oselkowane.sur,236.45335508825085,810.0000000000001,809.0,532.0,655289.9999999508,Titanium,Ti,hybrid,256,256,0.0,3,,Ti_oselkowane,area,Honed,oselkowane,simple
677.0659351623984,352.99595449299903,362.86787323690766,877.7397961149641,437.7957437668097,450.1454615793234,7122.603128112004,2797.1289201102377,5483.871984749424,0.05,0.05,324.06998066939946,314.19806192549083,439.94405234815434,427.5943345356407,4325.474208001766,1638.7311433625794,0.0,0.0,/Users/dawid/Library/Mobile Documents/com~apple~CloudDocs/Dokumenty/Publikacje własne/Manuscripts/Quantum_interference/data/Ti_szkielkowane.sur,940.5258011803015,810.0000000000001,809.0,532.0,655289.9999999508,Titanium,Ti,classical,256,256,0.0,0,,Ti_szkielkowane,area,Glass bead blasted,szkielkowane,simple
642.9774768372589,352.99595449299903,362.86787323690766,803.5569211557046,437.7957437668097,450.1454615793234,6693.177960349738,2797.1289201102377,5483.871984749424,0.05,0.05,289.9815223442598,280.1096036003512,365.76117738889485,353.41145957638116,3896.0490402395,1209.305975600313,0.0,0.0,/Users/dawid/Library/Mobile Documents/com~apple~CloudDocs/Dokumenty/Publikacje własne/Manuscripts/Quantum_interference/data/Ti_szkielkowane.sur,692.3796616674931,810.0000000000001,809.0,532.0,655289.9999999508,Titanium,Ti,quantum_like,256,256,0.0,0,,Ti_szkielkowane,area,Glass bead blasted,szkielkowane,simple
324.29417507791703,352.99595449299903,362.86787323690766,402.75415731468104,437.7957437668097,450.1454615793234,2706.3709178814133,2797.1289201102377,5483.871984749424,0.05,0.05,-28.70177941508202,-38.57369815899065,-35.041586452128726,-47.39130426464239,-90.75800222882421,-2777.501066868011,0.0,0.0,/Users/dawid/Library/Mobile Documents/com~apple~CloudDocs/Dokumenty/Publikacje własne/Manuscripts/Quantum_interference/data/Ti_szkielkowane.sur,214.52720055032938,810.0000000000001,809.0,532.0,655289.9999999508,Titanium,Ti,hybrid,256,256,0.0,0,,Ti_szkielkowane,area,Glass bead blasted,szkielkowane,simple
650.4458559283921,352.99595449299903,362.86787323690766,857.7496575256215,437.7957437668097,450.1454615793234,7186.496049725197,2797.1289201102377,5483.871984749424,0.05,0.05,297.44990143539303,287.5779826914844,419.9539137588118,407.6041959462981,4389.367129614959,1702.6240649757722,0.0,0.0,/Users/dawid/Library/Mobile Documents/com~apple~CloudDocs/Dokumenty/Publikacje własne/Manuscripts/Quantum_interference/data/Ti_szkielkowane.sur,936.6584398177301,810.0000000000001,809.0,532.0,655289.9999999508,Titanium,Ti,classical,256,256,0.0,1,,Ti_szkielkowane,area,Glass bead blasted,szkielkowane,simple
725.9496181482083,352.99595449299903,362.86787323690766,907.6832868377932,437.7957437668097,450.1454615793234,7394.22173400398,2797.1289201102377,5483.871984749424,0.05,0.05,372.95366365520925,363.08174491130063,469.8875430709834,457.53782525846975,4597.0928138937425,1910.3497492545555,0.0,0.0,/Users/dawid/Library/Mobile Documents/com~apple~CloudDocs/Dokumenty/Publikacje własne/Manuscripts/Quantum_interference/data/Ti_szkielkowane.sur,775.5810375416241,810.0000000000001,809.0,532.0,655289.9999999508,Titanium,Ti,quantum_like,256,256,0.0,1,,Ti_szkielkowane,area,Glass bead blasted,szkielkowane,simple
372.5334923349498,352.99595449299903,362.86787323690766,464.14423397235026,437.7957437668097,450.1454615793234,3159.7646417657456,2797.1289201102377,5483.871984749424,0.05,0.05,19.537537841950737,9.665619098042102,26.348490205540536,13.998772393026872,362.6357216555078,-2324.107342983679,0.0,0.0,/Users/dawid/Library/Mobile Documents/com~apple~CloudDocs/Dokumenty/Publikacje własne/Manuscripts/Quantum_interference/data/Ti_szkielkowane.sur,223.0847488406578,810.0000000000001,809.0,532.0,655289.9999999508,Titanium,Ti,hybrid,256,256,0.0,1,,Ti_szkielkowane,area,Glass bead blasted,szkielkowane,simple
661.9069727522063,352.99595449299903,362.86787323690766,869.1293111684101,437.7957437668097,450.1454615793234,7128.427635406023,2797.1289201102377,5483.871984749424,0.05,0.05,308.91101825920737,299.0390995152987,431.3335674016004,418.98384958908673,4331.298715295786,1644.555650656599,0.0,0.0,/Users/dawid/Library/Mobile Documents/com~apple~CloudDocs/Dokumenty/Publikacje własne/Manuscripts/Quantum_interference/data/Ti_szkielkowane.sur,935.628743241687,810.0000000000001,809.0,532.0,655289.9999999508,Titanium,Ti,classical,256,256,0.0,2,,Ti_szkielkowane,area,Glass bead blasted,szkielkowane,simple
720.4921669004648,352.99595449299903,362.86787323690766,902.1438828451445,437.7957437668097,450.1454615793234,7171.640628415094,2797.1289201102377,5483.871984749424,0.05,0.05,367.4962124074658,357.6242936635571,464.3481390783348,451.99842126582115,4374.511708304856,1687.7686436656697,0.0,0.0,/Users/dawid/Library/Mobile Documents/com~apple~CloudDocs/Dokumenty/Publikacje własne/Manuscripts/Quantum_interference/data/Ti_szkielkowane.sur,775.555308514989,810.0000000000001,809.0,532.0,655289.9999999508,Titanium,Ti,quantum_like,256,256,0.0,2,,Ti_szkielkowane,area,Glass bead blasted,szkielkowane,simple
369.79452331979223,352.99595449299903,362.86787323690766,455.37833506615203,437.7957437668097,450.1454615793234,3192.1952091297057,2797.1289201102377,5483.871984749424,0.05,0.05,16.798568826793186,6.92665008288455,17.582591299342294,5.232873486828633,395.06628901946806,-2291.6767756197187,0.0,0.0,/Users/dawid/Library/Mobile Documents/com~apple~CloudDocs/Dokumenty/Publikacje własne/Manuscripts/Quantum_interference/data/Ti_szkielkowane.sur,221.61461138185675,810.0000000000001,809.0,532.0,655289.9999999508,Titanium,Ti,hybrid,256,256,0.0,2,,Ti_szkielkowane,area,Glass bead blasted,szkielkowane,simple
684.8166765867943,352.99595449299903,362.86787323690766,888.2962362245246,437.7957437668097,450.1454615793234,7206.615641040788,2797.1289201102377,5483.871984749424,0.05,0.05,331.8207220937952,321.9488033498866,450.5004924577148,438.1507746452011,4409.48672093055,1722.7436562913638,0.0,0.0,/Users/dawid/Library/Mobile Documents/com~apple~CloudDocs/Dokumenty/Publikacje własne/Manuscripts/Quantum_interference/data/Ti_szkielkowane.sur,938.5602938869429,810.0000000000001,809.0,532.0,655289.9999999508,Titanium,Ti,classical,256,256,0.0,3,,Ti_szkielkowane,area,Glass bead blasted,szkielkowane,simple
658.1674923599265,352.99595449299903,362.86787323690766,824.683965518632,437.7957437668097,450.1454615793234,6779.182808558033,2797.1289201102377,5483.871984749424,0.05,0.05,305.1715378669275,295.2996191230189,386.88822175182224,374.5385039393086,3982.053888447795,1295.3108238086083,0.0,0.0,/Users/dawid/Library/Mobile Documents/com~apple~CloudDocs/Dokumenty/Publikacje własne/Manuscripts/Quantum_interference/data/Ti_szkielkowane.sur,696.7523597466067,810.0000000000001,809.0,532.0,655289.9999999508,Titanium,Ti,quantum_like,256,256,0.0,3,,Ti_szkielkowane,area,Glass bead blasted,szkielkowane,simple
347.12154293076287,352.99595449299903,362.86787323690766,433.23885483400767,437.7957437668097,450.1454615793234,2920.5420982187975,2797.1289201102377,5483.871984749424,0.05,0.05,-5.87441156223617,-15.746330306144806,-4.556888932802097,-16.90660674531576,123.41317810855966,-2563.329886530627,0.0,0.0,/Users/dawid/Library/Mobile Documents/com~apple~CloudDocs/Dokumenty/Publikacje własne/Manuscripts/Quantum_interference/data/Ti_szkielkowane.sur,212.66059604248454,810.0000000000001,809.0,532.0,655289.9999999508,Titanium,Ti,hybrid,256,256,0.0,3,,Ti_szkielkowane,area,Glass bead blasted,szkielkowane,simple
678.5555565305597,260.9508386001499,269.0687259091993,894.0377600072139,320.8989163140508,332.064684239527,8572.336183037196,2168.8333199346725,3640.405667431295,0.05,0.05,417.60471793040983,409.48683062136035,573.1388436931633,561.973075767687,6403.5028631025225,4931.930515605901,0.0,0.0,/Users/dawid/Library/Mobile Documents/com~apple~CloudDocs/Dokumenty/Publikacje własne/Manuscripts/Quantum_interference/data/Ti_szlifowane.sur,905.7330077828746,810.0000000000001,809.0,532.0,655289.9999999508,Titanium,Ti,classical,256,256,0.0,0,,Ti_szlifowane,area,Grinding,szlifowane,simple
682.5710396289298,260.9508386001499,269.0687259091993,855.9596792611145,320.8989163140508,332.064684239527,7237.024340901476,2168.8333199346725,3640.405667431295,0.05,0.05,421.62020102877995,413.50231371973047,535.0607629470637,523.8949950215875,5068.191020966802,3596.61867347018,0.0,0.0,/Users/dawid/Library/Mobile Documents/com~apple~CloudDocs/Dokumenty/Publikacje własne/Manuscripts/Quantum_interference/data/Ti_szlifowane.sur,780.3489619581363,810.0000000000001,809.0,532.0,655289.9999999508,Titanium,Ti,quantum_like,256,256,0.0,0,,Ti_szlifowane,area,Grinding,szlifowane,simple
296.33906143453686,260.9508386001499,269.0687259091993,365.152262733109,320.8989163140508,332.064684239527,2529.0992151618116,2168.8333199346725,3640.405667431295,0.05,0.05,35.388222834386966,27.27033552533751,44.253346419058275,33.08757849358202,360.2658952271389,-1111.3064522694835,0.0,0.0,/Users/dawid/Library/Mobile Documents/com~apple~CloudDocs/Dokumenty/Publikacje własne/Manuscripts/Quantum_interference/data/Ti_szlifowane.sur,186.61636303974973,810.0000000000001,809.0,532.0,655289.9999999508,Titanium,Ti,hybrid,256,256,0.0,0,,Ti_szlifowane,area,Grinding,szlifowane,simple
684.9272450942128,260.9508386001499,269.0687259091993,899.665260502381,320.8989163140508,332.064684239527,7815.044335548872,2168.8333199346725,3640.405667431295,0.05,0.05,423.97640649406287,415.85851918501345,578.7663441883302,567.6005762628539,5646.2110156142,4174.638668117577,0.0,0.0,/Users/dawid/Library/Mobile Documents/com~apple~CloudDocs/Dokumenty/Publikacje własne/Manuscripts/Quantum_interference/data/Ti_szlifowane.sur,918.1228088926797,810.0000000000001,809.0,532.0,655289.9999999508,Titanium,Ti,classical,256,256,0.0,1,,Ti_szlifowane,area,Grinding,szlifowane,simple
594.1362196637589,260.9508386001499,269.0687259091993,744.3187571182344,320.8989163140508,332.064684239527,6412.295174530529,2168.8333199346725,3640.405667431295,0.05,0.05,333.185381063609,325.06749375455956,423.4198408041837,412.2540728787074,4243.4618545958565,2771.889507099234,0.0,0.0,/Users/dawid/Library/Mobile Documents/com~apple~CloudDocs/Dokumenty/Publikacje własne/Manuscripts/Quantum_interference/data/Ti_szlifowane.sur,676.5454198627823,810.0000000000001,809.0,532.0,655289.9999999508,Titanium,Ti,quantum_like,256,256,0.0,1,,Ti_szlifowane,area,Grinding,szlifowane,simple
262.30286602446955,260.9508386001499,269.0687259091993,322.8763446490781,320.8989163140508,332.064684239527,2191.9670160730243,2168.8333199346725,3640.405667431295,0.05,0.05,1.3520274243196624,-6.7658598847297915,1.9774283350273214,-9.188339590448935,23.133696138351485,-1448.4386513582708,0.0,0.0,/Users/dawid/Library/Mobile Documents/com~apple~CloudDocs/Dokumenty/Publikacje własne/Manuscripts/Quantum_interference/data/Ti_szlifowane.sur,174.74378879199156,810.0000000000001,809.0,532.0,655289.9999999508,Titanium,Ti,hybrid,256,256,0.0,1,,Ti_szlifowane,area,Grinding,szlifowane,simple
695.86899517018,260.9508386001499,269.0687259091993,909.7774478085378,320.8989163140508,332.064684239527,7713.815655461984,2168.8333199346725,3640.405667431295,0.05,0.05,434.9181565700301,426.80026926098066,588.878531494487,577.7127635690107,5544.982335527311,4073.409988030689,0.0,0.0,/Users/dawid/Library/Mobile Documents/com~apple~CloudDocs/Dokumenty/Publikacje własne/Manuscripts/Quantum_interference/data/Ti_szlifowane.sur,931.7289601045886,810.0000000000001,809.0,532.0,655289.9999999508,Titanium,Ti,classical,256,256,0.0,2,,Ti_szlifowane,area,Grinding,szlifowane,simple
587.1083835374665,260.9508386001499,269.0687259091993,735.520194137536,320.8989163140508,332.064684239527,6185.041438825482,2168.8333199346725,3640.405667431295,0.05,0.05,326.1575449373165,318.0396576282671,414.62127782348523,403.455509898009,4016.20811889081,2544.6357713941875,0.0,0.0,/Users/dawid/Library/Mobile Documents/com~apple~CloudDocs/Dokumenty/Publikacje własne/Manuscripts/Quantum_interference/data/Ti_szlifowane.sur,669.8040300179523,810.0000000000001,809.0,532.0,655289.9999999508,Titanium,Ti,quantum_like,256,256,0.0,2,,Ti_szlifowane,area,Grinding,szlifowane,simple
255.55694258544574,260.9508386001499,269.0687259091993,316.59953772744683,320.8989163140508,332.064684239527,2213.6468569137005,2168.8333199346725,3640.405667431295,0.05,0.05,-5.393896014704143,-13.511783323753598,-4.299378586603905,-15.46514651208016,44.81353697902774,-1426.7588105175946,0.0,0.0,/Users/dawid/Library/Mobile Documents/com~apple~CloudDocs/Dokumenty/Publikacje własne/Manuscripts/Quantum_interference/data/Ti_szlifowane.sur,172.86603823886614,810.0000000000001,809.0,532.0,655289.9999999508,Titanium,Ti,hybrid,256,256,0.0,2,,Ti_szlifowane,area,Grinding,szlifowane,simple
680.4680727318345,260.9508386001499,269.0687259091993,894.9720354326761,320.8989163140508,332.064684239527,8769.788301567834,2168.8333199346725,3640.405667431295,0.05,0.05,419.5172341316846,411.3993468226351,574.0731191186253,562.9073511931491,6600.954981633162,5129.38263413654,0.0,0.0,/Users/dawid/Library/Mobile Documents/com~apple~CloudDocs/Dokumenty/Publikacje własne/Manuscripts/Quantum_interference/data/Ti_szlifowane.sur,908.8019898888189,810.0000000000001,809.0,532.0,655289.9999999508,Titanium,Ti,classical,256,256,0.0,3,,Ti_szlifowane,area,Grinding,szlifowane,simple
623.8017951362574,260.9508386001499,269.0687259091993,782.4252131963666,320.8989163140508,332.064684239527,6778.960026081675,2168.8333199346725,3640.405667431295,0.05,0.05,362.85095653610756,354.7330692270581,461.5262968823158,450.3605289568396,4610.126706147003,3138.5543586503804,0.0,0.0,/Users/dawid/Library/Mobile Documents/com~apple~CloudDocs/Dokumenty/Publikacje własne/Manuscripts/Quantum_interference/data/Ti_szlifowane.sur,713.3741745123039,810.0000000000001,809.0,532.0,655289.9999999508,Titanium,Ti,quantum_like,256,256,0.0,3,,Ti_szlifowane,area,Grinding,szlifowane,simple
270.09974611701824,260.9508386001499,269.0687259091993,334.8086128885393,320.8989163140508,332.064684239527,2432.3277968426955,2168.8333199346725,3640.405667431295,0.05,0.05,9.14890751686835,1.031020207818896,13.909696574488562,2.743928649012306,263.4944769080231,-1208.0778705885994,0.0,0.0,/Users/dawid/Library/Mobile Documents/com~apple~CloudDocs/Dokumenty/Publikacje własne/Manuscripts/Quantum_interference/data/Ti_szlifowane.sur,178.47282190345888,810.0000000000001,809.0,532.0,655289.9999999508,Titanium,Ti,hybrid,256,256,0.0,3,,Ti_szlifowane,area,Grinding,szlifowane,simple
